engine,dataset_size,repetition,workload,query_rank,latency_ms,recall10,returned_count,candidate_count,execution_path
pg-diskann,250000,1,w1,550,9.387709,1.0,10,,diskann
pg-diskann,250000,1,w1,729,10.066625,1.0,10,,diskann
pg-diskann,250000,1,w1,743,8.8765,1.0,10,,diskann
pg-diskann,250000,1,w1,274,11.999875,1.0,10,,diskann
pg-diskann,250000,1,w1,570,8.836416,1.0,10,,diskann
pg-diskann,250000,1,w1,245,7.85475,1.0,10,,diskann
pg-diskann,250000,1,w1,293,8.268458,1.0,10,,diskann
pg-diskann,250000,1,w1,666,12.279125,1.0,10,,diskann
pg-diskann,250000,1,w1,665,8.319458,1.0,10,,diskann
pg-diskann,250000,1,w1,945,10.921958,0.7,10,,diskann
pg-diskann,250000,1,w1,495,7.567333,1.0,10,,diskann
pg-diskann,250000,1,w1,394,9.654334,0.8,10,,diskann
pg-diskann,250000,1,w1,243,7.541167,1.0,10,,diskann
pg-diskann,250000,1,w1,255,7.658584,0.8,10,,diskann
pg-diskann,250000,1,w1,726,8.983042,1.0,10,,diskann
pg-diskann,250000,1,w1,189,7.0545,1.0,10,,diskann
pg-diskann,250000,1,w1,151,9.539667,1.0,10,,diskann
pg-diskann,250000,1,w1,192,8.741125,1.0,10,,diskann
pg-diskann,250000,1,w1,161,7.161792,1.0,10,,diskann
pg-diskann,250000,1,w1,833,7.038416,0.5,10,,diskann
pg-diskann,250000,1,w1,673,7.889375,1.0,10,,diskann
pg-diskann,250000,1,w1,507,7.537791,1.0,10,,diskann
pg-diskann,250000,1,w1,129,10.727958,1.0,10,,diskann
pg-diskann,250000,1,w1,238,7.49075,0.9,10,,diskann
pg-diskann,250000,1,w1,260,9.264708,1.0,10,,diskann
pg-diskann,250000,1,w1,212,8.523334,1.0,10,,diskann
pg-diskann,250000,1,w1,208,7.850917,1.0,10,,diskann
pg-diskann,250000,1,w1,536,8.212,1.0,10,,diskann
pg-diskann,250000,1,w1,508,6.70725,1.0,10,,diskann
pg-diskann,250000,1,w1,138,8.299583,1.0,10,,diskann
pg-diskann,250000,1,w1,442,8.174125,1.0,10,,diskann
pg-diskann,250000,1,w1,359,8.02025,1.0,10,,diskann
pg-diskann,250000,1,w1,955,8.430416,1.0,10,,diskann
pg-diskann,250000,1,w1,494,8.834209,1.0,10,,diskann
pg-diskann,250000,1,w1,763,8.381084,1.0,10,,diskann
pg-diskann,250000,1,w1,520,7.484125,1.0,10,,diskann
pg-diskann,250000,1,w1,418,8.525042,1.0,10,,diskann
pg-diskann,250000,1,w1,661,8.276,1.0,10,,diskann
pg-diskann,250000,1,w1,229,8.024084,1.0,10,,diskann
pg-diskann,250000,1,w1,231,8.042666,1.0,10,,diskann
pg-diskann,250000,1,w1,195,7.390958,1.0,10,,diskann
pg-diskann,250000,1,w1,896,11.935375,1.0,10,,diskann
pg-diskann,250000,1,w1,391,9.426666,0.9,10,,diskann
pg-diskann,250000,1,w1,113,6.567542,1.0,10,,diskann
pg-diskann,250000,1,w1,276,9.848417,1.0,10,,diskann
pg-diskann,250000,1,w1,935,8.392875,1.0,10,,diskann
pg-diskann,250000,1,w1,701,11.91225,1.0,10,,diskann
pg-diskann,250000,1,w1,723,7.909708,1.0,10,,diskann
pg-diskann,250000,1,w1,683,7.977958,1.0,10,,diskann
pg-diskann,250000,1,w1,560,11.63625,1.0,10,,diskann
pg-diskann,250000,1,w1,700,7.685542,1.0,10,,diskann
pg-diskann,250000,1,w1,716,6.575583,1.0,10,,diskann
pg-diskann,250000,1,w1,912,7.9525,1.0,10,,diskann
pg-diskann,250000,1,w1,258,7.836292,0.9,10,,diskann
pg-diskann,250000,1,w1,173,7.9795,1.0,10,,diskann
pg-diskann,250000,1,w1,638,8.116417,1.0,10,,diskann
pg-diskann,250000,1,w1,335,9.757,1.0,10,,diskann
pg-diskann,250000,1,w1,503,7.703625,0.9,10,,diskann
pg-diskann,250000,1,w1,813,8.63875,1.0,10,,diskann
pg-diskann,250000,1,w1,406,8.468667,1.0,10,,diskann
pg-diskann,250000,1,w1,242,7.777708,1.0,10,,diskann
pg-diskann,250000,1,w1,137,9.985583,1.0,10,,diskann
pg-diskann,250000,1,w1,446,7.554875,1.0,10,,diskann
pg-diskann,250000,1,w1,947,6.89975,1.0,10,,diskann
pg-diskann,250000,1,w1,506,9.5655,1.0,10,,diskann
pg-diskann,250000,1,w1,228,5.894583,1.0,10,,diskann
pg-diskann,250000,1,w1,342,9.535625,1.0,10,,diskann
pg-diskann,250000,1,w1,939,8.218958,1.0,10,,diskann
pg-diskann,250000,1,w1,705,5.70525,0.8,10,,diskann
pg-diskann,250000,1,w1,651,7.149541,1.0,10,,diskann
pg-diskann,250000,1,w1,944,7.880292,0.9,10,,diskann
pg-diskann,250000,1,w1,745,9.20625,1.0,10,,diskann
pg-diskann,250000,1,w1,422,8.249291,1.0,10,,diskann
pg-diskann,250000,1,w1,443,8.114791,1.0,10,,diskann
pg-diskann,250000,1,w1,923,8.571292,0.9,10,,diskann
pg-diskann,250000,1,w1,322,8.197166,1.0,10,,diskann
pg-diskann,250000,1,w1,569,5.567417,1.0,10,,diskann
pg-diskann,250000,1,w1,878,7.141458,1.0,10,,diskann
pg-diskann,250000,1,w1,882,8.563,1.0,10,,diskann
pg-diskann,250000,1,w1,437,8.230875,1.0,10,,diskann
pg-diskann,250000,1,w1,510,7.778958,0.7,10,,diskann
pg-diskann,250000,1,w1,801,8.173416,1.0,10,,diskann
pg-diskann,250000,1,w1,136,8.026708,1.0,10,,diskann
pg-diskann,250000,1,w1,622,8.43725,1.0,10,,diskann
pg-diskann,250000,1,w1,249,11.0895,1.0,10,,diskann
pg-diskann,250000,1,w1,275,5.921208,1.0,10,,diskann
pg-diskann,250000,1,w1,626,8.182375,1.0,10,,diskann
pg-diskann,250000,1,w1,447,7.746458,1.0,10,,diskann
pg-diskann,250000,1,w1,856,9.375042,0.9,10,,diskann
pg-diskann,250000,1,w1,286,8.175583,1.0,10,,diskann
pg-diskann,250000,1,w1,690,9.705875,0.9,10,,diskann
pg-diskann,250000,1,w1,792,8.943875,1.0,10,,diskann
pg-diskann,250000,1,w1,843,5.586042,1.0,10,,diskann
pg-diskann,250000,1,w1,200,8.707291,1.0,10,,diskann
pg-diskann,250000,1,w1,426,8.210375,1.0,10,,diskann
pg-diskann,250000,1,w1,388,5.9125,1.0,10,,diskann
pg-diskann,250000,1,w1,684,6.965125,1.0,10,,diskann
pg-diskann,250000,1,w1,533,6.857083,1.0,10,,diskann
pg-diskann,250000,1,w1,710,8.509042,1.0,10,,diskann
pg-diskann,250000,1,w1,656,9.524459,1.0,10,,diskann
pg-diskann,250000,1,w1,688,12.917084,1.0,10,,diskann
pg-diskann,250000,1,w1,675,7.485,1.0,10,,diskann
pg-diskann,250000,1,w1,262,9.199375,1.0,10,,diskann
pg-diskann,250000,1,w1,523,6.878125,1.0,10,,diskann
pg-diskann,250000,1,w1,473,8.914666,1.0,10,,diskann
pg-diskann,250000,1,w1,361,8.274625,1.0,10,,diskann
pg-diskann,250000,1,w1,610,9.963125,1.0,10,,diskann
pg-diskann,250000,1,w1,490,9.933916,1.0,10,,diskann
pg-diskann,250000,1,w1,572,7.888834,1.0,10,,diskann
pg-diskann,250000,1,w1,221,8.155209,1.0,10,,diskann
pg-diskann,250000,1,w1,185,6.637167,1.0,10,,diskann
pg-diskann,250000,1,w1,706,9.579334,1.0,10,,diskann
pg-diskann,250000,1,w1,128,8.659917,1.0,10,,diskann
pg-diskann,250000,1,w1,501,7.57725,1.0,10,,diskann
pg-diskann,250000,1,w1,320,5.773208,1.0,10,,diskann
pg-diskann,250000,1,w1,619,8.2865,1.0,10,,diskann
pg-diskann,250000,1,w1,223,9.385792,0.9,10,,diskann
pg-diskann,250000,1,w1,288,7.418792,1.0,10,,diskann
pg-diskann,250000,1,w1,966,10.633916,0.9,10,,diskann
pg-diskann,250000,1,w1,117,5.679125,1.0,10,,diskann
pg-diskann,250000,1,w1,540,9.1955,0.9,10,,diskann
pg-diskann,250000,1,w1,795,8.438708,1.0,10,,diskann
pg-diskann,250000,1,w1,370,10.077166,0.7,10,,diskann
pg-diskann,250000,1,w1,435,7.940667,1.0,10,,diskann
pg-diskann,250000,1,w1,733,7.79775,1.0,10,,diskann
pg-diskann,250000,1,w1,973,7.260708,1.0,10,,diskann
pg-diskann,250000,1,w1,111,8.2575,1.0,10,,diskann
pg-diskann,250000,1,w1,197,6.127,1.0,10,,diskann
pg-diskann,250000,1,w1,668,7.060209,1.0,10,,diskann
pg-diskann,250000,1,w1,334,9.654875,1.0,10,,diskann
pg-diskann,250000,1,w1,367,8.836459,1.0,10,,diskann
pg-diskann,250000,1,w1,551,10.0825,1.0,10,,diskann
pg-diskann,250000,1,w1,937,7.941834,0.9,10,,diskann
pg-diskann,250000,1,w1,135,8.913375,1.0,10,,diskann
pg-diskann,250000,1,w1,398,8.827333,0.9,10,,diskann
pg-diskann,250000,1,w1,873,7.627375,1.0,10,,diskann
pg-diskann,250000,1,w1,235,8.096792,1.0,10,,diskann
pg-diskann,250000,1,w1,990,8.474792,1.0,10,,diskann
pg-diskann,250000,1,w1,608,6.474917,1.0,10,,diskann
pg-diskann,250000,1,w1,725,7.793209,1.0,10,,diskann
pg-diskann,250000,1,w1,783,9.885875,0.9,10,,diskann
pg-diskann,250000,1,w1,323,7.469666,1.0,10,,diskann
pg-diskann,250000,1,w1,500,6.52775,1.0,10,,diskann
pg-diskann,250000,1,w1,989,6.143167,1.0,10,,diskann
pg-diskann,250000,1,w1,557,7.446958,1.0,10,,diskann
pg-diskann,250000,1,w1,375,7.472833,1.0,10,,diskann
pg-diskann,250000,1,w1,616,6.52475,1.0,10,,diskann
pg-diskann,250000,1,w1,848,5.796541,1.0,10,,diskann
pg-diskann,250000,1,w1,383,6.571125,1.0,10,,diskann
pg-diskann,250000,1,w1,629,9.012583,0.6,10,,diskann
pg-diskann,250000,1,w1,147,7.592541,1.0,10,,diskann
pg-diskann,250000,1,w1,420,7.204542,1.0,10,,diskann
pg-diskann,250000,1,w1,267,7.742916,1.0,10,,diskann
pg-diskann,250000,1,w1,826,8.18025,1.0,10,,diskann
pg-diskann,250000,1,w1,301,7.1195,1.0,10,,diskann
pg-diskann,250000,1,w1,975,6.195666,1.0,10,,diskann
pg-diskann,250000,1,w1,962,8.57625,0.9,10,,diskann
pg-diskann,250000,1,w1,754,7.21125,1.0,10,,diskann
pg-diskann,250000,1,w1,865,8.271584,0.8,10,,diskann
pg-diskann,250000,1,w1,931,7.4235,1.0,10,,diskann
pg-diskann,250000,1,w1,963,6.637542,1.0,10,,diskann
pg-diskann,250000,1,w1,300,9.239084,1.0,10,,diskann
pg-diskann,250000,1,w1,907,8.790917,1.0,10,,diskann
pg-diskann,250000,1,w1,992,10.439375,1.0,10,,diskann
pg-diskann,250000,1,w1,162,5.101208,1.0,10,,diskann
pg-diskann,250000,1,w1,946,7.472708,0.9,10,,diskann
pg-diskann,250000,1,w1,836,9.037667,1.0,10,,diskann
pg-diskann,250000,1,w1,997,7.165375,1.0,10,,diskann
pg-diskann,250000,1,w1,482,8.210792,1.0,10,,diskann
pg-diskann,250000,1,w1,806,8.49525,1.0,10,,diskann
pg-diskann,250000,1,w1,621,6.510834,1.0,10,,diskann
pg-diskann,250000,1,w1,662,7.956625,1.0,10,,diskann
pg-diskann,250000,1,w1,146,5.550709,1.0,10,,diskann
pg-diskann,250000,1,w1,718,8.510625,1.0,10,,diskann
pg-diskann,250000,1,w1,266,7.780375,1.0,10,,diskann
pg-diskann,250000,1,w1,789,9.603625,0.9,10,,diskann
pg-diskann,250000,1,w1,976,8.830125,0.8,10,,diskann
pg-diskann,250000,1,w1,901,10.268041,0.9,10,,diskann
pg-diskann,250000,1,w1,561,6.42025,1.0,10,,diskann
pg-diskann,250000,1,w1,578,8.964791,1.0,10,,diskann
pg-diskann,250000,1,w1,479,7.685458,1.0,10,,diskann
pg-diskann,250000,1,w1,982,8.859125,1.0,10,,diskann
pg-diskann,250000,1,w1,886,8.085916,1.0,10,,diskann
pg-diskann,250000,1,w1,108,7.882667,1.0,10,,diskann
pg-diskann,250000,1,w1,703,8.091084,1.0,10,,diskann
pg-diskann,250000,1,w1,887,8.312709,1.0,10,,diskann
pg-diskann,250000,1,w1,343,8.866583,0.9,10,,diskann
pg-diskann,250000,1,w1,627,9.773709,1.0,10,,diskann
pg-diskann,250000,1,w1,925,13.456167,0.9,10,,diskann
pg-diskann,250000,1,w1,478,9.851291,1.0,10,,diskann
pg-diskann,250000,1,w1,513,9.051917,1.0,10,,diskann
pg-diskann,250000,1,w1,107,5.650083,1.0,10,,diskann
pg-diskann,250000,1,w1,205,9.798583,1.0,10,,diskann
pg-diskann,250000,1,w1,462,6.942583,1.0,10,,diskann
pg-diskann,250000,1,w1,419,8.77025,0.9,10,,diskann
pg-diskann,250000,1,w1,461,10.451625,1.0,10,,diskann
pg-diskann,250000,1,w1,812,7.974125,1.0,10,,diskann
pg-diskann,250000,1,w1,904,11.724458,0.9,10,,diskann
pg-diskann,250000,1,w1,193,9.20625,1.0,10,,diskann
pg-diskann,250000,1,w1,468,6.6885,1.0,10,,diskann
pg-diskann,250000,1,w1,810,7.372708,1.0,10,,diskann
pg-diskann,250000,1,w1,837,6.088334,1.0,10,,diskann
pg-diskann,250000,1,w1,682,8.021042,1.0,10,,diskann
pg-diskann,250000,1,w1,854,8.822375,0.8,10,,diskann
pg-diskann,250000,1,w1,360,8.142792,1.0,10,,diskann
pg-diskann,250000,1,w1,785,8.827584,0.7,10,,diskann
pg-diskann,250000,1,w1,336,7.155583,1.0,10,,diskann
pg-diskann,250000,1,w1,429,8.069875,0.9,10,,diskann
pg-diskann,250000,1,w1,204,5.139292,1.0,10,,diskann
pg-diskann,250000,1,w1,400,7.447416,1.0,10,,diskann
pg-diskann,250000,1,w1,575,6.850666,0.9,10,,diskann
pg-diskann,250000,1,w1,549,8.1915,0.9,10,,diskann
pg-diskann,250000,1,w1,346,7.396084,1.0,10,,diskann
pg-diskann,250000,1,w1,565,9.139083,0.9,10,,diskann
pg-diskann,250000,1,w1,915,7.63675,1.0,10,,diskann
pg-diskann,250000,1,w1,952,7.309459,1.0,10,,diskann
pg-diskann,250000,1,w1,345,8.468416,1.0,10,,diskann
pg-diskann,250000,1,w1,505,8.138666,1.0,10,,diskann
pg-diskann,250000,1,w1,213,7.736667,1.0,10,,diskann
pg-diskann,250000,1,w1,456,8.333459,1.0,10,,diskann
pg-diskann,250000,1,w1,773,9.18375,1.0,10,,diskann
pg-diskann,250000,1,w1,919,8.322875,1.0,10,,diskann
pg-diskann,250000,1,w1,166,9.127,1.0,10,,diskann
pg-diskann,250000,1,w1,553,8.881042,1.0,10,,diskann
pg-diskann,250000,1,w1,712,9.365084,1.0,10,,diskann
pg-diskann,250000,1,w1,765,6.689917,1.0,10,,diskann
pg-diskann,250000,1,w1,842,6.567167,1.0,10,,diskann
pg-diskann,250000,1,w1,697,6.66875,1.0,10,,diskann
pg-diskann,250000,1,w1,309,6.002125,1.0,10,,diskann
pg-diskann,250000,1,w1,597,7.932292,1.0,10,,diskann
pg-diskann,250000,1,w1,160,7.343375,1.0,10,,diskann
pg-diskann,250000,1,w1,604,6.13525,1.0,10,,diskann
pg-diskann,250000,1,w1,489,8.674833,1.0,10,,diskann
pg-diskann,250000,1,w1,149,6.390875,0.9,10,,diskann
pg-diskann,250000,1,w1,738,10.096291,0.9,10,,diskann
pg-diskann,250000,1,w1,246,11.338167,1.0,10,,diskann
pg-diskann,250000,1,w1,847,6.956833,1.0,10,,diskann
pg-diskann,250000,1,w1,617,9.692083,1.0,10,,diskann
pg-diskann,250000,1,w1,296,7.076083,1.0,10,,diskann
pg-diskann,250000,1,w1,529,7.431583,1.0,10,,diskann
pg-diskann,250000,1,w1,926,9.322208,1.0,10,,diskann
pg-diskann,250000,1,w1,169,6.196833,1.0,10,,diskann
pg-diskann,250000,1,w1,365,6.579875,1.0,10,,diskann
pg-diskann,250000,1,w1,198,8.999,1.0,10,,diskann
pg-diskann,250000,1,w1,247,6.857709,0.7,10,,diskann
pg-diskann,250000,1,w1,451,8.450333,0.8,10,,diskann
pg-diskann,250000,1,w1,502,8.143667,1.0,10,,diskann
pg-diskann,250000,1,w1,299,8.414542,1.0,10,,diskann
pg-diskann,250000,1,w1,820,10.547708,1.0,10,,diskann
pg-diskann,250000,1,w1,271,9.485459,1.0,10,,diskann
pg-diskann,250000,1,w1,933,7.6425,1.0,10,,diskann
pg-diskann,250000,1,w1,713,6.834209,1.0,10,,diskann
pg-diskann,250000,1,w1,739,6.136625,1.0,10,,diskann
pg-diskann,250000,1,w1,127,7.874709,1.0,10,,diskann
pg-diskann,250000,1,w1,958,9.310792,1.0,10,,diskann
pg-diskann,250000,1,w1,804,7.859375,0.9,10,,diskann
pg-diskann,250000,1,w1,698,7.516209,1.0,10,,diskann
pg-diskann,250000,1,w1,414,12.06375,1.0,10,,diskann
pg-diskann,250000,1,w1,463,6.462459,1.0,10,,diskann
pg-diskann,250000,1,w1,148,10.303375,1.0,10,,diskann
pg-diskann,250000,1,w1,145,8.040042,1.0,10,,diskann
pg-diskann,250000,1,w1,236,9.26175,1.0,10,,diskann
pg-diskann,250000,1,w1,943,8.483417,1.0,10,,diskann
pg-diskann,250000,1,w1,268,7.322917,1.0,10,,diskann
pg-diskann,250000,1,w1,970,7.606416,1.0,10,,diskann
pg-diskann,250000,1,w1,775,10.607833,1.0,10,,diskann
pg-diskann,250000,1,w1,780,7.66,1.0,10,,diskann
pg-diskann,250000,1,w1,281,7.009125,0.9,10,,diskann
pg-diskann,250000,1,w1,883,7.149125,1.0,10,,diskann
pg-diskann,250000,1,w1,797,9.134291,0.9,10,,diskann
pg-diskann,250000,1,w1,373,7.822458,1.0,10,,diskann
pg-diskann,250000,1,w1,311,7.750458,1.0,10,,diskann
pg-diskann,250000,1,w1,114,10.0995,1.0,10,,diskann
pg-diskann,250000,1,w1,190,8.785333,1.0,10,,diskann
pg-diskann,250000,1,w1,781,6.320459,1.0,10,,diskann
pg-diskann,250000,1,w1,450,8.802917,1.0,10,,diskann
pg-diskann,250000,1,w1,123,10.199583,1.0,10,,diskann
pg-diskann,250000,1,w1,465,8.596375,1.0,10,,diskann
pg-diskann,250000,1,w1,840,7.510042,1.0,10,,diskann
pg-diskann,250000,1,w1,354,9.604542,1.0,10,,diskann
pg-diskann,250000,1,w1,625,8.329459,1.0,10,,diskann
pg-diskann,250000,1,w1,178,7.204125,0.9,10,,diskann
pg-diskann,250000,1,w1,827,7.04525,1.0,10,,diskann
pg-diskann,250000,1,w1,747,6.189583,1.0,10,,diskann
pg-diskann,250000,1,w1,158,8.940083,1.0,10,,diskann
pg-diskann,250000,1,w1,979,9.859,0.9,10,,diskann
pg-diskann,250000,1,w1,880,7.59575,1.0,10,,diskann
pg-diskann,250000,1,w1,672,6.707041,1.0,10,,diskann
pg-diskann,250000,1,w1,737,10.649291,1.0,10,,diskann
pg-diskann,250000,1,w1,119,7.524083,1.0,10,,diskann
pg-diskann,250000,1,w1,680,7.690042,1.0,10,,diskann
pg-diskann,250000,1,w1,287,7.698291,0.9,10,,diskann
pg-diskann,250000,1,w1,852,8.846916,1.0,10,,diskann
pg-diskann,250000,1,w1,181,8.6795,1.0,10,,diskann
pg-diskann,250000,1,w1,106,8.294958,0.9,10,,diskann
pg-diskann,250000,1,w1,425,11.216666,0.9,10,,diskann
pg-diskann,250000,1,w1,899,8.000583,0.8,10,,diskann
pg-diskann,250000,1,w1,894,6.812375,1.0,10,,diskann
pg-diskann,250000,1,w1,327,7.318542,1.0,10,,diskann
pg-diskann,250000,1,w1,433,9.056333,1.0,10,,diskann
pg-diskann,250000,1,w1,396,8.165667,1.0,10,,diskann
pg-diskann,250000,1,w1,270,8.4735,0.8,10,,diskann
pg-diskann,250000,1,w1,528,7.955625,1.0,10,,diskann
pg-diskann,250000,1,w1,863,7.267916,1.0,10,,diskann
pg-diskann,250000,1,w1,611,8.64375,1.0,10,,diskann
pg-diskann,250000,1,w1,817,9.792208,1.0,10,,diskann
pg-diskann,250000,1,w1,599,9.167084,0.8,10,,diskann
pg-diskann,250000,1,w1,922,8.321292,1.0,10,,diskann
pg-diskann,250000,1,w1,709,7.547458,1.0,10,,diskann
pg-diskann,250000,1,w1,960,6.127417,1.0,10,,diskann
pg-diskann,250000,1,w1,397,7.26875,1.0,10,,diskann
pg-diskann,250000,1,w1,938,7.907959,1.0,10,,diskann
pg-diskann,250000,1,w1,984,8.449042,1.0,10,,diskann
pg-diskann,250000,1,w1,921,8.9015,1.0,10,,diskann
pg-diskann,250000,1,w1,774,5.306667,1.0,10,,diskann
pg-diskann,250000,1,w1,824,5.059625,1.0,10,,diskann
pg-diskann,250000,1,w1,580,8.866125,1.0,10,,diskann
pg-diskann,250000,1,w1,757,7.061875,0.9,10,,diskann
pg-diskann,250000,1,w1,356,7.953917,1.0,10,,diskann
pg-diskann,250000,1,w1,577,8.306833,1.0,10,,diskann
pg-diskann,250000,1,w1,387,7.182125,1.0,10,,diskann
pg-diskann,250000,1,w1,987,8.081875,1.0,10,,diskann
pg-diskann,250000,1,w1,250,8.421708,1.0,10,,diskann
pg-diskann,250000,1,w1,118,6.969792,1.0,10,,diskann
pg-diskann,250000,1,w1,499,7.284833,1.0,10,,diskann
pg-diskann,250000,1,w1,596,12.10275,1.0,10,,diskann
pg-diskann,250000,1,w1,564,8.013625,1.0,10,,diskann
pg-diskann,250000,1,w1,658,7.782167,1.0,10,,diskann
pg-diskann,250000,1,w1,974,8.821334,1.0,10,,diskann
pg-diskann,250000,1,w1,740,7.472084,1.0,10,,diskann
pg-diskann,250000,1,w1,103,4.94775,1.0,10,,diskann
pg-diskann,250000,1,w1,618,5.159291,1.0,10,,diskann
pg-diskann,250000,1,w1,695,8.945916,0.8,10,,diskann
pg-diskann,250000,1,w1,643,6.419459,0.7,10,,diskann
pg-diskann,250000,1,w1,171,6.354333,1.0,10,,diskann
pg-diskann,250000,1,w1,209,8.960375,1.0,10,,diskann
pg-diskann,250000,1,w1,214,7.633667,1.0,10,,diskann
pg-diskann,250000,1,w1,900,12.58525,1.0,10,,diskann
pg-diskann,250000,1,w1,252,8.011458,1.0,10,,diskann
pg-diskann,250000,1,w1,298,7.458375,1.0,10,,diskann
pg-diskann,250000,1,w1,302,6.85975,1.0,10,,diskann
pg-diskann,250000,1,w1,493,5.91575,1.0,10,,diskann
pg-diskann,250000,1,w1,279,7.1075,1.0,10,,diskann
pg-diskann,250000,1,w1,649,11.744875,1.0,10,,diskann
pg-diskann,250000,1,w1,470,7.564291,1.0,10,,diskann
pg-diskann,250000,1,w1,844,9.170959,1.0,10,,diskann
pg-diskann,250000,1,w1,121,8.588333,1.0,10,,diskann
pg-diskann,250000,1,w1,816,8.9105,1.0,10,,diskann
pg-diskann,250000,1,w1,746,7.375875,1.0,10,,diskann
pg-diskann,250000,1,w1,430,7.656334,1.0,10,,diskann
pg-diskann,250000,1,w1,484,9.612833,1.0,10,,diskann
pg-diskann,250000,1,w1,832,7.526416,1.0,10,,diskann
pg-diskann,250000,1,w1,511,7.7055,1.0,10,,diskann
pg-diskann,250000,1,w1,552,9.772959,1.0,10,,diskann
pg-diskann,250000,1,w1,798,8.724584,1.0,10,,diskann
pg-diskann,250000,1,w1,254,8.850292,1.0,10,,diskann
pg-diskann,250000,1,w1,122,7.0755,1.0,10,,diskann
pg-diskann,250000,1,w1,928,8.693708,1.0,10,,diskann
pg-diskann,250000,1,w1,839,5.729083,1.0,10,,diskann
pg-diskann,250000,1,w1,217,10.082958,1.0,10,,diskann
pg-diskann,250000,1,w1,427,9.48225,0.8,10,,diskann
pg-diskann,250000,1,w1,516,7.545667,1.0,10,,diskann
pg-diskann,250000,1,w1,924,6.537542,1.0,10,,diskann
pg-diskann,250000,1,w1,807,9.892208,1.0,10,,diskann
pg-diskann,250000,1,w1,109,7.62975,1.0,10,,diskann
pg-diskann,250000,1,w1,964,7.825917,1.0,10,,diskann
pg-diskann,250000,1,w1,902,10.569041,1.0,10,,diskann
pg-diskann,250000,1,w1,358,7.462208,1.0,10,,diskann
pg-diskann,250000,1,w1,721,6.560041,1.0,10,,diskann
pg-diskann,250000,1,w1,409,10.2225,1.0,10,,diskann
pg-diskann,250000,1,w1,605,6.434625,1.0,10,,diskann
pg-diskann,250000,1,w1,546,8.618959,1.0,10,,diskann
pg-diskann,250000,1,w1,265,8.660958,1.0,10,,diskann
pg-diskann,250000,1,w1,315,8.471375,1.0,10,,diskann
pg-diskann,250000,1,w1,440,5.199166,1.0,10,,diskann
pg-diskann,250000,1,w1,653,9.159334,1.0,10,,diskann
pg-diskann,250000,1,w1,678,8.965958,1.0,10,,diskann
pg-diskann,250000,1,w1,830,6.957333,1.0,10,,diskann
pg-diskann,250000,1,w1,606,7.121084,1.0,10,,diskann
pg-diskann,250000,1,w1,141,7.086,0.9,10,,diskann
pg-diskann,250000,1,w1,448,8.432709,1.0,10,,diskann
pg-diskann,250000,1,w1,983,8.319959,1.0,10,,diskann
pg-diskann,250000,1,w1,689,7.2355,1.0,10,,diskann
pg-diskann,250000,1,w1,829,9.546,1.0,10,,diskann
pg-diskann,250000,1,w1,874,8.241375,1.0,10,,diskann
pg-diskann,250000,1,w1,594,6.137,1.0,10,,diskann
pg-diskann,250000,1,w1,237,9.555125,1.0,10,,diskann
pg-diskann,250000,1,w1,207,8.437458,1.0,10,,diskann
pg-diskann,250000,1,w1,951,7.189416,1.0,10,,diskann
pg-diskann,250000,1,w1,477,7.102333,1.0,10,,diskann
pg-diskann,250000,1,w1,822,8.194708,1.0,10,,diskann
pg-diskann,250000,1,w1,867,7.562666,0.9,10,,diskann
pg-diskann,250000,1,w1,991,8.4105,1.0,10,,diskann
pg-diskann,250000,1,w1,708,8.78625,1.0,10,,diskann
pg-diskann,250000,1,w1,769,7.512917,1.0,10,,diskann
pg-diskann,250000,1,w1,581,9.558834,1.0,10,,diskann
pg-diskann,250000,1,w1,985,6.340834,1.0,10,,diskann
pg-diskann,250000,1,w1,259,5.541042,1.0,10,,diskann
pg-diskann,250000,1,w1,811,6.572542,1.0,10,,diskann
pg-diskann,250000,1,w1,600,9.162959,0.9,10,,diskann
pg-diskann,250000,1,w1,445,7.069625,1.0,10,,diskann
pg-diskann,250000,1,w1,994,8.751,1.0,10,,diskann
pg-diskann,250000,1,w1,290,7.4685,1.0,10,,diskann
pg-diskann,250000,1,w1,368,6.60275,1.0,10,,diskann
pg-diskann,250000,1,w1,917,7.580166,1.0,10,,diskann
pg-diskann,250000,1,w1,585,7.16425,1.0,10,,diskann
pg-diskann,250000,1,w1,402,5.969417,1.0,10,,diskann
pg-diskann,250000,1,w1,851,6.000417,0.9,10,,diskann
pg-diskann,250000,1,w1,758,9.589959,0.9,10,,diskann
pg-diskann,250000,1,w1,669,7.361917,1.0,10,,diskann
pg-diskann,250000,1,w1,767,8.147167,1.0,10,,diskann
pg-diskann,250000,1,w1,905,8.388875,1.0,10,,diskann
pg-diskann,250000,1,w1,459,9.057291,0.9,10,,diskann
pg-diskann,250000,1,w1,313,4.478041,1.0,10,,diskann
pg-diskann,250000,1,w1,476,9.734084,1.0,10,,diskann
pg-diskann,250000,1,w1,624,7.812041,0.9,10,,diskann
pg-diskann,250000,1,w1,183,12.065583,0.7,10,,diskann
pg-diskann,250000,1,w1,814,7.287917,1.0,10,,diskann
pg-diskann,250000,1,w1,324,10.021792,0.9,10,,diskann
pg-diskann,250000,1,w1,393,11.787375,1.0,10,,diskann
pg-diskann,250000,1,w1,704,8.484417,1.0,10,,diskann
pg-diskann,250000,1,w1,764,9.248333,1.0,10,,diskann
pg-diskann,250000,1,w1,256,10.248708,1.0,10,,diskann
pg-diskann,250000,1,w1,756,9.468875,1.0,10,,diskann
pg-diskann,250000,1,w1,588,7.725583,0.7,10,,diskann
pg-diskann,250000,1,w1,875,7.534083,1.0,10,,diskann
pg-diskann,250000,1,w1,518,8.13025,1.0,10,,diskann
pg-diskann,250000,1,w1,692,7.11625,1.0,10,,diskann
pg-diskann,250000,1,w1,374,9.070708,1.0,10,,diskann
pg-diskann,250000,1,w1,607,6.397833,1.0,10,,diskann
pg-diskann,250000,1,w1,879,6.619292,1.0,10,,diskann
pg-diskann,250000,1,w1,280,10.735,1.0,10,,diskann
pg-diskann,250000,1,w1,486,8.80025,1.0,10,,diskann
pg-diskann,250000,1,w1,186,8.370625,1.0,10,,diskann
pg-diskann,250000,1,w1,112,8.452125,1.0,10,,diskann
pg-diskann,250000,1,w1,818,7.139125,1.0,10,,diskann
pg-diskann,250000,1,w1,770,10.993084,1.0,10,,diskann
pg-diskann,250000,1,w1,862,8.693708,0.9,10,,diskann
pg-diskann,250000,1,w1,407,8.207083,1.0,10,,diskann
pg-diskann,250000,1,w1,172,8.68475,1.0,10,,diskann
pg-diskann,250000,1,w1,934,8.00925,1.0,10,,diskann
pg-diskann,250000,1,w1,474,6.159584,1.0,10,,diskann
pg-diskann,250000,1,w1,786,8.1985,1.0,10,,diskann
pg-diskann,250000,1,w1,717,7.461375,1.0,10,,diskann
pg-diskann,250000,1,w1,859,11.973875,1.0,10,,diskann
pg-diskann,250000,1,w1,347,6.097333,1.0,10,,diskann
pg-diskann,250000,1,w1,750,7.582375,1.0,10,,diskann
pg-diskann,250000,1,w1,663,8.958291,1.0,10,,diskann
pg-diskann,250000,1,w1,779,8.548042,1.0,10,,diskann
pg-diskann,250000,1,w1,860,10.566916,0.8,10,,diskann
pg-diskann,250000,1,w1,177,6.2875,0.9,10,,diskann
pg-diskann,250000,1,w1,876,7.633125,1.0,10,,diskann
pg-diskann,250000,1,w1,838,7.968416,1.0,10,,diskann
pg-diskann,250000,1,w1,784,7.255958,1.0,10,,diskann
pg-diskann,250000,1,w1,993,6.348792,0.9,10,,diskann
pg-diskann,250000,1,w1,796,9.984417,0.9,10,,diskann
pg-diskann,250000,1,w1,918,5.122625,1.0,10,,diskann
pg-diskann,250000,1,w1,898,11.64775,1.0,10,,diskann
pg-diskann,250000,1,w1,110,8.414083,1.0,10,,diskann
pg-diskann,250000,1,w1,475,10.482666,0.7,10,,diskann
pg-diskann,250000,1,w1,125,7.316375,1.0,10,,diskann
pg-diskann,250000,1,w1,310,6.978125,0.9,10,,diskann
pg-diskann,250000,1,w1,787,8.7305,1.0,10,,diskann
pg-diskann,250000,1,w1,555,9.123875,1.0,10,,diskann
pg-diskann,250000,1,w1,724,9.592708,0.9,10,,diskann
pg-diskann,250000,1,w1,686,7.175417,0.9,10,,diskann
pg-diskann,250000,1,w1,272,9.744833,1.0,10,,diskann
pg-diskann,250000,1,w1,102,6.815667,1.0,10,,diskann
pg-diskann,250000,1,w1,891,7.128791,1.0,10,,diskann
pg-diskann,250000,1,w1,749,6.325208,1.0,10,,diskann
pg-diskann,250000,1,w1,903,8.926875,0.9,10,,diskann
pg-diskann,250000,1,w1,144,8.137375,0.9,10,,diskann
pg-diskann,250000,1,w1,521,8.941625,1.0,10,,diskann
pg-diskann,250000,1,w1,671,9.821459,0.9,10,,diskann
pg-diskann,250000,1,w1,333,6.944208,1.0,10,,diskann
pg-diskann,250000,1,w1,385,7.057667,1.0,10,,diskann
pg-diskann,250000,1,w1,522,6.1865,1.0,10,,diskann
pg-diskann,250000,1,w1,996,6.930709,0.9,10,,diskann
pg-diskann,250000,1,w1,614,9.579167,1.0,10,,diskann
pg-diskann,250000,1,w1,714,10.767792,0.8,10,,diskann
pg-diskann,250000,1,w1,881,7.394792,1.0,10,,diskann
pg-diskann,250000,1,w1,449,10.841542,1.0,10,,diskann
pg-diskann,250000,1,w1,576,9.241083,0.8,10,,diskann
pg-diskann,250000,1,w1,972,7.962583,1.0,10,,diskann
pg-diskann,250000,1,w1,244,5.555125,1.0,10,,diskann
pg-diskann,250000,1,w1,841,7.497667,0.9,10,,diskann
pg-diskann,250000,1,w1,357,4.14825,1.0,10,,diskann
pg-diskann,250000,1,w1,206,7.68225,0.8,10,,diskann
pg-diskann,250000,1,w1,634,8.343667,0.9,10,,diskann
pg-diskann,250000,1,w1,571,8.783833,1.0,10,,diskann
pg-diskann,250000,1,w1,530,9.218167,0.9,10,,diskann
pg-diskann,250000,1,w1,892,8.040875,1.0,10,,diskann
pg-diskann,250000,1,w1,953,8.275917,0.6,10,,diskann
pg-diskann,250000,1,w1,583,6.861375,1.0,10,,diskann
pg-diskann,250000,1,w1,702,8.114917,1.0,10,,diskann
pg-diskann,250000,1,w1,230,6.970959,1.0,10,,diskann
pg-diskann,250000,1,w1,277,4.550958,1.0,10,,diskann
pg-diskann,250000,1,w1,248,6.386416,1.0,10,,diskann
pg-diskann,250000,1,w1,225,8.366416,1.0,10,,diskann
pg-diskann,250000,1,w1,531,7.5995,1.0,10,,diskann
pg-diskann,250000,1,w1,257,9.072166,1.0,10,,diskann
pg-diskann,250000,1,w1,544,8.161292,1.0,10,,diskann
pg-diskann,250000,1,w1,778,7.939625,1.0,10,,diskann
pg-diskann,250000,1,w1,753,6.677958,1.0,10,,diskann
pg-diskann,250000,1,w1,220,6.66275,1.0,10,,diskann
pg-diskann,250000,1,w1,866,11.949958,1.0,10,,diskann
pg-diskann,250000,1,w1,674,8.531375,1.0,10,,diskann
pg-diskann,250000,1,w1,305,8.452125,1.0,10,,diskann
pg-diskann,250000,1,w1,326,6.146917,1.0,10,,diskann
pg-diskann,250000,1,w1,133,8.392625,1.0,10,,diskann
pg-diskann,250000,1,w1,104,6.208084,1.0,10,,diskann
pg-diskann,250000,1,w1,239,8.587542,1.0,10,,diskann
pg-diskann,250000,1,w1,165,8.757833,1.0,10,,diskann
pg-diskann,250000,1,w1,694,10.009625,0.9,10,,diskann
pg-diskann,250000,1,w1,240,8.950792,1.0,10,,diskann
pg-diskann,250000,1,w1,660,6.239583,1.0,10,,diskann
pg-diskann,250000,1,w1,524,10.077833,0.6,10,,diskann
pg-diskann,250000,1,w1,771,8.480708,1.0,10,,diskann
pg-diskann,250000,1,w1,809,7.190375,1.0,10,,diskann
pg-diskann,250000,1,w1,126,8.763917,1.0,10,,diskann
pg-diskann,250000,1,w1,592,8.30975,1.0,10,,diskann
pg-diskann,250000,1,w1,481,8.936875,1.0,10,,diskann
pg-diskann,250000,1,w1,986,7.962375,1.0,10,,diskann
pg-diskann,250000,1,w1,350,7.439875,1.0,10,,diskann
pg-diskann,250000,1,w1,864,7.805458,1.0,10,,diskann
pg-diskann,250000,1,w1,574,9.030042,1.0,10,,diskann
pg-diskann,250000,1,w1,920,6.039917,1.0,10,,diskann
pg-diskann,250000,1,w1,480,8.919417,1.0,10,,diskann
pg-diskann,250000,1,w1,377,9.340208,1.0,10,,diskann
pg-diskann,250000,1,w1,630,5.38075,1.0,10,,diskann
pg-diskann,250000,1,w1,759,11.031042,0.9,10,,diskann
pg-diskann,250000,1,w1,328,7.249833,1.0,10,,diskann
pg-diskann,250000,1,w1,283,9.094375,1.0,10,,diskann
pg-diskann,250000,1,w1,130,7.820666,1.0,10,,diskann
pg-diskann,250000,1,w1,601,10.561416,0.9,10,,diskann
pg-diskann,250000,1,w1,199,6.604208,1.0,10,,diskann
pg-diskann,250000,1,w1,959,9.046041,1.0,10,,diskann
pg-diskann,250000,1,w1,232,7.743917,1.0,10,,diskann
pg-diskann,250000,1,w1,514,9.491125,1.0,10,,diskann
pg-diskann,250000,1,w1,339,7.834166,0.9,10,,diskann
pg-diskann,250000,1,w1,845,9.321084,1.0,10,,diskann
pg-diskann,250000,1,w1,399,7.713083,0.8,10,,diskann
pg-diskann,250000,1,w1,215,9.103417,1.0,10,,diskann
pg-diskann,250000,1,w1,153,7.096958,1.0,10,,diskann
pg-diskann,250000,1,w1,319,6.236959,1.0,10,,diskann
pg-diskann,250000,1,w1,329,6.536917,1.0,10,,diskann
pg-diskann,250000,1,w1,949,10.98625,1.0,10,,diskann
pg-diskann,250000,1,w1,868,7.388125,1.0,10,,diskann
pg-diskann,250000,1,w1,344,9.30375,0.8,10,,diskann
pg-diskann,250000,1,w1,460,8.298709,1.0,10,,diskann
pg-diskann,250000,1,w1,527,8.892958,1.0,10,,diskann
pg-diskann,250000,1,w1,458,7.910333,1.0,10,,diskann
pg-diskann,250000,1,w1,234,7.927,1.0,10,,diskann
pg-diskann,250000,1,w1,835,6.865375,1.0,10,,diskann
pg-diskann,250000,1,w1,332,9.611875,1.0,10,,diskann
pg-diskann,250000,1,w1,644,6.24875,1.0,10,,diskann
pg-diskann,250000,1,w1,132,7.140542,1.0,10,,diskann
pg-diskann,250000,1,w1,632,7.35025,1.0,10,,diskann
pg-diskann,250000,1,w1,857,5.920834,1.0,10,,diskann
pg-diskann,250000,1,w1,788,8.480833,0.7,10,,diskann
pg-diskann,250000,1,w1,150,8.33475,1.0,10,,diskann
pg-diskann,250000,1,w1,455,6.071834,1.0,10,,diskann
pg-diskann,250000,1,w1,639,7.857833,1.0,10,,diskann
pg-diskann,250000,1,w1,831,7.523292,1.0,10,,diskann
pg-diskann,250000,1,w1,124,8.265042,1.0,10,,diskann
pg-diskann,250000,1,w1,685,8.011458,1.0,10,,diskann
pg-diskann,250000,1,w1,417,6.740959,1.0,10,,diskann
pg-diskann,250000,1,w1,491,5.501042,1.0,10,,diskann
pg-diskann,250000,1,w1,735,8.047,1.0,10,,diskann
pg-diskann,250000,1,w1,889,9.524875,1.0,10,,diskann
pg-diskann,250000,1,w1,642,6.303792,1.0,10,,diskann
pg-diskann,250000,1,w1,971,8.846958,1.0,10,,diskann
pg-diskann,250000,1,w1,790,8.335375,1.0,10,,diskann
pg-diskann,250000,1,w1,948,7.372125,1.0,10,,diskann
pg-diskann,250000,1,w1,273,6.851125,1.0,10,,diskann
pg-diskann,250000,1,w1,654,8.662167,1.0,10,,diskann
pg-diskann,250000,1,w1,362,6.208667,1.0,10,,diskann
pg-diskann,250000,1,w1,736,9.484167,1.0,10,,diskann
pg-diskann,250000,1,w1,340,6.521625,1.0,10,,diskann
pg-diskann,250000,1,w1,761,9.675375,1.0,10,,diskann
pg-diskann,250000,1,w1,182,7.291041,1.0,10,,diskann
pg-diskann,250000,1,w1,416,7.948167,1.0,10,,diskann
pg-diskann,250000,1,w1,823,9.3785,1.0,10,,diskann
pg-diskann,250000,1,w1,999,10.495167,1.0,10,,diskann
pg-diskann,250000,1,w1,720,7.993708,1.0,10,,diskann
pg-diskann,250000,1,w1,364,8.414833,1.0,10,,diskann
pg-diskann,250000,1,w1,395,7.065708,1.0,10,,diskann
pg-diskann,250000,1,w1,105,7.831583,1.0,10,,diskann
pg-diskann,250000,1,w1,707,8.415667,1.0,10,,diskann
pg-diskann,250000,1,w1,791,6.743,1.0,10,,diskann
pg-diskann,250000,1,w1,679,9.159208,1.0,10,,diskann
pg-diskann,250000,1,w1,401,9.818042,1.0,10,,diskann
pg-diskann,250000,1,w1,895,9.368042,1.0,10,,diskann
pg-diskann,250000,1,w1,667,7.025041,1.0,10,,diskann
pg-diskann,250000,1,w1,349,8.973625,0.9,10,,diskann
pg-diskann,250000,1,w1,411,7.79775,0.9,10,,diskann
pg-diskann,250000,1,w1,799,7.171292,1.0,10,,diskann
pg-diskann,250000,1,w1,405,8.140417,1.0,10,,diskann
pg-diskann,250000,1,w1,659,11.741375,1.0,10,,diskann
pg-diskann,250000,1,w1,466,6.211792,1.0,10,,diskann
pg-diskann,250000,1,w1,589,9.858,1.0,10,,diskann
pg-diskann,250000,1,w1,805,7.969667,1.0,10,,diskann
pg-diskann,250000,1,w1,432,6.989916,0.8,10,,diskann
pg-diskann,250000,1,w1,748,8.905125,1.0,10,,diskann
pg-diskann,250000,1,w1,233,9.184584,0.7,10,,diskann
pg-diskann,250000,1,w1,467,7.403708,1.0,10,,diskann
pg-diskann,250000,1,w1,472,8.027542,1.0,10,,diskann
pg-diskann,250000,1,w1,348,7.815959,1.0,10,,diskann
pg-diskann,250000,1,w1,202,6.156542,1.0,10,,diskann
pg-diskann,250000,1,w1,595,9.418416,1.0,10,,diskann
pg-diskann,250000,1,w1,176,8.206834,0.9,10,,diskann
pg-diskann,250000,1,w1,263,9.197625,1.0,10,,diskann
pg-diskann,250000,1,w1,384,8.365916,0.8,10,,diskann
pg-diskann,250000,1,w1,870,7.361209,0.8,10,,diskann
pg-diskann,250000,1,w1,691,8.5455,1.0,10,,diskann
pg-diskann,250000,1,w1,936,8.175167,1.0,10,,diskann
pg-diskann,250000,1,w1,941,8.414833,1.0,10,,diskann
pg-diskann,250000,1,w1,558,7.0125,1.0,10,,diskann
pg-diskann,250000,1,w1,586,5.704125,1.0,10,,diskann
pg-diskann,250000,1,w1,224,6.270709,1.0,10,,diskann
pg-diskann,250000,1,w1,120,12.054959,1.0,10,,diskann
pg-diskann,250000,1,w1,428,9.253916,1.0,10,,diskann
pg-diskann,250000,1,w1,730,7.459792,1.0,10,,diskann
pg-diskann,250000,1,w1,545,7.186541,0.8,10,,diskann
pg-diskann,250000,1,w1,687,9.108166,0.6,10,,diskann
pg-diskann,250000,1,w1,910,8.033709,0.9,10,,diskann
pg-diskann,250000,1,w1,392,8.691417,0.9,10,,diskann
pg-diskann,250000,1,w1,444,7.011584,1.0,10,,diskann
pg-diskann,250000,1,w1,885,8.024416,1.0,10,,diskann
pg-diskann,250000,1,w1,380,8.256042,0.9,10,,diskann
pg-diskann,250000,1,w1,179,7.567333,1.0,10,,diskann
pg-diskann,250000,1,w1,101,7.745917,1.0,10,,diskann
pg-diskann,250000,1,w1,542,9.64125,0.8,10,,diskann
pg-diskann,250000,1,w1,696,7.723875,1.0,10,,diskann
pg-diskann,250000,1,w1,803,9.226625,1.0,10,,diskann
pg-diskann,250000,1,w1,559,8.17175,1.0,10,,diskann
pg-diskann,250000,1,w1,292,8.152625,1.0,10,,diskann
pg-diskann,250000,1,w1,734,7.365792,0.7,10,,diskann
pg-diskann,250000,1,w1,307,10.16775,1.0,10,,diskann
pg-diskann,250000,1,w1,731,6.22325,1.0,10,,diskann
pg-diskann,250000,1,w1,509,9.674167,1.0,10,,diskann
pg-diskann,250000,1,w1,681,8.695,1.0,10,,diskann
pg-diskann,250000,1,w1,282,7.867083,1.0,10,,diskann
pg-diskann,250000,1,w1,776,8.585,1.0,10,,diskann
pg-diskann,250000,1,w1,191,8.295583,1.0,10,,diskann
pg-diskann,250000,1,w1,650,7.443,0.9,10,,diskann
pg-diskann,250000,1,w1,156,9.390833,1.0,10,,diskann
pg-diskann,250000,1,w1,593,7.739875,1.0,10,,diskann
pg-diskann,250000,1,w1,755,6.858667,1.0,10,,diskann
pg-diskann,250000,1,w1,316,8.579667,1.0,10,,diskann
pg-diskann,250000,1,w1,988,9.589458,1.0,10,,diskann
pg-diskann,250000,1,w1,483,8.018375,1.0,10,,diskann
pg-diskann,250000,1,w1,762,10.310959,1.0,10,,diskann
pg-diskann,250000,1,w1,352,7.210292,1.0,10,,diskann
pg-diskann,250000,1,w1,379,8.656917,1.0,10,,diskann
pg-diskann,250000,1,w1,372,6.717666,1.0,10,,diskann
pg-diskann,250000,1,w1,728,8.241542,1.0,10,,diskann
pg-diskann,250000,1,w1,554,7.822125,1.0,10,,diskann
pg-diskann,250000,1,w1,850,8.79325,1.0,10,,diskann
pg-diskann,250000,1,w1,304,7.41375,0.9,10,,diskann
pg-diskann,250000,1,w1,655,9.886292,1.0,10,,diskann
pg-diskann,250000,1,w1,291,7.957167,0.9,10,,diskann
pg-diskann,250000,1,w1,719,10.07275,1.0,10,,diskann
pg-diskann,250000,1,w1,657,9.015417,1.0,10,,diskann
pg-diskann,250000,1,w1,957,7.660459,1.0,10,,diskann
pg-diskann,250000,1,w1,969,7.932375,1.0,10,,diskann
pg-diskann,250000,1,w1,711,5.781833,0.8,10,,diskann
pg-diskann,250000,1,w1,457,6.128208,1.0,10,,diskann
pg-diskann,250000,1,w1,453,11.569042,1.0,10,,diskann
pg-diskann,250000,1,w1,201,4.86775,1.0,10,,diskann
pg-diskann,250000,1,w1,116,7.664166,1.0,10,,diskann
pg-diskann,250000,1,w1,980,5.313584,1.0,10,,diskann
pg-diskann,250000,1,w1,403,7.326667,1.0,10,,diskann
pg-diskann,250000,1,w1,676,8.000958,1.0,10,,diskann
pg-diskann,250000,1,w1,269,9.413583,1.0,10,,diskann
pg-diskann,250000,1,w1,929,8.274583,1.0,10,,diskann
pg-diskann,250000,1,w1,421,9.041583,1.0,10,,diskann
pg-diskann,250000,1,w1,582,7.628833,1.0,10,,diskann
pg-diskann,250000,1,w1,602,6.67125,1.0,10,,diskann
pg-diskann,250000,1,w1,834,8.19325,1.0,10,,diskann
pg-diskann,250000,1,w1,846,7.976417,1.0,10,,diskann
pg-diskann,250000,1,w1,591,8.583208,1.0,10,,diskann
pg-diskann,250000,1,w1,452,6.973125,1.0,10,,diskann
pg-diskann,250000,1,w1,363,8.953709,0.9,10,,diskann
pg-diskann,250000,1,w1,410,7.586625,1.0,10,,diskann
pg-diskann,250000,1,w1,914,9.388208,1.0,10,,diskann
pg-diskann,250000,1,w1,646,6.050791,1.0,10,,diskann
pg-diskann,250000,1,w1,562,7.176667,1.0,10,,diskann
pg-diskann,250000,1,w1,415,7.638959,1.0,10,,diskann
pg-diskann,250000,1,w1,849,6.558667,1.0,10,,diskann
pg-diskann,250000,1,w1,337,7.797375,1.0,10,,diskann
pg-diskann,250000,1,w1,647,8.014166,1.0,10,,diskann
pg-diskann,250000,1,w1,163,7.869583,1.0,10,,diskann
pg-diskann,250000,1,w1,341,6.988542,1.0,10,,diskann
pg-diskann,250000,1,w1,547,8.262541,1.0,10,,diskann
pg-diskann,250000,1,w1,170,9.727584,1.0,10,,diskann
pg-diskann,250000,1,w1,294,7.127,1.0,10,,diskann
pg-diskann,250000,1,w1,471,6.217084,1.0,10,,diskann
pg-diskann,250000,1,w1,412,6.039834,1.0,10,,diskann
pg-diskann,250000,1,w1,431,5.928125,1.0,10,,diskann
pg-diskann,250000,1,w1,590,8.447083,1.0,10,,diskann
pg-diskann,250000,1,w1,800,7.390541,1.0,10,,diskann
pg-diskann,250000,1,w1,908,6.459417,1.0,10,,diskann
pg-diskann,250000,1,w1,579,8.081416,0.9,10,,diskann
pg-diskann,250000,1,w1,741,6.688708,0.9,10,,diskann
pg-diskann,250000,1,w1,211,8.2035,0.8,10,,diskann
pg-diskann,250000,1,w1,766,7.077084,1.0,10,,diskann
pg-diskann,250000,1,w1,131,5.656292,0.9,10,,diskann
pg-diskann,250000,1,w1,777,9.709083,1.0,10,,diskann
pg-diskann,250000,1,w1,389,8.42,0.9,10,,diskann
pg-diskann,250000,1,w1,155,7.288416,1.0,10,,diskann
pg-diskann,250000,1,w1,968,6.559292,1.0,10,,diskann
pg-diskann,250000,1,w1,436,8.141417,0.7,10,,diskann
pg-diskann,250000,1,w1,381,9.101542,1.0,10,,diskann
pg-diskann,250000,1,w1,884,9.528375,1.0,10,,diskann
pg-diskann,250000,1,w1,615,6.54775,1.0,10,,diskann
pg-diskann,250000,1,w1,404,8.606834,1.0,10,,diskann
pg-diskann,250000,1,w1,264,5.181125,1.0,10,,diskann
pg-diskann,250000,1,w1,488,7.204209,1.0,10,,diskann
pg-diskann,250000,1,w1,241,6.718708,1.0,10,,diskann
pg-diskann,250000,1,w1,164,7.915875,0.9,10,,diskann
pg-diskann,250000,1,w1,439,7.247542,0.8,10,,diskann
pg-diskann,250000,1,w1,890,6.44125,1.0,10,,diskann
pg-diskann,250000,1,w1,637,8.443042,1.0,10,,diskann
pg-diskann,250000,1,w1,525,6.978,1.0,10,,diskann
pg-diskann,250000,1,w1,587,6.844791,1.0,10,,diskann
pg-diskann,250000,1,w1,424,9.764917,1.0,10,,diskann
pg-diskann,250000,1,w1,100,8.120708,1.0,10,,diskann
pg-diskann,250000,1,w1,184,9.2115,1.0,10,,diskann
pg-diskann,250000,1,w1,693,6.811791,1.0,10,,diskann
pg-diskann,250000,1,w1,318,8.17675,0.9,10,,diskann
pg-diskann,250000,1,w1,526,9.070041,1.0,10,,diskann
pg-diskann,250000,1,w1,609,7.812542,1.0,10,,diskann
pg-diskann,250000,1,w1,828,8.408083,1.0,10,,diskann
pg-diskann,250000,1,w1,159,8.898125,0.9,10,,diskann
pg-diskann,250000,1,w1,628,8.78775,1.0,10,,diskann
pg-diskann,250000,1,w1,325,10.578208,1.0,10,,diskann
pg-diskann,250000,1,w1,752,8.669375,1.0,10,,diskann
pg-diskann,250000,1,w1,222,8.114084,0.8,10,,diskann
pg-diskann,250000,1,w1,897,7.28225,1.0,10,,diskann
pg-diskann,250000,1,w1,441,9.730875,1.0,10,,diskann
pg-diskann,250000,1,w1,612,5.922666,1.0,10,,diskann
pg-diskann,250000,1,w1,485,5.500417,0.9,10,,diskann
pg-diskann,250000,1,w1,664,8.622875,1.0,10,,diskann
pg-diskann,250000,1,w1,338,9.868,0.8,10,,diskann
pg-diskann,250000,1,w1,744,8.034916,1.0,10,,diskann
pg-diskann,250000,1,w1,640,9.3685,1.0,10,,diskann
pg-diskann,250000,1,w1,504,9.13175,1.0,10,,diskann
pg-diskann,250000,1,w1,906,7.777875,1.0,10,,diskann
pg-diskann,250000,1,w1,534,8.744917,1.0,10,,diskann
pg-diskann,250000,1,w1,519,7.246333,1.0,10,,diskann
pg-diskann,250000,1,w1,321,6.355,1.0,10,,diskann
pg-diskann,250000,1,w1,995,11.4115,1.0,10,,diskann
pg-diskann,250000,1,w1,434,8.891041,1.0,10,,diskann
pg-diskann,250000,1,w1,541,9.592042,1.0,10,,diskann
pg-diskann,250000,1,w1,916,7.161042,1.0,10,,diskann
pg-diskann,250000,1,w1,115,7.454292,1.0,10,,diskann
pg-diskann,250000,1,w1,802,7.577334,0.9,10,,diskann
pg-diskann,250000,1,w1,532,9.129792,0.7,10,,diskann
pg-diskann,250000,1,w1,978,8.469,1.0,10,,diskann
pg-diskann,250000,1,w1,855,6.938459,1.0,10,,diskann
pg-diskann,250000,1,w1,819,6.998792,1.0,10,,diskann
pg-diskann,250000,1,w1,950,4.057708,1.0,10,,diskann
pg-diskann,250000,1,w1,188,8.628042,1.0,10,,diskann
pg-diskann,250000,1,w1,378,7.513458,1.0,10,,diskann
pg-diskann,250000,1,w1,998,7.003,1.0,10,,diskann
pg-diskann,250000,1,w1,732,7.743792,1.0,10,,diskann
pg-diskann,250000,1,w1,645,9.076,1.0,10,,diskann
pg-diskann,250000,1,w1,861,8.257292,1.0,10,,diskann
pg-diskann,250000,1,w1,913,7.376209,1.0,10,,diskann
pg-diskann,250000,1,w1,563,7.250208,0.8,10,,diskann
pg-diskann,250000,1,w1,142,6.760416,1.0,10,,diskann
pg-diskann,250000,1,w1,289,8.319417,1.0,10,,diskann
pg-diskann,250000,1,w1,961,10.157542,1.0,10,,diskann
pg-diskann,250000,1,w1,808,7.752917,1.0,10,,diskann
pg-diskann,250000,1,w1,226,8.464375,1.0,10,,diskann
pg-diskann,250000,1,w1,537,9.611,0.9,10,,diskann
pg-diskann,250000,1,w1,584,8.886583,0.6,10,,diskann
pg-diskann,250000,1,w1,869,7.792291,1.0,10,,diskann
pg-diskann,250000,1,w1,793,8.312542,1.0,10,,diskann
pg-diskann,250000,1,w1,312,6.800459,1.0,10,,diskann
pg-diskann,250000,1,w1,722,9.18225,0.9,10,,diskann
pg-diskann,250000,1,w1,794,7.116709,1.0,10,,diskann
pg-diskann,250000,1,w1,408,7.831125,1.0,10,,diskann
pg-diskann,250000,1,w1,911,12.643,1.0,10,,diskann
pg-diskann,250000,1,w1,218,8.087875,1.0,10,,diskann
pg-diskann,250000,1,w1,469,8.480417,1.0,10,,diskann
pg-diskann,250000,1,w1,742,7.448291,0.9,10,,diskann
pg-diskann,250000,1,w1,308,7.998416,1.0,10,,diskann
pg-diskann,250000,1,w1,278,7.722458,1.0,10,,diskann
pg-diskann,250000,1,w1,314,9.101042,1.0,10,,diskann
pg-diskann,250000,1,w1,413,7.212666,1.0,10,,diskann
pg-diskann,250000,1,w1,353,7.822042,1.0,10,,diskann
pg-diskann,250000,1,w1,175,8.529875,1.0,10,,diskann
pg-diskann,250000,1,w1,760,6.267125,1.0,10,,diskann
pg-diskann,250000,1,w1,635,10.959458,1.0,10,,diskann
pg-diskann,250000,1,w1,496,6.767417,1.0,10,,diskann
pg-diskann,250000,1,w1,821,9.134333,1.0,10,,diskann
pg-diskann,250000,1,w1,942,8.860167,1.0,10,,diskann
pg-diskann,250000,1,w1,568,7.825833,1.0,10,,diskann
pg-diskann,250000,1,w1,652,7.150292,1.0,10,,diskann
pg-diskann,250000,1,w1,967,9.089959,1.0,10,,diskann
pg-diskann,250000,1,w1,893,9.59375,1.0,10,,diskann
pg-diskann,250000,1,w1,977,9.866083,0.9,10,,diskann
pg-diskann,250000,1,w1,641,6.982625,1.0,10,,diskann
pg-diskann,250000,1,w1,930,9.576958,1.0,10,,diskann
pg-diskann,250000,1,w1,782,7.420375,1.0,10,,diskann
pg-diskann,250000,1,w1,454,5.815416,1.0,10,,diskann
pg-diskann,250000,1,w1,295,7.055042,1.0,10,,diskann
pg-diskann,250000,1,w1,386,8.798292,1.0,10,,diskann
pg-diskann,250000,1,w1,888,8.836917,0.9,10,,diskann
pg-diskann,250000,1,w1,180,7.824833,1.0,10,,diskann
pg-diskann,250000,1,w1,613,7.90125,1.0,10,,diskann
pg-diskann,250000,1,w1,772,7.798583,1.0,10,,diskann
pg-diskann,250000,1,w1,543,9.342458,0.5,10,,diskann
pg-diskann,250000,1,w1,825,7.768917,1.0,10,,diskann
pg-diskann,250000,1,w1,227,9.034958,1.0,10,,diskann
pg-diskann,250000,1,w1,317,7.444208,1.0,10,,diskann
pg-diskann,250000,1,w1,956,8.281334,1.0,10,,diskann
pg-diskann,250000,1,w1,303,8.99975,1.0,10,,diskann
pg-diskann,250000,1,w1,251,8.2885,1.0,10,,diskann
pg-diskann,250000,1,w1,573,7.726375,1.0,10,,diskann
pg-diskann,250000,1,w1,981,9.1775,0.9,10,,diskann
pg-diskann,250000,1,w1,751,5.492333,1.0,10,,diskann
pg-diskann,250000,1,w1,603,5.0455,1.0,10,,diskann
pg-diskann,250000,1,w1,143,7.497458,1.0,10,,diskann
pg-diskann,250000,1,w1,371,6.343042,1.0,10,,diskann
pg-diskann,250000,1,w1,538,7.434083,1.0,10,,diskann
pg-diskann,250000,1,w1,330,5.97275,1.0,10,,diskann
pg-diskann,250000,1,w1,167,7.101166,0.9,10,,diskann
pg-diskann,250000,1,w1,872,6.572459,1.0,10,,diskann
pg-diskann,250000,1,w1,648,9.466125,1.0,10,,diskann
pg-diskann,250000,1,w1,355,8.171084,1.0,10,,diskann
pg-diskann,250000,1,w1,539,7.098625,1.0,10,,diskann
pg-diskann,250000,1,w1,670,7.079292,1.0,10,,diskann
pg-diskann,250000,1,w1,498,6.217666,0.9,10,,diskann
pg-diskann,250000,1,w1,497,6.232333,1.0,10,,diskann
pg-diskann,250000,1,w1,623,9.009583,1.0,10,,diskann
pg-diskann,250000,1,w1,152,8.877625,0.9,10,,diskann
pg-diskann,250000,1,w1,768,12.730584,1.0,10,,diskann
pg-diskann,250000,1,w1,174,5.7675,1.0,10,,diskann
pg-diskann,250000,1,w1,598,8.252208,1.0,10,,diskann
pg-diskann,250000,1,w1,216,7.83,1.0,10,,diskann
pg-diskann,250000,1,w1,331,8.545625,1.0,10,,diskann
pg-diskann,250000,1,w1,196,10.287542,1.0,10,,diskann
pg-diskann,250000,1,w1,492,6.739167,1.0,10,,diskann
pg-diskann,250000,1,w1,261,3.717917,1.0,10,,diskann
pg-diskann,250000,1,w1,877,5.919708,1.0,10,,diskann
pg-diskann,250000,1,w1,134,9.132792,1.0,10,,diskann
pg-diskann,250000,1,w1,858,5.052834,1.0,10,,diskann
pg-diskann,250000,1,w1,157,9.161917,1.0,10,,diskann
pg-diskann,250000,1,w1,464,9.573542,0.9,10,,diskann
pg-diskann,250000,1,w1,140,10.431333,1.0,10,,diskann
pg-diskann,250000,1,w1,566,8.844125,1.0,10,,diskann
pg-diskann,250000,1,w1,306,9.6755,1.0,10,,diskann
pg-diskann,250000,1,w1,633,12.822292,1.0,10,,diskann
pg-diskann,250000,1,w1,366,10.694875,1.0,10,,diskann
pg-diskann,250000,1,w1,487,7.697458,1.0,10,,diskann
pg-diskann,250000,1,w1,699,7.588292,0.9,10,,diskann
pg-diskann,250000,1,w1,139,7.133542,1.0,10,,diskann
pg-diskann,250000,1,w1,297,8.762667,1.0,10,,diskann
pg-diskann,250000,1,w1,636,8.190208,1.0,10,,diskann
pg-diskann,250000,1,w1,677,6.711333,1.0,10,,diskann
pg-diskann,250000,1,w1,168,6.921541,1.0,10,,diskann
pg-diskann,250000,1,w1,219,6.029042,1.0,10,,diskann
pg-diskann,250000,1,w1,253,4.562708,1.0,10,,diskann
pg-diskann,250000,1,w1,351,7.259167,1.0,10,,diskann
pg-diskann,250000,1,w1,369,5.848208,1.0,10,,diskann
pg-diskann,250000,1,w1,871,7.108,0.9,10,,diskann
pg-diskann,250000,1,w1,940,8.724167,1.0,10,,diskann
pg-diskann,250000,1,w1,727,6.913166,1.0,10,,diskann
pg-diskann,250000,1,w1,154,8.690833,1.0,10,,diskann
pg-diskann,250000,1,w1,909,6.1395,0.9,10,,diskann
pg-diskann,250000,1,w1,620,8.25025,1.0,10,,diskann
pg-diskann,250000,1,w1,567,6.579291,1.0,10,,diskann
pg-diskann,250000,1,w1,548,7.988083,1.0,10,,diskann
pg-diskann,250000,1,w1,715,7.754292,1.0,10,,diskann
pg-diskann,250000,1,w1,203,7.767791,1.0,10,,diskann
pg-diskann,250000,1,w1,194,10.645333,1.0,10,,diskann
pg-diskann,250000,1,w1,815,9.888375,1.0,10,,diskann
pg-diskann,250000,1,w1,210,8.784416,1.0,10,,diskann
pg-diskann,250000,1,w1,438,7.009208,0.9,10,,diskann
pg-diskann,250000,1,w1,284,8.777208,1.0,10,,diskann
pg-diskann,250000,1,w1,853,9.152041,0.4,10,,diskann
pg-diskann,250000,1,w1,187,6.983375,1.0,10,,diskann
pg-diskann,250000,1,w1,382,8.091458,1.0,10,,diskann
pg-diskann,250000,1,w1,965,8.057417,1.0,10,,diskann
pg-diskann,250000,1,w1,285,6.810875,1.0,10,,diskann
pg-diskann,250000,1,w1,927,9.235666,1.0,10,,diskann
pg-diskann,250000,1,w1,517,8.361917,1.0,10,,diskann
pg-diskann,250000,1,w1,390,7.766125,1.0,10,,diskann
pg-diskann,250000,1,w1,376,7.868208,1.0,10,,diskann
pg-diskann,250000,1,w1,631,8.713708,1.0,10,,diskann
pg-diskann,250000,1,w1,556,7.781417,1.0,10,,diskann
pg-diskann,250000,1,w1,954,9.073208,1.0,10,,diskann
pg-diskann,250000,1,w1,512,10.160417,1.0,10,,diskann
pg-diskann,250000,1,w1,423,7.895625,1.0,10,,diskann
pg-diskann,250000,1,w1,535,8.581,1.0,10,,diskann
pg-diskann,250000,1,w1,932,5.861333,1.0,10,,diskann
pg-diskann,250000,1,w1,515,9.912541,1.0,10,,diskann
pg-diskann,250000,1,w2_50,183,9.7395,0.7,10,,label_aware_diskann
pg-diskann,250000,1,w2_50,213,7.606042,1.0,10,,label_aware_diskann
pg-diskann,250000,1,w2_50,635,7.506875,1.0,10,,label_aware_diskann
pg-diskann,250000,1,w2_50,604,6.766791,1.0,10,,label_aware_diskann
pg-diskann,250000,1,w2_50,116,10.953959,1.0,10,,label_aware_diskann
pg-diskann,250000,1,w2_50,245,7.434833,1.0,10,,label_aware_diskann
pg-diskann,250000,1,w2_50,449,6.920584,1.0,10,,label_aware_diskann
pg-diskann,250000,1,w2_50,163,7.601958,1.0,10,,label_aware_diskann
pg-diskann,250000,1,w2_50,819,6.835542,1.0,10,,label_aware_diskann
pg-diskann,250000,1,w2_50,779,10.285042,0.9,10,,label_aware_diskann
pg-diskann,250000,1,w2_50,367,9.294917,1.0,10,,label_aware_diskann
pg-diskann,250000,1,w2_50,362,6.722083,1.0,10,,label_aware_diskann
pg-diskann,250000,1,w2_50,184,8.716667,0.9,10,,label_aware_diskann
pg-diskann,250000,1,w2_50,748,8.357417,0.8,10,,label_aware_diskann
pg-diskann,250000,1,w2_50,308,8.821458,1.0,10,,label_aware_diskann
pg-diskann,250000,1,w2_50,155,7.336458,1.0,10,,label_aware_diskann
pg-diskann,250000,1,w2_50,696,11.18325,1.0,10,,label_aware_diskann
pg-diskann,250000,1,w2_50,478,7.701541,1.0,10,,label_aware_diskann
pg-diskann,250000,1,w2_50,694,9.091083,1.0,10,,label_aware_diskann
pg-diskann,250000,1,w2_50,384,6.833209,0.9,10,,label_aware_diskann
pg-diskann,250000,1,w2_50,870,8.349375,1.0,10,,label_aware_diskann
pg-diskann,250000,1,w2_50,161,8.508833,1.0,10,,label_aware_diskann
pg-diskann,250000,1,w2_50,637,7.753042,0.9,10,,label_aware_diskann
pg-diskann,250000,1,w2_50,460,7.828292,0.9,10,,label_aware_diskann
pg-diskann,250000,1,w2_50,892,9.784083,1.0,10,,label_aware_diskann
pg-diskann,250000,1,w2_50,387,6.737208,1.0,10,,label_aware_diskann
pg-diskann,250000,1,w2_50,475,8.379375,1.0,10,,label_aware_diskann
pg-diskann,250000,1,w2_50,836,6.5395,1.0,10,,label_aware_diskann
pg-diskann,250000,1,w2_50,391,11.601625,0.9,10,,label_aware_diskann
pg-diskann,250000,1,w2_50,753,8.434083,1.0,10,,label_aware_diskann
pg-diskann,250000,1,w2_50,141,5.826542,1.0,10,,label_aware_diskann
pg-diskann,250000,1,w2_50,880,7.809708,1.0,10,,label_aware_diskann
pg-diskann,250000,1,w2_50,630,6.817542,1.0,10,,label_aware_diskann
pg-diskann,250000,1,w2_50,918,5.67025,1.0,10,,label_aware_diskann
pg-diskann,250000,1,w2_50,154,8.252833,1.0,10,,label_aware_diskann
pg-diskann,250000,1,w2_50,189,7.381208,1.0,10,,label_aware_diskann
pg-diskann,250000,1,w2_50,354,7.946542,1.0,10,,label_aware_diskann
pg-diskann,250000,1,w2_50,167,7.310375,0.9,10,,label_aware_diskann
pg-diskann,250000,1,w2_50,978,9.656625,1.0,10,,label_aware_diskann
pg-diskann,250000,1,w2_50,280,7.854834,1.0,10,,label_aware_diskann
pg-diskann,250000,1,w2_50,448,7.697459,1.0,10,,label_aware_diskann
pg-diskann,250000,1,w2_50,372,8.487041,1.0,10,,label_aware_diskann
pg-diskann,250000,1,w2_50,988,5.954542,1.0,10,,label_aware_diskann
pg-diskann,250000,1,w2_50,729,9.454917,1.0,10,,label_aware_diskann
pg-diskann,250000,1,w2_50,147,7.73925,1.0,10,,label_aware_diskann
pg-diskann,250000,1,w2_50,419,8.1065,0.8,10,,label_aware_diskann
pg-diskann,250000,1,w2_50,639,7.029833,1.0,10,,label_aware_diskann
pg-diskann,250000,1,w2_50,390,9.045708,1.0,10,,label_aware_diskann
pg-diskann,250000,1,w2_50,332,7.589833,1.0,10,,label_aware_diskann
pg-diskann,250000,1,w2_50,667,11.909209,0.8,10,,label_aware_diskann
pg-diskann,250000,1,w2_50,933,8.945833,1.0,10,,label_aware_diskann
pg-diskann,250000,1,w2_50,364,7.168375,0.9,10,,label_aware_diskann
pg-diskann,250000,1,w2_50,359,7.0035,1.0,10,,label_aware_diskann
pg-diskann,250000,1,w2_50,847,6.0025,1.0,10,,label_aware_diskann
pg-diskann,250000,1,w2_50,961,7.332834,1.0,10,,label_aware_diskann
pg-diskann,250000,1,w2_50,929,8.349333,0.9,10,,label_aware_diskann
pg-diskann,250000,1,w2_50,684,6.80075,1.0,10,,label_aware_diskann
pg-diskann,250000,1,w2_50,211,8.462042,0.7,10,,label_aware_diskann
pg-diskann,250000,1,w2_50,936,6.812625,1.0,10,,label_aware_diskann
pg-diskann,250000,1,w2_50,649,8.395167,0.8,10,,label_aware_diskann
pg-diskann,250000,1,w2_50,303,6.6655,1.0,10,,label_aware_diskann
pg-diskann,250000,1,w2_50,615,7.450042,1.0,10,,label_aware_diskann
pg-diskann,250000,1,w2_50,534,7.087209,1.0,10,,label_aware_diskann
pg-diskann,250000,1,w2_50,417,7.489375,1.0,10,,label_aware_diskann
pg-diskann,250000,1,w2_50,840,11.076458,1.0,10,,label_aware_diskann
pg-diskann,250000,1,w2_50,133,6.797792,1.0,10,,label_aware_diskann
pg-diskann,250000,1,w2_50,483,7.948208,1.0,10,,label_aware_diskann
pg-diskann,250000,1,w2_50,376,9.007667,1.0,10,,label_aware_diskann
pg-diskann,250000,1,w2_50,257,8.027,1.0,10,,label_aware_diskann
pg-diskann,250000,1,w2_50,796,9.513334,1.0,10,,label_aware_diskann
pg-diskann,250000,1,w2_50,173,7.682417,1.0,10,,label_aware_diskann
pg-diskann,250000,1,w2_50,314,8.749125,0.9,10,,label_aware_diskann
pg-diskann,250000,1,w2_50,572,7.305209,1.0,10,,label_aware_diskann
pg-diskann,250000,1,w2_50,776,8.255833,1.0,10,,label_aware_diskann
pg-diskann,250000,1,w2_50,206,8.263458,1.0,10,,label_aware_diskann
pg-diskann,250000,1,w2_50,648,9.058292,1.0,10,,label_aware_diskann
pg-diskann,250000,1,w2_50,726,7.813708,1.0,10,,label_aware_diskann
pg-diskann,250000,1,w2_50,132,5.867333,1.0,10,,label_aware_diskann
pg-diskann,250000,1,w2_50,660,7.140583,1.0,10,,label_aware_diskann
pg-diskann,250000,1,w2_50,208,10.1005,0.8,10,,label_aware_diskann
pg-diskann,250000,1,w2_50,291,9.761666,1.0,10,,label_aware_diskann
pg-diskann,250000,1,w2_50,812,7.368,1.0,10,,label_aware_diskann
pg-diskann,250000,1,w2_50,408,7.597,1.0,10,,label_aware_diskann
pg-diskann,250000,1,w2_50,736,6.164209,1.0,10,,label_aware_diskann
pg-diskann,250000,1,w2_50,269,8.996708,1.0,10,,label_aware_diskann
pg-diskann,250000,1,w2_50,394,11.180083,0.9,10,,label_aware_diskann
pg-diskann,250000,1,w2_50,915,7.300209,1.0,10,,label_aware_diskann
pg-diskann,250000,1,w2_50,627,8.714875,0.9,10,,label_aware_diskann
pg-diskann,250000,1,w2_50,827,7.672542,1.0,10,,label_aware_diskann
pg-diskann,250000,1,w2_50,247,4.835375,0.7,10,,label_aware_diskann
pg-diskann,250000,1,w2_50,666,8.540959,0.9,10,,label_aware_diskann
pg-diskann,250000,1,w2_50,331,6.585833,1.0,10,,label_aware_diskann
pg-diskann,250000,1,w2_50,490,4.951541,1.0,10,,label_aware_diskann
pg-diskann,250000,1,w2_50,795,6.21725,1.0,10,,label_aware_diskann
pg-diskann,250000,1,w2_50,442,6.000041,1.0,10,,label_aware_diskann
pg-diskann,250000,1,w2_50,902,7.658542,1.0,10,,label_aware_diskann
pg-diskann,250000,1,w2_50,263,7.475792,0.7,10,,label_aware_diskann
pg-diskann,250000,1,w2_50,205,6.950875,1.0,10,,label_aware_diskann
pg-diskann,250000,1,w2_50,720,5.15425,1.0,10,,label_aware_diskann
pg-diskann,250000,1,w2_50,226,6.320083,1.0,10,,label_aware_diskann
pg-diskann,250000,1,w2_50,994,6.8435,1.0,10,,label_aware_diskann
pg-diskann,250000,1,w2_50,392,8.246084,1.0,10,,label_aware_diskann
pg-diskann,250000,1,w2_50,543,9.184333,0.7,10,,label_aware_diskann
pg-diskann,250000,1,w2_50,160,7.227375,1.0,10,,label_aware_diskann
pg-diskann,250000,1,w2_50,990,8.323792,1.0,10,,label_aware_diskann
pg-diskann,250000,1,w2_50,704,9.668833,1.0,10,,label_aware_diskann
pg-diskann,250000,1,w2_50,290,7.432584,1.0,10,,label_aware_diskann
pg-diskann,250000,1,w2_50,250,5.791416,1.0,10,,label_aware_diskann
pg-diskann,250000,1,w2_50,265,8.291542,1.0,10,,label_aware_diskann
pg-diskann,250000,1,w2_50,777,9.456541,1.0,10,,label_aware_diskann
pg-diskann,250000,1,w2_50,526,7.970417,1.0,10,,label_aware_diskann
pg-diskann,250000,1,w2_50,165,9.129375,1.0,10,,label_aware_diskann
pg-diskann,250000,1,w2_50,834,8.499791,0.9,10,,label_aware_diskann
pg-diskann,250000,1,w2_50,605,5.816333,0.9,10,,label_aware_diskann
pg-diskann,250000,1,w2_50,859,7.68125,1.0,10,,label_aware_diskann
pg-diskann,250000,1,w2_50,281,6.508042,1.0,10,,label_aware_diskann
pg-diskann,250000,1,w2_50,823,7.186041,1.0,10,,label_aware_diskann
pg-diskann,250000,1,w2_50,343,6.904042,1.0,10,,label_aware_diskann
pg-diskann,250000,1,w2_50,554,8.301875,1.0,10,,label_aware_diskann
pg-diskann,250000,1,w2_50,712,7.904375,0.8,10,,label_aware_diskann
pg-diskann,250000,1,w2_50,702,8.470458,0.9,10,,label_aware_diskann
pg-diskann,250000,1,w2_50,895,9.079958,1.0,10,,label_aware_diskann
pg-diskann,250000,1,w2_50,668,6.738,0.9,10,,label_aware_diskann
pg-diskann,250000,1,w2_50,938,7.345541,1.0,10,,label_aware_diskann
pg-diskann,250000,1,w2_50,920,7.107042,1.0,10,,label_aware_diskann
pg-diskann,250000,1,w2_50,230,8.610375,1.0,10,,label_aware_diskann
pg-diskann,250000,1,w2_50,910,8.949125,1.0,10,,label_aware_diskann
pg-diskann,250000,1,w2_50,629,9.241209,0.8,10,,label_aware_diskann
pg-diskann,250000,1,w2_50,420,5.619958,1.0,10,,label_aware_diskann
pg-diskann,250000,1,w2_50,447,7.895625,1.0,10,,label_aware_diskann
pg-diskann,250000,1,w2_50,681,18.11725,0.9,10,,label_aware_diskann
pg-diskann,250000,1,w2_50,415,8.846458,1.0,10,,label_aware_diskann
pg-diskann,250000,1,w2_50,344,5.969917,1.0,10,,label_aware_diskann
pg-diskann,250000,1,w2_50,256,8.737083,0.8,10,,label_aware_diskann
pg-diskann,250000,1,w2_50,355,9.511875,0.9,10,,label_aware_diskann
pg-diskann,250000,1,w2_50,441,10.43625,1.0,10,,label_aware_diskann
pg-diskann,250000,1,w2_50,744,8.980667,1.0,10,,label_aware_diskann
pg-diskann,250000,1,w2_50,740,10.131042,1.0,10,,label_aware_diskann
pg-diskann,250000,1,w2_50,482,10.896708,1.0,10,,label_aware_diskann
pg-diskann,250000,1,w2_50,310,8.87525,1.0,10,,label_aware_diskann
pg-diskann,250000,1,w2_50,244,6.793541,1.0,10,,label_aware_diskann
pg-diskann,250000,1,w2_50,691,9.322333,1.0,10,,label_aware_diskann
pg-diskann,250000,1,w2_50,436,9.33975,0.8,10,,label_aware_diskann
pg-diskann,250000,1,w2_50,469,8.59625,1.0,10,,label_aware_diskann
pg-diskann,250000,1,w2_50,633,9.009958,1.0,10,,label_aware_diskann
pg-diskann,250000,1,w2_50,253,6.64525,1.0,10,,label_aware_diskann
pg-diskann,250000,1,w2_50,907,9.4775,1.0,10,,label_aware_diskann
pg-diskann,250000,1,w2_50,325,10.166542,0.9,10,,label_aware_diskann
pg-diskann,250000,1,w2_50,399,6.53125,0.9,10,,label_aware_diskann
pg-diskann,250000,1,w2_50,657,6.406584,1.0,10,,label_aware_diskann
pg-diskann,250000,1,w2_50,193,8.4465,1.0,10,,label_aware_diskann
pg-diskann,250000,1,w2_50,209,9.9015,0.8,10,,label_aware_diskann
pg-diskann,250000,1,w2_50,148,10.272625,1.0,10,,label_aware_diskann
pg-diskann,250000,1,w2_50,425,8.727625,0.7,10,,label_aware_diskann
pg-diskann,250000,1,w2_50,278,7.4195,1.0,10,,label_aware_diskann
pg-diskann,250000,1,w2_50,973,6.975042,1.0,10,,label_aware_diskann
pg-diskann,250000,1,w2_50,577,9.111709,1.0,10,,label_aware_diskann
pg-diskann,250000,1,w2_50,427,9.339833,0.4,10,,label_aware_diskann
pg-diskann,250000,1,w2_50,585,7.600917,1.0,10,,label_aware_diskann
pg-diskann,250000,1,w2_50,182,6.877625,1.0,10,,label_aware_diskann
pg-diskann,250000,1,w2_50,664,9.788167,0.7,10,,label_aware_diskann
pg-diskann,250000,1,w2_50,926,7.97875,0.8,10,,label_aware_diskann
pg-diskann,250000,1,w2_50,713,7.411458,1.0,10,,label_aware_diskann
pg-diskann,250000,1,w2_50,848,8.798291,1.0,10,,label_aware_diskann
pg-diskann,250000,1,w2_50,782,7.545791,0.9,10,,label_aware_diskann
pg-diskann,250000,1,w2_50,989,7.12925,1.0,10,,label_aware_diskann
pg-diskann,250000,1,w2_50,814,9.971875,1.0,10,,label_aware_diskann
pg-diskann,250000,1,w2_50,698,9.507583,1.0,10,,label_aware_diskann
pg-diskann,250000,1,w2_50,846,6.219625,0.9,10,,label_aware_diskann
pg-diskann,250000,1,w2_50,967,8.607958,1.0,10,,label_aware_diskann
pg-diskann,250000,1,w2_50,125,8.14325,1.0,10,,label_aware_diskann
pg-diskann,250000,1,w2_50,171,7.609708,1.0,10,,label_aware_diskann
pg-diskann,250000,1,w2_50,707,9.959375,1.0,10,,label_aware_diskann
pg-diskann,250000,1,w2_50,217,8.816791,1.0,10,,label_aware_diskann
pg-diskann,250000,1,w2_50,180,9.393417,1.0,10,,label_aware_diskann
pg-diskann,250000,1,w2_50,100,7.254792,1.0,10,,label_aware_diskann
pg-diskann,250000,1,w2_50,311,7.524334,1.0,10,,label_aware_diskann
pg-diskann,250000,1,w2_50,144,7.318459,1.0,10,,label_aware_diskann
pg-diskann,250000,1,w2_50,568,8.347792,1.0,10,,label_aware_diskann
pg-diskann,250000,1,w2_50,199,7.283875,1.0,10,,label_aware_diskann
pg-diskann,250000,1,w2_50,636,7.591125,1.0,10,,label_aware_diskann
pg-diskann,250000,1,w2_50,400,9.118417,1.0,10,,label_aware_diskann
pg-diskann,250000,1,w2_50,710,9.772667,1.0,10,,label_aware_diskann
pg-diskann,250000,1,w2_50,771,8.722,1.0,10,,label_aware_diskann
pg-diskann,250000,1,w2_50,977,8.681916,1.0,10,,label_aware_diskann
pg-diskann,250000,1,w2_50,238,10.007125,0.9,10,,label_aware_diskann
pg-diskann,250000,1,w2_50,276,8.634375,0.9,10,,label_aware_diskann
pg-diskann,250000,1,w2_50,620,8.213042,1.0,10,,label_aware_diskann
pg-diskann,250000,1,w2_50,957,8.189875,1.0,10,,label_aware_diskann
pg-diskann,250000,1,w2_50,487,7.9945,1.0,10,,label_aware_diskann
pg-diskann,250000,1,w2_50,583,6.909792,1.0,10,,label_aware_diskann
pg-diskann,250000,1,w2_50,479,6.121333,0.9,10,,label_aware_diskann
pg-diskann,250000,1,w2_50,317,9.221666,1.0,10,,label_aware_diskann
pg-diskann,250000,1,w2_50,754,6.477667,1.0,10,,label_aware_diskann
pg-diskann,250000,1,w2_50,531,8.627917,0.9,10,,label_aware_diskann
pg-diskann,250000,1,w2_50,164,6.443333,1.0,10,,label_aware_diskann
pg-diskann,250000,1,w2_50,949,6.817833,1.0,10,,label_aware_diskann
pg-diskann,250000,1,w2_50,611,5.45675,1.0,10,,label_aware_diskann
pg-diskann,250000,1,w2_50,347,9.201875,1.0,10,,label_aware_diskann
pg-diskann,250000,1,w2_50,609,6.167,1.0,10,,label_aware_diskann
pg-diskann,250000,1,w2_50,851,6.66775,1.0,10,,label_aware_diskann
pg-diskann,250000,1,w2_50,693,6.125833,1.0,10,,label_aware_diskann
pg-diskann,250000,1,w2_50,524,8.142,0.7,10,,label_aware_diskann
pg-diskann,250000,1,w2_50,948,6.955167,1.0,10,,label_aware_diskann
pg-diskann,250000,1,w2_50,817,7.30725,1.0,10,,label_aware_diskann
pg-diskann,250000,1,w2_50,886,7.145334,0.8,10,,label_aware_diskann
pg-diskann,250000,1,w2_50,932,5.647709,1.0,10,,label_aware_diskann
pg-diskann,250000,1,w2_50,591,9.252667,1.0,10,,label_aware_diskann
pg-diskann,250000,1,w2_50,350,9.29225,0.8,10,,label_aware_diskann
pg-diskann,250000,1,w2_50,169,8.615042,1.0,10,,label_aware_diskann
pg-diskann,250000,1,w2_50,508,6.0675,1.0,10,,label_aware_diskann
pg-diskann,250000,1,w2_50,127,9.884875,0.7,10,,label_aware_diskann
pg-diskann,250000,1,w2_50,146,8.100166,1.0,10,,label_aware_diskann
pg-diskann,250000,1,w2_50,953,7.657834,0.7,10,,label_aware_diskann
pg-diskann,250000,1,w2_50,532,9.745625,0.7,10,,label_aware_diskann
pg-diskann,250000,1,w2_50,695,9.173916,0.6,10,,label_aware_diskann
pg-diskann,250000,1,w2_50,369,7.230375,1.0,10,,label_aware_diskann
pg-diskann,250000,1,w2_50,142,6.893334,1.0,10,,label_aware_diskann
pg-diskann,250000,1,w2_50,375,6.51575,1.0,10,,label_aware_diskann
pg-diskann,250000,1,w2_50,438,8.963792,1.0,10,,label_aware_diskann
pg-diskann,250000,1,w2_50,596,6.719083,1.0,10,,label_aware_diskann
pg-diskann,250000,1,w2_50,179,11.194083,1.0,10,,label_aware_diskann
pg-diskann,250000,1,w2_50,232,6.797334,1.0,10,,label_aware_diskann
pg-diskann,250000,1,w2_50,570,8.328375,1.0,10,,label_aware_diskann
pg-diskann,250000,1,w2_50,201,6.139708,1.0,10,,label_aware_diskann
pg-diskann,250000,1,w2_50,305,8.471583,1.0,10,,label_aware_diskann
pg-diskann,250000,1,w2_50,515,7.134375,1.0,10,,label_aware_diskann
pg-diskann,250000,1,w2_50,521,6.951458,1.0,10,,label_aware_diskann
pg-diskann,250000,1,w2_50,841,5.486583,1.0,10,,label_aware_diskann
pg-diskann,250000,1,w2_50,797,8.935458,1.0,10,,label_aware_diskann
pg-diskann,250000,1,w2_50,962,8.00525,1.0,10,,label_aware_diskann
pg-diskann,250000,1,w2_50,388,6.581125,1.0,10,,label_aware_diskann
pg-diskann,250000,1,w2_50,318,8.51375,0.9,10,,label_aware_diskann
pg-diskann,250000,1,w2_50,166,8.647125,1.0,10,,label_aware_diskann
pg-diskann,250000,1,w2_50,396,8.52425,0.9,10,,label_aware_diskann
pg-diskann,250000,1,w2_50,284,9.938167,1.0,10,,label_aware_diskann
pg-diskann,250000,1,w2_50,665,7.694166,0.9,10,,label_aware_diskann
pg-diskann,250000,1,w2_50,897,7.492666,1.0,10,,label_aware_diskann
pg-diskann,250000,1,w2_50,227,7.927292,1.0,10,,label_aware_diskann
pg-diskann,250000,1,w2_50,625,7.578334,1.0,10,,label_aware_diskann
pg-diskann,250000,1,w2_50,321,7.812,1.0,10,,label_aware_diskann
pg-diskann,250000,1,w2_50,370,10.316458,0.9,10,,label_aware_diskann
pg-diskann,250000,1,w2_50,541,9.471292,0.9,10,,label_aware_diskann
pg-diskann,250000,1,w2_50,455,6.322875,1.0,10,,label_aware_diskann
pg-diskann,250000,1,w2_50,105,8.263166,1.0,10,,label_aware_diskann
pg-diskann,250000,1,w2_50,264,6.182958,1.0,10,,label_aware_diskann
pg-diskann,250000,1,w2_50,547,10.559667,1.0,10,,label_aware_diskann
pg-diskann,250000,1,w2_50,824,6.728334,1.0,10,,label_aware_diskann
pg-diskann,250000,1,w2_50,498,11.100583,1.0,10,,label_aware_diskann
pg-diskann,250000,1,w2_50,106,8.35,0.9,10,,label_aware_diskann
pg-diskann,250000,1,w2_50,756,7.150958,1.0,10,,label_aware_diskann
pg-diskann,250000,1,w2_50,500,7.247916,1.0,10,,label_aware_diskann
pg-diskann,250000,1,w2_50,545,7.939709,1.0,10,,label_aware_diskann
pg-diskann,250000,1,w2_50,573,8.269833,1.0,10,,label_aware_diskann
pg-diskann,250000,1,w2_50,536,6.640417,0.9,10,,label_aware_diskann
pg-diskann,250000,1,w2_50,434,11.761167,1.0,10,,label_aware_diskann
pg-diskann,250000,1,w2_50,885,8.829917,1.0,10,,label_aware_diskann
pg-diskann,250000,1,w2_50,856,9.614958,0.9,10,,label_aware_diskann
pg-diskann,250000,1,w2_50,559,7.220209,1.0,10,,label_aware_diskann
pg-diskann,250000,1,w2_50,760,7.647542,1.0,10,,label_aware_diskann
pg-diskann,250000,1,w2_50,113,5.294375,1.0,10,,label_aware_diskann
pg-diskann,250000,1,w2_50,839,6.097625,1.0,10,,label_aware_diskann
pg-diskann,250000,1,w2_50,686,8.599417,0.8,10,,label_aware_diskann
pg-diskann,250000,1,w2_50,745,7.413958,1.0,10,,label_aware_diskann
pg-diskann,250000,1,w2_50,158,7.9715,1.0,10,,label_aware_diskann
pg-diskann,250000,1,w2_50,737,6.803667,1.0,10,,label_aware_diskann
pg-diskann,250000,1,w2_50,292,7.327875,1.0,10,,label_aware_diskann
pg-diskann,250000,1,w2_50,640,8.28425,0.9,10,,label_aware_diskann
pg-diskann,250000,1,w2_50,558,8.326333,1.0,10,,label_aware_diskann
pg-diskann,250000,1,w2_50,426,6.660667,1.0,10,,label_aware_diskann
pg-diskann,250000,1,w2_50,126,9.615208,1.0,10,,label_aware_diskann
pg-diskann,250000,1,w2_50,903,7.002416,1.0,10,,label_aware_diskann
pg-diskann,250000,1,w2_50,323,8.008916,1.0,10,,label_aware_diskann
pg-diskann,250000,1,w2_50,503,8.033583,1.0,10,,label_aware_diskann
pg-diskann,250000,1,w2_50,868,11.5275,1.0,10,,label_aware_diskann
pg-diskann,250000,1,w2_50,923,7.136458,0.9,10,,label_aware_diskann
pg-diskann,250000,1,w2_50,301,6.700083,1.0,10,,label_aware_diskann
pg-diskann,250000,1,w2_50,931,7.71325,1.0,10,,label_aware_diskann
pg-diskann,250000,1,w2_50,590,7.641625,1.0,10,,label_aware_diskann
pg-diskann,250000,1,w2_50,145,10.842875,1.0,10,,label_aware_diskann
pg-diskann,250000,1,w2_50,773,9.245708,1.0,10,,label_aware_diskann
pg-diskann,250000,1,w2_50,919,7.1115,1.0,10,,label_aware_diskann
pg-diskann,250000,1,w2_50,519,5.052083,1.0,10,,label_aware_diskann
pg-diskann,250000,1,w2_50,378,6.878792,1.0,10,,label_aware_diskann
pg-diskann,250000,1,w2_50,788,7.958666,0.6,10,,label_aware_diskann
pg-diskann,250000,1,w2_50,119,7.625125,1.0,10,,label_aware_diskann
pg-diskann,250000,1,w2_50,811,7.07875,1.0,10,,label_aware_diskann
pg-diskann,250000,1,w2_50,363,7.646375,0.9,10,,label_aware_diskann
pg-diskann,250000,1,w2_50,678,9.270458,1.0,10,,label_aware_diskann
pg-diskann,250000,1,w2_50,465,8.5405,0.9,10,,label_aware_diskann
pg-diskann,250000,1,w2_50,924,6.158833,1.0,10,,label_aware_diskann
pg-diskann,250000,1,w2_50,252,8.906667,1.0,10,,label_aware_diskann
pg-diskann,250000,1,w2_50,461,9.169292,0.9,10,,label_aware_diskann
pg-diskann,250000,1,w2_50,241,8.398209,1.0,10,,label_aware_diskann
pg-diskann,250000,1,w2_50,882,8.153625,1.0,10,,label_aware_diskann
pg-diskann,250000,1,w2_50,724,9.900166,0.9,10,,label_aware_diskann
pg-diskann,250000,1,w2_50,947,7.509667,1.0,10,,label_aware_diskann
pg-diskann,250000,1,w2_50,613,6.535917,1.0,10,,label_aware_diskann
pg-diskann,250000,1,w2_50,162,5.634916,1.0,10,,label_aware_diskann
pg-diskann,250000,1,w2_50,909,11.302875,0.9,10,,label_aware_diskann
pg-diskann,250000,1,w2_50,831,7.914375,0.9,10,,label_aware_diskann
pg-diskann,250000,1,w2_50,484,5.335,1.0,10,,label_aware_diskann
pg-diskann,250000,1,w2_50,955,7.256541,1.0,10,,label_aware_diskann
pg-diskann,250000,1,w2_50,229,6.139667,1.0,10,,label_aware_diskann
pg-diskann,250000,1,w2_50,706,6.527292,1.0,10,,label_aware_diskann
pg-diskann,250000,1,w2_50,747,5.237625,1.0,10,,label_aware_diskann
pg-diskann,250000,1,w2_50,428,7.889792,1.0,10,,label_aware_diskann
pg-diskann,250000,1,w2_50,805,7.908042,1.0,10,,label_aware_diskann
pg-diskann,250000,1,w2_50,716,5.241584,1.0,10,,label_aware_diskann
pg-diskann,250000,1,w2_50,512,8.682042,1.0,10,,label_aware_diskann
pg-diskann,250000,1,w2_50,958,7.634333,1.0,10,,label_aware_diskann
pg-diskann,250000,1,w2_50,495,7.499083,1.0,10,,label_aware_diskann
pg-diskann,250000,1,w2_50,863,7.518208,1.0,10,,label_aware_diskann
pg-diskann,250000,1,w2_50,185,9.119791,1.0,10,,label_aware_diskann
pg-diskann,250000,1,w2_50,431,5.705167,1.0,10,,label_aware_diskann
pg-diskann,250000,1,w2_50,566,8.818375,1.0,10,,label_aware_diskann
pg-diskann,250000,1,w2_50,196,9.693917,0.8,10,,label_aware_diskann
pg-diskann,250000,1,w2_50,810,7.217,1.0,10,,label_aware_diskann
pg-diskann,250000,1,w2_50,234,6.134,1.0,10,,label_aware_diskann
pg-diskann,250000,1,w2_50,599,9.622125,0.6,10,,label_aware_diskann
pg-diskann,250000,1,w2_50,450,10.265,1.0,10,,label_aware_diskann
pg-diskann,250000,1,w2_50,393,9.1925,1.0,10,,label_aware_diskann
pg-diskann,250000,1,w2_50,594,6.125667,1.0,10,,label_aware_diskann
pg-diskann,250000,1,w2_50,118,8.322458,1.0,10,,label_aware_diskann
pg-diskann,250000,1,w2_50,137,8.711042,1.0,10,,label_aware_diskann
pg-diskann,250000,1,w2_50,965,6.892167,1.0,10,,label_aware_diskann
pg-diskann,250000,1,w2_50,751,5.293958,1.0,10,,label_aware_diskann
pg-diskann,250000,1,w2_50,360,7.749542,1.0,10,,label_aware_diskann
pg-diskann,250000,1,w2_50,732,5.946083,1.0,10,,label_aware_diskann
pg-diskann,250000,1,w2_50,499,7.153458,0.9,10,,label_aware_diskann
pg-diskann,250000,1,w2_50,120,7.681083,1.0,10,,label_aware_diskann
pg-diskann,250000,1,w2_50,934,8.741292,1.0,10,,label_aware_diskann
pg-diskann,250000,1,w2_50,900,7.728,1.0,10,,label_aware_diskann
pg-diskann,250000,1,w2_50,821,6.711375,1.0,10,,label_aware_diskann
pg-diskann,250000,1,w2_50,677,5.232792,1.0,10,,label_aware_diskann
pg-diskann,250000,1,w2_50,793,6.745083,0.9,10,,label_aware_diskann
pg-diskann,250000,1,w2_50,580,7.977834,1.0,10,,label_aware_diskann
pg-diskann,250000,1,w2_50,108,7.476875,1.0,10,,label_aware_diskann
pg-diskann,250000,1,w2_50,453,8.143583,0.9,10,,label_aware_diskann
pg-diskann,250000,1,w2_50,781,8.995667,1.0,10,,label_aware_diskann
pg-diskann,250000,1,w2_50,413,7.935542,1.0,10,,label_aware_diskann
pg-diskann,250000,1,w2_50,114,7.131333,0.9,10,,label_aware_diskann
pg-diskann,250000,1,w2_50,946,7.124583,1.0,10,,label_aware_diskann
pg-diskann,250000,1,w2_50,212,7.361917,1.0,10,,label_aware_diskann
pg-diskann,250000,1,w2_50,466,7.556959,1.0,10,,label_aware_diskann
pg-diskann,250000,1,w2_50,891,8.5985,1.0,10,,label_aware_diskann
pg-diskann,250000,1,w2_50,423,9.757125,1.0,10,,label_aware_diskann
pg-diskann,250000,1,w2_50,340,8.062834,1.0,10,,label_aware_diskann
pg-diskann,250000,1,w2_50,984,6.139709,1.0,10,,label_aware_diskann
pg-diskann,250000,1,w2_50,593,9.441834,1.0,10,,label_aware_diskann
pg-diskann,250000,1,w2_50,787,8.317125,1.0,10,,label_aware_diskann
pg-diskann,250000,1,w2_50,404,9.716375,1.0,10,,label_aware_diskann
pg-diskann,250000,1,w2_50,685,7.339792,1.0,10,,label_aware_diskann
pg-diskann,250000,1,w2_50,334,8.415583,1.0,10,,label_aware_diskann
pg-diskann,250000,1,w2_50,273,5.090875,1.0,10,,label_aware_diskann
pg-diskann,250000,1,w2_50,567,5.986125,1.0,10,,label_aware_diskann
pg-diskann,250000,1,w2_50,249,6.263459,1.0,10,,label_aware_diskann
pg-diskann,250000,1,w2_50,622,7.995584,1.0,10,,label_aware_diskann
pg-diskann,250000,1,w2_50,539,7.386375,1.0,10,,label_aware_diskann
pg-diskann,250000,1,w2_50,963,9.645416,1.0,10,,label_aware_diskann
pg-diskann,250000,1,w2_50,654,7.629,1.0,10,,label_aware_diskann
pg-diskann,250000,1,w2_50,651,8.605958,1.0,10,,label_aware_diskann
pg-diskann,250000,1,w2_50,522,7.32625,1.0,10,,label_aware_diskann
pg-diskann,250000,1,w2_50,402,4.813709,1.0,10,,label_aware_diskann
pg-diskann,250000,1,w2_50,546,6.487958,1.0,10,,label_aware_diskann
pg-diskann,250000,1,w2_50,592,7.187042,1.0,10,,label_aware_diskann
pg-diskann,250000,1,w2_50,181,9.052583,0.9,10,,label_aware_diskann
pg-diskann,250000,1,w2_50,353,6.117833,1.0,10,,label_aware_diskann
pg-diskann,250000,1,w2_50,233,7.277083,0.7,10,,label_aware_diskann
pg-diskann,250000,1,w2_50,833,9.681625,0.6,10,,label_aware_diskann
pg-diskann,250000,1,w2_50,157,7.306042,0.9,10,,label_aware_diskann
pg-diskann,250000,1,w2_50,755,8.323333,1.0,10,,label_aware_diskann
pg-diskann,250000,1,w2_50,857,7.191542,1.0,10,,label_aware_diskann
pg-diskann,250000,1,w2_50,721,8.066208,1.0,10,,label_aware_diskann
pg-diskann,250000,1,w2_50,397,6.643916,1.0,10,,label_aware_diskann
pg-diskann,250000,1,w2_50,574,6.741459,1.0,10,,label_aware_diskann
pg-diskann,250000,1,w2_50,820,10.012292,1.0,10,,label_aware_diskann
pg-diskann,250000,1,w2_50,802,11.039583,1.0,10,,label_aware_diskann
pg-diskann,250000,1,w2_50,477,7.932666,1.0,10,,label_aware_diskann
pg-diskann,250000,1,w2_50,409,7.906291,1.0,10,,label_aware_diskann
pg-diskann,250000,1,w2_50,850,10.138125,1.0,10,,label_aware_diskann
pg-diskann,250000,1,w2_50,731,9.466375,1.0,10,,label_aware_diskann
pg-diskann,250000,1,w2_50,883,7.280125,1.0,10,,label_aware_diskann
pg-diskann,250000,1,w2_50,192,6.672125,0.9,10,,label_aware_diskann
pg-diskann,250000,1,w2_50,653,8.757709,1.0,10,,label_aware_diskann
pg-diskann,250000,1,w2_50,319,8.285666,1.0,10,,label_aware_diskann
pg-diskann,250000,1,w2_50,674,9.711375,0.8,10,,label_aware_diskann
pg-diskann,250000,1,w2_50,538,6.777125,1.0,10,,label_aware_diskann
pg-diskann,250000,1,w2_50,774,11.582708,1.0,10,,label_aware_diskann
pg-diskann,250000,1,w2_50,638,7.570833,1.0,10,,label_aware_diskann
pg-diskann,250000,1,w2_50,552,7.293958,1.0,10,,label_aware_diskann
pg-diskann,250000,1,w2_50,972,6.326833,1.0,10,,label_aware_diskann
pg-diskann,250000,1,w2_50,337,8.588125,1.0,10,,label_aware_diskann
pg-diskann,250000,1,w2_50,563,7.249333,0.9,10,,label_aware_diskann
pg-diskann,250000,1,w2_50,112,12.478833,1.0,10,,label_aware_diskann
pg-diskann,250000,1,w2_50,939,7.843,1.0,10,,label_aware_diskann
pg-diskann,250000,1,w2_50,176,6.178208,0.9,10,,label_aware_diskann
pg-diskann,250000,1,w2_50,401,7.596959,1.0,10,,label_aware_diskann
pg-diskann,250000,1,w2_50,680,8.095834,1.0,10,,label_aware_diskann
pg-diskann,250000,1,w2_50,904,11.920416,1.0,10,,label_aware_diskann
pg-diskann,250000,1,w2_50,293,8.106709,1.0,10,,label_aware_diskann
pg-diskann,250000,1,w2_50,143,8.12575,1.0,10,,label_aware_diskann
pg-diskann,250000,1,w2_50,935,6.409792,1.0,10,,label_aware_diskann
pg-diskann,250000,1,w2_50,606,7.342375,1.0,10,,label_aware_diskann
pg-diskann,250000,1,w2_50,981,9.418667,0.9,10,,label_aware_diskann
pg-diskann,250000,1,w2_50,271,9.135667,1.0,10,,label_aware_diskann
pg-diskann,250000,1,w2_50,221,7.192875,1.0,10,,label_aware_diskann
pg-diskann,250000,1,w2_50,997,8.31375,1.0,10,,label_aware_diskann
pg-diskann,250000,1,w2_50,952,7.836459,1.0,10,,label_aware_diskann
pg-diskann,250000,1,w2_50,974,8.608375,1.0,10,,label_aware_diskann
pg-diskann,250000,1,w2_50,871,6.811459,1.0,10,,label_aware_diskann
pg-diskann,250000,1,w2_50,623,9.930666,1.0,10,,label_aware_diskann
pg-diskann,250000,1,w2_50,763,10.193333,0.8,10,,label_aware_diskann
pg-diskann,250000,1,w2_50,151,7.31675,1.0,10,,label_aware_diskann
pg-diskann,250000,1,w2_50,804,7.7315,0.9,10,,label_aware_diskann
pg-diskann,250000,1,w2_50,602,6.95375,1.0,10,,label_aware_diskann
pg-diskann,250000,1,w2_50,842,9.272833,1.0,10,,label_aware_diskann
pg-diskann,250000,1,w2_50,956,10.669792,1.0,10,,label_aware_diskann
pg-diskann,250000,1,w2_50,960,6.205125,1.0,10,,label_aware_diskann
pg-diskann,250000,1,w2_50,513,7.955375,1.0,10,,label_aware_diskann
pg-diskann,250000,1,w2_50,131,4.785417,1.0,10,,label_aware_diskann
pg-diskann,250000,1,w2_50,346,6.224,1.0,10,,label_aware_diskann
pg-diskann,250000,1,w2_50,456,7.456334,1.0,10,,label_aware_diskann
pg-diskann,250000,1,w2_50,527,7.21425,1.0,10,,label_aware_diskann
pg-diskann,250000,1,w2_50,507,7.760959,1.0,10,,label_aware_diskann
pg-diskann,250000,1,w2_50,906,8.120583,1.0,10,,label_aware_diskann
pg-diskann,250000,1,w2_50,901,9.874791,0.9,10,,label_aware_diskann
pg-diskann,250000,1,w2_50,214,7.861333,1.0,10,,label_aware_diskann
pg-diskann,250000,1,w2_50,968,6.497791,1.0,10,,label_aware_diskann
pg-diskann,250000,1,w2_50,210,8.859958,1.0,10,,label_aware_diskann
pg-diskann,250000,1,w2_50,634,8.603375,0.8,10,,label_aware_diskann
pg-diskann,250000,1,w2_50,537,7.2925,0.9,10,,label_aware_diskann
pg-diskann,250000,1,w2_50,412,9.786583,1.0,10,,label_aware_diskann
pg-diskann,250000,1,w2_50,589,7.211875,1.0,10,,label_aware_diskann
pg-diskann,250000,1,w2_50,884,9.116375,1.0,10,,label_aware_diskann
pg-diskann,250000,1,w2_50,656,8.670667,1.0,10,,label_aware_diskann
pg-diskann,250000,1,w2_50,418,6.799292,1.0,10,,label_aware_diskann
pg-diskann,250000,1,w2_50,830,9.356834,1.0,10,,label_aware_diskann
pg-diskann,250000,1,w2_50,309,6.976208,1.0,10,,label_aware_diskann
pg-diskann,250000,1,w2_50,829,7.698166,1.0,10,,label_aware_diskann
pg-diskann,250000,1,w2_50,822,6.253875,1.0,10,,label_aware_diskann
pg-diskann,250000,1,w2_50,761,8.616875,1.0,10,,label_aware_diskann
pg-diskann,250000,1,w2_50,690,9.342,1.0,10,,label_aware_diskann
pg-diskann,250000,1,w2_50,618,6.549333,1.0,10,,label_aware_diskann
pg-diskann,250000,1,w2_50,279,6.453833,1.0,10,,label_aware_diskann
pg-diskann,250000,1,w2_50,172,7.324208,1.0,10,,label_aware_diskann
pg-diskann,250000,1,w2_50,995,7.310166,1.0,10,,label_aware_diskann
pg-diskann,250000,1,w2_50,111,6.804333,1.0,10,,label_aware_diskann
pg-diskann,250000,1,w2_50,784,7.687042,1.0,10,,label_aware_diskann
pg-diskann,250000,1,w2_50,225,7.788042,1.0,10,,label_aware_diskann
pg-diskann,250000,1,w2_50,288,8.338834,1.0,10,,label_aware_diskann
pg-diskann,250000,1,w2_50,658,8.534708,1.0,10,,label_aware_diskann
pg-diskann,250000,1,w2_50,385,9.076167,1.0,10,,label_aware_diskann
pg-diskann,250000,1,w2_50,671,7.844792,0.9,10,,label_aware_diskann
pg-diskann,250000,1,w2_50,780,8.037708,1.0,10,,label_aware_diskann
pg-diskann,250000,1,w2_50,669,8.395042,1.0,10,,label_aware_diskann
pg-diskann,250000,1,w2_50,980,8.796875,1.0,10,,label_aware_diskann
pg-diskann,250000,1,w2_50,517,8.133292,0.9,10,,label_aware_diskann
pg-diskann,250000,1,w2_50,231,7.215584,1.0,10,,label_aware_diskann
pg-diskann,250000,1,w2_50,655,8.998792,1.0,10,,label_aware_diskann
pg-diskann,250000,1,w2_50,894,8.550417,1.0,10,,label_aware_diskann
pg-diskann,250000,1,w2_50,898,8.657958,1.0,10,,label_aware_diskann
pg-diskann,250000,1,w2_50,652,7.685875,1.0,10,,label_aware_diskann
pg-diskann,250000,1,w2_50,689,8.416875,1.0,10,,label_aware_diskann
pg-diskann,250000,1,w2_50,993,6.039834,1.0,10,,label_aware_diskann
pg-diskann,250000,1,w2_50,985,6.618875,1.0,10,,label_aware_diskann
pg-diskann,250000,1,w2_50,798,8.066125,1.0,10,,label_aware_diskann
pg-diskann,250000,1,w2_50,530,7.760417,0.7,10,,label_aware_diskann
pg-diskann,250000,1,w2_50,156,8.622,1.0,10,,label_aware_diskann
pg-diskann,250000,1,w2_50,770,8.715125,1.0,10,,label_aware_diskann
pg-diskann,250000,1,w2_50,130,6.649041,1.0,10,,label_aware_diskann
pg-diskann,250000,1,w2_50,294,7.285834,1.0,10,,label_aware_diskann
pg-diskann,250000,1,w2_50,621,7.600041,1.0,10,,label_aware_diskann
pg-diskann,250000,1,w2_50,597,6.9285,1.0,10,,label_aware_diskann
pg-diskann,250000,1,w2_50,940,8.640958,1.0,10,,label_aware_diskann
pg-diskann,250000,1,w2_50,711,12.099959,1.0,10,,label_aware_diskann
pg-diskann,250000,1,w2_50,557,7.840625,0.9,10,,label_aware_diskann
pg-diskann,250000,1,w2_50,826,7.407458,1.0,10,,label_aware_diskann
pg-diskann,250000,1,w2_50,452,6.659458,0.8,10,,label_aware_diskann
pg-diskann,250000,1,w2_50,945,10.088833,0.6,10,,label_aware_diskann
pg-diskann,250000,1,w2_50,386,8.760542,1.0,10,,label_aware_diskann
pg-diskann,250000,1,w2_50,749,6.21925,1.0,10,,label_aware_diskann
pg-diskann,250000,1,w2_50,675,7.537833,1.0,10,,label_aware_diskann
pg-diskann,250000,1,w2_50,762,9.365042,1.0,10,,label_aware_diskann
pg-diskann,250000,1,w2_50,197,8.729667,1.0,10,,label_aware_diskann
pg-diskann,250000,1,w2_50,587,6.836416,1.0,10,,label_aware_diskann
pg-diskann,250000,1,w2_50,299,8.375875,1.0,10,,label_aware_diskann
pg-diskann,250000,1,w2_50,769,7.659625,1.0,10,,label_aware_diskann
pg-diskann,250000,1,w2_50,569,7.017833,1.0,10,,label_aware_diskann
pg-diskann,250000,1,w2_50,437,10.429875,1.0,10,,label_aware_diskann
pg-diskann,250000,1,w2_50,416,7.33425,1.0,10,,label_aware_diskann
pg-diskann,250000,1,w2_50,778,10.5575,1.0,10,,label_aware_diskann
pg-diskann,250000,1,w2_50,844,8.07725,1.0,10,,label_aware_diskann
pg-diskann,250000,1,w2_50,407,7.772709,1.0,10,,label_aware_diskann
pg-diskann,250000,1,w2_50,578,6.927458,1.0,10,,label_aware_diskann
pg-diskann,250000,1,w2_50,913,10.054834,1.0,10,,label_aware_diskann
pg-diskann,250000,1,w2_50,333,6.332959,1.0,10,,label_aware_diskann
pg-diskann,250000,1,w2_50,326,9.183,1.0,10,,label_aware_diskann
pg-diskann,250000,1,w2_50,216,6.28425,1.0,10,,label_aware_diskann
pg-diskann,250000,1,w2_50,865,8.276875,1.0,10,,label_aware_diskann
pg-diskann,250000,1,w2_50,432,6.543625,0.8,10,,label_aware_diskann
pg-diskann,250000,1,w2_50,548,11.98525,1.0,10,,label_aware_diskann
pg-diskann,250000,1,w2_50,435,10.212792,1.0,10,,label_aware_diskann
pg-diskann,250000,1,w2_50,528,8.503375,1.0,10,,label_aware_diskann
pg-diskann,250000,1,w2_50,150,8.07225,1.0,10,,label_aware_diskann
pg-diskann,250000,1,w2_50,373,7.292166,1.0,10,,label_aware_diskann
pg-diskann,250000,1,w2_50,485,6.45225,1.0,10,,label_aware_diskann
pg-diskann,250000,1,w2_50,544,9.775333,1.0,10,,label_aware_diskann
pg-diskann,250000,1,w2_50,298,8.375208,0.9,10,,label_aware_diskann
pg-diskann,250000,1,w2_50,672,5.670125,1.0,10,,label_aware_diskann
pg-diskann,250000,1,w2_50,110,9.746792,1.0,10,,label_aware_diskann
pg-diskann,250000,1,w2_50,887,7.73825,1.0,10,,label_aware_diskann
pg-diskann,250000,1,w2_50,614,8.777708,1.0,10,,label_aware_diskann
pg-diskann,250000,1,w2_50,759,10.07975,0.8,10,,label_aware_diskann
pg-diskann,250000,1,w2_50,937,7.2135,0.9,10,,label_aware_diskann
pg-diskann,250000,1,w2_50,837,7.4125,1.0,10,,label_aware_diskann
pg-diskann,250000,1,w2_50,944,8.21775,0.9,10,,label_aware_diskann
pg-diskann,250000,1,w2_50,410,9.42125,1.0,10,,label_aware_diskann
pg-diskann,250000,1,w2_50,149,6.941291,1.0,10,,label_aware_diskann
pg-diskann,250000,1,w2_50,679,10.649584,1.0,10,,label_aware_diskann
pg-diskann,250000,1,w2_50,719,7.977375,1.0,10,,label_aware_diskann
pg-diskann,250000,1,w2_50,970,8.094625,1.0,10,,label_aware_diskann
pg-diskann,250000,1,w2_50,783,10.034375,1.0,10,,label_aware_diskann
pg-diskann,250000,1,w2_50,571,9.956167,1.0,10,,label_aware_diskann
pg-diskann,250000,1,w2_50,330,11.171708,1.0,10,,label_aware_diskann
pg-diskann,250000,1,w2_50,488,9.40425,1.0,10,,label_aware_diskann
pg-diskann,250000,1,w2_50,444,9.424709,0.9,10,,label_aware_diskann
pg-diskann,250000,1,w2_50,267,7.918459,1.0,10,,label_aware_diskann
pg-diskann,250000,1,w2_50,277,7.386333,1.0,10,,label_aware_diskann
pg-diskann,250000,1,w2_50,493,7.246083,1.0,10,,label_aware_diskann
pg-diskann,250000,1,w2_50,107,6.07175,1.0,10,,label_aware_diskann
pg-diskann,250000,1,w2_50,860,7.890875,0.7,10,,label_aware_diskann
pg-diskann,250000,1,w2_50,976,8.607,0.8,10,,label_aware_diskann
pg-diskann,250000,1,w2_50,341,9.106167,1.0,10,,label_aware_diskann
pg-diskann,250000,1,w2_50,866,10.782625,1.0,10,,label_aware_diskann
pg-diskann,250000,1,w2_50,491,7.039292,1.0,10,,label_aware_diskann
pg-diskann,250000,1,w2_50,540,9.812667,1.0,10,,label_aware_diskann
pg-diskann,250000,1,w2_50,194,9.658625,1.0,10,,label_aware_diskann
pg-diskann,250000,1,w2_50,790,7.283,1.0,10,,label_aware_diskann
pg-diskann,250000,1,w2_50,121,8.161583,1.0,10,,label_aware_diskann
pg-diskann,250000,1,w2_50,374,7.674958,0.9,10,,label_aware_diskann
pg-diskann,250000,1,w2_50,772,8.76,0.9,10,,label_aware_diskann
pg-diskann,250000,1,w2_50,564,8.685,0.8,10,,label_aware_diskann
pg-diskann,250000,1,w2_50,366,9.076667,0.9,10,,label_aware_diskann
pg-diskann,250000,1,w2_50,551,8.183583,1.0,10,,label_aware_diskann
pg-diskann,250000,1,w2_50,556,8.069333,0.8,10,,label_aware_diskann
pg-diskann,250000,1,w2_50,361,8.466625,1.0,10,,label_aware_diskann
pg-diskann,250000,1,w2_50,306,9.091,0.8,10,,label_aware_diskann
pg-diskann,250000,1,w2_50,242,7.150833,1.0,10,,label_aware_diskann
pg-diskann,250000,1,w2_50,430,7.711917,1.0,10,,label_aware_diskann
pg-diskann,250000,1,w2_50,177,6.733833,0.9,10,,label_aware_diskann
pg-diskann,250000,1,w2_50,663,9.830084,1.0,10,,label_aware_diskann
pg-diskann,250000,1,w2_50,733,7.303625,1.0,10,,label_aware_diskann
pg-diskann,250000,1,w2_50,799,7.974042,1.0,10,,label_aware_diskann
pg-diskann,250000,1,w2_50,342,9.907,0.9,10,,label_aware_diskann
pg-diskann,250000,1,w2_50,472,8.673708,1.0,10,,label_aware_diskann
pg-diskann,250000,1,w2_50,746,9.18025,1.0,10,,label_aware_diskann
pg-diskann,250000,1,w2_50,122,7.846125,1.0,10,,label_aware_diskann
pg-diskann,250000,1,w2_50,921,8.296709,1.0,10,,label_aware_diskann
pg-diskann,250000,1,w2_50,443,8.748541,0.9,10,,label_aware_diskann
pg-diskann,250000,1,w2_50,411,8.524458,0.9,10,,label_aware_diskann
pg-diskann,250000,1,w2_50,828,7.417666,0.9,10,,label_aware_diskann
pg-diskann,250000,1,w2_50,246,10.046292,1.0,10,,label_aware_diskann
pg-diskann,250000,1,w2_50,905,8.4995,1.0,10,,label_aware_diskann
pg-diskann,250000,1,w2_50,261,6.89425,1.0,10,,label_aware_diskann
pg-diskann,250000,1,w2_50,673,9.276833,1.0,10,,label_aware_diskann
pg-diskann,250000,1,w2_50,954,8.123958,1.0,10,,label_aware_diskann
pg-diskann,250000,1,w2_50,979,9.521917,1.0,10,,label_aware_diskann
pg-diskann,250000,1,w2_50,476,9.384916,1.0,10,,label_aware_diskann
pg-diskann,250000,1,w2_50,159,8.973333,0.7,10,,label_aware_diskann
pg-diskann,250000,1,w2_50,405,7.0825,1.0,10,,label_aware_diskann
pg-diskann,250000,1,w2_50,650,7.184333,1.0,10,,label_aware_diskann
pg-diskann,250000,1,w2_50,504,6.859708,1.0,10,,label_aware_diskann
pg-diskann,250000,1,w2_50,389,8.66275,1.0,10,,label_aware_diskann
pg-diskann,250000,1,w2_50,889,9.224792,1.0,10,,label_aware_diskann
pg-diskann,250000,1,w2_50,424,8.789417,1.0,10,,label_aware_diskann
pg-diskann,250000,1,w2_50,645,7.021917,1.0,10,,label_aware_diskann
pg-diskann,250000,1,w2_50,809,7.029041,1.0,10,,label_aware_diskann
pg-diskann,250000,1,w2_50,439,7.510542,1.0,10,,label_aware_diskann
pg-diskann,250000,1,w2_50,371,8.509709,1.0,10,,label_aware_diskann
pg-diskann,250000,1,w2_50,757,6.731583,1.0,10,,label_aware_diskann
pg-diskann,250000,1,w2_50,750,6.646208,1.0,10,,label_aware_diskann
pg-diskann,250000,1,w2_50,203,6.114417,1.0,10,,label_aware_diskann
pg-diskann,250000,1,w2_50,509,8.231959,1.0,10,,label_aware_diskann
pg-diskann,250000,1,w2_50,520,7.47225,1.0,10,,label_aware_diskann
pg-diskann,250000,1,w2_50,703,8.792,1.0,10,,label_aware_diskann
pg-diskann,250000,1,w2_50,914,8.867875,1.0,10,,label_aware_diskann
pg-diskann,250000,1,w2_50,896,9.504584,0.8,10,,label_aware_diskann
pg-diskann,250000,1,w2_50,218,6.735334,1.0,10,,label_aware_diskann
pg-diskann,250000,1,w2_50,964,5.988,1.0,10,,label_aware_diskann
pg-diskann,250000,1,w2_50,942,8.563292,0.9,10,,label_aware_diskann
pg-diskann,250000,1,w2_50,873,7.674083,1.0,10,,label_aware_diskann
pg-diskann,250000,1,w2_50,283,8.004875,1.0,10,,label_aware_diskann
pg-diskann,250000,1,w2_50,607,5.900583,1.0,10,,label_aware_diskann
pg-diskann,250000,1,w2_50,518,7.438792,1.0,10,,label_aware_diskann
pg-diskann,250000,1,w2_50,600,8.209375,0.7,10,,label_aware_diskann
pg-diskann,250000,1,w2_50,101,7.294792,0.9,10,,label_aware_diskann
pg-diskann,250000,1,w2_50,501,7.436667,1.0,10,,label_aware_diskann
pg-diskann,250000,1,w2_50,467,7.637041,1.0,10,,label_aware_diskann
pg-diskann,250000,1,w2_50,553,7.600875,1.0,10,,label_aware_diskann
pg-diskann,250000,1,w2_50,775,9.036667,1.0,10,,label_aware_diskann
pg-diskann,250000,1,w2_50,626,7.619166,1.0,10,,label_aware_diskann
pg-diskann,250000,1,w2_50,124,7.999583,1.0,10,,label_aware_diskann
pg-diskann,250000,1,w2_50,403,8.716292,1.0,10,,label_aware_diskann
pg-diskann,250000,1,w2_50,380,9.967625,0.8,10,,label_aware_diskann
pg-diskann,250000,1,w2_50,207,8.594166,1.0,10,,label_aware_diskann
pg-diskann,250000,1,w2_50,789,8.177875,1.0,10,,label_aware_diskann
pg-diskann,250000,1,w2_50,717,6.993917,1.0,10,,label_aware_diskann
pg-diskann,250000,1,w2_50,300,7.598,1.0,10,,label_aware_diskann
pg-diskann,250000,1,w2_50,266,6.220958,1.0,10,,label_aware_diskann
pg-diskann,250000,1,w2_50,204,6.572792,1.0,10,,label_aware_diskann
pg-diskann,250000,1,w2_50,738,9.4335,1.0,10,,label_aware_diskann
pg-diskann,250000,1,w2_50,153,7.186709,1.0,10,,label_aware_diskann
pg-diskann,250000,1,w2_50,379,7.376458,1.0,10,,label_aware_diskann
pg-diskann,250000,1,w2_50,275,6.776584,1.0,10,,label_aware_diskann
pg-diskann,250000,1,w2_50,603,7.001084,1.0,10,,label_aware_diskann
pg-diskann,250000,1,w2_50,697,6.548167,1.0,10,,label_aware_diskann
pg-diskann,250000,1,w2_50,925,8.957459,0.8,10,,label_aware_diskann
pg-diskann,250000,1,w2_50,998,7.280417,1.0,10,,label_aware_diskann
pg-diskann,250000,1,w2_50,628,7.875083,0.9,10,,label_aware_diskann
pg-diskann,250000,1,w2_50,140,9.154,1.0,10,,label_aware_diskann
pg-diskann,250000,1,w2_50,481,7.405666,1.0,10,,label_aware_diskann
pg-diskann,250000,1,w2_50,893,9.549166,1.0,10,,label_aware_diskann
pg-diskann,250000,1,w2_50,494,7.242292,1.0,10,,label_aware_diskann
pg-diskann,250000,1,w2_50,854,8.125041,1.0,10,,label_aware_diskann
pg-diskann,250000,1,w2_50,339,6.978417,1.0,10,,label_aware_diskann
pg-diskann,250000,1,w2_50,429,8.654666,1.0,10,,label_aware_diskann
pg-diskann,250000,1,w2_50,899,8.61225,0.8,10,,label_aware_diskann
pg-diskann,250000,1,w2_50,971,9.480167,0.9,10,,label_aware_diskann
pg-diskann,250000,1,w2_50,296,8.72375,1.0,10,,label_aware_diskann
pg-diskann,250000,1,w2_50,262,8.275459,1.0,10,,label_aware_diskann
pg-diskann,250000,1,w2_50,643,9.168125,0.9,10,,label_aware_diskann
pg-diskann,250000,1,w2_50,191,8.986875,0.8,10,,label_aware_diskann
pg-diskann,250000,1,w2_50,445,8.089208,1.0,10,,label_aware_diskann
pg-diskann,250000,1,w2_50,728,6.389875,1.0,10,,label_aware_diskann
pg-diskann,250000,1,w2_50,471,7.672875,1.0,10,,label_aware_diskann
pg-diskann,250000,1,w2_50,302,8.272209,1.0,10,,label_aware_diskann
pg-diskann,250000,1,w2_50,986,7.933833,1.0,10,,label_aware_diskann
pg-diskann,250000,1,w2_50,320,6.192042,1.0,10,,label_aware_diskann
pg-diskann,250000,1,w2_50,220,7.708167,1.0,10,,label_aware_diskann
pg-diskann,250000,1,w2_50,699,6.331208,0.9,10,,label_aware_diskann
pg-diskann,250000,1,w2_50,502,6.82425,0.9,10,,label_aware_diskann
pg-diskann,250000,1,w2_50,816,8.579084,1.0,10,,label_aware_diskann
pg-diskann,250000,1,w2_50,352,7.209083,1.0,10,,label_aware_diskann
pg-diskann,250000,1,w2_50,727,7.702083,1.0,10,,label_aware_diskann
pg-diskann,250000,1,w2_50,700,8.667333,1.0,10,,label_aware_diskann
pg-diskann,250000,1,w2_50,454,6.844667,1.0,10,,label_aware_diskann
pg-diskann,250000,1,w2_50,723,7.291291,1.0,10,,label_aware_diskann
pg-diskann,250000,1,w2_50,875,11.897459,1.0,10,,label_aware_diskann
pg-diskann,250000,1,w2_50,581,7.865542,0.9,10,,label_aware_diskann
pg-diskann,250000,1,w2_50,128,7.171625,0.9,10,,label_aware_diskann
pg-diskann,250000,1,w2_50,582,10.185583,0.8,10,,label_aware_diskann
pg-diskann,250000,1,w2_50,174,6.376833,1.0,10,,label_aware_diskann
pg-diskann,250000,1,w2_50,170,7.56175,0.8,10,,label_aware_diskann
pg-diskann,250000,1,w2_50,236,9.894125,0.7,10,,label_aware_diskann
pg-diskann,250000,1,w2_50,813,7.516209,1.0,10,,label_aware_diskann
pg-diskann,250000,1,w2_50,486,8.125208,1.0,10,,label_aware_diskann
pg-diskann,250000,1,w2_50,718,7.143791,1.0,10,,label_aware_diskann
pg-diskann,250000,1,w2_50,951,12.250708,1.0,10,,label_aware_diskann
pg-diskann,250000,1,w2_50,631,7.916417,1.0,10,,label_aware_diskann
pg-diskann,250000,1,w2_50,555,11.096208,0.7,10,,label_aware_diskann
pg-diskann,250000,1,w2_50,928,8.286,1.0,10,,label_aware_diskann
pg-diskann,250000,1,w2_50,644,5.669167,1.0,10,,label_aware_diskann
pg-diskann,250000,1,w2_50,741,8.039042,0.9,10,,label_aware_diskann
pg-diskann,250000,1,w2_50,104,7.203209,1.0,10,,label_aware_diskann
pg-diskann,250000,1,w2_50,619,10.7355,1.0,10,,label_aware_diskann
pg-diskann,250000,1,w2_50,198,9.578083,1.0,10,,label_aware_diskann
pg-diskann,250000,1,w2_50,202,6.566666,1.0,10,,label_aware_diskann
pg-diskann,250000,1,w2_50,768,8.448167,0.9,10,,label_aware_diskann
pg-diskann,250000,1,w2_50,470,9.31275,1.0,10,,label_aware_diskann
pg-diskann,250000,1,w2_50,575,7.262542,1.0,10,,label_aware_diskann
pg-diskann,250000,1,w2_50,255,6.256666,0.9,10,,label_aware_diskann
pg-diskann,250000,1,w2_50,959,13.442916,1.0,10,,label_aware_diskann
pg-diskann,250000,1,w2_50,966,9.537541,0.8,10,,label_aware_diskann
pg-diskann,250000,1,w2_50,377,9.122709,1.0,10,,label_aware_diskann
pg-diskann,250000,1,w2_50,497,7.885417,1.0,10,,label_aware_diskann
pg-diskann,250000,1,w2_50,357,6.64525,1.0,10,,label_aware_diskann
pg-diskann,250000,1,w2_50,315,6.79825,1.0,10,,label_aware_diskann
pg-diskann,250000,1,w2_50,670,6.562583,1.0,10,,label_aware_diskann
pg-diskann,250000,1,w2_50,807,7.064417,1.0,10,,label_aware_diskann
pg-diskann,250000,1,w2_50,862,8.096791,0.9,10,,label_aware_diskann
pg-diskann,250000,1,w2_50,406,6.061375,1.0,10,,label_aware_diskann
pg-diskann,250000,1,w2_50,843,8.437083,1.0,10,,label_aware_diskann
pg-diskann,250000,1,w2_50,792,8.243041,1.0,10,,label_aware_diskann
pg-diskann,250000,1,w2_50,641,6.842542,1.0,10,,label_aware_diskann
pg-diskann,250000,1,w2_50,876,10.138125,0.8,10,,label_aware_diskann
pg-diskann,250000,1,w2_50,304,7.2535,1.0,10,,label_aware_diskann
pg-diskann,250000,1,w2_50,624,9.567125,0.8,10,,label_aware_diskann
pg-diskann,250000,1,w2_50,351,8.042542,1.0,10,,label_aware_diskann
pg-diskann,250000,1,w2_50,983,8.898791,1.0,10,,label_aware_diskann
pg-diskann,250000,1,w2_50,268,8.345083,1.0,10,,label_aware_diskann
pg-diskann,250000,1,w2_50,358,8.060083,1.0,10,,label_aware_diskann
pg-diskann,250000,1,w2_50,943,7.817708,1.0,10,,label_aware_diskann
pg-diskann,250000,1,w2_50,324,9.252417,0.6,10,,label_aware_diskann
pg-diskann,250000,1,w2_50,383,7.122958,1.0,10,,label_aware_diskann
pg-diskann,250000,1,w2_50,463,4.967167,1.0,10,,label_aware_diskann
pg-diskann,250000,1,w2_50,345,6.124875,0.9,10,,label_aware_diskann
pg-diskann,250000,1,w2_50,222,7.67375,0.7,10,,label_aware_diskann
pg-diskann,250000,1,w2_50,489,8.09125,1.0,10,,label_aware_diskann
pg-diskann,250000,1,w2_50,767,7.419125,0.9,10,,label_aware_diskann
pg-diskann,250000,1,w2_50,908,8.998042,0.9,10,,label_aware_diskann
pg-diskann,250000,1,w2_50,562,6.334333,1.0,10,,label_aware_diskann
pg-diskann,250000,1,w2_50,451,7.968125,0.9,10,,label_aware_diskann
pg-diskann,250000,1,w2_50,135,8.657167,1.0,10,,label_aware_diskann
pg-diskann,250000,1,w2_50,800,9.081792,1.0,10,,label_aware_diskann
pg-diskann,250000,1,w2_50,188,10.045875,1.0,10,,label_aware_diskann
pg-diskann,250000,1,w2_50,312,7.816042,1.0,10,,label_aware_diskann
pg-diskann,250000,1,w2_50,867,7.94725,0.8,10,,label_aware_diskann
pg-diskann,250000,1,w2_50,709,7.753667,1.0,10,,label_aware_diskann
pg-diskann,250000,1,w2_50,272,7.494167,1.0,10,,label_aware_diskann
pg-diskann,250000,1,w2_50,877,6.03675,1.0,10,,label_aware_diskann
pg-diskann,250000,1,w2_50,139,11.552333,1.0,10,,label_aware_diskann
pg-diskann,250000,1,w2_50,327,7.483958,0.9,10,,label_aware_diskann
pg-diskann,250000,1,w2_50,941,8.250708,1.0,10,,label_aware_diskann
pg-diskann,250000,1,w2_50,765,7.618583,1.0,10,,label_aware_diskann
pg-diskann,250000,1,w2_50,248,8.457167,1.0,10,,label_aware_diskann
pg-diskann,250000,1,w2_50,855,6.768125,1.0,10,,label_aware_diskann
pg-diskann,250000,1,w2_50,838,8.838791,1.0,10,,label_aware_diskann
pg-diskann,250000,1,w2_50,617,7.184,1.0,10,,label_aware_diskann
pg-diskann,250000,1,w2_50,468,6.903125,1.0,10,,label_aware_diskann
pg-diskann,250000,1,w2_50,243,5.928875,1.0,10,,label_aware_diskann
pg-diskann,250000,1,w2_50,927,8.727042,1.0,10,,label_aware_diskann
pg-diskann,250000,1,w2_50,338,7.285084,0.8,10,,label_aware_diskann
pg-diskann,250000,1,w2_50,845,8.513167,1.0,10,,label_aware_diskann
pg-diskann,250000,1,w2_50,525,7.988625,1.0,10,,label_aware_diskann
pg-diskann,250000,1,w2_50,879,5.845292,1.0,10,,label_aware_diskann
pg-diskann,250000,1,w2_50,588,11.575125,0.8,10,,label_aware_diskann
pg-diskann,250000,1,w2_50,506,8.129583,0.8,10,,label_aware_diskann
pg-diskann,250000,1,w2_50,258,8.725583,1.0,10,,label_aware_diskann
pg-diskann,250000,1,w2_50,274,7.878459,1.0,10,,label_aware_diskann
pg-diskann,250000,1,w2_50,550,7.147917,1.0,10,,label_aware_diskann
pg-diskann,250000,1,w2_50,608,7.953458,1.0,10,,label_aware_diskann
pg-diskann,250000,1,w2_50,254,6.956042,1.0,10,,label_aware_diskann
pg-diskann,250000,1,w2_50,458,8.566167,1.0,10,,label_aware_diskann
pg-diskann,250000,1,w2_50,646,5.277166,1.0,10,,label_aware_diskann
pg-diskann,250000,1,w2_50,714,7.759709,0.9,10,,label_aware_diskann
pg-diskann,250000,1,w2_50,168,5.947125,1.0,10,,label_aware_diskann
pg-diskann,250000,1,w2_50,533,7.273041,1.0,10,,label_aware_diskann
pg-diskann,250000,1,w2_50,912,8.373083,1.0,10,,label_aware_diskann
pg-diskann,250000,1,w2_50,414,8.79275,1.0,10,,label_aware_diskann
pg-diskann,250000,1,w2_50,832,7.320791,1.0,10,,label_aware_diskann
pg-diskann,250000,1,w2_50,187,8.958917,1.0,10,,label_aware_diskann
pg-diskann,250000,1,w2_50,237,6.913541,1.0,10,,label_aware_diskann
pg-diskann,250000,1,w2_50,190,8.915417,1.0,10,,label_aware_diskann
pg-diskann,250000,1,w2_50,103,7.074375,1.0,10,,label_aware_diskann
pg-diskann,250000,1,w2_50,861,7.87525,1.0,10,,label_aware_diskann
pg-diskann,250000,1,w2_50,922,8.290708,1.0,10,,label_aware_diskann
pg-diskann,250000,1,w2_50,219,7.700542,1.0,10,,label_aware_diskann
pg-diskann,250000,1,w2_50,474,11.63375,1.0,10,,label_aware_diskann
pg-diskann,250000,1,w2_50,328,8.109916,1.0,10,,label_aware_diskann
pg-diskann,250000,1,w2_50,835,6.479458,1.0,10,,label_aware_diskann
pg-diskann,250000,1,w2_50,542,11.565375,0.9,10,,label_aware_diskann
pg-diskann,250000,1,w2_50,136,8.653833,0.7,10,,label_aware_diskann
pg-diskann,250000,1,w2_50,514,12.045459,1.0,10,,label_aware_diskann
pg-diskann,250000,1,w2_50,307,8.425125,1.0,10,,label_aware_diskann
pg-diskann,250000,1,w2_50,287,7.154417,0.8,10,,label_aware_diskann
pg-diskann,250000,1,w2_50,601,9.292125,1.0,10,,label_aware_diskann
pg-diskann,250000,1,w2_50,917,6.851333,0.9,10,,label_aware_diskann
pg-diskann,250000,1,w2_50,616,9.632459,0.6,10,,label_aware_diskann
pg-diskann,250000,1,w2_50,313,5.585625,1.0,10,,label_aware_diskann
pg-diskann,250000,1,w2_50,322,8.003708,1.0,10,,label_aware_diskann
pg-diskann,250000,1,w2_50,806,8.874125,1.0,10,,label_aware_diskann
pg-diskann,250000,1,w2_50,529,7.963541,1.0,10,,label_aware_diskann
pg-diskann,250000,1,w2_50,991,6.955334,1.0,10,,label_aware_diskann
pg-diskann,250000,1,w2_50,683,5.914375,1.0,10,,label_aware_diskann
pg-diskann,250000,1,w2_50,259,5.744958,1.0,10,,label_aware_diskann
pg-diskann,250000,1,w2_50,480,8.929,1.0,10,,label_aware_diskann
pg-diskann,250000,1,w2_50,464,9.977333,1.0,10,,label_aware_diskann
pg-diskann,250000,1,w2_50,786,9.911833,1.0,10,,label_aware_diskann
pg-diskann,250000,1,w2_50,297,9.150834,1.0,10,,label_aware_diskann
pg-diskann,250000,1,w2_50,462,6.699459,1.0,10,,label_aware_diskann
pg-diskann,250000,1,w2_50,825,8.413333,1.0,10,,label_aware_diskann
pg-diskann,250000,1,w2_50,239,8.573583,1.0,10,,label_aware_diskann
pg-diskann,250000,1,w2_50,457,8.217375,1.0,10,,label_aware_diskann
pg-diskann,250000,1,w2_50,595,7.246542,1.0,10,,label_aware_diskann
pg-diskann,250000,1,w2_50,175,8.69125,1.0,10,,label_aware_diskann
pg-diskann,250000,1,w2_50,647,7.028833,1.0,10,,label_aware_diskann
pg-diskann,250000,1,w2_50,228,8.391666,1.0,10,,label_aware_diskann
pg-diskann,250000,1,w2_50,632,8.3855,1.0,10,,label_aware_diskann
pg-diskann,250000,1,w2_50,356,7.31725,0.9,10,,label_aware_diskann
pg-diskann,250000,1,w2_50,858,6.999792,1.0,10,,label_aware_diskann
pg-diskann,250000,1,w2_50,987,6.08325,1.0,10,,label_aware_diskann
pg-diskann,250000,1,w2_50,560,5.806458,1.0,10,,label_aware_diskann
pg-diskann,250000,1,w2_50,576,9.045209,0.6,10,,label_aware_diskann
pg-diskann,250000,1,w2_50,996,7.821042,1.0,10,,label_aware_diskann
pg-diskann,250000,1,w2_50,758,8.754708,0.9,10,,label_aware_diskann
pg-diskann,250000,1,w2_50,565,9.197583,1.0,10,,label_aware_diskann
pg-diskann,250000,1,w2_50,815,8.647875,0.9,10,,label_aware_diskann
pg-diskann,250000,1,w2_50,138,6.895709,0.9,10,,label_aware_diskann
pg-diskann,250000,1,w2_50,178,7.565166,1.0,10,,label_aware_diskann
pg-diskann,250000,1,w2_50,992,9.270583,0.9,10,,label_aware_diskann
pg-diskann,250000,1,w2_50,853,9.833542,0.9,10,,label_aware_diskann
pg-diskann,250000,1,w2_50,549,7.976667,1.0,10,,label_aware_diskann
pg-diskann,250000,1,w2_50,440,6.59525,1.0,10,,label_aware_diskann
pg-diskann,250000,1,w2_50,117,5.695375,1.0,10,,label_aware_diskann
pg-diskann,250000,1,w2_50,794,9.07425,1.0,10,,label_aware_diskann
pg-diskann,250000,1,w2_50,888,8.896917,1.0,10,,label_aware_diskann
pg-diskann,250000,1,w2_50,864,6.732417,1.0,10,,label_aware_diskann
pg-diskann,250000,1,w2_50,523,6.978,1.0,10,,label_aware_diskann
pg-diskann,250000,1,w2_50,368,6.603917,1.0,10,,label_aware_diskann
pg-diskann,250000,1,w2_50,285,6.678041,1.0,10,,label_aware_diskann
pg-diskann,250000,1,w2_50,642,8.3135,1.0,10,,label_aware_diskann
pg-diskann,250000,1,w2_50,421,8.028709,0.9,10,,label_aware_diskann
pg-diskann,250000,1,w2_50,348,8.627875,1.0,10,,label_aware_diskann
pg-diskann,250000,1,w2_50,260,8.312334,1.0,10,,label_aware_diskann
pg-diskann,250000,1,w2_50,785,8.471166,0.9,10,,label_aware_diskann
pg-diskann,250000,1,w2_50,200,6.756791,1.0,10,,label_aware_diskann
pg-diskann,250000,1,w2_50,395,7.627,1.0,10,,label_aware_diskann
pg-diskann,250000,1,w2_50,975,6.132042,1.0,10,,label_aware_diskann
pg-diskann,250000,1,w2_50,505,9.793625,1.0,10,,label_aware_diskann
pg-diskann,250000,1,w2_50,881,7.146958,1.0,10,,label_aware_diskann
pg-diskann,250000,1,w2_50,510,9.183875,0.8,10,,label_aware_diskann
pg-diskann,250000,1,w2_50,612,7.405083,1.0,10,,label_aware_diskann
pg-diskann,250000,1,w2_50,730,8.379125,1.0,10,,label_aware_diskann
pg-diskann,250000,1,w2_50,349,10.72325,0.9,10,,label_aware_diskann
pg-diskann,250000,1,w2_50,215,8.470583,1.0,10,,label_aware_diskann
pg-diskann,250000,1,w2_50,492,5.8685,1.0,10,,label_aware_diskann
pg-diskann,250000,1,w2_50,682,8.597792,1.0,10,,label_aware_diskann
pg-diskann,250000,1,w2_50,295,7.395291,1.0,10,,label_aware_diskann
pg-diskann,250000,1,w2_50,662,8.323417,1.0,10,,label_aware_diskann
pg-diskann,250000,1,w2_50,725,6.98275,1.0,10,,label_aware_diskann
pg-diskann,250000,1,w2_50,335,8.015458,1.0,10,,label_aware_diskann
pg-diskann,250000,1,w2_50,102,6.849416,1.0,10,,label_aware_diskann
pg-diskann,250000,1,w2_50,661,6.208,1.0,10,,label_aware_diskann
pg-diskann,250000,1,w2_50,123,6.941833,1.0,10,,label_aware_diskann
pg-diskann,250000,1,w2_50,688,6.573125,1.0,10,,label_aware_diskann
pg-diskann,250000,1,w2_50,869,8.15075,1.0,10,,label_aware_diskann
pg-diskann,250000,1,w2_50,446,6.842208,1.0,10,,label_aware_diskann
pg-diskann,250000,1,w2_50,911,7.271709,1.0,10,,label_aware_diskann
pg-diskann,250000,1,w2_50,808,6.955375,1.0,10,,label_aware_diskann
pg-diskann,250000,1,w2_50,982,6.512959,1.0,10,,label_aware_diskann
pg-diskann,250000,1,w2_50,382,7.349084,1.0,10,,label_aware_diskann
pg-diskann,250000,1,w2_50,872,6.653833,1.0,10,,label_aware_diskann
pg-diskann,250000,1,w2_50,766,7.009792,1.0,10,,label_aware_diskann
pg-diskann,250000,1,w2_50,739,5.604208,1.0,10,,label_aware_diskann
pg-diskann,250000,1,w2_50,223,7.365333,0.9,10,,label_aware_diskann
pg-diskann,250000,1,w2_50,109,6.436792,1.0,10,,label_aware_diskann
pg-diskann,250000,1,w2_50,270,6.739166,0.9,10,,label_aware_diskann
pg-diskann,250000,1,w2_50,722,7.495791,0.9,10,,label_aware_diskann
pg-diskann,250000,1,w2_50,561,12.782375,1.0,10,,label_aware_diskann
pg-diskann,250000,1,w2_50,734,6.39225,0.8,10,,label_aware_diskann
pg-diskann,250000,1,w2_50,916,8.826625,1.0,10,,label_aware_diskann
pg-diskann,250000,1,w2_50,316,8.585916,1.0,10,,label_aware_diskann
pg-diskann,250000,1,w2_50,286,9.102208,1.0,10,,label_aware_diskann
pg-diskann,250000,1,w2_50,422,7.329708,1.0,10,,label_aware_diskann
pg-diskann,250000,1,w2_50,708,6.90425,1.0,10,,label_aware_diskann
pg-diskann,250000,1,w2_50,687,8.718292,0.6,10,,label_aware_diskann
pg-diskann,250000,1,w2_50,240,8.216667,1.0,10,,label_aware_diskann
pg-diskann,250000,1,w2_50,676,8.426459,1.0,10,,label_aware_diskann
pg-diskann,250000,1,w2_50,586,5.838208,1.0,10,,label_aware_diskann
pg-diskann,250000,1,w2_50,336,8.802458,1.0,10,,label_aware_diskann
pg-diskann,250000,1,w2_50,930,9.979458,0.9,10,,label_aware_diskann
pg-diskann,250000,1,w2_50,579,8.383,0.6,10,,label_aware_diskann
pg-diskann,250000,1,w2_50,791,7.563584,1.0,10,,label_aware_diskann
pg-diskann,250000,1,w2_50,282,10.237333,1.0,10,,label_aware_diskann
pg-diskann,250000,1,w2_50,950,4.958667,1.0,10,,label_aware_diskann
pg-diskann,250000,1,w2_50,999,8.914625,1.0,10,,label_aware_diskann
pg-diskann,250000,1,w2_50,659,9.658791,0.8,10,,label_aware_diskann
pg-diskann,250000,1,w2_50,803,8.568834,0.9,10,,label_aware_diskann
pg-diskann,250000,1,w2_50,849,8.19425,1.0,10,,label_aware_diskann
pg-diskann,250000,1,w2_50,818,7.020708,1.0,10,,label_aware_diskann
pg-diskann,250000,1,w2_50,195,7.347958,1.0,10,,label_aware_diskann
pg-diskann,250000,1,w2_50,743,9.145625,1.0,10,,label_aware_diskann
pg-diskann,250000,1,w2_50,129,12.628833,0.8,10,,label_aware_diskann
pg-diskann,250000,1,w2_50,598,8.277625,1.0,10,,label_aware_diskann
pg-diskann,250000,1,w2_50,764,7.816083,1.0,10,,label_aware_diskann
pg-diskann,250000,1,w2_50,701,8.027291,1.0,10,,label_aware_diskann
pg-diskann,250000,1,w2_50,692,7.56625,1.0,10,,label_aware_diskann
pg-diskann,250000,1,w2_50,735,7.578834,1.0,10,,label_aware_diskann
pg-diskann,250000,1,w2_50,874,8.084958,0.9,10,,label_aware_diskann
pg-diskann,250000,1,w2_50,224,7.714542,0.9,10,,label_aware_diskann
pg-diskann,250000,1,w2_50,752,9.069209,1.0,10,,label_aware_diskann
pg-diskann,250000,1,w2_50,535,7.755958,1.0,10,,label_aware_diskann
pg-diskann,250000,1,w2_50,329,7.74625,1.0,10,,label_aware_diskann
pg-diskann,250000,1,w2_50,610,7.685209,1.0,10,,label_aware_diskann
pg-diskann,250000,1,w2_50,705,7.009583,0.8,10,,label_aware_diskann
pg-diskann,250000,1,w2_50,251,4.933,1.0,10,,label_aware_diskann
pg-diskann,250000,1,w2_50,584,8.306958,0.9,10,,label_aware_diskann
pg-diskann,250000,1,w2_50,742,8.051625,0.9,10,,label_aware_diskann
pg-diskann,250000,1,w2_50,496,7.285542,1.0,10,,label_aware_diskann
pg-diskann,250000,1,w2_50,152,8.806541,0.9,10,,label_aware_diskann
pg-diskann,250000,1,w2_50,381,7.107417,1.0,10,,label_aware_diskann
pg-diskann,250000,1,w2_50,115,9.17775,1.0,10,,label_aware_diskann
pg-diskann,250000,1,w2_50,186,8.086166,1.0,10,,label_aware_diskann
pg-diskann,250000,1,w2_50,235,6.960959,1.0,10,,label_aware_diskann
pg-diskann,250000,1,w2_50,289,7.566208,1.0,10,,label_aware_diskann
pg-diskann,250000,1,w2_50,459,8.802959,0.9,10,,label_aware_diskann
pg-diskann,250000,1,w2_50,878,7.775458,1.0,10,,label_aware_diskann
pg-diskann,250000,1,w2_50,398,8.390666,0.7,10,,label_aware_diskann
pg-diskann,250000,1,w2_50,365,6.357208,1.0,10,,label_aware_diskann
pg-diskann,250000,1,w2_50,801,8.397125,1.0,10,,label_aware_diskann
pg-diskann,250000,1,w2_50,433,7.768333,1.0,10,,label_aware_diskann
pg-diskann,250000,1,w2_50,890,5.802375,1.0,10,,label_aware_diskann
pg-diskann,250000,1,w2_50,969,6.158875,0.9,10,,label_aware_diskann
pg-diskann,250000,1,w2_50,516,6.697584,1.0,10,,label_aware_diskann
pg-diskann,250000,1,w2_50,511,8.497125,1.0,10,,label_aware_diskann
pg-diskann,250000,1,w2_50,473,8.892625,1.0,10,,label_aware_diskann
pg-diskann,250000,1,w2_50,134,9.968208,0.8,10,,label_aware_diskann
pg-diskann,250000,1,w2_50,852,7.777834,1.0,10,,label_aware_diskann
pg-diskann,250000,1,w2_50,715,6.998833,1.0,10,,label_aware_diskann
pg-diskann,250000,1,w2_10,843,9.200708,1.0,10,,label_aware_diskann
pg-diskann,250000,1,w2_10,419,11.839583,0.7,10,,label_aware_diskann
pg-diskann,250000,1,w2_10,383,19.30325,1.0,10,,label_aware_diskann
pg-diskann,250000,1,w2_10,366,13.08975,0.9,10,,label_aware_diskann
pg-diskann,250000,1,w2_10,436,14.044416,0.9,10,,label_aware_diskann
pg-diskann,250000,1,w2_10,234,14.515041,1.0,10,,label_aware_diskann
pg-diskann,250000,1,w2_10,964,10.862791,1.0,10,,label_aware_diskann
pg-diskann,250000,1,w2_10,630,15.0955,1.0,10,,label_aware_diskann
pg-diskann,250000,1,w2_10,480,11.790209,0.9,10,,label_aware_diskann
pg-diskann,250000,1,w2_10,243,11.277333,1.0,10,,label_aware_diskann
pg-diskann,250000,1,w2_10,733,12.011208,1.0,10,,label_aware_diskann
pg-diskann,250000,1,w2_10,437,11.76775,1.0,10,,label_aware_diskann
pg-diskann,250000,1,w2_10,537,13.226708,0.9,10,,label_aware_diskann
pg-diskann,250000,1,w2_10,669,13.53025,0.9,10,,label_aware_diskann
pg-diskann,250000,1,w2_10,584,14.661708,1.0,10,,label_aware_diskann
pg-diskann,250000,1,w2_10,827,13.887584,1.0,10,,label_aware_diskann
pg-diskann,250000,1,w2_10,523,14.005708,1.0,10,,label_aware_diskann
pg-diskann,250000,1,w2_10,213,14.660834,0.8,10,,label_aware_diskann
pg-diskann,250000,1,w2_10,923,13.192916,1.0,10,,label_aware_diskann
pg-diskann,250000,1,w2_10,736,14.758792,1.0,10,,label_aware_diskann
pg-diskann,250000,1,w2_10,690,15.90875,1.0,10,,label_aware_diskann
pg-diskann,250000,1,w2_10,155,12.409,1.0,10,,label_aware_diskann
pg-diskann,250000,1,w2_10,909,15.030041,1.0,10,,label_aware_diskann
pg-diskann,250000,1,w2_10,663,14.076042,1.0,10,,label_aware_diskann
pg-diskann,250000,1,w2_10,971,14.088208,1.0,10,,label_aware_diskann
pg-diskann,250000,1,w2_10,868,15.480459,1.0,10,,label_aware_diskann
pg-diskann,250000,1,w2_10,321,13.213208,1.0,10,,label_aware_diskann
pg-diskann,250000,1,w2_10,914,12.327625,1.0,10,,label_aware_diskann
pg-diskann,250000,1,w2_10,620,13.932666,1.0,10,,label_aware_diskann
pg-diskann,250000,1,w2_10,297,16.234042,1.0,10,,label_aware_diskann
pg-diskann,250000,1,w2_10,180,15.251875,1.0,10,,label_aware_diskann
pg-diskann,250000,1,w2_10,283,11.857958,1.0,10,,label_aware_diskann
pg-diskann,250000,1,w2_10,845,12.633166,1.0,10,,label_aware_diskann
pg-diskann,250000,1,w2_10,142,14.050625,1.0,10,,label_aware_diskann
pg-diskann,250000,1,w2_10,126,13.980875,1.0,10,,label_aware_diskann
pg-diskann,250000,1,w2_10,748,16.197208,0.9,10,,label_aware_diskann
pg-diskann,250000,1,w2_10,501,14.19725,0.9,10,,label_aware_diskann
pg-diskann,250000,1,w2_10,508,12.305333,1.0,10,,label_aware_diskann
pg-diskann,250000,1,w2_10,711,12.995584,0.9,10,,label_aware_diskann
pg-diskann,250000,1,w2_10,854,14.236083,1.0,10,,label_aware_diskann
pg-diskann,250000,1,w2_10,464,13.618667,0.8,10,,label_aware_diskann
pg-diskann,250000,1,w2_10,979,16.12025,0.9,10,,label_aware_diskann
pg-diskann,250000,1,w2_10,760,16.017208,1.0,10,,label_aware_diskann
pg-diskann,250000,1,w2_10,945,16.98575,0.6,10,,label_aware_diskann
pg-diskann,250000,1,w2_10,397,14.195791,1.0,10,,label_aware_diskann
pg-diskann,250000,1,w2_10,158,17.240625,1.0,10,,label_aware_diskann
pg-diskann,250000,1,w2_10,980,11.602041,1.0,10,,label_aware_diskann
pg-diskann,250000,1,w2_10,660,12.273375,1.0,10,,label_aware_diskann
pg-diskann,250000,1,w2_10,361,13.978709,1.0,10,,label_aware_diskann
pg-diskann,250000,1,w2_10,477,11.355792,0.9,10,,label_aware_diskann
pg-diskann,250000,1,w2_10,624,12.970208,0.9,10,,label_aware_diskann
pg-diskann,250000,1,w2_10,703,15.166125,1.0,10,,label_aware_diskann
pg-diskann,250000,1,w2_10,796,16.931875,0.8,10,,label_aware_diskann
pg-diskann,250000,1,w2_10,930,13.608917,0.6,10,,label_aware_diskann
pg-diskann,250000,1,w2_10,495,14.12925,1.0,10,,label_aware_diskann
pg-diskann,250000,1,w2_10,591,10.640959,0.9,10,,label_aware_diskann
pg-diskann,250000,1,w2_10,257,15.524459,0.9,10,,label_aware_diskann
pg-diskann,250000,1,w2_10,869,11.427375,1.0,10,,label_aware_diskann
pg-diskann,250000,1,w2_10,459,14.739709,0.6,10,,label_aware_diskann
pg-diskann,250000,1,w2_10,281,12.912125,1.0,10,,label_aware_diskann
pg-diskann,250000,1,w2_10,318,10.002334,1.0,10,,label_aware_diskann
pg-diskann,250000,1,w2_10,399,9.173958,1.0,10,,label_aware_diskann
pg-diskann,250000,1,w2_10,274,12.564,1.0,10,,label_aware_diskann
pg-diskann,250000,1,w2_10,309,11.863,1.0,10,,label_aware_diskann
pg-diskann,250000,1,w2_10,468,10.002209,1.0,10,,label_aware_diskann
pg-diskann,250000,1,w2_10,576,13.375542,1.0,10,,label_aware_diskann
pg-diskann,250000,1,w2_10,434,10.379292,1.0,10,,label_aware_diskann
pg-diskann,250000,1,w2_10,154,11.704291,1.0,10,,label_aware_diskann
pg-diskann,250000,1,w2_10,451,10.211292,1.0,10,,label_aware_diskann
pg-diskann,250000,1,w2_10,955,10.388083,1.0,10,,label_aware_diskann
pg-diskann,250000,1,w2_10,870,9.715666,1.0,10,,label_aware_diskann
pg-diskann,250000,1,w2_10,962,13.724709,1.0,10,,label_aware_diskann
pg-diskann,250000,1,w2_10,885,17.204583,1.0,10,,label_aware_diskann
pg-diskann,250000,1,w2_10,542,17.348542,1.0,10,,label_aware_diskann
pg-diskann,250000,1,w2_10,125,13.618708,1.0,10,,label_aware_diskann
pg-diskann,250000,1,w2_10,178,13.283125,1.0,10,,label_aware_diskann
pg-diskann,250000,1,w2_10,977,13.247125,1.0,10,,label_aware_diskann
pg-diskann,250000,1,w2_10,615,13.354666,1.0,10,,label_aware_diskann
pg-diskann,250000,1,w2_10,406,13.730625,1.0,10,,label_aware_diskann
pg-diskann,250000,1,w2_10,541,13.061083,0.8,10,,label_aware_diskann
pg-diskann,250000,1,w2_10,993,12.10825,1.0,10,,label_aware_diskann
pg-diskann,250000,1,w2_10,206,14.428458,0.7,10,,label_aware_diskann
pg-diskann,250000,1,w2_10,288,13.417542,1.0,10,,label_aware_diskann
pg-diskann,250000,1,w2_10,558,13.592041,1.0,10,,label_aware_diskann
pg-diskann,250000,1,w2_10,411,13.186917,1.0,10,,label_aware_diskann
pg-diskann,250000,1,w2_10,216,10.290542,1.0,10,,label_aware_diskann
pg-diskann,250000,1,w2_10,695,15.971583,1.0,10,,label_aware_diskann
pg-diskann,250000,1,w2_10,782,13.470209,1.0,10,,label_aware_diskann
pg-diskann,250000,1,w2_10,852,14.980167,1.0,10,,label_aware_diskann
pg-diskann,250000,1,w2_10,654,16.398916,0.9,10,,label_aware_diskann
pg-diskann,250000,1,w2_10,744,13.427459,0.9,10,,label_aware_diskann
pg-diskann,250000,1,w2_10,225,12.819,1.0,10,,label_aware_diskann
pg-diskann,250000,1,w2_10,202,12.690541,1.0,10,,label_aware_diskann
pg-diskann,250000,1,w2_10,470,13.490458,1.0,10,,label_aware_diskann
pg-diskann,250000,1,w2_10,804,11.491,1.0,10,,label_aware_diskann
pg-diskann,250000,1,w2_10,265,11.666084,1.0,10,,label_aware_diskann
pg-diskann,250000,1,w2_10,675,10.804667,1.0,10,,label_aware_diskann
pg-diskann,250000,1,w2_10,465,15.407958,0.9,10,,label_aware_diskann
pg-diskann,250000,1,w2_10,803,13.982666,0.9,10,,label_aware_diskann
pg-diskann,250000,1,w2_10,956,12.791042,0.8,10,,label_aware_diskann
pg-diskann,250000,1,w2_10,239,10.508458,0.8,10,,label_aware_diskann
pg-diskann,250000,1,w2_10,761,11.0375,1.0,10,,label_aware_diskann
pg-diskann,250000,1,w2_10,881,13.036708,0.9,10,,label_aware_diskann
pg-diskann,250000,1,w2_10,536,15.406083,1.0,10,,label_aware_diskann
pg-diskann,250000,1,w2_10,915,12.616791,1.0,10,,label_aware_diskann
pg-diskann,250000,1,w2_10,324,17.734792,0.4,10,,label_aware_diskann
pg-diskann,250000,1,w2_10,128,14.2645,1.0,10,,label_aware_diskann
pg-diskann,250000,1,w2_10,241,14.2285,0.9,10,,label_aware_diskann
pg-diskann,250000,1,w2_10,428,13.710584,0.9,10,,label_aware_diskann
pg-diskann,250000,1,w2_10,486,13.733542,1.0,10,,label_aware_diskann
pg-diskann,250000,1,w2_10,570,11.226208,1.0,10,,label_aware_diskann
pg-diskann,250000,1,w2_10,593,13.280334,0.7,10,,label_aware_diskann
pg-diskann,250000,1,w2_10,618,13.185541,1.0,10,,label_aware_diskann
pg-diskann,250000,1,w2_10,989,9.689,1.0,10,,label_aware_diskann
pg-diskann,250000,1,w2_10,242,9.800375,1.0,10,,label_aware_diskann
pg-diskann,250000,1,w2_10,683,11.859,1.0,10,,label_aware_diskann
pg-diskann,250000,1,w2_10,802,13.913458,1.0,10,,label_aware_diskann
pg-diskann,250000,1,w2_10,113,12.050542,1.0,10,,label_aware_diskann
pg-diskann,250000,1,w2_10,613,12.329125,1.0,10,,label_aware_diskann
pg-diskann,250000,1,w2_10,585,18.278,1.0,10,,label_aware_diskann
pg-diskann,250000,1,w2_10,568,13.960792,0.8,10,,label_aware_diskann
pg-diskann,250000,1,w2_10,522,12.827542,1.0,10,,label_aware_diskann
pg-diskann,250000,1,w2_10,788,11.771166,0.9,10,,label_aware_diskann
pg-diskann,250000,1,w2_10,139,9.567083,1.0,10,,label_aware_diskann
pg-diskann,250000,1,w2_10,947,14.050792,0.8,10,,label_aware_diskann
pg-diskann,250000,1,w2_10,931,13.451834,1.0,10,,label_aware_diskann
pg-diskann,250000,1,w2_10,313,11.7735,1.0,10,,label_aware_diskann
pg-diskann,250000,1,w2_10,713,10.135625,1.0,10,,label_aware_diskann
pg-diskann,250000,1,w2_10,481,13.386459,0.9,10,,label_aware_diskann
pg-diskann,250000,1,w2_10,853,11.730541,0.6,10,,label_aware_diskann
pg-diskann,250000,1,w2_10,260,10.152125,1.0,10,,label_aware_diskann
pg-diskann,250000,1,w2_10,261,11.579958,0.9,10,,label_aware_diskann
pg-diskann,250000,1,w2_10,161,12.858875,1.0,10,,label_aware_diskann
pg-diskann,250000,1,w2_10,895,12.564208,0.9,10,,label_aware_diskann
pg-diskann,250000,1,w2_10,331,10.872875,1.0,10,,label_aware_diskann
pg-diskann,250000,1,w2_10,503,8.187375,1.0,10,,label_aware_diskann
pg-diskann,250000,1,w2_10,168,11.818458,1.0,10,,label_aware_diskann
pg-diskann,250000,1,w2_10,111,10.223917,1.0,10,,label_aware_diskann
pg-diskann,250000,1,w2_10,515,8.999667,1.0,10,,label_aware_diskann
pg-diskann,250000,1,w2_10,776,9.60275,0.9,10,,label_aware_diskann
pg-diskann,250000,1,w2_10,298,12.765334,1.0,10,,label_aware_diskann
pg-diskann,250000,1,w2_10,875,11.74425,1.0,10,,label_aware_diskann
pg-diskann,250000,1,w2_10,769,9.247416,1.0,10,,label_aware_diskann
pg-diskann,250000,1,w2_10,258,10.476208,1.0,10,,label_aware_diskann
pg-diskann,250000,1,w2_10,218,10.97275,1.0,10,,label_aware_diskann
pg-diskann,250000,1,w2_10,394,12.088459,0.8,10,,label_aware_diskann
pg-diskann,250000,1,w2_10,112,13.2285,0.9,10,,label_aware_diskann
pg-diskann,250000,1,w2_10,867,9.288125,1.0,10,,label_aware_diskann
pg-diskann,250000,1,w2_10,934,12.939625,0.9,10,,label_aware_diskann
pg-diskann,250000,1,w2_10,614,10.907708,0.9,10,,label_aware_diskann
pg-diskann,250000,1,w2_10,678,9.599667,0.8,10,,label_aware_diskann
pg-diskann,250000,1,w2_10,372,9.665542,1.0,10,,label_aware_diskann
pg-diskann,250000,1,w2_10,210,11.683958,0.7,10,,label_aware_diskann
pg-diskann,250000,1,w2_10,425,10.290333,0.9,10,,label_aware_diskann
pg-diskann,250000,1,w2_10,339,15.562708,1.0,10,,label_aware_diskann
pg-diskann,250000,1,w2_10,566,13.943125,0.9,10,,label_aware_diskann
pg-diskann,250000,1,w2_10,780,12.391167,1.0,10,,label_aware_diskann
pg-diskann,250000,1,w2_10,557,13.338917,1.0,10,,label_aware_diskann
pg-diskann,250000,1,w2_10,186,11.414375,1.0,10,,label_aware_diskann
pg-diskann,250000,1,w2_10,708,11.994833,1.0,10,,label_aware_diskann
pg-diskann,250000,1,w2_10,279,12.159041,1.0,10,,label_aware_diskann
pg-diskann,250000,1,w2_10,617,12.169333,0.9,10,,label_aware_diskann
pg-diskann,250000,1,w2_10,294,13.22925,1.0,10,,label_aware_diskann
pg-diskann,250000,1,w2_10,356,12.36225,1.0,10,,label_aware_diskann
pg-diskann,250000,1,w2_10,105,12.698458,0.9,10,,label_aware_diskann
pg-diskann,250000,1,w2_10,525,12.225083,0.9,10,,label_aware_diskann
pg-diskann,250000,1,w2_10,808,11.21225,1.0,10,,label_aware_diskann
pg-diskann,250000,1,w2_10,880,16.611042,0.9,10,,label_aware_diskann
pg-diskann,250000,1,w2_10,758,12.272708,0.9,10,,label_aware_diskann
pg-diskann,250000,1,w2_10,330,12.349458,1.0,10,,label_aware_diskann
pg-diskann,250000,1,w2_10,699,10.289958,1.0,10,,label_aware_diskann
pg-diskann,250000,1,w2_10,273,8.916541,1.0,10,,label_aware_diskann
pg-diskann,250000,1,w2_10,879,9.882459,1.0,10,,label_aware_diskann
pg-diskann,250000,1,w2_10,749,10.82325,1.0,10,,label_aware_diskann
pg-diskann,250000,1,w2_10,851,8.910458,1.0,10,,label_aware_diskann
pg-diskann,250000,1,w2_10,812,10.244625,1.0,10,,label_aware_diskann
pg-diskann,250000,1,w2_10,625,12.079416,1.0,10,,label_aware_diskann
pg-diskann,250000,1,w2_10,752,13.583833,0.9,10,,label_aware_diskann
pg-diskann,250000,1,w2_10,509,10.472541,1.0,10,,label_aware_diskann
pg-diskann,250000,1,w2_10,913,13.89325,1.0,10,,label_aware_diskann
pg-diskann,250000,1,w2_10,317,10.449292,1.0,10,,label_aware_diskann
pg-diskann,250000,1,w2_10,685,11.765375,0.9,10,,label_aware_diskann
pg-diskann,250000,1,w2_10,198,11.246709,1.0,10,,label_aware_diskann
pg-diskann,250000,1,w2_10,961,9.956875,1.0,10,,label_aware_diskann
pg-diskann,250000,1,w2_10,877,12.791375,1.0,10,,label_aware_diskann
pg-diskann,250000,1,w2_10,766,11.351083,1.0,10,,label_aware_diskann
pg-diskann,250000,1,w2_10,420,12.849666,1.0,10,,label_aware_diskann
pg-diskann,250000,1,w2_10,835,11.531875,1.0,10,,label_aware_diskann
pg-diskann,250000,1,w2_10,427,11.631625,0.7,10,,label_aware_diskann
pg-diskann,250000,1,w2_10,271,9.937458,0.9,10,,label_aware_diskann
pg-diskann,250000,1,w2_10,807,9.37075,1.0,10,,label_aware_diskann
pg-diskann,250000,1,w2_10,467,9.15525,0.9,10,,label_aware_diskann
pg-diskann,250000,1,w2_10,595,9.514625,1.0,10,,label_aware_diskann
pg-diskann,250000,1,w2_10,966,9.733208,0.7,10,,label_aware_diskann
pg-diskann,250000,1,w2_10,562,12.125375,1.0,10,,label_aware_diskann
pg-diskann,250000,1,w2_10,405,9.761834,1.0,10,,label_aware_diskann
pg-diskann,250000,1,w2_10,684,8.615792,1.0,10,,label_aware_diskann
pg-diskann,250000,1,w2_10,970,10.013083,1.0,10,,label_aware_diskann
pg-diskann,250000,1,w2_10,933,11.842292,1.0,10,,label_aware_diskann
pg-diskann,250000,1,w2_10,815,11.108959,0.9,10,,label_aware_diskann
pg-diskann,250000,1,w2_10,604,7.392458,1.0,10,,label_aware_diskann
pg-diskann,250000,1,w2_10,544,10.177709,1.0,10,,label_aware_diskann
pg-diskann,250000,1,w2_10,597,9.754584,1.0,10,,label_aware_diskann
pg-diskann,250000,1,w2_10,446,16.104167,0.9,10,,label_aware_diskann
pg-diskann,250000,1,w2_10,177,10.620959,1.0,10,,label_aware_diskann
pg-diskann,250000,1,w2_10,106,10.849042,1.0,10,,label_aware_diskann
pg-diskann,250000,1,w2_10,364,11.169042,1.0,10,,label_aware_diskann
pg-diskann,250000,1,w2_10,720,10.085875,0.8,10,,label_aware_diskann
pg-diskann,250000,1,w2_10,376,8.756625,0.9,10,,label_aware_diskann
pg-diskann,250000,1,w2_10,190,8.715583,1.0,10,,label_aware_diskann
pg-diskann,250000,1,w2_10,836,12.906583,1.0,10,,label_aware_diskann
pg-diskann,250000,1,w2_10,457,9.5935,1.0,10,,label_aware_diskann
pg-diskann,250000,1,w2_10,138,9.496166,1.0,10,,label_aware_diskann
pg-diskann,250000,1,w2_10,716,11.663583,1.0,10,,label_aware_diskann
pg-diskann,250000,1,w2_10,949,10.342417,1.0,10,,label_aware_diskann
pg-diskann,250000,1,w2_10,636,9.213666,1.0,10,,label_aware_diskann
pg-diskann,250000,1,w2_10,314,10.140791,0.9,10,,label_aware_diskann
pg-diskann,250000,1,w2_10,422,8.093083,1.0,10,,label_aware_diskann
pg-diskann,250000,1,w2_10,506,11.843875,0.9,10,,label_aware_diskann
pg-diskann,250000,1,w2_10,458,10.692291,1.0,10,,label_aware_diskann
pg-diskann,250000,1,w2_10,159,9.9955,0.9,10,,label_aware_diskann
pg-diskann,250000,1,w2_10,172,12.08375,0.9,10,,label_aware_diskann
pg-diskann,250000,1,w2_10,939,10.170167,1.0,10,,label_aware_diskann
pg-diskann,250000,1,w2_10,482,11.375292,0.9,10,,label_aware_diskann
pg-diskann,250000,1,w2_10,926,12.383167,0.9,10,,label_aware_diskann
pg-diskann,250000,1,w2_10,295,10.379292,1.0,10,,label_aware_diskann
pg-diskann,250000,1,w2_10,773,9.474292,1.0,10,,label_aware_diskann
pg-diskann,250000,1,w2_10,639,11.212959,1.0,10,,label_aware_diskann
pg-diskann,250000,1,w2_10,117,9.249917,1.0,10,,label_aware_diskann
pg-diskann,250000,1,w2_10,741,10.644375,1.0,10,,label_aware_diskann
pg-diskann,250000,1,w2_10,395,10.416083,1.0,10,,label_aware_diskann
pg-diskann,250000,1,w2_10,240,8.84875,1.0,10,,label_aware_diskann
pg-diskann,250000,1,w2_10,592,9.029291,1.0,10,,label_aware_diskann
pg-diskann,250000,1,w2_10,315,11.119292,1.0,10,,label_aware_diskann
pg-diskann,250000,1,w2_10,521,10.3925,1.0,10,,label_aware_diskann
pg-diskann,250000,1,w2_10,423,8.640459,1.0,10,,label_aware_diskann
pg-diskann,250000,1,w2_10,237,10.026958,0.9,10,,label_aware_diskann
pg-diskann,250000,1,w2_10,432,10.14875,0.9,10,,label_aware_diskann
pg-diskann,250000,1,w2_10,441,13.570541,0.7,10,,label_aware_diskann
pg-diskann,250000,1,w2_10,693,10.113542,1.0,10,,label_aware_diskann
pg-diskann,250000,1,w2_10,646,9.654041,1.0,10,,label_aware_diskann
pg-diskann,250000,1,w2_10,887,9.642625,0.9,10,,label_aware_diskann
pg-diskann,250000,1,w2_10,539,11.246833,1.0,10,,label_aware_diskann
pg-diskann,250000,1,w2_10,343,10.790917,0.8,10,,label_aware_diskann
pg-diskann,250000,1,w2_10,408,10.522917,1.0,10,,label_aware_diskann
pg-diskann,250000,1,w2_10,371,12.404583,1.0,10,,label_aware_diskann
pg-diskann,250000,1,w2_10,841,10.202875,1.0,10,,label_aware_diskann
pg-diskann,250000,1,w2_10,779,10.36,0.7,10,,label_aware_diskann
pg-diskann,250000,1,w2_10,605,12.207833,1.0,10,,label_aware_diskann
pg-diskann,250000,1,w2_10,417,10.871875,1.0,10,,label_aware_diskann
pg-diskann,250000,1,w2_10,952,10.031,1.0,10,,label_aware_diskann
pg-diskann,250000,1,w2_10,476,12.949042,0.8,10,,label_aware_diskann
pg-diskann,250000,1,w2_10,374,11.602,1.0,10,,label_aware_diskann
pg-diskann,250000,1,w2_10,958,10.45325,1.0,10,,label_aware_diskann
pg-diskann,250000,1,w2_10,857,9.7425,1.0,10,,label_aware_diskann
pg-diskann,250000,1,w2_10,661,9.383917,0.8,10,,label_aware_diskann
pg-diskann,250000,1,w2_10,899,10.07175,1.0,10,,label_aware_diskann
pg-diskann,250000,1,w2_10,244,8.608125,1.0,10,,label_aware_diskann
pg-diskann,250000,1,w2_10,860,8.899375,1.0,10,,label_aware_diskann
pg-diskann,250000,1,w2_10,474,7.569417,1.0,10,,label_aware_diskann
pg-diskann,250000,1,w2_10,866,8.984167,1.0,10,,label_aware_diskann
pg-diskann,250000,1,w2_10,904,9.902125,0.4,10,,label_aware_diskann
pg-diskann,250000,1,w2_10,312,8.787292,1.0,10,,label_aware_diskann
pg-diskann,250000,1,w2_10,107,8.002834,1.0,10,,label_aware_diskann
pg-diskann,250000,1,w2_10,325,12.641125,0.5,10,,label_aware_diskann
pg-diskann,250000,1,w2_10,677,9.566208,1.0,10,,label_aware_diskann
pg-diskann,250000,1,w2_10,905,9.37825,1.0,10,,label_aware_diskann
pg-diskann,250000,1,w2_10,502,7.976417,1.0,10,,label_aware_diskann
pg-diskann,250000,1,w2_10,611,9.568666,1.0,10,,label_aware_diskann
pg-diskann,250000,1,w2_10,817,11.295125,1.0,10,,label_aware_diskann
pg-diskann,250000,1,w2_10,421,11.089291,1.0,10,,label_aware_diskann
pg-diskann,250000,1,w2_10,825,10.023875,1.0,10,,label_aware_diskann
pg-diskann,250000,1,w2_10,560,9.261041,1.0,10,,label_aware_diskann
pg-diskann,250000,1,w2_10,316,11.376,1.0,10,,label_aware_diskann
pg-diskann,250000,1,w2_10,473,11.232583,1.0,10,,label_aware_diskann
pg-diskann,250000,1,w2_10,212,10.040875,1.0,10,,label_aware_diskann
pg-diskann,250000,1,w2_10,671,13.175,0.9,10,,label_aware_diskann
pg-diskann,250000,1,w2_10,680,11.339791,1.0,10,,label_aware_diskann
pg-diskann,250000,1,w2_10,692,9.306125,1.0,10,,label_aware_diskann
pg-diskann,250000,1,w2_10,304,11.836458,0.9,10,,label_aware_diskann
pg-diskann,250000,1,w2_10,674,10.879084,0.9,10,,label_aware_diskann
pg-diskann,250000,1,w2_10,285,10.749916,1.0,10,,label_aware_diskann
pg-diskann,250000,1,w2_10,303,9.10375,1.0,10,,label_aware_diskann
pg-diskann,250000,1,w2_10,791,10.664083,0.9,10,,label_aware_diskann
pg-diskann,250000,1,w2_10,666,9.460916,1.0,10,,label_aware_diskann
pg-diskann,250000,1,w2_10,507,10.298459,1.0,10,,label_aware_diskann
pg-diskann,250000,1,w2_10,896,11.826875,0.7,10,,label_aware_diskann
pg-diskann,250000,1,w2_10,302,10.821084,1.0,10,,label_aware_diskann
pg-diskann,250000,1,w2_10,221,9.215958,1.0,10,,label_aware_diskann
pg-diskann,250000,1,w2_10,686,10.021792,0.9,10,,label_aware_diskann
pg-diskann,250000,1,w2_10,701,12.246958,1.0,10,,label_aware_diskann
pg-diskann,250000,1,w2_10,588,11.036458,0.8,10,,label_aware_diskann
pg-diskann,250000,1,w2_10,725,8.360542,1.0,10,,label_aware_diskann
pg-diskann,250000,1,w2_10,192,10.175791,0.7,10,,label_aware_diskann
pg-diskann,250000,1,w2_10,572,14.361625,0.9,10,,label_aware_diskann
pg-diskann,250000,1,w2_10,668,9.723167,1.0,10,,label_aware_diskann
pg-diskann,250000,1,w2_10,344,7.966667,0.9,10,,label_aware_diskann
pg-diskann,250000,1,w2_10,828,10.426459,1.0,10,,label_aware_diskann
pg-diskann,250000,1,w2_10,513,11.4335,0.8,10,,label_aware_diskann
pg-diskann,250000,1,w2_10,609,9.994625,1.0,10,,label_aware_diskann
pg-diskann,250000,1,w2_10,100,8.961375,1.0,10,,label_aware_diskann
pg-diskann,250000,1,w2_10,136,8.01025,0.9,10,,label_aware_diskann
pg-diskann,250000,1,w2_10,263,11.346833,1.0,10,,label_aware_diskann
pg-diskann,250000,1,w2_10,855,9.169042,1.0,10,,label_aware_diskann
pg-diskann,250000,1,w2_10,742,11.858417,1.0,10,,label_aware_diskann
pg-diskann,250000,1,w2_10,616,9.568,1.0,10,,label_aware_diskann
pg-diskann,250000,1,w2_10,770,11.053792,0.6,10,,label_aware_diskann
pg-diskann,250000,1,w2_10,197,11.415542,1.0,10,,label_aware_diskann
pg-diskann,250000,1,w2_10,664,11.737625,0.5,10,,label_aware_diskann
pg-diskann,250000,1,w2_10,715,12.672041,0.9,10,,label_aware_diskann
pg-diskann,250000,1,w2_10,431,8.829375,0.9,10,,label_aware_diskann
pg-diskann,250000,1,w2_10,924,9.664125,1.0,10,,label_aware_diskann
pg-diskann,250000,1,w2_10,175,11.254625,1.0,10,,label_aware_diskann
pg-diskann,250000,1,w2_10,388,8.692875,1.0,10,,label_aware_diskann
pg-diskann,250000,1,w2_10,689,7.860375,1.0,10,,label_aware_diskann
pg-diskann,250000,1,w2_10,370,12.257417,0.8,10,,label_aware_diskann
pg-diskann,250000,1,w2_10,987,11.612209,0.9,10,,label_aware_diskann
pg-diskann,250000,1,w2_10,642,10.215708,0.9,10,,label_aware_diskann
pg-diskann,250000,1,w2_10,954,11.475,1.0,10,,label_aware_diskann
pg-diskann,250000,1,w2_10,606,8.1345,1.0,10,,label_aware_diskann
pg-diskann,250000,1,w2_10,994,11.885375,0.9,10,,label_aware_diskann
pg-diskann,250000,1,w2_10,967,11.892208,0.9,10,,label_aware_diskann
pg-diskann,250000,1,w2_10,254,11.029458,0.7,10,,label_aware_diskann
pg-diskann,250000,1,w2_10,148,11.439833,0.9,10,,label_aware_diskann
pg-diskann,250000,1,w2_10,246,13.780167,0.8,10,,label_aware_diskann
pg-diskann,250000,1,w2_10,547,14.649125,0.9,10,,label_aware_diskann
pg-diskann,250000,1,w2_10,712,65.99925,1.0,10,,label_aware_diskann
pg-diskann,250000,1,w2_10,453,15.465875,1.0,10,,label_aware_diskann
pg-diskann,250000,1,w2_10,925,17.357583,0.7,10,,label_aware_diskann
pg-diskann,250000,1,w2_10,619,15.534834,1.0,10,,label_aware_diskann
pg-diskann,250000,1,w2_10,137,25.50475,1.0,10,,label_aware_diskann
pg-diskann,250000,1,w2_10,351,13.42225,1.0,10,,label_aware_diskann
pg-diskann,250000,1,w2_10,694,13.989542,1.0,10,,label_aware_diskann
pg-diskann,250000,1,w2_10,746,15.267458,1.0,10,,label_aware_diskann
pg-diskann,250000,1,w2_10,578,13.833667,1.0,10,,label_aware_diskann
pg-diskann,250000,1,w2_10,363,13.159083,1.0,10,,label_aware_diskann
pg-diskann,250000,1,w2_10,301,12.9855,1.0,10,,label_aware_diskann
pg-diskann,250000,1,w2_10,426,13.623792,0.9,10,,label_aware_diskann
pg-diskann,250000,1,w2_10,732,14.412375,1.0,10,,label_aware_diskann
pg-diskann,250000,1,w2_10,169,14.621625,1.0,10,,label_aware_diskann
pg-diskann,250000,1,w2_10,460,15.328292,0.8,10,,label_aware_diskann
pg-diskann,250000,1,w2_10,326,12.692375,1.0,10,,label_aware_diskann
pg-diskann,250000,1,w2_10,494,14.04575,1.0,10,,label_aware_diskann
pg-diskann,250000,1,w2_10,433,14.253041,1.0,10,,label_aware_diskann
pg-diskann,250000,1,w2_10,735,11.895458,1.0,10,,label_aware_diskann
pg-diskann,250000,1,w2_10,633,12.928959,0.9,10,,label_aware_diskann
pg-diskann,250000,1,w2_10,579,13.592791,0.8,10,,label_aware_diskann
pg-diskann,250000,1,w2_10,648,13.034334,0.7,10,,label_aware_diskann
pg-diskann,250000,1,w2_10,756,14.04675,1.0,10,,label_aware_diskann
pg-diskann,250000,1,w2_10,728,12.274958,1.0,10,,label_aware_diskann
pg-diskann,250000,1,w2_10,556,10.075833,0.9,10,,label_aware_diskann
pg-diskann,250000,1,w2_10,337,10.897417,0.9,10,,label_aware_diskann
pg-diskann,250000,1,w2_10,548,9.950917,1.0,10,,label_aware_diskann
pg-diskann,250000,1,w2_10,634,11.628167,0.7,10,,label_aware_diskann
pg-diskann,250000,1,w2_10,861,13.426167,1.0,10,,label_aware_diskann
pg-diskann,250000,1,w2_10,195,11.185917,1.0,10,,label_aware_diskann
pg-diskann,250000,1,w2_10,203,10.693791,1.0,10,,label_aware_diskann
pg-diskann,250000,1,w2_10,740,9.869833,1.0,10,,label_aware_diskann
pg-diskann,250000,1,w2_10,799,9.884792,1.0,10,,label_aware_diskann
pg-diskann,250000,1,w2_10,226,13.207667,1.0,10,,label_aware_diskann
pg-diskann,250000,1,w2_10,306,11.047791,0.7,10,,label_aware_diskann
pg-diskann,250000,1,w2_10,191,12.960125,1.0,10,,label_aware_diskann
pg-diskann,250000,1,w2_10,957,11.102416,1.0,10,,label_aware_diskann
pg-diskann,250000,1,w2_10,380,14.287709,0.9,10,,label_aware_diskann
pg-diskann,250000,1,w2_10,629,11.129875,0.7,10,,label_aware_diskann
pg-diskann,250000,1,w2_10,717,13.734291,1.0,10,,label_aware_diskann
pg-diskann,250000,1,w2_10,282,14.009792,1.0,10,,label_aware_diskann
pg-diskann,250000,1,w2_10,847,11.251292,0.9,10,,label_aware_diskann
pg-diskann,250000,1,w2_10,479,12.417667,1.0,10,,label_aware_diskann
pg-diskann,250000,1,w2_10,176,9.834416,0.9,10,,label_aware_diskann
pg-diskann,250000,1,w2_10,144,12.448291,1.0,10,,label_aware_diskann
pg-diskann,250000,1,w2_10,367,9.102125,0.8,10,,label_aware_diskann
pg-diskann,250000,1,w2_10,627,12.207542,0.8,10,,label_aware_diskann
pg-diskann,250000,1,w2_10,655,11.045542,0.9,10,,label_aware_diskann
pg-diskann,250000,1,w2_10,196,12.440666,0.5,10,,label_aware_diskann
pg-diskann,250000,1,w2_10,719,11.515041,0.9,10,,label_aware_diskann
pg-diskann,250000,1,w2_10,565,11.72175,1.0,10,,label_aware_diskann
pg-diskann,250000,1,w2_10,183,12.829041,0.4,10,,label_aware_diskann
pg-diskann,250000,1,w2_10,551,12.651667,0.9,10,,label_aware_diskann
pg-diskann,250000,1,w2_10,269,10.851791,1.0,10,,label_aware_diskann
pg-diskann,250000,1,w2_10,469,12.091584,0.9,10,,label_aware_diskann
pg-diskann,250000,1,w2_10,329,12.943042,1.0,10,,label_aware_diskann
pg-diskann,250000,1,w2_10,334,9.92225,0.9,10,,label_aware_diskann
pg-diskann,250000,1,w2_10,922,12.101667,1.0,10,,label_aware_diskann
pg-diskann,250000,1,w2_10,466,12.629125,1.0,10,,label_aware_diskann
pg-diskann,250000,1,w2_10,936,9.989583,1.0,10,,label_aware_diskann
pg-diskann,250000,1,w2_10,341,11.547375,1.0,10,,label_aware_diskann
pg-diskann,250000,1,w2_10,276,11.389584,0.9,10,,label_aware_diskann
pg-diskann,250000,1,w2_10,911,14.808709,1.0,10,,label_aware_diskann
pg-diskann,250000,1,w2_10,622,15.136875,0.9,10,,label_aware_diskann
pg-diskann,250000,1,w2_10,287,17.711125,1.0,10,,label_aware_diskann
pg-diskann,250000,1,w2_10,638,11.724084,1.0,10,,label_aware_diskann
pg-diskann,250000,1,w2_10,348,10.652333,1.0,10,,label_aware_diskann
pg-diskann,250000,1,w2_10,355,12.919084,0.9,10,,label_aware_diskann
pg-diskann,250000,1,w2_10,378,9.839125,1.0,10,,label_aware_diskann
pg-diskann,250000,1,w2_10,493,8.737625,1.0,10,,label_aware_diskann
pg-diskann,250000,1,w2_10,308,12.497917,1.0,10,,label_aware_diskann
pg-diskann,250000,1,w2_10,820,14.037583,0.9,10,,label_aware_diskann
pg-diskann,250000,1,w2_10,672,12.348333,1.0,10,,label_aware_diskann
pg-diskann,250000,1,w2_10,704,12.470917,1.0,10,,label_aware_diskann
pg-diskann,250000,1,w2_10,299,11.066209,1.0,10,,label_aware_diskann
pg-diskann,250000,1,w2_10,792,10.278875,1.0,10,,label_aware_diskann
pg-diskann,250000,1,w2_10,171,11.665833,1.0,10,,label_aware_diskann
pg-diskann,250000,1,w2_10,555,13.445,0.9,10,,label_aware_diskann
pg-diskann,250000,1,w2_10,612,12.102084,0.7,10,,label_aware_diskann
pg-diskann,250000,1,w2_10,336,9.045625,1.0,10,,label_aware_diskann
pg-diskann,250000,1,w2_10,706,13.584875,1.0,10,,label_aware_diskann
pg-diskann,250000,1,w2_10,146,10.386041,1.0,10,,label_aware_diskann
pg-diskann,250000,1,w2_10,659,14.018125,1.0,10,,label_aware_diskann
pg-diskann,250000,1,w2_10,204,11.851,0.9,10,,label_aware_diskann
pg-diskann,250000,1,w2_10,768,13.223584,1.0,10,,label_aware_diskann
pg-diskann,250000,1,w2_10,217,11.772792,1.0,10,,label_aware_diskann
pg-diskann,250000,1,w2_10,972,11.105583,0.9,10,,label_aware_diskann
pg-diskann,250000,1,w2_10,135,12.527875,1.0,10,,label_aware_diskann
pg-diskann,250000,1,w2_10,963,11.892625,1.0,10,,label_aware_diskann
pg-diskann,250000,1,w2_10,882,15.507042,1.0,10,,label_aware_diskann
pg-diskann,250000,1,w2_10,965,10.503792,0.9,10,,label_aware_diskann
pg-diskann,250000,1,w2_10,920,10.463625,1.0,10,,label_aware_diskann
pg-diskann,250000,1,w2_10,153,13.3235,1.0,10,,label_aware_diskann
pg-diskann,250000,1,w2_10,656,8.934167,0.8,10,,label_aware_diskann
pg-diskann,250000,1,w2_10,162,9.663375,1.0,10,,label_aware_diskann
pg-diskann,250000,1,w2_10,496,12.694292,0.8,10,,label_aware_diskann
pg-diskann,250000,1,w2_10,826,9.736833,1.0,10,,label_aware_diskann
pg-diskann,250000,1,w2_10,230,9.460459,1.0,10,,label_aware_diskann
pg-diskann,250000,1,w2_10,359,9.486792,1.0,10,,label_aware_diskann
pg-diskann,250000,1,w2_10,485,10.625084,1.0,10,,label_aware_diskann
pg-diskann,250000,1,w2_10,170,10.772167,0.9,10,,label_aware_diskann
pg-diskann,250000,1,w2_10,781,10.3565,1.0,10,,label_aware_diskann
pg-diskann,250000,1,w2_10,608,9.001792,0.9,10,,label_aware_diskann
pg-diskann,250000,1,w2_10,151,9.775916,1.0,10,,label_aware_diskann
pg-diskann,250000,1,w2_10,842,9.14325,1.0,10,,label_aware_diskann
pg-diskann,250000,1,w2_10,418,10.379166,0.9,10,,label_aware_diskann
pg-diskann,250000,1,w2_10,651,10.789917,1.0,10,,label_aware_diskann
pg-diskann,250000,1,w2_10,731,11.86425,0.9,10,,label_aware_diskann
pg-diskann,250000,1,w2_10,401,11.778334,0.8,10,,label_aware_diskann
pg-diskann,250000,1,w2_10,220,10.468458,0.9,10,,label_aware_diskann
pg-diskann,250000,1,w2_10,819,9.275,1.0,10,,label_aware_diskann
pg-diskann,250000,1,w2_10,174,9.1915,1.0,10,,label_aware_diskann
pg-diskann,250000,1,w2_10,765,12.373458,1.0,10,,label_aware_diskann
pg-diskann,250000,1,w2_10,797,11.074,0.9,10,,label_aware_diskann
pg-diskann,250000,1,w2_10,352,9.81875,1.0,10,,label_aware_diskann
pg-diskann,250000,1,w2_10,491,8.210875,1.0,10,,label_aware_diskann
pg-diskann,250000,1,w2_10,937,12.650833,1.0,10,,label_aware_diskann
pg-diskann,250000,1,w2_10,528,10.305,1.0,10,,label_aware_diskann
pg-diskann,250000,1,w2_10,960,8.39975,1.0,10,,label_aware_diskann
pg-diskann,250000,1,w2_10,767,9.982916,0.9,10,,label_aware_diskann
pg-diskann,250000,1,w2_10,737,9.253166,1.0,10,,label_aware_diskann
pg-diskann,250000,1,w2_10,416,8.676708,1.0,10,,label_aware_diskann
pg-diskann,250000,1,w2_10,207,22.929667,1.0,10,,label_aware_diskann
pg-diskann,250000,1,w2_10,751,12.335625,1.0,10,,label_aware_diskann
pg-diskann,250000,1,w2_10,381,12.198833,1.0,10,,label_aware_diskann
pg-diskann,250000,1,w2_10,259,9.613209,1.0,10,,label_aware_diskann
pg-diskann,250000,1,w2_10,700,9.606208,1.0,10,,label_aware_diskann
pg-diskann,250000,1,w2_10,390,10.781916,1.0,10,,label_aware_diskann
pg-diskann,250000,1,w2_10,475,11.095084,1.0,10,,label_aware_diskann
pg-diskann,250000,1,w2_10,524,10.822916,0.5,10,,label_aware_diskann
pg-diskann,250000,1,w2_10,452,8.365625,1.0,10,,label_aware_diskann
pg-diskann,250000,1,w2_10,109,8.450334,0.9,10,,label_aware_diskann
pg-diskann,250000,1,w2_10,448,11.823125,0.9,10,,label_aware_diskann
pg-diskann,250000,1,w2_10,290,10.760792,0.9,10,,label_aware_diskann
pg-diskann,250000,1,w2_10,391,9.050458,0.9,10,,label_aware_diskann
pg-diskann,250000,1,w2_10,549,8.975167,1.0,10,,label_aware_diskann
pg-diskann,250000,1,w2_10,710,9.494083,1.0,10,,label_aware_diskann
pg-diskann,250000,1,w2_10,181,15.137417,0.7,10,,label_aware_diskann
pg-diskann,250000,1,w2_10,307,12.823541,1.0,10,,label_aware_diskann
pg-diskann,250000,1,w2_10,691,10.995083,0.8,10,,label_aware_diskann
pg-diskann,250000,1,w2_10,645,12.520792,1.0,10,,label_aware_diskann
pg-diskann,250000,1,w2_10,665,12.385583,1.0,10,,label_aware_diskann
pg-diskann,250000,1,w2_10,832,9.981958,1.0,10,,label_aware_diskann
pg-diskann,250000,1,w2_10,823,12.197083,1.0,10,,label_aware_diskann
pg-diskann,250000,1,w2_10,912,10.723125,1.0,10,,label_aware_diskann
pg-diskann,250000,1,w2_10,543,9.902375,0.5,10,,label_aware_diskann
pg-diskann,250000,1,w2_10,610,9.377541,0.9,10,,label_aware_diskann
pg-diskann,250000,1,w2_10,224,12.141083,0.8,10,,label_aware_diskann
pg-diskann,250000,1,w2_10,935,12.180459,0.9,10,,label_aware_diskann
pg-diskann,250000,1,w2_10,535,11.306666,1.0,10,,label_aware_diskann
pg-diskann,250000,1,w2_10,296,9.771333,1.0,10,,label_aware_diskann
pg-diskann,250000,1,w2_10,750,10.082417,0.9,10,,label_aware_diskann
pg-diskann,250000,1,w2_10,647,9.371708,1.0,10,,label_aware_diskann
pg-diskann,250000,1,w2_10,755,9.474042,1.0,10,,label_aware_diskann
pg-diskann,250000,1,w2_10,775,12.782959,0.8,10,,label_aware_diskann
pg-diskann,250000,1,w2_10,122,10.035625,1.0,10,,label_aware_diskann
pg-diskann,250000,1,w2_10,232,10.309459,1.0,10,,label_aware_diskann
pg-diskann,250000,1,w2_10,718,9.313292,0.8,10,,label_aware_diskann
pg-diskann,250000,1,w2_10,270,11.254167,0.9,10,,label_aware_diskann
pg-diskann,250000,1,w2_10,696,10.0765,1.0,10,,label_aware_diskann
pg-diskann,250000,1,w2_10,927,10.614167,1.0,10,,label_aware_diskann
pg-diskann,250000,1,w2_10,532,10.721834,0.8,10,,label_aware_diskann
pg-diskann,250000,1,w2_10,772,11.953125,1.0,10,,label_aware_diskann
pg-diskann,250000,1,w2_10,487,11.637375,1.0,10,,label_aware_diskann
pg-diskann,250000,1,w2_10,104,10.898375,1.0,10,,label_aware_diskann
pg-diskann,250000,1,w2_10,490,9.018292,1.0,10,,label_aware_diskann
pg-diskann,250000,1,w2_10,553,10.61225,0.9,10,,label_aware_diskann
pg-diskann,250000,1,w2_10,982,9.112,1.0,10,,label_aware_diskann
pg-diskann,250000,1,w2_10,435,9.337292,0.8,10,,label_aware_diskann
pg-diskann,250000,1,w2_10,682,9.571334,1.0,10,,label_aware_diskann
pg-diskann,250000,1,w2_10,709,13.440959,0.9,10,,label_aware_diskann
pg-diskann,250000,1,w2_10,275,10.413792,1.0,10,,label_aware_diskann
pg-diskann,250000,1,w2_10,564,11.272209,0.7,10,,label_aware_diskann
pg-diskann,250000,1,w2_10,849,10.591375,1.0,10,,label_aware_diskann
pg-diskann,250000,1,w2_10,794,14.375083,1.0,10,,label_aware_diskann
pg-diskann,250000,1,w2_10,227,11.774041,0.9,10,,label_aware_diskann
pg-diskann,250000,1,w2_10,200,8.55275,1.0,10,,label_aware_diskann
pg-diskann,250000,1,w2_10,121,9.890041,0.9,10,,label_aware_diskann
pg-diskann,250000,1,w2_10,574,12.34975,1.0,10,,label_aware_diskann
pg-diskann,250000,1,w2_10,623,11.92975,0.8,10,,label_aware_diskann
pg-diskann,250000,1,w2_10,167,9.904041,1.0,10,,label_aware_diskann
pg-diskann,250000,1,w2_10,602,11.050209,1.0,10,,label_aware_diskann
pg-diskann,250000,1,w2_10,581,11.686083,1.0,10,,label_aware_diskann
pg-diskann,250000,1,w2_10,238,12.61975,0.9,10,,label_aware_diskann
pg-diskann,250000,1,w2_10,499,9.92125,1.0,10,,label_aware_diskann
pg-diskann,250000,1,w2_10,219,10.242167,1.0,10,,label_aware_diskann
pg-diskann,250000,1,w2_10,382,9.559125,1.0,10,,label_aware_diskann
pg-diskann,250000,1,w2_10,928,12.28775,1.0,10,,label_aware_diskann
pg-diskann,250000,1,w2_10,516,10.085584,1.0,10,,label_aware_diskann
pg-diskann,250000,1,w2_10,729,13.268625,1.0,10,,label_aware_diskann
pg-diskann,250000,1,w2_10,900,10.043125,0.9,10,,label_aware_diskann
pg-diskann,250000,1,w2_10,518,10.394709,1.0,10,,label_aware_diskann
pg-diskann,250000,1,w2_10,519,10.015792,1.0,10,,label_aware_diskann
pg-diskann,250000,1,w2_10,844,9.204542,1.0,10,,label_aware_diskann
pg-diskann,250000,1,w2_10,488,11.842375,1.0,10,,label_aware_diskann
pg-diskann,250000,1,w2_10,992,10.681541,0.7,10,,label_aware_diskann
pg-diskann,250000,1,w2_10,130,8.593916,1.0,10,,label_aware_diskann
pg-diskann,250000,1,w2_10,101,10.265375,0.8,10,,label_aware_diskann
pg-diskann,250000,1,w2_10,249,13.269166,1.0,10,,label_aware_diskann
pg-diskann,250000,1,w2_10,559,10.546459,1.0,10,,label_aware_diskann
pg-diskann,250000,1,w2_10,514,10.327084,0.7,10,,label_aware_diskann
pg-diskann,250000,1,w2_10,350,11.14325,0.9,10,,label_aware_diskann
pg-diskann,250000,1,w2_10,328,11.0335,0.9,10,,label_aware_diskann
pg-diskann,250000,1,w2_10,873,10.811708,1.0,10,,label_aware_diskann
pg-diskann,250000,1,w2_10,123,11.712,0.9,10,,label_aware_diskann
pg-diskann,250000,1,w2_10,554,10.750291,0.7,10,,label_aware_diskann
pg-diskann,250000,1,w2_10,943,13.571542,1.0,10,,label_aware_diskann
pg-diskann,250000,1,w2_10,598,10.391208,0.9,10,,label_aware_diskann
pg-diskann,250000,1,w2_10,916,10.81825,1.0,10,,label_aware_diskann
pg-diskann,250000,1,w2_10,222,12.383375,0.8,10,,label_aware_diskann
pg-diskann,250000,1,w2_10,941,10.556875,1.0,10,,label_aware_diskann
pg-diskann,250000,1,w2_10,643,10.58525,0.9,10,,label_aware_diskann
pg-diskann,250000,1,w2_10,517,11.231333,0.7,10,,label_aware_diskann
pg-diskann,250000,1,w2_10,577,11.057667,1.0,10,,label_aware_diskann
pg-diskann,250000,1,w2_10,305,9.882167,0.9,10,,label_aware_diskann
pg-diskann,250000,1,w2_10,342,12.375125,1.0,10,,label_aware_diskann
pg-diskann,250000,1,w2_10,959,11.778709,1.0,10,,label_aware_diskann
pg-diskann,250000,1,w2_10,790,9.294208,1.0,10,,label_aware_diskann
pg-diskann,250000,1,w2_10,876,11.850083,0.9,10,,label_aware_diskann
pg-diskann,250000,1,w2_10,438,9.809917,1.0,10,,label_aware_diskann
pg-diskann,250000,1,w2_10,253,9.588709,1.0,10,,label_aware_diskann
pg-diskann,250000,1,w2_10,837,11.066916,1.0,10,,label_aware_diskann
pg-diskann,250000,1,w2_10,184,11.116792,1.0,10,,label_aware_diskann
pg-diskann,250000,1,w2_10,850,10.301042,1.0,10,,label_aware_diskann
pg-diskann,250000,1,w2_10,362,10.174125,1.0,10,,label_aware_diskann
pg-diskann,250000,1,w2_10,996,9.077292,1.0,10,,label_aware_diskann
pg-diskann,250000,1,w2_10,245,7.928459,1.0,10,,label_aware_diskann
pg-diskann,250000,1,w2_10,439,8.50125,1.0,10,,label_aware_diskann
pg-diskann,250000,1,w2_10,878,11.433625,1.0,10,,label_aware_diskann
pg-diskann,250000,1,w2_10,999,10.341333,1.0,10,,label_aware_diskann
pg-diskann,250000,1,w2_10,644,9.234541,1.0,10,,label_aware_diskann
pg-diskann,250000,1,w2_10,310,10.341833,0.9,10,,label_aware_diskann
pg-diskann,250000,1,w2_10,255,9.000167,1.0,10,,label_aware_diskann
pg-diskann,250000,1,w2_10,888,10.342583,1.0,10,,label_aware_diskann
pg-diskann,250000,1,w2_10,393,10.937208,1.0,10,,label_aware_diskann
pg-diskann,250000,1,w2_10,505,9.9665,1.0,10,,label_aware_diskann
pg-diskann,250000,1,w2_10,152,10.743833,0.6,10,,label_aware_diskann
pg-diskann,250000,1,w2_10,908,12.837292,0.8,10,,label_aware_diskann
pg-diskann,250000,1,w2_10,166,11.208333,0.8,10,,label_aware_diskann
pg-diskann,250000,1,w2_10,800,9.656875,1.0,10,,label_aware_diskann
pg-diskann,250000,1,w2_10,821,11.170042,1.0,10,,label_aware_diskann
pg-diskann,250000,1,w2_10,635,9.535041,1.0,10,,label_aware_diskann
pg-diskann,250000,1,w2_10,727,9.224292,1.0,10,,label_aware_diskann
pg-diskann,250000,1,w2_10,902,9.7175,0.9,10,,label_aware_diskann
pg-diskann,250000,1,w2_10,114,9.205791,1.0,10,,label_aware_diskann
pg-diskann,250000,1,w2_10,778,11.259042,0.9,10,,label_aware_diskann
pg-diskann,250000,1,w2_10,289,11.490709,1.0,10,,label_aware_diskann
pg-diskann,250000,1,w2_10,789,13.478417,1.0,10,,label_aware_diskann
pg-diskann,250000,1,w2_10,215,11.401291,0.9,10,,label_aware_diskann
pg-diskann,250000,1,w2_10,409,9.606541,1.0,10,,label_aware_diskann
pg-diskann,250000,1,w2_10,478,11.975042,0.7,10,,label_aware_diskann
pg-diskann,250000,1,w2_10,601,12.926459,0.9,10,,label_aware_diskann
pg-diskann,250000,1,w2_10,831,12.525917,0.9,10,,label_aware_diskann
pg-diskann,250000,1,w2_10,652,12.865709,1.0,10,,label_aware_diskann
pg-diskann,250000,1,w2_10,975,12.461625,1.0,10,,label_aware_diskann
pg-diskann,250000,1,w2_10,179,11.968458,1.0,10,,label_aware_diskann
pg-diskann,250000,1,w2_10,929,10.366417,1.0,10,,label_aware_diskann
pg-diskann,250000,1,w2_10,753,10.862584,1.0,10,,label_aware_diskann
pg-diskann,250000,1,w2_10,430,12.442916,1.0,10,,label_aware_diskann
pg-diskann,250000,1,w2_10,392,13.184542,0.8,10,,label_aware_diskann
pg-diskann,250000,1,w2_10,754,8.700166,1.0,10,,label_aware_diskann
pg-diskann,250000,1,w2_10,586,8.704667,1.0,10,,label_aware_diskann
pg-diskann,250000,1,w2_10,582,10.917708,0.8,10,,label_aware_diskann
pg-diskann,250000,1,w2_10,840,9.412834,1.0,10,,label_aware_diskann
pg-diskann,250000,1,w2_10,404,9.008167,1.0,10,,label_aware_diskann
pg-diskann,250000,1,w2_10,357,8.538084,1.0,10,,label_aware_diskann
pg-diskann,250000,1,w2_10,498,13.027,1.0,10,,label_aware_diskann
pg-diskann,250000,1,w2_10,375,9.475041,1.0,10,,label_aware_diskann
pg-diskann,250000,1,w2_10,705,8.744959,1.0,10,,label_aware_diskann
pg-diskann,250000,1,w2_10,722,11.927208,0.8,10,,label_aware_diskann
pg-diskann,250000,1,w2_10,250,10.984334,1.0,10,,label_aware_diskann
pg-diskann,250000,1,w2_10,974,12.371875,0.9,10,,label_aware_diskann
pg-diskann,250000,1,w2_10,345,10.825084,0.9,10,,label_aware_diskann
pg-diskann,250000,1,w2_10,897,11.055375,1.0,10,,label_aware_diskann
pg-diskann,250000,1,w2_10,637,11.542708,1.0,10,,label_aware_diskann
pg-diskann,250000,1,w2_10,205,12.209084,1.0,10,,label_aware_diskann
pg-diskann,250000,1,w2_10,984,16.469541,1.0,10,,label_aware_diskann
pg-diskann,250000,1,w2_10,389,11.815459,0.8,10,,label_aware_diskann
pg-diskann,250000,1,w2_10,424,12.714167,1.0,10,,label_aware_diskann
pg-diskann,250000,1,w2_10,810,9.504542,1.0,10,,label_aware_diskann
pg-diskann,250000,1,w2_10,946,10.231083,1.0,10,,label_aware_diskann
pg-diskann,250000,1,w2_10,798,13.266875,0.9,10,,label_aware_diskann
pg-diskann,250000,1,w2_10,208,10.084792,1.0,10,,label_aware_diskann
pg-diskann,250000,1,w2_10,103,10.308833,1.0,10,,label_aware_diskann
pg-diskann,250000,1,w2_10,140,9.636083,0.9,10,,label_aware_diskann
pg-diskann,250000,1,w2_10,286,11.529292,1.0,10,,label_aware_diskann
pg-diskann,250000,1,w2_10,757,9.999916,0.9,10,,label_aware_diskann
pg-diskann,250000,1,w2_10,327,8.611375,1.0,10,,label_aware_diskann
pg-diskann,250000,1,w2_10,707,7.948542,1.0,10,,label_aware_diskann
pg-diskann,250000,1,w2_10,793,8.633959,0.9,10,,label_aware_diskann
pg-diskann,250000,1,w2_10,445,11.226833,1.0,10,,label_aware_diskann
pg-diskann,250000,1,w2_10,621,10.066417,1.0,10,,label_aware_diskann
pg-diskann,250000,1,w2_10,626,9.8655,1.0,10,,label_aware_diskann
pg-diskann,250000,1,w2_10,447,10.435666,0.9,10,,label_aware_diskann
pg-diskann,250000,1,w2_10,874,10.011125,0.8,10,,label_aware_diskann
pg-diskann,250000,1,w2_10,133,10.923958,0.9,10,,label_aware_diskann
pg-diskann,250000,1,w2_10,738,11.484667,0.7,10,,label_aware_diskann
pg-diskann,250000,1,w2_10,164,7.971625,0.9,10,,label_aware_diskann
pg-diskann,250000,1,w2_10,347,8.187,1.0,10,,label_aware_diskann
pg-diskann,250000,1,w2_10,402,8.484625,1.0,10,,label_aware_diskann
pg-diskann,250000,1,w2_10,150,12.358458,1.0,10,,label_aware_diskann
pg-diskann,250000,1,w2_10,632,10.985583,0.8,10,,label_aware_diskann
pg-diskann,250000,1,w2_10,147,9.820042,0.9,10,,label_aware_diskann
pg-diskann,250000,1,w2_10,777,10.066792,0.9,10,,label_aware_diskann
pg-diskann,250000,1,w2_10,917,8.7255,1.0,10,,label_aware_diskann
pg-diskann,250000,1,w2_10,811,12.831667,1.0,10,,label_aware_diskann
pg-diskann,250000,1,w2_10,893,13.205208,0.9,10,,label_aware_diskann
pg-diskann,250000,1,w2_10,119,12.164583,1.0,10,,label_aware_diskann
pg-diskann,250000,1,w2_10,529,12.244709,0.9,10,,label_aware_diskann
pg-diskann,250000,1,w2_10,512,12.8655,0.9,10,,label_aware_diskann
pg-diskann,250000,1,w2_10,944,12.552625,0.9,10,,label_aware_diskann
pg-diskann,250000,1,w2_10,526,12.19425,0.9,10,,label_aware_diskann
pg-diskann,250000,1,w2_10,892,9.831125,0.9,10,,label_aware_diskann
pg-diskann,250000,1,w2_10,673,12.329083,1.0,10,,label_aware_diskann
pg-diskann,250000,1,w2_10,462,10.823791,1.0,10,,label_aware_diskann
pg-diskann,250000,1,w2_10,745,11.168125,1.0,10,,label_aware_diskann
pg-diskann,250000,1,w2_10,442,11.527625,1.0,10,,label_aware_diskann
pg-diskann,250000,1,w2_10,278,9.89925,1.0,10,,label_aware_diskann
pg-diskann,250000,1,w2_10,862,9.040208,1.0,10,,label_aware_diskann
pg-diskann,250000,1,w2_10,806,10.24575,0.9,10,,label_aware_diskann
pg-diskann,250000,1,w2_10,429,8.769917,0.9,10,,label_aware_diskann
pg-diskann,250000,1,w2_10,809,11.284083,1.0,10,,label_aware_diskann
pg-diskann,250000,1,w2_10,500,10.471,1.0,10,,label_aware_diskann
pg-diskann,250000,1,w2_10,599,11.476708,0.9,10,,label_aware_diskann
pg-diskann,250000,1,w2_10,247,12.642167,1.0,10,,label_aware_diskann
pg-diskann,250000,1,w2_10,410,11.098666,0.9,10,,label_aware_diskann
pg-diskann,250000,1,w2_10,160,10.636667,1.0,10,,label_aware_diskann
pg-diskann,250000,1,w2_10,228,7.823833,1.0,10,,label_aware_diskann
pg-diskann,250000,1,w2_10,795,11.688542,1.0,10,,label_aware_diskann
pg-diskann,250000,1,w2_10,120,11.186958,0.5,10,,label_aware_diskann
pg-diskann,250000,1,w2_10,545,13.726333,1.0,10,,label_aware_diskann
pg-diskann,250000,1,w2_10,251,7.429125,1.0,10,,label_aware_diskann
pg-diskann,250000,1,w2_10,131,8.961375,1.0,10,,label_aware_diskann
pg-diskann,250000,1,w2_10,163,9.45775,1.0,10,,label_aware_diskann
pg-diskann,250000,1,w2_10,414,9.093166,1.0,10,,label_aware_diskann
pg-diskann,250000,1,w2_10,833,10.378708,1.0,10,,label_aware_diskann
pg-diskann,250000,1,w2_10,919,14.740291,0.9,10,,label_aware_diskann
pg-diskann,250000,1,w2_10,872,10.803625,1.0,10,,label_aware_diskann
pg-diskann,250000,1,w2_10,454,12.79975,1.0,10,,label_aware_diskann
pg-diskann,250000,1,w2_10,134,12.339333,0.9,10,,label_aware_diskann
pg-diskann,250000,1,w2_10,580,9.999583,1.0,10,,label_aware_diskann
pg-diskann,250000,1,w2_10,858,12.321833,1.0,10,,label_aware_diskann
pg-diskann,250000,1,w2_10,497,10.500375,0.8,10,,label_aware_diskann
pg-diskann,250000,1,w2_10,188,9.976417,1.0,10,,label_aware_diskann
pg-diskann,250000,1,w2_10,631,12.410708,1.0,10,,label_aware_diskann
pg-diskann,250000,1,w2_10,268,13.588625,0.9,10,,label_aware_diskann
pg-diskann,250000,1,w2_10,640,10.663,0.9,10,,label_aware_diskann
pg-diskann,250000,1,w2_10,108,10.402167,1.0,10,,label_aware_diskann
pg-diskann,250000,1,w2_10,335,12.482,0.9,10,,label_aware_diskann
pg-diskann,250000,1,w2_10,600,12.336708,0.8,10,,label_aware_diskann
pg-diskann,250000,1,w2_10,291,12.085125,1.0,10,,label_aware_diskann
pg-diskann,250000,1,w2_10,527,9.54125,1.0,10,,label_aware_diskann
pg-diskann,250000,1,w2_10,340,8.199875,1.0,10,,label_aware_diskann
pg-diskann,250000,1,w2_10,816,9.519417,1.0,10,,label_aware_diskann
pg-diskann,250000,1,w2_10,763,10.919125,1.0,10,,label_aware_diskann
pg-diskann,250000,1,w2_10,484,12.572833,1.0,10,,label_aware_diskann
pg-diskann,250000,1,w2_10,443,9.774875,1.0,10,,label_aware_diskann
pg-diskann,250000,1,w2_10,573,10.408917,1.0,10,,label_aware_diskann
pg-diskann,250000,1,w2_10,333,8.3905,1.0,10,,label_aware_diskann
pg-diskann,250000,1,w2_10,657,13.230667,1.0,10,,label_aware_diskann
pg-diskann,250000,1,w2_10,369,9.90275,1.0,10,,label_aware_diskann
pg-diskann,250000,1,w2_10,942,13.934834,1.0,10,,label_aware_diskann
pg-diskann,250000,1,w2_10,173,9.7055,0.9,10,,label_aware_diskann
pg-diskann,250000,1,w2_10,264,8.328375,1.0,10,,label_aware_diskann
pg-diskann,250000,1,w2_10,969,10.479667,1.0,10,,label_aware_diskann
pg-diskann,250000,1,w2_10,533,10.080167,1.0,10,,label_aware_diskann
pg-diskann,250000,1,w2_10,266,11.878417,1.0,10,,label_aware_diskann
pg-diskann,250000,1,w2_10,747,9.177958,1.0,10,,label_aware_diskann
pg-diskann,250000,1,w2_10,968,10.292875,1.0,10,,label_aware_diskann
pg-diskann,250000,1,w2_10,907,13.87275,1.0,10,,label_aware_diskann
pg-diskann,250000,1,w2_10,894,9.991958,1.0,10,,label_aware_diskann
pg-diskann,250000,1,w2_10,938,10.184875,1.0,10,,label_aware_diskann
pg-diskann,250000,1,w2_10,349,8.948917,0.9,10,,label_aware_diskann
pg-diskann,250000,1,w2_10,702,11.078708,1.0,10,,label_aware_diskann
pg-diskann,250000,1,w2_10,590,9.354334,1.0,10,,label_aware_diskann
pg-diskann,250000,1,w2_10,801,10.001875,0.9,10,,label_aware_diskann
pg-diskann,250000,1,w2_10,319,9.199083,1.0,10,,label_aware_diskann
pg-diskann,250000,1,w2_10,332,9.991583,1.0,10,,label_aware_diskann
pg-diskann,250000,1,w2_10,231,10.282083,1.0,10,,label_aware_diskann
pg-diskann,250000,1,w2_10,511,11.350792,1.0,10,,label_aware_diskann
pg-diskann,250000,1,w2_10,783,9.3655,0.9,10,,label_aware_diskann
pg-diskann,250000,1,w2_10,127,10.377584,1.0,10,,label_aware_diskann
pg-diskann,250000,1,w2_10,387,11.17025,1.0,10,,label_aware_diskann
pg-diskann,250000,1,w2_10,883,9.731958,1.0,10,,label_aware_diskann
pg-diskann,250000,1,w2_10,455,10.612333,1.0,10,,label_aware_diskann
pg-diskann,250000,1,w2_10,830,9.343041,1.0,10,,label_aware_diskann
pg-diskann,250000,1,w2_10,492,10.046,1.0,10,,label_aware_diskann
pg-diskann,250000,1,w2_10,903,12.665625,1.0,10,,label_aware_diskann
pg-diskann,250000,1,w2_10,567,10.922166,1.0,10,,label_aware_diskann
pg-diskann,250000,1,w2_10,658,9.976334,1.0,10,,label_aware_diskann
pg-diskann,250000,1,w2_10,412,11.369792,1.0,10,,label_aware_diskann
pg-diskann,250000,1,w2_10,546,10.333083,1.0,10,,label_aware_diskann
pg-diskann,250000,1,w2_10,734,9.993333,0.9,10,,label_aware_diskann
pg-diskann,250000,1,w2_10,990,12.596541,1.0,10,,label_aware_diskann
pg-diskann,250000,1,w2_10,950,7.901166,1.0,10,,label_aware_diskann
pg-diskann,250000,1,w2_10,182,9.316334,1.0,10,,label_aware_diskann
pg-diskann,250000,1,w2_10,346,8.131791,1.0,10,,label_aware_diskann
pg-diskann,250000,1,w2_10,886,10.468666,1.0,10,,label_aware_diskann
pg-diskann,250000,1,w2_10,377,13.206708,0.9,10,,label_aware_diskann
pg-diskann,250000,1,w2_10,132,11.194625,0.9,10,,label_aware_diskann
pg-diskann,250000,1,w2_10,662,10.364833,1.0,10,,label_aware_diskann
pg-diskann,250000,1,w2_10,764,9.623333,1.0,10,,label_aware_diskann
pg-diskann,250000,1,w2_10,890,8.771459,1.0,10,,label_aware_diskann
pg-diskann,250000,1,w2_10,771,9.9615,1.0,10,,label_aware_diskann
pg-diskann,250000,1,w2_10,384,10.966625,1.0,10,,label_aware_diskann
pg-diskann,250000,1,w2_10,149,9.973916,1.0,10,,label_aware_diskann
pg-diskann,250000,1,w2_10,185,8.972916,1.0,10,,label_aware_diskann
pg-diskann,250000,1,w2_10,846,12.272416,1.0,10,,label_aware_diskann
pg-diskann,250000,1,w2_10,988,9.328542,1.0,10,,label_aware_diskann
pg-diskann,250000,1,w2_10,995,9.901292,1.0,10,,label_aware_diskann
pg-diskann,250000,1,w2_10,687,12.712459,0.7,10,,label_aware_diskann
pg-diskann,250000,1,w2_10,124,12.72975,1.0,10,,label_aware_diskann
pg-diskann,250000,1,w2_10,209,10.93325,1.0,10,,label_aware_diskann
pg-diskann,250000,1,w2_10,863,9.077042,1.0,10,,label_aware_diskann
pg-diskann,250000,1,w2_10,262,10.4335,1.0,10,,label_aware_diskann
pg-diskann,250000,1,w2_10,211,10.109,1.0,10,,label_aware_diskann
pg-diskann,250000,1,w2_10,569,8.495917,1.0,10,,label_aware_diskann
pg-diskann,250000,1,w2_10,145,12.332042,1.0,10,,label_aware_diskann
pg-diskann,250000,1,w2_10,784,10.717833,1.0,10,,label_aware_diskann
pg-diskann,250000,1,w2_10,510,9.154625,0.9,10,,label_aware_diskann
pg-diskann,250000,1,w2_10,115,12.717917,1.0,10,,label_aware_diskann
pg-diskann,250000,1,w2_10,889,11.764959,0.7,10,,label_aware_diskann
pg-diskann,250000,1,w2_10,338,9.916583,0.9,10,,label_aware_diskann
pg-diskann,250000,1,w2_10,856,8.989958,1.0,10,,label_aware_diskann
pg-diskann,250000,1,w2_10,472,11.789458,0.9,10,,label_aware_diskann
pg-diskann,250000,1,w2_10,165,11.82625,1.0,10,,label_aware_diskann
pg-diskann,250000,1,w2_10,449,9.526833,1.0,10,,label_aware_diskann
pg-diskann,250000,1,w2_10,386,12.651875,0.8,10,,label_aware_diskann
pg-diskann,250000,1,w2_10,354,11.348875,0.8,10,,label_aware_diskann
pg-diskann,250000,1,w2_10,985,9.645834,1.0,10,,label_aware_diskann
pg-diskann,250000,1,w2_10,413,9.264709,0.9,10,,label_aware_diskann
pg-diskann,250000,1,w2_10,280,11.26075,1.0,10,,label_aware_diskann
pg-diskann,250000,1,w2_10,538,9.933292,1.0,10,,label_aware_diskann
pg-diskann,250000,1,w2_10,530,10.049042,1.0,10,,label_aware_diskann
pg-diskann,250000,1,w2_10,743,12.035375,0.9,10,,label_aware_diskann
pg-diskann,250000,1,w2_10,759,10.247459,0.9,10,,label_aware_diskann
pg-diskann,250000,1,w2_10,607,8.799042,1.0,10,,label_aware_diskann
pg-diskann,250000,1,w2_10,403,10.529125,1.0,10,,label_aware_diskann
pg-diskann,250000,1,w2_10,628,14.147625,0.9,10,,label_aware_diskann
pg-diskann,250000,1,w2_10,785,11.8505,0.8,10,,label_aware_diskann
pg-diskann,250000,1,w2_10,589,11.093709,1.0,10,,label_aware_diskann
pg-diskann,250000,1,w2_10,786,9.689625,1.0,10,,label_aware_diskann
pg-diskann,250000,1,w2_10,353,8.204833,1.0,10,,label_aware_diskann
pg-diskann,250000,1,w2_10,129,11.75275,0.9,10,,label_aware_diskann
pg-diskann,250000,1,w2_10,157,11.796709,1.0,10,,label_aware_diskann
pg-diskann,250000,1,w2_10,236,13.398334,0.8,10,,label_aware_diskann
pg-diskann,250000,1,w2_10,292,11.630417,1.0,10,,label_aware_diskann
pg-diskann,250000,1,w2_10,322,9.927333,1.0,10,,label_aware_diskann
pg-diskann,250000,1,w2_10,688,10.484834,0.9,10,,label_aware_diskann
pg-diskann,250000,1,w2_10,953,9.995958,0.6,10,,label_aware_diskann
pg-diskann,250000,1,w2_10,859,11.642375,1.0,10,,label_aware_diskann
pg-diskann,250000,1,w2_10,256,12.631667,0.9,10,,label_aware_diskann
pg-diskann,250000,1,w2_10,116,11.969416,0.8,10,,label_aware_diskann
pg-diskann,250000,1,w2_10,398,10.888917,0.9,10,,label_aware_diskann
pg-diskann,250000,1,w2_10,483,11.032541,1.0,10,,label_aware_diskann
pg-diskann,250000,1,w2_10,698,9.636542,1.0,10,,label_aware_diskann
pg-diskann,250000,1,w2_10,594,9.836125,1.0,10,,label_aware_diskann
pg-diskann,250000,1,w2_10,986,10.394875,1.0,10,,label_aware_diskann
pg-diskann,250000,1,w2_10,726,9.984167,1.0,10,,label_aware_diskann
pg-diskann,250000,1,w2_10,407,8.7645,1.0,10,,label_aware_diskann
pg-diskann,250000,1,w2_10,229,10.718792,1.0,10,,label_aware_diskann
pg-diskann,250000,1,w2_10,400,11.888125,0.9,10,,label_aware_diskann
pg-diskann,250000,1,w2_10,906,9.514125,1.0,10,,label_aware_diskann
pg-diskann,250000,1,w2_10,471,15.733916,1.0,10,,label_aware_diskann
pg-diskann,250000,1,w2_10,223,14.308084,1.0,10,,label_aware_diskann
pg-diskann,250000,1,w2_10,189,10.039042,1.0,10,,label_aware_diskann
pg-diskann,250000,1,w2_10,561,8.434292,1.0,10,,label_aware_diskann
pg-diskann,250000,1,w2_10,272,9.483208,0.9,10,,label_aware_diskann
pg-diskann,250000,1,w2_10,814,13.120084,1.0,10,,label_aware_diskann
pg-diskann,250000,1,w2_10,531,9.011125,1.0,10,,label_aware_diskann
pg-diskann,250000,1,w2_10,293,9.030333,1.0,10,,label_aware_diskann
pg-diskann,250000,1,w2_10,300,10.133334,1.0,10,,label_aware_diskann
pg-diskann,250000,1,w2_10,461,12.639958,0.6,10,,label_aware_diskann
pg-diskann,250000,1,w2_10,277,9.494209,1.0,10,,label_aware_diskann
pg-diskann,250000,1,w2_10,714,10.104208,1.0,10,,label_aware_diskann
pg-diskann,250000,1,w2_10,320,9.747416,1.0,10,,label_aware_diskann
pg-diskann,250000,1,w2_10,834,12.372958,0.7,10,,label_aware_diskann
pg-diskann,250000,1,w2_10,667,10.391959,0.9,10,,label_aware_diskann
pg-diskann,250000,1,w2_10,724,15.401792,0.9,10,,label_aware_diskann
pg-diskann,250000,1,w2_10,252,11.021167,0.8,10,,label_aware_diskann
pg-diskann,250000,1,w2_10,284,13.568708,0.9,10,,label_aware_diskann
pg-diskann,250000,1,w2_10,504,9.5165,1.0,10,,label_aware_diskann
pg-diskann,250000,1,w2_10,787,11.036541,0.8,10,,label_aware_diskann
pg-diskann,250000,1,w2_10,194,10.680833,0.9,10,,label_aware_diskann
pg-diskann,250000,1,w2_10,997,10.406125,1.0,10,,label_aware_diskann
pg-diskann,250000,1,w2_10,552,11.4655,1.0,10,,label_aware_diskann
pg-diskann,250000,1,w2_10,932,9.080167,0.9,10,,label_aware_diskann
pg-diskann,250000,1,w2_10,822,9.521417,1.0,10,,label_aware_diskann
pg-diskann,250000,1,w2_10,201,12.454083,1.0,10,,label_aware_diskann
pg-diskann,250000,1,w2_10,233,10.391042,0.8,10,,label_aware_diskann
pg-diskann,250000,1,w2_10,596,10.362916,1.0,10,,label_aware_diskann
pg-diskann,250000,1,w2_10,214,10.954833,1.0,10,,label_aware_diskann
pg-diskann,250000,1,w2_10,838,10.265125,0.9,10,,label_aware_diskann
pg-diskann,250000,1,w2_10,670,9.144292,1.0,10,,label_aware_diskann
pg-diskann,250000,1,w2_10,450,10.458791,1.0,10,,label_aware_diskann
pg-diskann,250000,1,w2_10,360,11.9145,0.9,10,,label_aware_diskann
pg-diskann,250000,1,w2_10,187,10.097791,1.0,10,,label_aware_diskann
pg-diskann,250000,1,w2_10,575,10.453375,1.0,10,,label_aware_diskann
pg-diskann,250000,1,w2_10,921,11.425333,0.9,10,,label_aware_diskann
pg-diskann,250000,1,w2_10,563,9.148542,1.0,10,,label_aware_diskann
pg-diskann,250000,1,w2_10,396,9.948666,0.9,10,,label_aware_diskann
pg-diskann,250000,1,w2_10,110,10.103375,1.0,10,,label_aware_diskann
pg-diskann,250000,1,w2_10,973,13.778416,0.7,10,,label_aware_diskann
pg-diskann,250000,1,w2_10,762,13.493792,1.0,10,,label_aware_diskann
pg-diskann,250000,1,w2_10,983,10.35,1.0,10,,label_aware_diskann
pg-diskann,250000,1,w2_10,839,8.449042,1.0,10,,label_aware_diskann
pg-diskann,250000,1,w2_10,991,9.051083,1.0,10,,label_aware_diskann
pg-diskann,250000,1,w2_10,267,9.148042,1.0,10,,label_aware_diskann
pg-diskann,250000,1,w2_10,898,9.857042,0.9,10,,label_aware_diskann
pg-diskann,250000,1,w2_10,248,9.041458,1.0,10,,label_aware_diskann
pg-diskann,250000,1,w2_10,697,11.421875,1.0,10,,label_aware_diskann
pg-diskann,250000,1,w2_10,373,9.431625,1.0,10,,label_aware_diskann
pg-diskann,250000,1,w2_10,199,9.576542,1.0,10,,label_aware_diskann
pg-diskann,250000,1,w2_10,571,9.580875,1.0,10,,label_aware_diskann
pg-diskann,250000,1,w2_10,901,9.942958,0.6,10,,label_aware_diskann
pg-diskann,250000,1,w2_10,141,9.6475,1.0,10,,label_aware_diskann
pg-diskann,250000,1,w2_10,463,9.8645,1.0,10,,label_aware_diskann
pg-diskann,250000,1,w2_10,653,9.706959,1.0,10,,label_aware_diskann
pg-diskann,250000,1,w2_10,649,9.231583,1.0,10,,label_aware_diskann
pg-diskann,250000,1,w2_10,774,9.691834,1.0,10,,label_aware_diskann
pg-diskann,250000,1,w2_10,368,9.065333,0.9,10,,label_aware_diskann
pg-diskann,250000,1,w2_10,583,8.051833,0.9,10,,label_aware_diskann
pg-diskann,250000,1,w2_10,721,11.495792,1.0,10,,label_aware_diskann
pg-diskann,250000,1,w2_10,976,11.039542,0.9,10,,label_aware_diskann
pg-diskann,250000,1,w2_10,520,10.969167,1.0,10,,label_aware_diskann
pg-diskann,250000,1,w2_10,848,10.330583,1.0,10,,label_aware_diskann
pg-diskann,250000,1,w2_10,440,9.863041,0.9,10,,label_aware_diskann
pg-diskann,250000,1,w2_10,998,8.489,1.0,10,,label_aware_diskann
pg-diskann,250000,1,w2_10,910,9.881917,1.0,10,,label_aware_diskann
pg-diskann,250000,1,w2_10,603,11.21175,1.0,10,,label_aware_diskann
pg-diskann,250000,1,w2_10,891,9.0895,1.0,10,,label_aware_diskann
pg-diskann,250000,1,w2_10,444,10.918375,1.0,10,,label_aware_diskann
pg-diskann,250000,1,w2_10,818,12.674709,1.0,10,,label_aware_diskann
pg-diskann,250000,1,w2_10,676,10.232959,1.0,10,,label_aware_diskann
pg-diskann,250000,1,w2_10,730,12.07475,1.0,10,,label_aware_diskann
pg-diskann,250000,1,w2_10,311,8.927042,1.0,10,,label_aware_diskann
pg-diskann,250000,1,w2_10,323,14.640834,1.0,10,,label_aware_diskann
pg-diskann,250000,1,w2_10,118,10.405125,1.0,10,,label_aware_diskann
pg-diskann,250000,1,w2_10,940,10.077125,1.0,10,,label_aware_diskann
pg-diskann,250000,1,w2_10,871,11.726333,0.9,10,,label_aware_diskann
pg-diskann,250000,1,w2_10,156,13.607042,1.0,10,,label_aware_diskann
pg-diskann,250000,1,w2_10,978,12.585916,0.9,10,,label_aware_diskann
pg-diskann,250000,1,w2_10,456,10.700875,0.9,10,,label_aware_diskann
pg-diskann,250000,1,w2_10,193,10.095209,1.0,10,,label_aware_diskann
pg-diskann,250000,1,w2_10,679,10.608958,1.0,10,,label_aware_diskann
pg-diskann,250000,1,w2_10,534,12.953833,0.8,10,,label_aware_diskann
pg-diskann,250000,1,w2_10,918,11.927375,1.0,10,,label_aware_diskann
pg-diskann,250000,1,w2_10,415,14.555583,0.9,10,,label_aware_diskann
pg-diskann,250000,1,w2_10,641,11.448708,1.0,10,,label_aware_diskann
pg-diskann,250000,1,w2_10,587,9.925667,1.0,10,,label_aware_diskann
pg-diskann,250000,1,w2_10,948,14.448625,1.0,10,,label_aware_diskann
pg-diskann,250000,1,w2_10,102,10.380209,0.9,10,,label_aware_diskann
pg-diskann,250000,1,w2_10,550,9.273375,1.0,10,,label_aware_diskann
pg-diskann,250000,1,w2_10,143,11.913584,0.9,10,,label_aware_diskann
pg-diskann,250000,1,w2_10,824,10.152083,1.0,10,,label_aware_diskann
pg-diskann,250000,1,w2_10,365,8.709959,1.0,10,,label_aware_diskann
pg-diskann,250000,1,w2_10,864,8.944709,1.0,10,,label_aware_diskann
pg-diskann,250000,1,w2_10,235,10.972791,0.9,10,,label_aware_diskann
pg-diskann,250000,1,w2_10,489,10.312416,1.0,10,,label_aware_diskann
pg-diskann,250000,1,w2_10,358,11.397333,1.0,10,,label_aware_diskann
pg-diskann,250000,1,w2_10,829,9.815333,1.0,10,,label_aware_diskann
pg-diskann,250000,1,w2_10,739,8.372125,1.0,10,,label_aware_diskann
pg-diskann,250000,1,w2_10,385,12.75325,1.0,10,,label_aware_diskann
pg-diskann,250000,1,w2_10,813,11.189,0.8,10,,label_aware_diskann
pg-diskann,250000,1,w2_10,981,9.72225,1.0,10,,label_aware_diskann
pg-diskann,250000,1,w2_10,951,11.515917,1.0,10,,label_aware_diskann
pg-diskann,250000,1,w2_10,650,9.924375,1.0,10,,label_aware_diskann
pg-diskann,250000,1,w2_10,865,9.00875,0.9,10,,label_aware_diskann
pg-diskann,250000,1,w2_10,379,15.007917,1.0,10,,label_aware_diskann
pg-diskann,250000,1,w2_10,681,11.527792,1.0,10,,label_aware_diskann
pg-diskann,250000,1,w2_10,540,9.182333,1.0,10,,label_aware_diskann
pg-diskann,250000,1,w2_10,723,11.47325,1.0,10,,label_aware_diskann
pg-diskann,250000,1,w2_10,884,10.538708,0.9,10,,label_aware_diskann
pg-diskann,250000,1,w2_10,805,10.835541,1.0,10,,label_aware_diskann
pg-diskann,250000,1,w2_1,251,5.295417,1.0,10,,scalar_first_exact
pg-diskann,250000,1,w2_1,685,5.843208,1.0,10,,scalar_first_exact
pg-diskann,250000,1,w2_1,954,6.032167,1.0,10,,scalar_first_exact
pg-diskann,250000,1,w2_1,302,5.975167,1.0,10,,scalar_first_exact
pg-diskann,250000,1,w2_1,743,7.487417,1.0,10,,scalar_first_exact
pg-diskann,250000,1,w2_1,822,6.044792,1.0,10,,scalar_first_exact
pg-diskann,250000,1,w2_1,273,8.1315,1.0,10,,scalar_first_exact
pg-diskann,250000,1,w2_1,799,5.38,1.0,10,,scalar_first_exact
pg-diskann,250000,1,w2_1,406,5.753083,1.0,10,,scalar_first_exact
pg-diskann,250000,1,w2_1,833,5.316875,1.0,10,,scalar_first_exact
pg-diskann,250000,1,w2_1,829,5.172333,1.0,10,,scalar_first_exact
pg-diskann,250000,1,w2_1,441,5.589375,1.0,10,,scalar_first_exact
pg-diskann,250000,1,w2_1,259,5.487958,1.0,10,,scalar_first_exact
pg-diskann,250000,1,w2_1,247,8.522167,1.0,10,,scalar_first_exact
pg-diskann,250000,1,w2_1,596,8.588167,1.0,10,,scalar_first_exact
pg-diskann,250000,1,w2_1,123,7.830667,1.0,10,,scalar_first_exact
pg-diskann,250000,1,w2_1,958,5.37925,1.0,10,,scalar_first_exact
pg-diskann,250000,1,w2_1,959,5.114791,1.0,10,,scalar_first_exact
pg-diskann,250000,1,w2_1,435,5.579584,1.0,10,,scalar_first_exact
pg-diskann,250000,1,w2_1,918,8.182292,1.0,10,,scalar_first_exact
pg-diskann,250000,1,w2_1,507,5.600958,1.0,10,,scalar_first_exact
pg-diskann,250000,1,w2_1,180,5.349917,1.0,10,,scalar_first_exact
pg-diskann,250000,1,w2_1,543,5.807458,1.0,10,,scalar_first_exact
pg-diskann,250000,1,w2_1,652,7.825875,1.0,10,,scalar_first_exact
pg-diskann,250000,1,w2_1,264,5.885333,1.0,10,,scalar_first_exact
pg-diskann,250000,1,w2_1,826,6.018416,1.0,10,,scalar_first_exact
pg-diskann,250000,1,w2_1,448,6.022458,1.0,10,,scalar_first_exact
pg-diskann,250000,1,w2_1,711,7.69625,1.0,10,,scalar_first_exact
pg-diskann,250000,1,w2_1,330,7.958875,1.0,10,,scalar_first_exact
pg-diskann,250000,1,w2_1,859,5.28375,1.0,10,,scalar_first_exact
pg-diskann,250000,1,w2_1,233,6.103584,1.0,10,,scalar_first_exact
pg-diskann,250000,1,w2_1,887,5.858375,1.0,10,,scalar_first_exact
pg-diskann,250000,1,w2_1,433,5.498459,1.0,10,,scalar_first_exact
pg-diskann,250000,1,w2_1,828,5.254084,1.0,10,,scalar_first_exact
pg-diskann,250000,1,w2_1,130,5.810916,1.0,10,,scalar_first_exact
pg-diskann,250000,1,w2_1,601,8.503667,1.0,10,,scalar_first_exact
pg-diskann,250000,1,w2_1,116,5.897042,1.0,10,,scalar_first_exact
pg-diskann,250000,1,w2_1,393,6.1225,1.0,10,,scalar_first_exact
pg-diskann,250000,1,w2_1,378,5.517541,1.0,10,,scalar_first_exact
pg-diskann,250000,1,w2_1,767,7.265958,1.0,10,,scalar_first_exact
pg-diskann,250000,1,w2_1,397,7.350583,1.0,10,,scalar_first_exact
pg-diskann,250000,1,w2_1,942,8.233125,1.0,10,,scalar_first_exact
pg-diskann,250000,1,w2_1,849,9.273208,1.0,10,,scalar_first_exact
pg-diskann,250000,1,w2_1,616,6.333875,1.0,10,,scalar_first_exact
pg-diskann,250000,1,w2_1,255,6.430625,1.0,10,,scalar_first_exact
pg-diskann,250000,1,w2_1,341,7.023083,1.0,10,,scalar_first_exact
pg-diskann,250000,1,w2_1,723,7.196541,1.0,10,,scalar_first_exact
pg-diskann,250000,1,w2_1,761,6.096875,1.0,10,,scalar_first_exact
pg-diskann,250000,1,w2_1,477,10.458459,1.0,10,,scalar_first_exact
pg-diskann,250000,1,w2_1,124,5.552041,1.0,10,,scalar_first_exact
pg-diskann,250000,1,w2_1,774,6.285,1.0,10,,scalar_first_exact
pg-diskann,250000,1,w2_1,281,5.97225,1.0,10,,scalar_first_exact
pg-diskann,250000,1,w2_1,489,6.04175,1.0,10,,scalar_first_exact
pg-diskann,250000,1,w2_1,877,5.930208,1.0,10,,scalar_first_exact
pg-diskann,250000,1,w2_1,904,6.116333,1.0,10,,scalar_first_exact
pg-diskann,250000,1,w2_1,508,5.767791,1.0,10,,scalar_first_exact
pg-diskann,250000,1,w2_1,229,6.120958,1.0,10,,scalar_first_exact
pg-diskann,250000,1,w2_1,850,6.459166,1.0,10,,scalar_first_exact
pg-diskann,250000,1,w2_1,127,5.679,1.0,10,,scalar_first_exact
pg-diskann,250000,1,w2_1,440,6.76025,1.0,10,,scalar_first_exact
pg-diskann,250000,1,w2_1,927,4.90975,1.0,10,,scalar_first_exact
pg-diskann,250000,1,w2_1,649,5.921041,1.0,10,,scalar_first_exact
pg-diskann,250000,1,w2_1,197,6.147,1.0,10,,scalar_first_exact
pg-diskann,250000,1,w2_1,110,5.999542,1.0,10,,scalar_first_exact
pg-diskann,250000,1,w2_1,986,7.434,1.0,10,,scalar_first_exact
pg-diskann,250000,1,w2_1,983,8.806709,1.0,10,,scalar_first_exact
pg-diskann,250000,1,w2_1,319,5.950125,1.0,10,,scalar_first_exact
pg-diskann,250000,1,w2_1,362,6.154292,1.0,10,,scalar_first_exact
pg-diskann,250000,1,w2_1,977,5.923208,1.0,10,,scalar_first_exact
pg-diskann,250000,1,w2_1,703,5.835584,1.0,10,,scalar_first_exact
pg-diskann,250000,1,w2_1,623,5.185625,1.0,10,,scalar_first_exact
pg-diskann,250000,1,w2_1,852,7.52175,1.0,10,,scalar_first_exact
pg-diskann,250000,1,w2_1,114,5.755167,1.0,10,,scalar_first_exact
pg-diskann,250000,1,w2_1,189,9.145125,1.0,10,,scalar_first_exact
pg-diskann,250000,1,w2_1,683,5.751,1.0,10,,scalar_first_exact
pg-diskann,250000,1,w2_1,910,6.455208,1.0,10,,scalar_first_exact
pg-diskann,250000,1,w2_1,612,5.639458,1.0,10,,scalar_first_exact
pg-diskann,250000,1,w2_1,323,5.31275,1.0,10,,scalar_first_exact
pg-diskann,250000,1,w2_1,141,5.918208,1.0,10,,scalar_first_exact
pg-diskann,250000,1,w2_1,286,5.608875,1.0,10,,scalar_first_exact
pg-diskann,250000,1,w2_1,837,6.368417,1.0,10,,scalar_first_exact
pg-diskann,250000,1,w2_1,313,6.061666,1.0,10,,scalar_first_exact
pg-diskann,250000,1,w2_1,187,10.502209,1.0,10,,scalar_first_exact
pg-diskann,250000,1,w2_1,480,5.328541,1.0,10,,scalar_first_exact
pg-diskann,250000,1,w2_1,941,9.106667,1.0,10,,scalar_first_exact
pg-diskann,250000,1,w2_1,354,7.434958,1.0,10,,scalar_first_exact
pg-diskann,250000,1,w2_1,201,5.552042,1.0,10,,scalar_first_exact
pg-diskann,250000,1,w2_1,380,5.010458,1.0,10,,scalar_first_exact
pg-diskann,250000,1,w2_1,376,5.843583,1.0,10,,scalar_first_exact
pg-diskann,250000,1,w2_1,737,6.187333,1.0,10,,scalar_first_exact
pg-diskann,250000,1,w2_1,979,6.096041,1.0,10,,scalar_first_exact
pg-diskann,250000,1,w2_1,885,6.094083,1.0,10,,scalar_first_exact
pg-diskann,250000,1,w2_1,253,8.998,1.0,10,,scalar_first_exact
pg-diskann,250000,1,w2_1,457,6.263959,1.0,10,,scalar_first_exact
pg-diskann,250000,1,w2_1,469,6.437167,1.0,10,,scalar_first_exact
pg-diskann,250000,1,w2_1,390,5.672541,1.0,10,,scalar_first_exact
pg-diskann,250000,1,w2_1,888,6.244375,1.0,10,,scalar_first_exact
pg-diskann,250000,1,w2_1,550,4.7835,1.0,10,,scalar_first_exact
pg-diskann,250000,1,w2_1,890,6.117292,1.0,10,,scalar_first_exact
pg-diskann,250000,1,w2_1,104,6.051208,1.0,10,,scalar_first_exact
pg-diskann,250000,1,w2_1,168,5.506167,1.0,10,,scalar_first_exact
pg-diskann,250000,1,w2_1,853,8.7585,1.0,10,,scalar_first_exact
pg-diskann,250000,1,w2_1,610,6.0185,1.0,10,,scalar_first_exact
pg-diskann,250000,1,w2_1,590,6.231292,1.0,10,,scalar_first_exact
pg-diskann,250000,1,w2_1,917,6.040417,1.0,10,,scalar_first_exact
pg-diskann,250000,1,w2_1,778,5.936333,1.0,10,,scalar_first_exact
pg-diskann,250000,1,w2_1,389,9.327,1.0,10,,scalar_first_exact
pg-diskann,250000,1,w2_1,171,5.777459,1.0,10,,scalar_first_exact
pg-diskann,250000,1,w2_1,118,5.489834,1.0,10,,scalar_first_exact
pg-diskann,250000,1,w2_1,412,5.269458,1.0,10,,scalar_first_exact
pg-diskann,250000,1,w2_1,172,4.689916,1.0,10,,scalar_first_exact
pg-diskann,250000,1,w2_1,891,5.35325,1.0,10,,scalar_first_exact
pg-diskann,250000,1,w2_1,287,5.535375,1.0,10,,scalar_first_exact
pg-diskann,250000,1,w2_1,140,5.621875,1.0,10,,scalar_first_exact
pg-diskann,250000,1,w2_1,173,6.675083,1.0,10,,scalar_first_exact
pg-diskann,250000,1,w2_1,931,7.24875,1.0,10,,scalar_first_exact
pg-diskann,250000,1,w2_1,161,5.735083,1.0,10,,scalar_first_exact
pg-diskann,250000,1,w2_1,965,8.042458,1.0,10,,scalar_first_exact
pg-diskann,250000,1,w2_1,119,8.173625,1.0,10,,scalar_first_exact
pg-diskann,250000,1,w2_1,963,5.597125,1.0,10,,scalar_first_exact
pg-diskann,250000,1,w2_1,179,5.99975,1.0,10,,scalar_first_exact
pg-diskann,250000,1,w2_1,277,5.976125,1.0,10,,scalar_first_exact
pg-diskann,250000,1,w2_1,561,9.702,1.0,10,,scalar_first_exact
pg-diskann,250000,1,w2_1,989,6.535917,1.0,10,,scalar_first_exact
pg-diskann,250000,1,w2_1,726,8.6725,1.0,10,,scalar_first_exact
pg-diskann,250000,1,w2_1,221,5.622084,1.0,10,,scalar_first_exact
pg-diskann,250000,1,w2_1,780,5.558791,1.0,10,,scalar_first_exact
pg-diskann,250000,1,w2_1,976,5.647625,1.0,10,,scalar_first_exact
pg-diskann,250000,1,w2_1,886,5.664042,1.0,10,,scalar_first_exact
pg-diskann,250000,1,w2_1,706,5.8665,1.0,10,,scalar_first_exact
pg-diskann,250000,1,w2_1,689,6.033959,1.0,10,,scalar_first_exact
pg-diskann,250000,1,w2_1,863,5.848708,1.0,10,,scalar_first_exact
pg-diskann,250000,1,w2_1,320,5.520959,1.0,10,,scalar_first_exact
pg-diskann,250000,1,w2_1,956,5.7405,1.0,10,,scalar_first_exact
pg-diskann,250000,1,w2_1,926,6.098791,1.0,10,,scalar_first_exact
pg-diskann,250000,1,w2_1,614,5.956166,1.0,10,,scalar_first_exact
pg-diskann,250000,1,w2_1,402,5.726375,1.0,10,,scalar_first_exact
pg-diskann,250000,1,w2_1,784,4.986,1.0,10,,scalar_first_exact
pg-diskann,250000,1,w2_1,813,6.087333,1.0,10,,scalar_first_exact
pg-diskann,250000,1,w2_1,256,5.520959,1.0,10,,scalar_first_exact
pg-diskann,250000,1,w2_1,579,6.099292,1.0,10,,scalar_first_exact
pg-diskann,250000,1,w2_1,137,9.001417,1.0,10,,scalar_first_exact
pg-diskann,250000,1,w2_1,727,5.58025,1.0,10,,scalar_first_exact
pg-diskann,250000,1,w2_1,295,5.761416,1.0,10,,scalar_first_exact
pg-diskann,250000,1,w2_1,165,6.12175,1.0,10,,scalar_first_exact
pg-diskann,250000,1,w2_1,103,8.244416,1.0,10,,scalar_first_exact
pg-diskann,250000,1,w2_1,713,6.559791,1.0,10,,scalar_first_exact
pg-diskann,250000,1,w2_1,884,7.032375,1.0,10,,scalar_first_exact
pg-diskann,250000,1,w2_1,639,8.373708,1.0,10,,scalar_first_exact
pg-diskann,250000,1,w2_1,502,8.136833,1.0,10,,scalar_first_exact
pg-diskann,250000,1,w2_1,749,5.169292,1.0,10,,scalar_first_exact
pg-diskann,250000,1,w2_1,562,5.49375,1.0,10,,scalar_first_exact
pg-diskann,250000,1,w2_1,752,5.567625,1.0,10,,scalar_first_exact
pg-diskann,250000,1,w2_1,607,5.247791,1.0,10,,scalar_first_exact
pg-diskann,250000,1,w2_1,449,5.33325,1.0,10,,scalar_first_exact
pg-diskann,250000,1,w2_1,556,5.557625,1.0,10,,scalar_first_exact
pg-diskann,250000,1,w2_1,655,5.94775,1.0,10,,scalar_first_exact
pg-diskann,250000,1,w2_1,895,4.587083,1.0,10,,scalar_first_exact
pg-diskann,250000,1,w2_1,298,5.7685,1.0,10,,scalar_first_exact
pg-diskann,250000,1,w2_1,429,5.840375,1.0,10,,scalar_first_exact
pg-diskann,250000,1,w2_1,267,7.85575,1.0,10,,scalar_first_exact
pg-diskann,250000,1,w2_1,379,5.081083,1.0,10,,scalar_first_exact
pg-diskann,250000,1,w2_1,943,5.501959,1.0,10,,scalar_first_exact
pg-diskann,250000,1,w2_1,870,5.836292,1.0,10,,scalar_first_exact
pg-diskann,250000,1,w2_1,482,9.325958,1.0,10,,scalar_first_exact
pg-diskann,250000,1,w2_1,258,5.575958,1.0,10,,scalar_first_exact
pg-diskann,250000,1,w2_1,120,4.9665,1.0,10,,scalar_first_exact
pg-diskann,250000,1,w2_1,483,5.708458,1.0,10,,scalar_first_exact
pg-diskann,250000,1,w2_1,133,5.553834,1.0,10,,scalar_first_exact
pg-diskann,250000,1,w2_1,284,5.179334,1.0,10,,scalar_first_exact
pg-diskann,250000,1,w2_1,128,5.948542,1.0,10,,scalar_first_exact
pg-diskann,250000,1,w2_1,494,5.862541,1.0,10,,scalar_first_exact
pg-diskann,250000,1,w2_1,747,5.834791,1.0,10,,scalar_first_exact
pg-diskann,250000,1,w2_1,447,5.948625,1.0,10,,scalar_first_exact
pg-diskann,250000,1,w2_1,845,7.483875,1.0,10,,scalar_first_exact
pg-diskann,250000,1,w2_1,664,6.464625,1.0,10,,scalar_first_exact
pg-diskann,250000,1,w2_1,570,5.285917,1.0,10,,scalar_first_exact
pg-diskann,250000,1,w2_1,463,5.711958,1.0,10,,scalar_first_exact
pg-diskann,250000,1,w2_1,531,7.156541,1.0,10,,scalar_first_exact
pg-diskann,250000,1,w2_1,909,5.477959,1.0,10,,scalar_first_exact
pg-diskann,250000,1,w2_1,266,5.555792,1.0,10,,scalar_first_exact
pg-diskann,250000,1,w2_1,292,5.467208,1.0,10,,scalar_first_exact
pg-diskann,250000,1,w2_1,151,8.772041,1.0,10,,scalar_first_exact
pg-diskann,250000,1,w2_1,916,7.294,1.0,10,,scalar_first_exact
pg-diskann,250000,1,w2_1,213,7.756416,1.0,10,,scalar_first_exact
pg-diskann,250000,1,w2_1,207,5.332042,1.0,10,,scalar_first_exact
pg-diskann,250000,1,w2_1,265,5.249792,1.0,10,,scalar_first_exact
pg-diskann,250000,1,w2_1,912,6.962666,1.0,10,,scalar_first_exact
pg-diskann,250000,1,w2_1,902,7.82425,1.0,10,,scalar_first_exact
pg-diskann,250000,1,w2_1,669,5.167375,1.0,10,,scalar_first_exact
pg-diskann,250000,1,w2_1,113,5.433833,1.0,10,,scalar_first_exact
pg-diskann,250000,1,w2_1,964,5.815167,1.0,10,,scalar_first_exact
pg-diskann,250000,1,w2_1,363,5.784459,1.0,10,,scalar_first_exact
pg-diskann,250000,1,w2_1,775,5.668958,1.0,10,,scalar_first_exact
pg-diskann,250000,1,w2_1,204,6.421542,1.0,10,,scalar_first_exact
pg-diskann,250000,1,w2_1,981,8.707667,1.0,10,,scalar_first_exact
pg-diskann,250000,1,w2_1,810,5.769959,1.0,10,,scalar_first_exact
pg-diskann,250000,1,w2_1,299,5.536334,1.0,10,,scalar_first_exact
pg-diskann,250000,1,w2_1,132,5.017541,1.0,10,,scalar_first_exact
pg-diskann,250000,1,w2_1,871,5.900583,1.0,10,,scalar_first_exact
pg-diskann,250000,1,w2_1,848,5.939375,1.0,10,,scalar_first_exact
pg-diskann,250000,1,w2_1,275,5.082125,1.0,10,,scalar_first_exact
pg-diskann,250000,1,w2_1,716,6.3575,1.0,10,,scalar_first_exact
pg-diskann,250000,1,w2_1,533,5.421959,1.0,10,,scalar_first_exact
pg-diskann,250000,1,w2_1,322,5.219583,1.0,10,,scalar_first_exact
pg-diskann,250000,1,w2_1,549,6.466666,1.0,10,,scalar_first_exact
pg-diskann,250000,1,w2_1,771,11.701917,1.0,10,,scalar_first_exact
pg-diskann,250000,1,w2_1,681,5.404125,1.0,10,,scalar_first_exact
pg-diskann,250000,1,w2_1,705,6.423334,1.0,10,,scalar_first_exact
pg-diskann,250000,1,w2_1,126,5.64025,1.0,10,,scalar_first_exact
pg-diskann,250000,1,w2_1,686,4.345375,1.0,10,,scalar_first_exact
pg-diskann,250000,1,w2_1,779,5.467917,1.0,10,,scalar_first_exact
pg-diskann,250000,1,w2_1,715,5.077958,1.0,10,,scalar_first_exact
pg-diskann,250000,1,w2_1,695,5.378334,1.0,10,,scalar_first_exact
pg-diskann,250000,1,w2_1,699,5.657417,1.0,10,,scalar_first_exact
pg-diskann,250000,1,w2_1,872,5.189417,1.0,10,,scalar_first_exact
pg-diskann,250000,1,w2_1,756,5.985292,1.0,10,,scalar_first_exact
pg-diskann,250000,1,w2_1,637,11.207958,1.0,10,,scalar_first_exact
pg-diskann,250000,1,w2_1,982,5.937334,1.0,10,,scalar_first_exact
pg-diskann,250000,1,w2_1,203,5.546125,1.0,10,,scalar_first_exact
pg-diskann,250000,1,w2_1,751,6.268,1.0,10,,scalar_first_exact
pg-diskann,250000,1,w2_1,769,7.123542,1.0,10,,scalar_first_exact
pg-diskann,250000,1,w2_1,836,5.782833,1.0,10,,scalar_first_exact
pg-diskann,250000,1,w2_1,466,7.7935,1.0,10,,scalar_first_exact
pg-diskann,250000,1,w2_1,351,5.31725,1.0,10,,scalar_first_exact
pg-diskann,250000,1,w2_1,439,5.420542,1.0,10,,scalar_first_exact
pg-diskann,250000,1,w2_1,303,6.543125,1.0,10,,scalar_first_exact
pg-diskann,250000,1,w2_1,645,5.571708,1.0,10,,scalar_first_exact
pg-diskann,250000,1,w2_1,787,5.984292,1.0,10,,scalar_first_exact
pg-diskann,250000,1,w2_1,391,5.522667,1.0,10,,scalar_first_exact
pg-diskann,250000,1,w2_1,241,10.487084,1.0,10,,scalar_first_exact
pg-diskann,250000,1,w2_1,212,5.258958,1.0,10,,scalar_first_exact
pg-diskann,250000,1,w2_1,154,10.939708,1.0,10,,scalar_first_exact
pg-diskann,250000,1,w2_1,491,5.675458,1.0,10,,scalar_first_exact
pg-diskann,250000,1,w2_1,908,9.109208,1.0,10,,scalar_first_exact
pg-diskann,250000,1,w2_1,950,5.766542,1.0,10,,scalar_first_exact
pg-diskann,250000,1,w2_1,190,6.226167,1.0,10,,scalar_first_exact
pg-diskann,250000,1,w2_1,798,6.535958,1.0,10,,scalar_first_exact
pg-diskann,250000,1,w2_1,360,5.0595,1.0,10,,scalar_first_exact
pg-diskann,250000,1,w2_1,814,5.787167,1.0,10,,scalar_first_exact
pg-diskann,250000,1,w2_1,791,5.643125,1.0,10,,scalar_first_exact
pg-diskann,250000,1,w2_1,403,5.948125,1.0,10,,scalar_first_exact
pg-diskann,250000,1,w2_1,405,5.9845,1.0,10,,scalar_first_exact
pg-diskann,250000,1,w2_1,205,6.456541,1.0,10,,scalar_first_exact
pg-diskann,250000,1,w2_1,876,5.498,1.0,10,,scalar_first_exact
pg-diskann,250000,1,w2_1,593,9.937,1.0,10,,scalar_first_exact
pg-diskann,250000,1,w2_1,200,5.718916,1.0,10,,scalar_first_exact
pg-diskann,250000,1,w2_1,423,6.166333,1.0,10,,scalar_first_exact
pg-diskann,250000,1,w2_1,532,5.672084,1.0,10,,scalar_first_exact
pg-diskann,250000,1,w2_1,131,6.204375,1.0,10,,scalar_first_exact
pg-diskann,250000,1,w2_1,575,6.74725,1.0,10,,scalar_first_exact
pg-diskann,250000,1,w2_1,704,6.917458,1.0,10,,scalar_first_exact
pg-diskann,250000,1,w2_1,176,5.302125,1.0,10,,scalar_first_exact
pg-diskann,250000,1,w2_1,149,6.829167,1.0,10,,scalar_first_exact
pg-diskann,250000,1,w2_1,898,7.874709,1.0,10,,scalar_first_exact
pg-diskann,250000,1,w2_1,678,5.46375,1.0,10,,scalar_first_exact
pg-diskann,250000,1,w2_1,301,5.939917,1.0,10,,scalar_first_exact
pg-diskann,250000,1,w2_1,458,6.193208,1.0,10,,scalar_first_exact
pg-diskann,250000,1,w2_1,968,7.333041,1.0,10,,scalar_first_exact
pg-diskann,250000,1,w2_1,191,5.352542,1.0,10,,scalar_first_exact
pg-diskann,250000,1,w2_1,687,5.608458,1.0,10,,scalar_first_exact
pg-diskann,250000,1,w2_1,223,6.099583,1.0,10,,scalar_first_exact
pg-diskann,250000,1,w2_1,914,6.958792,1.0,10,,scalar_first_exact
pg-diskann,250000,1,w2_1,905,5.886792,1.0,10,,scalar_first_exact
pg-diskann,250000,1,w2_1,776,5.55875,1.0,10,,scalar_first_exact
pg-diskann,250000,1,w2_1,219,5.378791,1.0,10,,scalar_first_exact
pg-diskann,250000,1,w2_1,115,5.271667,1.0,10,,scalar_first_exact
pg-diskann,250000,1,w2_1,377,6.350334,1.0,10,,scalar_first_exact
pg-diskann,250000,1,w2_1,382,5.932042,1.0,10,,scalar_first_exact
pg-diskann,250000,1,w2_1,688,6.723916,1.0,10,,scalar_first_exact
pg-diskann,250000,1,w2_1,972,5.923875,1.0,10,,scalar_first_exact
pg-diskann,250000,1,w2_1,236,5.486417,1.0,10,,scalar_first_exact
pg-diskann,250000,1,w2_1,605,5.643334,1.0,10,,scalar_first_exact
pg-diskann,250000,1,w2_1,231,6.0005,1.0,10,,scalar_first_exact
pg-diskann,250000,1,w2_1,394,5.992459,1.0,10,,scalar_first_exact
pg-diskann,250000,1,w2_1,193,5.901958,1.0,10,,scalar_first_exact
pg-diskann,250000,1,w2_1,832,7.187667,1.0,10,,scalar_first_exact
pg-diskann,250000,1,w2_1,807,5.497125,1.0,10,,scalar_first_exact
pg-diskann,250000,1,w2_1,484,7.677792,1.0,10,,scalar_first_exact
pg-diskann,250000,1,w2_1,830,5.991416,1.0,10,,scalar_first_exact
pg-diskann,250000,1,w2_1,340,5.57625,1.0,10,,scalar_first_exact
pg-diskann,250000,1,w2_1,305,5.96,1.0,10,,scalar_first_exact
pg-diskann,250000,1,w2_1,312,7.78225,1.0,10,,scalar_first_exact
pg-diskann,250000,1,w2_1,100,6.171208,1.0,10,,scalar_first_exact
pg-diskann,250000,1,w2_1,216,6.017625,1.0,10,,scalar_first_exact
pg-diskann,250000,1,w2_1,730,5.693417,1.0,10,,scalar_first_exact
pg-diskann,250000,1,w2_1,643,5.856833,1.0,10,,scalar_first_exact
pg-diskann,250000,1,w2_1,156,5.802583,1.0,10,,scalar_first_exact
pg-diskann,250000,1,w2_1,535,5.92475,1.0,10,,scalar_first_exact
pg-diskann,250000,1,w2_1,856,5.8995,1.0,10,,scalar_first_exact
pg-diskann,250000,1,w2_1,519,7.681458,1.0,10,,scalar_first_exact
pg-diskann,250000,1,w2_1,940,5.774708,1.0,10,,scalar_first_exact
pg-diskann,250000,1,w2_1,952,6.094375,1.0,10,,scalar_first_exact
pg-diskann,250000,1,w2_1,717,6.046958,1.0,10,,scalar_first_exact
pg-diskann,250000,1,w2_1,512,7.608125,1.0,10,,scalar_first_exact
pg-diskann,250000,1,w2_1,736,5.380792,1.0,10,,scalar_first_exact
pg-diskann,250000,1,w2_1,618,5.2275,1.0,10,,scalar_first_exact
pg-diskann,250000,1,w2_1,461,5.734542,1.0,10,,scalar_first_exact
pg-diskann,250000,1,w2_1,864,8.03825,1.0,10,,scalar_first_exact
pg-diskann,250000,1,w2_1,755,5.506917,1.0,10,,scalar_first_exact
pg-diskann,250000,1,w2_1,644,5.563917,1.0,10,,scalar_first_exact
pg-diskann,250000,1,w2_1,932,5.878875,1.0,10,,scalar_first_exact
pg-diskann,250000,1,w2_1,375,7.567833,1.0,10,,scalar_first_exact
pg-diskann,250000,1,w2_1,619,5.413417,1.0,10,,scalar_first_exact
pg-diskann,250000,1,w2_1,631,6.220791,1.0,10,,scalar_first_exact
pg-diskann,250000,1,w2_1,671,6.71025,1.0,10,,scalar_first_exact
pg-diskann,250000,1,w2_1,521,7.24025,1.0,10,,scalar_first_exact
pg-diskann,250000,1,w2_1,552,5.621792,1.0,10,,scalar_first_exact
pg-diskann,250000,1,w2_1,540,5.8725,1.0,10,,scalar_first_exact
pg-diskann,250000,1,w2_1,334,5.577041,1.0,10,,scalar_first_exact
pg-diskann,250000,1,w2_1,196,6.290291,1.0,10,,scalar_first_exact
pg-diskann,250000,1,w2_1,692,4.894125,1.0,10,,scalar_first_exact
pg-diskann,250000,1,w2_1,401,5.720625,1.0,10,,scalar_first_exact
pg-diskann,250000,1,w2_1,985,7.203166,1.0,10,,scalar_first_exact
pg-diskann,250000,1,w2_1,802,5.817708,1.0,10,,scalar_first_exact
pg-diskann,250000,1,w2_1,840,5.193167,1.0,10,,scalar_first_exact
pg-diskann,250000,1,w2_1,675,6.020583,1.0,10,,scalar_first_exact
pg-diskann,250000,1,w2_1,632,5.45225,1.0,10,,scalar_first_exact
pg-diskann,250000,1,w2_1,554,10.842291,1.0,10,,scalar_first_exact
pg-diskann,250000,1,w2_1,584,7.628125,1.0,10,,scalar_first_exact
pg-diskann,250000,1,w2_1,698,5.797917,1.0,10,,scalar_first_exact
pg-diskann,250000,1,w2_1,754,5.538917,1.0,10,,scalar_first_exact
pg-diskann,250000,1,w2_1,158,6.396083,1.0,10,,scalar_first_exact
pg-diskann,250000,1,w2_1,933,5.7065,1.0,10,,scalar_first_exact
pg-diskann,250000,1,w2_1,557,5.676708,1.0,10,,scalar_first_exact
pg-diskann,250000,1,w2_1,790,5.674667,1.0,10,,scalar_first_exact
pg-diskann,250000,1,w2_1,620,7.886083,1.0,10,,scalar_first_exact
pg-diskann,250000,1,w2_1,497,10.971375,1.0,10,,scalar_first_exact
pg-diskann,250000,1,w2_1,398,6.15225,1.0,10,,scalar_first_exact
pg-diskann,250000,1,w2_1,748,6.290916,1.0,10,,scalar_first_exact
pg-diskann,250000,1,w2_1,138,5.853167,1.0,10,,scalar_first_exact
pg-diskann,250000,1,w2_1,583,6.5475,1.0,10,,scalar_first_exact
pg-diskann,250000,1,w2_1,218,5.5885,1.0,10,,scalar_first_exact
pg-diskann,250000,1,w2_1,628,5.79775,1.0,10,,scalar_first_exact
pg-diskann,250000,1,w2_1,235,6.13525,1.0,10,,scalar_first_exact
pg-diskann,250000,1,w2_1,571,7.402125,1.0,10,,scalar_first_exact
pg-diskann,250000,1,w2_1,677,7.042084,1.0,10,,scalar_first_exact
pg-diskann,250000,1,w2_1,641,6.913083,1.0,10,,scalar_first_exact
pg-diskann,250000,1,w2_1,238,5.524833,1.0,10,,scalar_first_exact
pg-diskann,250000,1,w2_1,269,5.338667,1.0,10,,scalar_first_exact
pg-diskann,250000,1,w2_1,415,8.310875,1.0,10,,scalar_first_exact
pg-diskann,250000,1,w2_1,866,7.5,1.0,10,,scalar_first_exact
pg-diskann,250000,1,w2_1,894,8.721333,1.0,10,,scalar_first_exact
pg-diskann,250000,1,w2_1,192,5.326459,1.0,10,,scalar_first_exact
pg-diskann,250000,1,w2_1,225,6.166542,1.0,10,,scalar_first_exact
pg-diskann,250000,1,w2_1,392,5.559459,1.0,10,,scalar_first_exact
pg-diskann,250000,1,w2_1,948,5.58,1.0,10,,scalar_first_exact
pg-diskann,250000,1,w2_1,208,8.000083,1.0,10,,scalar_first_exact
pg-diskann,250000,1,w2_1,325,8.591167,1.0,10,,scalar_first_exact
pg-diskann,250000,1,w2_1,534,7.453042,1.0,10,,scalar_first_exact
pg-diskann,250000,1,w2_1,640,7.779125,1.0,10,,scalar_first_exact
pg-diskann,250000,1,w2_1,368,5.637875,1.0,10,,scalar_first_exact
pg-diskann,250000,1,w2_1,694,5.654333,1.0,10,,scalar_first_exact
pg-diskann,250000,1,w2_1,129,5.9625,1.0,10,,scalar_first_exact
pg-diskann,250000,1,w2_1,237,8.019916,1.0,10,,scalar_first_exact
pg-diskann,250000,1,w2_1,367,8.088375,1.0,10,,scalar_first_exact
pg-diskann,250000,1,w2_1,514,6.157542,1.0,10,,scalar_first_exact
pg-diskann,250000,1,w2_1,633,6.225917,1.0,10,,scalar_first_exact
pg-diskann,250000,1,w2_1,819,5.537292,1.0,10,,scalar_first_exact
pg-diskann,250000,1,w2_1,647,11.994583,1.0,10,,scalar_first_exact
pg-diskann,250000,1,w2_1,701,7.293125,1.0,10,,scalar_first_exact
pg-diskann,250000,1,w2_1,308,6.108208,1.0,10,,scalar_first_exact
pg-diskann,250000,1,w2_1,624,5.50525,1.0,10,,scalar_first_exact
pg-diskann,250000,1,w2_1,333,6.194459,1.0,10,,scalar_first_exact
pg-diskann,250000,1,w2_1,854,5.892834,1.0,10,,scalar_first_exact
pg-diskann,250000,1,w2_1,712,5.495458,1.0,10,,scalar_first_exact
pg-diskann,250000,1,w2_1,143,5.986042,1.0,10,,scalar_first_exact
pg-diskann,250000,1,w2_1,659,5.461125,1.0,10,,scalar_first_exact
pg-diskann,250000,1,w2_1,111,5.696083,1.0,10,,scalar_first_exact
pg-diskann,250000,1,w2_1,501,8.711167,1.0,10,,scalar_first_exact
pg-diskann,250000,1,w2_1,679,7.633833,1.0,10,,scalar_first_exact
pg-diskann,250000,1,w2_1,762,5.909958,1.0,10,,scalar_first_exact
pg-diskann,250000,1,w2_1,893,5.644292,1.0,10,,scalar_first_exact
pg-diskann,250000,1,w2_1,801,6.095875,1.0,10,,scalar_first_exact
pg-diskann,250000,1,w2_1,424,7.546417,1.0,10,,scalar_first_exact
pg-diskann,250000,1,w2_1,889,6.1185,1.0,10,,scalar_first_exact
pg-diskann,250000,1,w2_1,731,5.699708,1.0,10,,scalar_first_exact
pg-diskann,250000,1,w2_1,997,6.020042,1.0,10,,scalar_first_exact
pg-diskann,250000,1,w2_1,961,5.729208,1.0,10,,scalar_first_exact
pg-diskann,250000,1,w2_1,629,5.844875,1.0,10,,scalar_first_exact
pg-diskann,250000,1,w2_1,797,5.743792,1.0,10,,scalar_first_exact
pg-diskann,250000,1,w2_1,650,5.772042,1.0,10,,scalar_first_exact
pg-diskann,250000,1,w2_1,541,8.630083,1.0,10,,scalar_first_exact
pg-diskann,250000,1,w2_1,867,6.626834,1.0,10,,scalar_first_exact
pg-diskann,250000,1,w2_1,670,6.364917,1.0,10,,scalar_first_exact
pg-diskann,250000,1,w2_1,279,6.406417,1.0,10,,scalar_first_exact
pg-diskann,250000,1,w2_1,990,5.730792,1.0,10,,scalar_first_exact
pg-diskann,250000,1,w2_1,430,5.8455,1.0,10,,scalar_first_exact
pg-diskann,250000,1,w2_1,995,5.688875,1.0,10,,scalar_first_exact
pg-diskann,250000,1,w2_1,803,6.118875,1.0,10,,scalar_first_exact
pg-diskann,250000,1,w2_1,488,5.834958,1.0,10,,scalar_first_exact
pg-diskann,250000,1,w2_1,573,8.991584,1.0,10,,scalar_first_exact
pg-diskann,250000,1,w2_1,957,7.941625,1.0,10,,scalar_first_exact
pg-diskann,250000,1,w2_1,693,5.504916,1.0,10,,scalar_first_exact
pg-diskann,250000,1,w2_1,348,5.254459,1.0,10,,scalar_first_exact
pg-diskann,250000,1,w2_1,500,5.668,1.0,10,,scalar_first_exact
pg-diskann,250000,1,w2_1,975,8.377458,1.0,10,,scalar_first_exact
pg-diskann,250000,1,w2_1,220,5.245083,1.0,10,,scalar_first_exact
pg-diskann,250000,1,w2_1,358,5.187042,1.0,10,,scalar_first_exact
pg-diskann,250000,1,w2_1,773,6.108959,1.0,10,,scalar_first_exact
pg-diskann,250000,1,w2_1,451,6.43225,1.0,10,,scalar_first_exact
pg-diskann,250000,1,w2_1,768,5.485083,1.0,10,,scalar_first_exact
pg-diskann,250000,1,w2_1,831,6.029917,1.0,10,,scalar_first_exact
pg-diskann,250000,1,w2_1,800,7.947208,1.0,10,,scalar_first_exact
pg-diskann,250000,1,w2_1,148,6.271916,1.0,10,,scalar_first_exact
pg-diskann,250000,1,w2_1,434,5.782291,1.0,10,,scalar_first_exact
pg-diskann,250000,1,w2_1,498,5.747416,1.0,10,,scalar_first_exact
pg-diskann,250000,1,w2_1,559,6.56075,1.0,10,,scalar_first_exact
pg-diskann,250000,1,w2_1,144,11.955792,1.0,10,,scalar_first_exact
pg-diskann,250000,1,w2_1,134,6.05125,1.0,10,,scalar_first_exact
pg-diskann,250000,1,w2_1,788,6.048833,1.0,10,,scalar_first_exact
pg-diskann,250000,1,w2_1,271,5.933792,1.0,10,,scalar_first_exact
pg-diskann,250000,1,w2_1,136,5.515625,1.0,10,,scalar_first_exact
pg-diskann,250000,1,w2_1,729,6.197875,1.0,10,,scalar_first_exact
pg-diskann,250000,1,w2_1,658,5.693084,1.0,10,,scalar_first_exact
pg-diskann,250000,1,w2_1,923,5.891125,1.0,10,,scalar_first_exact
pg-diskann,250000,1,w2_1,315,5.216667,1.0,10,,scalar_first_exact
pg-diskann,250000,1,w2_1,157,7.234958,1.0,10,,scalar_first_exact
pg-diskann,250000,1,w2_1,939,5.399,1.0,10,,scalar_first_exact
pg-diskann,250000,1,w2_1,892,5.602125,1.0,10,,scalar_first_exact
pg-diskann,250000,1,w2_1,724,5.296625,1.0,10,,scalar_first_exact
pg-diskann,250000,1,w2_1,153,5.907833,1.0,10,,scalar_first_exact
pg-diskann,250000,1,w2_1,663,5.373667,1.0,10,,scalar_first_exact
pg-diskann,250000,1,w2_1,252,5.707792,1.0,10,,scalar_first_exact
pg-diskann,250000,1,w2_1,243,8.46225,1.0,10,,scalar_first_exact
pg-diskann,250000,1,w2_1,922,8.352875,1.0,10,,scalar_first_exact
pg-diskann,250000,1,w2_1,980,8.685583,1.0,10,,scalar_first_exact
pg-diskann,250000,1,w2_1,244,5.9505,1.0,10,,scalar_first_exact
pg-diskann,250000,1,w2_1,246,5.775375,1.0,10,,scalar_first_exact
pg-diskann,250000,1,w2_1,527,5.019208,1.0,10,,scalar_first_exact
pg-diskann,250000,1,w2_1,777,8.078417,1.0,10,,scalar_first_exact
pg-diskann,250000,1,w2_1,316,5.655583,1.0,10,,scalar_first_exact
pg-diskann,250000,1,w2_1,962,5.842167,1.0,10,,scalar_first_exact
pg-diskann,250000,1,w2_1,471,5.557625,1.0,10,,scalar_first_exact
pg-diskann,250000,1,w2_1,720,5.877208,1.0,10,,scalar_first_exact
pg-diskann,250000,1,w2_1,648,5.814709,1.0,10,,scalar_first_exact
pg-diskann,250000,1,w2_1,337,5.62475,1.0,10,,scalar_first_exact
pg-diskann,250000,1,w2_1,824,5.915792,1.0,10,,scalar_first_exact
pg-diskann,250000,1,w2_1,524,9.706625,1.0,10,,scalar_first_exact
pg-diskann,250000,1,w2_1,770,5.875875,1.0,10,,scalar_first_exact
pg-diskann,250000,1,w2_1,578,5.825667,1.0,10,,scalar_first_exact
pg-diskann,250000,1,w2_1,657,5.777625,1.0,10,,scalar_first_exact
pg-diskann,250000,1,w2_1,310,5.836541,1.0,10,,scalar_first_exact
pg-diskann,250000,1,w2_1,841,9.072083,1.0,10,,scalar_first_exact
pg-diskann,250000,1,w2_1,335,7.816084,1.0,10,,scalar_first_exact
pg-diskann,250000,1,w2_1,240,5.351,1.0,10,,scalar_first_exact
pg-diskann,250000,1,w2_1,336,5.348791,1.0,10,,scalar_first_exact
pg-diskann,250000,1,w2_1,479,5.887,1.0,10,,scalar_first_exact
pg-diskann,250000,1,w2_1,339,5.645875,1.0,10,,scalar_first_exact
pg-diskann,250000,1,w2_1,615,5.220291,1.0,10,,scalar_first_exact
pg-diskann,250000,1,w2_1,949,8.262959,1.0,10,,scalar_first_exact
pg-diskann,250000,1,w2_1,283,5.974792,1.0,10,,scalar_first_exact
pg-diskann,250000,1,w2_1,741,8.030125,1.0,10,,scalar_first_exact
pg-diskann,250000,1,w2_1,925,5.990167,1.0,10,,scalar_first_exact
pg-diskann,250000,1,w2_1,576,5.227458,1.0,10,,scalar_first_exact
pg-diskann,250000,1,w2_1,107,5.837125,1.0,10,,scalar_first_exact
pg-diskann,250000,1,w2_1,998,5.861709,1.0,10,,scalar_first_exact
pg-diskann,250000,1,w2_1,520,5.607,1.0,10,,scalar_first_exact
pg-diskann,250000,1,w2_1,338,5.387791,1.0,10,,scalar_first_exact
pg-diskann,250000,1,w2_1,162,8.137834,1.0,10,,scalar_first_exact
pg-diskann,250000,1,w2_1,147,9.468625,1.0,10,,scalar_first_exact
pg-diskann,250000,1,w2_1,613,6.433125,1.0,10,,scalar_first_exact
pg-diskann,250000,1,w2_1,654,12.359334,1.0,10,,scalar_first_exact
pg-diskann,250000,1,w2_1,621,6.570875,1.0,10,,scalar_first_exact
pg-diskann,250000,1,w2_1,820,6.019,1.0,10,,scalar_first_exact
pg-diskann,250000,1,w2_1,642,5.475916,1.0,10,,scalar_first_exact
pg-diskann,250000,1,w2_1,786,5.5455,1.0,10,,scalar_first_exact
pg-diskann,250000,1,w2_1,696,6.195666,1.0,10,,scalar_first_exact
pg-diskann,250000,1,w2_1,665,5.833291,1.0,10,,scalar_first_exact
pg-diskann,250000,1,w2_1,846,5.555708,1.0,10,,scalar_first_exact
pg-diskann,250000,1,w2_1,175,5.871584,1.0,10,,scalar_first_exact
pg-diskann,250000,1,w2_1,582,6.4505,1.0,10,,scalar_first_exact
pg-diskann,250000,1,w2_1,353,8.626917,1.0,10,,scalar_first_exact
pg-diskann,250000,1,w2_1,523,5.850166,1.0,10,,scalar_first_exact
pg-diskann,250000,1,w2_1,493,5.987583,1.0,10,,scalar_first_exact
pg-diskann,250000,1,w2_1,785,5.910375,1.0,10,,scalar_first_exact
pg-diskann,250000,1,w2_1,560,7.210958,1.0,10,,scalar_first_exact
pg-diskann,250000,1,w2_1,567,6.142209,1.0,10,,scalar_first_exact
pg-diskann,250000,1,w2_1,217,10.50325,1.0,10,,scalar_first_exact
pg-diskann,250000,1,w2_1,674,12.038875,1.0,10,,scalar_first_exact
pg-diskann,250000,1,w2_1,792,6.00275,1.0,10,,scalar_first_exact
pg-diskann,250000,1,w2_1,608,14.1225,1.0,10,,scalar_first_exact
pg-diskann,250000,1,w2_1,781,6.391459,1.0,10,,scalar_first_exact
pg-diskann,250000,1,w2_1,585,6.075416,1.0,10,,scalar_first_exact
pg-diskann,250000,1,w2_1,288,5.880875,1.0,10,,scalar_first_exact
pg-diskann,250000,1,w2_1,194,6.116792,1.0,10,,scalar_first_exact
pg-diskann,250000,1,w2_1,759,6.083083,1.0,10,,scalar_first_exact
pg-diskann,250000,1,w2_1,708,5.9375,1.0,10,,scalar_first_exact
pg-diskann,250000,1,w2_1,454,6.084292,1.0,10,,scalar_first_exact
pg-diskann,250000,1,w2_1,873,13.706042,1.0,10,,scalar_first_exact
pg-diskann,250000,1,w2_1,122,5.742625,1.0,10,,scalar_first_exact
pg-diskann,250000,1,w2_1,834,8.666542,1.0,10,,scalar_first_exact
pg-diskann,250000,1,w2_1,274,8.008041,1.0,10,,scalar_first_exact
pg-diskann,250000,1,w2_1,860,5.924833,1.0,10,,scalar_first_exact
pg-diskann,250000,1,w2_1,764,5.759875,1.0,10,,scalar_first_exact
pg-diskann,250000,1,w2_1,899,7.175875,1.0,10,,scalar_first_exact
pg-diskann,250000,1,w2_1,883,7.36025,1.0,10,,scalar_first_exact
pg-diskann,250000,1,w2_1,563,6.938041,1.0,10,,scalar_first_exact
pg-diskann,250000,1,w2_1,930,7.273458,1.0,10,,scalar_first_exact
pg-diskann,250000,1,w2_1,721,6.398458,1.0,10,,scalar_first_exact
pg-diskann,250000,1,w2_1,906,6.973542,1.0,10,,scalar_first_exact
pg-diskann,250000,1,w2_1,177,6.841709,1.0,10,,scalar_first_exact
pg-diskann,250000,1,w2_1,984,6.920208,1.0,10,,scalar_first_exact
pg-diskann,250000,1,w2_1,973,7.235083,1.0,10,,scalar_first_exact
pg-diskann,250000,1,w2_1,937,7.302583,1.0,10,,scalar_first_exact
pg-diskann,250000,1,w2_1,719,10.778042,1.0,10,,scalar_first_exact
pg-diskann,250000,1,w2_1,513,6.259792,1.0,10,,scalar_first_exact
pg-diskann,250000,1,w2_1,425,6.771209,1.0,10,,scalar_first_exact
pg-diskann,250000,1,w2_1,372,6.266708,1.0,10,,scalar_first_exact
pg-diskann,250000,1,w2_1,459,7.067458,1.0,10,,scalar_first_exact
pg-diskann,250000,1,w2_1,139,6.8685,1.0,10,,scalar_first_exact
pg-diskann,250000,1,w2_1,452,6.931291,1.0,10,,scalar_first_exact
pg-diskann,250000,1,w2_1,878,8.141167,1.0,10,,scalar_first_exact
pg-diskann,250000,1,w2_1,757,9.849041,1.0,10,,scalar_first_exact
pg-diskann,250000,1,w2_1,383,7.000792,1.0,10,,scalar_first_exact
pg-diskann,250000,1,w2_1,900,7.471666,1.0,10,,scalar_first_exact
pg-diskann,250000,1,w2_1,855,8.73775,1.0,10,,scalar_first_exact
pg-diskann,250000,1,w2_1,326,6.397667,1.0,10,,scalar_first_exact
pg-diskann,250000,1,w2_1,490,6.652292,1.0,10,,scalar_first_exact
pg-diskann,250000,1,w2_1,825,6.276833,1.0,10,,scalar_first_exact
pg-diskann,250000,1,w2_1,413,7.093375,1.0,10,,scalar_first_exact
pg-diskann,250000,1,w2_1,555,8.534375,1.0,10,,scalar_first_exact
pg-diskann,250000,1,w2_1,818,6.993583,1.0,10,,scalar_first_exact
pg-diskann,250000,1,w2_1,226,6.434375,1.0,10,,scalar_first_exact
pg-diskann,250000,1,w2_1,518,7.221625,1.0,10,,scalar_first_exact
pg-diskann,250000,1,w2_1,169,7.327584,1.0,10,,scalar_first_exact
pg-diskann,250000,1,w2_1,528,6.714291,1.0,10,,scalar_first_exact
pg-diskann,250000,1,w2_1,416,6.84125,1.0,10,,scalar_first_exact
pg-diskann,250000,1,w2_1,603,6.183458,1.0,10,,scalar_first_exact
pg-diskann,250000,1,w2_1,185,6.761792,1.0,10,,scalar_first_exact
pg-diskann,250000,1,w2_1,896,8.096042,1.0,10,,scalar_first_exact
pg-diskann,250000,1,w2_1,897,9.170291,1.0,10,,scalar_first_exact
pg-diskann,250000,1,w2_1,420,7.770458,1.0,10,,scalar_first_exact
pg-diskann,250000,1,w2_1,794,23.215125,1.0,10,,scalar_first_exact
pg-diskann,250000,1,w2_1,868,7.15775,1.0,10,,scalar_first_exact
pg-diskann,250000,1,w2_1,974,6.589125,1.0,10,,scalar_first_exact
pg-diskann,250000,1,w2_1,758,6.365417,1.0,10,,scalar_first_exact
pg-diskann,250000,1,w2_1,381,7.22525,1.0,10,,scalar_first_exact
pg-diskann,250000,1,w2_1,804,7.184625,1.0,10,,scalar_first_exact
pg-diskann,250000,1,w2_1,504,7.923459,1.0,10,,scalar_first_exact
pg-diskann,250000,1,w2_1,944,6.578917,1.0,10,,scalar_first_exact
pg-diskann,250000,1,w2_1,548,6.885542,1.0,10,,scalar_first_exact
pg-diskann,250000,1,w2_1,332,7.39875,1.0,10,,scalar_first_exact
pg-diskann,250000,1,w2_1,574,10.811959,1.0,10,,scalar_first_exact
pg-diskann,250000,1,w2_1,422,12.004334,1.0,10,,scalar_first_exact
pg-diskann,250000,1,w2_1,357,8.944,1.0,10,,scalar_first_exact
pg-diskann,250000,1,w2_1,510,7.187459,1.0,10,,scalar_first_exact
pg-diskann,250000,1,w2_1,760,6.804708,1.0,10,,scalar_first_exact
pg-diskann,250000,1,w2_1,352,6.749417,1.0,10,,scalar_first_exact
pg-diskann,250000,1,w2_1,587,7.245416,1.0,10,,scalar_first_exact
pg-diskann,250000,1,w2_1,419,6.564458,1.0,10,,scalar_first_exact
pg-diskann,250000,1,w2_1,167,7.539459,1.0,10,,scalar_first_exact
pg-diskann,250000,1,w2_1,991,6.559167,1.0,10,,scalar_first_exact
pg-diskann,250000,1,w2_1,994,6.836792,1.0,10,,scalar_first_exact
pg-diskann,250000,1,w2_1,364,8.207083,1.0,10,,scalar_first_exact
pg-diskann,250000,1,w2_1,793,6.90375,1.0,10,,scalar_first_exact
pg-diskann,250000,1,w2_1,444,5.666583,1.0,10,,scalar_first_exact
pg-diskann,250000,1,w2_1,282,6.686458,1.0,10,,scalar_first_exact
pg-diskann,250000,1,w2_1,487,6.2215,1.0,10,,scalar_first_exact
pg-diskann,250000,1,w2_1,572,6.7515,1.0,10,,scalar_first_exact
pg-diskann,250000,1,w2_1,661,7.215125,1.0,10,,scalar_first_exact
pg-diskann,250000,1,w2_1,409,6.53675,1.0,10,,scalar_first_exact
pg-diskann,250000,1,w2_1,474,6.082917,1.0,10,,scalar_first_exact
pg-diskann,250000,1,w2_1,486,6.190125,1.0,10,,scalar_first_exact
pg-diskann,250000,1,w2_1,580,5.796375,1.0,10,,scalar_first_exact
pg-diskann,250000,1,w2_1,646,5.676125,1.0,10,,scalar_first_exact
pg-diskann,250000,1,w2_1,935,5.414458,1.0,10,,scalar_first_exact
pg-diskann,250000,1,w2_1,495,6.676333,1.0,10,,scalar_first_exact
pg-diskann,250000,1,w2_1,881,6.08925,1.0,10,,scalar_first_exact
pg-diskann,250000,1,w2_1,742,7.03225,1.0,10,,scalar_first_exact
pg-diskann,250000,1,w2_1,907,6.261208,1.0,10,,scalar_first_exact
pg-diskann,250000,1,w2_1,155,6.3415,1.0,10,,scalar_first_exact
pg-diskann,250000,1,w2_1,638,8.83825,1.0,10,,scalar_first_exact
pg-diskann,250000,1,w2_1,538,7.313917,1.0,10,,scalar_first_exact
pg-diskann,250000,1,w2_1,851,7.434125,1.0,10,,scalar_first_exact
pg-diskann,250000,1,w2_1,307,7.129917,1.0,10,,scalar_first_exact
pg-diskann,250000,1,w2_1,468,6.852834,1.0,10,,scalar_first_exact
pg-diskann,250000,1,w2_1,396,7.069541,1.0,10,,scalar_first_exact
pg-diskann,250000,1,w2_1,598,8.7585,1.0,10,,scalar_first_exact
pg-diskann,250000,1,w2_1,672,7.07475,1.0,10,,scalar_first_exact
pg-diskann,250000,1,w2_1,445,8.192458,1.0,10,,scalar_first_exact
pg-diskann,250000,1,w2_1,309,7.299709,1.0,10,,scalar_first_exact
pg-diskann,250000,1,w2_1,934,7.217375,1.0,10,,scalar_first_exact
pg-diskann,250000,1,w2_1,214,15.4185,1.0,10,,scalar_first_exact
pg-diskann,250000,1,w2_1,385,8.042834,1.0,10,,scalar_first_exact
pg-diskann,250000,1,w2_1,955,6.099125,1.0,10,,scalar_first_exact
pg-diskann,250000,1,w2_1,739,7.576917,1.0,10,,scalar_first_exact
pg-diskann,250000,1,w2_1,178,6.415667,1.0,10,,scalar_first_exact
pg-diskann,250000,1,w2_1,437,7.02425,1.0,10,,scalar_first_exact
pg-diskann,250000,1,w2_1,359,7.023083,1.0,10,,scalar_first_exact
pg-diskann,250000,1,w2_1,145,6.791709,1.0,10,,scalar_first_exact
pg-diskann,250000,1,w2_1,600,5.520625,1.0,10,,scalar_first_exact
pg-diskann,250000,1,w2_1,304,6.472792,1.0,10,,scalar_first_exact
pg-diskann,250000,1,w2_1,160,6.524584,1.0,10,,scalar_first_exact
pg-diskann,250000,1,w2_1,599,6.544916,1.0,10,,scalar_first_exact
pg-diskann,250000,1,w2_1,432,6.140416,1.0,10,,scalar_first_exact
pg-diskann,250000,1,w2_1,602,11.143417,1.0,10,,scalar_first_exact
pg-diskann,250000,1,w2_1,594,6.984292,1.0,10,,scalar_first_exact
pg-diskann,250000,1,w2_1,753,6.566917,1.0,10,,scalar_first_exact
pg-diskann,250000,1,w2_1,996,6.735583,1.0,10,,scalar_first_exact
pg-diskann,250000,1,w2_1,350,7.234458,1.0,10,,scalar_first_exact
pg-diskann,250000,1,w2_1,795,8.361042,1.0,10,,scalar_first_exact
pg-diskann,250000,1,w2_1,700,6.831041,1.0,10,,scalar_first_exact
pg-diskann,250000,1,w2_1,211,7.441625,1.0,10,,scalar_first_exact
pg-diskann,250000,1,w2_1,306,12.409208,1.0,10,,scalar_first_exact
pg-diskann,250000,1,w2_1,260,6.732625,1.0,10,,scalar_first_exact
pg-diskann,250000,1,w2_1,227,7.016833,1.0,10,,scalar_first_exact
pg-diskann,250000,1,w2_1,921,6.230459,1.0,10,,scalar_first_exact
pg-diskann,250000,1,w2_1,668,6.357583,1.0,10,,scalar_first_exact
pg-diskann,250000,1,w2_1,170,6.028833,1.0,10,,scalar_first_exact
pg-diskann,250000,1,w2_1,805,8.263459,1.0,10,,scalar_first_exact
pg-diskann,250000,1,w2_1,969,9.184375,1.0,10,,scalar_first_exact
pg-diskann,250000,1,w2_1,476,6.787542,1.0,10,,scalar_first_exact
pg-diskann,250000,1,w2_1,823,10.313833,1.0,10,,scalar_first_exact
pg-diskann,250000,1,w2_1,188,7.988375,1.0,10,,scalar_first_exact
pg-diskann,250000,1,w2_1,660,6.9735,1.0,10,,scalar_first_exact
pg-diskann,250000,1,w2_1,988,8.881209,1.0,10,,scalar_first_exact
pg-diskann,250000,1,w2_1,289,7.197833,1.0,10,,scalar_first_exact
pg-diskann,250000,1,w2_1,862,9.903584,1.0,10,,scalar_first_exact
pg-diskann,250000,1,w2_1,517,9.018667,1.0,10,,scalar_first_exact
pg-diskann,250000,1,w2_1,464,6.720083,1.0,10,,scalar_first_exact
pg-diskann,250000,1,w2_1,324,6.594583,1.0,10,,scalar_first_exact
pg-diskann,250000,1,w2_1,783,15.073791,1.0,10,,scalar_first_exact
pg-diskann,250000,1,w2_1,199,7.62425,1.0,10,,scalar_first_exact
pg-diskann,250000,1,w2_1,651,7.176541,1.0,10,,scalar_first_exact
pg-diskann,250000,1,w2_1,481,5.768792,1.0,10,,scalar_first_exact
pg-diskann,250000,1,w2_1,492,18.980291,1.0,10,,scalar_first_exact
pg-diskann,250000,1,w2_1,206,8.905917,1.0,10,,scalar_first_exact
pg-diskann,250000,1,w2_1,817,7.095875,1.0,10,,scalar_first_exact
pg-diskann,250000,1,w2_1,839,7.128625,1.0,10,,scalar_first_exact
pg-diskann,250000,1,w2_1,857,7.466625,1.0,10,,scalar_first_exact
pg-diskann,250000,1,w2_1,630,7.382833,1.0,10,,scalar_first_exact
pg-diskann,250000,1,w2_1,108,7.275042,1.0,10,,scalar_first_exact
pg-diskann,250000,1,w2_1,342,7.092459,1.0,10,,scalar_first_exact
pg-diskann,250000,1,w2_1,356,7.058666,1.0,10,,scalar_first_exact
pg-diskann,250000,1,w2_1,553,6.955667,1.0,10,,scalar_first_exact
pg-diskann,250000,1,w2_1,838,5.807792,1.0,10,,scalar_first_exact
pg-diskann,250000,1,w2_1,766,6.216875,1.0,10,,scalar_first_exact
pg-diskann,250000,1,w2_1,411,6.771042,1.0,10,,scalar_first_exact
pg-diskann,250000,1,w2_1,806,7.052708,1.0,10,,scalar_first_exact
pg-diskann,250000,1,w2_1,901,7.203959,1.0,10,,scalar_first_exact
pg-diskann,250000,1,w2_1,733,6.877041,1.0,10,,scalar_first_exact
pg-diskann,250000,1,w2_1,971,6.386833,1.0,10,,scalar_first_exact
pg-diskann,250000,1,w2_1,595,5.92075,1.0,10,,scalar_first_exact
pg-diskann,250000,1,w2_1,183,6.392,1.0,10,,scalar_first_exact
pg-diskann,250000,1,w2_1,565,5.811083,1.0,10,,scalar_first_exact
pg-diskann,250000,1,w2_1,349,5.446416,1.0,10,,scalar_first_exact
pg-diskann,250000,1,w2_1,536,6.37475,1.0,10,,scalar_first_exact
pg-diskann,250000,1,w2_1,499,6.889875,1.0,10,,scalar_first_exact
pg-diskann,250000,1,w2_1,920,6.809542,1.0,10,,scalar_first_exact
pg-diskann,250000,1,w2_1,146,7.049,1.0,10,,scalar_first_exact
pg-diskann,250000,1,w2_1,472,5.614917,1.0,10,,scalar_first_exact
pg-diskann,250000,1,w2_1,470,6.806125,1.0,10,,scalar_first_exact
pg-diskann,250000,1,w2_1,734,6.249958,1.0,10,,scalar_first_exact
pg-diskann,250000,1,w2_1,125,6.653458,1.0,10,,scalar_first_exact
pg-diskann,250000,1,w2_1,865,6.968333,1.0,10,,scalar_first_exact
pg-diskann,250000,1,w2_1,634,6.063167,1.0,10,,scalar_first_exact
pg-diskann,250000,1,w2_1,388,6.736208,1.0,10,,scalar_first_exact
pg-diskann,250000,1,w2_1,404,6.192416,1.0,10,,scalar_first_exact
pg-diskann,250000,1,w2_1,198,6.287708,1.0,10,,scalar_first_exact
pg-diskann,250000,1,w2_1,551,7.158709,1.0,10,,scalar_first_exact
pg-diskann,250000,1,w2_1,101,6.26225,1.0,10,,scalar_first_exact
pg-diskann,250000,1,w2_1,374,7.217375,1.0,10,,scalar_first_exact
pg-diskann,250000,1,w2_1,765,6.460125,1.0,10,,scalar_first_exact
pg-diskann,250000,1,w2_1,516,6.921166,1.0,10,,scalar_first_exact
pg-diskann,250000,1,w2_1,539,5.511291,1.0,10,,scalar_first_exact
pg-diskann,250000,1,w2_1,564,5.885792,1.0,10,,scalar_first_exact
pg-diskann,250000,1,w2_1,112,6.259666,1.0,10,,scalar_first_exact
pg-diskann,250000,1,w2_1,951,6.550166,1.0,10,,scalar_first_exact
pg-diskann,250000,1,w2_1,239,6.655041,1.0,10,,scalar_first_exact
pg-diskann,250000,1,w2_1,261,6.346917,1.0,10,,scalar_first_exact
pg-diskann,250000,1,w2_1,684,6.665292,1.0,10,,scalar_first_exact
pg-diskann,250000,1,w2_1,442,6.483583,1.0,10,,scalar_first_exact
pg-diskann,250000,1,w2_1,328,6.497042,1.0,10,,scalar_first_exact
pg-diskann,250000,1,w2_1,515,5.875625,1.0,10,,scalar_first_exact
pg-diskann,250000,1,w2_1,809,6.510625,1.0,10,,scalar_first_exact
pg-diskann,250000,1,w2_1,250,5.995375,1.0,10,,scalar_first_exact
pg-diskann,250000,1,w2_1,938,5.885625,1.0,10,,scalar_first_exact
pg-diskann,250000,1,w2_1,808,6.02,1.0,10,,scalar_first_exact
pg-diskann,250000,1,w2_1,159,5.925042,1.0,10,,scalar_first_exact
pg-diskann,250000,1,w2_1,314,10.950375,1.0,10,,scalar_first_exact
pg-diskann,250000,1,w2_1,662,6.747125,1.0,10,,scalar_first_exact
pg-diskann,250000,1,w2_1,215,5.394958,1.0,10,,scalar_first_exact
pg-diskann,250000,1,w2_1,946,6.2795,1.0,10,,scalar_first_exact
pg-diskann,250000,1,w2_1,202,6.126958,1.0,10,,scalar_first_exact
pg-diskann,250000,1,w2_1,210,6.078959,1.0,10,,scalar_first_exact
pg-diskann,250000,1,w2_1,529,6.449334,1.0,10,,scalar_first_exact
pg-diskann,250000,1,w2_1,496,5.568,1.0,10,,scalar_first_exact
pg-diskann,250000,1,w2_1,280,6.421084,1.0,10,,scalar_first_exact
pg-diskann,250000,1,w2_1,530,5.909916,1.0,10,,scalar_first_exact
pg-diskann,250000,1,w2_1,735,6.951583,1.0,10,,scalar_first_exact
pg-diskann,250000,1,w2_1,511,5.780333,1.0,10,,scalar_first_exact
pg-diskann,250000,1,w2_1,446,6.227042,1.0,10,,scalar_first_exact
pg-diskann,250000,1,w2_1,936,5.966041,1.0,10,,scalar_first_exact
pg-diskann,250000,1,w2_1,455,6.294959,1.0,10,,scalar_first_exact
pg-diskann,250000,1,w2_1,248,5.834708,1.0,10,,scalar_first_exact
pg-diskann,250000,1,w2_1,293,5.920459,1.0,10,,scalar_first_exact
pg-diskann,250000,1,w2_1,270,6.856166,1.0,10,,scalar_first_exact
pg-diskann,250000,1,w2_1,702,6.183667,1.0,10,,scalar_first_exact
pg-diskann,250000,1,w2_1,369,6.19975,1.0,10,,scalar_first_exact
pg-diskann,250000,1,w2_1,344,6.639584,1.0,10,,scalar_first_exact
pg-diskann,250000,1,w2_1,438,6.246333,1.0,10,,scalar_first_exact
pg-diskann,250000,1,w2_1,443,6.094667,1.0,10,,scalar_first_exact
pg-diskann,250000,1,w2_1,879,5.360291,1.0,10,,scalar_first_exact
pg-diskann,250000,1,w2_1,913,5.649833,1.0,10,,scalar_first_exact
pg-diskann,250000,1,w2_1,592,5.384375,1.0,10,,scalar_first_exact
pg-diskann,250000,1,w2_1,744,6.402791,1.0,10,,scalar_first_exact
pg-diskann,250000,1,w2_1,522,6.018084,1.0,10,,scalar_first_exact
pg-diskann,250000,1,w2_1,290,5.848375,1.0,10,,scalar_first_exact
pg-diskann,250000,1,w2_1,609,5.965458,1.0,10,,scalar_first_exact
pg-diskann,250000,1,w2_1,414,6.024834,1.0,10,,scalar_first_exact
pg-diskann,250000,1,w2_1,745,5.440167,1.0,10,,scalar_first_exact
pg-diskann,250000,1,w2_1,163,6.051375,1.0,10,,scalar_first_exact
pg-diskann,250000,1,w2_1,186,7.233917,1.0,10,,scalar_first_exact
pg-diskann,250000,1,w2_1,929,7.919875,1.0,10,,scalar_first_exact
pg-diskann,250000,1,w2_1,285,5.736041,1.0,10,,scalar_first_exact
pg-diskann,250000,1,w2_1,861,6.195291,1.0,10,,scalar_first_exact
pg-diskann,250000,1,w2_1,636,6.408333,1.0,10,,scalar_first_exact
pg-diskann,250000,1,w2_1,627,6.166167,1.0,10,,scalar_first_exact
pg-diskann,250000,1,w2_1,581,6.547584,1.0,10,,scalar_first_exact
pg-diskann,250000,1,w2_1,297,6.449375,1.0,10,,scalar_first_exact
pg-diskann,250000,1,w2_1,626,6.239792,1.0,10,,scalar_first_exact
pg-diskann,250000,1,w2_1,947,7.426958,1.0,10,,scalar_first_exact
pg-diskann,250000,1,w2_1,782,5.939458,1.0,10,,scalar_first_exact
pg-diskann,250000,1,w2_1,410,5.873625,1.0,10,,scalar_first_exact
pg-diskann,250000,1,w2_1,591,5.897041,1.0,10,,scalar_first_exact
pg-diskann,250000,1,w2_1,960,9.467584,1.0,10,,scalar_first_exact
pg-diskann,250000,1,w2_1,847,5.711083,1.0,10,,scalar_first_exact
pg-diskann,250000,1,w2_1,135,5.759709,1.0,10,,scalar_first_exact
pg-diskann,250000,1,w2_1,656,6.794416,1.0,10,,scalar_first_exact
pg-diskann,250000,1,w2_1,450,5.978792,1.0,10,,scalar_first_exact
pg-diskann,250000,1,w2_1,400,5.78625,1.0,10,,scalar_first_exact
pg-diskann,250000,1,w2_1,209,8.742792,1.0,10,,scalar_first_exact
pg-diskann,250000,1,w2_1,109,5.964167,1.0,10,,scalar_first_exact
pg-diskann,250000,1,w2_1,714,5.830625,1.0,10,,scalar_first_exact
pg-diskann,250000,1,w2_1,268,5.710833,1.0,10,,scalar_first_exact
pg-diskann,250000,1,w2_1,821,6.714541,1.0,10,,scalar_first_exact
pg-diskann,250000,1,w2_1,263,6.230917,1.0,10,,scalar_first_exact
pg-diskann,250000,1,w2_1,166,6.25775,1.0,10,,scalar_first_exact
pg-diskann,250000,1,w2_1,195,6.051333,1.0,10,,scalar_first_exact
pg-diskann,250000,1,w2_1,732,6.368583,1.0,10,,scalar_first_exact
pg-diskann,250000,1,w2_1,509,8.491,1.0,10,,scalar_first_exact
pg-diskann,250000,1,w2_1,355,6.672458,1.0,10,,scalar_first_exact
pg-diskann,250000,1,w2_1,875,6.191958,1.0,10,,scalar_first_exact
pg-diskann,250000,1,w2_1,577,6.022375,1.0,10,,scalar_first_exact
pg-diskann,250000,1,w2_1,722,6.621833,1.0,10,,scalar_first_exact
pg-diskann,250000,1,w2_1,387,6.473292,1.0,10,,scalar_first_exact
pg-diskann,250000,1,w2_1,473,6.153917,1.0,10,,scalar_first_exact
pg-diskann,250000,1,w2_1,635,5.487667,1.0,10,,scalar_first_exact
pg-diskann,250000,1,w2_1,558,5.991959,1.0,10,,scalar_first_exact
pg-diskann,250000,1,w2_1,622,8.925833,1.0,10,,scalar_first_exact
pg-diskann,250000,1,w2_1,542,5.477833,1.0,10,,scalar_first_exact
pg-diskann,250000,1,w2_1,291,10.486917,1.0,10,,scalar_first_exact
pg-diskann,250000,1,w2_1,230,5.355291,1.0,10,,scalar_first_exact
pg-diskann,250000,1,w2_1,999,11.620666,1.0,10,,scalar_first_exact
pg-diskann,250000,1,w2_1,690,6.473791,1.0,10,,scalar_first_exact
pg-diskann,250000,1,w2_1,566,6.32825,1.0,10,,scalar_first_exact
pg-diskann,250000,1,w2_1,882,5.742875,1.0,10,,scalar_first_exact
pg-diskann,250000,1,w2_1,272,5.359083,1.0,10,,scalar_first_exact
pg-diskann,250000,1,w2_1,453,8.684541,1.0,10,,scalar_first_exact
pg-diskann,250000,1,w2_1,105,5.733333,1.0,10,,scalar_first_exact
pg-diskann,250000,1,w2_1,417,5.964959,1.0,10,,scalar_first_exact
pg-diskann,250000,1,w2_1,347,6.364084,1.0,10,,scalar_first_exact
pg-diskann,250000,1,w2_1,254,6.313709,1.0,10,,scalar_first_exact
pg-diskann,250000,1,w2_1,844,6.318125,1.0,10,,scalar_first_exact
pg-diskann,250000,1,w2_1,506,5.990167,1.0,10,,scalar_first_exact
pg-diskann,250000,1,w2_1,589,5.802083,1.0,10,,scalar_first_exact
pg-diskann,250000,1,w2_1,880,6.413,1.0,10,,scalar_first_exact
pg-diskann,250000,1,w2_1,276,6.36625,1.0,10,,scalar_first_exact
pg-diskann,250000,1,w2_1,106,6.509334,1.0,10,,scalar_first_exact
pg-diskann,250000,1,w2_1,485,5.844167,1.0,10,,scalar_first_exact
pg-diskann,250000,1,w2_1,676,5.851416,1.0,10,,scalar_first_exact
pg-diskann,250000,1,w2_1,987,6.643291,1.0,10,,scalar_first_exact
pg-diskann,250000,1,w2_1,728,6.025875,1.0,10,,scalar_first_exact
pg-diskann,250000,1,w2_1,718,6.360833,1.0,10,,scalar_first_exact
pg-diskann,250000,1,w2_1,772,5.6155,1.0,10,,scalar_first_exact
pg-diskann,250000,1,w2_1,544,5.786667,1.0,10,,scalar_first_exact
pg-diskann,250000,1,w2_1,796,6.086291,1.0,10,,scalar_first_exact
pg-diskann,250000,1,w2_1,835,6.501,1.0,10,,scalar_first_exact
pg-diskann,250000,1,w2_1,967,6.041959,1.0,10,,scalar_first_exact
pg-diskann,250000,1,w2_1,384,4.901375,1.0,10,,scalar_first_exact
pg-diskann,250000,1,w2_1,710,5.392875,1.0,10,,scalar_first_exact
pg-diskann,250000,1,w2_1,617,6.534792,1.0,10,,scalar_first_exact
pg-diskann,250000,1,w2_1,525,6.522416,1.0,10,,scalar_first_exact
pg-diskann,250000,1,w2_1,232,5.766667,1.0,10,,scalar_first_exact
pg-diskann,250000,1,w2_1,625,5.76375,1.0,10,,scalar_first_exact
pg-diskann,250000,1,w2_1,117,5.794417,1.0,10,,scalar_first_exact
pg-diskann,250000,1,w2_1,682,5.173583,1.0,10,,scalar_first_exact
pg-diskann,250000,1,w2_1,874,5.700792,1.0,10,,scalar_first_exact
pg-diskann,250000,1,w2_1,903,5.299083,1.0,10,,scalar_first_exact
pg-diskann,250000,1,w2_1,174,5.233209,1.0,10,,scalar_first_exact
pg-diskann,250000,1,w2_1,945,5.563042,1.0,10,,scalar_first_exact
pg-diskann,250000,1,w2_1,992,5.275333,1.0,10,,scalar_first_exact
pg-diskann,250000,1,w2_1,597,6.46575,1.0,10,,scalar_first_exact
pg-diskann,250000,1,w2_1,431,5.7205,1.0,10,,scalar_first_exact
pg-diskann,250000,1,w2_1,182,5.820416,1.0,10,,scalar_first_exact
pg-diskann,250000,1,w2_1,673,5.966084,1.0,10,,scalar_first_exact
pg-diskann,250000,1,w2_1,181,6.325791,1.0,10,,scalar_first_exact
pg-diskann,250000,1,w2_1,184,6.600542,1.0,10,,scalar_first_exact
pg-diskann,250000,1,w2_1,249,6.5975,1.0,10,,scalar_first_exact
pg-diskann,250000,1,w2_1,915,6.210167,1.0,10,,scalar_first_exact
pg-diskann,250000,1,w2_1,331,5.837291,1.0,10,,scalar_first_exact
pg-diskann,250000,1,w2_1,740,6.245167,1.0,10,,scalar_first_exact
pg-diskann,250000,1,w2_1,371,6.591917,1.0,10,,scalar_first_exact
pg-diskann,250000,1,w2_1,978,6.240417,1.0,10,,scalar_first_exact
pg-diskann,250000,1,w2_1,427,9.324583,1.0,10,,scalar_first_exact
pg-diskann,250000,1,w2_1,373,5.530416,1.0,10,,scalar_first_exact
pg-diskann,250000,1,w2_1,399,5.188958,1.0,10,,scalar_first_exact
pg-diskann,250000,1,w2_1,407,6.344333,1.0,10,,scalar_first_exact
pg-diskann,250000,1,w2_1,815,6.202792,1.0,10,,scalar_first_exact
pg-diskann,250000,1,w2_1,738,5.704959,1.0,10,,scalar_first_exact
pg-diskann,250000,1,w2_1,327,6.033584,1.0,10,,scalar_first_exact
pg-diskann,250000,1,w2_1,546,6.6,1.0,10,,scalar_first_exact
pg-diskann,250000,1,w2_1,750,6.125834,1.0,10,,scalar_first_exact
pg-diskann,250000,1,w2_1,386,5.938375,1.0,10,,scalar_first_exact
pg-diskann,250000,1,w2_1,763,5.824417,1.0,10,,scalar_first_exact
pg-diskann,250000,1,w2_1,366,5.891542,1.0,10,,scalar_first_exact
pg-diskann,250000,1,w2_1,467,6.665417,1.0,10,,scalar_first_exact
pg-diskann,250000,1,w2_1,408,5.845292,1.0,10,,scalar_first_exact
pg-diskann,250000,1,w2_1,691,6.607667,1.0,10,,scalar_first_exact
pg-diskann,250000,1,w2_1,604,6.240292,1.0,10,,scalar_first_exact
pg-diskann,250000,1,w2_1,317,6.427541,1.0,10,,scalar_first_exact
pg-diskann,250000,1,w2_1,812,5.95925,1.0,10,,scalar_first_exact
pg-diskann,250000,1,w2_1,858,6.216875,1.0,10,,scalar_first_exact
pg-diskann,250000,1,w2_1,568,6.727583,1.0,10,,scalar_first_exact
pg-diskann,250000,1,w2_1,121,6.608542,1.0,10,,scalar_first_exact
pg-diskann,250000,1,w2_1,224,5.319458,1.0,10,,scalar_first_exact
pg-diskann,250000,1,w2_1,150,6.667833,1.0,10,,scalar_first_exact
pg-diskann,250000,1,w2_1,928,6.305167,1.0,10,,scalar_first_exact
pg-diskann,250000,1,w2_1,993,5.776167,1.0,10,,scalar_first_exact
pg-diskann,250000,1,w2_1,346,5.862292,1.0,10,,scalar_first_exact
pg-diskann,250000,1,w2_1,667,5.742958,1.0,10,,scalar_first_exact
pg-diskann,250000,1,w2_1,370,6.85975,1.0,10,,scalar_first_exact
pg-diskann,250000,1,w2_1,426,6.299916,1.0,10,,scalar_first_exact
pg-diskann,250000,1,w2_1,586,6.123708,1.0,10,,scalar_first_exact
pg-diskann,250000,1,w2_1,924,6.585917,1.0,10,,scalar_first_exact
pg-diskann,250000,1,w2_1,725,6.375584,1.0,10,,scalar_first_exact
pg-diskann,250000,1,w2_1,475,6.127667,1.0,10,,scalar_first_exact
pg-diskann,250000,1,w2_1,428,5.871458,1.0,10,,scalar_first_exact
pg-diskann,250000,1,w2_1,811,6.871125,1.0,10,,scalar_first_exact
pg-diskann,250000,1,w2_1,345,7.143959,1.0,10,,scalar_first_exact
pg-diskann,250000,1,w2_1,262,8.463083,1.0,10,,scalar_first_exact
pg-diskann,250000,1,w2_1,418,7.22875,1.0,10,,scalar_first_exact
pg-diskann,250000,1,w2_1,709,6.860166,1.0,10,,scalar_first_exact
pg-diskann,250000,1,w2_1,869,6.965833,1.0,10,,scalar_first_exact
pg-diskann,250000,1,w2_1,465,9.84625,1.0,10,,scalar_first_exact
pg-diskann,250000,1,w2_1,257,5.884791,1.0,10,,scalar_first_exact
pg-diskann,250000,1,w2_1,827,6.731125,1.0,10,,scalar_first_exact
pg-diskann,250000,1,w2_1,102,6.128417,1.0,10,,scalar_first_exact
pg-diskann,250000,1,w2_1,456,5.973042,1.0,10,,scalar_first_exact
pg-diskann,250000,1,w2_1,245,5.7745,1.0,10,,scalar_first_exact
pg-diskann,250000,1,w2_1,970,6.086917,1.0,10,,scalar_first_exact
pg-diskann,250000,1,w2_1,911,6.375833,1.0,10,,scalar_first_exact
pg-diskann,250000,1,w2_1,278,5.754958,1.0,10,,scalar_first_exact
pg-diskann,250000,1,w2_1,816,5.666708,1.0,10,,scalar_first_exact
pg-diskann,250000,1,w2_1,234,5.787416,1.0,10,,scalar_first_exact
pg-diskann,250000,1,w2_1,460,5.462875,1.0,10,,scalar_first_exact
pg-diskann,250000,1,w2_1,436,5.658916,1.0,10,,scalar_first_exact
pg-diskann,250000,1,w2_1,697,6.834958,1.0,10,,scalar_first_exact
pg-diskann,250000,1,w2_1,545,6.528667,1.0,10,,scalar_first_exact
pg-diskann,250000,1,w2_1,588,5.955583,1.0,10,,scalar_first_exact
pg-diskann,250000,1,w2_1,329,6.199917,1.0,10,,scalar_first_exact
pg-diskann,250000,1,w2_1,321,5.598875,1.0,10,,scalar_first_exact
pg-diskann,250000,1,w2_1,606,6.102584,1.0,10,,scalar_first_exact
pg-diskann,250000,1,w2_1,228,6.515916,1.0,10,,scalar_first_exact
pg-diskann,250000,1,w2_1,300,5.539916,1.0,10,,scalar_first_exact
pg-diskann,250000,1,w2_1,395,6.139167,1.0,10,,scalar_first_exact
pg-diskann,250000,1,w2_1,680,5.794042,1.0,10,,scalar_first_exact
pg-diskann,250000,1,w2_1,421,6.44275,1.0,10,,scalar_first_exact
pg-diskann,250000,1,w2_1,611,6.632625,1.0,10,,scalar_first_exact
pg-diskann,250000,1,w2_1,746,6.116958,1.0,10,,scalar_first_exact
pg-diskann,250000,1,w2_1,526,5.786208,1.0,10,,scalar_first_exact
pg-diskann,250000,1,w2_1,843,5.731791,1.0,10,,scalar_first_exact
pg-diskann,250000,1,w2_1,707,6.718083,1.0,10,,scalar_first_exact
pg-diskann,250000,1,w2_1,547,5.585417,1.0,10,,scalar_first_exact
pg-diskann,250000,1,w2_1,537,6.425208,1.0,10,,scalar_first_exact
pg-diskann,250000,1,w2_1,164,5.887541,1.0,10,,scalar_first_exact
pg-diskann,250000,1,w2_1,478,5.841083,1.0,10,,scalar_first_exact
pg-diskann,250000,1,w2_1,462,6.384292,1.0,10,,scalar_first_exact
pg-diskann,250000,1,w2_1,842,6.478291,1.0,10,,scalar_first_exact
pg-diskann,250000,1,w2_1,311,5.92375,1.0,10,,scalar_first_exact
pg-diskann,250000,1,w2_1,142,5.697375,1.0,10,,scalar_first_exact
pg-diskann,250000,1,w2_1,789,6.898584,1.0,10,,scalar_first_exact
pg-diskann,250000,1,w2_1,569,6.668958,1.0,10,,scalar_first_exact
pg-diskann,250000,1,w2_1,152,5.9385,1.0,10,,scalar_first_exact
pg-diskann,250000,1,w2_1,966,5.983291,1.0,10,,scalar_first_exact
pg-diskann,250000,1,w2_1,653,6.515291,1.0,10,,scalar_first_exact
pg-diskann,250000,1,w2_1,365,10.36225,1.0,10,,scalar_first_exact
pg-diskann,250000,1,w2_1,666,6.103833,1.0,10,,scalar_first_exact
pg-diskann,250000,1,w2_1,294,10.469875,1.0,10,,scalar_first_exact
pg-diskann,250000,1,w2_1,505,6.180583,1.0,10,,scalar_first_exact
pg-diskann,250000,1,w2_1,343,8.65075,1.0,10,,scalar_first_exact
pg-diskann,250000,1,w2_1,296,7.755375,1.0,10,,scalar_first_exact
pg-diskann,250000,1,w2_1,361,6.34275,1.0,10,,scalar_first_exact
pg-diskann,250000,1,w2_1,953,9.803833,1.0,10,,scalar_first_exact
pg-diskann,250000,1,w2_1,242,5.876334,1.0,10,,scalar_first_exact
pg-diskann,250000,1,w2_1,503,5.826917,1.0,10,,scalar_first_exact
pg-diskann,250000,1,w2_1,919,5.77075,1.0,10,,scalar_first_exact
pg-diskann,250000,1,w2_1,222,6.084333,1.0,10,,scalar_first_exact
pg-diskann,250000,1,w2_1,318,6.123708,1.0,10,,scalar_first_exact
pg-diskann,250000,1,w2_0_1,257,1.090583,1.0,10,,scalar_first_exact
pg-diskann,250000,1,w2_0_1,788,1.024542,1.0,10,,scalar_first_exact
pg-diskann,250000,1,w2_0_1,521,0.969917,1.0,10,,scalar_first_exact
pg-diskann,250000,1,w2_0_1,449,0.822583,1.0,10,,scalar_first_exact
pg-diskann,250000,1,w2_0_1,606,0.751417,1.0,10,,scalar_first_exact
pg-diskann,250000,1,w2_0_1,194,0.85375,1.0,10,,scalar_first_exact
pg-diskann,250000,1,w2_0_1,817,1.456083,1.0,10,,scalar_first_exact
pg-diskann,250000,1,w2_0_1,860,1.038333,1.0,10,,scalar_first_exact
pg-diskann,250000,1,w2_0_1,318,0.894042,1.0,10,,scalar_first_exact
pg-diskann,250000,1,w2_0_1,744,0.901375,1.0,10,,scalar_first_exact
pg-diskann,250000,1,w2_0_1,103,0.940333,1.0,10,,scalar_first_exact
pg-diskann,250000,1,w2_0_1,690,0.899917,1.0,10,,scalar_first_exact
pg-diskann,250000,1,w2_0_1,518,0.901917,1.0,10,,scalar_first_exact
pg-diskann,250000,1,w2_0_1,236,3.006375,1.0,10,,scalar_first_exact
pg-diskann,250000,1,w2_0_1,238,1.161083,1.0,10,,scalar_first_exact
pg-diskann,250000,1,w2_0_1,391,1.139083,1.0,10,,scalar_first_exact
pg-diskann,250000,1,w2_0_1,775,0.944209,1.0,10,,scalar_first_exact
pg-diskann,250000,1,w2_0_1,768,0.930958,1.0,10,,scalar_first_exact
pg-diskann,250000,1,w2_0_1,448,0.91275,1.0,10,,scalar_first_exact
pg-diskann,250000,1,w2_0_1,442,0.888875,1.0,10,,scalar_first_exact
pg-diskann,250000,1,w2_0_1,480,0.848208,1.0,10,,scalar_first_exact
pg-diskann,250000,1,w2_0_1,846,1.370292,1.0,10,,scalar_first_exact
pg-diskann,250000,1,w2_0_1,112,0.999292,1.0,10,,scalar_first_exact
pg-diskann,250000,1,w2_0_1,354,0.860167,1.0,10,,scalar_first_exact
pg-diskann,250000,1,w2_0_1,246,1.140375,1.0,10,,scalar_first_exact
pg-diskann,250000,1,w2_0_1,263,1.003583,1.0,10,,scalar_first_exact
pg-diskann,250000,1,w2_0_1,385,0.791083,1.0,10,,scalar_first_exact
pg-diskann,250000,1,w2_0_1,611,3.194416,1.0,10,,scalar_first_exact
pg-diskann,250000,1,w2_0_1,651,1.0025,1.0,10,,scalar_first_exact
pg-diskann,250000,1,w2_0_1,972,1.007125,1.0,10,,scalar_first_exact
pg-diskann,250000,1,w2_0_1,978,1.922333,1.0,10,,scalar_first_exact
pg-diskann,250000,1,w2_0_1,995,0.909,1.0,10,,scalar_first_exact
pg-diskann,250000,1,w2_0_1,825,1.128666,1.0,10,,scalar_first_exact
pg-diskann,250000,1,w2_0_1,855,3.396458,1.0,10,,scalar_first_exact
pg-diskann,250000,1,w2_0_1,137,0.942334,1.0,10,,scalar_first_exact
pg-diskann,250000,1,w2_0_1,642,0.969417,1.0,10,,scalar_first_exact
pg-diskann,250000,1,w2_0_1,714,1.042792,1.0,10,,scalar_first_exact
pg-diskann,250000,1,w2_0_1,180,0.948333,1.0,10,,scalar_first_exact
pg-diskann,250000,1,w2_0_1,401,0.844583,1.0,10,,scalar_first_exact
pg-diskann,250000,1,w2_0_1,159,3.448042,1.0,10,,scalar_first_exact
pg-diskann,250000,1,w2_0_1,687,1.241166,1.0,10,,scalar_first_exact
pg-diskann,250000,1,w2_0_1,835,1.078333,1.0,10,,scalar_first_exact
pg-diskann,250000,1,w2_0_1,616,0.85775,1.0,10,,scalar_first_exact
pg-diskann,250000,1,w2_0_1,157,0.922708,1.0,10,,scalar_first_exact
pg-diskann,250000,1,w2_0_1,410,0.778292,1.0,10,,scalar_first_exact
pg-diskann,250000,1,w2_0_1,801,2.707584,1.0,10,,scalar_first_exact
pg-diskann,250000,1,w2_0_1,816,0.914167,1.0,10,,scalar_first_exact
pg-diskann,250000,1,w2_0_1,924,0.941458,1.0,10,,scalar_first_exact
pg-diskann,250000,1,w2_0_1,711,0.915167,1.0,10,,scalar_first_exact
pg-diskann,250000,1,w2_0_1,222,0.809584,1.0,10,,scalar_first_exact
pg-diskann,250000,1,w2_0_1,139,0.804791,1.0,10,,scalar_first_exact
pg-diskann,250000,1,w2_0_1,810,0.798291,1.0,10,,scalar_first_exact
pg-diskann,250000,1,w2_0_1,293,2.682417,1.0,10,,scalar_first_exact
pg-diskann,250000,1,w2_0_1,718,0.993375,1.0,10,,scalar_first_exact
pg-diskann,250000,1,w2_0_1,906,0.976375,1.0,10,,scalar_first_exact
pg-diskann,250000,1,w2_0_1,258,0.844333,1.0,10,,scalar_first_exact
pg-diskann,250000,1,w2_0_1,818,1.0315,1.0,10,,scalar_first_exact
pg-diskann,250000,1,w2_0_1,667,1.0365,1.0,10,,scalar_first_exact
pg-diskann,250000,1,w2_0_1,347,4.68425,1.0,10,,scalar_first_exact
pg-diskann,250000,1,w2_0_1,228,1.232833,1.0,10,,scalar_first_exact
pg-diskann,250000,1,w2_0_1,764,0.977791,1.0,10,,scalar_first_exact
pg-diskann,250000,1,w2_0_1,249,0.818791,1.0,10,,scalar_first_exact
pg-diskann,250000,1,w2_0_1,392,0.926542,1.0,10,,scalar_first_exact
pg-diskann,250000,1,w2_0_1,633,0.817708,1.0,10,,scalar_first_exact
pg-diskann,250000,1,w2_0_1,758,0.955333,1.0,10,,scalar_first_exact
pg-diskann,250000,1,w2_0_1,837,1.197417,1.0,10,,scalar_first_exact
pg-diskann,250000,1,w2_0_1,467,0.985834,1.0,10,,scalar_first_exact
pg-diskann,250000,1,w2_0_1,790,1.000625,1.0,10,,scalar_first_exact
pg-diskann,250000,1,w2_0_1,513,1.113584,1.0,10,,scalar_first_exact
pg-diskann,250000,1,w2_0_1,430,1.227333,1.0,10,,scalar_first_exact
pg-diskann,250000,1,w2_0_1,141,0.901625,1.0,10,,scalar_first_exact
pg-diskann,250000,1,w2_0_1,398,0.8845,1.0,10,,scalar_first_exact
pg-diskann,250000,1,w2_0_1,771,1.126125,1.0,10,,scalar_first_exact
pg-diskann,250000,1,w2_0_1,179,1.188167,1.0,10,,scalar_first_exact
pg-diskann,250000,1,w2_0_1,186,0.951917,1.0,10,,scalar_first_exact
pg-diskann,250000,1,w2_0_1,944,1.000541,1.0,10,,scalar_first_exact
pg-diskann,250000,1,w2_0_1,502,0.927,1.0,10,,scalar_first_exact
pg-diskann,250000,1,w2_0_1,155,0.899666,1.0,10,,scalar_first_exact
pg-diskann,250000,1,w2_0_1,635,0.946333,1.0,10,,scalar_first_exact
pg-diskann,250000,1,w2_0_1,733,0.993125,1.0,10,,scalar_first_exact
pg-diskann,250000,1,w2_0_1,798,2.760625,1.0,10,,scalar_first_exact
pg-diskann,250000,1,w2_0_1,140,0.994375,1.0,10,,scalar_first_exact
pg-diskann,250000,1,w2_0_1,200,1.252,1.0,10,,scalar_first_exact
pg-diskann,250000,1,w2_0_1,196,1.000417,1.0,10,,scalar_first_exact
pg-diskann,250000,1,w2_0_1,659,0.836042,1.0,10,,scalar_first_exact
pg-diskann,250000,1,w2_0_1,285,0.729291,1.0,10,,scalar_first_exact
pg-diskann,250000,1,w2_0_1,920,0.690083,1.0,10,,scalar_first_exact
pg-diskann,250000,1,w2_0_1,184,3.262375,1.0,10,,scalar_first_exact
pg-diskann,250000,1,w2_0_1,665,0.997459,1.0,10,,scalar_first_exact
pg-diskann,250000,1,w2_0_1,997,0.970208,1.0,10,,scalar_first_exact
pg-diskann,250000,1,w2_0_1,322,0.847833,1.0,10,,scalar_first_exact
pg-diskann,250000,1,w2_0_1,421,0.89475,1.0,10,,scalar_first_exact
pg-diskann,250000,1,w2_0_1,591,0.831333,1.0,10,,scalar_first_exact
pg-diskann,250000,1,w2_0_1,255,3.284417,1.0,10,,scalar_first_exact
pg-diskann,250000,1,w2_0_1,767,0.970125,1.0,10,,scalar_first_exact
pg-diskann,250000,1,w2_0_1,934,0.92675,1.0,10,,scalar_first_exact
pg-diskann,250000,1,w2_0_1,850,0.955375,1.0,10,,scalar_first_exact
pg-diskann,250000,1,w2_0_1,376,0.936,1.0,10,,scalar_first_exact
pg-diskann,250000,1,w2_0_1,858,1.122209,1.0,10,,scalar_first_exact
pg-diskann,250000,1,w2_0_1,406,0.879417,1.0,10,,scalar_first_exact
pg-diskann,250000,1,w2_0_1,287,3.309167,1.0,10,,scalar_first_exact
pg-diskann,250000,1,w2_0_1,797,1.057834,1.0,10,,scalar_first_exact
pg-diskann,250000,1,w2_0_1,822,0.885875,1.0,10,,scalar_first_exact
pg-diskann,250000,1,w2_0_1,821,0.95025,1.0,10,,scalar_first_exact
pg-diskann,250000,1,w2_0_1,732,0.802167,1.0,10,,scalar_first_exact
pg-diskann,250000,1,w2_0_1,178,0.882041,1.0,10,,scalar_first_exact
pg-diskann,250000,1,w2_0_1,248,2.566167,1.0,10,,scalar_first_exact
pg-diskann,250000,1,w2_0_1,853,1.003917,1.0,10,,scalar_first_exact
pg-diskann,250000,1,w2_0_1,969,1.183459,1.0,10,,scalar_first_exact
pg-diskann,250000,1,w2_0_1,913,1.000542,1.0,10,,scalar_first_exact
pg-diskann,250000,1,w2_0_1,940,0.965958,1.0,10,,scalar_first_exact
pg-diskann,250000,1,w2_0_1,736,0.891583,1.0,10,,scalar_first_exact
pg-diskann,250000,1,w2_0_1,992,0.87875,1.0,10,,scalar_first_exact
pg-diskann,250000,1,w2_0_1,231,2.772834,1.0,10,,scalar_first_exact
pg-diskann,250000,1,w2_0_1,172,1.228917,1.0,10,,scalar_first_exact
pg-diskann,250000,1,w2_0_1,512,0.888667,1.0,10,,scalar_first_exact
pg-diskann,250000,1,w2_0_1,802,0.875833,1.0,10,,scalar_first_exact
pg-diskann,250000,1,w2_0_1,302,0.885333,1.0,10,,scalar_first_exact
pg-diskann,250000,1,w2_0_1,205,0.90475,1.0,10,,scalar_first_exact
pg-diskann,250000,1,w2_0_1,603,3.623083,1.0,10,,scalar_first_exact
pg-diskann,250000,1,w2_0_1,563,1.053917,1.0,10,,scalar_first_exact
pg-diskann,250000,1,w2_0_1,793,0.9355,1.0,10,,scalar_first_exact
pg-diskann,250000,1,w2_0_1,516,0.781333,1.0,10,,scalar_first_exact
pg-diskann,250000,1,w2_0_1,507,0.800916,1.0,10,,scalar_first_exact
pg-diskann,250000,1,w2_0_1,680,0.8865,1.0,10,,scalar_first_exact
pg-diskann,250000,1,w2_0_1,983,3.727542,1.0,10,,scalar_first_exact
pg-diskann,250000,1,w2_0_1,356,1.442334,1.0,10,,scalar_first_exact
pg-diskann,250000,1,w2_0_1,314,1.053625,1.0,10,,scalar_first_exact
pg-diskann,250000,1,w2_0_1,358,1.221834,1.0,10,,scalar_first_exact
pg-diskann,250000,1,w2_0_1,540,1.253834,1.0,10,,scalar_first_exact
pg-diskann,250000,1,w2_0_1,670,1.12625,1.0,10,,scalar_first_exact
pg-diskann,250000,1,w2_0_1,149,1.245875,1.0,10,,scalar_first_exact
pg-diskann,250000,1,w2_0_1,331,1.063542,1.0,10,,scalar_first_exact
pg-diskann,250000,1,w2_0_1,520,0.718666,1.0,10,,scalar_first_exact
pg-diskann,250000,1,w2_0_1,737,0.924709,1.0,10,,scalar_first_exact
pg-diskann,250000,1,w2_0_1,462,1.042,1.0,10,,scalar_first_exact
pg-diskann,250000,1,w2_0_1,438,1.117417,1.0,10,,scalar_first_exact
pg-diskann,250000,1,w2_0_1,652,1.050083,1.0,10,,scalar_first_exact
pg-diskann,250000,1,w2_0_1,372,1.230666,1.0,10,,scalar_first_exact
pg-diskann,250000,1,w2_0_1,648,1.276334,1.0,10,,scalar_first_exact
pg-diskann,250000,1,w2_0_1,443,1.094042,1.0,10,,scalar_first_exact
pg-diskann,250000,1,w2_0_1,677,0.946041,1.0,10,,scalar_first_exact
pg-diskann,250000,1,w2_0_1,374,1.113833,1.0,10,,scalar_first_exact
pg-diskann,250000,1,w2_0_1,933,1.065208,1.0,10,,scalar_first_exact
pg-diskann,250000,1,w2_0_1,213,1.217625,1.0,10,,scalar_first_exact
pg-diskann,250000,1,w2_0_1,350,1.277584,1.0,10,,scalar_first_exact
pg-diskann,250000,1,w2_0_1,959,1.257083,1.0,10,,scalar_first_exact
pg-diskann,250000,1,w2_0_1,984,1.078459,1.0,10,,scalar_first_exact
pg-diskann,250000,1,w2_0_1,932,1.137125,1.0,10,,scalar_first_exact
pg-diskann,250000,1,w2_0_1,419,0.998958,1.0,10,,scalar_first_exact
pg-diskann,250000,1,w2_0_1,193,1.212167,1.0,10,,scalar_first_exact
pg-diskann,250000,1,w2_0_1,658,1.017583,1.0,10,,scalar_first_exact
pg-diskann,250000,1,w2_0_1,340,1.057542,1.0,10,,scalar_first_exact
pg-diskann,250000,1,w2_0_1,576,1.115875,1.0,10,,scalar_first_exact
pg-diskann,250000,1,w2_0_1,282,0.98275,1.0,10,,scalar_first_exact
pg-diskann,250000,1,w2_0_1,826,0.911958,1.0,10,,scalar_first_exact
pg-diskann,250000,1,w2_0_1,887,0.941667,1.0,10,,scalar_first_exact
pg-diskann,250000,1,w2_0_1,702,1.02325,1.0,10,,scalar_first_exact
pg-diskann,250000,1,w2_0_1,567,0.929291,1.0,10,,scalar_first_exact
pg-diskann,250000,1,w2_0_1,871,1.034458,1.0,10,,scalar_first_exact
pg-diskann,250000,1,w2_0_1,710,6.114917,1.0,10,,scalar_first_exact
pg-diskann,250000,1,w2_0_1,106,1.16175,1.0,10,,scalar_first_exact
pg-diskann,250000,1,w2_0_1,275,1.11325,1.0,10,,scalar_first_exact
pg-diskann,250000,1,w2_0_1,915,1.214916,1.0,10,,scalar_first_exact
pg-diskann,250000,1,w2_0_1,854,1.181333,1.0,10,,scalar_first_exact
pg-diskann,250000,1,w2_0_1,235,0.982542,1.0,10,,scalar_first_exact
pg-diskann,250000,1,w2_0_1,773,1.054709,1.0,10,,scalar_first_exact
pg-diskann,250000,1,w2_0_1,724,0.819334,1.0,10,,scalar_first_exact
pg-diskann,250000,1,w2_0_1,508,0.849667,1.0,10,,scalar_first_exact
pg-diskann,250000,1,w2_0_1,613,0.918583,1.0,10,,scalar_first_exact
pg-diskann,250000,1,w2_0_1,673,1.007208,1.0,10,,scalar_first_exact
pg-diskann,250000,1,w2_0_1,371,1.017958,1.0,10,,scalar_first_exact
pg-diskann,250000,1,w2_0_1,199,1.032042,1.0,10,,scalar_first_exact
pg-diskann,250000,1,w2_0_1,878,1.42425,1.0,10,,scalar_first_exact
pg-diskann,250000,1,w2_0_1,203,1.099375,1.0,10,,scalar_first_exact
pg-diskann,250000,1,w2_0_1,428,0.997,1.0,10,,scalar_first_exact
pg-diskann,250000,1,w2_0_1,416,0.899583,1.0,10,,scalar_first_exact
pg-diskann,250000,1,w2_0_1,147,1.064,1.0,10,,scalar_first_exact
pg-diskann,250000,1,w2_0_1,679,0.971709,1.0,10,,scalar_first_exact
pg-diskann,250000,1,w2_0_1,365,1.100459,1.0,10,,scalar_first_exact
pg-diskann,250000,1,w2_0_1,253,1.6745,1.0,10,,scalar_first_exact
pg-diskann,250000,1,w2_0_1,375,1.211,1.0,10,,scalar_first_exact
pg-diskann,250000,1,w2_0_1,907,1.042334,1.0,10,,scalar_first_exact
pg-diskann,250000,1,w2_0_1,638,1.036333,1.0,10,,scalar_first_exact
pg-diskann,250000,1,w2_0_1,892,1.054792,1.0,10,,scalar_first_exact
pg-diskann,250000,1,w2_0_1,918,1.036125,1.0,10,,scalar_first_exact
pg-diskann,250000,1,w2_0_1,729,1.313542,1.0,10,,scalar_first_exact
pg-diskann,250000,1,w2_0_1,169,1.598416,1.0,10,,scalar_first_exact
pg-diskann,250000,1,w2_0_1,195,1.00175,1.0,10,,scalar_first_exact
pg-diskann,250000,1,w2_0_1,221,1.128958,1.0,10,,scalar_first_exact
pg-diskann,250000,1,w2_0_1,547,0.978333,1.0,10,,scalar_first_exact
pg-diskann,250000,1,w2_0_1,215,0.869458,1.0,10,,scalar_first_exact
pg-diskann,250000,1,w2_0_1,114,0.952625,1.0,10,,scalar_first_exact
pg-diskann,250000,1,w2_0_1,669,1.173583,1.0,10,,scalar_first_exact
pg-diskann,250000,1,w2_0_1,489,1.02425,1.0,10,,scalar_first_exact
pg-diskann,250000,1,w2_0_1,126,0.948417,1.0,10,,scalar_first_exact
pg-diskann,250000,1,w2_0_1,128,1.174708,1.0,10,,scalar_first_exact
pg-diskann,250000,1,w2_0_1,210,1.133083,1.0,10,,scalar_first_exact
pg-diskann,250000,1,w2_0_1,891,1.004667,1.0,10,,scalar_first_exact
pg-diskann,250000,1,w2_0_1,730,1.195709,1.0,10,,scalar_first_exact
pg-diskann,250000,1,w2_0_1,223,1.149459,1.0,10,,scalar_first_exact
pg-diskann,250000,1,w2_0_1,532,1.259875,1.0,10,,scalar_first_exact
pg-diskann,250000,1,w2_0_1,597,1.040667,1.0,10,,scalar_first_exact
pg-diskann,250000,1,w2_0_1,927,1.033125,1.0,10,,scalar_first_exact
pg-diskann,250000,1,w2_0_1,765,1.009833,1.0,10,,scalar_first_exact
pg-diskann,250000,1,w2_0_1,390,1.009209,1.0,10,,scalar_first_exact
pg-diskann,250000,1,w2_0_1,968,1.349708,1.0,10,,scalar_first_exact
pg-diskann,250000,1,w2_0_1,173,6.966333,1.0,10,,scalar_first_exact
pg-diskann,250000,1,w2_0_1,961,1.286667,1.0,10,,scalar_first_exact
pg-diskann,250000,1,w2_0_1,596,1.015542,1.0,10,,scalar_first_exact
pg-diskann,250000,1,w2_0_1,156,1.005375,1.0,10,,scalar_first_exact
pg-diskann,250000,1,w2_0_1,538,1.219916,1.0,10,,scalar_first_exact
pg-diskann,250000,1,w2_0_1,333,1.131125,1.0,10,,scalar_first_exact
pg-diskann,250000,1,w2_0_1,931,1.070167,1.0,10,,scalar_first_exact
pg-diskann,250000,1,w2_0_1,298,0.90375,1.0,10,,scalar_first_exact
pg-diskann,250000,1,w2_0_1,450,0.795959,1.0,10,,scalar_first_exact
pg-diskann,250000,1,w2_0_1,383,0.930333,1.0,10,,scalar_first_exact
pg-diskann,250000,1,w2_0_1,325,0.85825,1.0,10,,scalar_first_exact
pg-diskann,250000,1,w2_0_1,522,0.977167,1.0,10,,scalar_first_exact
pg-diskann,250000,1,w2_0_1,609,1.544125,1.0,10,,scalar_first_exact
pg-diskann,250000,1,w2_0_1,589,1.097375,1.0,10,,scalar_first_exact
pg-diskann,250000,1,w2_0_1,400,0.883792,1.0,10,,scalar_first_exact
pg-diskann,250000,1,w2_0_1,942,0.944167,1.0,10,,scalar_first_exact
pg-diskann,250000,1,w2_0_1,703,0.939667,1.0,10,,scalar_first_exact
pg-diskann,250000,1,w2_0_1,181,1.103,1.0,10,,scalar_first_exact
pg-diskann,250000,1,w2_0_1,981,1.073084,1.0,10,,scalar_first_exact
pg-diskann,250000,1,w2_0_1,614,1.422,1.0,10,,scalar_first_exact
pg-diskann,250000,1,w2_0_1,754,1.368042,1.0,10,,scalar_first_exact
pg-diskann,250000,1,w2_0_1,938,1.259958,1.0,10,,scalar_first_exact
pg-diskann,250000,1,w2_0_1,117,1.197208,1.0,10,,scalar_first_exact
pg-diskann,250000,1,w2_0_1,468,0.964208,1.0,10,,scalar_first_exact
pg-diskann,250000,1,w2_0_1,330,1.137583,1.0,10,,scalar_first_exact
pg-diskann,250000,1,w2_0_1,644,1.106833,1.0,10,,scalar_first_exact
pg-diskann,250000,1,w2_0_1,671,0.936209,1.0,10,,scalar_first_exact
pg-diskann,250000,1,w2_0_1,582,0.984416,1.0,10,,scalar_first_exact
pg-diskann,250000,1,w2_0_1,483,0.85125,1.0,10,,scalar_first_exact
pg-diskann,250000,1,w2_0_1,704,0.854958,1.0,10,,scalar_first_exact
pg-diskann,250000,1,w2_0_1,856,0.992542,1.0,10,,scalar_first_exact
pg-diskann,250000,1,w2_0_1,399,0.972417,1.0,10,,scalar_first_exact
pg-diskann,250000,1,w2_0_1,484,0.971542,1.0,10,,scalar_first_exact
pg-diskann,250000,1,w2_0_1,976,1.096209,1.0,10,,scalar_first_exact
pg-diskann,250000,1,w2_0_1,313,1.12525,1.0,10,,scalar_first_exact
pg-diskann,250000,1,w2_0_1,284,1.18,1.0,10,,scalar_first_exact
pg-diskann,250000,1,w2_0_1,581,1.167542,1.0,10,,scalar_first_exact
pg-diskann,250000,1,w2_0_1,770,1.02425,1.0,10,,scalar_first_exact
pg-diskann,250000,1,w2_0_1,882,1.206458,1.0,10,,scalar_first_exact
pg-diskann,250000,1,w2_0_1,505,1.145041,1.0,10,,scalar_first_exact
pg-diskann,250000,1,w2_0_1,682,1.31125,1.0,10,,scalar_first_exact
pg-diskann,250000,1,w2_0_1,784,1.278083,1.0,10,,scalar_first_exact
pg-diskann,250000,1,w2_0_1,668,1.217292,1.0,10,,scalar_first_exact
pg-diskann,250000,1,w2_0_1,782,1.109291,1.0,10,,scalar_first_exact
pg-diskann,250000,1,w2_0_1,363,1.049916,1.0,10,,scalar_first_exact
pg-diskann,250000,1,w2_0_1,963,1.089167,1.0,10,,scalar_first_exact
pg-diskann,250000,1,w2_0_1,761,0.9915,1.0,10,,scalar_first_exact
pg-diskann,250000,1,w2_0_1,823,4.284167,1.0,10,,scalar_first_exact
pg-diskann,250000,1,w2_0_1,479,1.449458,1.0,10,,scalar_first_exact
pg-diskann,250000,1,w2_0_1,214,1.104583,1.0,10,,scalar_first_exact
pg-diskann,250000,1,w2_0_1,422,1.087459,1.0,10,,scalar_first_exact
pg-diskann,250000,1,w2_0_1,557,1.027958,1.0,10,,scalar_first_exact
pg-diskann,250000,1,w2_0_1,686,2.479625,1.0,10,,scalar_first_exact
pg-diskann,250000,1,w2_0_1,329,1.289208,1.0,10,,scalar_first_exact
pg-diskann,250000,1,w2_0_1,845,1.014625,1.0,10,,scalar_first_exact
pg-diskann,250000,1,w2_0_1,994,0.955292,1.0,10,,scalar_first_exact
pg-diskann,250000,1,w2_0_1,941,0.995667,1.0,10,,scalar_first_exact
pg-diskann,250000,1,w2_0_1,820,1.029208,1.0,10,,scalar_first_exact
pg-diskann,250000,1,w2_0_1,664,3.156583,1.0,10,,scalar_first_exact
pg-diskann,250000,1,w2_0_1,404,1.101333,1.0,10,,scalar_first_exact
pg-diskann,250000,1,w2_0_1,310,1.227458,1.0,10,,scalar_first_exact
pg-diskann,250000,1,w2_0_1,872,1.181375,1.0,10,,scalar_first_exact
pg-diskann,250000,1,w2_0_1,952,1.055916,1.0,10,,scalar_first_exact
pg-diskann,250000,1,w2_0_1,528,0.867417,1.0,10,,scalar_first_exact
pg-diskann,250000,1,w2_0_1,654,6.5785,1.0,10,,scalar_first_exact
pg-diskann,250000,1,w2_0_1,477,1.49525,1.0,10,,scalar_first_exact
pg-diskann,250000,1,w2_0_1,473,0.993208,1.0,10,,scalar_first_exact
pg-diskann,250000,1,w2_0_1,663,1.349791,1.0,10,,scalar_first_exact
pg-diskann,250000,1,w2_0_1,280,0.875375,1.0,10,,scalar_first_exact
pg-diskann,250000,1,w2_0_1,452,0.88325,1.0,10,,scalar_first_exact
pg-diskann,250000,1,w2_0_1,645,0.8985,1.0,10,,scalar_first_exact
pg-diskann,250000,1,w2_0_1,254,0.959375,1.0,10,,scalar_first_exact
pg-diskann,250000,1,w2_0_1,967,0.996375,1.0,10,,scalar_first_exact
pg-diskann,250000,1,w2_0_1,548,0.823958,1.0,10,,scalar_first_exact
pg-diskann,250000,1,w2_0_1,362,0.914292,1.0,10,,scalar_first_exact
pg-diskann,250000,1,w2_0_1,136,1.253458,1.0,10,,scalar_first_exact
pg-diskann,250000,1,w2_0_1,158,1.641958,1.0,10,,scalar_first_exact
pg-diskann,250000,1,w2_0_1,919,0.979459,1.0,10,,scalar_first_exact
pg-diskann,250000,1,w2_0_1,928,0.973708,1.0,10,,scalar_first_exact
pg-diskann,250000,1,w2_0_1,813,0.984416,1.0,10,,scalar_first_exact
pg-diskann,250000,1,w2_0_1,433,0.884583,1.0,10,,scalar_first_exact
pg-diskann,250000,1,w2_0_1,270,1.076291,1.0,10,,scalar_first_exact
pg-diskann,250000,1,w2_0_1,317,1.161958,1.0,10,,scalar_first_exact
pg-diskann,250000,1,w2_0_1,612,0.963167,1.0,10,,scalar_first_exact
pg-diskann,250000,1,w2_0_1,879,1.254042,1.0,10,,scalar_first_exact
pg-diskann,250000,1,w2_0_1,948,0.890458,1.0,10,,scalar_first_exact
pg-diskann,250000,1,w2_0_1,218,1.082791,1.0,10,,scalar_first_exact
pg-diskann,250000,1,w2_0_1,503,1.17575,1.0,10,,scalar_first_exact
pg-diskann,250000,1,w2_0_1,551,1.293875,1.0,10,,scalar_first_exact
pg-diskann,250000,1,w2_0_1,434,1.149417,1.0,10,,scalar_first_exact
pg-diskann,250000,1,w2_0_1,545,1.047959,1.0,10,,scalar_first_exact
pg-diskann,250000,1,w2_0_1,865,1.082125,1.0,10,,scalar_first_exact
pg-diskann,250000,1,w2_0_1,476,1.318417,1.0,10,,scalar_first_exact
pg-diskann,250000,1,w2_0_1,839,1.189167,1.0,10,,scalar_first_exact
pg-diskann,250000,1,w2_0_1,646,1.224333,1.0,10,,scalar_first_exact
pg-diskann,250000,1,w2_0_1,953,1.164584,1.0,10,,scalar_first_exact
pg-diskann,250000,1,w2_0_1,303,1.036667,1.0,10,,scalar_first_exact
pg-diskann,250000,1,w2_0_1,116,1.156541,1.0,10,,scalar_first_exact
pg-diskann,250000,1,w2_0_1,549,1.214875,1.0,10,,scalar_first_exact
pg-diskann,250000,1,w2_0_1,382,1.097834,1.0,10,,scalar_first_exact
pg-diskann,250000,1,w2_0_1,165,1.260917,1.0,10,,scalar_first_exact
pg-diskann,250000,1,w2_0_1,594,1.226083,1.0,10,,scalar_first_exact
pg-diskann,250000,1,w2_0_1,337,1.02925,1.0,10,,scalar_first_exact
pg-diskann,250000,1,w2_0_1,867,1.047209,1.0,10,,scalar_first_exact
pg-diskann,250000,1,w2_0_1,220,1.128625,1.0,10,,scalar_first_exact
pg-diskann,250000,1,w2_0_1,260,1.118209,1.0,10,,scalar_first_exact
pg-diskann,250000,1,w2_0_1,757,1.348,1.0,10,,scalar_first_exact
pg-diskann,250000,1,w2_0_1,734,1.282333,1.0,10,,scalar_first_exact
pg-diskann,250000,1,w2_0_1,639,1.086791,1.0,10,,scalar_first_exact
pg-diskann,250000,1,w2_0_1,604,1.061333,1.0,10,,scalar_first_exact
pg-diskann,250000,1,w2_0_1,266,1.123667,1.0,10,,scalar_first_exact
pg-diskann,250000,1,w2_0_1,987,3.391791,1.0,10,,scalar_first_exact
pg-diskann,250000,1,w2_0_1,960,1.220416,1.0,10,,scalar_first_exact
pg-diskann,250000,1,w2_0_1,276,1.166084,1.0,10,,scalar_first_exact
pg-diskann,250000,1,w2_0_1,580,1.134667,1.0,10,,scalar_first_exact
pg-diskann,250000,1,w2_0_1,916,0.945959,1.0,10,,scalar_first_exact
pg-diskann,250000,1,w2_0_1,349,0.93325,1.0,10,,scalar_first_exact
pg-diskann,250000,1,w2_0_1,312,3.510375,1.0,10,,scalar_first_exact
pg-diskann,250000,1,w2_0_1,344,1.870833,1.0,10,,scalar_first_exact
pg-diskann,250000,1,w2_0_1,599,0.9885,1.0,10,,scalar_first_exact
pg-diskann,250000,1,w2_0_1,824,0.991083,1.0,10,,scalar_first_exact
pg-diskann,250000,1,w2_0_1,847,0.948542,1.0,10,,scalar_first_exact
pg-diskann,250000,1,w2_0_1,649,0.991625,1.0,10,,scalar_first_exact
pg-diskann,250000,1,w2_0_1,832,1.355,1.0,10,,scalar_first_exact
pg-diskann,250000,1,w2_0_1,903,1.096417,1.0,10,,scalar_first_exact
pg-diskann,250000,1,w2_0_1,588,1.317917,1.0,10,,scalar_first_exact
pg-diskann,250000,1,w2_0_1,678,0.975875,1.0,10,,scalar_first_exact
pg-diskann,250000,1,w2_0_1,755,0.828583,1.0,10,,scalar_first_exact
pg-diskann,250000,1,w2_0_1,407,0.803625,1.0,10,,scalar_first_exact
pg-diskann,250000,1,w2_0_1,848,1.012458,1.0,10,,scalar_first_exact
pg-diskann,250000,1,w2_0_1,628,1.236833,1.0,10,,scalar_first_exact
pg-diskann,250000,1,w2_0_1,681,1.181333,1.0,10,,scalar_first_exact
pg-diskann,250000,1,w2_0_1,745,0.879416,1.0,10,,scalar_first_exact
pg-diskann,250000,1,w2_0_1,380,0.977041,1.0,10,,scalar_first_exact
pg-diskann,250000,1,w2_0_1,229,0.8775,1.0,10,,scalar_first_exact
pg-diskann,250000,1,w2_0_1,420,1.031,1.0,10,,scalar_first_exact
pg-diskann,250000,1,w2_0_1,146,1.080166,1.0,10,,scalar_first_exact
pg-diskann,250000,1,w2_0_1,783,1.130209,1.0,10,,scalar_first_exact
pg-diskann,250000,1,w2_0_1,108,1.145334,1.0,10,,scalar_first_exact
pg-diskann,250000,1,w2_0_1,432,1.174416,1.0,10,,scalar_first_exact
pg-diskann,250000,1,w2_0_1,866,1.095,1.0,10,,scalar_first_exact
pg-diskann,250000,1,w2_0_1,295,0.998916,1.0,10,,scalar_first_exact
pg-diskann,250000,1,w2_0_1,672,1.200083,1.0,10,,scalar_first_exact
pg-diskann,250000,1,w2_0_1,446,1.180208,1.0,10,,scalar_first_exact
pg-diskann,250000,1,w2_0_1,875,4.590292,1.0,10,,scalar_first_exact
pg-diskann,250000,1,w2_0_1,305,1.311292,1.0,10,,scalar_first_exact
pg-diskann,250000,1,w2_0_1,145,1.1045,1.0,10,,scalar_first_exact
pg-diskann,250000,1,w2_0_1,281,1.007125,1.0,10,,scalar_first_exact
pg-diskann,250000,1,w2_0_1,590,0.995875,1.0,10,,scalar_first_exact
pg-diskann,250000,1,w2_0_1,288,1.104041,1.0,10,,scalar_first_exact
pg-diskann,250000,1,w2_0_1,841,1.097458,1.0,10,,scalar_first_exact
pg-diskann,250000,1,w2_0_1,527,1.053625,1.0,10,,scalar_first_exact
pg-diskann,250000,1,w2_0_1,498,0.902458,1.0,10,,scalar_first_exact
pg-diskann,250000,1,w2_0_1,699,1.034584,1.0,10,,scalar_first_exact
pg-diskann,250000,1,w2_0_1,445,0.878083,1.0,10,,scalar_first_exact
pg-diskann,250000,1,w2_0_1,110,0.991917,1.0,10,,scalar_first_exact
pg-diskann,250000,1,w2_0_1,320,0.969167,1.0,10,,scalar_first_exact
pg-diskann,250000,1,w2_0_1,727,0.902375,1.0,10,,scalar_first_exact
pg-diskann,250000,1,w2_0_1,339,0.999792,1.0,10,,scalar_first_exact
pg-diskann,250000,1,w2_0_1,441,1.055958,1.0,10,,scalar_first_exact
pg-diskann,250000,1,w2_0_1,105,1.015833,1.0,10,,scalar_first_exact
pg-diskann,250000,1,w2_0_1,796,0.938375,1.0,10,,scalar_first_exact
pg-diskann,250000,1,w2_0_1,746,0.805833,1.0,10,,scalar_first_exact
pg-diskann,250000,1,w2_0_1,234,1.103792,1.0,10,,scalar_first_exact
pg-diskann,250000,1,w2_0_1,880,1.016625,1.0,10,,scalar_first_exact
pg-diskann,250000,1,w2_0_1,617,1.063375,1.0,10,,scalar_first_exact
pg-diskann,250000,1,w2_0_1,427,0.819917,1.0,10,,scalar_first_exact
pg-diskann,250000,1,w2_0_1,240,1.044083,1.0,10,,scalar_first_exact
pg-diskann,250000,1,w2_0_1,831,1.052042,1.0,10,,scalar_first_exact
pg-diskann,250000,1,w2_0_1,902,0.991,1.0,10,,scalar_first_exact
pg-diskann,250000,1,w2_0_1,171,1.024,1.0,10,,scalar_first_exact
pg-diskann,250000,1,w2_0_1,929,1.012708,1.0,10,,scalar_first_exact
pg-diskann,250000,1,w2_0_1,552,1.195125,1.0,10,,scalar_first_exact
pg-diskann,250000,1,w2_0_1,719,1.315334,1.0,10,,scalar_first_exact
pg-diskann,250000,1,w2_0_1,261,1.154917,1.0,10,,scalar_first_exact
pg-diskann,250000,1,w2_0_1,786,1.053041,1.0,10,,scalar_first_exact
pg-diskann,250000,1,w2_0_1,264,1.083375,1.0,10,,scalar_first_exact
pg-diskann,250000,1,w2_0_1,554,1.155958,1.0,10,,scalar_first_exact
pg-diskann,250000,1,w2_0_1,583,1.313584,1.0,10,,scalar_first_exact
pg-diskann,250000,1,w2_0_1,908,1.261083,1.0,10,,scalar_first_exact
pg-diskann,250000,1,w2_0_1,772,0.903958,1.0,10,,scalar_first_exact
pg-diskann,250000,1,w2_0_1,877,1.335041,1.0,10,,scalar_first_exact
pg-diskann,250000,1,w2_0_1,827,1.050583,1.0,10,,scalar_first_exact
pg-diskann,250000,1,w2_0_1,308,0.811708,1.0,10,,scalar_first_exact
pg-diskann,250000,1,w2_0_1,286,1.04375,1.0,10,,scalar_first_exact
pg-diskann,250000,1,w2_0_1,945,0.849958,1.0,10,,scalar_first_exact
pg-diskann,250000,1,w2_0_1,685,1.000834,1.0,10,,scalar_first_exact
pg-diskann,250000,1,w2_0_1,346,1.002,1.0,10,,scalar_first_exact
pg-diskann,250000,1,w2_0_1,409,1.163917,1.0,10,,scalar_first_exact
pg-diskann,250000,1,w2_0_1,469,1.018958,1.0,10,,scalar_first_exact
pg-diskann,250000,1,w2_0_1,247,1.041625,1.0,10,,scalar_first_exact
pg-diskann,250000,1,w2_0_1,857,1.003166,1.0,10,,scalar_first_exact
pg-diskann,250000,1,w2_0_1,490,0.863041,1.0,10,,scalar_first_exact
pg-diskann,250000,1,w2_0_1,844,1.008959,1.0,10,,scalar_first_exact
pg-diskann,250000,1,w2_0_1,411,0.861416,1.0,10,,scalar_first_exact
pg-diskann,250000,1,w2_0_1,726,0.987834,1.0,10,,scalar_first_exact
pg-diskann,250000,1,w2_0_1,488,4.6625,1.0,10,,scalar_first_exact
pg-diskann,250000,1,w2_0_1,307,1.198042,1.0,10,,scalar_first_exact
pg-diskann,250000,1,w2_0_1,225,1.033375,1.0,10,,scalar_first_exact
pg-diskann,250000,1,w2_0_1,814,1.149375,1.0,10,,scalar_first_exact
pg-diskann,250000,1,w2_0_1,251,0.942333,1.0,10,,scalar_first_exact
pg-diskann,250000,1,w2_0_1,661,1.058709,1.0,10,,scalar_first_exact
pg-diskann,250000,1,w2_0_1,101,0.997167,1.0,10,,scalar_first_exact
pg-diskann,250000,1,w2_0_1,986,1.015917,1.0,10,,scalar_first_exact
pg-diskann,250000,1,w2_0_1,550,0.898958,1.0,10,,scalar_first_exact
pg-diskann,250000,1,w2_0_1,301,0.970917,1.0,10,,scalar_first_exact
pg-diskann,250000,1,w2_0_1,546,0.998,1.0,10,,scalar_first_exact
pg-diskann,250000,1,w2_0_1,695,1.02,1.0,10,,scalar_first_exact
pg-diskann,250000,1,w2_0_1,722,1.042,1.0,10,,scalar_first_exact
pg-diskann,250000,1,w2_0_1,168,1.377333,1.0,10,,scalar_first_exact
pg-diskann,250000,1,w2_0_1,394,1.073333,1.0,10,,scalar_first_exact
pg-diskann,250000,1,w2_0_1,640,0.883833,1.0,10,,scalar_first_exact
pg-diskann,250000,1,w2_0_1,120,0.964375,1.0,10,,scalar_first_exact
pg-diskann,250000,1,w2_0_1,957,1.144166,1.0,10,,scalar_first_exact
pg-diskann,250000,1,w2_0_1,361,1.017625,1.0,10,,scalar_first_exact
pg-diskann,250000,1,w2_0_1,412,1.005792,1.0,10,,scalar_first_exact
pg-diskann,250000,1,w2_0_1,327,1.03275,1.0,10,,scalar_first_exact
pg-diskann,250000,1,w2_0_1,998,1.250917,1.0,10,,scalar_first_exact
pg-diskann,250000,1,w2_0_1,111,1.056,1.0,10,,scalar_first_exact
pg-diskann,250000,1,w2_0_1,655,0.951667,1.0,10,,scalar_first_exact
pg-diskann,250000,1,w2_0_1,429,1.001542,1.0,10,,scalar_first_exact
pg-diskann,250000,1,w2_0_1,708,1.2235,1.0,10,,scalar_first_exact
pg-diskann,250000,1,w2_0_1,104,1.258583,1.0,10,,scalar_first_exact
pg-diskann,250000,1,w2_0_1,935,2.256625,1.0,10,,scalar_first_exact
pg-diskann,250000,1,w2_0_1,176,1.028042,1.0,10,,scalar_first_exact
pg-diskann,250000,1,w2_0_1,807,1.804208,1.0,10,,scalar_first_exact
pg-diskann,250000,1,w2_0_1,701,1.474375,1.0,10,,scalar_first_exact
pg-diskann,250000,1,w2_0_1,650,1.134333,1.0,10,,scalar_first_exact
pg-diskann,250000,1,w2_0_1,470,1.0945,1.0,10,,scalar_first_exact
pg-diskann,250000,1,w2_0_1,899,0.945625,1.0,10,,scalar_first_exact
pg-diskann,250000,1,w2_0_1,900,0.930958,1.0,10,,scalar_first_exact
pg-diskann,250000,1,w2_0_1,951,0.971583,1.0,10,,scalar_first_exact
pg-diskann,250000,1,w2_0_1,897,1.220667,1.0,10,,scalar_first_exact
pg-diskann,250000,1,w2_0_1,676,1.045917,1.0,10,,scalar_first_exact
pg-diskann,250000,1,w2_0_1,964,0.835666,1.0,10,,scalar_first_exact
pg-diskann,250000,1,w2_0_1,437,0.806125,1.0,10,,scalar_first_exact
pg-diskann,250000,1,w2_0_1,188,0.9025,1.0,10,,scalar_first_exact
pg-diskann,250000,1,w2_0_1,585,0.946166,1.0,10,,scalar_first_exact
pg-diskann,250000,1,w2_0_1,574,2.698625,1.0,10,,scalar_first_exact
pg-diskann,250000,1,w2_0_1,328,1.241042,1.0,10,,scalar_first_exact
pg-diskann,250000,1,w2_0_1,571,0.865875,1.0,10,,scalar_first_exact
pg-diskann,250000,1,w2_0_1,321,0.980459,1.0,10,,scalar_first_exact
pg-diskann,250000,1,w2_0_1,894,1.117125,1.0,10,,scalar_first_exact
pg-diskann,250000,1,w2_0_1,152,1.238459,1.0,10,,scalar_first_exact
pg-diskann,250000,1,w2_0_1,517,3.257209,1.0,10,,scalar_first_exact
pg-diskann,250000,1,w2_0_1,148,1.205708,1.0,10,,scalar_first_exact
pg-diskann,250000,1,w2_0_1,250,1.020833,1.0,10,,scalar_first_exact
pg-diskann,250000,1,w2_0_1,216,1.0225,1.0,10,,scalar_first_exact
pg-diskann,250000,1,w2_0_1,435,1.108875,1.0,10,,scalar_first_exact
pg-diskann,250000,1,w2_0_1,367,1.05875,1.0,10,,scalar_first_exact
pg-diskann,250000,1,w2_0_1,211,1.011333,1.0,10,,scalar_first_exact
pg-diskann,250000,1,w2_0_1,895,1.114916,1.0,10,,scalar_first_exact
pg-diskann,250000,1,w2_0_1,623,0.95225,1.0,10,,scalar_first_exact
pg-diskann,250000,1,w2_0_1,153,0.825875,1.0,10,,scalar_first_exact
pg-diskann,250000,1,w2_0_1,619,1.211333,1.0,10,,scalar_first_exact
pg-diskann,250000,1,w2_0_1,683,0.938458,1.0,10,,scalar_first_exact
pg-diskann,250000,1,w2_0_1,464,1.225709,1.0,10,,scalar_first_exact
pg-diskann,250000,1,w2_0_1,424,1.356667,1.0,10,,scalar_first_exact
pg-diskann,250000,1,w2_0_1,242,1.089417,1.0,10,,scalar_first_exact
pg-diskann,250000,1,w2_0_1,471,1.154334,1.0,10,,scalar_first_exact
pg-diskann,250000,1,w2_0_1,815,1.074875,1.0,10,,scalar_first_exact
pg-diskann,250000,1,w2_0_1,958,1.152708,1.0,10,,scalar_first_exact
pg-diskann,250000,1,w2_0_1,482,1.161792,1.0,10,,scalar_first_exact
pg-diskann,250000,1,w2_0_1,209,1.1225,1.0,10,,scalar_first_exact
pg-diskann,250000,1,w2_0_1,455,0.952375,1.0,10,,scalar_first_exact
pg-diskann,250000,1,w2_0_1,368,1.119333,1.0,10,,scalar_first_exact
pg-diskann,250000,1,w2_0_1,870,1.749917,1.0,10,,scalar_first_exact
pg-diskann,250000,1,w2_0_1,506,3.259708,1.0,10,,scalar_first_exact
pg-diskann,250000,1,w2_0_1,403,1.19175,1.0,10,,scalar_first_exact
pg-diskann,250000,1,w2_0_1,565,5.344959,1.0,10,,scalar_first_exact
pg-diskann,250000,1,w2_0_1,166,2.005792,1.0,10,,scalar_first_exact
pg-diskann,250000,1,w2_0_1,943,2.230375,1.0,10,,scalar_first_exact
pg-diskann,250000,1,w2_0_1,883,1.199708,1.0,10,,scalar_first_exact
pg-diskann,250000,1,w2_0_1,299,1.137,1.0,10,,scalar_first_exact
pg-diskann,250000,1,w2_0_1,713,0.904333,1.0,10,,scalar_first_exact
pg-diskann,250000,1,w2_0_1,849,0.810959,1.0,10,,scalar_first_exact
pg-diskann,250000,1,w2_0_1,306,0.899,1.0,10,,scalar_first_exact
pg-diskann,250000,1,w2_0_1,366,1.070667,1.0,10,,scalar_first_exact
pg-diskann,250000,1,w2_0_1,379,1.071166,1.0,10,,scalar_first_exact
pg-diskann,250000,1,w2_0_1,684,1.220625,1.0,10,,scalar_first_exact
pg-diskann,250000,1,w2_0_1,523,1.386292,1.0,10,,scalar_first_exact
pg-diskann,250000,1,w2_0_1,999,1.097959,1.0,10,,scalar_first_exact
pg-diskann,250000,1,w2_0_1,631,1.002625,1.0,10,,scalar_first_exact
pg-diskann,250000,1,w2_0_1,890,1.017583,1.0,10,,scalar_first_exact
pg-diskann,250000,1,w2_0_1,360,0.992917,1.0,10,,scalar_first_exact
pg-diskann,250000,1,w2_0_1,851,1.211417,1.0,10,,scalar_first_exact
pg-diskann,250000,1,w2_0_1,355,0.921042,1.0,10,,scalar_first_exact
pg-diskann,250000,1,w2_0_1,909,1.169375,1.0,10,,scalar_first_exact
pg-diskann,250000,1,w2_0_1,584,1.104875,1.0,10,,scalar_first_exact
pg-diskann,250000,1,w2_0_1,454,1.039291,1.0,10,,scalar_first_exact
pg-diskann,250000,1,w2_0_1,541,1.03625,1.0,10,,scalar_first_exact
pg-diskann,250000,1,w2_0_1,776,0.986625,1.0,10,,scalar_first_exact
pg-diskann,250000,1,w2_0_1,107,1.288916,1.0,10,,scalar_first_exact
pg-diskann,250000,1,w2_0_1,100,1.209583,1.0,10,,scalar_first_exact
pg-diskann,250000,1,w2_0_1,290,1.248833,1.0,10,,scalar_first_exact
pg-diskann,250000,1,w2_0_1,874,1.183833,1.0,10,,scalar_first_exact
pg-diskann,250000,1,w2_0_1,130,1.245917,1.0,10,,scalar_first_exact
pg-diskann,250000,1,w2_0_1,949,1.146375,1.0,10,,scalar_first_exact
pg-diskann,250000,1,w2_0_1,224,1.086333,1.0,10,,scalar_first_exact
pg-diskann,250000,1,w2_0_1,881,1.03975,1.0,10,,scalar_first_exact
pg-diskann,250000,1,w2_0_1,587,1.142375,1.0,10,,scalar_first_exact
pg-diskann,250000,1,w2_0_1,657,0.877,1.0,10,,scalar_first_exact
pg-diskann,250000,1,w2_0_1,766,1.412,1.0,10,,scalar_first_exact
pg-diskann,250000,1,w2_0_1,256,1.1335,1.0,10,,scalar_first_exact
pg-diskann,250000,1,w2_0_1,869,0.994667,1.0,10,,scalar_first_exact
pg-diskann,250000,1,w2_0_1,206,0.922583,1.0,10,,scalar_first_exact
pg-diskann,250000,1,w2_0_1,125,1.423625,1.0,10,,scalar_first_exact
pg-diskann,250000,1,w2_0_1,653,1.066125,1.0,10,,scalar_first_exact
pg-diskann,250000,1,w2_0_1,543,0.980625,1.0,10,,scalar_first_exact
pg-diskann,250000,1,w2_0_1,656,1.093333,1.0,10,,scalar_first_exact
pg-diskann,250000,1,w2_0_1,102,1.168875,1.0,10,,scalar_first_exact
pg-diskann,250000,1,w2_0_1,243,1.060084,1.0,10,,scalar_first_exact
pg-diskann,250000,1,w2_0_1,415,1.01525,1.0,10,,scalar_first_exact
pg-diskann,250000,1,w2_0_1,544,1.041,1.0,10,,scalar_first_exact
pg-diskann,250000,1,w2_0_1,629,1.280416,1.0,10,,scalar_first_exact
pg-diskann,250000,1,w2_0_1,626,1.051375,1.0,10,,scalar_first_exact
pg-diskann,250000,1,w2_0_1,190,2.138417,1.0,10,,scalar_first_exact
pg-diskann,250000,1,w2_0_1,910,1.39975,1.0,10,,scalar_first_exact
pg-diskann,250000,1,w2_0_1,408,1.20575,1.0,10,,scalar_first_exact
pg-diskann,250000,1,w2_0_1,896,0.926875,1.0,10,,scalar_first_exact
pg-diskann,250000,1,w2_0_1,643,0.990959,1.0,10,,scalar_first_exact
pg-diskann,250000,1,w2_0_1,115,4.409,1.0,10,,scalar_first_exact
pg-diskann,250000,1,w2_0_1,666,1.296333,1.0,10,,scalar_first_exact
pg-diskann,250000,1,w2_0_1,601,1.113084,1.0,10,,scalar_first_exact
pg-diskann,250000,1,w2_0_1,336,1.127292,1.0,10,,scalar_first_exact
pg-diskann,250000,1,w2_0_1,364,1.093208,1.0,10,,scalar_first_exact
pg-diskann,250000,1,w2_0_1,921,1.382666,1.0,10,,scalar_first_exact
pg-diskann,250000,1,w2_0_1,183,0.975917,1.0,10,,scalar_first_exact
pg-diskann,250000,1,w2_0_1,475,1.004791,1.0,10,,scalar_first_exact
pg-diskann,250000,1,w2_0_1,359,0.910167,1.0,10,,scalar_first_exact
pg-diskann,250000,1,w2_0_1,630,1.025125,1.0,10,,scalar_first_exact
pg-diskann,250000,1,w2_0_1,763,1.292792,1.0,10,,scalar_first_exact
pg-diskann,250000,1,w2_0_1,602,1.134041,1.0,10,,scalar_first_exact
pg-diskann,250000,1,w2_0_1,840,1.04825,1.0,10,,scalar_first_exact
pg-diskann,250000,1,w2_0_1,118,1.154333,1.0,10,,scalar_first_exact
pg-diskann,250000,1,w2_0_1,345,1.2215,1.0,10,,scalar_first_exact
pg-diskann,250000,1,w2_0_1,352,1.044416,1.0,10,,scalar_first_exact
pg-diskann,250000,1,w2_0_1,514,1.017542,1.0,10,,scalar_first_exact
pg-diskann,250000,1,w2_0_1,965,0.98275,1.0,10,,scalar_first_exact
pg-diskann,250000,1,w2_0_1,561,1.1675,1.0,10,,scalar_first_exact
pg-diskann,250000,1,w2_0_1,720,1.200375,1.0,10,,scalar_first_exact
pg-diskann,250000,1,w2_0_1,278,1.411459,1.0,10,,scalar_first_exact
pg-diskann,250000,1,w2_0_1,272,1.266375,1.0,10,,scalar_first_exact
pg-diskann,250000,1,w2_0_1,524,1.00775,1.0,10,,scalar_first_exact
pg-diskann,250000,1,w2_0_1,439,1.101333,1.0,10,,scalar_first_exact
pg-diskann,250000,1,w2_0_1,636,1.253625,1.0,10,,scalar_first_exact
pg-diskann,250000,1,w2_0_1,426,1.14475,1.0,10,,scalar_first_exact
pg-diskann,250000,1,w2_0_1,947,0.807083,1.0,10,,scalar_first_exact
pg-diskann,250000,1,w2_0_1,700,3.447542,1.0,10,,scalar_first_exact
pg-diskann,250000,1,w2_0_1,785,1.314333,1.0,10,,scalar_first_exact
pg-diskann,250000,1,w2_0_1,863,1.214167,1.0,10,,scalar_first_exact
pg-diskann,250000,1,w2_0_1,777,1.073,1.0,10,,scalar_first_exact
pg-diskann,250000,1,w2_0_1,558,1.090916,1.0,10,,scalar_first_exact
pg-diskann,250000,1,w2_0_1,529,1.002125,1.0,10,,scalar_first_exact
pg-diskann,250000,1,w2_0_1,799,1.2685,1.0,10,,scalar_first_exact
pg-diskann,250000,1,w2_0_1,955,1.098417,1.0,10,,scalar_first_exact
pg-diskann,250000,1,w2_0_1,259,0.906958,1.0,10,,scalar_first_exact
pg-diskann,250000,1,w2_0_1,712,1.008875,1.0,10,,scalar_first_exact
pg-diskann,250000,1,w2_0_1,901,0.982042,1.0,10,,scalar_first_exact
pg-diskann,250000,1,w2_0_1,283,0.958125,1.0,10,,scalar_first_exact
pg-diskann,250000,1,w2_0_1,610,1.036792,1.0,10,,scalar_first_exact
pg-diskann,250000,1,w2_0_1,332,1.265292,1.0,10,,scalar_first_exact
pg-diskann,250000,1,w2_0_1,525,1.196417,1.0,10,,scalar_first_exact
pg-diskann,250000,1,w2_0_1,323,1.235209,1.0,10,,scalar_first_exact
pg-diskann,250000,1,w2_0_1,946,1.041541,1.0,10,,scalar_first_exact
pg-diskann,250000,1,w2_0_1,579,0.9145,1.0,10,,scalar_first_exact
pg-diskann,250000,1,w2_0_1,662,0.768542,1.0,10,,scalar_first_exact
pg-diskann,250000,1,w2_0_1,509,0.993458,1.0,10,,scalar_first_exact
pg-diskann,250000,1,w2_0_1,926,0.840042,1.0,10,,scalar_first_exact
pg-diskann,250000,1,w2_0_1,456,1.068209,1.0,10,,scalar_first_exact
pg-diskann,250000,1,w2_0_1,436,1.175792,1.0,10,,scalar_first_exact
pg-diskann,250000,1,w2_0_1,811,1.169,1.0,10,,scalar_first_exact
pg-diskann,250000,1,w2_0_1,418,1.105166,1.0,10,,scalar_first_exact
pg-diskann,250000,1,w2_0_1,956,1.0715,1.0,10,,scalar_first_exact
pg-diskann,250000,1,w2_0_1,497,1.1645,1.0,10,,scalar_first_exact
pg-diskann,250000,1,w2_0_1,387,1.272041,1.0,10,,scalar_first_exact
pg-diskann,250000,1,w2_0_1,425,0.993334,1.0,10,,scalar_first_exact
pg-diskann,250000,1,w2_0_1,296,1.192375,1.0,10,,scalar_first_exact
pg-diskann,250000,1,w2_0_1,829,0.9705,1.0,10,,scalar_first_exact
pg-diskann,250000,1,w2_0_1,985,1.280917,1.0,10,,scalar_first_exact
pg-diskann,250000,1,w2_0_1,268,1.132375,1.0,10,,scalar_first_exact
pg-diskann,250000,1,w2_0_1,460,0.961625,1.0,10,,scalar_first_exact
pg-diskann,250000,1,w2_0_1,413,1.023084,1.0,10,,scalar_first_exact
pg-diskann,250000,1,w2_0_1,319,1.0145,1.0,10,,scalar_first_exact
pg-diskann,250000,1,w2_0_1,868,4.693917,1.0,10,,scalar_first_exact
pg-diskann,250000,1,w2_0_1,647,1.112166,1.0,10,,scalar_first_exact
pg-diskann,250000,1,w2_0_1,182,1.145667,1.0,10,,scalar_first_exact
pg-diskann,250000,1,w2_0_1,778,0.999292,1.0,10,,scalar_first_exact
pg-diskann,250000,1,w2_0_1,595,0.981458,1.0,10,,scalar_first_exact
pg-diskann,250000,1,w2_0_1,274,3.032583,1.0,10,,scalar_first_exact
pg-diskann,250000,1,w2_0_1,674,1.3795,1.0,10,,scalar_first_exact
pg-diskann,250000,1,w2_0_1,334,1.052458,1.0,10,,scalar_first_exact
pg-diskann,250000,1,w2_0_1,697,1.039625,1.0,10,,scalar_first_exact
pg-diskann,250000,1,w2_0_1,493,0.92225,1.0,10,,scalar_first_exact
pg-diskann,250000,1,w2_0_1,912,0.981083,1.0,10,,scalar_first_exact
pg-diskann,250000,1,w2_0_1,496,1.673791,1.0,10,,scalar_first_exact
pg-diskann,250000,1,w2_0_1,747,1.535458,1.0,10,,scalar_first_exact
pg-diskann,250000,1,w2_0_1,787,1.317083,1.0,10,,scalar_first_exact
pg-diskann,250000,1,w2_0_1,760,0.875625,1.0,10,,scalar_first_exact
pg-diskann,250000,1,w2_0_1,388,1.032917,1.0,10,,scalar_first_exact
pg-diskann,250000,1,w2_0_1,338,0.89575,1.0,10,,scalar_first_exact
pg-diskann,250000,1,w2_0_1,536,0.910375,1.0,10,,scalar_first_exact
pg-diskann,250000,1,w2_0_1,988,1.156583,1.0,10,,scalar_first_exact
pg-diskann,250000,1,w2_0_1,608,1.099666,1.0,10,,scalar_first_exact
pg-diskann,250000,1,w2_0_1,511,0.955,1.0,10,,scalar_first_exact
pg-diskann,250000,1,w2_0_1,461,0.975042,1.0,10,,scalar_first_exact
pg-diskann,250000,1,w2_0_1,792,0.883042,1.0,10,,scalar_first_exact
pg-diskann,250000,1,w2_0_1,806,0.966167,1.0,10,,scalar_first_exact
pg-diskann,250000,1,w2_0_1,922,1.071417,1.0,10,,scalar_first_exact
pg-diskann,250000,1,w2_0_1,828,3.749375,1.0,10,,scalar_first_exact
pg-diskann,250000,1,w2_0_1,753,2.252709,1.0,10,,scalar_first_exact
pg-diskann,250000,1,w2_0_1,440,0.988292,1.0,10,,scalar_first_exact
pg-diskann,250000,1,w2_0_1,923,0.864625,1.0,10,,scalar_first_exact
pg-diskann,250000,1,w2_0_1,774,0.809334,1.0,10,,scalar_first_exact
pg-diskann,250000,1,w2_0_1,423,1.113375,1.0,10,,scalar_first_exact
pg-diskann,250000,1,w2_0_1,696,1.120417,1.0,10,,scalar_first_exact
pg-diskann,250000,1,w2_0_1,348,1.067334,1.0,10,,scalar_first_exact
pg-diskann,250000,1,w2_0_1,979,0.865417,1.0,10,,scalar_first_exact
pg-diskann,250000,1,w2_0_1,804,1.003666,1.0,10,,scalar_first_exact
pg-diskann,250000,1,w2_0_1,463,1.052875,1.0,10,,scalar_first_exact
pg-diskann,250000,1,w2_0_1,121,1.233958,1.0,10,,scalar_first_exact
pg-diskann,250000,1,w2_0_1,444,1.20225,1.0,10,,scalar_first_exact
pg-diskann,250000,1,w2_0_1,127,1.348959,1.0,10,,scalar_first_exact
pg-diskann,250000,1,w2_0_1,593,1.157917,1.0,10,,scalar_first_exact
pg-diskann,250000,1,w2_0_1,977,0.990375,1.0,10,,scalar_first_exact
pg-diskann,250000,1,w2_0_1,741,0.955458,1.0,10,,scalar_first_exact
pg-diskann,250000,1,w2_0_1,904,0.932833,1.0,10,,scalar_first_exact
pg-diskann,250000,1,w2_0_1,265,0.968,1.0,10,,scalar_first_exact
pg-diskann,250000,1,w2_0_1,191,1.057958,1.0,10,,scalar_first_exact
pg-diskann,250000,1,w2_0_1,575,0.868125,1.0,10,,scalar_first_exact
pg-diskann,250000,1,w2_0_1,559,1.281917,1.0,10,,scalar_first_exact
pg-diskann,250000,1,w2_0_1,123,1.084875,1.0,10,,scalar_first_exact
pg-diskann,250000,1,w2_0_1,982,0.882458,1.0,10,,scalar_first_exact
pg-diskann,250000,1,w2_0_1,297,0.869125,1.0,10,,scalar_first_exact
pg-diskann,250000,1,w2_0_1,888,1.091625,1.0,10,,scalar_first_exact
pg-diskann,250000,1,w2_0_1,202,1.22775,1.0,10,,scalar_first_exact
pg-diskann,250000,1,w2_0_1,405,0.957334,1.0,10,,scalar_first_exact
pg-diskann,250000,1,w2_0_1,693,5.2425,1.0,10,,scalar_first_exact
pg-diskann,250000,1,w2_0_1,519,1.024291,1.0,10,,scalar_first_exact
pg-diskann,250000,1,w2_0_1,914,1.000167,1.0,10,,scalar_first_exact
pg-diskann,250000,1,w2_0_1,954,0.867,1.0,10,,scalar_first_exact
pg-diskann,250000,1,w2_0_1,962,2.618125,1.0,10,,scalar_first_exact
pg-diskann,250000,1,w2_0_1,316,1.231083,1.0,10,,scalar_first_exact
pg-diskann,250000,1,w2_0_1,377,0.962292,1.0,10,,scalar_first_exact
pg-diskann,250000,1,w2_0_1,389,1.206208,1.0,10,,scalar_first_exact
pg-diskann,250000,1,w2_0_1,212,1.133792,1.0,10,,scalar_first_exact
pg-diskann,250000,1,w2_0_1,138,0.866209,1.0,10,,scalar_first_exact
pg-diskann,250000,1,w2_0_1,315,0.891,1.0,10,,scalar_first_exact
pg-diskann,250000,1,w2_0_1,830,1.009959,1.0,10,,scalar_first_exact
pg-diskann,250000,1,w2_0_1,568,1.118458,1.0,10,,scalar_first_exact
pg-diskann,250000,1,w2_0_1,738,0.890416,1.0,10,,scalar_first_exact
pg-diskann,250000,1,w2_0_1,748,0.912125,1.0,10,,scalar_first_exact
pg-diskann,250000,1,w2_0_1,162,1.041167,1.0,10,,scalar_first_exact
pg-diskann,250000,1,w2_0_1,743,0.819291,1.0,10,,scalar_first_exact
pg-diskann,250000,1,w2_0_1,267,1.196125,1.0,10,,scalar_first_exact
pg-diskann,250000,1,w2_0_1,641,4.344583,1.0,10,,scalar_first_exact
pg-diskann,250000,1,w2_0_1,185,1.05975,1.0,10,,scalar_first_exact
pg-diskann,250000,1,w2_0_1,397,1.008625,1.0,10,,scalar_first_exact
pg-diskann,250000,1,w2_0_1,515,1.0375,1.0,10,,scalar_first_exact
pg-diskann,250000,1,w2_0_1,625,0.919958,1.0,10,,scalar_first_exact
pg-diskann,250000,1,w2_0_1,351,1.1015,1.0,10,,scalar_first_exact
pg-diskann,250000,1,w2_0_1,537,1.013,1.0,10,,scalar_first_exact
pg-diskann,250000,1,w2_0_1,993,0.801791,1.0,10,,scalar_first_exact
pg-diskann,250000,1,w2_0_1,192,1.095542,1.0,10,,scalar_first_exact
pg-diskann,250000,1,w2_0_1,472,1.079792,1.0,10,,scalar_first_exact
pg-diskann,250000,1,w2_0_1,873,1.095083,1.0,10,,scalar_first_exact
pg-diskann,250000,1,w2_0_1,494,1.1025,1.0,10,,scalar_first_exact
pg-diskann,250000,1,w2_0_1,705,1.059417,1.0,10,,scalar_first_exact
pg-diskann,250000,1,w2_0_1,876,0.996292,1.0,10,,scalar_first_exact
pg-diskann,250000,1,w2_0_1,605,0.990792,1.0,10,,scalar_first_exact
pg-diskann,250000,1,w2_0_1,402,1.249417,1.0,10,,scalar_first_exact
pg-diskann,250000,1,w2_0_1,237,1.069,1.0,10,,scalar_first_exact
pg-diskann,250000,1,w2_0_1,759,1.176583,1.0,10,,scalar_first_exact
pg-diskann,250000,1,w2_0_1,572,1.006959,1.0,10,,scalar_first_exact
pg-diskann,250000,1,w2_0_1,740,1.038416,1.0,10,,scalar_first_exact
pg-diskann,250000,1,w2_0_1,973,0.98475,1.0,10,,scalar_first_exact
pg-diskann,250000,1,w2_0_1,232,1.18625,1.0,10,,scalar_first_exact
pg-diskann,250000,1,w2_0_1,304,1.258209,1.0,10,,scalar_first_exact
pg-diskann,250000,1,w2_0_1,271,0.971625,1.0,10,,scalar_first_exact
pg-diskann,250000,1,w2_0_1,122,1.011375,1.0,10,,scalar_first_exact
pg-diskann,250000,1,w2_0_1,731,0.885209,1.0,10,,scalar_first_exact
pg-diskann,250000,1,w2_0_1,170,1.052458,1.0,10,,scalar_first_exact
pg-diskann,250000,1,w2_0_1,447,0.891417,1.0,10,,scalar_first_exact
pg-diskann,250000,1,w2_0_1,217,0.983708,1.0,10,,scalar_first_exact
pg-diskann,250000,1,w2_0_1,262,3.996292,1.0,10,,scalar_first_exact
pg-diskann,250000,1,w2_0_1,819,1.414458,1.0,10,,scalar_first_exact
pg-diskann,250000,1,w2_0_1,233,0.93625,1.0,10,,scalar_first_exact
pg-diskann,250000,1,w2_0_1,239,1.102291,1.0,10,,scalar_first_exact
pg-diskann,250000,1,w2_0_1,808,0.986708,1.0,10,,scalar_first_exact
pg-diskann,250000,1,w2_0_1,226,2.938875,1.0,10,,scalar_first_exact
pg-diskann,250000,1,w2_0_1,980,1.215333,1.0,10,,scalar_first_exact
pg-diskann,250000,1,w2_0_1,132,1.204209,1.0,10,,scalar_first_exact
pg-diskann,250000,1,w2_0_1,800,1.120292,1.0,10,,scalar_first_exact
pg-diskann,250000,1,w2_0_1,709,1.040958,1.0,10,,scalar_first_exact
pg-diskann,250000,1,w2_0_1,607,1.231375,1.0,10,,scalar_first_exact
pg-diskann,250000,1,w2_0_1,453,1.007667,1.0,10,,scalar_first_exact
pg-diskann,250000,1,w2_0_1,911,1.208333,1.0,10,,scalar_first_exact
pg-diskann,250000,1,w2_0_1,970,1.062875,1.0,10,,scalar_first_exact
pg-diskann,250000,1,w2_0_1,386,1.022459,1.0,10,,scalar_first_exact
pg-diskann,250000,1,w2_0_1,177,0.946875,1.0,10,,scalar_first_exact
pg-diskann,250000,1,w2_0_1,624,1.004833,1.0,10,,scalar_first_exact
pg-diskann,250000,1,w2_0_1,706,0.962209,1.0,10,,scalar_first_exact
pg-diskann,250000,1,w2_0_1,277,3.849,1.0,10,,scalar_first_exact
pg-diskann,250000,1,w2_0_1,723,1.256167,1.0,10,,scalar_first_exact
pg-diskann,250000,1,w2_0_1,692,1.378917,1.0,10,,scalar_first_exact
pg-diskann,250000,1,w2_0_1,556,1.103125,1.0,10,,scalar_first_exact
pg-diskann,250000,1,w2_0_1,341,1.108458,1.0,10,,scalar_first_exact
pg-diskann,250000,1,w2_0_1,154,1.069709,1.0,10,,scalar_first_exact
pg-diskann,250000,1,w2_0_1,842,1.115291,1.0,10,,scalar_first_exact
pg-diskann,250000,1,w2_0_1,885,1.036708,1.0,10,,scalar_first_exact
pg-diskann,250000,1,w2_0_1,675,0.880166,1.0,10,,scalar_first_exact
pg-diskann,250000,1,w2_0_1,795,0.931459,1.0,10,,scalar_first_exact
pg-diskann,250000,1,w2_0_1,495,0.963375,1.0,10,,scalar_first_exact
pg-diskann,250000,1,w2_0_1,500,0.922875,1.0,10,,scalar_first_exact
pg-diskann,250000,1,w2_0_1,937,1.010041,1.0,10,,scalar_first_exact
pg-diskann,250000,1,w2_0_1,562,1.089791,1.0,10,,scalar_first_exact
pg-diskann,250000,1,w2_0_1,917,1.194584,1.0,10,,scalar_first_exact
pg-diskann,250000,1,w2_0_1,135,1.099375,1.0,10,,scalar_first_exact
pg-diskann,250000,1,w2_0_1,175,1.139125,1.0,10,,scalar_first_exact
pg-diskann,250000,1,w2_0_1,966,0.928959,1.0,10,,scalar_first_exact
pg-diskann,250000,1,w2_0_1,530,0.945667,1.0,10,,scalar_first_exact
pg-diskann,250000,1,w2_0_1,119,1.016958,1.0,10,,scalar_first_exact
pg-diskann,250000,1,w2_0_1,451,4.142125,1.0,10,,scalar_first_exact
pg-diskann,250000,1,w2_0_1,615,1.305583,1.0,10,,scalar_first_exact
pg-diskann,250000,1,w2_0_1,201,0.927792,1.0,10,,scalar_first_exact
pg-diskann,250000,1,w2_0_1,721,1.2215,1.0,10,,scalar_first_exact
pg-diskann,250000,1,w2_0_1,750,1.099917,1.0,10,,scalar_first_exact
pg-diskann,250000,1,w2_0_1,739,1.065,1.0,10,,scalar_first_exact
pg-diskann,250000,1,w2_0_1,357,0.87025,1.0,10,,scalar_first_exact
pg-diskann,250000,1,w2_0_1,566,1.039583,1.0,10,,scalar_first_exact
pg-diskann,250000,1,w2_0_1,627,1.064,1.0,10,,scalar_first_exact
pg-diskann,250000,1,w2_0_1,717,1.185042,1.0,10,,scalar_first_exact
pg-diskann,250000,1,w2_0_1,886,1.047583,1.0,10,,scalar_first_exact
pg-diskann,250000,1,w2_0_1,335,1.222667,1.0,10,,scalar_first_exact
pg-diskann,250000,1,w2_0_1,535,0.961708,1.0,10,,scalar_first_exact
pg-diskann,250000,1,w2_0_1,862,4.146458,1.0,10,,scalar_first_exact
pg-diskann,250000,1,w2_0_1,660,1.19925,1.0,10,,scalar_first_exact
pg-diskann,250000,1,w2_0_1,326,0.911708,1.0,10,,scalar_first_exact
pg-diskann,250000,1,w2_0_1,996,0.890583,1.0,10,,scalar_first_exact
pg-diskann,250000,1,w2_0_1,600,0.815042,1.0,10,,scalar_first_exact
pg-diskann,250000,1,w2_0_1,751,0.903084,1.0,10,,scalar_first_exact
pg-diskann,250000,1,w2_0_1,393,1.231375,1.0,10,,scalar_first_exact
pg-diskann,250000,1,w2_0_1,241,1.049334,1.0,10,,scalar_first_exact
pg-diskann,250000,1,w2_0_1,431,0.826334,1.0,10,,scalar_first_exact
pg-diskann,250000,1,w2_0_1,809,1.100583,1.0,10,,scalar_first_exact
pg-diskann,250000,1,w2_0_1,384,0.878791,1.0,10,,scalar_first_exact
pg-diskann,250000,1,w2_0_1,689,0.9145,1.0,10,,scalar_first_exact
pg-diskann,250000,1,w2_0_1,486,0.9005,1.0,10,,scalar_first_exact
pg-diskann,250000,1,w2_0_1,905,5.067167,1.0,10,,scalar_first_exact
pg-diskann,250000,1,w2_0_1,925,1.136375,1.0,10,,scalar_first_exact
pg-diskann,250000,1,w2_0_1,289,1.119291,1.0,10,,scalar_first_exact
pg-diskann,250000,1,w2_0_1,504,1.143542,1.0,10,,scalar_first_exact
pg-diskann,250000,1,w2_0_1,725,0.910041,1.0,10,,scalar_first_exact
pg-diskann,250000,1,w2_0_1,161,0.953541,1.0,10,,scalar_first_exact
pg-diskann,250000,1,w2_0_1,113,1.069958,1.0,10,,scalar_first_exact
pg-diskann,250000,1,w2_0_1,752,0.972333,1.0,10,,scalar_first_exact
pg-diskann,250000,1,w2_0_1,481,0.840541,1.0,10,,scalar_first_exact
pg-diskann,250000,1,w2_0_1,781,1.143666,1.0,10,,scalar_first_exact
pg-diskann,250000,1,w2_0_1,707,1.13875,1.0,10,,scalar_first_exact
pg-diskann,250000,1,w2_0_1,803,0.970833,1.0,10,,scalar_first_exact
pg-diskann,250000,1,w2_0_1,838,1.083833,1.0,10,,scalar_first_exact
pg-diskann,250000,1,w2_0_1,279,1.065625,1.0,10,,scalar_first_exact
pg-diskann,250000,1,w2_0_1,131,1.223375,1.0,10,,scalar_first_exact
pg-diskann,250000,1,w2_0_1,728,0.824708,1.0,10,,scalar_first_exact
pg-diskann,250000,1,w2_0_1,526,0.886084,1.0,10,,scalar_first_exact
pg-diskann,250000,1,w2_0_1,698,1.113375,1.0,10,,scalar_first_exact
pg-diskann,250000,1,w2_0_1,143,0.972041,1.0,10,,scalar_first_exact
pg-diskann,250000,1,w2_0_1,510,1.263541,1.0,10,,scalar_first_exact
pg-diskann,250000,1,w2_0_1,291,3.633459,1.0,10,,scalar_first_exact
pg-diskann,250000,1,w2_0_1,939,1.136541,1.0,10,,scalar_first_exact
pg-diskann,250000,1,w2_0_1,294,1.035584,1.0,10,,scalar_first_exact
pg-diskann,250000,1,w2_0_1,971,0.809583,1.0,10,,scalar_first_exact
pg-diskann,250000,1,w2_0_1,950,0.928333,1.0,10,,scalar_first_exact
pg-diskann,250000,1,w2_0_1,151,1.002625,1.0,10,,scalar_first_exact
pg-diskann,250000,1,w2_0_1,292,1.0625,1.0,10,,scalar_first_exact
pg-diskann,250000,1,w2_0_1,478,1.24775,1.0,10,,scalar_first_exact
pg-diskann,250000,1,w2_0_1,779,1.049791,1.0,10,,scalar_first_exact
pg-diskann,250000,1,w2_0_1,975,1.013666,1.0,10,,scalar_first_exact
pg-diskann,250000,1,w2_0_1,564,0.886834,1.0,10,,scalar_first_exact
pg-diskann,250000,1,w2_0_1,485,0.884417,1.0,10,,scalar_first_exact
pg-diskann,250000,1,w2_0_1,204,0.869583,1.0,10,,scalar_first_exact
pg-diskann,250000,1,w2_0_1,273,0.994458,1.0,10,,scalar_first_exact
pg-diskann,250000,1,w2_0_1,144,0.94425,1.0,10,,scalar_first_exact
pg-diskann,250000,1,w2_0_1,370,1.078084,1.0,10,,scalar_first_exact
pg-diskann,250000,1,w2_0_1,208,0.83425,1.0,10,,scalar_first_exact
pg-diskann,250000,1,w2_0_1,577,1.084375,1.0,10,,scalar_first_exact
pg-diskann,250000,1,w2_0_1,124,0.863292,1.0,10,,scalar_first_exact
pg-diskann,250000,1,w2_0_1,207,0.907625,1.0,10,,scalar_first_exact
pg-diskann,250000,1,w2_0_1,164,0.956167,1.0,10,,scalar_first_exact
pg-diskann,250000,1,w2_0_1,570,0.789667,1.0,10,,scalar_first_exact
pg-diskann,250000,1,w2_0_1,499,0.931625,1.0,10,,scalar_first_exact
pg-diskann,250000,1,w2_0_1,187,2.428042,1.0,10,,scalar_first_exact
pg-diskann,250000,1,w2_0_1,227,0.8125,1.0,10,,scalar_first_exact
pg-diskann,250000,1,w2_0_1,843,1.105625,1.0,10,,scalar_first_exact
pg-diskann,250000,1,w2_0_1,622,0.806584,1.0,10,,scalar_first_exact
pg-diskann,250000,1,w2_0_1,694,0.782959,1.0,10,,scalar_first_exact
pg-diskann,250000,1,w2_0_1,836,0.862667,1.0,10,,scalar_first_exact
pg-diskann,250000,1,w2_0_1,414,0.864833,1.0,10,,scalar_first_exact
pg-diskann,250000,1,w2_0_1,749,0.828667,1.0,10,,scalar_first_exact
pg-diskann,250000,1,w2_0_1,884,2.839125,1.0,10,,scalar_first_exact
pg-diskann,250000,1,w2_0_1,742,1.267333,1.0,10,,scalar_first_exact
pg-diskann,250000,1,w2_0_1,539,1.102209,1.0,10,,scalar_first_exact
pg-diskann,250000,1,w2_0_1,560,0.928375,1.0,10,,scalar_first_exact
pg-diskann,250000,1,w2_0_1,989,0.761833,1.0,10,,scalar_first_exact
pg-diskann,250000,1,w2_0_1,852,0.840833,1.0,10,,scalar_first_exact
pg-diskann,250000,1,w2_0_1,474,3.486,1.0,10,,scalar_first_exact
pg-diskann,250000,1,w2_0_1,974,1.067875,1.0,10,,scalar_first_exact
pg-diskann,250000,1,w2_0_1,378,0.807708,1.0,10,,scalar_first_exact
pg-diskann,250000,1,w2_0_1,150,0.891208,1.0,10,,scalar_first_exact
pg-diskann,250000,1,w2_0_1,133,0.771125,1.0,10,,scalar_first_exact
pg-diskann,250000,1,w2_0_1,300,1.078958,1.0,10,,scalar_first_exact
pg-diskann,250000,1,w2_0_1,780,4.42425,1.0,10,,scalar_first_exact
pg-diskann,250000,1,w2_0_1,189,1.110083,1.0,10,,scalar_first_exact
pg-diskann,250000,1,w2_0_1,688,0.973458,1.0,10,,scalar_first_exact
pg-diskann,250000,1,w2_0_1,501,0.873542,1.0,10,,scalar_first_exact
pg-diskann,250000,1,w2_0_1,990,0.867042,1.0,10,,scalar_first_exact
pg-diskann,250000,1,w2_0_1,252,0.949667,1.0,10,,scalar_first_exact
pg-diskann,250000,1,w2_0_1,716,1.161291,1.0,10,,scalar_first_exact
pg-diskann,250000,1,w2_0_1,553,0.969,1.0,10,,scalar_first_exact
pg-diskann,250000,1,w2_0_1,691,0.893875,1.0,10,,scalar_first_exact
pg-diskann,250000,1,w2_0_1,311,0.985917,1.0,10,,scalar_first_exact
pg-diskann,250000,1,w2_0_1,586,0.988708,1.0,10,,scalar_first_exact
pg-diskann,250000,1,w2_0_1,592,0.991917,1.0,10,,scalar_first_exact
pg-diskann,250000,1,w2_0_1,197,0.829541,1.0,10,,scalar_first_exact
pg-diskann,250000,1,w2_0_1,491,1.237708,1.0,10,,scalar_first_exact
pg-diskann,250000,1,w2_0_1,353,0.928458,1.0,10,,scalar_first_exact
pg-diskann,250000,1,w2_0_1,794,0.787083,1.0,10,,scalar_first_exact
pg-diskann,250000,1,w2_0_1,309,0.903375,1.0,10,,scalar_first_exact
pg-diskann,250000,1,w2_0_1,109,0.931167,1.0,10,,scalar_first_exact
pg-diskann,250000,1,w2_0_1,269,0.919459,1.0,10,,scalar_first_exact
pg-diskann,250000,1,w2_0_1,756,1.103958,1.0,10,,scalar_first_exact
pg-diskann,250000,1,w2_0_1,160,0.898625,1.0,10,,scalar_first_exact
pg-diskann,250000,1,w2_0_1,457,1.065416,1.0,10,,scalar_first_exact
pg-diskann,250000,1,w2_0_1,621,0.942875,1.0,10,,scalar_first_exact
pg-diskann,250000,1,w2_0_1,620,1.30325,1.0,10,,scalar_first_exact
pg-diskann,250000,1,w2_0_1,864,0.896625,1.0,10,,scalar_first_exact
pg-diskann,250000,1,w2_0_1,578,1.063083,1.0,10,,scalar_first_exact
pg-diskann,250000,1,w2_0_1,861,0.9025,1.0,10,,scalar_first_exact
pg-diskann,250000,1,w2_0_1,395,1.187958,1.0,10,,scalar_first_exact
pg-diskann,250000,1,w2_0_1,812,1.093666,1.0,10,,scalar_first_exact
pg-diskann,250000,1,w2_0_1,492,1.065875,1.0,10,,scalar_first_exact
pg-diskann,250000,1,w2_0_1,417,1.059458,1.0,10,,scalar_first_exact
pg-diskann,250000,1,w2_0_1,573,1.1055,1.0,10,,scalar_first_exact
pg-diskann,250000,1,w2_0_1,142,0.886125,1.0,10,,scalar_first_exact
pg-diskann,250000,1,w2_0_1,219,1.136541,1.0,10,,scalar_first_exact
pg-diskann,250000,1,w2_0_1,991,1.147625,1.0,10,,scalar_first_exact
pg-diskann,250000,1,w2_0_1,396,1.016542,1.0,10,,scalar_first_exact
pg-diskann,250000,1,w2_0_1,342,1.013208,1.0,10,,scalar_first_exact
pg-diskann,250000,1,w2_0_1,791,1.033625,1.0,10,,scalar_first_exact
pg-diskann,250000,1,w2_0_1,230,1.247083,1.0,10,,scalar_first_exact
pg-diskann,250000,1,w2_0_1,533,1.058208,1.0,10,,scalar_first_exact
pg-diskann,250000,1,w2_0_1,542,1.152667,1.0,10,,scalar_first_exact
pg-diskann,250000,1,w2_0_1,889,1.325334,1.0,10,,scalar_first_exact
pg-diskann,250000,1,w2_0_1,369,1.179875,1.0,10,,scalar_first_exact
pg-diskann,250000,1,w2_0_1,324,0.972084,1.0,10,,scalar_first_exact
pg-diskann,250000,1,w2_0_1,618,1.192208,1.0,10,,scalar_first_exact
pg-diskann,250000,1,w2_0_1,893,1.150167,1.0,10,,scalar_first_exact
pg-diskann,250000,1,w2_0_1,129,1.2125,1.0,10,,scalar_first_exact
pg-diskann,250000,1,w2_0_1,459,0.981875,1.0,10,,scalar_first_exact
pg-diskann,250000,1,w2_0_1,789,1.026834,1.0,10,,scalar_first_exact
pg-diskann,250000,1,w2_0_1,833,0.976917,1.0,10,,scalar_first_exact
pg-diskann,250000,1,w2_0_1,244,1.363834,1.0,10,,scalar_first_exact
pg-diskann,250000,1,w2_0_1,343,1.084459,1.0,10,,scalar_first_exact
pg-diskann,250000,1,w2_0_1,466,1.152834,1.0,10,,scalar_first_exact
pg-diskann,250000,1,w2_0_1,487,1.127375,1.0,10,,scalar_first_exact
pg-diskann,250000,1,w2_0_1,569,1.045708,1.0,10,,scalar_first_exact
pg-diskann,250000,1,w2_0_1,134,0.976625,1.0,10,,scalar_first_exact
pg-diskann,250000,1,w2_0_1,762,1.086666,1.0,10,,scalar_first_exact
pg-diskann,250000,1,w2_0_1,769,1.187875,1.0,10,,scalar_first_exact
pg-diskann,250000,1,w2_0_1,198,0.990542,1.0,10,,scalar_first_exact
pg-diskann,250000,1,w2_0_1,632,1.030709,1.0,10,,scalar_first_exact
pg-diskann,250000,1,w2_0_1,637,1.144292,1.0,10,,scalar_first_exact
pg-diskann,250000,1,w2_0_1,458,1.293375,1.0,10,,scalar_first_exact
pg-diskann,250000,1,w2_0_1,930,1.151125,1.0,10,,scalar_first_exact
pg-diskann,250000,1,w2_0_1,534,1.12075,1.0,10,,scalar_first_exact
pg-diskann,250000,1,w2_0_1,598,1.095542,1.0,10,,scalar_first_exact
pg-diskann,250000,1,w2_0_1,859,1.102625,1.0,10,,scalar_first_exact
pg-diskann,250000,1,w2_0_1,167,1.260833,1.0,10,,scalar_first_exact
pg-diskann,250000,1,w2_0_1,936,1.31,1.0,10,,scalar_first_exact
pg-diskann,250000,1,w2_0_1,245,0.9775,1.0,10,,scalar_first_exact
pg-diskann,250000,1,w2_0_1,465,0.993917,1.0,10,,scalar_first_exact
pg-diskann,250000,1,w2_0_1,834,1.072459,1.0,10,,scalar_first_exact
pg-diskann,250000,1,w2_0_1,163,1.043167,1.0,10,,scalar_first_exact
pg-diskann,250000,1,w2_0_1,634,1.223791,1.0,10,,scalar_first_exact
pg-diskann,250000,1,w2_0_1,373,1.100833,1.0,10,,scalar_first_exact
pg-diskann,250000,1,w2_0_1,735,1.106083,1.0,10,,scalar_first_exact
pg-diskann,250000,1,w2_0_1,555,0.988875,1.0,10,,scalar_first_exact
pg-diskann,250000,1,w2_0_1,381,1.135041,1.0,10,,scalar_first_exact
pg-diskann,250000,1,w2_0_1,805,0.802541,1.0,10,,scalar_first_exact
pg-diskann,250000,1,w2_0_1,531,1.097375,1.0,10,,scalar_first_exact
pg-diskann,250000,1,w2_0_1,898,1.153541,1.0,10,,scalar_first_exact
pg-diskann,250000,1,w2_0_1,715,1.029,1.0,10,,scalar_first_exact
pg-diskann,250000,1,w2_0_1,174,0.959708,1.0,10,,scalar_first_exact
pg-diskann,250000,1,w3,676,18.235,1.0,10,,label_aware_diskann_w3
pg-diskann,250000,1,w3,535,24.522292,0.9,10,,label_aware_diskann_w3
pg-diskann,250000,1,w3,235,18.711375,1.0,10,,label_aware_diskann_w3
pg-diskann,250000,1,w3,570,20.470875,1.0,10,,label_aware_diskann_w3
pg-diskann,250000,1,w3,651,19.649834,1.0,10,,label_aware_diskann_w3
pg-diskann,250000,1,w3,898,18.9015,1.0,10,,label_aware_diskann_w3
pg-diskann,250000,1,w3,396,26.597042,1.0,10,,label_aware_diskann_w3
pg-diskann,250000,1,w3,992,25.071375,0.9,10,,label_aware_diskann_w3
pg-diskann,250000,1,w3,138,18.055459,1.0,10,,label_aware_diskann_w3
pg-diskann,250000,1,w3,909,17.367583,1.0,10,,label_aware_diskann_w3
pg-diskann,250000,1,w3,937,18.90725,1.0,10,,label_aware_diskann_w3
pg-diskann,250000,1,w3,352,16.476084,1.0,10,,label_aware_diskann_w3
pg-diskann,250000,1,w3,639,16.464166,1.0,10,,label_aware_diskann_w3
pg-diskann,250000,1,w3,634,21.282542,0.9,10,,label_aware_diskann_w3
pg-diskann,250000,1,w3,835,22.705375,1.0,10,,label_aware_diskann_w3
pg-diskann,250000,1,w3,919,23.267834,1.0,10,,label_aware_diskann_w3
pg-diskann,250000,1,w3,949,18.053917,0.9,10,,label_aware_diskann_w3
pg-diskann,250000,1,w3,419,22.306292,1.0,10,,label_aware_diskann_w3
pg-diskann,250000,1,w3,546,21.846042,1.0,10,,label_aware_diskann_w3
pg-diskann,250000,1,w3,760,20.31225,1.0,10,,label_aware_diskann_w3
pg-diskann,250000,1,w3,428,22.178083,1.0,10,,label_aware_diskann_w3
pg-diskann,250000,1,w3,786,23.001375,1.0,10,,label_aware_diskann_w3
pg-diskann,250000,1,w3,900,20.526292,1.0,10,,label_aware_diskann_w3
pg-diskann,250000,1,w3,531,16.475459,1.0,10,,label_aware_diskann_w3
pg-diskann,250000,1,w3,489,20.460917,1.0,10,,label_aware_diskann_w3
pg-diskann,250000,1,w3,121,20.113833,1.0,10,,label_aware_diskann_w3
pg-diskann,250000,1,w3,367,17.299416,0.9,10,,label_aware_diskann_w3
pg-diskann,250000,1,w3,827,19.967708,1.0,10,,label_aware_diskann_w3
pg-diskann,250000,1,w3,454,21.21175,1.0,10,,label_aware_diskann_w3
pg-diskann,250000,1,w3,340,21.791375,1.0,10,,label_aware_diskann_w3
pg-diskann,250000,1,w3,414,17.850958,1.0,10,,label_aware_diskann_w3
pg-diskann,250000,1,w3,794,20.421042,1.0,10,,label_aware_diskann_w3
pg-diskann,250000,1,w3,469,21.383666,0.9,10,,label_aware_diskann_w3
pg-diskann,250000,1,w3,645,20.806292,0.9,10,,label_aware_diskann_w3
pg-diskann,250000,1,w3,343,20.904917,1.0,10,,label_aware_diskann_w3
pg-diskann,250000,1,w3,797,19.130125,1.0,10,,label_aware_diskann_w3
pg-diskann,250000,1,w3,233,22.623625,1.0,10,,label_aware_diskann_w3
pg-diskann,250000,1,w3,545,18.65575,1.0,10,,label_aware_diskann_w3
pg-diskann,250000,1,w3,461,23.035625,1.0,10,,label_aware_diskann_w3
pg-diskann,250000,1,w3,270,19.286458,0.9,10,,label_aware_diskann_w3
pg-diskann,250000,1,w3,896,22.199333,0.9,10,,label_aware_diskann_w3
pg-diskann,250000,1,w3,406,16.653916,1.0,10,,label_aware_diskann_w3
pg-diskann,250000,1,w3,863,19.542334,1.0,10,,label_aware_diskann_w3
pg-diskann,250000,1,w3,692,15.400375,1.0,10,,label_aware_diskann_w3
pg-diskann,250000,1,w3,689,18.189542,1.0,10,,label_aware_diskann_w3
pg-diskann,250000,1,w3,717,18.732208,1.0,10,,label_aware_diskann_w3
pg-diskann,250000,1,w3,288,23.255041,1.0,10,,label_aware_diskann_w3
pg-diskann,250000,1,w3,865,20.090208,1.0,10,,label_aware_diskann_w3
pg-diskann,250000,1,w3,505,25.880792,1.0,10,,label_aware_diskann_w3
pg-diskann,250000,1,w3,478,25.324958,1.0,10,,label_aware_diskann_w3
pg-diskann,250000,1,w3,588,20.436167,1.0,10,,label_aware_diskann_w3
pg-diskann,250000,1,w3,658,20.139291,1.0,10,,label_aware_diskann_w3
pg-diskann,250000,1,w3,547,26.126959,1.0,10,,label_aware_diskann_w3
pg-diskann,250000,1,w3,662,20.173667,1.0,10,,label_aware_diskann_w3
pg-diskann,250000,1,w3,509,21.946833,1.0,10,,label_aware_diskann_w3
pg-diskann,250000,1,w3,490,17.260291,1.0,10,,label_aware_diskann_w3
pg-diskann,250000,1,w3,186,20.685292,1.0,10,,label_aware_diskann_w3
pg-diskann,250000,1,w3,263,23.063458,1.0,10,,label_aware_diskann_w3
pg-diskann,250000,1,w3,945,29.061625,0.9,10,,label_aware_diskann_w3
pg-diskann,250000,1,w3,954,24.558,1.0,10,,label_aware_diskann_w3
pg-diskann,250000,1,w3,955,18.584792,0.9,10,,label_aware_diskann_w3
pg-diskann,250000,1,w3,199,19.189666,1.0,10,,label_aware_diskann_w3
pg-diskann,250000,1,w3,758,26.364167,1.0,10,,label_aware_diskann_w3
pg-diskann,250000,1,w3,938,19.163209,0.9,10,,label_aware_diskann_w3
pg-diskann,250000,1,w3,979,26.107,0.7,10,,label_aware_diskann_w3
pg-diskann,250000,1,w3,193,18.539708,1.0,10,,label_aware_diskann_w3
pg-diskann,250000,1,w3,663,20.221791,1.0,10,,label_aware_diskann_w3
pg-diskann,250000,1,w3,240,27.772292,1.0,10,,label_aware_diskann_w3
pg-diskann,250000,1,w3,921,20.086958,1.0,10,,label_aware_diskann_w3
pg-diskann,250000,1,w3,631,22.406584,0.9,10,,label_aware_diskann_w3
pg-diskann,250000,1,w3,622,21.458375,1.0,10,,label_aware_diskann_w3
pg-diskann,250000,1,w3,678,21.242916,0.9,10,,label_aware_diskann_w3
pg-diskann,250000,1,w3,917,19.151125,1.0,10,,label_aware_diskann_w3
pg-diskann,250000,1,w3,300,22.255,0.9,10,,label_aware_diskann_w3
pg-diskann,250000,1,w3,802,17.070667,1.0,10,,label_aware_diskann_w3
pg-diskann,250000,1,w3,700,20.202,0.8,10,,label_aware_diskann_w3
pg-diskann,250000,1,w3,541,26.147541,0.9,10,,label_aware_diskann_w3
pg-diskann,250000,1,w3,576,26.793792,0.7,10,,label_aware_diskann_w3
pg-diskann,250000,1,w3,914,18.074167,1.0,10,,label_aware_diskann_w3
pg-diskann,250000,1,w3,132,24.117667,1.0,10,,label_aware_diskann_w3
pg-diskann,250000,1,w3,205,22.601875,1.0,10,,label_aware_diskann_w3
pg-diskann,250000,1,w3,333,14.889333,1.0,10,,label_aware_diskann_w3
pg-diskann,250000,1,w3,324,27.439417,0.6,10,,label_aware_diskann_w3
pg-diskann,250000,1,w3,762,24.469125,0.9,10,,label_aware_diskann_w3
pg-diskann,250000,1,w3,239,20.919166,1.0,10,,label_aware_diskann_w3
pg-diskann,250000,1,w3,616,16.840792,1.0,10,,label_aware_diskann_w3
pg-diskann,250000,1,w3,335,20.432416,1.0,10,,label_aware_diskann_w3
pg-diskann,250000,1,w3,982,18.112041,1.0,10,,label_aware_diskann_w3
pg-diskann,250000,1,w3,539,21.780041,1.0,10,,label_aware_diskann_w3
pg-diskann,250000,1,w3,913,19.801667,1.0,10,,label_aware_diskann_w3
pg-diskann,250000,1,w3,217,19.619833,1.0,10,,label_aware_diskann_w3
pg-diskann,250000,1,w3,768,22.6845,0.8,10,,label_aware_diskann_w3
pg-diskann,250000,1,w3,679,22.673041,1.0,10,,label_aware_diskann_w3
pg-diskann,250000,1,w3,232,19.427458,1.0,10,,label_aware_diskann_w3
pg-diskann,250000,1,w3,736,17.717458,1.0,10,,label_aware_diskann_w3
pg-diskann,250000,1,w3,471,19.338542,0.9,10,,label_aware_diskann_w3
pg-diskann,250000,1,w3,750,18.688958,1.0,10,,label_aware_diskann_w3
pg-diskann,250000,1,w3,362,16.524625,1.0,10,,label_aware_diskann_w3
pg-diskann,250000,1,w3,556,19.400333,1.0,10,,label_aware_diskann_w3
pg-diskann,250000,1,w3,855,19.179333,1.0,10,,label_aware_diskann_w3
pg-diskann,250000,1,w3,255,20.137583,1.0,10,,label_aware_diskann_w3
pg-diskann,250000,1,w3,620,20.601917,1.0,10,,label_aware_diskann_w3
pg-diskann,250000,1,w3,817,20.956959,1.0,10,,label_aware_diskann_w3
pg-diskann,250000,1,w3,780,22.3935,1.0,10,,label_aware_diskann_w3
pg-diskann,250000,1,w3,299,20.291917,1.0,10,,label_aware_diskann_w3
pg-diskann,250000,1,w3,466,18.300958,1.0,10,,label_aware_diskann_w3
pg-diskann,250000,1,w3,526,21.904833,0.9,10,,label_aware_diskann_w3
pg-diskann,250000,1,w3,664,20.025,0.9,10,,label_aware_diskann_w3
pg-diskann,250000,1,w3,453,21.886375,1.0,10,,label_aware_diskann_w3
pg-diskann,250000,1,w3,304,18.615084,1.0,10,,label_aware_diskann_w3
pg-diskann,250000,1,w3,820,24.266292,0.8,10,,label_aware_diskann_w3
pg-diskann,250000,1,w3,632,18.024084,1.0,10,,label_aware_diskann_w3
pg-diskann,250000,1,w3,409,19.116542,1.0,10,,label_aware_diskann_w3
pg-diskann,250000,1,w3,738,24.923916,0.5,10,,label_aware_diskann_w3
pg-diskann,250000,1,w3,966,25.074458,0.9,10,,label_aware_diskann_w3
pg-diskann,250000,1,w3,445,18.052042,1.0,10,,label_aware_diskann_w3
pg-diskann,250000,1,w3,561,18.868917,1.0,10,,label_aware_diskann_w3
pg-diskann,250000,1,w3,103,17.872459,1.0,10,,label_aware_diskann_w3
pg-diskann,250000,1,w3,842,17.606375,1.0,10,,label_aware_diskann_w3
pg-diskann,250000,1,w3,411,21.777334,0.9,10,,label_aware_diskann_w3
pg-diskann,250000,1,w3,211,24.967666,1.0,10,,label_aware_diskann_w3
pg-diskann,250000,1,w3,259,17.640042,1.0,10,,label_aware_diskann_w3
pg-diskann,250000,1,w3,642,16.646875,1.0,10,,label_aware_diskann_w3
pg-diskann,250000,1,w3,401,18.482334,1.0,10,,label_aware_diskann_w3
pg-diskann,250000,1,w3,167,20.972417,0.9,10,,label_aware_diskann_w3
pg-diskann,250000,1,w3,719,19.99925,1.0,10,,label_aware_diskann_w3
pg-diskann,250000,1,w3,470,24.640042,1.0,10,,label_aware_diskann_w3
pg-diskann,250000,1,w3,653,18.465167,0.9,10,,label_aware_diskann_w3
pg-diskann,250000,1,w3,682,21.247875,1.0,10,,label_aware_diskann_w3
pg-diskann,250000,1,w3,852,20.967125,1.0,10,,label_aware_diskann_w3
pg-diskann,250000,1,w3,930,24.595208,1.0,10,,label_aware_diskann_w3
pg-diskann,250000,1,w3,510,20.917292,0.7,10,,label_aware_diskann_w3
pg-diskann,250000,1,w3,277,16.35975,1.0,10,,label_aware_diskann_w3
pg-diskann,250000,1,w3,112,19.985208,1.0,10,,label_aware_diskann_w3
pg-diskann,250000,1,w3,260,18.67975,1.0,10,,label_aware_diskann_w3
pg-diskann,250000,1,w3,353,17.905708,1.0,10,,label_aware_diskann_w3
pg-diskann,250000,1,w3,252,21.739291,0.9,10,,label_aware_diskann_w3
pg-diskann,250000,1,w3,503,14.807125,1.0,10,,label_aware_diskann_w3
pg-diskann,250000,1,w3,209,25.313292,1.0,10,,label_aware_diskann_w3
pg-diskann,250000,1,w3,511,19.516583,1.0,10,,label_aware_diskann_w3
pg-diskann,250000,1,w3,564,24.090625,0.9,10,,label_aware_diskann_w3
pg-diskann,250000,1,w3,101,21.250041,0.9,10,,label_aware_diskann_w3
pg-diskann,250000,1,w3,500,27.436958,1.0,10,,label_aware_diskann_w3
pg-diskann,250000,1,w3,285,17.732917,1.0,10,,label_aware_diskann_w3
pg-diskann,250000,1,w3,775,22.936125,1.0,10,,label_aware_diskann_w3
pg-diskann,250000,1,w3,659,23.916833,0.9,10,,label_aware_diskann_w3
pg-diskann,250000,1,w3,819,18.077791,1.0,10,,label_aware_diskann_w3
pg-diskann,250000,1,w3,734,18.576292,1.0,10,,label_aware_diskann_w3
pg-diskann,250000,1,w3,779,20.807375,0.8,10,,label_aware_diskann_w3
pg-diskann,250000,1,w3,236,22.65675,0.9,10,,label_aware_diskann_w3
pg-diskann,250000,1,w3,674,22.417291,1.0,10,,label_aware_diskann_w3
pg-diskann,250000,1,w3,472,21.281708,1.0,10,,label_aware_diskann_w3
pg-diskann,250000,1,w3,824,16.269583,1.0,10,,label_aware_diskann_w3
pg-diskann,250000,1,w3,808,20.606041,1.0,10,,label_aware_diskann_w3
pg-diskann,250000,1,w3,814,20.588666,1.0,10,,label_aware_diskann_w3
pg-diskann,250000,1,w3,356,20.36925,1.0,10,,label_aware_diskann_w3
pg-diskann,250000,1,w3,136,18.14125,1.0,10,,label_aware_diskann_w3
pg-diskann,250000,1,w3,120,26.6405,0.8,10,,label_aware_diskann_w3
pg-diskann,250000,1,w3,191,23.13425,0.9,10,,label_aware_diskann_w3
pg-diskann,250000,1,w3,843,20.753375,1.0,10,,label_aware_diskann_w3
pg-diskann,250000,1,w3,309,21.149916,1.0,10,,label_aware_diskann_w3
pg-diskann,250000,1,w3,307,20.526,1.0,10,,label_aware_diskann_w3
pg-diskann,250000,1,w3,641,17.214417,1.0,10,,label_aware_diskann_w3
pg-diskann,250000,1,w3,421,21.582458,0.9,10,,label_aware_diskann_w3
pg-diskann,250000,1,w3,727,21.752792,1.0,10,,label_aware_diskann_w3
pg-diskann,250000,1,w3,683,18.198042,1.0,10,,label_aware_diskann_w3
pg-diskann,250000,1,w3,640,24.963792,0.9,10,,label_aware_diskann_w3
pg-diskann,250000,1,w3,969,22.259458,1.0,10,,label_aware_diskann_w3
pg-diskann,250000,1,w3,715,23.123375,1.0,10,,label_aware_diskann_w3
pg-diskann,250000,1,w3,765,22.484917,1.0,10,,label_aware_diskann_w3
pg-diskann,250000,1,w3,158,22.027458,1.0,10,,label_aware_diskann_w3
pg-diskann,250000,1,w3,442,20.122333,1.0,10,,label_aware_diskann_w3
pg-diskann,250000,1,w3,102,21.075583,1.0,10,,label_aware_diskann_w3
pg-diskann,250000,1,w3,380,23.017584,0.8,10,,label_aware_diskann_w3
pg-diskann,250000,1,w3,210,22.214875,0.8,10,,label_aware_diskann_w3
pg-diskann,250000,1,w3,155,17.786958,1.0,10,,label_aware_diskann_w3
pg-diskann,250000,1,w3,952,16.986084,1.0,10,,label_aware_diskann_w3
pg-diskann,250000,1,w3,672,17.650541,1.0,10,,label_aware_diskann_w3
pg-diskann,250000,1,w3,475,22.194584,0.9,10,,label_aware_diskann_w3
pg-diskann,250000,1,w3,107,20.198959,1.0,10,,label_aware_diskann_w3
pg-diskann,250000,1,w3,161,15.115166,1.0,10,,label_aware_diskann_w3
pg-diskann,250000,1,w3,597,18.483833,1.0,10,,label_aware_diskann_w3
pg-diskann,250000,1,w3,390,17.220958,1.0,10,,label_aware_diskann_w3
pg-diskann,250000,1,w3,908,16.348625,1.0,10,,label_aware_diskann_w3
pg-diskann,250000,1,w3,918,19.61,1.0,10,,label_aware_diskann_w3
pg-diskann,250000,1,w3,626,22.189417,1.0,10,,label_aware_diskann_w3
pg-diskann,250000,1,w3,967,23.772375,1.0,10,,label_aware_diskann_w3
pg-diskann,250000,1,w3,712,26.191167,0.8,10,,label_aware_diskann_w3
pg-diskann,250000,1,w3,604,14.951,1.0,10,,label_aware_diskann_w3
pg-diskann,250000,1,w3,404,18.711583,1.0,10,,label_aware_diskann_w3
pg-diskann,250000,1,w3,153,19.512375,1.0,10,,label_aware_diskann_w3
pg-diskann,250000,1,w3,943,19.784875,1.0,10,,label_aware_diskann_w3
pg-diskann,250000,1,w3,571,21.217333,1.0,10,,label_aware_diskann_w3
pg-diskann,250000,1,w3,397,23.934542,1.0,10,,label_aware_diskann_w3
pg-diskann,250000,1,w3,438,19.999083,1.0,10,,label_aware_diskann_w3
pg-diskann,250000,1,w3,172,25.18675,0.7,10,,label_aware_diskann_w3
pg-diskann,250000,1,w3,131,17.006666,1.0,10,,label_aware_diskann_w3
pg-diskann,250000,1,w3,139,18.078,1.0,10,,label_aware_diskann_w3
pg-diskann,250000,1,w3,425,18.398959,0.8,10,,label_aware_diskann_w3
pg-diskann,250000,1,w3,251,14.812875,1.0,10,,label_aware_diskann_w3
pg-diskann,250000,1,w3,371,21.787667,0.9,10,,label_aware_diskann_w3
pg-diskann,250000,1,w3,688,24.316458,1.0,10,,label_aware_diskann_w3
pg-diskann,250000,1,w3,543,26.265292,0.9,10,,label_aware_diskann_w3
pg-diskann,250000,1,w3,848,20.527083,1.0,10,,label_aware_diskann_w3
pg-diskann,250000,1,w3,322,17.460875,1.0,10,,label_aware_diskann_w3
pg-diskann,250000,1,w3,699,17.922167,1.0,10,,label_aware_diskann_w3
pg-diskann,250000,1,w3,492,21.649583,1.0,10,,label_aware_diskann_w3
pg-diskann,250000,1,w3,387,20.335709,1.0,10,,label_aware_diskann_w3
pg-diskann,250000,1,w3,825,25.262708,1.0,10,,label_aware_diskann_w3
pg-diskann,250000,1,w3,983,23.463041,1.0,10,,label_aware_diskann_w3
pg-diskann,250000,1,w3,669,22.865875,1.0,10,,label_aware_diskann_w3
pg-diskann,250000,1,w3,962,24.047167,1.0,10,,label_aware_diskann_w3
pg-diskann,250000,1,w3,578,17.114458,1.0,10,,label_aware_diskann_w3
pg-diskann,250000,1,w3,999,18.131459,1.0,10,,label_aware_diskann_w3
pg-diskann,250000,1,w3,878,21.4055,1.0,10,,label_aware_diskann_w3
pg-diskann,250000,1,w3,916,25.647917,1.0,10,,label_aware_diskann_w3
pg-diskann,250000,1,w3,150,22.204833,0.9,10,,label_aware_diskann_w3
pg-diskann,250000,1,w3,696,21.74325,1.0,10,,label_aware_diskann_w3
pg-diskann,250000,1,w3,716,14.012417,1.0,10,,label_aware_diskann_w3
pg-diskann,250000,1,w3,845,18.526291,1.0,10,,label_aware_diskann_w3
pg-diskann,250000,1,w3,146,15.002583,1.0,10,,label_aware_diskann_w3
pg-diskann,250000,1,w3,555,23.638375,0.8,10,,label_aware_diskann_w3
pg-diskann,250000,1,w3,369,18.256208,1.0,10,,label_aware_diskann_w3
pg-diskann,250000,1,w3,374,21.395375,1.0,10,,label_aware_diskann_w3
pg-diskann,250000,1,w3,168,18.28575,1.0,10,,label_aware_diskann_w3
pg-diskann,250000,1,w3,805,19.180875,1.0,10,,label_aware_diskann_w3
pg-diskann,250000,1,w3,455,17.224125,1.0,10,,label_aware_diskann_w3
pg-diskann,250000,1,w3,851,16.022542,1.0,10,,label_aware_diskann_w3
pg-diskann,250000,1,w3,792,15.195875,1.0,10,,label_aware_diskann_w3
pg-diskann,250000,1,w3,986,16.347833,1.0,10,,label_aware_diskann_w3
pg-diskann,250000,1,w3,355,19.197042,0.9,10,,label_aware_diskann_w3
pg-diskann,250000,1,w3,567,16.275708,1.0,10,,label_aware_diskann_w3
pg-diskann,250000,1,w3,289,19.478583,1.0,10,,label_aware_diskann_w3
pg-diskann,250000,1,w3,698,22.873416,0.9,10,,label_aware_diskann_w3
pg-diskann,250000,1,w3,225,18.14225,1.0,10,,label_aware_diskann_w3
pg-diskann,250000,1,w3,680,20.431125,1.0,10,,label_aware_diskann_w3
pg-diskann,250000,1,w3,144,20.219375,1.0,10,,label_aware_diskann_w3
pg-diskann,250000,1,w3,234,23.278584,1.0,10,,label_aware_diskann_w3
pg-diskann,250000,1,w3,906,14.53525,1.0,10,,label_aware_diskann_w3
pg-diskann,250000,1,w3,464,20.325125,0.9,10,,label_aware_diskann_w3
pg-diskann,250000,1,w3,840,18.412416,0.9,10,,label_aware_diskann_w3
pg-diskann,250000,1,w3,746,20.414625,1.0,10,,label_aware_diskann_w3
pg-diskann,250000,1,w3,296,23.924667,1.0,10,,label_aware_diskann_w3
pg-diskann,250000,1,w3,872,19.77625,1.0,10,,label_aware_diskann_w3
pg-diskann,250000,1,w3,947,19.857667,1.0,10,,label_aware_diskann_w3
pg-diskann,250000,1,w3,457,20.532584,1.0,10,,label_aware_diskann_w3
pg-diskann,250000,1,w3,365,65.362292,1.0,10,,label_aware_diskann_w3
pg-diskann,250000,1,w3,882,22.738458,1.0,10,,label_aware_diskann_w3
pg-diskann,250000,1,w3,432,22.093333,1.0,10,,label_aware_diskann_w3
pg-diskann,250000,1,w3,295,22.582542,1.0,10,,label_aware_diskann_w3
pg-diskann,250000,1,w3,612,22.814041,1.0,10,,label_aware_diskann_w3
pg-diskann,250000,1,w3,281,20.251541,1.0,10,,label_aware_diskann_w3
pg-diskann,250000,1,w3,384,20.860667,0.9,10,,label_aware_diskann_w3
pg-diskann,250000,1,w3,887,20.648583,1.0,10,,label_aware_diskann_w3
pg-diskann,250000,1,w3,643,23.576541,1.0,10,,label_aware_diskann_w3
pg-diskann,250000,1,w3,668,17.969667,1.0,10,,label_aware_diskann_w3
pg-diskann,250000,1,w3,426,21.423,1.0,10,,label_aware_diskann_w3
pg-diskann,250000,1,w3,156,19.968208,1.0,10,,label_aware_diskann_w3
pg-diskann,250000,1,w3,200,20.955375,1.0,10,,label_aware_diskann_w3
pg-diskann,250000,1,w3,767,24.0855,1.0,10,,label_aware_diskann_w3
pg-diskann,250000,1,w3,400,22.57175,0.9,10,,label_aware_diskann_w3
pg-diskann,250000,1,w3,886,17.386292,1.0,10,,label_aware_diskann_w3
pg-diskann,250000,1,w3,731,27.384333,1.0,10,,label_aware_diskann_w3
pg-diskann,250000,1,w3,311,21.484625,0.9,10,,label_aware_diskann_w3
pg-diskann,250000,1,w3,410,24.855208,1.0,10,,label_aware_diskann_w3
pg-diskann,250000,1,w3,713,20.241667,1.0,10,,label_aware_diskann_w3
pg-diskann,250000,1,w3,318,20.734958,1.0,10,,label_aware_diskann_w3
pg-diskann,250000,1,w3,551,20.82,1.0,10,,label_aware_diskann_w3
pg-diskann,250000,1,w3,875,23.436958,0.9,10,,label_aware_diskann_w3
pg-diskann,250000,1,w3,729,22.316625,1.0,10,,label_aware_diskann_w3
pg-diskann,250000,1,w3,815,21.864583,0.8,10,,label_aware_diskann_w3
pg-diskann,250000,1,w3,743,23.328875,0.9,10,,label_aware_diskann_w3
pg-diskann,250000,1,w3,325,22.398542,0.9,10,,label_aware_diskann_w3
pg-diskann,250000,1,w3,174,19.763542,1.0,10,,label_aware_diskann_w3
pg-diskann,250000,1,w3,130,17.657833,1.0,10,,label_aware_diskann_w3
pg-diskann,250000,1,w3,412,18.723666,1.0,10,,label_aware_diskann_w3
pg-diskann,250000,1,w3,656,21.198875,0.8,10,,label_aware_diskann_w3
pg-diskann,250000,1,w3,968,18.706125,1.0,10,,label_aware_diskann_w3
pg-diskann,250000,1,w3,230,18.669458,1.0,10,,label_aware_diskann_w3
pg-diskann,250000,1,w3,118,19.823458,1.0,10,,label_aware_diskann_w3
pg-diskann,250000,1,w3,931,22.490792,1.0,10,,label_aware_diskann_w3
pg-diskann,250000,1,w3,198,21.576792,1.0,10,,label_aware_diskann_w3
pg-diskann,250000,1,w3,706,18.75025,1.0,10,,label_aware_diskann_w3
pg-diskann,250000,1,w3,357,16.993708,1.0,10,,label_aware_diskann_w3
pg-diskann,250000,1,w3,520,19.682209,1.0,10,,label_aware_diskann_w3
pg-diskann,250000,1,w3,430,20.474833,1.0,10,,label_aware_diskann_w3
pg-diskann,250000,1,w3,718,18.772125,1.0,10,,label_aware_diskann_w3
pg-diskann,250000,1,w3,517,23.562666,1.0,10,,label_aware_diskann_w3
pg-diskann,250000,1,w3,973,17.531792,1.0,10,,label_aware_diskann_w3
pg-diskann,250000,1,w3,901,23.787375,0.8,10,,label_aware_diskann_w3
pg-diskann,250000,1,w3,115,21.99925,1.0,10,,label_aware_diskann_w3
pg-diskann,250000,1,w3,364,25.358667,1.0,10,,label_aware_diskann_w3
pg-diskann,250000,1,w3,537,20.924458,0.7,10,,label_aware_diskann_w3
pg-diskann,250000,1,w3,895,21.8245,1.0,10,,label_aware_diskann_w3
pg-diskann,250000,1,w3,550,21.995875,1.0,10,,label_aware_diskann_w3
pg-diskann,250000,1,w3,963,19.452542,1.0,10,,label_aware_diskann_w3
pg-diskann,250000,1,w3,123,25.0455,1.0,10,,label_aware_diskann_w3
pg-diskann,250000,1,w3,327,22.490375,1.0,10,,label_aware_diskann_w3
pg-diskann,250000,1,w3,257,26.131375,1.0,10,,label_aware_diskann_w3
pg-diskann,250000,1,w3,504,17.051542,0.9,10,,label_aware_diskann_w3
pg-diskann,250000,1,w3,559,24.856041,1.0,10,,label_aware_diskann_w3
pg-diskann,250000,1,w3,657,21.733875,1.0,10,,label_aware_diskann_w3
pg-diskann,250000,1,w3,856,26.8485,1.0,10,,label_aware_diskann_w3
pg-diskann,250000,1,w3,129,22.5755,0.9,10,,label_aware_diskann_w3
pg-diskann,250000,1,w3,493,19.379875,1.0,10,,label_aware_diskann_w3
pg-diskann,250000,1,w3,391,18.550416,1.0,10,,label_aware_diskann_w3
pg-diskann,250000,1,w3,618,17.787125,1.0,10,,label_aware_diskann_w3
pg-diskann,250000,1,w3,995,20.618291,1.0,10,,label_aware_diskann_w3
pg-diskann,250000,1,w3,194,25.699333,1.0,10,,label_aware_diskann_w3
pg-diskann,250000,1,w3,723,21.481708,0.9,10,,label_aware_diskann_w3
pg-diskann,250000,1,w3,769,19.42675,1.0,10,,label_aware_diskann_w3
pg-diskann,250000,1,w3,927,20.535875,0.8,10,,label_aware_diskann_w3
pg-diskann,250000,1,w3,957,17.252959,0.9,10,,label_aware_diskann_w3
pg-diskann,250000,1,w3,961,20.641792,1.0,10,,label_aware_diskann_w3
pg-diskann,250000,1,w3,606,17.9315,1.0,10,,label_aware_diskann_w3
pg-diskann,250000,1,w3,280,21.960916,1.0,10,,label_aware_diskann_w3
pg-diskann,250000,1,w3,960,19.580209,1.0,10,,label_aware_diskann_w3
pg-diskann,250000,1,w3,748,21.77775,0.9,10,,label_aware_diskann_w3
pg-diskann,250000,1,w3,347,18.597958,1.0,10,,label_aware_diskann_w3
pg-diskann,250000,1,w3,711,17.536792,1.0,10,,label_aware_diskann_w3
pg-diskann,250000,1,w3,615,17.184916,1.0,10,,label_aware_diskann_w3
pg-diskann,250000,1,w3,487,22.117291,0.9,10,,label_aware_diskann_w3
pg-diskann,250000,1,w3,368,20.158792,1.0,10,,label_aware_diskann_w3
pg-diskann,250000,1,w3,439,23.094917,1.0,10,,label_aware_diskann_w3
pg-diskann,250000,1,w3,625,18.742791,1.0,10,,label_aware_diskann_w3
pg-diskann,250000,1,w3,256,22.0725,1.0,10,,label_aware_diskann_w3
pg-diskann,250000,1,w3,219,19.085916,1.0,10,,label_aware_diskann_w3
pg-diskann,250000,1,w3,922,23.112167,1.0,10,,label_aware_diskann_w3
pg-diskann,250000,1,w3,757,19.018792,1.0,10,,label_aware_diskann_w3
pg-diskann,250000,1,w3,163,17.248917,1.0,10,,label_aware_diskann_w3
pg-diskann,250000,1,w3,601,19.672125,1.0,10,,label_aware_diskann_w3
pg-diskann,250000,1,w3,444,25.856667,1.0,10,,label_aware_diskann_w3
pg-diskann,250000,1,w3,392,25.668833,0.8,10,,label_aware_diskann_w3
pg-diskann,250000,1,w3,816,25.090209,0.9,10,,label_aware_diskann_w3
pg-diskann,250000,1,w3,297,25.569792,1.0,10,,label_aware_diskann_w3
pg-diskann,250000,1,w3,197,20.723625,1.0,10,,label_aware_diskann_w3
pg-diskann,250000,1,w3,744,22.481833,1.0,10,,label_aware_diskann_w3
pg-diskann,250000,1,w3,745,22.204208,0.9,10,,label_aware_diskann_w3
pg-diskann,250000,1,w3,486,21.339708,0.9,10,,label_aware_diskann_w3
pg-diskann,250000,1,w3,137,19.629459,1.0,10,,label_aware_diskann_w3
pg-diskann,250000,1,w3,313,22.829375,1.0,10,,label_aware_diskann_w3
pg-diskann,250000,1,w3,479,18.653083,1.0,10,,label_aware_diskann_w3
pg-diskann,250000,1,w3,603,18.4715,1.0,10,,label_aware_diskann_w3
pg-diskann,250000,1,w3,610,24.270583,1.0,10,,label_aware_diskann_w3
pg-diskann,250000,1,w3,386,21.4205,0.8,10,,label_aware_diskann_w3
pg-diskann,250000,1,w3,709,20.115666,1.0,10,,label_aware_diskann_w3
pg-diskann,250000,1,w3,331,20.585292,1.0,10,,label_aware_diskann_w3
pg-diskann,250000,1,w3,125,25.557542,0.8,10,,label_aware_diskann_w3
pg-diskann,250000,1,w3,671,21.724333,1.0,10,,label_aware_diskann_w3
pg-diskann,250000,1,w3,673,20.032958,1.0,10,,label_aware_diskann_w3
pg-diskann,250000,1,w3,113,18.388083,1.0,10,,label_aware_diskann_w3
pg-diskann,250000,1,w3,222,19.991375,1.0,10,,label_aware_diskann_w3
pg-diskann,250000,1,w3,877,18.415625,1.0,10,,label_aware_diskann_w3
pg-diskann,250000,1,w3,544,20.732917,1.0,10,,label_aware_diskann_w3
pg-diskann,250000,1,w3,637,22.194,1.0,10,,label_aware_diskann_w3
pg-diskann,250000,1,w3,650,21.255209,1.0,10,,label_aware_diskann_w3
pg-diskann,250000,1,w3,415,19.11925,1.0,10,,label_aware_diskann_w3
pg-diskann,250000,1,w3,348,21.928667,1.0,10,,label_aware_diskann_w3
pg-diskann,250000,1,w3,939,19.829334,1.0,10,,label_aware_diskann_w3
pg-diskann,250000,1,w3,572,26.150291,1.0,10,,label_aware_diskann_w3
pg-diskann,250000,1,w3,697,17.016,1.0,10,,label_aware_diskann_w3
pg-diskann,250000,1,w3,600,21.168125,1.0,10,,label_aware_diskann_w3
pg-diskann,250000,1,w3,298,21.555292,0.9,10,,label_aware_diskann_w3
pg-diskann,250000,1,w3,218,26.757833,1.0,10,,label_aware_diskann_w3
pg-diskann,250000,1,w3,104,18.697,0.9,10,,label_aware_diskann_w3
pg-diskann,250000,1,w3,203,18.601083,1.0,10,,label_aware_diskann_w3
pg-diskann,250000,1,w3,766,17.537125,1.0,10,,label_aware_diskann_w3
pg-diskann,250000,1,w3,596,19.909708,0.9,10,,label_aware_diskann_w3
pg-diskann,250000,1,w3,143,21.640834,1.0,10,,label_aware_diskann_w3
pg-diskann,250000,1,w3,630,14.215292,1.0,10,,label_aware_diskann_w3
pg-diskann,250000,1,w3,892,17.133792,1.0,10,,label_aware_diskann_w3
pg-diskann,250000,1,w3,532,20.276666,0.7,10,,label_aware_diskann_w3
pg-diskann,250000,1,w3,874,23.11825,0.5,10,,label_aware_diskann_w3
pg-diskann,250000,1,w3,859,19.851416,1.0,10,,label_aware_diskann_w3
pg-diskann,250000,1,w3,301,16.84475,1.0,10,,label_aware_diskann_w3
pg-diskann,250000,1,w3,573,18.840708,1.0,10,,label_aware_diskann_w3
pg-diskann,250000,1,w3,448,23.277542,1.0,10,,label_aware_diskann_w3
pg-diskann,250000,1,w3,491,18.730458,1.0,10,,label_aware_diskann_w3
pg-diskann,250000,1,w3,149,20.2145,0.9,10,,label_aware_diskann_w3
pg-diskann,250000,1,w3,105,19.475,1.0,10,,label_aware_diskann_w3
pg-diskann,250000,1,w3,714,18.68975,1.0,10,,label_aware_diskann_w3
pg-diskann,250000,1,w3,903,19.994792,0.9,10,,label_aware_diskann_w3
pg-diskann,250000,1,w3,873,22.597542,1.0,10,,label_aware_diskann_w3
pg-diskann,250000,1,w3,268,20.215917,1.0,10,,label_aware_diskann_w3
pg-diskann,250000,1,w3,730,24.874542,1.0,10,,label_aware_diskann_w3
pg-diskann,250000,1,w3,694,24.868041,1.0,10,,label_aware_diskann_w3
pg-diskann,250000,1,w3,250,18.533375,1.0,10,,label_aware_diskann_w3
pg-diskann,250000,1,w3,456,19.399584,0.9,10,,label_aware_diskann_w3
pg-diskann,250000,1,w3,703,20.526583,0.9,10,,label_aware_diskann_w3
pg-diskann,250000,1,w3,613,19.383792,1.0,10,,label_aware_diskann_w3
pg-diskann,250000,1,w3,180,23.820667,1.0,10,,label_aware_diskann_w3
pg-diskann,250000,1,w3,212,19.669125,1.0,10,,label_aware_diskann_w3
pg-diskann,250000,1,w3,142,19.036291,1.0,10,,label_aware_diskann_w3
pg-diskann,250000,1,w3,358,27.270708,1.0,10,,label_aware_diskann_w3
pg-diskann,250000,1,w3,514,21.34525,1.0,10,,label_aware_diskann_w3
pg-diskann,250000,1,w3,160,20.282167,1.0,10,,label_aware_diskann_w3
pg-diskann,250000,1,w3,850,24.720875,0.9,10,,label_aware_diskann_w3
pg-diskann,250000,1,w3,923,17.483667,1.0,10,,label_aware_diskann_w3
pg-diskann,250000,1,w3,959,24.050166,0.9,10,,label_aware_diskann_w3
pg-diskann,250000,1,w3,989,17.750666,1.0,10,,label_aware_diskann_w3
pg-diskann,250000,1,w3,929,18.274875,1.0,10,,label_aware_diskann_w3
pg-diskann,250000,1,w3,170,21.282042,1.0,10,,label_aware_diskann_w3
pg-diskann,250000,1,w3,644,18.615125,1.0,10,,label_aware_diskann_w3
pg-diskann,250000,1,w3,332,22.523334,1.0,10,,label_aware_diskann_w3
pg-diskann,250000,1,w3,165,20.02675,1.0,10,,label_aware_diskann_w3
pg-diskann,250000,1,w3,528,19.220833,1.0,10,,label_aware_diskann_w3
pg-diskann,250000,1,w3,636,20.3175,0.9,10,,label_aware_diskann_w3
pg-diskann,250000,1,w3,890,18.108333,1.0,10,,label_aware_diskann_w3
pg-diskann,250000,1,w3,223,23.227708,1.0,10,,label_aware_diskann_w3
pg-diskann,250000,1,w3,345,24.103,1.0,10,,label_aware_diskann_w3
pg-diskann,250000,1,w3,147,20.532708,1.0,10,,label_aware_diskann_w3
pg-diskann,250000,1,w3,598,22.61175,0.9,10,,label_aware_diskann_w3
pg-diskann,250000,1,w3,806,19.756,1.0,10,,label_aware_diskann_w3
pg-diskann,250000,1,w3,100,20.144458,1.0,10,,label_aware_diskann_w3
pg-diskann,250000,1,w3,140,21.391125,1.0,10,,label_aware_diskann_w3
pg-diskann,250000,1,w3,638,20.939375,1.0,10,,label_aware_diskann_w3
pg-diskann,250000,1,w3,501,19.392833,1.0,10,,label_aware_diskann_w3
pg-diskann,250000,1,w3,557,21.732583,1.0,10,,label_aware_diskann_w3
pg-diskann,250000,1,w3,907,19.150041,1.0,10,,label_aware_diskann_w3
pg-diskann,250000,1,w3,241,22.823042,1.0,10,,label_aware_diskann_w3
pg-diskann,250000,1,w3,753,20.40125,1.0,10,,label_aware_diskann_w3
pg-diskann,250000,1,w3,830,21.407708,1.0,10,,label_aware_diskann_w3
pg-diskann,250000,1,w3,784,19.716958,1.0,10,,label_aware_diskann_w3
pg-diskann,250000,1,w3,258,17.579209,1.0,10,,label_aware_diskann_w3
pg-diskann,250000,1,w3,778,17.682667,1.0,10,,label_aware_diskann_w3
pg-diskann,250000,1,w3,614,22.263375,1.0,10,,label_aware_diskann_w3
pg-diskann,250000,1,w3,879,17.588875,1.0,10,,label_aware_diskann_w3
pg-diskann,250000,1,w3,675,21.198834,1.0,10,,label_aware_diskann_w3
pg-diskann,250000,1,w3,376,19.790375,1.0,10,,label_aware_diskann_w3
pg-diskann,250000,1,w3,722,19.539208,1.0,10,,label_aware_diskann_w3
pg-diskann,250000,1,w3,416,18.688167,1.0,10,,label_aware_diskann_w3
pg-diskann,250000,1,w3,226,20.817416,1.0,10,,label_aware_diskann_w3
pg-diskann,250000,1,w3,339,20.812917,0.9,10,,label_aware_diskann_w3
pg-diskann,250000,1,w3,695,21.558125,1.0,10,,label_aware_diskann_w3
pg-diskann,250000,1,w3,482,22.891291,0.9,10,,label_aware_diskann_w3
pg-diskann,250000,1,w3,441,27.092083,0.8,10,,label_aware_diskann_w3
pg-diskann,250000,1,w3,169,22.253917,1.0,10,,label_aware_diskann_w3
pg-diskann,250000,1,w3,803,25.061292,1.0,10,,label_aware_diskann_w3
pg-diskann,250000,1,w3,354,23.008666,1.0,10,,label_aware_diskann_w3
pg-diskann,250000,1,w3,733,21.377958,0.9,10,,label_aware_diskann_w3
pg-diskann,250000,1,w3,893,22.835334,0.8,10,,label_aware_diskann_w3
pg-diskann,250000,1,w3,752,23.129958,0.8,10,,label_aware_diskann_w3
pg-diskann,250000,1,w3,525,20.802375,1.0,10,,label_aware_diskann_w3
pg-diskann,250000,1,w3,522,17.113125,1.0,10,,label_aware_diskann_w3
pg-diskann,250000,1,w3,148,22.08125,0.9,10,,label_aware_diskann_w3
pg-diskann,250000,1,w3,599,27.377167,0.9,10,,label_aware_diskann_w3
pg-diskann,250000,1,w3,996,17.579125,1.0,10,,label_aware_diskann_w3
pg-diskann,250000,1,w3,869,24.92075,1.0,10,,label_aware_diskann_w3
pg-diskann,250000,1,w3,151,22.88825,1.0,10,,label_aware_diskann_w3
pg-diskann,250000,1,w3,290,22.242083,1.0,10,,label_aware_diskann_w3
pg-diskann,250000,1,w3,785,23.34525,0.9,10,,label_aware_diskann_w3
pg-diskann,250000,1,w3,207,21.304083,1.0,10,,label_aware_diskann_w3
pg-diskann,250000,1,w3,589,22.80375,1.0,10,,label_aware_diskann_w3
pg-diskann,250000,1,w3,704,25.369167,0.8,10,,label_aware_diskann_w3
pg-diskann,250000,1,w3,228,16.645792,1.0,10,,label_aware_diskann_w3
pg-diskann,250000,1,w3,164,19.831292,1.0,10,,label_aware_diskann_w3
pg-diskann,250000,1,w3,884,21.329792,1.0,10,,label_aware_diskann_w3
pg-diskann,250000,1,w3,534,21.8705,1.0,10,,label_aware_diskann_w3
pg-diskann,250000,1,w3,708,21.3745,1.0,10,,label_aware_diskann_w3
pg-diskann,250000,1,w3,800,23.472541,0.9,10,,label_aware_diskann_w3
pg-diskann,250000,1,w3,176,18.600708,1.0,10,,label_aware_diskann_w3
pg-diskann,250000,1,w3,910,20.611792,0.9,10,,label_aware_diskann_w3
pg-diskann,250000,1,w3,399,17.390958,1.0,10,,label_aware_diskann_w3
pg-diskann,250000,1,w3,154,19.985834,1.0,10,,label_aware_diskann_w3
pg-diskann,250000,1,w3,998,16.830916,1.0,10,,label_aware_diskann_w3
pg-diskann,250000,1,w3,763,21.022833,0.9,10,,label_aware_diskann_w3
pg-diskann,250000,1,w3,793,20.20525,0.9,10,,label_aware_diskann_w3
pg-diskann,250000,1,w3,127,19.449916,0.9,10,,label_aware_diskann_w3
pg-diskann,250000,1,w3,214,21.068166,1.0,10,,label_aware_diskann_w3
pg-diskann,250000,1,w3,707,17.735292,1.0,10,,label_aware_diskann_w3
pg-diskann,250000,1,w3,602,20.895834,1.0,10,,label_aware_diskann_w3
pg-diskann,250000,1,w3,956,20.283792,0.9,10,,label_aware_diskann_w3
pg-diskann,250000,1,w3,920,21.314542,1.0,10,,label_aware_diskann_w3
pg-diskann,250000,1,w3,477,18.317041,1.0,10,,label_aware_diskann_w3
pg-diskann,250000,1,w3,897,20.636167,1.0,10,,label_aware_diskann_w3
pg-diskann,250000,1,w3,790,19.574958,0.8,10,,label_aware_diskann_w3
pg-diskann,250000,1,w3,912,19.816792,0.9,10,,label_aware_diskann_w3
pg-diskann,250000,1,w3,249,20.693542,1.0,10,,label_aware_diskann_w3
pg-diskann,250000,1,w3,761,15.37175,1.0,10,,label_aware_diskann_w3
pg-diskann,250000,1,w3,242,23.129333,1.0,10,,label_aware_diskann_w3
pg-diskann,250000,1,w3,370,23.960291,0.9,10,,label_aware_diskann_w3
pg-diskann,250000,1,w3,460,26.281084,1.0,10,,label_aware_diskann_w3
pg-diskann,250000,1,w3,381,20.988125,1.0,10,,label_aware_diskann_w3
pg-diskann,250000,1,w3,795,19.859167,1.0,10,,label_aware_diskann_w3
pg-diskann,250000,1,w3,838,22.376625,1.0,10,,label_aware_diskann_w3
pg-diskann,250000,1,w3,175,20.016208,1.0,10,,label_aware_diskann_w3
pg-diskann,250000,1,w3,823,22.2025,1.0,10,,label_aware_diskann_w3
pg-diskann,250000,1,w3,853,26.711209,0.7,10,,label_aware_diskann_w3
pg-diskann,250000,1,w3,443,19.9845,1.0,10,,label_aware_diskann_w3
pg-diskann,250000,1,w3,726,28.578875,0.9,10,,label_aware_diskann_w3
pg-diskann,250000,1,w3,424,22.97975,1.0,10,,label_aware_diskann_w3
pg-diskann,250000,1,w3,269,19.11275,1.0,10,,label_aware_diskann_w3
pg-diskann,250000,1,w3,553,21.646459,1.0,10,,label_aware_diskann_w3
pg-diskann,250000,1,w3,791,23.384167,1.0,10,,label_aware_diskann_w3
pg-diskann,250000,1,w3,867,22.578708,1.0,10,,label_aware_diskann_w3
pg-diskann,250000,1,w3,624,22.028375,1.0,10,,label_aware_diskann_w3
pg-diskann,250000,1,w3,166,19.110917,1.0,10,,label_aware_diskann_w3
pg-diskann,250000,1,w3,187,22.506834,1.0,10,,label_aware_diskann_w3
pg-diskann,250000,1,w3,124,18.467167,1.0,10,,label_aware_diskann_w3
pg-diskann,250000,1,w3,429,21.597959,1.0,10,,label_aware_diskann_w3
pg-diskann,250000,1,w3,388,23.046041,1.0,10,,label_aware_diskann_w3
pg-diskann,250000,1,w3,771,23.316084,1.0,10,,label_aware_diskann_w3
pg-diskann,250000,1,w3,433,21.101958,1.0,10,,label_aware_diskann_w3
pg-diskann,250000,1,w3,408,18.767458,1.0,10,,label_aware_diskann_w3
pg-diskann,250000,1,w3,764,21.050375,1.0,10,,label_aware_diskann_w3
pg-diskann,250000,1,w3,135,22.836541,0.9,10,,label_aware_diskann_w3
pg-diskann,250000,1,w3,759,19.4015,1.0,10,,label_aware_diskann_w3
pg-diskann,250000,1,w3,623,22.175708,1.0,10,,label_aware_diskann_w3
pg-diskann,250000,1,w3,246,23.474583,0.7,10,,label_aware_diskann_w3
pg-diskann,250000,1,w3,756,18.913125,1.0,10,,label_aware_diskann_w3
pg-diskann,250000,1,w3,372,17.918375,1.0,10,,label_aware_diskann_w3
pg-diskann,250000,1,w3,690,19.509458,1.0,10,,label_aware_diskann_w3
pg-diskann,250000,1,w3,740,19.501167,1.0,10,,label_aware_diskann_w3
pg-diskann,250000,1,w3,519,17.243459,1.0,10,,label_aware_diskann_w3
pg-diskann,250000,1,w3,846,17.49825,1.0,10,,label_aware_diskann_w3
pg-diskann,250000,1,w3,652,16.416292,1.0,10,,label_aware_diskann_w3
pg-diskann,250000,1,w3,536,23.354791,1.0,10,,label_aware_diskann_w3
pg-diskann,250000,1,w3,141,18.046334,1.0,10,,label_aware_diskann_w3
pg-diskann,250000,1,w3,306,22.21575,0.7,10,,label_aware_diskann_w3
pg-diskann,250000,1,w3,977,22.494542,1.0,10,,label_aware_diskann_w3
pg-diskann,250000,1,w3,159,21.252875,0.9,10,,label_aware_diskann_w3
pg-diskann,250000,1,w3,934,18.262666,1.0,10,,label_aware_diskann_w3
pg-diskann,250000,1,w3,117,16.043083,1.0,10,,label_aware_diskann_w3
pg-diskann,250000,1,w3,876,23.309375,1.0,10,,label_aware_diskann_w3
pg-diskann,250000,1,w3,188,21.373791,1.0,10,,label_aware_diskann_w3
pg-diskann,250000,1,w3,635,21.295916,1.0,10,,label_aware_diskann_w3
pg-diskann,250000,1,w3,899,21.979625,1.0,10,,label_aware_diskann_w3
pg-diskann,250000,1,w3,383,20.808792,1.0,10,,label_aware_diskann_w3
pg-diskann,250000,1,w3,883,19.325458,0.9,10,,label_aware_diskann_w3
pg-diskann,250000,1,w3,330,21.784083,1.0,10,,label_aware_diskann_w3
pg-diskann,250000,1,w3,985,21.395083,1.0,10,,label_aware_diskann_w3
pg-diskann,250000,1,w3,284,24.086,1.0,10,,label_aware_diskann_w3
pg-diskann,250000,1,w3,402,18.335083,1.0,10,,label_aware_diskann_w3
pg-diskann,250000,1,w3,592,21.580125,1.0,10,,label_aware_diskann_w3
pg-diskann,250000,1,w3,502,19.973208,1.0,10,,label_aware_diskann_w3
pg-diskann,250000,1,w3,810,18.753667,0.9,10,,label_aware_diskann_w3
pg-diskann,250000,1,w3,936,18.435458,1.0,10,,label_aware_diskann_w3
pg-diskann,250000,1,w3,958,19.83475,0.9,10,,label_aware_diskann_w3
pg-diskann,250000,1,w3,607,15.151542,1.0,10,,label_aware_diskann_w3
pg-diskann,250000,1,w3,145,20.831666,1.0,10,,label_aware_diskann_w3
pg-diskann,250000,1,w3,583,17.673125,1.0,10,,label_aware_diskann_w3
pg-diskann,250000,1,w3,582,21.255459,0.9,10,,label_aware_diskann_w3
pg-diskann,250000,1,w3,321,18.7215,1.0,10,,label_aware_diskann_w3
pg-diskann,250000,1,w3,515,17.263625,1.0,10,,label_aware_diskann_w3
pg-diskann,250000,1,w3,647,17.815708,1.0,10,,label_aware_diskann_w3
pg-diskann,250000,1,w3,413,21.401875,1.0,10,,label_aware_diskann_w3
pg-diskann,250000,1,w3,498,23.627708,1.0,10,,label_aware_diskann_w3
pg-diskann,250000,1,w3,940,20.99125,1.0,10,,label_aware_diskann_w3
pg-diskann,250000,1,w3,565,18.339792,0.9,10,,label_aware_diskann_w3
pg-diskann,250000,1,w3,182,20.34225,1.0,10,,label_aware_diskann_w3
pg-diskann,250000,1,w3,633,22.246792,1.0,10,,label_aware_diskann_w3
pg-diskann,250000,1,w3,849,17.619833,1.0,10,,label_aware_diskann_w3
pg-diskann,250000,1,w3,693,19.31675,1.0,10,,label_aware_diskann_w3
pg-diskann,250000,1,w3,382,21.127917,1.0,10,,label_aware_diskann_w3
pg-diskann,250000,1,w3,941,24.272292,1.0,10,,label_aware_diskann_w3
pg-diskann,250000,1,w3,521,19.743333,1.0,10,,label_aware_diskann_w3
pg-diskann,250000,1,w3,773,23.799583,1.0,10,,label_aware_diskann_w3
pg-diskann,250000,1,w3,177,21.475584,0.9,10,,label_aware_diskann_w3
pg-diskann,250000,1,w3,904,27.403375,0.7,10,,label_aware_diskann_w3
pg-diskann,250000,1,w3,809,19.424042,1.0,10,,label_aware_diskann_w3
pg-diskann,250000,1,w3,991,16.31675,1.0,10,,label_aware_diskann_w3
pg-diskann,250000,1,w3,184,18.316292,1.0,10,,label_aware_diskann_w3
pg-diskann,250000,1,w3,508,18.079625,1.0,10,,label_aware_diskann_w3
pg-diskann,250000,1,w3,449,19.043416,1.0,10,,label_aware_diskann_w3
pg-diskann,250000,1,w3,747,18.037833,1.0,10,,label_aware_diskann_w3
pg-diskann,250000,1,w3,359,18.393667,1.0,10,,label_aware_diskann_w3
pg-diskann,250000,1,w3,667,21.907583,0.9,10,,label_aware_diskann_w3
pg-diskann,250000,1,w3,881,18.33675,1.0,10,,label_aware_diskann_w3
pg-diskann,250000,1,w3,829,19.39725,0.9,10,,label_aware_diskann_w3
pg-diskann,250000,1,w3,990,19.79725,1.0,10,,label_aware_diskann_w3
pg-diskann,250000,1,w3,206,19.962959,1.0,10,,label_aware_diskann_w3
pg-diskann,250000,1,w3,951,19.424083,1.0,10,,label_aware_diskann_w3
pg-diskann,250000,1,w3,530,19.86775,1.0,10,,label_aware_diskann_w3
pg-diskann,250000,1,w3,568,22.305042,1.0,10,,label_aware_diskann_w3
pg-diskann,250000,1,w3,202,19.017584,1.0,10,,label_aware_diskann_w3
pg-diskann,250000,1,w3,363,21.1475,1.0,10,,label_aware_diskann_w3
pg-diskann,250000,1,w3,566,21.2425,0.8,10,,label_aware_diskann_w3
pg-diskann,250000,1,w3,971,24.172666,0.9,10,,label_aware_diskann_w3
pg-diskann,250000,1,w3,192,21.445958,1.0,10,,label_aware_diskann_w3
pg-diskann,250000,1,w3,282,19.4235,1.0,10,,label_aware_diskann_w3
pg-diskann,250000,1,w3,933,22.975166,1.0,10,,label_aware_diskann_w3
pg-diskann,250000,1,w3,720,20.935083,1.0,10,,label_aware_diskann_w3
pg-diskann,250000,1,w3,238,20.616583,0.9,10,,label_aware_diskann_w3
pg-diskann,250000,1,w3,427,23.384958,0.9,10,,label_aware_diskann_w3
pg-diskann,250000,1,w3,431,14.865667,1.0,10,,label_aware_diskann_w3
pg-diskann,250000,1,w3,310,19.977875,1.0,10,,label_aware_diskann_w3
pg-diskann,250000,1,w3,173,18.876709,1.0,10,,label_aware_diskann_w3
pg-diskann,250000,1,w3,621,21.006875,1.0,10,,label_aware_diskann_w3
pg-diskann,250000,1,w3,254,22.368708,0.9,10,,label_aware_diskann_w3
pg-diskann,250000,1,w3,685,20.364708,1.0,10,,label_aware_diskann_w3
pg-diskann,250000,1,w3,420,21.383125,1.0,10,,label_aware_diskann_w3
pg-diskann,250000,1,w3,294,21.890333,1.0,10,,label_aware_diskann_w3
pg-diskann,250000,1,w3,617,21.39825,1.0,10,,label_aware_diskann_w3
pg-diskann,250000,1,w3,844,23.953833,1.0,10,,label_aware_diskann_w3
pg-diskann,250000,1,w3,336,18.974625,1.0,10,,label_aware_diskann_w3
pg-diskann,250000,1,w3,379,23.4595,1.0,10,,label_aware_diskann_w3
pg-diskann,250000,1,w3,422,19.065,1.0,10,,label_aware_diskann_w3
pg-diskann,250000,1,w3,389,22.869208,1.0,10,,label_aware_diskann_w3
pg-diskann,250000,1,w3,495,18.319125,1.0,10,,label_aware_diskann_w3
pg-diskann,250000,1,w3,789,21.306041,0.8,10,,label_aware_diskann_w3
pg-diskann,250000,1,w3,755,22.781833,1.0,10,,label_aware_diskann_w3
pg-diskann,250000,1,w3,418,25.742708,1.0,10,,label_aware_diskann_w3
pg-diskann,250000,1,w3,394,27.562125,0.6,10,,label_aware_diskann_w3
pg-diskann,250000,1,w3,868,21.729292,1.0,10,,label_aware_diskann_w3
pg-diskann,250000,1,w3,462,18.692875,1.0,10,,label_aware_diskann_w3
pg-diskann,250000,1,w3,474,17.986209,1.0,10,,label_aware_diskann_w3
pg-diskann,250000,1,w3,807,17.318416,1.0,10,,label_aware_diskann_w3
pg-diskann,250000,1,w3,271,19.789,0.8,10,,label_aware_diskann_w3
pg-diskann,250000,1,w3,497,18.46875,1.0,10,,label_aware_diskann_w3
pg-diskann,250000,1,w3,276,20.585042,0.6,10,,label_aware_diskann_w3
pg-diskann,250000,1,w3,575,17.63975,1.0,10,,label_aware_diskann_w3
pg-diskann,250000,1,w3,262,20.335166,1.0,10,,label_aware_diskann_w3
pg-diskann,250000,1,w3,980,16.298625,1.0,10,,label_aware_diskann_w3
pg-diskann,250000,1,w3,836,19.302708,1.0,10,,label_aware_diskann_w3
pg-diskann,250000,1,w3,549,18.77375,1.0,10,,label_aware_diskann_w3
pg-diskann,250000,1,w3,248,19.697958,1.0,10,,label_aware_diskann_w3
pg-diskann,250000,1,w3,303,20.365458,1.0,10,,label_aware_diskann_w3
pg-diskann,250000,1,w3,594,16.813916,1.0,10,,label_aware_diskann_w3
pg-diskann,250000,1,w3,974,19.328792,1.0,10,,label_aware_diskann_w3
pg-diskann,250000,1,w3,346,16.204625,1.0,10,,label_aware_diskann_w3
pg-diskann,250000,1,w3,798,21.615125,1.0,10,,label_aware_diskann_w3
pg-diskann,250000,1,w3,337,21.813417,1.0,10,,label_aware_diskann_w3
pg-diskann,250000,1,w3,770,26.877916,0.9,10,,label_aware_diskann_w3
pg-diskann,250000,1,w3,499,18.371708,1.0,10,,label_aware_diskann_w3
pg-diskann,250000,1,w3,317,20.263125,1.0,10,,label_aware_diskann_w3
pg-diskann,250000,1,w3,950,20.314541,1.0,10,,label_aware_diskann_w3
pg-diskann,250000,1,w3,629,24.824625,0.7,10,,label_aware_diskann_w3
pg-diskann,250000,1,w3,398,16.776416,1.0,10,,label_aware_diskann_w3
pg-diskann,250000,1,w3,465,23.813,0.6,10,,label_aware_diskann_w3
pg-diskann,250000,1,w3,776,20.812792,0.9,10,,label_aware_diskann_w3
pg-diskann,250000,1,w3,434,22.443375,1.0,10,,label_aware_diskann_w3
pg-diskann,250000,1,w3,987,20.7,1.0,10,,label_aware_diskann_w3
pg-diskann,250000,1,w3,818,18.564833,1.0,10,,label_aware_diskann_w3
pg-diskann,250000,1,w3,788,25.361459,0.9,10,,label_aware_diskann_w3
pg-diskann,250000,1,w3,291,18.468875,1.0,10,,label_aware_diskann_w3
pg-diskann,250000,1,w3,152,26.069541,0.8,10,,label_aware_diskann_w3
pg-diskann,250000,1,w3,308,20.739708,1.0,10,,label_aware_diskann_w3
pg-diskann,250000,1,w3,275,19.665417,1.0,10,,label_aware_diskann_w3
pg-diskann,250000,1,w3,861,23.012459,1.0,10,,label_aware_diskann_w3
pg-diskann,250000,1,w3,314,24.364833,0.7,10,,label_aware_diskann_w3
pg-diskann,250000,1,w3,777,22.834959,0.9,10,,label_aware_diskann_w3
pg-diskann,250000,1,w3,862,24.200083,0.9,10,,label_aware_diskann_w3
pg-diskann,250000,1,w3,866,20.094708,1.0,10,,label_aware_diskann_w3
pg-diskann,250000,1,w3,342,20.830417,1.0,10,,label_aware_diskann_w3
pg-diskann,250000,1,w3,811,20.74025,1.0,10,,label_aware_diskann_w3
pg-diskann,250000,1,w3,253,20.363584,1.0,10,,label_aware_diskann_w3
pg-diskann,250000,1,w3,247,20.506166,1.0,10,,label_aware_diskann_w3
pg-diskann,250000,1,w3,595,21.555792,1.0,10,,label_aware_diskann_w3
pg-diskann,250000,1,w3,267,19.094166,1.0,10,,label_aware_diskann_w3
pg-diskann,250000,1,w3,801,26.476417,1.0,10,,label_aware_diskann_w3
pg-diskann,250000,1,w3,538,22.734083,1.0,10,,label_aware_diskann_w3
pg-diskann,250000,1,w3,201,22.716208,1.0,10,,label_aware_diskann_w3
pg-diskann,250000,1,w3,739,15.075416,1.0,10,,label_aware_diskann_w3
pg-diskann,250000,1,w3,905,22.534833,1.0,10,,label_aware_diskann_w3
pg-diskann,250000,1,w3,831,17.4415,1.0,10,,label_aware_diskann_w3
pg-diskann,250000,1,w3,293,18.737083,1.0,10,,label_aware_diskann_w3
pg-diskann,250000,1,w3,783,20.184583,1.0,10,,label_aware_diskann_w3
pg-diskann,250000,1,w3,965,19.288541,1.0,10,,label_aware_diskann_w3
pg-diskann,250000,1,w3,507,21.589209,1.0,10,,label_aware_diskann_w3
pg-diskann,250000,1,w3,860,19.064834,0.9,10,,label_aware_diskann_w3
pg-diskann,250000,1,w3,467,16.730458,1.0,10,,label_aware_diskann_w3
pg-diskann,250000,1,w3,244,16.007292,1.0,10,,label_aware_diskann_w3
pg-diskann,250000,1,w3,481,18.573667,1.0,10,,label_aware_diskann_w3
pg-diskann,250000,1,w3,728,18.439292,1.0,10,,label_aware_diskann_w3
pg-diskann,250000,1,w3,512,24.785042,1.0,10,,label_aware_diskann_w3
pg-diskann,250000,1,w3,378,18.541542,0.9,10,,label_aware_diskann_w3
pg-diskann,250000,1,w3,577,21.596959,1.0,10,,label_aware_diskann_w3
pg-diskann,250000,1,w3,574,23.1885,1.0,10,,label_aware_diskann_w3
pg-diskann,250000,1,w3,932,19.106,1.0,10,,label_aware_diskann_w3
pg-diskann,250000,1,w3,837,23.937709,1.0,10,,label_aware_diskann_w3
pg-diskann,250000,1,w3,157,20.693458,1.0,10,,label_aware_diskann_w3
pg-diskann,250000,1,w3,403,21.486541,0.9,10,,label_aware_diskann_w3
pg-diskann,250000,1,w3,804,16.860667,1.0,10,,label_aware_diskann_w3
pg-diskann,250000,1,w3,552,22.495875,1.0,10,,label_aware_diskann_w3
pg-diskann,250000,1,w3,134,24.065292,0.6,10,,label_aware_diskann_w3
pg-diskann,250000,1,w3,227,27.552042,1.0,10,,label_aware_diskann_w3
pg-diskann,250000,1,w3,628,17.989333,0.9,10,,label_aware_diskann_w3
pg-diskann,250000,1,w3,648,23.608917,0.7,10,,label_aware_diskann_w3
pg-diskann,250000,1,w3,772,22.168542,0.9,10,,label_aware_diskann_w3
pg-diskann,250000,1,w3,183,27.096708,0.7,10,,label_aware_diskann_w3
pg-diskann,250000,1,w3,627,25.656292,0.8,10,,label_aware_diskann_w3
pg-diskann,250000,1,w3,978,20.401834,0.9,10,,label_aware_diskann_w3
pg-diskann,250000,1,w3,323,18.980292,1.0,10,,label_aware_diskann_w3
pg-diskann,250000,1,w3,665,23.267166,1.0,10,,label_aware_diskann_w3
pg-diskann,250000,1,w3,518,23.685917,0.9,10,,label_aware_diskann_w3
pg-diskann,250000,1,w3,608,24.084709,1.0,10,,label_aware_diskann_w3
pg-diskann,250000,1,w3,435,20.298292,1.0,10,,label_aware_diskann_w3
pg-diskann,250000,1,w3,523,18.743042,1.0,10,,label_aware_diskann_w3
pg-diskann,250000,1,w3,774,19.051667,1.0,10,,label_aware_diskann_w3
pg-diskann,250000,1,w3,858,15.301917,1.0,10,,label_aware_diskann_w3
pg-diskann,250000,1,w3,587,17.030375,1.0,10,,label_aware_diskann_w3
pg-diskann,250000,1,w3,591,20.293167,1.0,10,,label_aware_diskann_w3
pg-diskann,250000,1,w3,231,23.309958,1.0,10,,label_aware_diskann_w3
pg-diskann,250000,1,w3,735,22.392875,1.0,10,,label_aware_diskann_w3
pg-diskann,250000,1,w3,283,21.844416,1.0,10,,label_aware_diskann_w3
pg-diskann,250000,1,w3,661,18.461834,1.0,10,,label_aware_diskann_w3
pg-diskann,250000,1,w3,190,24.530167,1.0,10,,label_aware_diskann_w3
pg-diskann,250000,1,w3,925,23.039,0.7,10,,label_aware_diskann_w3
pg-diskann,250000,1,w3,319,19.006458,1.0,10,,label_aware_diskann_w3
pg-diskann,250000,1,w3,196,24.355625,0.8,10,,label_aware_diskann_w3
pg-diskann,250000,1,w3,609,21.033291,1.0,10,,label_aware_diskann_w3
pg-diskann,250000,1,w3,513,19.979084,1.0,10,,label_aware_diskann_w3
pg-diskann,250000,1,w3,605,18.326125,1.0,10,,label_aware_diskann_w3
pg-diskann,250000,1,w3,684,15.452959,1.0,10,,label_aware_diskann_w3
pg-diskann,250000,1,w3,533,19.440917,0.9,10,,label_aware_diskann_w3
pg-diskann,250000,1,w3,108,18.254,1.0,10,,label_aware_diskann_w3
pg-diskann,250000,1,w3,834,24.450542,0.9,10,,label_aware_diskann_w3
pg-diskann,250000,1,w3,273,17.529166,1.0,10,,label_aware_diskann_w3
pg-diskann,250000,1,w3,506,19.30225,0.9,10,,label_aware_diskann_w3
pg-diskann,250000,1,w3,220,21.688834,1.0,10,,label_aware_diskann_w3
pg-diskann,250000,1,w3,114,22.604583,1.0,10,,label_aware_diskann_w3
pg-diskann,250000,1,w3,312,21.957458,1.0,10,,label_aware_diskann_w3
pg-diskann,250000,1,w3,654,25.201416,0.8,10,,label_aware_diskann_w3
pg-diskann,250000,1,w3,796,27.409125,0.8,10,,label_aware_diskann_w3
pg-diskann,250000,1,w3,366,21.39875,0.9,10,,label_aware_diskann_w3
pg-diskann,250000,1,w3,710,20.095917,1.0,10,,label_aware_diskann_w3
pg-diskann,250000,1,w3,924,18.336625,1.0,10,,label_aware_diskann_w3
pg-diskann,250000,1,w3,286,22.778166,0.9,10,,label_aware_diskann_w3
pg-diskann,250000,1,w3,891,14.994208,1.0,10,,label_aware_diskann_w3
pg-diskann,250000,1,w3,213,21.244333,0.9,10,,label_aware_diskann_w3
pg-diskann,250000,1,w3,447,20.49925,1.0,10,,label_aware_diskann_w3
pg-diskann,250000,1,w3,480,25.483709,0.8,10,,label_aware_diskann_w3
pg-diskann,250000,1,w3,915,20.226541,1.0,10,,label_aware_diskann_w3
pg-diskann,250000,1,w3,451,16.151709,0.9,10,,label_aware_diskann_w3
pg-diskann,250000,1,w3,274,17.588125,1.0,10,,label_aware_diskann_w3
pg-diskann,250000,1,w3,619,21.120084,1.0,10,,label_aware_diskann_w3
pg-diskann,250000,1,w3,215,19.556167,1.0,10,,label_aware_diskann_w3
pg-diskann,250000,1,w3,611,17.340291,1.0,10,,label_aware_diskann_w3
pg-diskann,250000,1,w3,586,20.207417,1.0,10,,label_aware_diskann_w3
pg-diskann,250000,1,w3,705,18.43975,1.0,10,,label_aware_diskann_w3
pg-diskann,250000,1,w3,821,20.507167,1.0,10,,label_aware_diskann_w3
pg-diskann,250000,1,w3,423,19.636042,1.0,10,,label_aware_diskann_w3
pg-diskann,250000,1,w3,496,20.743583,0.9,10,,label_aware_diskann_w3
pg-diskann,250000,1,w3,320,21.260916,1.0,10,,label_aware_diskann_w3
pg-diskann,250000,1,w3,524,26.474708,0.8,10,,label_aware_diskann_w3
pg-diskann,250000,1,w3,494,21.737375,1.0,10,,label_aware_diskann_w3
pg-diskann,250000,1,w3,264,18.064416,1.0,10,,label_aware_diskann_w3
pg-diskann,250000,1,w3,473,20.429417,1.0,10,,label_aware_diskann_w3
pg-diskann,250000,1,w3,670,18.639208,1.0,10,,label_aware_diskann_w3
pg-diskann,250000,1,w3,841,20.562416,1.0,10,,label_aware_diskann_w3
pg-diskann,250000,1,w3,975,16.602375,1.0,10,,label_aware_diskann_w3
pg-diskann,250000,1,w3,854,19.550542,1.0,10,,label_aware_diskann_w3
pg-diskann,250000,1,w3,944,21.269667,0.8,10,,label_aware_diskann_w3
pg-diskann,250000,1,w3,265,20.655625,0.8,10,,label_aware_diskann_w3
pg-diskann,250000,1,w3,417,20.860417,1.0,10,,label_aware_diskann_w3
pg-diskann,250000,1,w3,721,25.898167,1.0,10,,label_aware_diskann_w3
pg-diskann,250000,1,w3,701,23.701917,0.9,10,,label_aware_diskann_w3
pg-diskann,250000,1,w3,385,17.733708,1.0,10,,label_aware_diskann_w3
pg-diskann,250000,1,w3,224,23.002166,1.0,10,,label_aware_diskann_w3
pg-diskann,250000,1,w3,953,23.687375,0.8,10,,label_aware_diskann_w3
pg-diskann,250000,1,w3,116,20.798875,1.0,10,,label_aware_diskann_w3
pg-diskann,250000,1,w3,360,20.762625,1.0,10,,label_aware_diskann_w3
pg-diskann,250000,1,w3,894,17.716375,1.0,10,,label_aware_diskann_w3
pg-diskann,250000,1,w3,334,20.233708,1.0,10,,label_aware_diskann_w3
pg-diskann,250000,1,w3,287,20.477875,1.0,10,,label_aware_diskann_w3
pg-diskann,250000,1,w3,315,18.583792,1.0,10,,label_aware_diskann_w3
pg-diskann,250000,1,w3,245,17.051083,1.0,10,,label_aware_diskann_w3
pg-diskann,250000,1,w3,948,19.764834,0.9,10,,label_aware_diskann_w3
pg-diskann,250000,1,w3,660,16.536209,1.0,10,,label_aware_diskann_w3
pg-diskann,250000,1,w3,548,17.487917,0.9,10,,label_aware_diskann_w3
pg-diskann,250000,1,w3,988,21.463959,1.0,10,,label_aware_diskann_w3
pg-diskann,250000,1,w3,458,22.966791,0.9,10,,label_aware_diskann_w3
pg-diskann,250000,1,w3,375,19.38525,1.0,10,,label_aware_diskann_w3
pg-diskann,250000,1,w3,781,18.534,1.0,10,,label_aware_diskann_w3
pg-diskann,250000,1,w3,171,19.105917,1.0,10,,label_aware_diskann_w3
pg-diskann,250000,1,w3,450,24.533083,1.0,10,,label_aware_diskann_w3
pg-diskann,250000,1,w3,782,21.06475,0.9,10,,label_aware_diskann_w3
pg-diskann,250000,1,w3,106,22.320167,1.0,10,,label_aware_diskann_w3
pg-diskann,250000,1,w3,279,24.554625,1.0,10,,label_aware_diskann_w3
pg-diskann,250000,1,w3,195,19.717792,1.0,10,,label_aware_diskann_w3
pg-diskann,250000,1,w3,732,19.787958,1.0,10,,label_aware_diskann_w3
pg-diskann,250000,1,w3,649,21.233,1.0,10,,label_aware_diskann_w3
pg-diskann,250000,1,w3,395,22.838084,1.0,10,,label_aware_diskann_w3
pg-diskann,250000,1,w3,109,19.822708,1.0,10,,label_aware_diskann_w3
pg-diskann,250000,1,w3,373,17.085292,1.0,10,,label_aware_diskann_w3
pg-diskann,250000,1,w3,885,21.253291,1.0,10,,label_aware_diskann_w3
pg-diskann,250000,1,w3,305,25.164042,1.0,10,,label_aware_diskann_w3
pg-diskann,250000,1,w3,935,19.315708,1.0,10,,label_aware_diskann_w3
pg-diskann,250000,1,w3,221,23.105292,0.9,10,,label_aware_diskann_w3
pg-diskann,250000,1,w3,436,23.285792,0.7,10,,label_aware_diskann_w3
pg-diskann,250000,1,w3,839,18.724334,1.0,10,,label_aware_diskann_w3
pg-diskann,250000,1,w3,554,21.691833,1.0,10,,label_aware_diskann_w3
pg-diskann,250000,1,w3,993,22.519791,1.0,10,,label_aware_diskann_w3
pg-diskann,250000,1,w3,162,23.492125,1.0,10,,label_aware_diskann_w3
pg-diskann,250000,1,w3,926,22.88725,0.9,10,,label_aware_diskann_w3
pg-diskann,250000,1,w3,338,26.202083,1.0,10,,label_aware_diskann_w3
pg-diskann,250000,1,w3,751,18.107583,1.0,10,,label_aware_diskann_w3
pg-diskann,250000,1,w3,459,26.205167,0.9,10,,label_aware_diskann_w3
pg-diskann,250000,1,w3,405,22.934833,1.0,10,,label_aware_diskann_w3
pg-diskann,250000,1,w3,440,18.441625,1.0,10,,label_aware_diskann_w3
pg-diskann,250000,1,w3,828,20.424959,1.0,10,,label_aware_diskann_w3
pg-diskann,250000,1,w3,351,18.862042,0.8,10,,label_aware_diskann_w3
pg-diskann,250000,1,w3,558,20.167166,0.9,10,,label_aware_diskann_w3
pg-diskann,250000,1,w3,516,23.0245,1.0,10,,label_aware_diskann_w3
pg-diskann,250000,1,w3,261,14.528375,1.0,10,,label_aware_diskann_w3
pg-diskann,250000,1,w3,681,22.275584,1.0,10,,label_aware_diskann_w3
pg-diskann,250000,1,w3,110,23.765,0.9,10,,label_aware_diskann_w3
pg-diskann,250000,1,w3,911,17.962917,1.0,10,,label_aware_diskann_w3
pg-diskann,250000,1,w3,407,18.492083,1.0,10,,label_aware_diskann_w3
pg-diskann,250000,1,w3,302,17.838416,1.0,10,,label_aware_diskann_w3
pg-diskann,250000,1,w3,560,18.546,1.0,10,,label_aware_diskann_w3
pg-diskann,250000,1,w3,189,16.330041,1.0,10,,label_aware_diskann_w3
pg-diskann,250000,1,w3,542,22.321792,0.9,10,,label_aware_diskann_w3
pg-diskann,250000,1,w3,880,20.006084,1.0,10,,label_aware_diskann_w3
pg-diskann,250000,1,w3,133,23.026708,0.9,10,,label_aware_diskann_w3
pg-diskann,250000,1,w3,590,21.731917,1.0,10,,label_aware_diskann_w3
pg-diskann,250000,1,w3,813,19.667583,1.0,10,,label_aware_diskann_w3
pg-diskann,250000,1,w3,749,17.5435,1.0,10,,label_aware_diskann_w3
pg-diskann,250000,1,w3,857,15.206083,1.0,10,,label_aware_diskann_w3
pg-diskann,250000,1,w3,204,19.742834,1.0,10,,label_aware_diskann_w3
pg-diskann,250000,1,w3,585,15.799542,1.0,10,,label_aware_diskann_w3
pg-diskann,250000,1,w3,185,16.58925,1.0,10,,label_aware_diskann_w3
pg-diskann,250000,1,w3,902,24.748333,0.9,10,,label_aware_diskann_w3
pg-diskann,250000,1,w3,361,26.154917,1.0,10,,label_aware_diskann_w3
pg-diskann,250000,1,w3,981,23.674666,1.0,10,,label_aware_diskann_w3
pg-diskann,250000,1,w3,871,21.312166,1.0,10,,label_aware_diskann_w3
pg-diskann,250000,1,w3,691,19.173667,0.9,10,,label_aware_diskann_w3
pg-diskann,250000,1,w3,341,22.436667,0.9,10,,label_aware_diskann_w3
pg-diskann,250000,1,w3,485,20.145167,1.0,10,,label_aware_diskann_w3
pg-diskann,250000,1,w3,889,21.428125,0.7,10,,label_aware_diskann_w3
pg-diskann,250000,1,w3,272,20.426459,1.0,10,,label_aware_diskann_w3
pg-diskann,250000,1,w3,326,20.307,1.0,10,,label_aware_diskann_w3
pg-diskann,250000,1,w3,686,21.241167,1.0,10,,label_aware_diskann_w3
pg-diskann,250000,1,w3,483,19.011959,1.0,10,,label_aware_diskann_w3
pg-diskann,250000,1,w3,529,22.667833,1.0,10,,label_aware_diskann_w3
pg-diskann,250000,1,w3,237,19.665791,1.0,10,,label_aware_diskann_w3
pg-diskann,250000,1,w3,278,26.099834,1.0,10,,label_aware_diskann_w3
pg-diskann,250000,1,w3,725,20.359166,1.0,10,,label_aware_diskann_w3
pg-diskann,250000,1,w3,126,21.463958,1.0,10,,label_aware_diskann_w3
pg-diskann,250000,1,w3,179,23.981125,1.0,10,,label_aware_diskann_w3
pg-diskann,250000,1,w3,488,23.193042,1.0,10,,label_aware_diskann_w3
pg-diskann,250000,1,w3,579,24.675042,1.0,10,,label_aware_diskann_w3
pg-diskann,250000,1,w3,377,29.648209,1.0,10,,label_aware_diskann_w3
pg-diskann,250000,1,w3,787,22.998708,1.0,10,,label_aware_diskann_w3
pg-diskann,250000,1,w3,870,19.910709,1.0,10,,label_aware_diskann_w3
pg-diskann,250000,1,w3,350,20.382667,1.0,10,,label_aware_diskann_w3
pg-diskann,250000,1,w3,452,17.950916,0.9,10,,label_aware_diskann_w3
pg-diskann,250000,1,w3,976,21.772375,1.0,10,,label_aware_diskann_w3
pg-diskann,250000,1,w3,468,20.873708,1.0,10,,label_aware_diskann_w3
pg-diskann,250000,1,w3,484,17.091584,1.0,10,,label_aware_diskann_w3
pg-diskann,250000,1,w3,964,17.113917,1.0,10,,label_aware_diskann_w3
pg-diskann,250000,1,w3,229,17.843291,1.0,10,,label_aware_diskann_w3
pg-diskann,250000,1,w3,393,21.515167,0.9,10,,label_aware_diskann_w3
pg-diskann,250000,1,w3,822,17.869666,1.0,10,,label_aware_diskann_w3
pg-diskann,250000,1,w3,742,20.082666,1.0,10,,label_aware_diskann_w3
pg-diskann,250000,1,w3,328,21.793417,0.9,10,,label_aware_diskann_w3
pg-diskann,250000,1,w3,208,15.700334,1.0,10,,label_aware_diskann_w3
pg-diskann,250000,1,w3,812,16.113791,1.0,10,,label_aware_diskann_w3
pg-diskann,250000,1,w3,754,19.674208,0.9,10,,label_aware_diskann_w3
pg-diskann,250000,1,w3,666,17.728417,0.9,10,,label_aware_diskann_w3
pg-diskann,250000,1,w3,994,20.942041,1.0,10,,label_aware_diskann_w3
pg-diskann,250000,1,w3,799,16.755417,1.0,10,,label_aware_diskann_w3
pg-diskann,250000,1,w3,741,18.249,1.0,10,,label_aware_diskann_w3
pg-diskann,250000,1,w3,329,17.582084,1.0,10,,label_aware_diskann_w3
pg-diskann,250000,1,w3,527,21.821417,1.0,10,,label_aware_diskann_w3
pg-diskann,250000,1,w3,316,20.123083,1.0,10,,label_aware_diskann_w3
pg-diskann,250000,1,w3,128,18.076,1.0,10,,label_aware_diskann_w3
pg-diskann,250000,1,w3,446,23.341459,1.0,10,,label_aware_diskann_w3
pg-diskann,250000,1,w3,864,17.487042,1.0,10,,label_aware_diskann_w3
pg-diskann,250000,1,w3,349,18.557875,0.9,10,,label_aware_diskann_w3
pg-diskann,250000,1,w3,437,22.013,1.0,10,,label_aware_diskann_w3
pg-diskann,250000,1,w3,942,20.682166,0.9,10,,label_aware_diskann_w3
pg-diskann,250000,1,w3,243,19.028042,1.0,10,,label_aware_diskann_w3
pg-diskann,250000,1,w3,970,19.547125,1.0,10,,label_aware_diskann_w3
pg-diskann,250000,1,w3,928,23.9295,0.9,10,,label_aware_diskann_w3
pg-diskann,250000,1,w3,984,22.469084,1.0,10,,label_aware_diskann_w3
pg-diskann,250000,1,w3,463,18.306292,1.0,10,,label_aware_diskann_w3
pg-diskann,250000,1,w3,702,19.047,1.0,10,,label_aware_diskann_w3
pg-diskann,250000,1,w3,562,18.589417,1.0,10,,label_aware_diskann_w3
pg-diskann,250000,1,w3,540,26.931833,1.0,10,,label_aware_diskann_w3
pg-diskann,250000,1,w3,111,19.839084,1.0,10,,label_aware_diskann_w3
pg-diskann,250000,1,w3,832,20.641541,1.0,10,,label_aware_diskann_w3
pg-diskann,250000,1,w3,178,19.433791,1.0,10,,label_aware_diskann_w3
pg-diskann,250000,1,w3,593,22.95125,1.0,10,,label_aware_diskann_w3
pg-diskann,250000,1,w3,687,25.663041,0.7,10,,label_aware_diskann_w3
pg-diskann,250000,1,w3,292,17.348583,1.0,10,,label_aware_diskann_w3
pg-diskann,250000,1,w3,888,19.46375,1.0,10,,label_aware_diskann_w3
pg-diskann,250000,1,w3,563,17.27275,1.0,10,,label_aware_diskann_w3
pg-diskann,250000,1,w3,122,18.428875,1.0,10,,label_aware_diskann_w3
pg-diskann,250000,1,w3,181,25.033916,0.9,10,,label_aware_diskann_w3
pg-diskann,250000,1,w3,581,19.525042,1.0,10,,label_aware_diskann_w3
pg-diskann,250000,1,w3,580,24.047375,1.0,10,,label_aware_diskann_w3
pg-diskann,250000,1,w3,847,21.184667,1.0,10,,label_aware_diskann_w3
pg-diskann,250000,1,w3,826,18.258916,1.0,10,,label_aware_diskann_w3
pg-diskann,250000,1,w3,216,19.213791,1.0,10,,label_aware_diskann_w3
pg-diskann,250000,1,w3,266,17.752875,1.0,10,,label_aware_diskann_w3
pg-diskann,250000,1,w3,344,18.281834,1.0,10,,label_aware_diskann_w3
pg-diskann,250000,1,w3,119,18.46025,1.0,10,,label_aware_diskann_w3
pg-diskann,250000,1,w3,584,22.672,1.0,10,,label_aware_diskann_w3
pg-diskann,250000,1,w3,677,18.532208,1.0,10,,label_aware_diskann_w3
pg-diskann,250000,1,w3,655,21.287,1.0,10,,label_aware_diskann_w3
pg-diskann,250000,1,w3,997,25.4615,1.0,10,,label_aware_diskann_w3
pg-diskann,250000,1,w3,946,22.078917,1.0,10,,label_aware_diskann_w3
pg-diskann,250000,1,w3,833,20.28225,0.8,10,,label_aware_diskann_w3
pg-diskann,250000,1,w3,724,21.80725,0.9,10,,label_aware_diskann_w3
pg-diskann,250000,1,w3,569,18.272125,1.0,10,,label_aware_diskann_w3
pg-diskann,250000,1,w3,737,19.348125,1.0,10,,label_aware_diskann_w3
pg-diskann,250000,1,w3,476,20.788708,0.9,10,,label_aware_diskann_w3
pg-diskann,250000,1,w3,646,17.8785,1.0,10,,label_aware_diskann_w3
pg-diskann,250000,1,w3,972,18.821375,0.9,10,,label_aware_diskann_w3
pg-diskann,250000,1,w4_acl,635,5.81975,1.0,10,,scalar_acl_exact
pg-diskann,250000,1,w4_acl,256,5.806916,1.0,10,,scalar_acl_exact
pg-diskann,250000,1,w4_acl,912,5.232708,1.0,10,,scalar_acl_exact
pg-diskann,250000,1,w4_acl,804,6.562375,1.0,10,,scalar_acl_exact
pg-diskann,250000,1,w4_acl,909,5.632,1.0,10,,scalar_acl_exact
pg-diskann,250000,1,w4_acl,351,5.551,1.0,10,,scalar_acl_exact
pg-diskann,250000,1,w4_acl,814,5.988542,1.0,10,,scalar_acl_exact
pg-diskann,250000,1,w4_acl,485,6.413584,1.0,10,,scalar_acl_exact
pg-diskann,250000,1,w4_acl,990,6.360459,1.0,10,,scalar_acl_exact
pg-diskann,250000,1,w4_acl,272,5.301625,1.0,10,,scalar_acl_exact
pg-diskann,250000,1,w4_acl,894,5.813083,1.0,10,,scalar_acl_exact
pg-diskann,250000,1,w4_acl,464,5.617958,1.0,10,,scalar_acl_exact
pg-diskann,250000,1,w4_acl,860,5.824958,1.0,10,,scalar_acl_exact
pg-diskann,250000,1,w4_acl,417,5.921542,1.0,10,,scalar_acl_exact
pg-diskann,250000,1,w4_acl,541,6.148458,1.0,10,,scalar_acl_exact
pg-diskann,250000,1,w4_acl,803,5.251333,1.0,10,,scalar_acl_exact
pg-diskann,250000,1,w4_acl,349,6.236375,1.0,10,,scalar_acl_exact
pg-diskann,250000,1,w4_acl,808,6.00025,1.0,10,,scalar_acl_exact
pg-diskann,250000,1,w4_acl,717,6.379167,1.0,10,,scalar_acl_exact
pg-diskann,250000,1,w4_acl,135,5.373583,1.0,10,,scalar_acl_exact
pg-diskann,250000,1,w4_acl,283,5.770875,1.0,10,,scalar_acl_exact
pg-diskann,250000,1,w4_acl,962,5.280958,1.0,10,,scalar_acl_exact
pg-diskann,250000,1,w4_acl,336,5.310167,1.0,10,,scalar_acl_exact
pg-diskann,250000,1,w4_acl,503,5.840042,1.0,10,,scalar_acl_exact
pg-diskann,250000,1,w4_acl,611,6.396,1.0,10,,scalar_acl_exact
pg-diskann,250000,1,w4_acl,444,5.163,1.0,10,,scalar_acl_exact
pg-diskann,250000,1,w4_acl,678,5.23825,1.0,10,,scalar_acl_exact
pg-diskann,250000,1,w4_acl,193,6.299458,1.0,10,,scalar_acl_exact
pg-diskann,250000,1,w4_acl,302,5.818208,1.0,10,,scalar_acl_exact
pg-diskann,250000,1,w4_acl,783,5.57975,1.0,10,,scalar_acl_exact
pg-diskann,250000,1,w4_acl,127,6.382292,1.0,10,,scalar_acl_exact
pg-diskann,250000,1,w4_acl,114,4.953125,1.0,10,,scalar_acl_exact
pg-diskann,250000,1,w4_acl,433,5.484458,1.0,10,,scalar_acl_exact
pg-diskann,250000,1,w4_acl,911,6.38075,1.0,10,,scalar_acl_exact
pg-diskann,250000,1,w4_acl,950,5.877958,1.0,10,,scalar_acl_exact
pg-diskann,250000,1,w4_acl,867,5.823458,1.0,10,,scalar_acl_exact
pg-diskann,250000,1,w4_acl,730,6.024792,1.0,10,,scalar_acl_exact
pg-diskann,250000,1,w4_acl,174,6.575208,1.0,10,,scalar_acl_exact
pg-diskann,250000,1,w4_acl,612,4.747416,1.0,10,,scalar_acl_exact
pg-diskann,250000,1,w4_acl,742,6.055875,1.0,10,,scalar_acl_exact
pg-diskann,250000,1,w4_acl,225,6.802541,1.0,10,,scalar_acl_exact
pg-diskann,250000,1,w4_acl,758,7.782084,1.0,10,,scalar_acl_exact
pg-diskann,250000,1,w4_acl,301,6.162041,1.0,10,,scalar_acl_exact
pg-diskann,250000,1,w4_acl,767,5.276667,1.0,10,,scalar_acl_exact
pg-diskann,250000,1,w4_acl,170,6.644666,1.0,10,,scalar_acl_exact
pg-diskann,250000,1,w4_acl,575,6.591625,1.0,10,,scalar_acl_exact
pg-diskann,250000,1,w4_acl,587,6.292125,1.0,10,,scalar_acl_exact
pg-diskann,250000,1,w4_acl,489,5.588916,1.0,10,,scalar_acl_exact
pg-diskann,250000,1,w4_acl,688,6.069792,1.0,10,,scalar_acl_exact
pg-diskann,250000,1,w4_acl,260,8.861291,1.0,10,,scalar_acl_exact
pg-diskann,250000,1,w4_acl,628,6.077166,1.0,10,,scalar_acl_exact
pg-diskann,250000,1,w4_acl,458,6.215583,1.0,10,,scalar_acl_exact
pg-diskann,250000,1,w4_acl,784,5.117917,1.0,10,,scalar_acl_exact
pg-diskann,250000,1,w4_acl,337,5.970125,1.0,10,,scalar_acl_exact
pg-diskann,250000,1,w4_acl,439,5.808959,1.0,10,,scalar_acl_exact
pg-diskann,250000,1,w4_acl,532,5.630542,1.0,10,,scalar_acl_exact
pg-diskann,250000,1,w4_acl,164,6.244375,1.0,10,,scalar_acl_exact
pg-diskann,250000,1,w4_acl,942,5.175417,1.0,10,,scalar_acl_exact
pg-diskann,250000,1,w4_acl,422,6.004917,1.0,10,,scalar_acl_exact
pg-diskann,250000,1,w4_acl,939,5.513667,1.0,10,,scalar_acl_exact
pg-diskann,250000,1,w4_acl,707,6.394,1.0,10,,scalar_acl_exact
pg-diskann,250000,1,w4_acl,504,6.267333,1.0,10,,scalar_acl_exact
pg-diskann,250000,1,w4_acl,388,5.736209,1.0,10,,scalar_acl_exact
pg-diskann,250000,1,w4_acl,932,5.827583,1.0,10,,scalar_acl_exact
pg-diskann,250000,1,w4_acl,313,10.594583,1.0,10,,scalar_acl_exact
pg-diskann,250000,1,w4_acl,468,5.944834,1.0,10,,scalar_acl_exact
pg-diskann,250000,1,w4_acl,188,5.939333,1.0,10,,scalar_acl_exact
pg-diskann,250000,1,w4_acl,371,6.209583,1.0,10,,scalar_acl_exact
pg-diskann,250000,1,w4_acl,534,5.797375,1.0,10,,scalar_acl_exact
pg-diskann,250000,1,w4_acl,773,8.47225,1.0,10,,scalar_acl_exact
pg-diskann,250000,1,w4_acl,429,6.753292,1.0,10,,scalar_acl_exact
pg-diskann,250000,1,w4_acl,762,6.010959,1.0,10,,scalar_acl_exact
pg-diskann,250000,1,w4_acl,460,6.000459,1.0,10,,scalar_acl_exact
pg-diskann,250000,1,w4_acl,471,6.9665,1.0,10,,scalar_acl_exact
pg-diskann,250000,1,w4_acl,810,6.591,1.0,10,,scalar_acl_exact
pg-diskann,250000,1,w4_acl,818,6.365375,1.0,10,,scalar_acl_exact
pg-diskann,250000,1,w4_acl,581,5.578708,1.0,10,,scalar_acl_exact
pg-diskann,250000,1,w4_acl,408,5.647458,1.0,10,,scalar_acl_exact
pg-diskann,250000,1,w4_acl,116,6.557583,1.0,10,,scalar_acl_exact
pg-diskann,250000,1,w4_acl,647,6.090542,1.0,10,,scalar_acl_exact
pg-diskann,250000,1,w4_acl,232,5.793792,1.0,10,,scalar_acl_exact
pg-diskann,250000,1,w4_acl,822,6.192209,1.0,10,,scalar_acl_exact
pg-diskann,250000,1,w4_acl,570,6.587958,1.0,10,,scalar_acl_exact
pg-diskann,250000,1,w4_acl,835,5.859541,1.0,10,,scalar_acl_exact
pg-diskann,250000,1,w4_acl,416,5.447666,1.0,10,,scalar_acl_exact
pg-diskann,250000,1,w4_acl,674,6.120125,1.0,10,,scalar_acl_exact
pg-diskann,250000,1,w4_acl,940,5.645083,1.0,10,,scalar_acl_exact
pg-diskann,250000,1,w4_acl,801,5.741667,1.0,10,,scalar_acl_exact
pg-diskann,250000,1,w4_acl,859,5.948583,1.0,10,,scalar_acl_exact
pg-diskann,250000,1,w4_acl,645,5.939833,1.0,10,,scalar_acl_exact
pg-diskann,250000,1,w4_acl,407,6.083833,1.0,10,,scalar_acl_exact
pg-diskann,250000,1,w4_acl,725,5.008166,1.0,10,,scalar_acl_exact
pg-diskann,250000,1,w4_acl,308,6.27075,1.0,10,,scalar_acl_exact
pg-diskann,250000,1,w4_acl,121,5.07775,1.0,10,,scalar_acl_exact
pg-diskann,250000,1,w4_acl,289,6.195833,1.0,10,,scalar_acl_exact
pg-diskann,250000,1,w4_acl,526,5.533833,1.0,10,,scalar_acl_exact
pg-diskann,250000,1,w4_acl,263,6.416,1.0,10,,scalar_acl_exact
pg-diskann,250000,1,w4_acl,186,6.138625,1.0,10,,scalar_acl_exact
pg-diskann,250000,1,w4_acl,247,5.2845,1.0,10,,scalar_acl_exact
pg-diskann,250000,1,w4_acl,785,6.616459,1.0,10,,scalar_acl_exact
pg-diskann,250000,1,w4_acl,937,6.154208,1.0,10,,scalar_acl_exact
pg-diskann,250000,1,w4_acl,339,6.011875,1.0,10,,scalar_acl_exact
pg-diskann,250000,1,w4_acl,228,5.615916,1.0,10,,scalar_acl_exact
pg-diskann,250000,1,w4_acl,560,6.408959,1.0,10,,scalar_acl_exact
pg-diskann,250000,1,w4_acl,284,6.089375,1.0,10,,scalar_acl_exact
pg-diskann,250000,1,w4_acl,754,5.487792,1.0,10,,scalar_acl_exact
pg-diskann,250000,1,w4_acl,734,5.95575,1.0,10,,scalar_acl_exact
pg-diskann,250000,1,w4_acl,557,6.252208,1.0,10,,scalar_acl_exact
pg-diskann,250000,1,w4_acl,941,5.500833,1.0,10,,scalar_acl_exact
pg-diskann,250000,1,w4_acl,562,6.203291,1.0,10,,scalar_acl_exact
pg-diskann,250000,1,w4_acl,169,6.453459,1.0,10,,scalar_acl_exact
pg-diskann,250000,1,w4_acl,973,6.227709,1.0,10,,scalar_acl_exact
pg-diskann,250000,1,w4_acl,102,5.939708,1.0,10,,scalar_acl_exact
pg-diskann,250000,1,w4_acl,689,5.698375,1.0,10,,scalar_acl_exact
pg-diskann,250000,1,w4_acl,275,5.719708,1.0,10,,scalar_acl_exact
pg-diskann,250000,1,w4_acl,614,6.537416,1.0,10,,scalar_acl_exact
pg-diskann,250000,1,w4_acl,841,6.020625,1.0,10,,scalar_acl_exact
pg-diskann,250000,1,w4_acl,788,5.615792,1.0,10,,scalar_acl_exact
pg-diskann,250000,1,w4_acl,177,5.89975,1.0,10,,scalar_acl_exact
pg-diskann,250000,1,w4_acl,443,5.705541,1.0,10,,scalar_acl_exact
pg-diskann,250000,1,w4_acl,616,5.153416,1.0,10,,scalar_acl_exact
pg-diskann,250000,1,w4_acl,928,6.163916,1.0,10,,scalar_acl_exact
pg-diskann,250000,1,w4_acl,303,5.739125,1.0,10,,scalar_acl_exact
pg-diskann,250000,1,w4_acl,105,5.739916,1.0,10,,scalar_acl_exact
pg-diskann,250000,1,w4_acl,651,5.270833,1.0,10,,scalar_acl_exact
pg-diskann,250000,1,w4_acl,509,5.596917,1.0,10,,scalar_acl_exact
pg-diskann,250000,1,w4_acl,241,5.142875,1.0,10,,scalar_acl_exact
pg-diskann,250000,1,w4_acl,454,6.527792,1.0,10,,scalar_acl_exact
pg-diskann,250000,1,w4_acl,977,5.753291,1.0,10,,scalar_acl_exact
pg-diskann,250000,1,w4_acl,830,5.245541,1.0,10,,scalar_acl_exact
pg-diskann,250000,1,w4_acl,463,5.995416,1.0,10,,scalar_acl_exact
pg-diskann,250000,1,w4_acl,248,5.750416,1.0,10,,scalar_acl_exact
pg-diskann,250000,1,w4_acl,636,5.676292,1.0,10,,scalar_acl_exact
pg-diskann,250000,1,w4_acl,959,5.871,1.0,10,,scalar_acl_exact
pg-diskann,250000,1,w4_acl,987,7.262958,1.0,10,,scalar_acl_exact
pg-diskann,250000,1,w4_acl,367,7.92225,1.0,10,,scalar_acl_exact
pg-diskann,250000,1,w4_acl,520,5.45,1.0,10,,scalar_acl_exact
pg-diskann,250000,1,w4_acl,782,5.420708,1.0,10,,scalar_acl_exact
pg-diskann,250000,1,w4_acl,673,6.884167,1.0,10,,scalar_acl_exact
pg-diskann,250000,1,w4_acl,154,5.440375,1.0,10,,scalar_acl_exact
pg-diskann,250000,1,w4_acl,726,5.3935,1.0,10,,scalar_acl_exact
pg-diskann,250000,1,w4_acl,641,5.060083,1.0,10,,scalar_acl_exact
pg-diskann,250000,1,w4_acl,100,7.825292,1.0,10,,scalar_acl_exact
pg-diskann,250000,1,w4_acl,533,5.650958,1.0,10,,scalar_acl_exact
pg-diskann,250000,1,w4_acl,775,5.161167,1.0,10,,scalar_acl_exact
pg-diskann,250000,1,w4_acl,791,5.835583,1.0,10,,scalar_acl_exact
pg-diskann,250000,1,w4_acl,144,5.08675,1.0,10,,scalar_acl_exact
pg-diskann,250000,1,w4_acl,765,7.074042,1.0,10,,scalar_acl_exact
pg-diskann,250000,1,w4_acl,971,5.529292,1.0,10,,scalar_acl_exact
pg-diskann,250000,1,w4_acl,229,6.834875,1.0,10,,scalar_acl_exact
pg-diskann,250000,1,w4_acl,692,5.25275,1.0,10,,scalar_acl_exact
pg-diskann,250000,1,w4_acl,252,5.847791,1.0,10,,scalar_acl_exact
pg-diskann,250000,1,w4_acl,265,6.175667,1.0,10,,scalar_acl_exact
pg-diskann,250000,1,w4_acl,985,5.397208,1.0,10,,scalar_acl_exact
pg-diskann,250000,1,w4_acl,393,5.579458,1.0,10,,scalar_acl_exact
pg-diskann,250000,1,w4_acl,721,5.544416,1.0,10,,scalar_acl_exact
pg-diskann,250000,1,w4_acl,542,6.329875,1.0,10,,scalar_acl_exact
pg-diskann,250000,1,w4_acl,268,5.717917,1.0,10,,scalar_acl_exact
pg-diskann,250000,1,w4_acl,507,6.356834,1.0,10,,scalar_acl_exact
pg-diskann,250000,1,w4_acl,621,6.069583,1.0,10,,scalar_acl_exact
pg-diskann,250000,1,w4_acl,539,6.032833,1.0,10,,scalar_acl_exact
pg-diskann,250000,1,w4_acl,851,5.572125,1.0,10,,scalar_acl_exact
pg-diskann,250000,1,w4_acl,266,6.279084,1.0,10,,scalar_acl_exact
pg-diskann,250000,1,w4_acl,126,5.152875,1.0,10,,scalar_acl_exact
pg-diskann,250000,1,w4_acl,173,5.409084,1.0,10,,scalar_acl_exact
pg-diskann,250000,1,w4_acl,952,5.945209,1.0,10,,scalar_acl_exact
pg-diskann,250000,1,w4_acl,624,9.085375,1.0,10,,scalar_acl_exact
pg-diskann,250000,1,w4_acl,598,6.187167,1.0,10,,scalar_acl_exact
pg-diskann,250000,1,w4_acl,825,5.969084,1.0,10,,scalar_acl_exact
pg-diskann,250000,1,w4_acl,318,5.35475,1.0,10,,scalar_acl_exact
pg-diskann,250000,1,w4_acl,619,5.765292,1.0,10,,scalar_acl_exact
pg-diskann,250000,1,w4_acl,607,5.861875,1.0,10,,scalar_acl_exact
pg-diskann,250000,1,w4_acl,974,5.978708,1.0,10,,scalar_acl_exact
pg-diskann,250000,1,w4_acl,495,6.987083,1.0,10,,scalar_acl_exact
pg-diskann,250000,1,w4_acl,935,6.662708,1.0,10,,scalar_acl_exact
pg-diskann,250000,1,w4_acl,138,5.368792,1.0,10,,scalar_acl_exact
pg-diskann,250000,1,w4_acl,573,5.230292,1.0,10,,scalar_acl_exact
pg-diskann,250000,1,w4_acl,654,6.278333,1.0,10,,scalar_acl_exact
pg-diskann,250000,1,w4_acl,360,7.994083,1.0,10,,scalar_acl_exact
pg-diskann,250000,1,w4_acl,450,5.488542,1.0,10,,scalar_acl_exact
pg-diskann,250000,1,w4_acl,893,5.82675,1.0,10,,scalar_acl_exact
pg-diskann,250000,1,w4_acl,160,7.267,1.0,10,,scalar_acl_exact
pg-diskann,250000,1,w4_acl,771,6.049,1.0,10,,scalar_acl_exact
pg-diskann,250000,1,w4_acl,432,5.779208,1.0,10,,scalar_acl_exact
pg-diskann,250000,1,w4_acl,845,5.809875,1.0,10,,scalar_acl_exact
pg-diskann,250000,1,w4_acl,554,6.085709,1.0,10,,scalar_acl_exact
pg-diskann,250000,1,w4_acl,310,5.191667,1.0,10,,scalar_acl_exact
pg-diskann,250000,1,w4_acl,101,6.379125,1.0,10,,scalar_acl_exact
pg-diskann,250000,1,w4_acl,190,5.951541,1.0,10,,scalar_acl_exact
pg-diskann,250000,1,w4_acl,746,7.160667,1.0,10,,scalar_acl_exact
pg-diskann,250000,1,w4_acl,976,5.636,1.0,10,,scalar_acl_exact
pg-diskann,250000,1,w4_acl,921,5.026166,1.0,10,,scalar_acl_exact
pg-diskann,250000,1,w4_acl,516,5.732041,1.0,10,,scalar_acl_exact
pg-diskann,250000,1,w4_acl,888,6.230417,1.0,10,,scalar_acl_exact
pg-diskann,250000,1,w4_acl,194,5.981625,1.0,10,,scalar_acl_exact
pg-diskann,250000,1,w4_acl,690,9.070042,1.0,10,,scalar_acl_exact
pg-diskann,250000,1,w4_acl,564,5.941666,1.0,10,,scalar_acl_exact
pg-diskann,250000,1,w4_acl,779,5.07475,1.0,10,,scalar_acl_exact
pg-diskann,250000,1,w4_acl,980,6.5075,1.0,10,,scalar_acl_exact
pg-diskann,250000,1,w4_acl,998,8.502584,1.0,10,,scalar_acl_exact
pg-diskann,250000,1,w4_acl,237,6.016292,1.0,10,,scalar_acl_exact
pg-diskann,250000,1,w4_acl,242,5.797083,1.0,10,,scalar_acl_exact
pg-diskann,250000,1,w4_acl,770,5.660416,1.0,10,,scalar_acl_exact
pg-diskann,250000,1,w4_acl,321,5.358334,1.0,10,,scalar_acl_exact
pg-diskann,250000,1,w4_acl,295,8.627083,1.0,10,,scalar_acl_exact
pg-diskann,250000,1,w4_acl,864,5.806166,1.0,10,,scalar_acl_exact
pg-diskann,250000,1,w4_acl,181,5.58925,1.0,10,,scalar_acl_exact
pg-diskann,250000,1,w4_acl,234,6.29675,1.0,10,,scalar_acl_exact
pg-diskann,250000,1,w4_acl,556,5.452209,1.0,10,,scalar_acl_exact
pg-diskann,250000,1,w4_acl,763,6.1885,1.0,10,,scalar_acl_exact
pg-diskann,250000,1,w4_acl,329,5.59925,1.0,10,,scalar_acl_exact
pg-diskann,250000,1,w4_acl,198,8.200084,1.0,10,,scalar_acl_exact
pg-diskann,250000,1,w4_acl,110,6.141292,1.0,10,,scalar_acl_exact
pg-diskann,250000,1,w4_acl,572,6.294041,1.0,10,,scalar_acl_exact
pg-diskann,250000,1,w4_acl,257,5.421667,1.0,10,,scalar_acl_exact
pg-diskann,250000,1,w4_acl,979,6.15275,1.0,10,,scalar_acl_exact
pg-diskann,250000,1,w4_acl,589,4.896916,1.0,10,,scalar_acl_exact
pg-diskann,250000,1,w4_acl,446,5.482041,1.0,10,,scalar_acl_exact
pg-diskann,250000,1,w4_acl,885,6.207542,1.0,10,,scalar_acl_exact
pg-diskann,250000,1,w4_acl,343,6.707541,1.0,10,,scalar_acl_exact
pg-diskann,250000,1,w4_acl,374,5.645417,1.0,10,,scalar_acl_exact
pg-diskann,250000,1,w4_acl,141,6.080291,1.0,10,,scalar_acl_exact
pg-diskann,250000,1,w4_acl,538,5.85625,1.0,10,,scalar_acl_exact
pg-diskann,250000,1,w4_acl,968,9.078666,1.0,10,,scalar_acl_exact
pg-diskann,250000,1,w4_acl,869,6.095667,1.0,10,,scalar_acl_exact
pg-diskann,250000,1,w4_acl,806,6.36175,1.0,10,,scalar_acl_exact
pg-diskann,250000,1,w4_acl,597,6.073791,1.0,10,,scalar_acl_exact
pg-diskann,250000,1,w4_acl,724,5.981042,1.0,10,,scalar_acl_exact
pg-diskann,250000,1,w4_acl,676,10.13375,1.0,10,,scalar_acl_exact
pg-diskann,250000,1,w4_acl,300,6.142167,1.0,10,,scalar_acl_exact
pg-diskann,250000,1,w4_acl,497,8.683458,1.0,10,,scalar_acl_exact
pg-diskann,250000,1,w4_acl,355,5.397875,1.0,10,,scalar_acl_exact
pg-diskann,250000,1,w4_acl,457,5.606541,1.0,10,,scalar_acl_exact
pg-diskann,250000,1,w4_acl,279,5.681125,1.0,10,,scalar_acl_exact
pg-diskann,250000,1,w4_acl,945,9.486041,1.0,10,,scalar_acl_exact
pg-diskann,250000,1,w4_acl,781,6.197875,1.0,10,,scalar_acl_exact
pg-diskann,250000,1,w4_acl,633,5.409625,1.0,10,,scalar_acl_exact
pg-diskann,250000,1,w4_acl,180,5.596042,1.0,10,,scalar_acl_exact
pg-diskann,250000,1,w4_acl,766,5.920292,1.0,10,,scalar_acl_exact
pg-diskann,250000,1,w4_acl,544,5.599042,1.0,10,,scalar_acl_exact
pg-diskann,250000,1,w4_acl,777,5.753833,1.0,10,,scalar_acl_exact
pg-diskann,250000,1,w4_acl,354,5.707875,1.0,10,,scalar_acl_exact
pg-diskann,250000,1,w4_acl,695,10.957959,1.0,10,,scalar_acl_exact
pg-diskann,250000,1,w4_acl,493,6.665958,1.0,10,,scalar_acl_exact
pg-diskann,250000,1,w4_acl,172,6.913583,1.0,10,,scalar_acl_exact
pg-diskann,250000,1,w4_acl,786,6.846583,1.0,10,,scalar_acl_exact
pg-diskann,250000,1,w4_acl,168,6.268208,1.0,10,,scalar_acl_exact
pg-diskann,250000,1,w4_acl,753,5.721917,1.0,10,,scalar_acl_exact
pg-diskann,250000,1,w4_acl,419,6.319167,1.0,10,,scalar_acl_exact
pg-diskann,250000,1,w4_acl,133,6.311667,1.0,10,,scalar_acl_exact
pg-diskann,250000,1,w4_acl,494,6.127459,1.0,10,,scalar_acl_exact
pg-diskann,250000,1,w4_acl,847,5.180167,1.0,10,,scalar_acl_exact
pg-diskann,250000,1,w4_acl,522,5.825333,1.0,10,,scalar_acl_exact
pg-diskann,250000,1,w4_acl,662,5.500625,1.0,10,,scalar_acl_exact
pg-diskann,250000,1,w4_acl,151,5.477125,1.0,10,,scalar_acl_exact
pg-diskann,250000,1,w4_acl,634,6.466541,1.0,10,,scalar_acl_exact
pg-diskann,250000,1,w4_acl,278,7.812083,1.0,10,,scalar_acl_exact
pg-diskann,250000,1,w4_acl,335,10.010708,1.0,10,,scalar_acl_exact
pg-diskann,250000,1,w4_acl,743,6.014875,1.0,10,,scalar_acl_exact
pg-diskann,250000,1,w4_acl,518,6.189334,1.0,10,,scalar_acl_exact
pg-diskann,250000,1,w4_acl,713,6.2265,1.0,10,,scalar_acl_exact
pg-diskann,250000,1,w4_acl,352,6.440917,1.0,10,,scalar_acl_exact
pg-diskann,250000,1,w4_acl,357,7.211083,1.0,10,,scalar_acl_exact
pg-diskann,250000,1,w4_acl,179,7.358792,1.0,10,,scalar_acl_exact
pg-diskann,250000,1,w4_acl,420,8.854417,1.0,10,,scalar_acl_exact
pg-diskann,250000,1,w4_acl,192,8.402125,1.0,10,,scalar_acl_exact
pg-diskann,250000,1,w4_acl,916,7.515583,1.0,10,,scalar_acl_exact
pg-diskann,250000,1,w4_acl,604,10.028208,1.0,10,,scalar_acl_exact
pg-diskann,250000,1,w4_acl,626,7.598708,1.0,10,,scalar_acl_exact
pg-diskann,250000,1,w4_acl,632,7.880416,1.0,10,,scalar_acl_exact
pg-diskann,250000,1,w4_acl,224,6.44975,1.0,10,,scalar_acl_exact
pg-diskann,250000,1,w4_acl,107,8.77825,1.0,10,,scalar_acl_exact
pg-diskann,250000,1,w4_acl,305,6.251,1.0,10,,scalar_acl_exact
pg-diskann,250000,1,w4_acl,599,5.485125,1.0,10,,scalar_acl_exact
pg-diskann,250000,1,w4_acl,582,6.246209,1.0,10,,scalar_acl_exact
pg-diskann,250000,1,w4_acl,456,5.713,1.0,10,,scalar_acl_exact
pg-diskann,250000,1,w4_acl,483,5.160375,1.0,10,,scalar_acl_exact
pg-diskann,250000,1,w4_acl,874,5.664708,1.0,10,,scalar_acl_exact
pg-diskann,250000,1,w4_acl,908,8.860916,1.0,10,,scalar_acl_exact
pg-diskann,250000,1,w4_acl,166,7.982458,1.0,10,,scalar_acl_exact
pg-diskann,250000,1,w4_acl,954,5.787792,1.0,10,,scalar_acl_exact
pg-diskann,250000,1,w4_acl,738,6.119458,1.0,10,,scalar_acl_exact
pg-diskann,250000,1,w4_acl,220,5.627833,1.0,10,,scalar_acl_exact
pg-diskann,250000,1,w4_acl,363,7.911,1.0,10,,scalar_acl_exact
pg-diskann,250000,1,w4_acl,423,7.361583,1.0,10,,scalar_acl_exact
pg-diskann,250000,1,w4_acl,719,6.166209,1.0,10,,scalar_acl_exact
pg-diskann,250000,1,w4_acl,297,6.542292,1.0,10,,scalar_acl_exact
pg-diskann,250000,1,w4_acl,583,5.561625,1.0,10,,scalar_acl_exact
pg-diskann,250000,1,w4_acl,153,6.814875,1.0,10,,scalar_acl_exact
pg-diskann,250000,1,w4_acl,322,6.040417,1.0,10,,scalar_acl_exact
pg-diskann,250000,1,w4_acl,250,5.541584,1.0,10,,scalar_acl_exact
pg-diskann,250000,1,w4_acl,891,8.504334,1.0,10,,scalar_acl_exact
pg-diskann,250000,1,w4_acl,740,6.356042,1.0,10,,scalar_acl_exact
pg-diskann,250000,1,w4_acl,657,5.539583,1.0,10,,scalar_acl_exact
pg-diskann,250000,1,w4_acl,112,6.028417,1.0,10,,scalar_acl_exact
pg-diskann,250000,1,w4_acl,623,5.760458,1.0,10,,scalar_acl_exact
pg-diskann,250000,1,w4_acl,280,5.842583,1.0,10,,scalar_acl_exact
pg-diskann,250000,1,w4_acl,875,4.977583,1.0,10,,scalar_acl_exact
pg-diskann,250000,1,w4_acl,490,5.98675,1.0,10,,scalar_acl_exact
pg-diskann,250000,1,w4_acl,789,7.623209,1.0,10,,scalar_acl_exact
pg-diskann,250000,1,w4_acl,866,6.931833,1.0,10,,scalar_acl_exact
pg-diskann,250000,1,w4_acl,568,8.035833,1.0,10,,scalar_acl_exact
pg-diskann,250000,1,w4_acl,221,7.4945,1.0,10,,scalar_acl_exact
pg-diskann,250000,1,w4_acl,214,6.190208,1.0,10,,scalar_acl_exact
pg-diskann,250000,1,w4_acl,512,6.065333,1.0,10,,scalar_acl_exact
pg-diskann,250000,1,w4_acl,819,6.062292,1.0,10,,scalar_acl_exact
pg-diskann,250000,1,w4_acl,370,6.122334,1.0,10,,scalar_acl_exact
pg-diskann,250000,1,w4_acl,359,6.378291,1.0,10,,scalar_acl_exact
pg-diskann,250000,1,w4_acl,205,6.532125,1.0,10,,scalar_acl_exact
pg-diskann,250000,1,w4_acl,482,5.71325,1.0,10,,scalar_acl_exact
pg-diskann,250000,1,w4_acl,361,6.023333,1.0,10,,scalar_acl_exact
pg-diskann,250000,1,w4_acl,525,6.808375,1.0,10,,scalar_acl_exact
pg-diskann,250000,1,w4_acl,176,5.500792,1.0,10,,scalar_acl_exact
pg-diskann,250000,1,w4_acl,401,5.8845,1.0,10,,scalar_acl_exact
pg-diskann,250000,1,w4_acl,461,8.591916,1.0,10,,scalar_acl_exact
pg-diskann,250000,1,w4_acl,129,5.989708,1.0,10,,scalar_acl_exact
pg-diskann,250000,1,w4_acl,659,6.058125,1.0,10,,scalar_acl_exact
pg-diskann,250000,1,w4_acl,854,5.994667,1.0,10,,scalar_acl_exact
pg-diskann,250000,1,w4_acl,524,6.321208,1.0,10,,scalar_acl_exact
pg-diskann,250000,1,w4_acl,501,6.714042,1.0,10,,scalar_acl_exact
pg-diskann,250000,1,w4_acl,146,5.820334,1.0,10,,scalar_acl_exact
pg-diskann,250000,1,w4_acl,682,5.686625,1.0,10,,scalar_acl_exact
pg-diskann,250000,1,w4_acl,537,6.119709,1.0,10,,scalar_acl_exact
pg-diskann,250000,1,w4_acl,514,8.313916,1.0,10,,scalar_acl_exact
pg-diskann,250000,1,w4_acl,381,5.900584,1.0,10,,scalar_acl_exact
pg-diskann,250000,1,w4_acl,376,6.245625,1.0,10,,scalar_acl_exact
pg-diskann,250000,1,w4_acl,772,5.222542,1.0,10,,scalar_acl_exact
pg-diskann,250000,1,w4_acl,953,6.475375,1.0,10,,scalar_acl_exact
pg-diskann,250000,1,w4_acl,203,5.858917,1.0,10,,scalar_acl_exact
pg-diskann,250000,1,w4_acl,630,5.662125,1.0,10,,scalar_acl_exact
pg-diskann,250000,1,w4_acl,243,5.871417,1.0,10,,scalar_acl_exact
pg-diskann,250000,1,w4_acl,923,6.122833,1.0,10,,scalar_acl_exact
pg-diskann,250000,1,w4_acl,111,5.560625,1.0,10,,scalar_acl_exact
pg-diskann,250000,1,w4_acl,617,6.536333,1.0,10,,scalar_acl_exact
pg-diskann,250000,1,w4_acl,201,5.795291,1.0,10,,scalar_acl_exact
pg-diskann,250000,1,w4_acl,427,6.00375,1.0,10,,scalar_acl_exact
pg-diskann,250000,1,w4_acl,751,5.575333,1.0,10,,scalar_acl_exact
pg-diskann,250000,1,w4_acl,399,5.3025,1.0,10,,scalar_acl_exact
pg-diskann,250000,1,w4_acl,152,5.909625,1.0,10,,scalar_acl_exact
pg-diskann,250000,1,w4_acl,708,5.716583,1.0,10,,scalar_acl_exact
pg-diskann,250000,1,w4_acl,131,5.872916,1.0,10,,scalar_acl_exact
pg-diskann,250000,1,w4_acl,778,6.339375,1.0,10,,scalar_acl_exact
pg-diskann,250000,1,w4_acl,718,9.761667,1.0,10,,scalar_acl_exact
pg-diskann,250000,1,w4_acl,448,7.277,1.0,10,,scalar_acl_exact
pg-diskann,250000,1,w4_acl,868,6.672167,1.0,10,,scalar_acl_exact
pg-diskann,250000,1,w4_acl,813,6.410083,1.0,10,,scalar_acl_exact
pg-diskann,250000,1,w4_acl,603,10.244333,1.0,10,,scalar_acl_exact
pg-diskann,250000,1,w4_acl,638,5.752708,1.0,10,,scalar_acl_exact
pg-diskann,250000,1,w4_acl,470,5.467833,1.0,10,,scalar_acl_exact
pg-diskann,250000,1,w4_acl,774,6.695042,1.0,10,,scalar_acl_exact
pg-diskann,250000,1,w4_acl,120,7.97475,1.0,10,,scalar_acl_exact
pg-diskann,250000,1,w4_acl,380,6.134042,1.0,10,,scalar_acl_exact
pg-diskann,250000,1,w4_acl,760,5.31625,1.0,10,,scalar_acl_exact
pg-diskann,250000,1,w4_acl,836,5.993875,1.0,10,,scalar_acl_exact
pg-diskann,250000,1,w4_acl,963,6.450458,1.0,10,,scalar_acl_exact
pg-diskann,250000,1,w4_acl,745,5.603458,1.0,10,,scalar_acl_exact
pg-diskann,250000,1,w4_acl,686,5.600458,1.0,10,,scalar_acl_exact
pg-diskann,250000,1,w4_acl,551,7.717417,1.0,10,,scalar_acl_exact
pg-diskann,250000,1,w4_acl,223,6.336625,1.0,10,,scalar_acl_exact
pg-diskann,250000,1,w4_acl,658,5.893417,1.0,10,,scalar_acl_exact
pg-diskann,250000,1,w4_acl,157,5.537292,1.0,10,,scalar_acl_exact
pg-diskann,250000,1,w4_acl,227,6.33975,1.0,10,,scalar_acl_exact
pg-diskann,250000,1,w4_acl,693,11.327416,1.0,10,,scalar_acl_exact
pg-diskann,250000,1,w4_acl,964,5.706417,1.0,10,,scalar_acl_exact
pg-diskann,250000,1,w4_acl,523,5.931375,1.0,10,,scalar_acl_exact
pg-diskann,250000,1,w4_acl,492,5.509292,1.0,10,,scalar_acl_exact
pg-diskann,250000,1,w4_acl,756,5.588583,1.0,10,,scalar_acl_exact
pg-diskann,250000,1,w4_acl,488,7.789458,1.0,10,,scalar_acl_exact
pg-diskann,250000,1,w4_acl,375,6.188209,1.0,10,,scalar_acl_exact
pg-diskann,250000,1,w4_acl,967,5.751917,1.0,10,,scalar_acl_exact
pg-diskann,250000,1,w4_acl,296,5.499042,1.0,10,,scalar_acl_exact
pg-diskann,250000,1,w4_acl,441,8.80325,1.0,10,,scalar_acl_exact
pg-diskann,250000,1,w4_acl,703,6.096709,1.0,10,,scalar_acl_exact
pg-diskann,250000,1,w4_acl,946,6.223875,1.0,10,,scalar_acl_exact
pg-diskann,250000,1,w4_acl,298,6.1925,1.0,10,,scalar_acl_exact
pg-diskann,250000,1,w4_acl,750,5.871541,1.0,10,,scalar_acl_exact
pg-diskann,250000,1,w4_acl,817,7.580125,1.0,10,,scalar_acl_exact
pg-diskann,250000,1,w4_acl,606,6.455542,1.0,10,,scalar_acl_exact
pg-diskann,250000,1,w4_acl,340,7.506084,1.0,10,,scalar_acl_exact
pg-diskann,250000,1,w4_acl,991,7.061084,1.0,10,,scalar_acl_exact
pg-diskann,250000,1,w4_acl,216,5.904667,1.0,10,,scalar_acl_exact
pg-diskann,250000,1,w4_acl,484,6.608875,1.0,10,,scalar_acl_exact
pg-diskann,250000,1,w4_acl,802,9.020833,1.0,10,,scalar_acl_exact
pg-diskann,250000,1,w4_acl,881,5.756125,1.0,10,,scalar_acl_exact
pg-diskann,250000,1,w4_acl,608,6.059542,1.0,10,,scalar_acl_exact
pg-diskann,250000,1,w4_acl,104,5.6225,1.0,10,,scalar_acl_exact
pg-diskann,250000,1,w4_acl,844,5.995416,1.0,10,,scalar_acl_exact
pg-diskann,250000,1,w4_acl,966,6.027333,1.0,10,,scalar_acl_exact
pg-diskann,250000,1,w4_acl,230,7.211291,1.0,10,,scalar_acl_exact
pg-diskann,250000,1,w4_acl,926,6.025292,1.0,10,,scalar_acl_exact
pg-diskann,250000,1,w4_acl,675,6.498709,1.0,10,,scalar_acl_exact
pg-diskann,250000,1,w4_acl,794,7.418458,1.0,10,,scalar_acl_exact
pg-diskann,250000,1,w4_acl,644,8.529458,1.0,10,,scalar_acl_exact
pg-diskann,250000,1,w4_acl,812,6.395083,1.0,10,,scalar_acl_exact
pg-diskann,250000,1,w4_acl,271,6.561625,1.0,10,,scalar_acl_exact
pg-diskann,250000,1,w4_acl,442,5.916584,1.0,10,,scalar_acl_exact
pg-diskann,250000,1,w4_acl,936,5.979083,1.0,10,,scalar_acl_exact
pg-diskann,250000,1,w4_acl,545,6.620375,1.0,10,,scalar_acl_exact
pg-diskann,250000,1,w4_acl,425,6.670416,1.0,10,,scalar_acl_exact
pg-diskann,250000,1,w4_acl,716,5.915042,1.0,10,,scalar_acl_exact
pg-diskann,250000,1,w4_acl,462,5.625042,1.0,10,,scalar_acl_exact
pg-diskann,250000,1,w4_acl,969,9.011,1.0,10,,scalar_acl_exact
pg-diskann,250000,1,w4_acl,549,14.589209,1.0,10,,scalar_acl_exact
pg-diskann,250000,1,w4_acl,304,7.988958,1.0,10,,scalar_acl_exact
pg-diskann,250000,1,w4_acl,445,6.60025,1.0,10,,scalar_acl_exact
pg-diskann,250000,1,w4_acl,338,6.124667,1.0,10,,scalar_acl_exact
pg-diskann,250000,1,w4_acl,749,5.645542,1.0,10,,scalar_acl_exact
pg-diskann,250000,1,w4_acl,769,6.600167,1.0,10,,scalar_acl_exact
pg-diskann,250000,1,w4_acl,115,8.014167,1.0,10,,scalar_acl_exact
pg-diskann,250000,1,w4_acl,981,7.146583,1.0,10,,scalar_acl_exact
pg-diskann,250000,1,w4_acl,150,6.153125,1.0,10,,scalar_acl_exact
pg-diskann,250000,1,w4_acl,593,5.769584,1.0,10,,scalar_acl_exact
pg-diskann,250000,1,w4_acl,699,5.418792,1.0,10,,scalar_acl_exact
pg-diskann,250000,1,w4_acl,972,6.3065,1.0,10,,scalar_acl_exact
pg-diskann,250000,1,w4_acl,499,6.245916,1.0,10,,scalar_acl_exact
pg-diskann,250000,1,w4_acl,715,7.429042,1.0,10,,scalar_acl_exact
pg-diskann,250000,1,w4_acl,709,7.898583,1.0,10,,scalar_acl_exact
pg-diskann,250000,1,w4_acl,478,6.7295,1.0,10,,scalar_acl_exact
pg-diskann,250000,1,w4_acl,424,6.508875,1.0,10,,scalar_acl_exact
pg-diskann,250000,1,w4_acl,255,6.53975,1.0,10,,scalar_acl_exact
pg-diskann,250000,1,w4_acl,892,5.697416,1.0,10,,scalar_acl_exact
pg-diskann,250000,1,w4_acl,649,7.360208,1.0,10,,scalar_acl_exact
pg-diskann,250000,1,w4_acl,696,7.62475,1.0,10,,scalar_acl_exact
pg-diskann,250000,1,w4_acl,167,7.432083,1.0,10,,scalar_acl_exact
pg-diskann,250000,1,w4_acl,475,7.036084,1.0,10,,scalar_acl_exact
pg-diskann,250000,1,w4_acl,677,8.837666,1.0,10,,scalar_acl_exact
pg-diskann,250000,1,w4_acl,215,5.641916,1.0,10,,scalar_acl_exact
pg-diskann,250000,1,w4_acl,521,5.34975,1.0,10,,scalar_acl_exact
pg-diskann,250000,1,w4_acl,639,5.376834,1.0,10,,scalar_acl_exact
pg-diskann,250000,1,w4_acl,290,5.672333,1.0,10,,scalar_acl_exact
pg-diskann,250000,1,w4_acl,413,5.423333,1.0,10,,scalar_acl_exact
pg-diskann,250000,1,w4_acl,384,5.856625,1.0,10,,scalar_acl_exact
pg-diskann,250000,1,w4_acl,602,5.869584,1.0,10,,scalar_acl_exact
pg-diskann,250000,1,w4_acl,396,5.358083,1.0,10,,scalar_acl_exact
pg-diskann,250000,1,w4_acl,332,6.527583,1.0,10,,scalar_acl_exact
pg-diskann,250000,1,w4_acl,261,6.083416,1.0,10,,scalar_acl_exact
pg-diskann,250000,1,w4_acl,815,5.545584,1.0,10,,scalar_acl_exact
pg-diskann,250000,1,w4_acl,878,5.820875,1.0,10,,scalar_acl_exact
pg-diskann,250000,1,w4_acl,986,5.704208,1.0,10,,scalar_acl_exact
pg-diskann,250000,1,w4_acl,395,9.111625,1.0,10,,scalar_acl_exact
pg-diskann,250000,1,w4_acl,282,6.432375,1.0,10,,scalar_acl_exact
pg-diskann,250000,1,w4_acl,899,5.995708,1.0,10,,scalar_acl_exact
pg-diskann,250000,1,w4_acl,578,5.468916,1.0,10,,scalar_acl_exact
pg-diskann,250000,1,w4_acl,739,6.5485,1.0,10,,scalar_acl_exact
pg-diskann,250000,1,w4_acl,627,5.551042,1.0,10,,scalar_acl_exact
pg-diskann,250000,1,w4_acl,861,5.366791,1.0,10,,scalar_acl_exact
pg-diskann,250000,1,w4_acl,906,4.998042,1.0,10,,scalar_acl_exact
pg-diskann,250000,1,w4_acl,620,8.196042,1.0,10,,scalar_acl_exact
pg-diskann,250000,1,w4_acl,334,5.182708,1.0,10,,scalar_acl_exact
pg-diskann,250000,1,w4_acl,768,5.505625,1.0,10,,scalar_acl_exact
pg-diskann,250000,1,w4_acl,694,5.974959,1.0,10,,scalar_acl_exact
pg-diskann,250000,1,w4_acl,837,6.427792,1.0,10,,scalar_acl_exact
pg-diskann,250000,1,w4_acl,809,5.911792,1.0,10,,scalar_acl_exact
pg-diskann,250000,1,w4_acl,920,5.340792,1.0,10,,scalar_acl_exact
pg-diskann,250000,1,w4_acl,311,7.192458,1.0,10,,scalar_acl_exact
pg-diskann,250000,1,w4_acl,238,11.031458,1.0,10,,scalar_acl_exact
pg-diskann,250000,1,w4_acl,389,6.356208,1.0,10,,scalar_acl_exact
pg-diskann,250000,1,w4_acl,307,6.562209,1.0,10,,scalar_acl_exact
pg-diskann,250000,1,w4_acl,752,5.633375,1.0,10,,scalar_acl_exact
pg-diskann,250000,1,w4_acl,992,5.154458,1.0,10,,scalar_acl_exact
pg-diskann,250000,1,w4_acl,956,7.091042,1.0,10,,scalar_acl_exact
pg-diskann,250000,1,w4_acl,735,8.392833,1.0,10,,scalar_acl_exact
pg-diskann,250000,1,w4_acl,905,5.824417,1.0,10,,scalar_acl_exact
pg-diskann,250000,1,w4_acl,285,5.741541,1.0,10,,scalar_acl_exact
pg-diskann,250000,1,w4_acl,267,6.11725,1.0,10,,scalar_acl_exact
pg-diskann,250000,1,w4_acl,364,9.623458,1.0,10,,scalar_acl_exact
pg-diskann,250000,1,w4_acl,191,5.856125,1.0,10,,scalar_acl_exact
pg-diskann,250000,1,w4_acl,466,6.375459,1.0,10,,scalar_acl_exact
pg-diskann,250000,1,w4_acl,438,6.089625,1.0,10,,scalar_acl_exact
pg-diskann,250000,1,w4_acl,655,5.762083,1.0,10,,scalar_acl_exact
pg-diskann,250000,1,w4_acl,930,6.148292,1.0,10,,scalar_acl_exact
pg-diskann,250000,1,w4_acl,477,6.052959,1.0,10,,scalar_acl_exact
pg-diskann,250000,1,w4_acl,855,5.370625,1.0,10,,scalar_acl_exact
pg-diskann,250000,1,w4_acl,491,5.651167,1.0,10,,scalar_acl_exact
pg-diskann,250000,1,w4_acl,993,7.689875,1.0,10,,scalar_acl_exact
pg-diskann,250000,1,w4_acl,398,6.086417,1.0,10,,scalar_acl_exact
pg-diskann,250000,1,w4_acl,858,5.746209,1.0,10,,scalar_acl_exact
pg-diskann,250000,1,w4_acl,117,6.463,1.0,10,,scalar_acl_exact
pg-diskann,250000,1,w4_acl,270,5.805292,1.0,10,,scalar_acl_exact
pg-diskann,250000,1,w4_acl,755,5.44075,1.0,10,,scalar_acl_exact
pg-diskann,250000,1,w4_acl,863,5.768292,1.0,10,,scalar_acl_exact
pg-diskann,250000,1,w4_acl,665,6.08725,1.0,10,,scalar_acl_exact
pg-diskann,250000,1,w4_acl,415,6.5215,1.0,10,,scalar_acl_exact
pg-diskann,250000,1,w4_acl,722,5.306292,1.0,10,,scalar_acl_exact
pg-diskann,250000,1,w4_acl,843,6.515125,1.0,10,,scalar_acl_exact
pg-diskann,250000,1,w4_acl,500,6.085375,1.0,10,,scalar_acl_exact
pg-diskann,250000,1,w4_acl,344,5.695708,1.0,10,,scalar_acl_exact
pg-diskann,250000,1,w4_acl,546,5.674709,1.0,10,,scalar_acl_exact
pg-diskann,250000,1,w4_acl,369,5.471833,1.0,10,,scalar_acl_exact
pg-diskann,250000,1,w4_acl,109,5.820458,1.0,10,,scalar_acl_exact
pg-diskann,250000,1,w4_acl,671,5.384458,1.0,10,,scalar_acl_exact
pg-diskann,250000,1,w4_acl,185,6.664042,1.0,10,,scalar_acl_exact
pg-diskann,250000,1,w4_acl,235,7.963625,1.0,10,,scalar_acl_exact
pg-diskann,250000,1,w4_acl,712,5.299667,1.0,10,,scalar_acl_exact
pg-diskann,250000,1,w4_acl,996,5.486375,1.0,10,,scalar_acl_exact
pg-diskann,250000,1,w4_acl,274,5.9585,1.0,10,,scalar_acl_exact
pg-diskann,250000,1,w4_acl,113,5.201292,1.0,10,,scalar_acl_exact
pg-diskann,250000,1,w4_acl,934,5.800292,1.0,10,,scalar_acl_exact
pg-diskann,250000,1,w4_acl,459,5.649375,1.0,10,,scalar_acl_exact
pg-diskann,250000,1,w4_acl,727,6.533,1.0,10,,scalar_acl_exact
pg-diskann,250000,1,w4_acl,233,6.122584,1.0,10,,scalar_acl_exact
pg-diskann,250000,1,w4_acl,287,5.475458,1.0,10,,scalar_acl_exact
pg-diskann,250000,1,w4_acl,831,6.051542,1.0,10,,scalar_acl_exact
pg-diskann,250000,1,w4_acl,211,10.584708,1.0,10,,scalar_acl_exact
pg-diskann,250000,1,w4_acl,292,6.127375,1.0,10,,scalar_acl_exact
pg-diskann,250000,1,w4_acl,687,5.826167,1.0,10,,scalar_acl_exact
pg-diskann,250000,1,w4_acl,821,5.478833,1.0,10,,scalar_acl_exact
pg-diskann,250000,1,w4_acl,306,6.266125,1.0,10,,scalar_acl_exact
pg-diskann,250000,1,w4_acl,106,5.460958,1.0,10,,scalar_acl_exact
pg-diskann,250000,1,w4_acl,949,6.323542,1.0,10,,scalar_acl_exact
pg-diskann,250000,1,w4_acl,528,6.128834,1.0,10,,scalar_acl_exact
pg-diskann,250000,1,w4_acl,910,6.2285,1.0,10,,scalar_acl_exact
pg-diskann,250000,1,w4_acl,566,6.013041,1.0,10,,scalar_acl_exact
pg-diskann,250000,1,w4_acl,122,5.337792,1.0,10,,scalar_acl_exact
pg-diskann,250000,1,w4_acl,943,5.665584,1.0,10,,scalar_acl_exact
pg-diskann,250000,1,w4_acl,857,7.788167,1.0,10,,scalar_acl_exact
pg-diskann,250000,1,w4_acl,159,6.074875,1.0,10,,scalar_acl_exact
pg-diskann,250000,1,w4_acl,790,5.399625,1.0,10,,scalar_acl_exact
pg-diskann,250000,1,w4_acl,798,5.829375,1.0,10,,scalar_acl_exact
pg-diskann,250000,1,w4_acl,918,8.112708,1.0,10,,scalar_acl_exact
pg-diskann,250000,1,w4_acl,123,7.63825,1.0,10,,scalar_acl_exact
pg-diskann,250000,1,w4_acl,613,6.28375,1.0,10,,scalar_acl_exact
pg-diskann,250000,1,w4_acl,124,6.134417,1.0,10,,scalar_acl_exact
pg-diskann,250000,1,w4_acl,404,5.51325,1.0,10,,scalar_acl_exact
pg-diskann,250000,1,w4_acl,741,5.432583,1.0,10,,scalar_acl_exact
pg-diskann,250000,1,w4_acl,947,6.555833,1.0,10,,scalar_acl_exact
pg-diskann,250000,1,w4_acl,453,6.121375,1.0,10,,scalar_acl_exact
pg-diskann,250000,1,w4_acl,622,5.580208,1.0,10,,scalar_acl_exact
pg-diskann,250000,1,w4_acl,392,8.805791,1.0,10,,scalar_acl_exact
pg-diskann,250000,1,w4_acl,346,7.998084,1.0,10,,scalar_acl_exact
pg-diskann,250000,1,w4_acl,576,6.238959,1.0,10,,scalar_acl_exact
pg-diskann,250000,1,w4_acl,550,5.291834,1.0,10,,scalar_acl_exact
pg-diskann,250000,1,w4_acl,517,6.817625,1.0,10,,scalar_acl_exact
pg-diskann,250000,1,w4_acl,210,5.382083,1.0,10,,scalar_acl_exact
pg-diskann,250000,1,w4_acl,358,4.913375,1.0,10,,scalar_acl_exact
pg-diskann,250000,1,w4_acl,130,5.619667,1.0,10,,scalar_acl_exact
pg-diskann,250000,1,w4_acl,585,8.425916,1.0,10,,scalar_acl_exact
pg-diskann,250000,1,w4_acl,137,6.042667,1.0,10,,scalar_acl_exact
pg-diskann,250000,1,w4_acl,663,5.925209,1.0,10,,scalar_acl_exact
pg-diskann,250000,1,w4_acl,319,6.163458,1.0,10,,scalar_acl_exact
pg-diskann,250000,1,w4_acl,871,5.622458,1.0,10,,scalar_acl_exact
pg-diskann,250000,1,w4_acl,922,6.532208,1.0,10,,scalar_acl_exact
pg-diskann,250000,1,w4_acl,978,6.082084,1.0,10,,scalar_acl_exact
pg-diskann,250000,1,w4_acl,640,5.883792,1.0,10,,scalar_acl_exact
pg-diskann,250000,1,w4_acl,684,5.6025,1.0,10,,scalar_acl_exact
pg-diskann,250000,1,w4_acl,913,5.279583,1.0,10,,scalar_acl_exact
pg-diskann,250000,1,w4_acl,366,5.061791,1.0,10,,scalar_acl_exact
pg-diskann,250000,1,w4_acl,902,6.073625,1.0,10,,scalar_acl_exact
pg-diskann,250000,1,w4_acl,625,9.464542,1.0,10,,scalar_acl_exact
pg-diskann,250000,1,w4_acl,605,6.121958,1.0,10,,scalar_acl_exact
pg-diskann,250000,1,w4_acl,149,6.2655,1.0,10,,scalar_acl_exact
pg-diskann,250000,1,w4_acl,796,5.318375,1.0,10,,scalar_acl_exact
pg-diskann,250000,1,w4_acl,379,6.916959,1.0,10,,scalar_acl_exact
pg-diskann,250000,1,w4_acl,883,5.916167,1.0,10,,scalar_acl_exact
pg-diskann,250000,1,w4_acl,646,9.150667,1.0,10,,scalar_acl_exact
pg-diskann,250000,1,w4_acl,723,6.071042,1.0,10,,scalar_acl_exact
pg-diskann,250000,1,w4_acl,206,5.252792,1.0,10,,scalar_acl_exact
pg-diskann,250000,1,w4_acl,807,5.4495,1.0,10,,scalar_acl_exact
pg-diskann,250000,1,w4_acl,820,5.231125,1.0,10,,scalar_acl_exact
pg-diskann,250000,1,w4_acl,853,5.494292,1.0,10,,scalar_acl_exact
pg-diskann,250000,1,w4_acl,842,6.526125,1.0,10,,scalar_acl_exact
pg-diskann,250000,1,w4_acl,148,5.337083,1.0,10,,scalar_acl_exact
pg-diskann,250000,1,w4_acl,584,5.381,1.0,10,,scalar_acl_exact
pg-diskann,250000,1,w4_acl,437,7.261958,1.0,10,,scalar_acl_exact
pg-diskann,250000,1,w4_acl,315,5.028167,1.0,10,,scalar_acl_exact
pg-diskann,250000,1,w4_acl,162,6.349333,1.0,10,,scalar_acl_exact
pg-diskann,250000,1,w4_acl,387,5.774708,1.0,10,,scalar_acl_exact
pg-diskann,250000,1,w4_acl,531,5.799875,1.0,10,,scalar_acl_exact
pg-diskann,250000,1,w4_acl,886,5.744166,1.0,10,,scalar_acl_exact
pg-diskann,250000,1,w4_acl,218,5.357125,1.0,10,,scalar_acl_exact
pg-diskann,250000,1,w4_acl,997,5.942958,1.0,10,,scalar_acl_exact
pg-diskann,250000,1,w4_acl,426,5.812416,1.0,10,,scalar_acl_exact
pg-diskann,250000,1,w4_acl,701,6.150875,1.0,10,,scalar_acl_exact
pg-diskann,250000,1,w4_acl,702,5.524666,1.0,10,,scalar_acl_exact
pg-diskann,250000,1,w4_acl,629,9.518875,1.0,10,,scalar_acl_exact
pg-diskann,250000,1,w4_acl,571,5.908709,1.0,10,,scalar_acl_exact
pg-diskann,250000,1,w4_acl,535,8.966875,1.0,10,,scalar_acl_exact
pg-diskann,250000,1,w4_acl,586,6.726917,1.0,10,,scalar_acl_exact
pg-diskann,250000,1,w4_acl,277,5.889542,1.0,10,,scalar_acl_exact
pg-diskann,250000,1,w4_acl,729,6.327083,1.0,10,,scalar_acl_exact
pg-diskann,250000,1,w4_acl,508,5.841917,1.0,10,,scalar_acl_exact
pg-diskann,250000,1,w4_acl,513,5.888125,1.0,10,,scalar_acl_exact
pg-diskann,250000,1,w4_acl,331,5.256583,1.0,10,,scalar_acl_exact
pg-diskann,250000,1,w4_acl,547,6.710958,1.0,10,,scalar_acl_exact
pg-diskann,250000,1,w4_acl,653,6.624083,1.0,10,,scalar_acl_exact
pg-diskann,250000,1,w4_acl,914,11.317042,1.0,10,,scalar_acl_exact
pg-diskann,250000,1,w4_acl,314,5.414125,1.0,10,,scalar_acl_exact
pg-diskann,250000,1,w4_acl,811,6.876958,1.0,10,,scalar_acl_exact
pg-diskann,250000,1,w4_acl,984,5.50075,1.0,10,,scalar_acl_exact
pg-diskann,250000,1,w4_acl,406,6.039375,1.0,10,,scalar_acl_exact
pg-diskann,250000,1,w4_acl,312,6.124167,1.0,10,,scalar_acl_exact
pg-diskann,250000,1,w4_acl,316,5.293084,1.0,10,,scalar_acl_exact
pg-diskann,250000,1,w4_acl,840,5.20925,1.0,10,,scalar_acl_exact
pg-diskann,250000,1,w4_acl,832,7.115875,1.0,10,,scalar_acl_exact
pg-diskann,250000,1,w4_acl,829,6.239541,1.0,10,,scalar_acl_exact
pg-diskann,250000,1,w4_acl,955,5.406458,1.0,10,,scalar_acl_exact
pg-diskann,250000,1,w4_acl,933,5.248833,1.0,10,,scalar_acl_exact
pg-diskann,250000,1,w4_acl,264,5.828708,1.0,10,,scalar_acl_exact
pg-diskann,250000,1,w4_acl,999,5.897541,1.0,10,,scalar_acl_exact
pg-diskann,250000,1,w4_acl,293,5.765667,1.0,10,,scalar_acl_exact
pg-diskann,250000,1,w4_acl,683,5.9235,1.0,10,,scalar_acl_exact
pg-diskann,250000,1,w4_acl,333,5.835833,1.0,10,,scalar_acl_exact
pg-diskann,250000,1,w4_acl,326,5.533167,1.0,10,,scalar_acl_exact
pg-diskann,250000,1,w4_acl,418,5.069791,1.0,10,,scalar_acl_exact
pg-diskann,250000,1,w4_acl,904,5.155792,1.0,10,,scalar_acl_exact
pg-diskann,250000,1,w4_acl,827,5.977125,1.0,10,,scalar_acl_exact
pg-diskann,250000,1,w4_acl,320,5.920333,1.0,10,,scalar_acl_exact
pg-diskann,250000,1,w4_acl,187,6.336417,1.0,10,,scalar_acl_exact
pg-diskann,250000,1,w4_acl,736,5.493625,1.0,10,,scalar_acl_exact
pg-diskann,250000,1,w4_acl,824,6.31525,1.0,10,,scalar_acl_exact
pg-diskann,250000,1,w4_acl,895,6.178667,1.0,10,,scalar_acl_exact
pg-diskann,250000,1,w4_acl,175,5.187041,1.0,10,,scalar_acl_exact
pg-diskann,250000,1,w4_acl,873,5.588833,1.0,10,,scalar_acl_exact
pg-diskann,250000,1,w4_acl,391,5.148583,1.0,10,,scalar_acl_exact
pg-diskann,250000,1,w4_acl,799,6.343333,1.0,10,,scalar_acl_exact
pg-diskann,250000,1,w4_acl,259,5.421208,1.0,10,,scalar_acl_exact
pg-diskann,250000,1,w4_acl,288,6.213875,1.0,10,,scalar_acl_exact
pg-diskann,250000,1,w4_acl,792,5.834125,1.0,10,,scalar_acl_exact
pg-diskann,250000,1,w4_acl,720,6.033375,1.0,10,,scalar_acl_exact
pg-diskann,250000,1,w4_acl,213,5.696708,1.0,10,,scalar_acl_exact
pg-diskann,250000,1,w4_acl,728,5.282416,1.0,10,,scalar_acl_exact
pg-diskann,250000,1,w4_acl,147,6.497958,1.0,10,,scalar_acl_exact
pg-diskann,250000,1,w4_acl,286,5.900458,1.0,10,,scalar_acl_exact
pg-diskann,250000,1,w4_acl,880,5.589875,1.0,10,,scalar_acl_exact
pg-diskann,250000,1,w4_acl,975,6.53325,1.0,10,,scalar_acl_exact
pg-diskann,250000,1,w4_acl,390,6.186916,1.0,10,,scalar_acl_exact
pg-diskann,250000,1,w4_acl,226,7.275,1.0,10,,scalar_acl_exact
pg-diskann,250000,1,w4_acl,631,5.850625,1.0,10,,scalar_acl_exact
pg-diskann,250000,1,w4_acl,472,6.135,1.0,10,,scalar_acl_exact
pg-diskann,250000,1,w4_acl,385,6.494083,1.0,10,,scalar_acl_exact
pg-diskann,250000,1,w4_acl,414,5.351084,1.0,10,,scalar_acl_exact
pg-diskann,250000,1,w4_acl,882,5.346167,1.0,10,,scalar_acl_exact
pg-diskann,250000,1,w4_acl,240,5.821875,1.0,10,,scalar_acl_exact
pg-diskann,250000,1,w4_acl,183,6.079667,1.0,10,,scalar_acl_exact
pg-diskann,250000,1,w4_acl,965,5.466834,1.0,10,,scalar_acl_exact
pg-diskann,250000,1,w4_acl,615,5.755208,1.0,10,,scalar_acl_exact
pg-diskann,250000,1,w4_acl,666,5.510958,1.0,10,,scalar_acl_exact
pg-diskann,250000,1,w4_acl,944,5.224708,1.0,10,,scalar_acl_exact
pg-diskann,250000,1,w4_acl,455,6.294625,1.0,10,,scalar_acl_exact
pg-diskann,250000,1,w4_acl,548,6.033833,1.0,10,,scalar_acl_exact
pg-diskann,250000,1,w4_acl,697,6.183541,1.0,10,,scalar_acl_exact
pg-diskann,250000,1,w4_acl,251,6.008041,1.0,10,,scalar_acl_exact
pg-diskann,250000,1,w4_acl,498,6.199375,1.0,10,,scalar_acl_exact
pg-diskann,250000,1,w4_acl,668,6.281458,1.0,10,,scalar_acl_exact
pg-diskann,250000,1,w4_acl,563,6.452167,1.0,10,,scalar_acl_exact
pg-diskann,250000,1,w4_acl,511,6.293167,1.0,10,,scalar_acl_exact
pg-diskann,250000,1,w4_acl,907,5.437125,1.0,10,,scalar_acl_exact
pg-diskann,250000,1,w4_acl,594,6.138917,1.0,10,,scalar_acl_exact
pg-diskann,250000,1,w4_acl,245,6.081334,1.0,10,,scalar_acl_exact
pg-diskann,250000,1,w4_acl,705,6.173708,1.0,10,,scalar_acl_exact
pg-diskann,250000,1,w4_acl,431,6.192584,1.0,10,,scalar_acl_exact
pg-diskann,250000,1,w4_acl,348,5.569917,1.0,10,,scalar_acl_exact
pg-diskann,250000,1,w4_acl,565,6.238208,1.0,10,,scalar_acl_exact
pg-diskann,250000,1,w4_acl,330,6.352833,1.0,10,,scalar_acl_exact
pg-diskann,250000,1,w4_acl,377,6.06625,1.0,10,,scalar_acl_exact
pg-diskann,250000,1,w4_acl,342,6.187375,1.0,10,,scalar_acl_exact
pg-diskann,250000,1,w4_acl,669,5.385042,1.0,10,,scalar_acl_exact
pg-diskann,250000,1,w4_acl,487,6.084,1.0,10,,scalar_acl_exact
pg-diskann,250000,1,w4_acl,757,6.101708,1.0,10,,scalar_acl_exact
pg-diskann,250000,1,w4_acl,924,5.876667,1.0,10,,scalar_acl_exact
pg-diskann,250000,1,w4_acl,435,6.416834,1.0,10,,scalar_acl_exact
pg-diskann,250000,1,w4_acl,382,6.253916,1.0,10,,scalar_acl_exact
pg-diskann,250000,1,w4_acl,222,5.710875,1.0,10,,scalar_acl_exact
pg-diskann,250000,1,w4_acl,529,5.813291,1.0,10,,scalar_acl_exact
pg-diskann,250000,1,w4_acl,373,5.85925,1.0,10,,scalar_acl_exact
pg-diskann,250000,1,w4_acl,793,5.743291,1.0,10,,scalar_acl_exact
pg-diskann,250000,1,w4_acl,368,6.064541,1.0,10,,scalar_acl_exact
pg-diskann,250000,1,w4_acl,919,5.753,1.0,10,,scalar_acl_exact
pg-diskann,250000,1,w4_acl,103,6.322291,1.0,10,,scalar_acl_exact
pg-diskann,250000,1,w4_acl,481,5.903334,1.0,10,,scalar_acl_exact
pg-diskann,250000,1,w4_acl,163,5.375792,1.0,10,,scalar_acl_exact
pg-diskann,250000,1,w4_acl,733,6.561459,1.0,10,,scalar_acl_exact
pg-diskann,250000,1,w4_acl,372,5.65025,1.0,10,,scalar_acl_exact
pg-diskann,250000,1,w4_acl,140,5.533833,1.0,10,,scalar_acl_exact
pg-diskann,250000,1,w4_acl,428,6.332458,1.0,10,,scalar_acl_exact
pg-diskann,250000,1,w4_acl,989,5.977541,1.0,10,,scalar_acl_exact
pg-diskann,250000,1,w4_acl,656,5.571375,1.0,10,,scalar_acl_exact
pg-diskann,250000,1,w4_acl,838,5.894916,1.0,10,,scalar_acl_exact
pg-diskann,250000,1,w4_acl,217,6.354417,1.0,10,,scalar_acl_exact
pg-diskann,250000,1,w4_acl,134,5.579958,1.0,10,,scalar_acl_exact
pg-diskann,250000,1,w4_acl,931,6.172583,1.0,10,,scalar_acl_exact
pg-diskann,250000,1,w4_acl,714,6.194709,1.0,10,,scalar_acl_exact
pg-diskann,250000,1,w4_acl,744,6.356834,1.0,10,,scalar_acl_exact
pg-diskann,250000,1,w4_acl,108,5.45775,1.0,10,,scalar_acl_exact
pg-diskann,250000,1,w4_acl,948,5.468041,1.0,10,,scalar_acl_exact
pg-diskann,250000,1,w4_acl,849,6.399208,1.0,10,,scalar_acl_exact
pg-diskann,250000,1,w4_acl,195,5.880958,1.0,10,,scalar_acl_exact
pg-diskann,250000,1,w4_acl,596,5.647208,1.0,10,,scalar_acl_exact
pg-diskann,250000,1,w4_acl,128,7.561625,1.0,10,,scalar_acl_exact
pg-diskann,250000,1,w4_acl,747,7.090833,1.0,10,,scalar_acl_exact
pg-diskann,250000,1,w4_acl,540,5.599208,1.0,10,,scalar_acl_exact
pg-diskann,250000,1,w4_acl,189,5.267125,1.0,10,,scalar_acl_exact
pg-diskann,250000,1,w4_acl,365,7.1265,1.0,10,,scalar_acl_exact
pg-diskann,250000,1,w4_acl,161,5.359625,1.0,10,,scalar_acl_exact
pg-diskann,250000,1,w4_acl,995,5.46,1.0,10,,scalar_acl_exact
pg-diskann,250000,1,w4_acl,856,5.50875,1.0,10,,scalar_acl_exact
pg-diskann,250000,1,w4_acl,643,6.202792,1.0,10,,scalar_acl_exact
pg-diskann,250000,1,w4_acl,588,6.068292,1.0,10,,scalar_acl_exact
pg-diskann,250000,1,w4_acl,710,6.256417,1.0,10,,scalar_acl_exact
pg-diskann,250000,1,w4_acl,409,6.608334,1.0,10,,scalar_acl_exact
pg-diskann,250000,1,w4_acl,197,8.351792,1.0,10,,scalar_acl_exact
pg-diskann,250000,1,w4_acl,618,6.12875,1.0,10,,scalar_acl_exact
pg-diskann,250000,1,w4_acl,436,6.058334,1.0,10,,scalar_acl_exact
pg-diskann,250000,1,w4_acl,706,5.637083,1.0,10,,scalar_acl_exact
pg-diskann,250000,1,w4_acl,378,7.4475,1.0,10,,scalar_acl_exact
pg-diskann,250000,1,w4_acl,402,6.281959,1.0,10,,scalar_acl_exact
pg-diskann,250000,1,w4_acl,664,6.752292,1.0,10,,scalar_acl_exact
pg-diskann,250000,1,w4_acl,184,5.895875,1.0,10,,scalar_acl_exact
pg-diskann,250000,1,w4_acl,199,5.519583,1.0,10,,scalar_acl_exact
pg-diskann,250000,1,w4_acl,353,6.188,1.0,10,,scalar_acl_exact
pg-diskann,250000,1,w4_acl,823,5.824541,1.0,10,,scalar_acl_exact
pg-diskann,250000,1,w4_acl,592,5.441708,1.0,10,,scalar_acl_exact
pg-diskann,250000,1,w4_acl,897,6.213167,1.0,10,,scalar_acl_exact
pg-diskann,250000,1,w4_acl,236,9.679875,1.0,10,,scalar_acl_exact
pg-diskann,250000,1,w4_acl,887,5.61775,1.0,10,,scalar_acl_exact
pg-diskann,250000,1,w4_acl,281,6.019041,1.0,10,,scalar_acl_exact
pg-diskann,250000,1,w4_acl,447,6.406917,1.0,10,,scalar_acl_exact
pg-diskann,250000,1,w4_acl,816,7.407292,1.0,10,,scalar_acl_exact
pg-diskann,250000,1,w4_acl,797,6.92025,1.0,10,,scalar_acl_exact
pg-diskann,250000,1,w4_acl,510,5.543416,1.0,10,,scalar_acl_exact
pg-diskann,250000,1,w4_acl,698,5.156083,1.0,10,,scalar_acl_exact
pg-diskann,250000,1,w4_acl,852,5.245,1.0,10,,scalar_acl_exact
pg-diskann,250000,1,w4_acl,737,9.636958,1.0,10,,scalar_acl_exact
pg-diskann,250000,1,w4_acl,202,5.651958,1.0,10,,scalar_acl_exact
pg-diskann,250000,1,w4_acl,325,6.388417,1.0,10,,scalar_acl_exact
pg-diskann,250000,1,w4_acl,430,5.456625,1.0,10,,scalar_acl_exact
pg-diskann,250000,1,w4_acl,324,5.389125,1.0,10,,scalar_acl_exact
pg-diskann,250000,1,w4_acl,927,6.055167,1.0,10,,scalar_acl_exact
pg-diskann,250000,1,w4_acl,929,5.394708,1.0,10,,scalar_acl_exact
pg-diskann,250000,1,w4_acl,839,6.197542,1.0,10,,scalar_acl_exact
pg-diskann,250000,1,w4_acl,917,9.106916,1.0,10,,scalar_acl_exact
pg-diskann,250000,1,w4_acl,610,5.759709,1.0,10,,scalar_acl_exact
pg-diskann,250000,1,w4_acl,704,5.828125,1.0,10,,scalar_acl_exact
pg-diskann,250000,1,w4_acl,440,5.124792,1.0,10,,scalar_acl_exact
pg-diskann,250000,1,w4_acl,776,5.213125,1.0,10,,scalar_acl_exact
pg-diskann,250000,1,w4_acl,258,5.2605,1.0,10,,scalar_acl_exact
pg-diskann,250000,1,w4_acl,171,6.118458,1.0,10,,scalar_acl_exact
pg-diskann,250000,1,w4_acl,231,6.892459,1.0,10,,scalar_acl_exact
pg-diskann,250000,1,w4_acl,915,6.204417,1.0,10,,scalar_acl_exact
pg-diskann,250000,1,w4_acl,411,5.490791,1.0,10,,scalar_acl_exact
pg-diskann,250000,1,w4_acl,652,6.234334,1.0,10,,scalar_acl_exact
pg-diskann,250000,1,w4_acl,239,8.109625,1.0,10,,scalar_acl_exact
pg-diskann,250000,1,w4_acl,872,5.522625,1.0,10,,scalar_acl_exact
pg-diskann,250000,1,w4_acl,650,6.261708,1.0,10,,scalar_acl_exact
pg-diskann,250000,1,w4_acl,679,5.900875,1.0,10,,scalar_acl_exact
pg-diskann,250000,1,w4_acl,506,6.015708,1.0,10,,scalar_acl_exact
pg-diskann,250000,1,w4_acl,341,8.995083,1.0,10,,scalar_acl_exact
pg-diskann,250000,1,w4_acl,951,6.402542,1.0,10,,scalar_acl_exact
pg-diskann,250000,1,w4_acl,496,4.997584,1.0,10,,scalar_acl_exact
pg-diskann,250000,1,w4_acl,469,5.842708,1.0,10,,scalar_acl_exact
pg-diskann,250000,1,w4_acl,561,5.569584,1.0,10,,scalar_acl_exact
pg-diskann,250000,1,w4_acl,711,5.870041,1.0,10,,scalar_acl_exact
pg-diskann,250000,1,w4_acl,903,5.545875,1.0,10,,scalar_acl_exact
pg-diskann,250000,1,w4_acl,410,6.148459,1.0,10,,scalar_acl_exact
pg-diskann,250000,1,w4_acl,901,5.515291,1.0,10,,scalar_acl_exact
pg-diskann,250000,1,w4_acl,209,5.275834,1.0,10,,scalar_acl_exact
pg-diskann,250000,1,w4_acl,158,6.310875,1.0,10,,scalar_acl_exact
pg-diskann,250000,1,w4_acl,759,7.684291,1.0,10,,scalar_acl_exact
pg-diskann,250000,1,w4_acl,204,7.849167,1.0,10,,scalar_acl_exact
pg-diskann,250000,1,w4_acl,577,5.2745,1.0,10,,scalar_acl_exact
pg-diskann,250000,1,w4_acl,246,5.334458,1.0,10,,scalar_acl_exact
pg-diskann,250000,1,w4_acl,994,5.747709,1.0,10,,scalar_acl_exact
pg-diskann,250000,1,w4_acl,434,4.743583,1.0,10,,scalar_acl_exact
pg-diskann,250000,1,w4_acl,591,5.160209,1.0,10,,scalar_acl_exact
pg-diskann,250000,1,w4_acl,208,5.986125,1.0,10,,scalar_acl_exact
pg-diskann,250000,1,w4_acl,877,5.567125,1.0,10,,scalar_acl_exact
pg-diskann,250000,1,w4_acl,862,4.952875,1.0,10,,scalar_acl_exact
pg-diskann,250000,1,w4_acl,700,4.856625,1.0,10,,scalar_acl_exact
pg-diskann,250000,1,w4_acl,156,5.217834,1.0,10,,scalar_acl_exact
pg-diskann,250000,1,w4_acl,970,5.664833,1.0,10,,scalar_acl_exact
pg-diskann,250000,1,w4_acl,119,8.50975,1.0,10,,scalar_acl_exact
pg-diskann,250000,1,w4_acl,178,5.582167,1.0,10,,scalar_acl_exact
pg-diskann,250000,1,w4_acl,555,5.274625,1.0,10,,scalar_acl_exact
pg-diskann,250000,1,w4_acl,356,5.946375,1.0,10,,scalar_acl_exact
pg-diskann,250000,1,w4_acl,850,5.434208,1.0,10,,scalar_acl_exact
pg-diskann,250000,1,w4_acl,139,5.285708,1.0,10,,scalar_acl_exact
pg-diskann,250000,1,w4_acl,879,5.324625,1.0,10,,scalar_acl_exact
pg-diskann,250000,1,w4_acl,884,5.329333,1.0,10,,scalar_acl_exact
pg-diskann,250000,1,w4_acl,386,5.534291,1.0,10,,scalar_acl_exact
pg-diskann,250000,1,w4_acl,890,5.268292,1.0,10,,scalar_acl_exact
pg-diskann,250000,1,w4_acl,327,5.240167,1.0,10,,scalar_acl_exact
pg-diskann,250000,1,w4_acl,958,6.011917,1.0,10,,scalar_acl_exact
pg-diskann,250000,1,w4_acl,480,5.930458,1.0,10,,scalar_acl_exact
pg-diskann,250000,1,w4_acl,294,5.5315,1.0,10,,scalar_acl_exact
pg-diskann,250000,1,w4_acl,795,5.298291,1.0,10,,scalar_acl_exact
pg-diskann,250000,1,w4_acl,672,8.97025,1.0,10,,scalar_acl_exact
pg-diskann,250000,1,w4_acl,276,5.67425,1.0,10,,scalar_acl_exact
pg-diskann,250000,1,w4_acl,637,9.44525,1.0,10,,scalar_acl_exact
pg-diskann,250000,1,w4_acl,865,5.550542,1.0,10,,scalar_acl_exact
pg-diskann,250000,1,w4_acl,136,6.008292,1.0,10,,scalar_acl_exact
pg-diskann,250000,1,w4_acl,467,5.7255,1.0,10,,scalar_acl_exact
pg-diskann,250000,1,w4_acl,833,5.964625,1.0,10,,scalar_acl_exact
pg-diskann,250000,1,w4_acl,553,5.513958,1.0,10,,scalar_acl_exact
pg-diskann,250000,1,w4_acl,219,5.12725,1.0,10,,scalar_acl_exact
pg-diskann,250000,1,w4_acl,383,5.979208,1.0,10,,scalar_acl_exact
pg-diskann,250000,1,w4_acl,896,5.846,1.0,10,,scalar_acl_exact
pg-diskann,250000,1,w4_acl,405,5.906167,1.0,10,,scalar_acl_exact
pg-diskann,250000,1,w4_acl,580,5.642125,1.0,10,,scalar_acl_exact
pg-diskann,250000,1,w4_acl,530,6.460125,1.0,10,,scalar_acl_exact
pg-diskann,250000,1,w4_acl,207,5.844333,1.0,10,,scalar_acl_exact
pg-diskann,250000,1,w4_acl,685,5.650125,1.0,10,,scalar_acl_exact
pg-diskann,250000,1,w4_acl,846,9.137417,1.0,10,,scalar_acl_exact
pg-diskann,250000,1,w4_acl,362,5.668792,1.0,10,,scalar_acl_exact
pg-diskann,250000,1,w4_acl,449,5.731125,1.0,10,,scalar_acl_exact
pg-diskann,250000,1,w4_acl,249,6.115292,1.0,10,,scalar_acl_exact
pg-diskann,250000,1,w4_acl,474,5.825792,1.0,10,,scalar_acl_exact
pg-diskann,250000,1,w4_acl,476,6.468584,1.0,10,,scalar_acl_exact
pg-diskann,250000,1,w4_acl,731,5.938667,1.0,10,,scalar_acl_exact
pg-diskann,250000,1,w4_acl,834,5.319417,1.0,10,,scalar_acl_exact
pg-diskann,250000,1,w4_acl,982,6.168125,1.0,10,,scalar_acl_exact
pg-diskann,250000,1,w4_acl,680,5.652167,1.0,10,,scalar_acl_exact
pg-diskann,250000,1,w4_acl,661,6.545125,1.0,10,,scalar_acl_exact
pg-diskann,250000,1,w4_acl,848,5.81475,1.0,10,,scalar_acl_exact
pg-diskann,250000,1,w4_acl,660,5.9535,1.0,10,,scalar_acl_exact
pg-diskann,250000,1,w4_acl,165,10.319958,1.0,10,,scalar_acl_exact
pg-diskann,250000,1,w4_acl,787,6.233,1.0,10,,scalar_acl_exact
pg-diskann,250000,1,w4_acl,309,6.156917,1.0,10,,scalar_acl_exact
pg-diskann,250000,1,w4_acl,479,8.838708,1.0,10,,scalar_acl_exact
pg-diskann,250000,1,w4_acl,273,5.572625,1.0,10,,scalar_acl_exact
pg-diskann,250000,1,w4_acl,876,6.252459,1.0,10,,scalar_acl_exact
pg-diskann,250000,1,w4_acl,925,6.151166,1.0,10,,scalar_acl_exact
pg-diskann,250000,1,w4_acl,515,5.718625,1.0,10,,scalar_acl_exact
pg-diskann,250000,1,w4_acl,938,8.642875,1.0,10,,scalar_acl_exact
pg-diskann,250000,1,w4_acl,473,6.330792,1.0,10,,scalar_acl_exact
pg-diskann,250000,1,w4_acl,691,6.0355,1.0,10,,scalar_acl_exact
pg-diskann,250000,1,w4_acl,957,5.534625,1.0,10,,scalar_acl_exact
pg-diskann,250000,1,w4_acl,143,6.336083,1.0,10,,scalar_acl_exact
pg-diskann,250000,1,w4_acl,670,5.299208,1.0,10,,scalar_acl_exact
pg-diskann,250000,1,w4_acl,125,5.395792,1.0,10,,scalar_acl_exact
pg-diskann,250000,1,w4_acl,452,6.254625,1.0,10,,scalar_acl_exact
pg-diskann,250000,1,w4_acl,748,6.013959,1.0,10,,scalar_acl_exact
pg-diskann,250000,1,w4_acl,397,9.179083,1.0,10,,scalar_acl_exact
pg-diskann,250000,1,w4_acl,132,5.427667,1.0,10,,scalar_acl_exact
pg-diskann,250000,1,w4_acl,595,5.141208,1.0,10,,scalar_acl_exact
pg-diskann,250000,1,w4_acl,269,4.849792,1.0,10,,scalar_acl_exact
pg-diskann,250000,1,w4_acl,732,5.500541,1.0,10,,scalar_acl_exact
pg-diskann,250000,1,w4_acl,200,6.039583,1.0,10,,scalar_acl_exact
pg-diskann,250000,1,w4_acl,826,5.477334,1.0,10,,scalar_acl_exact
pg-diskann,250000,1,w4_acl,900,6.437125,1.0,10,,scalar_acl_exact
pg-diskann,250000,1,w4_acl,145,9.700583,1.0,10,,scalar_acl_exact
pg-diskann,250000,1,w4_acl,323,5.568209,1.0,10,,scalar_acl_exact
pg-diskann,250000,1,w4_acl,486,10.172375,1.0,10,,scalar_acl_exact
pg-diskann,250000,1,w4_acl,403,4.891,1.0,10,,scalar_acl_exact
pg-diskann,250000,1,w4_acl,299,5.670167,1.0,10,,scalar_acl_exact
pg-diskann,250000,1,w4_acl,244,5.885459,1.0,10,,scalar_acl_exact
pg-diskann,250000,1,w4_acl,870,6.518,1.0,10,,scalar_acl_exact
pg-diskann,250000,1,w4_acl,345,9.286209,1.0,10,,scalar_acl_exact
pg-diskann,250000,1,w4_acl,421,6.042666,1.0,10,,scalar_acl_exact
pg-diskann,250000,1,w4_acl,527,5.476083,1.0,10,,scalar_acl_exact
pg-diskann,250000,1,w4_acl,328,5.988875,1.0,10,,scalar_acl_exact
pg-diskann,250000,1,w4_acl,667,7.145458,1.0,10,,scalar_acl_exact
pg-diskann,250000,1,w4_acl,764,6.289542,1.0,10,,scalar_acl_exact
pg-diskann,250000,1,w4_acl,569,6.0925,1.0,10,,scalar_acl_exact
pg-diskann,250000,1,w4_acl,574,9.2175,1.0,10,,scalar_acl_exact
pg-diskann,250000,1,w4_acl,559,5.253292,1.0,10,,scalar_acl_exact
pg-diskann,250000,1,w4_acl,780,5.159583,1.0,10,,scalar_acl_exact
pg-diskann,250000,1,w4_acl,988,9.484458,1.0,10,,scalar_acl_exact
pg-diskann,250000,1,w4_acl,254,5.662541,1.0,10,,scalar_acl_exact
pg-diskann,250000,1,w4_acl,983,11.43475,1.0,10,,scalar_acl_exact
pg-diskann,250000,1,w4_acl,960,5.556417,1.0,10,,scalar_acl_exact
pg-diskann,250000,1,w4_acl,502,6.588084,1.0,10,,scalar_acl_exact
pg-diskann,250000,1,w4_acl,412,8.215459,1.0,10,,scalar_acl_exact
pg-diskann,250000,1,w4_acl,681,6.791833,1.0,10,,scalar_acl_exact
pg-diskann,250000,1,w4_acl,142,5.955791,1.0,10,,scalar_acl_exact
pg-diskann,250000,1,w4_acl,291,6.548542,1.0,10,,scalar_acl_exact
pg-diskann,250000,1,w4_acl,552,6.838833,1.0,10,,scalar_acl_exact
pg-diskann,250000,1,w4_acl,519,5.183916,1.0,10,,scalar_acl_exact
pg-diskann,250000,1,w4_acl,642,6.079166,1.0,10,,scalar_acl_exact
pg-diskann,250000,1,w4_acl,262,5.591042,1.0,10,,scalar_acl_exact
pg-diskann,250000,1,w4_acl,196,6.772542,1.0,10,,scalar_acl_exact
pg-diskann,250000,1,w4_acl,155,6.807583,1.0,10,,scalar_acl_exact
pg-diskann,250000,1,w4_acl,212,5.725834,1.0,10,,scalar_acl_exact
pg-diskann,250000,1,w4_acl,800,5.710541,1.0,10,,scalar_acl_exact
pg-diskann,250000,1,w4_acl,350,6.210292,1.0,10,,scalar_acl_exact
pg-diskann,250000,1,w4_acl,600,4.892458,1.0,10,,scalar_acl_exact
pg-diskann,250000,1,w4_acl,609,5.329375,1.0,10,,scalar_acl_exact
pg-diskann,250000,1,w4_acl,451,6.087708,1.0,10,,scalar_acl_exact
pg-diskann,250000,1,w4_acl,567,5.658834,1.0,10,,scalar_acl_exact
pg-diskann,250000,1,w4_acl,761,6.251417,1.0,10,,scalar_acl_exact
pg-diskann,250000,1,w4_acl,536,6.082792,1.0,10,,scalar_acl_exact
pg-diskann,250000,1,w4_acl,347,7.072041,1.0,10,,scalar_acl_exact
pg-diskann,250000,1,w4_acl,805,7.961667,1.0,10,,scalar_acl_exact
pg-diskann,250000,1,w4_acl,118,5.295291,1.0,10,,scalar_acl_exact
pg-diskann,250000,1,w4_acl,505,5.189292,1.0,10,,scalar_acl_exact
pg-diskann,250000,1,w4_acl,465,7.637625,1.0,10,,scalar_acl_exact
pg-diskann,250000,1,w4_acl,394,6.247,1.0,10,,scalar_acl_exact
pg-diskann,250000,1,w4_acl,400,5.662458,1.0,10,,scalar_acl_exact
pg-diskann,250000,1,w4_acl,961,5.362292,1.0,10,,scalar_acl_exact
pg-diskann,250000,1,w4_acl,601,5.298875,1.0,10,,scalar_acl_exact
pg-diskann,250000,1,w4_acl,898,9.292208,1.0,10,,scalar_acl_exact
pg-diskann,250000,1,w4_acl,558,5.43025,1.0,10,,scalar_acl_exact
pg-diskann,250000,1,w4_acl,253,6.258875,1.0,10,,scalar_acl_exact
pg-diskann,250000,1,w4_acl,182,5.641917,1.0,10,,scalar_acl_exact
pg-diskann,250000,1,w4_acl,648,5.75675,1.0,10,,scalar_acl_exact
pg-diskann,250000,1,w4_acl,317,6.22425,1.0,10,,scalar_acl_exact
pg-diskann,250000,1,w4_acl,543,6.147708,1.0,10,,scalar_acl_exact
pg-diskann,250000,1,w4_acl,889,5.786792,1.0,10,,scalar_acl_exact
pg-diskann,250000,1,w4_acl,579,6.399209,1.0,10,,scalar_acl_exact
pg-diskann,250000,1,w4_acl,590,5.932625,1.0,10,,scalar_acl_exact
pg-diskann,250000,1,w4_acl,828,5.572208,1.0,10,,scalar_acl_exact
