engine,dataset_size,repetition,workload,query_rank,latency_ms,recall10,returned_count,candidate_count,execution_path
pg-hnsw,250000,2,w1,633,2.945625,1.0,10,,hnsw
pg-hnsw,250000,2,w1,986,3.542459,1.0,10,,hnsw
pg-hnsw,250000,2,w1,746,2.35075,1.0,10,,hnsw
pg-hnsw,250000,2,w1,221,2.61175,1.0,10,,hnsw
pg-hnsw,250000,2,w1,328,2.39975,1.0,10,,hnsw
pg-hnsw,250000,2,w1,944,2.830584,0.5,10,,hnsw
pg-hnsw,250000,2,w1,731,3.592333,1.0,10,,hnsw
pg-hnsw,250000,2,w1,464,3.078875,0.9,10,,hnsw
pg-hnsw,250000,2,w1,218,4.8955,0.9,10,,hnsw
pg-hnsw,250000,2,w1,165,2.751625,1.0,10,,hnsw
pg-hnsw,250000,2,w1,795,1.93125,0.9,10,,hnsw
pg-hnsw,250000,2,w1,895,1.937958,1.0,10,,hnsw
pg-hnsw,250000,2,w1,533,2.295833,1.0,10,,hnsw
pg-hnsw,250000,2,w1,463,1.734709,1.0,10,,hnsw
pg-hnsw,250000,2,w1,180,6.195209,1.0,10,,hnsw
pg-hnsw,250000,2,w1,470,2.957041,1.0,10,,hnsw
pg-hnsw,250000,2,w1,709,3.597209,1.0,10,,hnsw
pg-hnsw,250000,2,w1,551,2.34425,1.0,10,,hnsw
pg-hnsw,250000,2,w1,884,2.211292,1.0,10,,hnsw
pg-hnsw,250000,2,w1,240,3.768917,1.0,10,,hnsw
pg-hnsw,250000,2,w1,449,2.451875,1.0,10,,hnsw
pg-hnsw,250000,2,w1,400,2.322375,1.0,10,,hnsw
pg-hnsw,250000,2,w1,759,2.485875,0.9,10,,hnsw
pg-hnsw,250000,2,w1,734,2.528917,0.8,10,,hnsw
pg-hnsw,250000,2,w1,544,2.956416,0.9,10,,hnsw
pg-hnsw,250000,2,w1,366,2.538375,1.0,10,,hnsw
pg-hnsw,250000,2,w1,503,2.006,0.9,10,,hnsw
pg-hnsw,250000,2,w1,390,2.689166,1.0,10,,hnsw
pg-hnsw,250000,2,w1,816,2.446917,0.9,10,,hnsw
pg-hnsw,250000,2,w1,645,2.549375,1.0,10,,hnsw
pg-hnsw,250000,2,w1,266,2.084917,1.0,10,,hnsw
pg-hnsw,250000,2,w1,547,2.204083,1.0,10,,hnsw
pg-hnsw,250000,2,w1,972,2.467125,1.0,10,,hnsw
pg-hnsw,250000,2,w1,755,5.6195,1.0,10,,hnsw
pg-hnsw,250000,2,w1,321,3.176833,1.0,10,,hnsw
pg-hnsw,250000,2,w1,227,2.158667,1.0,10,,hnsw
pg-hnsw,250000,2,w1,954,2.876917,1.0,10,,hnsw
pg-hnsw,250000,2,w1,386,2.884542,1.0,10,,hnsw
pg-hnsw,250000,2,w1,670,2.257292,1.0,10,,hnsw
pg-hnsw,250000,2,w1,476,2.915792,0.8,10,,hnsw
pg-hnsw,250000,2,w1,316,2.115541,1.0,10,,hnsw
pg-hnsw,250000,2,w1,987,2.474,1.0,10,,hnsw
pg-hnsw,250000,2,w1,362,2.461834,1.0,10,,hnsw
pg-hnsw,250000,2,w1,237,2.599458,0.9,10,,hnsw
pg-hnsw,250000,2,w1,894,4.071333,1.0,10,,hnsw
pg-hnsw,250000,2,w1,367,4.755875,1.0,10,,hnsw
pg-hnsw,250000,2,w1,671,3.13675,0.9,10,,hnsw
pg-hnsw,250000,2,w1,800,2.313334,1.0,10,,hnsw
pg-hnsw,250000,2,w1,867,2.829584,1.0,10,,hnsw
pg-hnsw,250000,2,w1,611,5.081416,1.0,10,,hnsw
pg-hnsw,250000,2,w1,158,2.599292,1.0,10,,hnsw
pg-hnsw,250000,2,w1,823,2.005959,1.0,10,,hnsw
pg-hnsw,250000,2,w1,715,1.609542,1.0,10,,hnsw
pg-hnsw,250000,2,w1,819,1.692917,1.0,10,,hnsw
pg-hnsw,250000,2,w1,985,2.016166,0.9,10,,hnsw
pg-hnsw,250000,2,w1,236,5.87375,0.8,10,,hnsw
pg-hnsw,250000,2,w1,382,2.453667,1.0,10,,hnsw
pg-hnsw,250000,2,w1,705,2.467541,0.8,10,,hnsw
pg-hnsw,250000,2,w1,901,2.028208,0.7,10,,hnsw
pg-hnsw,250000,2,w1,907,2.151875,0.9,10,,hnsw
pg-hnsw,250000,2,w1,809,2.524875,0.9,10,,hnsw
pg-hnsw,250000,2,w1,687,3.061333,0.6,10,,hnsw
pg-hnsw,250000,2,w1,672,1.666709,1.0,10,,hnsw
pg-hnsw,250000,2,w1,203,2.402875,1.0,10,,hnsw
pg-hnsw,250000,2,w1,517,2.910208,1.0,10,,hnsw
pg-hnsw,250000,2,w1,121,2.7225,0.9,10,,hnsw
pg-hnsw,250000,2,w1,704,2.139208,1.0,10,,hnsw
pg-hnsw,250000,2,w1,940,5.915042,1.0,10,,hnsw
pg-hnsw,250000,2,w1,864,2.414708,1.0,10,,hnsw
pg-hnsw,250000,2,w1,851,2.564333,1.0,10,,hnsw
pg-hnsw,250000,2,w1,294,2.1305,1.0,10,,hnsw
pg-hnsw,250000,2,w1,724,3.388416,0.8,10,,hnsw
pg-hnsw,250000,2,w1,161,2.298792,1.0,10,,hnsw
pg-hnsw,250000,2,w1,979,2.878167,0.8,10,,hnsw
pg-hnsw,250000,2,w1,931,3.321375,1.0,10,,hnsw
pg-hnsw,250000,2,w1,930,2.789666,0.8,10,,hnsw
pg-hnsw,250000,2,w1,262,3.033667,0.8,10,,hnsw
pg-hnsw,250000,2,w1,974,1.657958,1.0,10,,hnsw
pg-hnsw,250000,2,w1,230,2.790292,1.0,10,,hnsw
pg-hnsw,250000,2,w1,625,1.444042,1.0,10,,hnsw
pg-hnsw,250000,2,w1,675,2.220958,1.0,10,,hnsw
pg-hnsw,250000,2,w1,419,2.788375,0.9,10,,hnsw
pg-hnsw,250000,2,w1,344,2.300333,1.0,10,,hnsw
pg-hnsw,250000,2,w1,812,2.686292,0.8,10,,hnsw
pg-hnsw,250000,2,w1,921,2.42125,1.0,10,,hnsw
pg-hnsw,250000,2,w1,958,2.068791,1.0,10,,hnsw
pg-hnsw,250000,2,w1,849,4.016125,1.0,10,,hnsw
pg-hnsw,250000,2,w1,186,2.3335,0.9,10,,hnsw
pg-hnsw,250000,2,w1,857,1.417292,1.0,10,,hnsw
pg-hnsw,250000,2,w1,697,1.275958,1.0,10,,hnsw
pg-hnsw,250000,2,w1,786,2.156583,1.0,10,,hnsw
pg-hnsw,250000,2,w1,855,2.269625,1.0,10,,hnsw
pg-hnsw,250000,2,w1,350,2.482791,0.8,10,,hnsw
pg-hnsw,250000,2,w1,588,2.969083,0.6,10,,hnsw
pg-hnsw,250000,2,w1,530,3.287417,0.9,10,,hnsw
pg-hnsw,250000,2,w1,916,1.939542,1.0,10,,hnsw
pg-hnsw,250000,2,w1,767,2.180209,1.0,10,,hnsw
pg-hnsw,250000,2,w1,311,2.588417,0.9,10,,hnsw
pg-hnsw,250000,2,w1,922,2.2735,1.0,10,,hnsw
pg-hnsw,250000,2,w1,393,6.790083,1.0,10,,hnsw
pg-hnsw,250000,2,w1,681,2.62275,1.0,10,,hnsw
pg-hnsw,250000,2,w1,134,3.462541,0.3,10,,hnsw
pg-hnsw,250000,2,w1,415,1.9095,1.0,10,,hnsw
pg-hnsw,250000,2,w1,641,2.182125,0.8,10,,hnsw
pg-hnsw,250000,2,w1,437,1.781166,1.0,10,,hnsw
pg-hnsw,250000,2,w1,111,1.519292,1.0,10,,hnsw
pg-hnsw,250000,2,w1,554,1.970083,1.0,10,,hnsw
pg-hnsw,250000,2,w1,231,2.301333,1.0,10,,hnsw
pg-hnsw,250000,2,w1,951,2.084417,1.0,10,,hnsw
pg-hnsw,250000,2,w1,885,5.427208,1.0,10,,hnsw
pg-hnsw,250000,2,w1,920,1.780292,1.0,10,,hnsw
pg-hnsw,250000,2,w1,431,1.180666,1.0,10,,hnsw
pg-hnsw,250000,2,w1,522,2.008416,1.0,10,,hnsw
pg-hnsw,250000,2,w1,679,2.744833,1.0,10,,hnsw
pg-hnsw,250000,2,w1,657,2.810625,1.0,10,,hnsw
pg-hnsw,250000,2,w1,630,3.754,1.0,10,,hnsw
pg-hnsw,250000,2,w1,181,3.060916,0.6,10,,hnsw
pg-hnsw,250000,2,w1,660,1.778917,1.0,10,,hnsw
pg-hnsw,250000,2,w1,428,2.922542,1.0,10,,hnsw
pg-hnsw,250000,2,w1,927,2.5145,1.0,10,,hnsw
pg-hnsw,250000,2,w1,827,1.859583,1.0,10,,hnsw
pg-hnsw,250000,2,w1,775,6.049416,1.0,10,,hnsw
pg-hnsw,250000,2,w1,228,1.900667,1.0,10,,hnsw
pg-hnsw,250000,2,w1,928,3.302625,1.0,10,,hnsw
pg-hnsw,250000,2,w1,557,2.216166,0.9,10,,hnsw
pg-hnsw,250000,2,w1,559,2.3565,0.9,10,,hnsw
pg-hnsw,250000,2,w1,821,1.415708,1.0,10,,hnsw
pg-hnsw,250000,2,w1,251,3.94475,1.0,10,,hnsw
pg-hnsw,250000,2,w1,359,1.881666,1.0,10,,hnsw
pg-hnsw,250000,2,w1,375,1.75125,1.0,10,,hnsw
pg-hnsw,250000,2,w1,178,2.625625,1.0,10,,hnsw
pg-hnsw,250000,2,w1,790,2.587625,0.4,10,,hnsw
pg-hnsw,250000,2,w1,378,2.867708,0.8,10,,hnsw
pg-hnsw,250000,2,w1,309,2.082292,1.0,10,,hnsw
pg-hnsw,250000,2,w1,991,2.344709,1.0,10,,hnsw
pg-hnsw,250000,2,w1,329,1.923333,1.0,10,,hnsw
pg-hnsw,250000,2,w1,284,2.593791,1.0,10,,hnsw
pg-hnsw,250000,2,w1,572,2.250667,1.0,10,,hnsw
pg-hnsw,250000,2,w1,374,3.548375,1.0,10,,hnsw
pg-hnsw,250000,2,w1,797,2.442417,0.9,10,,hnsw
pg-hnsw,250000,2,w1,183,4.038541,0.9,10,,hnsw
pg-hnsw,250000,2,w1,766,1.681125,1.0,10,,hnsw
pg-hnsw,250000,2,w1,447,1.725208,1.0,10,,hnsw
pg-hnsw,250000,2,w1,956,2.067625,0.9,10,,hnsw
pg-hnsw,250000,2,w1,205,2.212666,1.0,10,,hnsw
pg-hnsw,250000,2,w1,525,1.53175,1.0,10,,hnsw
pg-hnsw,250000,2,w1,829,2.333,1.0,10,,hnsw
pg-hnsw,250000,2,w1,131,4.908,0.8,10,,hnsw
pg-hnsw,250000,2,w1,585,2.33125,0.8,10,,hnsw
pg-hnsw,250000,2,w1,305,2.052208,1.0,10,,hnsw
pg-hnsw,250000,2,w1,891,2.359042,1.0,10,,hnsw
pg-hnsw,250000,2,w1,513,2.05825,1.0,10,,hnsw
pg-hnsw,250000,2,w1,511,1.864708,1.0,10,,hnsw
pg-hnsw,250000,2,w1,364,2.237958,1.0,10,,hnsw
pg-hnsw,250000,2,w1,118,1.81625,1.0,10,,hnsw
pg-hnsw,250000,2,w1,175,2.601916,1.0,10,,hnsw
pg-hnsw,250000,2,w1,826,2.363709,1.0,10,,hnsw
pg-hnsw,250000,2,w1,306,2.6765,0.6,10,,hnsw
pg-hnsw,250000,2,w1,138,2.739667,0.9,10,,hnsw
pg-hnsw,250000,2,w1,700,2.230875,1.0,10,,hnsw
pg-hnsw,250000,2,w1,104,1.725167,1.0,10,,hnsw
pg-hnsw,250000,2,w1,302,2.026167,1.0,10,,hnsw
pg-hnsw,250000,2,w1,658,2.254292,0.9,10,,hnsw
pg-hnsw,250000,2,w1,540,2.322459,0.9,10,,hnsw
pg-hnsw,250000,2,w1,440,1.525667,1.0,10,,hnsw
pg-hnsw,250000,2,w1,122,4.598667,1.0,10,,hnsw
pg-hnsw,250000,2,w1,632,2.250833,1.0,10,,hnsw
pg-hnsw,250000,2,w1,261,1.638834,1.0,10,,hnsw
pg-hnsw,250000,2,w1,577,2.473875,1.0,10,,hnsw
pg-hnsw,250000,2,w1,804,2.267583,1.0,10,,hnsw
pg-hnsw,250000,2,w1,327,2.656833,1.0,10,,hnsw
pg-hnsw,250000,2,w1,833,2.241125,0.5,10,,hnsw
pg-hnsw,250000,2,w1,147,2.447583,1.0,10,,hnsw
pg-hnsw,250000,2,w1,592,2.529208,1.0,10,,hnsw
pg-hnsw,250000,2,w1,301,2.421916,1.0,10,,hnsw
pg-hnsw,250000,2,w1,495,1.954542,1.0,10,,hnsw
pg-hnsw,250000,2,w1,747,1.926542,1.0,10,,hnsw
pg-hnsw,250000,2,w1,229,2.230833,1.0,10,,hnsw
pg-hnsw,250000,2,w1,726,2.738084,1.0,10,,hnsw
pg-hnsw,250000,2,w1,276,2.367625,1.0,10,,hnsw
pg-hnsw,250000,2,w1,460,2.721375,1.0,10,,hnsw
pg-hnsw,250000,2,w1,488,6.525792,1.0,10,,hnsw
pg-hnsw,250000,2,w1,159,4.655625,0.9,10,,hnsw
pg-hnsw,250000,2,w1,677,1.878583,1.0,10,,hnsw
pg-hnsw,250000,2,w1,883,2.451667,1.0,10,,hnsw
pg-hnsw,250000,2,w1,574,2.034708,1.0,10,,hnsw
pg-hnsw,250000,2,w1,219,2.022917,1.0,10,,hnsw
pg-hnsw,250000,2,w1,806,2.923625,0.9,10,,hnsw
pg-hnsw,250000,2,w1,113,2.008708,1.0,10,,hnsw
pg-hnsw,250000,2,w1,394,2.827959,0.9,10,,hnsw
pg-hnsw,250000,2,w1,561,2.249125,1.0,10,,hnsw
pg-hnsw,250000,2,w1,361,2.439833,1.0,10,,hnsw
pg-hnsw,250000,2,w1,130,1.880166,1.0,10,,hnsw
pg-hnsw,250000,2,w1,556,2.389625,0.6,10,,hnsw
pg-hnsw,250000,2,w1,254,2.743792,1.0,10,,hnsw
pg-hnsw,250000,2,w1,128,2.237125,1.0,10,,hnsw
pg-hnsw,250000,2,w1,992,6.019875,0.8,10,,hnsw
pg-hnsw,250000,2,w1,337,1.855959,1.0,10,,hnsw
pg-hnsw,250000,2,w1,248,2.033042,0.9,10,,hnsw
pg-hnsw,250000,2,w1,501,2.46925,1.0,10,,hnsw
pg-hnsw,250000,2,w1,865,2.492708,0.9,10,,hnsw
pg-hnsw,250000,2,w1,149,1.4845,1.0,10,,hnsw
pg-hnsw,250000,2,w1,115,2.931667,1.0,10,,hnsw
pg-hnsw,250000,2,w1,738,2.74675,0.7,10,,hnsw
pg-hnsw,250000,2,w1,409,2.480834,1.0,10,,hnsw
pg-hnsw,250000,2,w1,351,2.699167,1.0,10,,hnsw
pg-hnsw,250000,2,w1,212,2.432208,1.0,10,,hnsw
pg-hnsw,250000,2,w1,480,3.076042,1.0,10,,hnsw
pg-hnsw,250000,2,w1,461,2.854542,1.0,10,,hnsw
pg-hnsw,250000,2,w1,346,2.896292,1.0,10,,hnsw
pg-hnsw,250000,2,w1,338,3.206167,0.8,10,,hnsw
pg-hnsw,250000,2,w1,750,2.3845,1.0,10,,hnsw
pg-hnsw,250000,2,w1,562,2.120917,1.0,10,,hnsw
pg-hnsw,250000,2,w1,260,2.74425,1.0,10,,hnsw
pg-hnsw,250000,2,w1,727,2.078042,1.0,10,,hnsw
pg-hnsw,250000,2,w1,553,2.574875,1.0,10,,hnsw
pg-hnsw,250000,2,w1,842,1.635917,1.0,10,,hnsw
pg-hnsw,250000,2,w1,319,5.602167,1.0,10,,hnsw
pg-hnsw,250000,2,w1,807,2.196959,1.0,10,,hnsw
pg-hnsw,250000,2,w1,844,2.201667,1.0,10,,hnsw
pg-hnsw,250000,2,w1,383,2.040125,1.0,10,,hnsw
pg-hnsw,250000,2,w1,220,2.109625,1.0,10,,hnsw
pg-hnsw,250000,2,w1,968,1.497458,1.0,10,,hnsw
pg-hnsw,250000,2,w1,371,2.2485,1.0,10,,hnsw
pg-hnsw,250000,2,w1,777,3.075291,1.0,10,,hnsw
pg-hnsw,250000,2,w1,783,3.319875,0.8,10,,hnsw
pg-hnsw,250000,2,w1,193,2.501833,1.0,10,,hnsw
pg-hnsw,250000,2,w1,650,2.416916,0.9,10,,hnsw
pg-hnsw,250000,2,w1,966,2.893959,0.9,10,,hnsw
pg-hnsw,250000,2,w1,799,2.08175,1.0,10,,hnsw
pg-hnsw,250000,2,w1,109,5.902709,1.0,10,,hnsw
pg-hnsw,250000,2,w1,798,2.305541,1.0,10,,hnsw
pg-hnsw,250000,2,w1,837,4.583458,1.0,10,,hnsw
pg-hnsw,250000,2,w1,890,1.968542,1.0,10,,hnsw
pg-hnsw,250000,2,w1,177,1.854958,0.9,10,,hnsw
pg-hnsw,250000,2,w1,701,2.244791,1.0,10,,hnsw
pg-hnsw,250000,2,w1,265,2.803167,1.0,10,,hnsw
pg-hnsw,250000,2,w1,106,2.259,0.8,10,,hnsw
pg-hnsw,250000,2,w1,381,2.008958,1.0,10,,hnsw
pg-hnsw,250000,2,w1,961,4.370042,1.0,10,,hnsw
pg-hnsw,250000,2,w1,223,2.140916,0.9,10,,hnsw
pg-hnsw,250000,2,w1,729,3.133042,0.3,10,,hnsw
pg-hnsw,250000,2,w1,639,2.357334,1.0,10,,hnsw
pg-hnsw,250000,2,w1,531,2.104042,1.0,10,,hnsw
pg-hnsw,250000,2,w1,882,5.06625,1.0,10,,hnsw
pg-hnsw,250000,2,w1,334,2.341041,0.9,10,,hnsw
pg-hnsw,250000,2,w1,914,1.879167,1.0,10,,hnsw
pg-hnsw,250000,2,w1,695,4.427375,0.8,10,,hnsw
pg-hnsw,250000,2,w1,211,3.070083,0.6,10,,hnsw
pg-hnsw,250000,2,w1,597,1.944708,1.0,10,,hnsw
pg-hnsw,250000,2,w1,246,3.592125,0.7,10,,hnsw
pg-hnsw,250000,2,w1,989,1.461834,1.0,10,,hnsw
pg-hnsw,250000,2,w1,714,2.825917,0.8,10,,hnsw
pg-hnsw,250000,2,w1,791,1.658125,1.0,10,,hnsw
pg-hnsw,250000,2,w1,479,2.72375,1.0,10,,hnsw
pg-hnsw,250000,2,w1,673,2.764375,0.8,10,,hnsw
pg-hnsw,250000,2,w1,482,3.889708,1.0,10,,hnsw
pg-hnsw,250000,2,w1,185,1.175958,1.0,10,,hnsw
pg-hnsw,250000,2,w1,835,1.88525,1.0,10,,hnsw
pg-hnsw,250000,2,w1,454,1.778542,1.0,10,,hnsw
pg-hnsw,250000,2,w1,194,6.385875,1.0,10,,hnsw
pg-hnsw,250000,2,w1,333,2.351667,1.0,10,,hnsw
pg-hnsw,250000,2,w1,768,2.591,1.0,10,,hnsw
pg-hnsw,250000,2,w1,575,2.506458,1.0,10,,hnsw
pg-hnsw,250000,2,w1,735,1.8595,1.0,10,,hnsw
pg-hnsw,250000,2,w1,668,5.311166,1.0,10,,hnsw
pg-hnsw,250000,2,w1,988,1.62625,1.0,10,,hnsw
pg-hnsw,250000,2,w1,172,6.25425,1.0,10,,hnsw
pg-hnsw,250000,2,w1,748,3.145084,1.0,10,,hnsw
pg-hnsw,250000,2,w1,331,2.626916,1.0,10,,hnsw
pg-hnsw,250000,2,w1,818,1.439792,1.0,10,,hnsw
pg-hnsw,250000,2,w1,270,2.530541,0.8,10,,hnsw
pg-hnsw,250000,2,w1,272,1.319167,1.0,10,,hnsw
pg-hnsw,250000,2,w1,617,2.4455,1.0,10,,hnsw
pg-hnsw,250000,2,w1,275,1.561042,1.0,10,,hnsw
pg-hnsw,250000,2,w1,924,1.384417,1.0,10,,hnsw
pg-hnsw,250000,2,w1,693,1.615333,1.0,10,,hnsw
pg-hnsw,250000,2,w1,406,1.943334,1.0,10,,hnsw
pg-hnsw,250000,2,w1,435,2.09275,1.0,10,,hnsw
pg-hnsw,250000,2,w1,336,2.104041,1.0,10,,hnsw
pg-hnsw,250000,2,w1,937,2.179958,1.0,10,,hnsw
pg-hnsw,250000,2,w1,811,1.85075,1.0,10,,hnsw
pg-hnsw,250000,2,w1,312,2.275416,1.0,10,,hnsw
pg-hnsw,250000,2,w1,713,4.077834,1.0,10,,hnsw
pg-hnsw,250000,2,w1,678,2.981875,1.0,10,,hnsw
pg-hnsw,250000,2,w1,926,2.590709,0.9,10,,hnsw
pg-hnsw,250000,2,w1,696,2.612541,1.0,10,,hnsw
pg-hnsw,250000,2,w1,368,1.587958,1.0,10,,hnsw
pg-hnsw,250000,2,w1,737,2.155125,1.0,10,,hnsw
pg-hnsw,250000,2,w1,847,1.703333,1.0,10,,hnsw
pg-hnsw,250000,2,w1,776,2.614583,1.0,10,,hnsw
pg-hnsw,250000,2,w1,505,2.344292,1.0,10,,hnsw
pg-hnsw,250000,2,w1,796,2.948041,0.8,10,,hnsw
pg-hnsw,250000,2,w1,215,2.28825,0.9,10,,hnsw
pg-hnsw,250000,2,w1,352,2.028625,1.0,10,,hnsw
pg-hnsw,250000,2,w1,491,1.819166,1.0,10,,hnsw
pg-hnsw,250000,2,w1,298,2.257584,1.0,10,,hnsw
pg-hnsw,250000,2,w1,458,2.23575,1.0,10,,hnsw
pg-hnsw,250000,2,w1,586,1.580834,1.0,10,,hnsw
pg-hnsw,250000,2,w1,453,2.742541,1.0,10,,hnsw
pg-hnsw,250000,2,w1,412,1.814834,1.0,10,,hnsw
pg-hnsw,250000,2,w1,860,2.894166,0.7,10,,hnsw
pg-hnsw,250000,2,w1,280,1.9265,1.0,10,,hnsw
pg-hnsw,250000,2,w1,707,1.930792,1.0,10,,hnsw
pg-hnsw,250000,2,w1,250,2.368667,1.0,10,,hnsw
pg-hnsw,250000,2,w1,663,2.741459,1.0,10,,hnsw
pg-hnsw,250000,2,w1,932,1.668167,1.0,10,,hnsw
pg-hnsw,250000,2,w1,528,4.184792,1.0,10,,hnsw
pg-hnsw,250000,2,w1,939,2.475667,1.0,10,,hnsw
pg-hnsw,250000,2,w1,252,1.990666,1.0,10,,hnsw
pg-hnsw,250000,2,w1,315,1.563791,1.0,10,,hnsw
pg-hnsw,250000,2,w1,489,2.008958,1.0,10,,hnsw
pg-hnsw,250000,2,w1,769,2.433709,1.0,10,,hnsw
pg-hnsw,250000,2,w1,628,2.49225,1.0,10,,hnsw
pg-hnsw,250000,2,w1,443,2.48475,0.7,10,,hnsw
pg-hnsw,250000,2,w1,758,3.33575,0.9,10,,hnsw
pg-hnsw,250000,2,w1,430,2.011334,1.0,10,,hnsw
pg-hnsw,250000,2,w1,411,2.322625,0.9,10,,hnsw
pg-hnsw,250000,2,w1,206,3.010292,0.7,10,,hnsw
pg-hnsw,250000,2,w1,355,2.715334,1.0,10,,hnsw
pg-hnsw,250000,2,w1,615,1.8625,1.0,10,,hnsw
pg-hnsw,250000,2,w1,356,2.762542,1.0,10,,hnsw
pg-hnsw,250000,2,w1,308,2.403833,1.0,10,,hnsw
pg-hnsw,250000,2,w1,124,1.602375,1.0,10,,hnsw
pg-hnsw,250000,2,w1,429,2.426333,1.0,10,,hnsw
pg-hnsw,250000,2,w1,896,3.024125,0.9,10,,hnsw
pg-hnsw,250000,2,w1,101,2.638667,1.0,10,,hnsw
pg-hnsw,250000,2,w1,918,1.436709,1.0,10,,hnsw
pg-hnsw,250000,2,w1,599,3.11525,0.8,10,,hnsw
pg-hnsw,250000,2,w1,999,2.132083,1.0,10,,hnsw
pg-hnsw,250000,2,w1,529,5.92625,1.0,10,,hnsw
pg-hnsw,250000,2,w1,117,2.467042,1.0,10,,hnsw
pg-hnsw,250000,2,w1,877,1.761917,1.0,10,,hnsw
pg-hnsw,250000,2,w1,683,6.0635,1.0,10,,hnsw
pg-hnsw,250000,2,w1,765,1.772583,1.0,10,,hnsw
pg-hnsw,250000,2,w1,805,1.835083,1.0,10,,hnsw
pg-hnsw,250000,2,w1,184,2.317083,1.0,10,,hnsw
pg-hnsw,250000,2,w1,609,1.616333,1.0,10,,hnsw
pg-hnsw,250000,2,w1,452,2.009042,1.0,10,,hnsw
pg-hnsw,250000,2,w1,904,2.50825,0.8,10,,hnsw
pg-hnsw,250000,2,w1,845,2.507375,0.8,10,,hnsw
pg-hnsw,250000,2,w1,558,2.541,1.0,10,,hnsw
pg-hnsw,250000,2,w1,498,2.317417,1.0,10,,hnsw
pg-hnsw,250000,2,w1,566,3.178833,1.0,10,,hnsw
pg-hnsw,250000,2,w1,469,2.027333,1.0,10,,hnsw
pg-hnsw,250000,2,w1,736,2.160833,1.0,10,,hnsw
pg-hnsw,250000,2,w1,358,1.603417,1.0,10,,hnsw
pg-hnsw,250000,2,w1,396,2.321167,1.0,10,,hnsw
pg-hnsw,250000,2,w1,674,3.359417,0.5,10,,hnsw
pg-hnsw,250000,2,w1,856,2.167459,0.9,10,,hnsw
pg-hnsw,250000,2,w1,335,2.409917,1.0,10,,hnsw
pg-hnsw,250000,2,w1,278,2.191875,1.0,10,,hnsw
pg-hnsw,250000,2,w1,912,2.063416,1.0,10,,hnsw
pg-hnsw,250000,2,w1,665,5.921792,1.0,10,,hnsw
pg-hnsw,250000,2,w1,475,2.354292,1.0,10,,hnsw
pg-hnsw,250000,2,w1,820,3.318625,0.9,10,,hnsw
pg-hnsw,250000,2,w1,471,2.081792,1.0,10,,hnsw
pg-hnsw,250000,2,w1,142,1.742083,1.0,10,,hnsw
pg-hnsw,250000,2,w1,917,3.131708,1.0,10,,hnsw
pg-hnsw,250000,2,w1,274,2.244167,1.0,10,,hnsw
pg-hnsw,250000,2,w1,983,2.148959,1.0,10,,hnsw
pg-hnsw,250000,2,w1,492,2.31575,1.0,10,,hnsw
pg-hnsw,250000,2,w1,136,2.672542,1.0,10,,hnsw
pg-hnsw,250000,2,w1,289,2.465541,1.0,10,,hnsw
pg-hnsw,250000,2,w1,710,2.515583,1.0,10,,hnsw
pg-hnsw,250000,2,w1,264,1.8395,1.0,10,,hnsw
pg-hnsw,250000,2,w1,200,2.350916,1.0,10,,hnsw
pg-hnsw,250000,2,w1,950,1.775084,1.0,10,,hnsw
pg-hnsw,250000,2,w1,964,1.917792,1.0,10,,hnsw
pg-hnsw,250000,2,w1,581,2.379333,0.7,10,,hnsw
pg-hnsw,250000,2,w1,910,2.510666,1.0,10,,hnsw
pg-hnsw,250000,2,w1,232,1.970375,1.0,10,,hnsw
pg-hnsw,250000,2,w1,685,2.455167,1.0,10,,hnsw
pg-hnsw,250000,2,w1,680,2.088125,1.0,10,,hnsw
pg-hnsw,250000,2,w1,297,2.493708,1.0,10,,hnsw
pg-hnsw,250000,2,w1,155,1.808,1.0,10,,hnsw
pg-hnsw,250000,2,w1,760,6.326791,1.0,10,,hnsw
pg-hnsw,250000,2,w1,225,2.069833,1.0,10,,hnsw
pg-hnsw,250000,2,w1,108,2.029209,1.0,10,,hnsw
pg-hnsw,250000,2,w1,242,1.652375,1.0,10,,hnsw
pg-hnsw,250000,2,w1,810,1.8995,0.8,10,,hnsw
pg-hnsw,250000,2,w1,224,2.300792,0.8,10,,hnsw
pg-hnsw,250000,2,w1,946,2.507125,0.9,10,,hnsw
pg-hnsw,250000,2,w1,317,2.295666,1.0,10,,hnsw
pg-hnsw,250000,2,w1,519,1.841125,1.0,10,,hnsw
pg-hnsw,250000,2,w1,226,2.291625,1.0,10,,hnsw
pg-hnsw,250000,2,w1,156,2.433208,1.0,10,,hnsw
pg-hnsw,250000,2,w1,446,2.518667,1.0,10,,hnsw
pg-hnsw,250000,2,w1,267,2.439958,0.9,10,,hnsw
pg-hnsw,250000,2,w1,945,3.124917,0.8,10,,hnsw
pg-hnsw,250000,2,w1,116,3.135042,0.6,10,,hnsw
pg-hnsw,250000,2,w1,739,1.432083,1.0,10,,hnsw
pg-hnsw,250000,2,w1,971,2.627333,0.9,10,,hnsw
pg-hnsw,250000,2,w1,141,2.279167,0.8,10,,hnsw
pg-hnsw,250000,2,w1,801,1.9145,1.0,10,,hnsw
pg-hnsw,250000,2,w1,782,2.538833,1.0,10,,hnsw
pg-hnsw,250000,2,w1,651,2.4615,1.0,10,,hnsw
pg-hnsw,250000,2,w1,201,1.771042,1.0,10,,hnsw
pg-hnsw,250000,2,w1,436,2.754125,0.7,10,,hnsw
pg-hnsw,250000,2,w1,287,2.524041,0.9,10,,hnsw
pg-hnsw,250000,2,w1,549,2.54825,1.0,10,,hnsw
pg-hnsw,250000,2,w1,640,3.277584,0.9,10,,hnsw
pg-hnsw,250000,2,w1,160,2.092,0.9,10,,hnsw
pg-hnsw,250000,2,w1,423,1.743209,1.0,10,,hnsw
pg-hnsw,250000,2,w1,112,5.791791,1.0,10,,hnsw
pg-hnsw,250000,2,w1,706,2.866625,1.0,10,,hnsw
pg-hnsw,250000,2,w1,167,2.548625,1.0,10,,hnsw
pg-hnsw,250000,2,w1,527,2.260666,1.0,10,,hnsw
pg-hnsw,250000,2,w1,210,2.877416,1.0,10,,hnsw
pg-hnsw,250000,2,w1,862,2.749583,1.0,10,,hnsw
pg-hnsw,250000,2,w1,582,3.475416,0.8,10,,hnsw
pg-hnsw,250000,2,w1,154,5.891375,1.0,10,,hnsw
pg-hnsw,250000,2,w1,214,2.581667,1.0,10,,hnsw
pg-hnsw,250000,2,w1,192,2.535125,0.5,10,,hnsw
pg-hnsw,250000,2,w1,486,1.907458,1.0,10,,hnsw
pg-hnsw,250000,2,w1,948,2.062166,1.0,10,,hnsw
pg-hnsw,250000,2,w1,504,1.976667,1.0,10,,hnsw
pg-hnsw,250000,2,w1,712,3.229375,0.7,10,,hnsw
pg-hnsw,250000,2,w1,969,2.116166,1.0,10,,hnsw
pg-hnsw,250000,2,w1,975,2.339459,1.0,10,,hnsw
pg-hnsw,250000,2,w1,483,2.59,1.0,10,,hnsw
pg-hnsw,250000,2,w1,780,2.827791,1.0,10,,hnsw
pg-hnsw,250000,2,w1,263,3.235041,1.0,10,,hnsw
pg-hnsw,250000,2,w1,162,1.62675,1.0,10,,hnsw
pg-hnsw,250000,2,w1,892,2.223625,1.0,10,,hnsw
pg-hnsw,250000,2,w1,598,2.679292,1.0,10,,hnsw
pg-hnsw,250000,2,w1,257,2.953542,1.0,10,,hnsw
pg-hnsw,250000,2,w1,552,2.515083,1.0,10,,hnsw
pg-hnsw,250000,2,w1,339,2.779208,1.0,10,,hnsw
pg-hnsw,250000,2,w1,649,2.023291,1.0,10,,hnsw
pg-hnsw,250000,2,w1,191,1.921125,1.0,10,,hnsw
pg-hnsw,250000,2,w1,925,3.147375,0.9,10,,hnsw
pg-hnsw,250000,2,w1,596,2.889,1.0,10,,hnsw
pg-hnsw,250000,2,w1,813,2.197167,1.0,10,,hnsw
pg-hnsw,250000,2,w1,490,1.647792,1.0,10,,hnsw
pg-hnsw,250000,2,w1,416,1.627334,1.0,10,,hnsw
pg-hnsw,250000,2,w1,569,1.52775,1.0,10,,hnsw
pg-hnsw,250000,2,w1,532,3.104,0.4,10,,hnsw
pg-hnsw,250000,2,w1,718,2.086375,1.0,10,,hnsw
pg-hnsw,250000,2,w1,541,4.053625,0.6,10,,hnsw
pg-hnsw,250000,2,w1,978,2.356542,1.0,10,,hnsw
pg-hnsw,250000,2,w1,408,2.619541,1.0,10,,hnsw
pg-hnsw,250000,2,w1,345,2.165125,1.0,10,,hnsw
pg-hnsw,250000,2,w1,936,1.995958,1.0,10,,hnsw
pg-hnsw,250000,2,w1,546,2.395584,1.0,10,,hnsw
pg-hnsw,250000,2,w1,959,2.541667,1.0,10,,hnsw
pg-hnsw,250000,2,w1,253,1.433916,1.0,10,,hnsw
pg-hnsw,250000,2,w1,893,3.103167,0.9,10,,hnsw
pg-hnsw,250000,2,w1,719,2.859916,1.0,10,,hnsw
pg-hnsw,250000,2,w1,733,1.503708,1.0,10,,hnsw
pg-hnsw,250000,2,w1,652,1.791792,1.0,10,,hnsw
pg-hnsw,250000,2,w1,587,1.565583,1.0,10,,hnsw
pg-hnsw,250000,2,w1,472,1.874417,1.0,10,,hnsw
pg-hnsw,250000,2,w1,163,1.866333,1.0,10,,hnsw
pg-hnsw,250000,2,w1,943,1.95325,1.0,10,,hnsw
pg-hnsw,250000,2,w1,565,2.787625,0.8,10,,hnsw
pg-hnsw,250000,2,w1,684,1.913167,1.0,10,,hnsw
pg-hnsw,250000,2,w1,208,2.297125,1.0,10,,hnsw
pg-hnsw,250000,2,w1,243,1.974625,1.0,10,,hnsw
pg-hnsw,250000,2,w1,692,1.970208,1.0,10,,hnsw
pg-hnsw,250000,2,w1,349,2.842,1.0,10,,hnsw
pg-hnsw,250000,2,w1,947,2.023625,1.0,10,,hnsw
pg-hnsw,250000,2,w1,370,2.887542,1.0,10,,hnsw
pg-hnsw,250000,2,w1,151,2.221625,1.0,10,,hnsw
pg-hnsw,250000,2,w1,608,6.120584,1.0,10,,hnsw
pg-hnsw,250000,2,w1,831,2.863334,1.0,10,,hnsw
pg-hnsw,250000,2,w1,631,2.018375,1.0,10,,hnsw
pg-hnsw,250000,2,w1,152,2.734917,0.2,10,,hnsw
pg-hnsw,250000,2,w1,841,2.011167,1.0,10,,hnsw
pg-hnsw,250000,2,w1,984,1.680166,1.0,10,,hnsw
pg-hnsw,250000,2,w1,911,3.444792,1.0,10,,hnsw
pg-hnsw,250000,2,w1,624,2.908208,0.8,10,,hnsw
pg-hnsw,250000,2,w1,686,2.209458,0.9,10,,hnsw
pg-hnsw,250000,2,w1,340,1.798375,1.0,10,,hnsw
pg-hnsw,250000,2,w1,694,2.581416,0.2,10,,hnsw
pg-hnsw,250000,2,w1,467,2.4815,1.0,10,,hnsw
pg-hnsw,250000,2,w1,179,3.411958,1.0,10,,hnsw
pg-hnsw,250000,2,w1,238,2.090667,0.9,10,,hnsw
pg-hnsw,250000,2,w1,990,2.303417,1.0,10,,hnsw
pg-hnsw,250000,2,w1,702,3.163375,1.0,10,,hnsw
pg-hnsw,250000,2,w1,164,3.584875,0.9,10,,hnsw
pg-hnsw,250000,2,w1,605,1.89,1.0,10,,hnsw
pg-hnsw,250000,2,w1,392,2.495417,0.8,10,,hnsw
pg-hnsw,250000,2,w1,282,3.089583,1.0,10,,hnsw
pg-hnsw,250000,2,w1,949,2.11025,1.0,10,,hnsw
pg-hnsw,250000,2,w1,898,2.142958,1.0,10,,hnsw
pg-hnsw,250000,2,w1,793,2.559583,0.9,10,,hnsw
pg-hnsw,250000,2,w1,157,1.985125,0.6,10,,hnsw
pg-hnsw,250000,2,w1,690,2.183917,1.0,10,,hnsw
pg-hnsw,250000,2,w1,808,1.3765,1.0,10,,hnsw
pg-hnsw,250000,2,w1,583,3.077458,1.0,10,,hnsw
pg-hnsw,250000,2,w1,103,2.842792,1.0,10,,hnsw
pg-hnsw,250000,2,w1,365,1.291167,1.0,10,,hnsw
pg-hnsw,250000,2,w1,691,2.748708,1.0,10,,hnsw
pg-hnsw,250000,2,w1,637,2.49625,1.0,10,,hnsw
pg-hnsw,250000,2,w1,169,1.742625,1.0,10,,hnsw
pg-hnsw,250000,2,w1,994,2.562625,1.0,10,,hnsw
pg-hnsw,250000,2,w1,874,4.8095,0.8,10,,hnsw
pg-hnsw,250000,2,w1,281,2.779875,0.9,10,,hnsw
pg-hnsw,250000,2,w1,477,1.855666,1.0,10,,hnsw
pg-hnsw,250000,2,w1,424,2.773459,1.0,10,,hnsw
pg-hnsw,250000,2,w1,398,2.912708,0.9,10,,hnsw
pg-hnsw,250000,2,w1,955,1.936042,1.0,10,,hnsw
pg-hnsw,250000,2,w1,957,3.838458,1.0,10,,hnsw
pg-hnsw,250000,2,w1,627,2.29275,0.3,10,,hnsw
pg-hnsw,250000,2,w1,444,1.974416,1.0,10,,hnsw
pg-hnsw,250000,2,w1,742,2.396667,1.0,10,,hnsw
pg-hnsw,250000,2,w1,869,1.618917,1.0,10,,hnsw
pg-hnsw,250000,2,w1,662,2.424875,1.0,10,,hnsw
pg-hnsw,250000,2,w1,871,2.171875,1.0,10,,hnsw
pg-hnsw,250000,2,w1,960,1.610292,1.0,10,,hnsw
pg-hnsw,250000,2,w1,455,1.779667,1.0,10,,hnsw
pg-hnsw,250000,2,w1,410,1.482833,1.0,10,,hnsw
pg-hnsw,250000,2,w1,293,2.337625,1.0,10,,hnsw
pg-hnsw,250000,2,w1,814,2.264417,1.0,10,,hnsw
pg-hnsw,250000,2,w1,836,2.750791,1.0,10,,hnsw
pg-hnsw,250000,2,w1,494,2.444,1.0,10,,hnsw
pg-hnsw,250000,2,w1,749,2.629,1.0,10,,hnsw
pg-hnsw,250000,2,w1,863,1.855625,1.0,10,,hnsw
pg-hnsw,250000,2,w1,439,2.217042,1.0,10,,hnsw
pg-hnsw,250000,2,w1,269,1.923125,0.9,10,,hnsw
pg-hnsw,250000,2,w1,997,1.645125,1.0,10,,hnsw
pg-hnsw,250000,2,w1,642,2.10675,0.9,10,,hnsw
pg-hnsw,250000,2,w1,839,1.491334,1.0,10,,hnsw
pg-hnsw,250000,2,w1,868,1.980667,1.0,10,,hnsw
pg-hnsw,250000,2,w1,313,1.5145,1.0,10,,hnsw
pg-hnsw,250000,2,w1,140,2.534667,0.9,10,,hnsw
pg-hnsw,250000,2,w1,604,1.969333,1.0,10,,hnsw
pg-hnsw,250000,2,w1,137,1.880833,0.9,10,,hnsw
pg-hnsw,250000,2,w1,941,1.88,1.0,10,,hnsw
pg-hnsw,250000,2,w1,314,2.419958,0.8,10,,hnsw
pg-hnsw,250000,2,w1,752,3.167667,1.0,10,,hnsw
pg-hnsw,250000,2,w1,296,2.300458,1.0,10,,hnsw
pg-hnsw,250000,2,w1,373,1.985167,1.0,10,,hnsw
pg-hnsw,250000,2,w1,438,2.545,1.0,10,,hnsw
pg-hnsw,250000,2,w1,268,1.530208,1.0,10,,hnsw
pg-hnsw,250000,2,w1,741,2.4185,0.9,10,,hnsw
pg-hnsw,250000,2,w1,725,1.397458,1.0,10,,hnsw
pg-hnsw,250000,2,w1,133,1.961,1.0,10,,hnsw
pg-hnsw,250000,2,w1,770,2.676917,0.8,10,,hnsw
pg-hnsw,250000,2,w1,825,2.427459,1.0,10,,hnsw
pg-hnsw,250000,2,w1,996,2.093541,0.8,10,,hnsw
pg-hnsw,250000,2,w1,421,2.700208,1.0,10,,hnsw
pg-hnsw,250000,2,w1,507,2.016834,1.0,10,,hnsw
pg-hnsw,250000,2,w1,568,2.079708,0.9,10,,hnsw
pg-hnsw,250000,2,w1,127,2.720916,0.9,10,,hnsw
pg-hnsw,250000,2,w1,481,2.312708,1.0,10,,hnsw
pg-hnsw,250000,2,w1,235,2.036292,1.0,10,,hnsw
pg-hnsw,250000,2,w1,148,3.916875,1.0,10,,hnsw
pg-hnsw,250000,2,w1,953,2.996792,0.6,10,,hnsw
pg-hnsw,250000,2,w1,258,2.110834,0.9,10,,hnsw
pg-hnsw,250000,2,w1,190,2.052709,1.0,10,,hnsw
pg-hnsw,250000,2,w1,548,2.367417,1.0,10,,hnsw
pg-hnsw,250000,2,w1,762,2.070375,1.0,10,,hnsw
pg-hnsw,250000,2,w1,607,1.254334,1.0,10,,hnsw
pg-hnsw,250000,2,w1,656,2.433,0.9,10,,hnsw
pg-hnsw,250000,2,w1,233,2.872041,0.7,10,,hnsw
pg-hnsw,250000,2,w1,129,2.58925,0.7,10,,hnsw
pg-hnsw,250000,2,w1,666,2.607834,1.0,10,,hnsw
pg-hnsw,250000,2,w1,923,1.977833,1.0,10,,hnsw
pg-hnsw,250000,2,w1,247,2.197666,0.8,10,,hnsw
pg-hnsw,250000,2,w1,188,2.877833,1.0,10,,hnsw
pg-hnsw,250000,2,w1,938,1.796209,1.0,10,,hnsw
pg-hnsw,250000,2,w1,779,3.025542,0.9,10,,hnsw
pg-hnsw,250000,2,w1,621,1.9835,1.0,10,,hnsw
pg-hnsw,250000,2,w1,426,2.211792,0.9,10,,hnsw
pg-hnsw,250000,2,w1,785,3.454291,1.0,10,,hnsw
pg-hnsw,250000,2,w1,897,2.216084,0.7,10,,hnsw
pg-hnsw,250000,2,w1,967,2.486791,1.0,10,,hnsw
pg-hnsw,250000,2,w1,132,2.41325,1.0,10,,hnsw
pg-hnsw,250000,2,w1,512,2.773542,0.8,10,,hnsw
pg-hnsw,250000,2,w1,174,2.040375,1.0,10,,hnsw
pg-hnsw,250000,2,w1,555,2.686791,0.6,10,,hnsw
pg-hnsw,250000,2,w1,357,1.331583,1.0,10,,hnsw
pg-hnsw,250000,2,w1,217,2.525375,0.9,10,,hnsw
pg-hnsw,250000,2,w1,377,2.368584,1.0,10,,hnsw
pg-hnsw,250000,2,w1,516,1.951208,1.0,10,,hnsw
pg-hnsw,250000,2,w1,324,4.204292,0.7,10,,hnsw
pg-hnsw,250000,2,w1,279,1.799041,1.0,10,,hnsw
pg-hnsw,250000,2,w1,388,2.064917,1.0,10,,hnsw
pg-hnsw,250000,2,w1,600,2.992208,0.9,10,,hnsw
pg-hnsw,250000,2,w1,881,2.811208,0.9,10,,hnsw
pg-hnsw,250000,2,w1,935,2.096792,1.0,10,,hnsw
pg-hnsw,250000,2,w1,514,3.200542,1.0,10,,hnsw
pg-hnsw,250000,2,w1,965,2.211667,1.0,10,,hnsw
pg-hnsw,250000,2,w1,859,2.288375,1.0,10,,hnsw
pg-hnsw,250000,2,w1,384,2.930708,0.8,10,,hnsw
pg-hnsw,250000,2,w1,852,2.111292,1.0,10,,hnsw
pg-hnsw,250000,2,w1,209,2.854917,1.0,10,,hnsw
pg-hnsw,250000,2,w1,445,2.315125,1.0,10,,hnsw
pg-hnsw,250000,2,w1,934,2.615375,1.0,10,,hnsw
pg-hnsw,250000,2,w1,716,1.849292,1.0,10,,hnsw
pg-hnsw,250000,2,w1,669,2.43275,1.0,10,,hnsw
pg-hnsw,250000,2,w1,508,1.878458,1.0,10,,hnsw
pg-hnsw,250000,2,w1,509,1.986584,0.9,10,,hnsw
pg-hnsw,250000,2,w1,539,2.028041,1.0,10,,hnsw
pg-hnsw,250000,2,w1,699,2.015667,0.4,10,,hnsw
pg-hnsw,250000,2,w1,273,1.502458,1.0,10,,hnsw
pg-hnsw,250000,2,w1,448,2.459709,1.0,10,,hnsw
pg-hnsw,250000,2,w1,644,2.1585,1.0,10,,hnsw
pg-hnsw,250000,2,w1,952,2.708125,0.9,10,,hnsw
pg-hnsw,250000,2,w1,451,2.4335,0.9,10,,hnsw
pg-hnsw,250000,2,w1,761,2.830083,1.0,10,,hnsw
pg-hnsw,250000,2,w1,170,2.75125,0.5,10,,hnsw
pg-hnsw,250000,2,w1,873,2.121333,1.0,10,,hnsw
pg-hnsw,250000,2,w1,413,2.367875,1.0,10,,hnsw
pg-hnsw,250000,2,w1,524,2.475375,0.8,10,,hnsw
pg-hnsw,250000,2,w1,515,1.810875,1.0,10,,hnsw
pg-hnsw,250000,2,w1,304,2.129875,0.9,10,,hnsw
pg-hnsw,250000,2,w1,291,2.811375,0.8,10,,hnsw
pg-hnsw,250000,2,w1,404,2.345458,1.0,10,,hnsw
pg-hnsw,250000,2,w1,433,2.723625,1.0,10,,hnsw
pg-hnsw,250000,2,w1,376,2.485292,1.0,10,,hnsw
pg-hnsw,250000,2,w1,407,2.082625,1.0,10,,hnsw
pg-hnsw,250000,2,w1,886,2.462083,1.0,10,,hnsw
pg-hnsw,250000,2,w1,422,2.250459,1.0,10,,hnsw
pg-hnsw,250000,2,w1,962,2.848,0.9,10,,hnsw
pg-hnsw,250000,2,w1,590,2.84425,0.7,10,,hnsw
pg-hnsw,250000,2,w1,792,1.762833,1.0,10,,hnsw
pg-hnsw,250000,2,w1,788,2.727834,0.7,10,,hnsw
pg-hnsw,250000,2,w1,830,2.085291,1.0,10,,hnsw
pg-hnsw,250000,2,w1,468,2.030333,1.0,10,,hnsw
pg-hnsw,250000,2,w1,403,2.4995,1.0,10,,hnsw
pg-hnsw,250000,2,w1,698,2.952375,0.9,10,,hnsw
pg-hnsw,250000,2,w1,638,2.159458,1.0,10,,hnsw
pg-hnsw,250000,2,w1,399,2.701333,1.0,10,,hnsw
pg-hnsw,250000,2,w1,622,2.706959,1.0,10,,hnsw
pg-hnsw,250000,2,w1,171,2.239459,1.0,10,,hnsw
pg-hnsw,250000,2,w1,295,1.721541,1.0,10,,hnsw
pg-hnsw,250000,2,w1,870,2.437416,1.0,10,,hnsw
pg-hnsw,250000,2,w1,199,1.894292,1.0,10,,hnsw
pg-hnsw,250000,2,w1,876,2.446875,1.0,10,,hnsw
pg-hnsw,250000,2,w1,542,2.613625,0.8,10,,hnsw
pg-hnsw,250000,2,w1,802,2.409417,1.0,10,,hnsw
pg-hnsw,250000,2,w1,271,2.409083,0.8,10,,hnsw
pg-hnsw,250000,2,w1,889,2.800875,0.9,10,,hnsw
pg-hnsw,250000,2,w1,107,2.038291,1.0,10,,hnsw
pg-hnsw,250000,2,w1,643,2.328709,1.0,10,,hnsw
pg-hnsw,250000,2,w1,150,3.160042,1.0,10,,hnsw
pg-hnsw,250000,2,w1,578,1.825916,1.0,10,,hnsw
pg-hnsw,250000,2,w1,584,2.586916,0.9,10,,hnsw
pg-hnsw,250000,2,w1,815,3.112917,1.0,10,,hnsw
pg-hnsw,250000,2,w1,576,2.489667,0.8,10,,hnsw
pg-hnsw,250000,2,w1,182,1.745291,1.0,10,,hnsw
pg-hnsw,250000,2,w1,629,2.572708,0.8,10,,hnsw
pg-hnsw,250000,2,w1,612,1.774833,1.0,10,,hnsw
pg-hnsw,250000,2,w1,322,2.202375,1.0,10,,hnsw
pg-hnsw,250000,2,w1,720,2.251541,1.0,10,,hnsw
pg-hnsw,250000,2,w1,560,1.902458,1.0,10,,hnsw
pg-hnsw,250000,2,w1,207,2.204667,1.0,10,,hnsw
pg-hnsw,250000,2,w1,655,2.998625,1.0,10,,hnsw
pg-hnsw,250000,2,w1,506,2.450791,0.9,10,,hnsw
pg-hnsw,250000,2,w1,290,2.384958,1.0,10,,hnsw
pg-hnsw,250000,2,w1,764,2.921459,0.6,10,,hnsw
pg-hnsw,250000,2,w1,143,1.838709,1.0,10,,hnsw
pg-hnsw,250000,2,w1,102,2.353083,1.0,10,,hnsw
pg-hnsw,250000,2,w1,977,2.230125,1.0,10,,hnsw
pg-hnsw,250000,2,w1,114,2.680875,1.0,10,,hnsw
pg-hnsw,250000,2,w1,526,2.2845,1.0,10,,hnsw
pg-hnsw,250000,2,w1,606,2.343042,1.0,10,,hnsw
pg-hnsw,250000,2,w1,245,1.449,1.0,10,,hnsw
pg-hnsw,250000,2,w1,389,2.868875,0.8,10,,hnsw
pg-hnsw,250000,2,w1,369,1.722666,1.0,10,,hnsw
pg-hnsw,250000,2,w1,347,1.950208,1.0,10,,hnsw
pg-hnsw,250000,2,w1,980,1.472125,1.0,10,,hnsw
pg-hnsw,250000,2,w1,909,2.36025,0.9,10,,hnsw
pg-hnsw,250000,2,w1,708,2.627125,1.0,10,,hnsw
pg-hnsw,250000,2,w1,875,2.046125,0.9,10,,hnsw
pg-hnsw,250000,2,w1,834,3.351167,0.6,10,,hnsw
pg-hnsw,250000,2,w1,484,2.517584,1.0,10,,hnsw
pg-hnsw,250000,2,w1,462,2.646209,1.0,10,,hnsw
pg-hnsw,250000,2,w1,234,1.399417,1.0,10,,hnsw
pg-hnsw,250000,2,w1,913,2.281417,1.0,10,,hnsw
pg-hnsw,250000,2,w1,545,4.519125,1.0,10,,hnsw
pg-hnsw,250000,2,w1,145,3.068166,1.0,10,,hnsw
pg-hnsw,250000,2,w1,756,2.711417,1.0,10,,hnsw
pg-hnsw,250000,2,w1,803,2.727417,0.9,10,,hnsw
pg-hnsw,250000,2,w1,286,1.904375,1.0,10,,hnsw
pg-hnsw,250000,2,w1,534,2.382458,1.0,10,,hnsw
pg-hnsw,250000,2,w1,222,3.065209,0.6,10,,hnsw
pg-hnsw,250000,2,w1,473,2.617125,1.0,10,,hnsw
pg-hnsw,250000,2,w1,360,2.96125,1.0,10,,hnsw
pg-hnsw,250000,2,w1,474,1.776542,1.0,10,,hnsw
pg-hnsw,250000,2,w1,879,2.265833,1.0,10,,hnsw
pg-hnsw,250000,2,w1,828,2.245958,1.0,10,,hnsw
pg-hnsw,250000,2,w1,843,2.351584,1.0,10,,hnsw
pg-hnsw,250000,2,w1,602,2.04825,1.0,10,,hnsw
pg-hnsw,250000,2,w1,537,2.90375,0.6,10,,hnsw
pg-hnsw,250000,2,w1,285,2.419,1.0,10,,hnsw
pg-hnsw,250000,2,w1,387,1.938625,1.0,10,,hnsw
pg-hnsw,250000,2,w1,354,2.959333,0.8,10,,hnsw
pg-hnsw,250000,2,w1,743,2.600292,1.0,10,,hnsw
pg-hnsw,250000,2,w1,781,1.309666,1.0,10,,hnsw
pg-hnsw,250000,2,w1,241,2.424042,1.0,10,,hnsw
pg-hnsw,250000,2,w1,620,2.241625,1.0,10,,hnsw
pg-hnsw,250000,2,w1,123,2.57175,1.0,10,,hnsw
pg-hnsw,250000,2,w1,636,2.444958,1.0,10,,hnsw
pg-hnsw,250000,2,w1,457,2.187458,1.0,10,,hnsw
pg-hnsw,250000,2,w1,466,3.031083,1.0,10,,hnsw
pg-hnsw,250000,2,w1,502,5.773041,1.0,10,,hnsw
pg-hnsw,250000,2,w1,616,2.650584,0.7,10,,hnsw
pg-hnsw,250000,2,w1,728,2.91725,1.0,10,,hnsw
pg-hnsw,250000,2,w1,580,2.6245,0.9,10,,hnsw
pg-hnsw,250000,2,w1,789,2.748708,0.6,10,,hnsw
pg-hnsw,250000,2,w1,906,4.4435,1.0,10,,hnsw
pg-hnsw,250000,2,w1,105,2.6345,1.0,10,,hnsw
pg-hnsw,250000,2,w1,603,1.908625,1.0,10,,hnsw
pg-hnsw,250000,2,w1,648,4.106792,0.7,10,,hnsw
pg-hnsw,250000,2,w1,703,1.903167,0.8,10,,hnsw
pg-hnsw,250000,2,w1,682,2.501042,1.0,10,,hnsw
pg-hnsw,250000,2,w1,858,1.707583,1.0,10,,hnsw
pg-hnsw,250000,2,w1,144,1.78325,1.0,10,,hnsw
pg-hnsw,250000,2,w1,456,5.349291,1.0,10,,hnsw
pg-hnsw,250000,2,w1,120,3.81725,0.9,10,,hnsw
pg-hnsw,250000,2,w1,626,2.327875,1.0,10,,hnsw
pg-hnsw,250000,2,w1,417,2.3055,0.9,10,,hnsw
pg-hnsw,250000,2,w1,902,2.550166,1.0,10,,hnsw
pg-hnsw,250000,2,w1,380,2.833417,0.8,10,,hnsw
pg-hnsw,250000,2,w1,550,2.083292,1.0,10,,hnsw
pg-hnsw,250000,2,w1,771,2.019042,1.0,10,,hnsw
pg-hnsw,250000,2,w1,848,1.862625,1.0,10,,hnsw
pg-hnsw,250000,2,w1,288,2.365083,1.0,10,,hnsw
pg-hnsw,250000,2,w1,676,2.696,1.0,10,,hnsw
pg-hnsw,250000,2,w1,579,2.255666,0.9,10,,hnsw
pg-hnsw,250000,2,w1,307,2.315917,1.0,10,,hnsw
pg-hnsw,250000,2,w1,784,1.906458,1.0,10,,hnsw
pg-hnsw,250000,2,w1,661,2.416791,1.0,10,,hnsw
pg-hnsw,250000,2,w1,343,2.548958,1.0,10,,hnsw
pg-hnsw,250000,2,w1,751,2.101791,1.0,10,,hnsw
pg-hnsw,250000,2,w1,998,4.949792,1.0,10,,hnsw
pg-hnsw,250000,2,w1,850,2.296667,1.0,10,,hnsw
pg-hnsw,250000,2,w1,197,2.31025,1.0,10,,hnsw
pg-hnsw,250000,2,w1,973,2.068625,0.8,10,,hnsw
pg-hnsw,250000,2,w1,496,1.902875,1.0,10,,hnsw
pg-hnsw,250000,2,w1,450,2.3065,1.0,10,,hnsw
pg-hnsw,250000,2,w1,244,4.560625,1.0,10,,hnsw
pg-hnsw,250000,2,w1,256,3.030958,1.0,10,,hnsw
pg-hnsw,250000,2,w1,571,2.322,1.0,10,,hnsw
pg-hnsw,250000,2,w1,100,2.1795,1.0,10,,hnsw
pg-hnsw,250000,2,w1,110,2.437375,1.0,10,,hnsw
pg-hnsw,250000,2,w1,427,3.213458,0.5,10,,hnsw
pg-hnsw,250000,2,w1,817,2.278084,1.0,10,,hnsw
pg-hnsw,250000,2,w1,405,2.2845,1.0,10,,hnsw
pg-hnsw,250000,2,w1,465,2.446542,0.8,10,,hnsw
pg-hnsw,250000,2,w1,634,2.265292,1.0,10,,hnsw
pg-hnsw,250000,2,w1,976,2.804666,1.0,10,,hnsw
pg-hnsw,250000,2,w1,753,2.259292,1.0,10,,hnsw
pg-hnsw,250000,2,w1,646,1.679042,1.0,10,,hnsw
pg-hnsw,250000,2,w1,432,2.449041,1.0,10,,hnsw
pg-hnsw,250000,2,w1,204,1.590792,1.0,10,,hnsw
pg-hnsw,250000,2,w1,499,1.9315,0.8,10,,hnsw
pg-hnsw,250000,2,w1,905,2.120708,1.0,10,,hnsw
pg-hnsw,250000,2,w1,320,1.982125,1.0,10,,hnsw
pg-hnsw,250000,2,w1,535,2.777792,1.0,10,,hnsw
pg-hnsw,250000,2,w1,303,2.094208,1.0,10,,hnsw
pg-hnsw,250000,2,w1,323,1.994167,1.0,10,,hnsw
pg-hnsw,250000,2,w1,970,2.354541,1.0,10,,hnsw
pg-hnsw,250000,2,w1,653,2.536625,1.0,10,,hnsw
pg-hnsw,250000,2,w1,239,2.49025,1.0,10,,hnsw
pg-hnsw,250000,2,w1,176,5.020792,0.9,10,,hnsw
pg-hnsw,250000,2,w1,300,2.356459,1.0,10,,hnsw
pg-hnsw,250000,2,w1,153,3.421,1.0,10,,hnsw
pg-hnsw,250000,2,w1,299,2.524333,1.0,10,,hnsw
pg-hnsw,250000,2,w1,744,2.597125,1.0,10,,hnsw
pg-hnsw,250000,2,w1,500,2.084,1.0,10,,hnsw
pg-hnsw,250000,2,w1,318,2.82575,0.8,10,,hnsw
pg-hnsw,250000,2,w1,982,2.804875,1.0,10,,hnsw
pg-hnsw,250000,2,w1,442,3.100542,1.0,10,,hnsw
pg-hnsw,250000,2,w1,330,1.9145,1.0,10,,hnsw
pg-hnsw,250000,2,w1,614,2.434917,1.0,10,,hnsw
pg-hnsw,250000,2,w1,564,2.819834,1.0,10,,hnsw
pg-hnsw,250000,2,w1,326,1.584417,1.0,10,,hnsw
pg-hnsw,250000,2,w1,259,1.675458,1.0,10,,hnsw
pg-hnsw,250000,2,w1,721,1.814166,1.0,10,,hnsw
pg-hnsw,250000,2,w1,487,1.93725,1.0,10,,hnsw
pg-hnsw,250000,2,w1,659,2.534583,1.0,10,,hnsw
pg-hnsw,250000,2,w1,363,3.265584,0.9,10,,hnsw
pg-hnsw,250000,2,w1,899,2.981958,1.0,10,,hnsw
pg-hnsw,250000,2,w1,485,2.137333,1.0,10,,hnsw
pg-hnsw,250000,2,w1,732,2.550292,1.0,10,,hnsw
pg-hnsw,250000,2,w1,173,2.05225,1.0,10,,hnsw
pg-hnsw,250000,2,w1,196,7.646792,0.8,10,,hnsw
pg-hnsw,250000,2,w1,822,2.368458,1.0,10,,hnsw
pg-hnsw,250000,2,w1,397,2.169,1.0,10,,hnsw
pg-hnsw,250000,2,w1,664,2.930791,1.0,10,,hnsw
pg-hnsw,250000,2,w1,434,2.141959,1.0,10,,hnsw
pg-hnsw,250000,2,w1,601,4.951667,1.0,10,,hnsw
pg-hnsw,250000,2,w1,379,1.963875,1.0,10,,hnsw
pg-hnsw,250000,2,w1,401,2.791959,1.0,10,,hnsw
pg-hnsw,250000,2,w1,589,3.748583,0.9,10,,hnsw
pg-hnsw,250000,2,w1,757,2.618292,1.0,10,,hnsw
pg-hnsw,250000,2,w1,717,1.630584,1.0,10,,hnsw
pg-hnsw,250000,2,w1,613,1.351083,1.0,10,,hnsw
pg-hnsw,250000,2,w1,166,2.391416,1.0,10,,hnsw
pg-hnsw,250000,2,w1,794,1.641291,1.0,10,,hnsw
pg-hnsw,250000,2,w1,942,2.246875,1.0,10,,hnsw
pg-hnsw,250000,2,w1,249,5.592542,1.0,10,,hnsw
pg-hnsw,250000,2,w1,125,1.938791,1.0,10,,hnsw
pg-hnsw,250000,2,w1,618,1.70975,1.0,10,,hnsw
pg-hnsw,250000,2,w1,425,3.069292,0.9,10,,hnsw
pg-hnsw,250000,2,w1,332,2.114083,1.0,10,,hnsw
pg-hnsw,250000,2,w1,563,2.39475,1.0,10,,hnsw
pg-hnsw,250000,2,w1,888,2.887708,1.0,10,,hnsw
pg-hnsw,250000,2,w1,787,1.803084,1.0,10,,hnsw
pg-hnsw,250000,2,w1,711,2.165917,1.0,10,,hnsw
pg-hnsw,250000,2,w1,908,2.352541,1.0,10,,hnsw
pg-hnsw,250000,2,w1,773,2.197958,1.0,10,,hnsw
pg-hnsw,250000,2,w1,135,2.721875,0.9,10,,hnsw
pg-hnsw,250000,2,w1,853,3.151958,0.7,10,,hnsw
pg-hnsw,250000,2,w1,623,2.616417,1.0,10,,hnsw
pg-hnsw,250000,2,w1,521,2.344084,1.0,10,,hnsw
pg-hnsw,250000,2,w1,119,1.72775,1.0,10,,hnsw
pg-hnsw,250000,2,w1,478,2.778542,1.0,10,,hnsw
pg-hnsw,250000,2,w1,195,2.092208,1.0,10,,hnsw
pg-hnsw,250000,2,w1,647,2.098542,1.0,10,,hnsw
pg-hnsw,250000,2,w1,536,7.647542,1.0,10,,hnsw
pg-hnsw,250000,2,w1,283,2.946,1.0,10,,hnsw
pg-hnsw,250000,2,w1,610,2.639333,1.0,10,,hnsw
pg-hnsw,250000,2,w1,981,2.668167,1.0,10,,hnsw
pg-hnsw,250000,2,w1,824,1.28375,1.0,10,,hnsw
pg-hnsw,250000,2,w1,414,1.924125,0.9,10,,hnsw
pg-hnsw,250000,2,w1,310,1.792667,0.9,10,,hnsw
pg-hnsw,250000,2,w1,929,2.012208,1.0,10,,hnsw
pg-hnsw,250000,2,w1,963,1.522125,1.0,10,,hnsw
pg-hnsw,250000,2,w1,402,1.378167,1.0,10,,hnsw
pg-hnsw,250000,2,w1,277,1.384834,1.0,10,,hnsw
pg-hnsw,250000,2,w1,216,2.093,1.0,10,,hnsw
pg-hnsw,250000,2,w1,832,3.583458,1.0,10,,hnsw
pg-hnsw,250000,2,w1,840,2.540125,1.0,10,,hnsw
pg-hnsw,250000,2,w1,520,2.225542,1.0,10,,hnsw
pg-hnsw,250000,2,w1,391,2.760209,1.0,10,,hnsw
pg-hnsw,250000,2,w1,538,1.353291,1.0,10,,hnsw
pg-hnsw,250000,2,w1,518,4.571125,1.0,10,,hnsw
pg-hnsw,250000,2,w1,745,2.473916,1.0,10,,hnsw
pg-hnsw,250000,2,w1,838,2.622458,1.0,10,,hnsw
pg-hnsw,250000,2,w1,420,1.404583,0.7,10,,hnsw
pg-hnsw,250000,2,w1,385,1.557917,1.0,10,,hnsw
pg-hnsw,250000,2,w1,202,1.502625,1.0,10,,hnsw
pg-hnsw,250000,2,w1,887,1.666042,0.7,10,,hnsw
pg-hnsw,250000,2,w1,778,2.37575,1.0,10,,hnsw
pg-hnsw,250000,2,w1,441,2.674709,0.8,10,,hnsw
pg-hnsw,250000,2,w1,730,1.62725,0.9,10,,hnsw
pg-hnsw,250000,2,w1,740,1.798458,1.0,10,,hnsw
pg-hnsw,250000,2,w1,723,1.91925,0.8,10,,hnsw
pg-hnsw,250000,2,w1,342,2.48025,0.8,10,,hnsw
pg-hnsw,250000,2,w1,395,2.444208,1.0,10,,hnsw
pg-hnsw,250000,2,w1,993,2.124708,1.0,10,,hnsw
pg-hnsw,250000,2,w1,372,2.072875,1.0,10,,hnsw
pg-hnsw,250000,2,w1,146,1.572542,1.0,10,,hnsw
pg-hnsw,250000,2,w1,497,1.824667,1.0,10,,hnsw
pg-hnsw,250000,2,w1,255,2.177917,1.0,10,,hnsw
pg-hnsw,250000,2,w1,872,1.900041,1.0,10,,hnsw
pg-hnsw,250000,2,w1,593,2.63175,1.0,10,,hnsw
pg-hnsw,250000,2,w1,878,1.735625,1.0,10,,hnsw
pg-hnsw,250000,2,w1,903,2.245125,0.9,10,,hnsw
pg-hnsw,250000,2,w1,348,1.491292,1.0,10,,hnsw
pg-hnsw,250000,2,w1,594,5.4745,1.0,10,,hnsw
pg-hnsw,250000,2,w1,763,1.835625,0.7,10,,hnsw
pg-hnsw,250000,2,w1,900,3.126417,1.0,10,,hnsw
pg-hnsw,250000,2,w1,689,3.598084,1.0,10,,hnsw
pg-hnsw,250000,2,w1,591,1.995458,1.0,10,,hnsw
pg-hnsw,250000,2,w1,573,1.401708,1.0,10,,hnsw
pg-hnsw,250000,2,w1,567,1.707541,1.0,10,,hnsw
pg-hnsw,250000,2,w1,353,1.54275,1.0,10,,hnsw
pg-hnsw,250000,2,w1,915,1.632292,1.0,10,,hnsw
pg-hnsw,250000,2,w1,919,2.616583,1.0,10,,hnsw
pg-hnsw,250000,2,w1,995,6.89175,1.0,10,,hnsw
pg-hnsw,250000,2,w1,866,2.18125,0.8,10,,hnsw
pg-hnsw,250000,2,w1,139,2.197666,1.0,10,,hnsw
pg-hnsw,250000,2,w1,688,2.554417,1.0,10,,hnsw
pg-hnsw,250000,2,w1,523,1.436166,1.0,10,,hnsw
pg-hnsw,250000,2,w1,854,2.24225,1.0,10,,hnsw
pg-hnsw,250000,2,w1,635,1.638833,1.0,10,,hnsw
pg-hnsw,250000,2,w1,543,3.289375,0.4,10,,hnsw
pg-hnsw,250000,2,w1,168,1.476375,1.0,10,,hnsw
pg-hnsw,250000,2,w1,772,1.864125,1.0,10,,hnsw
pg-hnsw,250000,2,w1,493,1.984458,1.0,10,,hnsw
pg-hnsw,250000,2,w1,880,2.386541,0.8,10,,hnsw
pg-hnsw,250000,2,w1,774,1.5595,1.0,10,,hnsw
pg-hnsw,250000,2,w1,198,2.404958,1.0,10,,hnsw
pg-hnsw,250000,2,w1,570,2.32725,1.0,10,,hnsw
pg-hnsw,250000,2,w1,292,2.095709,1.0,10,,hnsw
pg-hnsw,250000,2,w1,325,2.865042,0.9,10,,hnsw
pg-hnsw,250000,2,w1,187,2.695375,1.0,10,,hnsw
pg-hnsw,250000,2,w1,189,1.646,1.0,10,,hnsw
pg-hnsw,250000,2,w1,861,2.282959,1.0,10,,hnsw
pg-hnsw,250000,2,w1,619,1.677292,1.0,10,,hnsw
pg-hnsw,250000,2,w1,654,2.487833,0.9,10,,hnsw
pg-hnsw,250000,2,w1,722,2.799833,1.0,10,,hnsw
pg-hnsw,250000,2,w1,341,2.31575,1.0,10,,hnsw
pg-hnsw,250000,2,w1,667,2.078209,0.9,10,,hnsw
pg-hnsw,250000,2,w1,213,4.899167,0.8,10,,hnsw
pg-hnsw,250000,2,w1,459,3.865583,0.9,10,,hnsw
pg-hnsw,250000,2,w1,418,1.863542,1.0,10,,hnsw
pg-hnsw,250000,2,w1,595,2.394667,0.9,10,,hnsw
pg-hnsw,250000,2,w1,846,1.65325,0.8,10,,hnsw
pg-hnsw,250000,2,w1,754,2.599584,1.0,10,,hnsw
pg-hnsw,250000,2,w1,510,2.404,0.9,10,,hnsw
pg-hnsw,250000,2,w1,933,1.820125,1.0,10,,hnsw
pg-hnsw,250000,2,w1,126,1.857291,0.9,10,,hnsw
pg-hnsw,250000,2,w2_50,815,208.175917,1.0,10,,scalar_first_exact
pg-hnsw,250000,2,w2_50,331,206.223417,1.0,10,,scalar_first_exact
pg-hnsw,250000,2,w2_50,176,209.906041,1.0,10,,scalar_first_exact
pg-hnsw,250000,2,w2_50,744,210.874541,1.0,10,,scalar_first_exact
pg-hnsw,250000,2,w2_50,136,207.580875,1.0,10,,scalar_first_exact
pg-hnsw,250000,2,w2_50,845,205.064375,1.0,10,,scalar_first_exact
pg-hnsw,250000,2,w2_50,880,210.067584,1.0,10,,scalar_first_exact
pg-hnsw,250000,2,w2_50,235,210.612458,1.0,10,,scalar_first_exact
pg-hnsw,250000,2,w2_50,394,209.776917,1.0,10,,scalar_first_exact
pg-hnsw,250000,2,w2_50,533,208.46075,1.0,10,,scalar_first_exact
pg-hnsw,250000,2,w2_50,898,212.255583,1.0,10,,scalar_first_exact
pg-hnsw,250000,2,w2_50,635,208.829167,1.0,10,,scalar_first_exact
pg-hnsw,250000,2,w2_50,771,207.87175,1.0,10,,scalar_first_exact
pg-hnsw,250000,2,w2_50,453,210.070791,1.0,10,,scalar_first_exact
pg-hnsw,250000,2,w2_50,132,209.259333,1.0,10,,scalar_first_exact
pg-hnsw,250000,2,w2_50,697,205.573792,1.0,10,,scalar_first_exact
pg-hnsw,250000,2,w2_50,614,207.443458,1.0,10,,scalar_first_exact
pg-hnsw,250000,2,w2_50,732,208.438667,1.0,10,,scalar_first_exact
pg-hnsw,250000,2,w2_50,143,208.543167,1.0,10,,scalar_first_exact
pg-hnsw,250000,2,w2_50,946,207.992084,1.0,10,,scalar_first_exact
pg-hnsw,250000,2,w2_50,728,206.347042,1.0,10,,scalar_first_exact
pg-hnsw,250000,2,w2_50,627,211.016458,1.0,10,,scalar_first_exact
pg-hnsw,250000,2,w2_50,751,206.085791,1.0,10,,scalar_first_exact
pg-hnsw,250000,2,w2_50,352,208.996834,1.0,10,,scalar_first_exact
pg-hnsw,250000,2,w2_50,476,208.544833,1.0,10,,scalar_first_exact
pg-hnsw,250000,2,w2_50,721,244.220625,1.0,10,,scalar_first_exact
pg-hnsw,250000,2,w2_50,894,209.929208,1.0,10,,scalar_first_exact
pg-hnsw,250000,2,w2_50,595,205.677958,1.0,10,,scalar_first_exact
pg-hnsw,250000,2,w2_50,220,209.886792,1.0,10,,scalar_first_exact
pg-hnsw,250000,2,w2_50,642,209.367375,1.0,10,,scalar_first_exact
pg-hnsw,250000,2,w2_50,486,211.368,1.0,10,,scalar_first_exact
pg-hnsw,250000,2,w2_50,895,208.415583,1.0,10,,scalar_first_exact
pg-hnsw,250000,2,w2_50,925,207.907625,1.0,10,,scalar_first_exact
pg-hnsw,250000,2,w2_50,806,208.571459,1.0,10,,scalar_first_exact
pg-hnsw,250000,2,w2_50,967,212.500334,1.0,10,,scalar_first_exact
pg-hnsw,250000,2,w2_50,232,208.587583,1.0,10,,scalar_first_exact
pg-hnsw,250000,2,w2_50,902,208.437167,1.0,10,,scalar_first_exact
pg-hnsw,250000,2,w2_50,256,209.598125,1.0,10,,scalar_first_exact
pg-hnsw,250000,2,w2_50,640,207.276458,1.0,10,,scalar_first_exact
pg-hnsw,250000,2,w2_50,479,208.244667,1.0,10,,scalar_first_exact
pg-hnsw,250000,2,w2_50,568,208.152667,1.0,10,,scalar_first_exact
pg-hnsw,250000,2,w2_50,140,208.263083,1.0,10,,scalar_first_exact
pg-hnsw,250000,2,w2_50,841,207.096334,1.0,10,,scalar_first_exact
pg-hnsw,250000,2,w2_50,417,207.905875,1.0,10,,scalar_first_exact
pg-hnsw,250000,2,w2_50,862,207.443833,1.0,10,,scalar_first_exact
pg-hnsw,250000,2,w2_50,301,209.481125,1.0,10,,scalar_first_exact
pg-hnsw,250000,2,w2_50,639,207.889541,1.0,10,,scalar_first_exact
pg-hnsw,250000,2,w2_50,332,209.433334,1.0,10,,scalar_first_exact
pg-hnsw,250000,2,w2_50,680,212.67625,1.0,10,,scalar_first_exact
pg-hnsw,250000,2,w2_50,209,208.982209,1.0,10,,scalar_first_exact
pg-hnsw,250000,2,w2_50,961,208.989209,1.0,10,,scalar_first_exact
pg-hnsw,250000,2,w2_50,225,209.031125,1.0,10,,scalar_first_exact
pg-hnsw,250000,2,w2_50,236,209.388875,1.0,10,,scalar_first_exact
pg-hnsw,250000,2,w2_50,912,207.395833,1.0,10,,scalar_first_exact
pg-hnsw,250000,2,w2_50,731,214.5885,1.0,10,,scalar_first_exact
pg-hnsw,250000,2,w2_50,689,206.456208,1.0,10,,scalar_first_exact
pg-hnsw,250000,2,w2_50,403,205.923459,1.0,10,,scalar_first_exact
pg-hnsw,250000,2,w2_50,305,206.626291,1.0,10,,scalar_first_exact
pg-hnsw,250000,2,w2_50,754,208.559083,1.0,10,,scalar_first_exact
pg-hnsw,250000,2,w2_50,830,209.85375,1.0,10,,scalar_first_exact
pg-hnsw,250000,2,w2_50,825,206.479209,1.0,10,,scalar_first_exact
pg-hnsw,250000,2,w2_50,458,209.318833,1.0,10,,scalar_first_exact
pg-hnsw,250000,2,w2_50,433,206.204166,1.0,10,,scalar_first_exact
pg-hnsw,250000,2,w2_50,376,208.073792,1.0,10,,scalar_first_exact
pg-hnsw,250000,2,w2_50,953,210.410792,1.0,10,,scalar_first_exact
pg-hnsw,250000,2,w2_50,427,209.571625,1.0,10,,scalar_first_exact
pg-hnsw,250000,2,w2_50,752,208.812917,1.0,10,,scalar_first_exact
pg-hnsw,250000,2,w2_50,347,205.360791,1.0,10,,scalar_first_exact
pg-hnsw,250000,2,w2_50,279,206.684667,1.0,10,,scalar_first_exact
pg-hnsw,250000,2,w2_50,756,209.610167,1.0,10,,scalar_first_exact
pg-hnsw,250000,2,w2_50,780,208.494708,1.0,10,,scalar_first_exact
pg-hnsw,250000,2,w2_50,165,206.972333,1.0,10,,scalar_first_exact
pg-hnsw,250000,2,w2_50,151,202.089084,1.0,10,,scalar_first_exact
pg-hnsw,250000,2,w2_50,315,206.137667,1.0,10,,scalar_first_exact
pg-hnsw,250000,2,w2_50,873,208.331833,1.0,10,,scalar_first_exact
pg-hnsw,250000,2,w2_50,929,207.550583,1.0,10,,scalar_first_exact
pg-hnsw,250000,2,w2_50,268,207.338875,1.0,10,,scalar_first_exact
pg-hnsw,250000,2,w2_50,388,205.082708,1.0,10,,scalar_first_exact
pg-hnsw,250000,2,w2_50,956,212.343458,1.0,10,,scalar_first_exact
pg-hnsw,250000,2,w2_50,354,208.1955,1.0,10,,scalar_first_exact
pg-hnsw,250000,2,w2_50,439,210.257375,1.0,10,,scalar_first_exact
pg-hnsw,250000,2,w2_50,539,208.332375,1.0,10,,scalar_first_exact
pg-hnsw,250000,2,w2_50,321,204.223125,1.0,10,,scalar_first_exact
pg-hnsw,250000,2,w2_50,353,210.896625,1.0,10,,scalar_first_exact
pg-hnsw,250000,2,w2_50,398,208.3115,1.0,10,,scalar_first_exact
pg-hnsw,250000,2,w2_50,758,209.593959,1.0,10,,scalar_first_exact
pg-hnsw,250000,2,w2_50,875,206.658125,1.0,10,,scalar_first_exact
pg-hnsw,250000,2,w2_50,885,208.536125,1.0,10,,scalar_first_exact
pg-hnsw,250000,2,w2_50,948,208.476792,1.0,10,,scalar_first_exact
pg-hnsw,250000,2,w2_50,391,209.290041,1.0,10,,scalar_first_exact
pg-hnsw,250000,2,w2_50,888,214.007375,1.0,10,,scalar_first_exact
pg-hnsw,250000,2,w2_50,615,205.566542,1.0,10,,scalar_first_exact
pg-hnsw,250000,2,w2_50,107,206.107667,1.0,10,,scalar_first_exact
pg-hnsw,250000,2,w2_50,588,209.348958,1.0,10,,scalar_first_exact
pg-hnsw,250000,2,w2_50,281,207.20875,1.0,10,,scalar_first_exact
pg-hnsw,250000,2,w2_50,928,208.744041,1.0,10,,scalar_first_exact
pg-hnsw,250000,2,w2_50,442,204.119875,1.0,10,,scalar_first_exact
pg-hnsw,250000,2,w2_50,161,211.091417,1.0,10,,scalar_first_exact
pg-hnsw,250000,2,w2_50,467,207.854208,1.0,10,,scalar_first_exact
pg-hnsw,250000,2,w2_50,843,208.825083,1.0,10,,scalar_first_exact
pg-hnsw,250000,2,w2_50,703,208.213625,1.0,10,,scalar_first_exact
pg-hnsw,250000,2,w2_50,101,206.724584,1.0,10,,scalar_first_exact
pg-hnsw,250000,2,w2_50,622,210.185875,1.0,10,,scalar_first_exact
pg-hnsw,250000,2,w2_50,562,210.564042,1.0,10,,scalar_first_exact
pg-hnsw,250000,2,w2_50,537,212.492542,1.0,10,,scalar_first_exact
pg-hnsw,250000,2,w2_50,104,205.932459,1.0,10,,scalar_first_exact
pg-hnsw,250000,2,w2_50,419,207.224417,1.0,10,,scalar_first_exact
pg-hnsw,250000,2,w2_50,759,208.165667,1.0,10,,scalar_first_exact
pg-hnsw,250000,2,w2_50,205,206.387792,1.0,10,,scalar_first_exact
pg-hnsw,250000,2,w2_50,657,205.433166,1.0,10,,scalar_first_exact
pg-hnsw,250000,2,w2_50,446,206.630708,1.0,10,,scalar_first_exact
pg-hnsw,250000,2,w2_50,572,207.746709,1.0,10,,scalar_first_exact
pg-hnsw,250000,2,w2_50,919,211.419417,1.0,10,,scalar_first_exact
pg-hnsw,250000,2,w2_50,230,207.825417,1.0,10,,scalar_first_exact
pg-hnsw,250000,2,w2_50,857,208.190292,1.0,10,,scalar_first_exact
pg-hnsw,250000,2,w2_50,569,207.481709,1.0,10,,scalar_first_exact
pg-hnsw,250000,2,w2_50,718,207.754916,1.0,10,,scalar_first_exact
pg-hnsw,250000,2,w2_50,525,208.275875,1.0,10,,scalar_first_exact
pg-hnsw,250000,2,w2_50,350,209.240917,1.0,10,,scalar_first_exact
pg-hnsw,250000,2,w2_50,169,211.363209,1.0,10,,scalar_first_exact
pg-hnsw,250000,2,w2_50,866,207.099792,1.0,10,,scalar_first_exact
pg-hnsw,250000,2,w2_50,485,206.610917,1.0,10,,scalar_first_exact
pg-hnsw,250000,2,w2_50,861,209.245791,1.0,10,,scalar_first_exact
pg-hnsw,250000,2,w2_50,620,211.230375,1.0,10,,scalar_first_exact
pg-hnsw,250000,2,w2_50,463,208.653875,1.0,10,,scalar_first_exact
pg-hnsw,250000,2,w2_50,586,209.328,1.0,10,,scalar_first_exact
pg-hnsw,250000,2,w2_50,701,215.556208,1.0,10,,scalar_first_exact
pg-hnsw,250000,2,w2_50,387,225.157791,1.0,10,,scalar_first_exact
pg-hnsw,250000,2,w2_50,910,208.525959,1.0,10,,scalar_first_exact
pg-hnsw,250000,2,w2_50,110,209.351084,1.0,10,,scalar_first_exact
pg-hnsw,250000,2,w2_50,371,207.0965,1.0,10,,scalar_first_exact
pg-hnsw,250000,2,w2_50,369,207.864875,1.0,10,,scalar_first_exact
pg-hnsw,250000,2,w2_50,699,208.42575,1.0,10,,scalar_first_exact
pg-hnsw,250000,2,w2_50,511,208.293916,1.0,10,,scalar_first_exact
pg-hnsw,250000,2,w2_50,297,206.206542,1.0,10,,scalar_first_exact
pg-hnsw,250000,2,w2_50,154,206.209084,1.0,10,,scalar_first_exact
pg-hnsw,250000,2,w2_50,119,210.513458,1.0,10,,scalar_first_exact
pg-hnsw,250000,2,w2_50,108,208.405875,1.0,10,,scalar_first_exact
pg-hnsw,250000,2,w2_50,241,214.208,1.0,10,,scalar_first_exact
pg-hnsw,250000,2,w2_50,202,216.062083,1.0,10,,scalar_first_exact
pg-hnsw,250000,2,w2_50,360,208.267875,1.0,10,,scalar_first_exact
pg-hnsw,250000,2,w2_50,450,212.699042,1.0,10,,scalar_first_exact
pg-hnsw,250000,2,w2_50,670,212.973834,1.0,10,,scalar_first_exact
pg-hnsw,250000,2,w2_50,557,211.129916,1.0,10,,scalar_first_exact
pg-hnsw,250000,2,w2_50,435,204.351709,1.0,10,,scalar_first_exact
pg-hnsw,250000,2,w2_50,923,212.984833,1.0,10,,scalar_first_exact
pg-hnsw,250000,2,w2_50,396,206.747667,1.0,10,,scalar_first_exact
pg-hnsw,250000,2,w2_50,277,377.079125,1.0,10,,scalar_first_exact
pg-hnsw,250000,2,w2_50,231,248.351292,1.0,10,,scalar_first_exact
pg-hnsw,250000,2,w2_50,399,249.348417,1.0,10,,scalar_first_exact
pg-hnsw,250000,2,w2_50,924,215.911709,1.0,10,,scalar_first_exact
pg-hnsw,250000,2,w2_50,459,208.665709,1.0,10,,scalar_first_exact
pg-hnsw,250000,2,w2_50,155,205.837084,1.0,10,,scalar_first_exact
pg-hnsw,250000,2,w2_50,432,209.349333,1.0,10,,scalar_first_exact
pg-hnsw,250000,2,w2_50,943,209.484667,1.0,10,,scalar_first_exact
pg-hnsw,250000,2,w2_50,970,209.059708,1.0,10,,scalar_first_exact
pg-hnsw,250000,2,w2_50,619,208.557792,1.0,10,,scalar_first_exact
pg-hnsw,250000,2,w2_50,349,203.773667,1.0,10,,scalar_first_exact
pg-hnsw,250000,2,w2_50,199,213.295458,1.0,10,,scalar_first_exact
pg-hnsw,250000,2,w2_50,631,212.27675,1.0,10,,scalar_first_exact
pg-hnsw,250000,2,w2_50,900,209.523709,1.0,10,,scalar_first_exact
pg-hnsw,250000,2,w2_50,661,210.198667,1.0,10,,scalar_first_exact
pg-hnsw,250000,2,w2_50,813,208.138958,1.0,10,,scalar_first_exact
pg-hnsw,250000,2,w2_50,115,205.766875,1.0,10,,scalar_first_exact
pg-hnsw,250000,2,w2_50,193,232.563959,1.0,10,,scalar_first_exact
pg-hnsw,250000,2,w2_50,598,213.885708,1.0,10,,scalar_first_exact
pg-hnsw,250000,2,w2_50,643,207.294875,1.0,10,,scalar_first_exact
pg-hnsw,250000,2,w2_50,306,207.346292,1.0,10,,scalar_first_exact
pg-hnsw,250000,2,w2_50,798,208.711291,1.0,10,,scalar_first_exact
pg-hnsw,250000,2,w2_50,775,209.089459,1.0,10,,scalar_first_exact
pg-hnsw,250000,2,w2_50,682,208.690084,1.0,10,,scalar_first_exact
pg-hnsw,250000,2,w2_50,295,204.744917,1.0,10,,scalar_first_exact
pg-hnsw,250000,2,w2_50,218,208.595875,1.0,10,,scalar_first_exact
pg-hnsw,250000,2,w2_50,570,216.741833,1.0,10,,scalar_first_exact
pg-hnsw,250000,2,w2_50,431,216.224541,1.0,10,,scalar_first_exact
pg-hnsw,250000,2,w2_50,842,207.844292,1.0,10,,scalar_first_exact
pg-hnsw,250000,2,w2_50,460,213.881167,1.0,10,,scalar_first_exact
pg-hnsw,250000,2,w2_50,452,229.789667,1.0,10,,scalar_first_exact
pg-hnsw,250000,2,w2_50,308,213.494083,1.0,10,,scalar_first_exact
pg-hnsw,250000,2,w2_50,401,210.994417,1.0,10,,scalar_first_exact
pg-hnsw,250000,2,w2_50,384,209.718125,1.0,10,,scalar_first_exact
pg-hnsw,250000,2,w2_50,702,205.104375,1.0,10,,scalar_first_exact
pg-hnsw,250000,2,w2_50,414,208.6975,1.0,10,,scalar_first_exact
pg-hnsw,250000,2,w2_50,916,211.976958,1.0,10,,scalar_first_exact
pg-hnsw,250000,2,w2_50,937,206.322875,1.0,10,,scalar_first_exact
pg-hnsw,250000,2,w2_50,358,205.838208,1.0,10,,scalar_first_exact
pg-hnsw,250000,2,w2_50,406,206.319333,1.0,10,,scalar_first_exact
pg-hnsw,250000,2,w2_50,507,207.418625,1.0,10,,scalar_first_exact
pg-hnsw,250000,2,w2_50,309,206.897,1.0,10,,scalar_first_exact
pg-hnsw,250000,2,w2_50,647,207.595708,1.0,10,,scalar_first_exact
pg-hnsw,250000,2,w2_50,325,205.7625,1.0,10,,scalar_first_exact
pg-hnsw,250000,2,w2_50,362,208.439,1.0,10,,scalar_first_exact
pg-hnsw,250000,2,w2_50,318,207.631209,1.0,10,,scalar_first_exact
pg-hnsw,250000,2,w2_50,227,207.92675,1.0,10,,scalar_first_exact
pg-hnsw,250000,2,w2_50,712,209.633541,1.0,10,,scalar_first_exact
pg-hnsw,250000,2,w2_50,616,205.897334,1.0,10,,scalar_first_exact
pg-hnsw,250000,2,w2_50,523,210.302583,1.0,10,,scalar_first_exact
pg-hnsw,250000,2,w2_50,869,209.579583,1.0,10,,scalar_first_exact
pg-hnsw,250000,2,w2_50,282,217.336125,1.0,10,,scalar_first_exact
pg-hnsw,250000,2,w2_50,609,211.010291,1.0,10,,scalar_first_exact
pg-hnsw,250000,2,w2_50,672,212.5605,1.0,10,,scalar_first_exact
pg-hnsw,250000,2,w2_50,930,208.846375,1.0,10,,scalar_first_exact
pg-hnsw,250000,2,w2_50,552,211.417417,1.0,10,,scalar_first_exact
pg-hnsw,250000,2,w2_50,655,210.246709,1.0,10,,scalar_first_exact
pg-hnsw,250000,2,w2_50,298,208.003209,1.0,10,,scalar_first_exact
pg-hnsw,250000,2,w2_50,597,205.878333,1.0,10,,scalar_first_exact
pg-hnsw,250000,2,w2_50,239,210.538083,1.0,10,,scalar_first_exact
pg-hnsw,250000,2,w2_50,950,209.717167,1.0,10,,scalar_first_exact
pg-hnsw,250000,2,w2_50,591,208.978584,1.0,10,,scalar_first_exact
pg-hnsw,250000,2,w2_50,939,205.981125,1.0,10,,scalar_first_exact
pg-hnsw,250000,2,w2_50,802,208.432375,1.0,10,,scalar_first_exact
pg-hnsw,250000,2,w2_50,564,209.740667,1.0,10,,scalar_first_exact
pg-hnsw,250000,2,w2_50,706,211.96225,1.0,10,,scalar_first_exact
pg-hnsw,250000,2,w2_50,795,208.934458,1.0,10,,scalar_first_exact
pg-hnsw,250000,2,w2_50,698,206.71425,1.0,10,,scalar_first_exact
pg-hnsw,250000,2,w2_50,410,210.547084,1.0,10,,scalar_first_exact
pg-hnsw,250000,2,w2_50,480,210.162416,1.0,10,,scalar_first_exact
pg-hnsw,250000,2,w2_50,612,209.799459,1.0,10,,scalar_first_exact
pg-hnsw,250000,2,w2_50,796,211.735125,1.0,10,,scalar_first_exact
pg-hnsw,250000,2,w2_50,120,208.388833,1.0,10,,scalar_first_exact
pg-hnsw,250000,2,w2_50,936,208.2,1.0,10,,scalar_first_exact
pg-hnsw,250000,2,w2_50,351,209.314333,1.0,10,,scalar_first_exact
pg-hnsw,250000,2,w2_50,543,213.6405,1.0,10,,scalar_first_exact
pg-hnsw,250000,2,w2_50,262,208.30075,1.0,10,,scalar_first_exact
pg-hnsw,250000,2,w2_50,466,217.238334,1.0,10,,scalar_first_exact
pg-hnsw,250000,2,w2_50,983,209.760792,1.0,10,,scalar_first_exact
pg-hnsw,250000,2,w2_50,103,208.993458,1.0,10,,scalar_first_exact
pg-hnsw,250000,2,w2_50,733,207.072875,1.0,10,,scalar_first_exact
pg-hnsw,250000,2,w2_50,344,207.889042,1.0,10,,scalar_first_exact
pg-hnsw,250000,2,w2_50,587,208.374834,1.0,10,,scalar_first_exact
pg-hnsw,250000,2,w2_50,182,209.057125,1.0,10,,scalar_first_exact
pg-hnsw,250000,2,w2_50,487,213.130625,1.0,10,,scalar_first_exact
pg-hnsw,250000,2,w2_50,767,208.900709,1.0,10,,scalar_first_exact
pg-hnsw,250000,2,w2_50,872,208.415667,1.0,10,,scalar_first_exact
pg-hnsw,250000,2,w2_50,606,208.726125,1.0,10,,scalar_first_exact
pg-hnsw,250000,2,w2_50,473,209.357959,1.0,10,,scalar_first_exact
pg-hnsw,250000,2,w2_50,334,209.519417,1.0,10,,scalar_first_exact
pg-hnsw,250000,2,w2_50,287,209.302375,1.0,10,,scalar_first_exact
pg-hnsw,250000,2,w2_50,457,205.015875,1.0,10,,scalar_first_exact
pg-hnsw,250000,2,w2_50,740,210.079209,1.0,10,,scalar_first_exact
pg-hnsw,250000,2,w2_50,974,213.496417,1.0,10,,scalar_first_exact
pg-hnsw,250000,2,w2_50,846,212.495458,1.0,10,,scalar_first_exact
pg-hnsw,250000,2,w2_50,584,207.50225,1.0,10,,scalar_first_exact
pg-hnsw,250000,2,w2_50,246,205.974875,1.0,10,,scalar_first_exact
pg-hnsw,250000,2,w2_50,708,208.866792,1.0,10,,scalar_first_exact
pg-hnsw,250000,2,w2_50,711,213.051125,1.0,10,,scalar_first_exact
pg-hnsw,250000,2,w2_50,198,212.274,1.0,10,,scalar_first_exact
pg-hnsw,250000,2,w2_50,128,208.6595,1.0,10,,scalar_first_exact
pg-hnsw,250000,2,w2_50,971,208.474375,1.0,10,,scalar_first_exact
pg-hnsw,250000,2,w2_50,886,209.725,1.0,10,,scalar_first_exact
pg-hnsw,250000,2,w2_50,973,207.275292,1.0,10,,scalar_first_exact
pg-hnsw,250000,2,w2_50,554,208.787792,1.0,10,,scalar_first_exact
pg-hnsw,250000,2,w2_50,960,207.61475,1.0,10,,scalar_first_exact
pg-hnsw,250000,2,w2_50,542,212.376459,1.0,10,,scalar_first_exact
pg-hnsw,250000,2,w2_50,793,213.664083,1.0,10,,scalar_first_exact
pg-hnsw,250000,2,w2_50,879,207.542125,1.0,10,,scalar_first_exact
pg-hnsw,250000,2,w2_50,365,208.154167,1.0,10,,scalar_first_exact
pg-hnsw,250000,2,w2_50,146,204.002041,1.0,10,,scalar_first_exact
pg-hnsw,250000,2,w2_50,677,208.7005,1.0,10,,scalar_first_exact
pg-hnsw,250000,2,w2_50,998,209.96275,1.0,10,,scalar_first_exact
pg-hnsw,250000,2,w2_50,357,209.576417,1.0,10,,scalar_first_exact
pg-hnsw,250000,2,w2_50,389,207.903875,1.0,10,,scalar_first_exact
pg-hnsw,250000,2,w2_50,621,205.221083,1.0,10,,scalar_first_exact
pg-hnsw,250000,2,w2_50,904,209.717875,1.0,10,,scalar_first_exact
pg-hnsw,250000,2,w2_50,276,210.62975,1.0,10,,scalar_first_exact
pg-hnsw,250000,2,w2_50,437,207.217375,1.0,10,,scalar_first_exact
pg-hnsw,250000,2,w2_50,322,206.753584,1.0,10,,scalar_first_exact
pg-hnsw,250000,2,w2_50,355,206.082125,1.0,10,,scalar_first_exact
pg-hnsw,250000,2,w2_50,129,210.078166,1.0,10,,scalar_first_exact
pg-hnsw,250000,2,w2_50,516,208.329,1.0,10,,scalar_first_exact
pg-hnsw,250000,2,w2_50,776,211.747792,1.0,10,,scalar_first_exact
pg-hnsw,250000,2,w2_50,814,210.124083,1.0,10,,scalar_first_exact
pg-hnsw,250000,2,w2_50,663,207.028458,1.0,10,,scalar_first_exact
pg-hnsw,250000,2,w2_50,177,210.074833,1.0,10,,scalar_first_exact
pg-hnsw,250000,2,w2_50,327,211.863458,1.0,10,,scalar_first_exact
pg-hnsw,250000,2,w2_50,852,209.699417,1.0,10,,scalar_first_exact
pg-hnsw,250000,2,w2_50,179,204.451917,1.0,10,,scalar_first_exact
pg-hnsw,250000,2,w2_50,638,208.56325,1.0,10,,scalar_first_exact
pg-hnsw,250000,2,w2_50,821,210.106667,1.0,10,,scalar_first_exact
pg-hnsw,250000,2,w2_50,669,208.527875,1.0,10,,scalar_first_exact
pg-hnsw,250000,2,w2_50,462,211.636958,1.0,10,,scalar_first_exact
pg-hnsw,250000,2,w2_50,320,212.508417,1.0,10,,scalar_first_exact
pg-hnsw,250000,2,w2_50,850,207.922625,1.0,10,,scalar_first_exact
pg-hnsw,250000,2,w2_50,456,209.574042,1.0,10,,scalar_first_exact
pg-hnsw,250000,2,w2_50,496,208.970708,1.0,10,,scalar_first_exact
pg-hnsw,250000,2,w2_50,148,208.907334,1.0,10,,scalar_first_exact
pg-hnsw,250000,2,w2_50,390,204.212917,1.0,10,,scalar_first_exact
pg-hnsw,250000,2,w2_50,944,209.152167,1.0,10,,scalar_first_exact
pg-hnsw,250000,2,w2_50,613,209.11825,1.0,10,,scalar_first_exact
pg-hnsw,250000,2,w2_50,472,210.653042,1.0,10,,scalar_first_exact
pg-hnsw,250000,2,w2_50,768,206.994292,1.0,10,,scalar_first_exact
pg-hnsw,250000,2,w2_50,518,206.331125,1.0,10,,scalar_first_exact
pg-hnsw,250000,2,w2_50,207,215.269541,1.0,10,,scalar_first_exact
pg-hnsw,250000,2,w2_50,750,209.563084,1.0,10,,scalar_first_exact
pg-hnsw,250000,2,w2_50,420,211.9685,1.0,10,,scalar_first_exact
pg-hnsw,250000,2,w2_50,753,207.087375,1.0,10,,scalar_first_exact
pg-hnsw,250000,2,w2_50,118,209.297209,1.0,10,,scalar_first_exact
pg-hnsw,250000,2,w2_50,958,209.422167,1.0,10,,scalar_first_exact
pg-hnsw,250000,2,w2_50,687,207.781833,1.0,10,,scalar_first_exact
pg-hnsw,250000,2,w2_50,607,212.031583,1.0,10,,scalar_first_exact
pg-hnsw,250000,2,w2_50,411,217.540708,1.0,10,,scalar_first_exact
pg-hnsw,250000,2,w2_50,260,209.452666,1.0,10,,scalar_first_exact
pg-hnsw,250000,2,w2_50,343,208.999125,1.0,10,,scalar_first_exact
pg-hnsw,250000,2,w2_50,234,208.805375,1.0,10,,scalar_first_exact
pg-hnsw,250000,2,w2_50,871,208.484042,1.0,10,,scalar_first_exact
pg-hnsw,250000,2,w2_50,952,207.7035,1.0,10,,scalar_first_exact
pg-hnsw,250000,2,w2_50,492,209.684792,1.0,10,,scalar_first_exact
pg-hnsw,250000,2,w2_50,512,213.359917,1.0,10,,scalar_first_exact
pg-hnsw,250000,2,w2_50,743,207.188625,1.0,10,,scalar_first_exact
pg-hnsw,250000,2,w2_50,418,209.712875,1.0,10,,scalar_first_exact
pg-hnsw,250000,2,w2_50,599,207.027584,1.0,10,,scalar_first_exact
pg-hnsw,250000,2,w2_50,407,209.800917,1.0,10,,scalar_first_exact
pg-hnsw,250000,2,w2_50,313,211.516459,1.0,10,,scalar_first_exact
pg-hnsw,250000,2,w2_50,972,208.2985,1.0,10,,scalar_first_exact
pg-hnsw,250000,2,w2_50,292,207.330333,1.0,10,,scalar_first_exact
pg-hnsw,250000,2,w2_50,171,208.087958,1.0,10,,scalar_first_exact
pg-hnsw,250000,2,w2_50,764,211.303625,1.0,10,,scalar_first_exact
pg-hnsw,250000,2,w2_50,914,211.009667,1.0,10,,scalar_first_exact
pg-hnsw,250000,2,w2_50,160,216.748417,1.0,10,,scalar_first_exact
pg-hnsw,250000,2,w2_50,654,207.330125,1.0,10,,scalar_first_exact
pg-hnsw,250000,2,w2_50,172,211.442375,1.0,10,,scalar_first_exact
pg-hnsw,250000,2,w2_50,137,208.227459,1.0,10,,scalar_first_exact
pg-hnsw,250000,2,w2_50,797,210.528875,1.0,10,,scalar_first_exact
pg-hnsw,250000,2,w2_50,790,211.803667,1.0,10,,scalar_first_exact
pg-hnsw,250000,2,w2_50,931,204.753583,1.0,10,,scalar_first_exact
pg-hnsw,250000,2,w2_50,981,207.585209,1.0,10,,scalar_first_exact
pg-hnsw,250000,2,w2_50,317,207.598208,1.0,10,,scalar_first_exact
pg-hnsw,250000,2,w2_50,402,209.857625,1.0,10,,scalar_first_exact
pg-hnsw,250000,2,w2_50,908,218.402875,1.0,10,,scalar_first_exact
pg-hnsw,250000,2,w2_50,674,281.679542,1.0,10,,scalar_first_exact
pg-hnsw,250000,2,w2_50,379,296.936958,1.0,10,,scalar_first_exact
pg-hnsw,250000,2,w2_50,150,231.65275,1.0,10,,scalar_first_exact
pg-hnsw,250000,2,w2_50,206,208.7925,1.0,10,,scalar_first_exact
pg-hnsw,250000,2,w2_50,761,214.259541,1.0,10,,scalar_first_exact
pg-hnsw,250000,2,w2_50,178,210.160083,1.0,10,,scalar_first_exact
pg-hnsw,250000,2,w2_50,372,208.865958,1.0,10,,scalar_first_exact
pg-hnsw,250000,2,w2_50,482,208.797667,1.0,10,,scalar_first_exact
pg-hnsw,250000,2,w2_50,337,213.555666,1.0,10,,scalar_first_exact
pg-hnsw,250000,2,w2_50,538,207.084791,1.0,10,,scalar_first_exact
pg-hnsw,250000,2,w2_50,829,212.793125,1.0,10,,scalar_first_exact
pg-hnsw,250000,2,w2_50,255,207.567959,1.0,10,,scalar_first_exact
pg-hnsw,250000,2,w2_50,237,209.19475,1.0,10,,scalar_first_exact
pg-hnsw,250000,2,w2_50,415,205.455833,1.0,10,,scalar_first_exact
pg-hnsw,250000,2,w2_50,859,210.232083,1.0,10,,scalar_first_exact
pg-hnsw,250000,2,w2_50,505,206.707875,1.0,10,,scalar_first_exact
pg-hnsw,250000,2,w2_50,521,208.722792,1.0,10,,scalar_first_exact
pg-hnsw,250000,2,w2_50,891,209.081208,1.0,10,,scalar_first_exact
pg-hnsw,250000,2,w2_50,897,204.422041,1.0,10,,scalar_first_exact
pg-hnsw,250000,2,w2_50,499,210.705833,1.0,10,,scalar_first_exact
pg-hnsw,250000,2,w2_50,444,225.850334,1.0,10,,scalar_first_exact
pg-hnsw,250000,2,w2_50,636,215.826959,1.0,10,,scalar_first_exact
pg-hnsw,250000,2,w2_50,190,208.716667,1.0,10,,scalar_first_exact
pg-hnsw,250000,2,w2_50,968,210.286625,1.0,10,,scalar_first_exact
pg-hnsw,250000,2,w2_50,629,209.502208,1.0,10,,scalar_first_exact
pg-hnsw,250000,2,w2_50,166,210.015292,1.0,10,,scalar_first_exact
pg-hnsw,250000,2,w2_50,393,208.0135,1.0,10,,scalar_first_exact
pg-hnsw,250000,2,w2_50,558,216.45675,1.0,10,,scalar_first_exact
pg-hnsw,250000,2,w2_50,269,207.346916,1.0,10,,scalar_first_exact
pg-hnsw,250000,2,w2_50,528,208.23375,1.0,10,,scalar_first_exact
pg-hnsw,250000,2,w2_50,330,212.2185,1.0,10,,scalar_first_exact
pg-hnsw,250000,2,w2_50,832,208.779458,1.0,10,,scalar_first_exact
pg-hnsw,250000,2,w2_50,710,206.314459,1.0,10,,scalar_first_exact
pg-hnsw,250000,2,w2_50,769,211.266209,1.0,10,,scalar_first_exact
pg-hnsw,250000,2,w2_50,429,208.627458,1.0,10,,scalar_first_exact
pg-hnsw,250000,2,w2_50,556,209.028167,1.0,10,,scalar_first_exact
pg-hnsw,250000,2,w2_50,623,211.298917,1.0,10,,scalar_first_exact
pg-hnsw,250000,2,w2_50,377,214.993208,1.0,10,,scalar_first_exact
pg-hnsw,250000,2,w2_50,577,218.359834,1.0,10,,scalar_first_exact
pg-hnsw,250000,2,w2_50,660,211.330208,1.0,10,,scalar_first_exact
pg-hnsw,250000,2,w2_50,139,211.293,1.0,10,,scalar_first_exact
pg-hnsw,250000,2,w2_50,602,204.131125,1.0,10,,scalar_first_exact
pg-hnsw,250000,2,w2_50,957,206.380292,1.0,10,,scalar_first_exact
pg-hnsw,250000,2,w2_50,464,211.254417,1.0,10,,scalar_first_exact
pg-hnsw,250000,2,w2_50,249,208.831291,1.0,10,,scalar_first_exact
pg-hnsw,250000,2,w2_50,125,208.364417,1.0,10,,scalar_first_exact
pg-hnsw,250000,2,w2_50,451,208.405709,1.0,10,,scalar_first_exact
pg-hnsw,250000,2,w2_50,138,207.1725,1.0,10,,scalar_first_exact
pg-hnsw,250000,2,w2_50,868,207.056334,1.0,10,,scalar_first_exact
pg-hnsw,250000,2,w2_50,726,208.953708,1.0,10,,scalar_first_exact
pg-hnsw,250000,2,w2_50,645,207.181167,1.0,10,,scalar_first_exact
pg-hnsw,250000,2,w2_50,226,206.16075,1.0,10,,scalar_first_exact
pg-hnsw,250000,2,w2_50,288,208.180125,1.0,10,,scalar_first_exact
pg-hnsw,250000,2,w2_50,304,208.878292,1.0,10,,scalar_first_exact
pg-hnsw,250000,2,w2_50,760,207.248291,1.0,10,,scalar_first_exact
pg-hnsw,250000,2,w2_50,356,210.881708,1.0,10,,scalar_first_exact
pg-hnsw,250000,2,w2_50,987,209.444125,1.0,10,,scalar_first_exact
pg-hnsw,250000,2,w2_50,302,206.922334,1.0,10,,scalar_first_exact
pg-hnsw,250000,2,w2_50,183,209.945209,1.0,10,,scalar_first_exact
pg-hnsw,250000,2,w2_50,737,206.550959,1.0,10,,scalar_first_exact
pg-hnsw,250000,2,w2_50,540,208.826209,1.0,10,,scalar_first_exact
pg-hnsw,250000,2,w2_50,838,204.892458,1.0,10,,scalar_first_exact
pg-hnsw,250000,2,w2_50,566,208.759209,1.0,10,,scalar_first_exact
pg-hnsw,250000,2,w2_50,214,209.687917,1.0,10,,scalar_first_exact
pg-hnsw,250000,2,w2_50,174,208.597541,1.0,10,,scalar_first_exact
pg-hnsw,250000,2,w2_50,204,207.866541,1.0,10,,scalar_first_exact
pg-hnsw,250000,2,w2_50,285,204.00425,1.0,10,,scalar_first_exact
pg-hnsw,250000,2,w2_50,876,210.024875,1.0,10,,scalar_first_exact
pg-hnsw,250000,2,w2_50,289,208.500042,1.0,10,,scalar_first_exact
pg-hnsw,250000,2,w2_50,200,209.8845,1.0,10,,scalar_first_exact
pg-hnsw,250000,2,w2_50,338,205.084625,1.0,10,,scalar_first_exact
pg-hnsw,250000,2,w2_50,730,208.618625,1.0,10,,scalar_first_exact
pg-hnsw,250000,2,w2_50,990,208.829,1.0,10,,scalar_first_exact
pg-hnsw,250000,2,w2_50,167,210.897833,1.0,10,,scalar_first_exact
pg-hnsw,250000,2,w2_50,428,209.312792,1.0,10,,scalar_first_exact
pg-hnsw,250000,2,w2_50,474,208.805208,1.0,10,,scalar_first_exact
pg-hnsw,250000,2,w2_50,468,211.871375,1.0,10,,scalar_first_exact
pg-hnsw,250000,2,w2_50,933,209.034333,1.0,10,,scalar_first_exact
pg-hnsw,250000,2,w2_50,259,211.121,1.0,10,,scalar_first_exact
pg-hnsw,250000,2,w2_50,808,208.426125,1.0,10,,scalar_first_exact
pg-hnsw,250000,2,w2_50,240,210.438625,1.0,10,,scalar_first_exact
pg-hnsw,250000,2,w2_50,448,212.37725,1.0,10,,scalar_first_exact
pg-hnsw,250000,2,w2_50,736,209.489292,1.0,10,,scalar_first_exact
pg-hnsw,250000,2,w2_50,545,213.463209,1.0,10,,scalar_first_exact
pg-hnsw,250000,2,w2_50,475,211.182666,1.0,10,,scalar_first_exact
pg-hnsw,250000,2,w2_50,836,210.939959,1.0,10,,scalar_first_exact
pg-hnsw,250000,2,w2_50,395,209.762625,1.0,10,,scalar_first_exact
pg-hnsw,250000,2,w2_50,405,207.464,1.0,10,,scalar_first_exact
pg-hnsw,250000,2,w2_50,135,207.219709,1.0,10,,scalar_first_exact
pg-hnsw,250000,2,w2_50,773,207.604417,1.0,10,,scalar_first_exact
pg-hnsw,250000,2,w2_50,196,208.249792,1.0,10,,scalar_first_exact
pg-hnsw,250000,2,w2_50,109,208.124875,1.0,10,,scalar_first_exact
pg-hnsw,250000,2,w2_50,785,208.589417,1.0,10,,scalar_first_exact
pg-hnsw,250000,2,w2_50,791,207.283,1.0,10,,scalar_first_exact
pg-hnsw,250000,2,w2_50,809,207.639167,1.0,10,,scalar_first_exact
pg-hnsw,250000,2,w2_50,997,207.863333,1.0,10,,scalar_first_exact
pg-hnsw,250000,2,w2_50,254,209.590042,1.0,10,,scalar_first_exact
pg-hnsw,250000,2,w2_50,116,209.802542,1.0,10,,scalar_first_exact
pg-hnsw,250000,2,w2_50,658,209.810542,1.0,10,,scalar_first_exact
pg-hnsw,250000,2,w2_50,257,205.768792,1.0,10,,scalar_first_exact
pg-hnsw,250000,2,w2_50,704,208.215917,1.0,10,,scalar_first_exact
pg-hnsw,250000,2,w2_50,903,208.023666,1.0,10,,scalar_first_exact
pg-hnsw,250000,2,w2_50,436,210.390125,1.0,10,,scalar_first_exact
pg-hnsw,250000,2,w2_50,409,207.733,1.0,10,,scalar_first_exact
pg-hnsw,250000,2,w2_50,922,207.020375,1.0,10,,scalar_first_exact
pg-hnsw,250000,2,w2_50,483,207.71125,1.0,10,,scalar_first_exact
pg-hnsw,250000,2,w2_50,858,206.837208,1.0,10,,scalar_first_exact
pg-hnsw,250000,2,w2_50,864,210.193958,1.0,10,,scalar_first_exact
pg-hnsw,250000,2,w2_50,651,208.2395,1.0,10,,scalar_first_exact
pg-hnsw,250000,2,w2_50,574,207.361458,1.0,10,,scalar_first_exact
pg-hnsw,250000,2,w2_50,478,210.360042,1.0,10,,scalar_first_exact
pg-hnsw,250000,2,w2_50,679,207.638208,1.0,10,,scalar_first_exact
pg-hnsw,250000,2,w2_50,671,208.371667,1.0,10,,scalar_first_exact
pg-hnsw,250000,2,w2_50,729,208.329542,1.0,10,,scalar_first_exact
pg-hnsw,250000,2,w2_50,559,207.6035,1.0,10,,scalar_first_exact
pg-hnsw,250000,2,w2_50,149,210.571791,1.0,10,,scalar_first_exact
pg-hnsw,250000,2,w2_50,111,211.238084,1.0,10,,scalar_first_exact
pg-hnsw,250000,2,w2_50,560,210.937958,1.0,10,,scalar_first_exact
pg-hnsw,250000,2,w2_50,994,207.132541,1.0,10,,scalar_first_exact
pg-hnsw,250000,2,w2_50,113,210.898459,1.0,10,,scalar_first_exact
pg-hnsw,250000,2,w2_50,934,210.02575,1.0,10,,scalar_first_exact
pg-hnsw,250000,2,w2_50,834,209.202792,1.0,10,,scalar_first_exact
pg-hnsw,250000,2,w2_50,283,207.4735,1.0,10,,scalar_first_exact
pg-hnsw,250000,2,w2_50,312,204.804125,1.0,10,,scalar_first_exact
pg-hnsw,250000,2,w2_50,413,209.430875,1.0,10,,scalar_first_exact
pg-hnsw,250000,2,w2_50,787,207.886167,1.0,10,,scalar_first_exact
pg-hnsw,250000,2,w2_50,336,208.967083,1.0,10,,scalar_first_exact
pg-hnsw,250000,2,w2_50,229,208.838666,1.0,10,,scalar_first_exact
pg-hnsw,250000,2,w2_50,425,204.823667,1.0,10,,scalar_first_exact
pg-hnsw,250000,2,w2_50,720,208.567666,1.0,10,,scalar_first_exact
pg-hnsw,250000,2,w2_50,782,208.194584,1.0,10,,scalar_first_exact
pg-hnsw,250000,2,w2_50,280,211.049917,1.0,10,,scalar_first_exact
pg-hnsw,250000,2,w2_50,491,207.519875,1.0,10,,scalar_first_exact
pg-hnsw,250000,2,w2_50,553,213.497917,1.0,10,,scalar_first_exact
pg-hnsw,250000,2,w2_50,927,210.814708,1.0,10,,scalar_first_exact
pg-hnsw,250000,2,w2_50,979,207.921291,1.0,10,,scalar_first_exact
pg-hnsw,250000,2,w2_50,127,207.990375,1.0,10,,scalar_first_exact
pg-hnsw,250000,2,w2_50,824,205.631666,1.0,10,,scalar_first_exact
pg-hnsw,250000,2,w2_50,423,206.788625,1.0,10,,scalar_first_exact
pg-hnsw,250000,2,w2_50,662,209.315875,1.0,10,,scalar_first_exact
pg-hnsw,250000,2,w2_50,632,207.905042,1.0,10,,scalar_first_exact
pg-hnsw,250000,2,w2_50,738,208.586958,1.0,10,,scalar_first_exact
pg-hnsw,250000,2,w2_50,438,205.123708,1.0,10,,scalar_first_exact
pg-hnsw,250000,2,w2_50,102,209.089333,1.0,10,,scalar_first_exact
pg-hnsw,250000,2,w2_50,303,207.922209,1.0,10,,scalar_first_exact
pg-hnsw,250000,2,w2_50,481,210.259417,1.0,10,,scalar_first_exact
pg-hnsw,250000,2,w2_50,863,208.233625,1.0,10,,scalar_first_exact
pg-hnsw,250000,2,w2_50,839,205.158875,1.0,10,,scalar_first_exact
pg-hnsw,250000,2,w2_50,162,209.884083,1.0,10,,scalar_first_exact
pg-hnsw,250000,2,w2_50,488,208.202042,1.0,10,,scalar_first_exact
pg-hnsw,250000,2,w2_50,185,208.822458,1.0,10,,scalar_first_exact
pg-hnsw,250000,2,w2_50,265,206.676708,1.0,10,,scalar_first_exact
pg-hnsw,250000,2,w2_50,188,206.367,1.0,10,,scalar_first_exact
pg-hnsw,250000,2,w2_50,152,216.510583,1.0,10,,scalar_first_exact
pg-hnsw,250000,2,w2_50,585,219.846041,1.0,10,,scalar_first_exact
pg-hnsw,250000,2,w2_50,117,215.014,1.0,10,,scalar_first_exact
pg-hnsw,250000,2,w2_50,947,206.929916,1.0,10,,scalar_first_exact
pg-hnsw,250000,2,w2_50,299,241.059417,1.0,10,,scalar_first_exact
pg-hnsw,250000,2,w2_50,477,214.332625,1.0,10,,scalar_first_exact
pg-hnsw,250000,2,w2_50,637,208.993709,1.0,10,,scalar_first_exact
pg-hnsw,250000,2,w2_50,159,208.025542,1.0,10,,scalar_first_exact
pg-hnsw,250000,2,w2_50,430,204.637375,1.0,10,,scalar_first_exact
pg-hnsw,250000,2,w2_50,735,208.220584,1.0,10,,scalar_first_exact
pg-hnsw,250000,2,w2_50,889,208.971666,1.0,10,,scalar_first_exact
pg-hnsw,250000,2,w2_50,579,208.713,1.0,10,,scalar_first_exact
pg-hnsw,250000,2,w2_50,219,208.158458,1.0,10,,scalar_first_exact
pg-hnsw,250000,2,w2_50,319,203.8045,1.0,10,,scalar_first_exact
pg-hnsw,250000,2,w2_50,665,212.106791,1.0,10,,scalar_first_exact
pg-hnsw,250000,2,w2_50,273,208.389167,1.0,10,,scalar_first_exact
pg-hnsw,250000,2,w2_50,210,204.294208,1.0,10,,scalar_first_exact
pg-hnsw,250000,2,w2_50,685,208.922833,1.0,10,,scalar_first_exact
pg-hnsw,250000,2,w2_50,404,208.855833,1.0,10,,scalar_first_exact
pg-hnsw,250000,2,w2_50,892,214.811208,1.0,10,,scalar_first_exact
pg-hnsw,250000,2,w2_50,361,209.796375,1.0,10,,scalar_first_exact
pg-hnsw,250000,2,w2_50,781,210.121958,1.0,10,,scalar_first_exact
pg-hnsw,250000,2,w2_50,828,208.414208,1.0,10,,scalar_first_exact
pg-hnsw,250000,2,w2_50,673,209.544375,1.0,10,,scalar_first_exact
pg-hnsw,250000,2,w2_50,694,209.173458,1.0,10,,scalar_first_exact
pg-hnsw,250000,2,w2_50,374,209.501208,1.0,10,,scalar_first_exact
pg-hnsw,250000,2,w2_50,696,214.964916,1.0,10,,scalar_first_exact
pg-hnsw,250000,2,w2_50,412,208.636333,1.0,10,,scalar_first_exact
pg-hnsw,250000,2,w2_50,242,210.516875,1.0,10,,scalar_first_exact
pg-hnsw,250000,2,w2_50,848,209.745209,1.0,10,,scalar_first_exact
pg-hnsw,250000,2,w2_50,856,208.762208,1.0,10,,scalar_first_exact
pg-hnsw,250000,2,w2_50,271,206.771834,1.0,10,,scalar_first_exact
pg-hnsw,250000,2,w2_50,147,203.981,1.0,10,,scalar_first_exact
pg-hnsw,250000,2,w2_50,217,208.533208,1.0,10,,scalar_first_exact
pg-hnsw,250000,2,w2_50,692,208.268792,1.0,10,,scalar_first_exact
pg-hnsw,250000,2,w2_50,549,208.516041,1.0,10,,scalar_first_exact
pg-hnsw,250000,2,w2_50,145,207.738417,1.0,10,,scalar_first_exact
pg-hnsw,250000,2,w2_50,709,205.584541,1.0,10,,scalar_first_exact
pg-hnsw,250000,2,w2_50,224,212.017792,1.0,10,,scalar_first_exact
pg-hnsw,250000,2,w2_50,938,213.62175,1.0,10,,scalar_first_exact
pg-hnsw,250000,2,w2_50,676,213.397958,1.0,10,,scalar_first_exact
pg-hnsw,250000,2,w2_50,567,209.754833,1.0,10,,scalar_first_exact
pg-hnsw,250000,2,w2_50,995,204.338375,1.0,10,,scalar_first_exact
pg-hnsw,250000,2,w2_50,296,208.29975,1.0,10,,scalar_first_exact
pg-hnsw,250000,2,w2_50,258,209.180291,1.0,10,,scalar_first_exact
pg-hnsw,250000,2,w2_50,867,208.349084,1.0,10,,scalar_first_exact
pg-hnsw,250000,2,w2_50,749,205.6455,1.0,10,,scalar_first_exact
pg-hnsw,250000,2,w2_50,633,208.215792,1.0,10,,scalar_first_exact
pg-hnsw,250000,2,w2_50,608,212.734333,1.0,10,,scalar_first_exact
pg-hnsw,250000,2,w2_50,517,208.789375,1.0,10,,scalar_first_exact
pg-hnsw,250000,2,w2_50,778,210.9975,1.0,10,,scalar_first_exact
pg-hnsw,250000,2,w2_50,201,207.691,1.0,10,,scalar_first_exact
pg-hnsw,250000,2,w2_50,986,210.27375,1.0,10,,scalar_first_exact
pg-hnsw,250000,2,w2_50,882,208.512291,1.0,10,,scalar_first_exact
pg-hnsw,250000,2,w2_50,106,207.869292,1.0,10,,scalar_first_exact
pg-hnsw,250000,2,w2_50,877,208.836875,1.0,10,,scalar_first_exact
pg-hnsw,250000,2,w2_50,105,205.263,1.0,10,,scalar_first_exact
pg-hnsw,250000,2,w2_50,335,209.899583,1.0,10,,scalar_first_exact
pg-hnsw,250000,2,w2_50,184,212.28175,1.0,10,,scalar_first_exact
pg-hnsw,250000,2,w2_50,653,207.996292,1.0,10,,scalar_first_exact
pg-hnsw,250000,2,w2_50,847,209.506708,1.0,10,,scalar_first_exact
pg-hnsw,250000,2,w2_50,175,203.941209,1.0,10,,scalar_first_exact
pg-hnsw,250000,2,w2_50,531,207.044292,1.0,10,,scalar_first_exact
pg-hnsw,250000,2,w2_50,993,210.147041,1.0,10,,scalar_first_exact
pg-hnsw,250000,2,w2_50,688,209.819875,1.0,10,,scalar_first_exact
pg-hnsw,250000,2,w2_50,490,206.920375,1.0,10,,scalar_first_exact
pg-hnsw,250000,2,w2_50,575,204.566958,1.0,10,,scalar_first_exact
pg-hnsw,250000,2,w2_50,378,208.468708,1.0,10,,scalar_first_exact
pg-hnsw,250000,2,w2_50,881,206.533459,1.0,10,,scalar_first_exact
pg-hnsw,250000,2,w2_50,541,206.945083,1.0,10,,scalar_first_exact
pg-hnsw,250000,2,w2_50,896,206.407083,1.0,10,,scalar_first_exact
pg-hnsw,250000,2,w2_50,666,207.062083,1.0,10,,scalar_first_exact
pg-hnsw,250000,2,w2_50,746,209.923625,1.0,10,,scalar_first_exact
pg-hnsw,250000,2,w2_50,965,210.402458,1.0,10,,scalar_first_exact
pg-hnsw,250000,2,w2_50,323,208.497,1.0,10,,scalar_first_exact
pg-hnsw,250000,2,w2_50,705,206.016709,1.0,10,,scalar_first_exact
pg-hnsw,250000,2,w2_50,959,208.422417,1.0,10,,scalar_first_exact
pg-hnsw,250000,2,w2_50,424,216.172459,1.0,10,,scalar_first_exact
pg-hnsw,250000,2,w2_50,589,212.661083,1.0,10,,scalar_first_exact
pg-hnsw,250000,2,w2_50,820,209.212625,1.0,10,,scalar_first_exact
pg-hnsw,250000,2,w2_50,203,202.908208,1.0,10,,scalar_first_exact
pg-hnsw,250000,2,w2_50,840,209.584833,1.0,10,,scalar_first_exact
pg-hnsw,250000,2,w2_50,526,209.487,1.0,10,,scalar_first_exact
pg-hnsw,250000,2,w2_50,222,210.671083,1.0,10,,scalar_first_exact
pg-hnsw,250000,2,w2_50,978,209.440625,1.0,10,,scalar_first_exact
pg-hnsw,250000,2,w2_50,700,210.552459,1.0,10,,scalar_first_exact
pg-hnsw,250000,2,w2_50,592,208.628583,1.0,10,,scalar_first_exact
pg-hnsw,250000,2,w2_50,851,212.106416,1.0,10,,scalar_first_exact
pg-hnsw,250000,2,w2_50,134,210.284959,1.0,10,,scalar_first_exact
pg-hnsw,250000,2,w2_50,375,209.037584,1.0,10,,scalar_first_exact
pg-hnsw,250000,2,w2_50,368,208.386584,1.0,10,,scalar_first_exact
pg-hnsw,250000,2,w2_50,164,209.534,1.0,10,,scalar_first_exact
pg-hnsw,250000,2,w2_50,261,207.733125,1.0,10,,scalar_first_exact
pg-hnsw,250000,2,w2_50,656,208.197416,1.0,10,,scalar_first_exact
pg-hnsw,250000,2,w2_50,158,204.614667,1.0,10,,scalar_first_exact
pg-hnsw,250000,2,w2_50,992,208.329083,1.0,10,,scalar_first_exact
pg-hnsw,250000,2,w2_50,659,211.572292,1.0,10,,scalar_first_exact
pg-hnsw,250000,2,w2_50,977,210.12775,1.0,10,,scalar_first_exact
pg-hnsw,250000,2,w2_50,502,208.158708,1.0,10,,scalar_first_exact
pg-hnsw,250000,2,w2_50,985,204.859,1.0,10,,scalar_first_exact
pg-hnsw,250000,2,w2_50,484,210.499,1.0,10,,scalar_first_exact
pg-hnsw,250000,2,w2_50,314,209.795125,1.0,10,,scalar_first_exact
pg-hnsw,250000,2,w2_50,596,209.99575,1.0,10,,scalar_first_exact
pg-hnsw,250000,2,w2_50,122,207.747292,1.0,10,,scalar_first_exact
pg-hnsw,250000,2,w2_50,799,203.491542,1.0,10,,scalar_first_exact
pg-hnsw,250000,2,w2_50,114,207.813958,1.0,10,,scalar_first_exact
pg-hnsw,250000,2,w2_50,555,206.656083,1.0,10,,scalar_first_exact
pg-hnsw,250000,2,w2_50,520,208.431666,1.0,10,,scalar_first_exact
pg-hnsw,250000,2,w2_50,181,205.66125,1.0,10,,scalar_first_exact
pg-hnsw,250000,2,w2_50,741,204.977958,1.0,10,,scalar_first_exact
pg-hnsw,250000,2,w2_50,707,207.1555,1.0,10,,scalar_first_exact
pg-hnsw,250000,2,w2_50,786,212.218083,1.0,10,,scalar_first_exact
pg-hnsw,250000,2,w2_50,250,208.256,1.0,10,,scalar_first_exact
pg-hnsw,250000,2,w2_50,173,206.131,1.0,10,,scalar_first_exact
pg-hnsw,250000,2,w2_50,563,206.404916,1.0,10,,scalar_first_exact
pg-hnsw,250000,2,w2_50,310,211.157292,1.0,10,,scalar_first_exact
pg-hnsw,250000,2,w2_50,604,212.340333,1.0,10,,scalar_first_exact
pg-hnsw,250000,2,w2_50,243,211.199166,1.0,10,,scalar_first_exact
pg-hnsw,250000,2,w2_50,561,210.639333,1.0,10,,scalar_first_exact
pg-hnsw,250000,2,w2_50,765,230.876667,1.0,10,,scalar_first_exact
pg-hnsw,250000,2,w2_50,339,206.394,1.0,10,,scalar_first_exact
pg-hnsw,250000,2,w2_50,469,210.533,1.0,10,,scalar_first_exact
pg-hnsw,250000,2,w2_50,100,209.767625,1.0,10,,scalar_first_exact
pg-hnsw,250000,2,w2_50,727,208.9185,1.0,10,,scalar_first_exact
pg-hnsw,250000,2,w2_50,266,213.513125,1.0,10,,scalar_first_exact
pg-hnsw,250000,2,w2_50,275,206.648583,1.0,10,,scalar_first_exact
pg-hnsw,250000,2,w2_50,208,211.243167,1.0,10,,scalar_first_exact
pg-hnsw,250000,2,w2_50,449,207.262917,1.0,10,,scalar_first_exact
pg-hnsw,250000,2,w2_50,333,206.430541,1.0,10,,scalar_first_exact
pg-hnsw,250000,2,w2_50,546,211.465792,1.0,10,,scalar_first_exact
pg-hnsw,250000,2,w2_50,975,207.716666,1.0,10,,scalar_first_exact
pg-hnsw,250000,2,w2_50,186,208.697167,1.0,10,,scalar_first_exact
pg-hnsw,250000,2,w2_50,583,207.791417,1.0,10,,scalar_first_exact
pg-hnsw,250000,2,w2_50,141,204.813125,1.0,10,,scalar_first_exact
pg-hnsw,250000,2,w2_50,988,209.852125,1.0,10,,scalar_first_exact
pg-hnsw,250000,2,w2_50,408,208.461959,1.0,10,,scalar_first_exact
pg-hnsw,250000,2,w2_50,329,209.500333,1.0,10,,scalar_first_exact
pg-hnsw,250000,2,w2_50,370,206.439417,1.0,10,,scalar_first_exact
pg-hnsw,250000,2,w2_50,519,208.339667,1.0,10,,scalar_first_exact
pg-hnsw,250000,2,w2_50,935,209.027209,1.0,10,,scalar_first_exact
pg-hnsw,250000,2,w2_50,565,206.136042,1.0,10,,scalar_first_exact
pg-hnsw,250000,2,w2_50,163,209.697209,1.0,10,,scalar_first_exact
pg-hnsw,250000,2,w2_50,170,205.775417,1.0,10,,scalar_first_exact
pg-hnsw,250000,2,w2_50,817,208.138875,1.0,10,,scalar_first_exact
pg-hnsw,250000,2,w2_50,447,206.562417,1.0,10,,scalar_first_exact
pg-hnsw,250000,2,w2_50,854,214.431459,1.0,10,,scalar_first_exact
pg-hnsw,250000,2,w2_50,917,208.310333,1.0,10,,scalar_first_exact
pg-hnsw,250000,2,w2_50,316,205.77825,1.0,10,,scalar_first_exact
pg-hnsw,250000,2,w2_50,576,208.61975,1.0,10,,scalar_first_exact
pg-hnsw,250000,2,w2_50,328,210.82475,1.0,10,,scalar_first_exact
pg-hnsw,250000,2,w2_50,878,211.367459,1.0,10,,scalar_first_exact
pg-hnsw,250000,2,w2_50,571,205.118875,1.0,10,,scalar_first_exact
pg-hnsw,250000,2,w2_50,810,242.654167,1.0,10,,scalar_first_exact
pg-hnsw,250000,2,w2_50,932,210.586208,1.0,10,,scalar_first_exact
pg-hnsw,250000,2,w2_50,294,211.244708,1.0,10,,scalar_first_exact
pg-hnsw,250000,2,w2_50,465,209.435041,1.0,10,,scalar_first_exact
pg-hnsw,250000,2,w2_50,286,208.053167,1.0,10,,scalar_first_exact
pg-hnsw,250000,2,w2_50,284,207.336333,1.0,10,,scalar_first_exact
pg-hnsw,250000,2,w2_50,819,211.142791,1.0,10,,scalar_first_exact
pg-hnsw,250000,2,w2_50,121,208.325708,1.0,10,,scalar_first_exact
pg-hnsw,250000,2,w2_50,646,208.909958,1.0,10,,scalar_first_exact
pg-hnsw,250000,2,w2_50,945,205.36075,1.0,10,,scalar_first_exact
pg-hnsw,250000,2,w2_50,941,207.562125,1.0,10,,scalar_first_exact
pg-hnsw,250000,2,w2_50,693,209.834041,1.0,10,,scalar_first_exact
pg-hnsw,250000,2,w2_50,779,208.696375,1.0,10,,scalar_first_exact
pg-hnsw,250000,2,w2_50,788,209.05225,1.0,10,,scalar_first_exact
pg-hnsw,250000,2,w2_50,153,207.240209,1.0,10,,scalar_first_exact
pg-hnsw,250000,2,w2_50,195,209.68325,1.0,10,,scalar_first_exact
pg-hnsw,250000,2,w2_50,789,208.224875,1.0,10,,scalar_first_exact
pg-hnsw,250000,2,w2_50,367,209.594291,1.0,10,,scalar_first_exact
pg-hnsw,250000,2,w2_50,168,207.342417,1.0,10,,scalar_first_exact
pg-hnsw,250000,2,w2_50,625,207.86225,1.0,10,,scalar_first_exact
pg-hnsw,250000,2,w2_50,757,210.349542,1.0,10,,scalar_first_exact
pg-hnsw,250000,2,w2_50,996,213.602667,1.0,10,,scalar_first_exact
pg-hnsw,250000,2,w2_50,835,212.004334,1.0,10,,scalar_first_exact
pg-hnsw,250000,2,w2_50,506,206.383417,1.0,10,,scalar_first_exact
pg-hnsw,250000,2,w2_50,513,205.212541,1.0,10,,scalar_first_exact
pg-hnsw,250000,2,w2_50,812,209.905167,1.0,10,,scalar_first_exact
pg-hnsw,250000,2,w2_50,534,210.251,1.0,10,,scalar_first_exact
pg-hnsw,250000,2,w2_50,777,206.929333,1.0,10,,scalar_first_exact
pg-hnsw,250000,2,w2_50,684,207.220792,1.0,10,,scalar_first_exact
pg-hnsw,250000,2,w2_50,470,206.687708,1.0,10,,scalar_first_exact
pg-hnsw,250000,2,w2_50,913,207.999709,1.0,10,,scalar_first_exact
pg-hnsw,250000,2,w2_50,455,206.218375,1.0,10,,scalar_first_exact
pg-hnsw,250000,2,w2_50,522,210.389375,1.0,10,,scalar_first_exact
pg-hnsw,250000,2,w2_50,248,204.664875,1.0,10,,scalar_first_exact
pg-hnsw,250000,2,w2_50,340,207.84225,1.0,10,,scalar_first_exact
pg-hnsw,250000,2,w2_50,668,209.231667,1.0,10,,scalar_first_exact
pg-hnsw,250000,2,w2_50,899,208.176125,1.0,10,,scalar_first_exact
pg-hnsw,250000,2,w2_50,535,207.281917,1.0,10,,scalar_first_exact
pg-hnsw,250000,2,w2_50,133,203.244666,1.0,10,,scalar_first_exact
pg-hnsw,250000,2,w2_50,649,210.475209,1.0,10,,scalar_first_exact
pg-hnsw,250000,2,w2_50,641,209.800959,1.0,10,,scalar_first_exact
pg-hnsw,250000,2,w2_50,874,209.682084,1.0,10,,scalar_first_exact
pg-hnsw,250000,2,w2_50,445,208.005292,1.0,10,,scalar_first_exact
pg-hnsw,250000,2,w2_50,951,203.977959,1.0,10,,scalar_first_exact
pg-hnsw,250000,2,w2_50,497,210.313291,1.0,10,,scalar_first_exact
pg-hnsw,250000,2,w2_50,826,209.680791,1.0,10,,scalar_first_exact
pg-hnsw,250000,2,w2_50,581,207.59425,1.0,10,,scalar_first_exact
pg-hnsw,250000,2,w2_50,416,207.577,1.0,10,,scalar_first_exact
pg-hnsw,250000,2,w2_50,573,206.213208,1.0,10,,scalar_first_exact
pg-hnsw,250000,2,w2_50,605,211.552084,1.0,10,,scalar_first_exact
pg-hnsw,250000,2,w2_50,823,209.576667,1.0,10,,scalar_first_exact
pg-hnsw,250000,2,w2_50,529,209.749459,1.0,10,,scalar_first_exact
pg-hnsw,250000,2,w2_50,954,206.135667,1.0,10,,scalar_first_exact
pg-hnsw,250000,2,w2_50,807,206.294417,1.0,10,,scalar_first_exact
pg-hnsw,250000,2,w2_50,724,208.080084,1.0,10,,scalar_first_exact
pg-hnsw,250000,2,w2_50,514,209.393833,1.0,10,,scalar_first_exact
pg-hnsw,250000,2,w2_50,421,209.108917,1.0,10,,scalar_first_exact
pg-hnsw,250000,2,w2_50,493,205.684875,1.0,10,,scalar_first_exact
pg-hnsw,250000,2,w2_50,123,209.718292,1.0,10,,scalar_first_exact
pg-hnsw,250000,2,w2_50,853,211.626125,1.0,10,,scalar_first_exact
pg-hnsw,250000,2,w2_50,678,212.201833,1.0,10,,scalar_first_exact
pg-hnsw,250000,2,w2_50,530,213.825083,1.0,10,,scalar_first_exact
pg-hnsw,250000,2,w2_50,837,205.416791,1.0,10,,scalar_first_exact
pg-hnsw,250000,2,w2_50,742,209.26175,1.0,10,,scalar_first_exact
pg-hnsw,250000,2,w2_50,766,210.438125,1.0,10,,scalar_first_exact
pg-hnsw,250000,2,w2_50,124,208.94,1.0,10,,scalar_first_exact
pg-hnsw,250000,2,w2_50,156,208.481458,1.0,10,,scalar_first_exact
pg-hnsw,250000,2,w2_50,907,208.454458,1.0,10,,scalar_first_exact
pg-hnsw,250000,2,w2_50,278,210.905375,1.0,10,,scalar_first_exact
pg-hnsw,250000,2,w2_50,783,208.92425,1.0,10,,scalar_first_exact
pg-hnsw,250000,2,w2_50,801,206.871292,1.0,10,,scalar_first_exact
pg-hnsw,250000,2,w2_50,611,208.564958,1.0,10,,scalar_first_exact
pg-hnsw,250000,2,w2_50,792,208.483875,1.0,10,,scalar_first_exact
pg-hnsw,250000,2,w2_50,822,210.001417,1.0,10,,scalar_first_exact
pg-hnsw,250000,2,w2_50,955,213.79325,1.0,10,,scalar_first_exact
pg-hnsw,250000,2,w2_50,426,209.904875,1.0,10,,scalar_first_exact
pg-hnsw,250000,2,w2_50,385,206.287125,1.0,10,,scalar_first_exact
pg-hnsw,250000,2,w2_50,244,208.292333,1.0,10,,scalar_first_exact
pg-hnsw,250000,2,w2_50,818,208.719041,1.0,10,,scalar_first_exact
pg-hnsw,250000,2,w2_50,827,210.880792,1.0,10,,scalar_first_exact
pg-hnsw,250000,2,w2_50,551,210.025375,1.0,10,,scalar_first_exact
pg-hnsw,250000,2,w2_50,498,212.839125,1.0,10,,scalar_first_exact
pg-hnsw,250000,2,w2_50,532,210.209,1.0,10,,scalar_first_exact
pg-hnsw,250000,2,w2_50,800,209.365083,1.0,10,,scalar_first_exact
pg-hnsw,250000,2,w2_50,251,215.349,1.0,10,,scalar_first_exact
pg-hnsw,250000,2,w2_50,893,207.671875,1.0,10,,scalar_first_exact
pg-hnsw,250000,2,w2_50,544,207.223708,1.0,10,,scalar_first_exact
pg-hnsw,250000,2,w2_50,713,206.665334,1.0,10,,scalar_first_exact
pg-hnsw,250000,2,w2_50,191,211.090625,1.0,10,,scalar_first_exact
pg-hnsw,250000,2,w2_50,686,211.046584,1.0,10,,scalar_first_exact
pg-hnsw,250000,2,w2_50,690,208.015375,1.0,10,,scalar_first_exact
pg-hnsw,250000,2,w2_50,382,205.226084,1.0,10,,scalar_first_exact
pg-hnsw,250000,2,w2_50,725,207.913583,1.0,10,,scalar_first_exact
pg-hnsw,250000,2,w2_50,397,210.408,1.0,10,,scalar_first_exact
pg-hnsw,250000,2,w2_50,495,210.858292,1.0,10,,scalar_first_exact
pg-hnsw,250000,2,w2_50,748,205.891375,1.0,10,,scalar_first_exact
pg-hnsw,250000,2,w2_50,755,204.703625,1.0,10,,scalar_first_exact
pg-hnsw,250000,2,w2_50,695,210.628959,1.0,10,,scalar_first_exact
pg-hnsw,250000,2,w2_50,989,207.407458,1.0,10,,scalar_first_exact
pg-hnsw,250000,2,w2_50,884,207.479166,1.0,10,,scalar_first_exact
pg-hnsw,250000,2,w2_50,887,207.821583,1.0,10,,scalar_first_exact
pg-hnsw,250000,2,w2_50,745,205.912375,1.0,10,,scalar_first_exact
pg-hnsw,250000,2,w2_50,373,209.000292,1.0,10,,scalar_first_exact
pg-hnsw,250000,2,w2_50,245,208.047042,1.0,10,,scalar_first_exact
pg-hnsw,250000,2,w2_50,722,209.616125,1.0,10,,scalar_first_exact
pg-hnsw,250000,2,w2_50,683,205.129375,1.0,10,,scalar_first_exact
pg-hnsw,250000,2,w2_50,890,212.509084,1.0,10,,scalar_first_exact
pg-hnsw,250000,2,w2_50,252,209.158209,1.0,10,,scalar_first_exact
pg-hnsw,250000,2,w2_50,461,206.824375,1.0,10,,scalar_first_exact
pg-hnsw,250000,2,w2_50,440,207.807625,1.0,10,,scalar_first_exact
pg-hnsw,250000,2,w2_50,443,205.988042,1.0,10,,scalar_first_exact
pg-hnsw,250000,2,w2_50,716,208.463792,1.0,10,,scalar_first_exact
pg-hnsw,250000,2,w2_50,494,210.984959,1.0,10,,scalar_first_exact
pg-hnsw,250000,2,w2_50,346,215.901583,1.0,10,,scalar_first_exact
pg-hnsw,250000,2,w2_50,157,205.590208,1.0,10,,scalar_first_exact
pg-hnsw,250000,2,w2_50,223,207.583291,1.0,10,,scalar_first_exact
pg-hnsw,250000,2,w2_50,717,210.0315,1.0,10,,scalar_first_exact
pg-hnsw,250000,2,w2_50,949,212.484625,1.0,10,,scalar_first_exact
pg-hnsw,250000,2,w2_50,213,211.425458,1.0,10,,scalar_first_exact
pg-hnsw,250000,2,w2_50,617,206.710917,1.0,10,,scalar_first_exact
pg-hnsw,250000,2,w2_50,582,208.947583,1.0,10,,scalar_first_exact
pg-hnsw,250000,2,w2_50,590,209.614291,1.0,10,,scalar_first_exact
pg-hnsw,250000,2,w2_50,870,206.514875,1.0,10,,scalar_first_exact
pg-hnsw,250000,2,w2_50,603,208.390208,1.0,10,,scalar_first_exact
pg-hnsw,250000,2,w2_50,644,203.306792,1.0,10,,scalar_first_exact
pg-hnsw,250000,2,w2_50,803,208.157041,1.0,10,,scalar_first_exact
pg-hnsw,250000,2,w2_50,624,208.374958,1.0,10,,scalar_first_exact
pg-hnsw,250000,2,w2_50,192,208.50125,1.0,10,,scalar_first_exact
pg-hnsw,250000,2,w2_50,926,209.873791,1.0,10,,scalar_first_exact
pg-hnsw,250000,2,w2_50,980,208.985167,1.0,10,,scalar_first_exact
pg-hnsw,250000,2,w2_50,527,208.364125,1.0,10,,scalar_first_exact
pg-hnsw,250000,2,w2_50,772,209.454083,1.0,10,,scalar_first_exact
pg-hnsw,250000,2,w2_50,264,208.576667,1.0,10,,scalar_first_exact
pg-hnsw,250000,2,w2_50,131,207.463209,1.0,10,,scalar_first_exact
pg-hnsw,250000,2,w2_50,763,205.669125,1.0,10,,scalar_first_exact
pg-hnsw,250000,2,w2_50,454,210.2765,1.0,10,,scalar_first_exact
pg-hnsw,250000,2,w2_50,714,209.062,1.0,10,,scalar_first_exact
pg-hnsw,250000,2,w2_50,187,207.868417,1.0,10,,scalar_first_exact
pg-hnsw,250000,2,w2_50,664,216.0615,1.0,10,,scalar_first_exact
pg-hnsw,250000,2,w2_50,500,208.025,1.0,10,,scalar_first_exact
pg-hnsw,250000,2,w2_50,942,210.245792,1.0,10,,scalar_first_exact
pg-hnsw,250000,2,w2_50,964,211.606958,1.0,10,,scalar_first_exact
pg-hnsw,250000,2,w2_50,865,209.082209,1.0,10,,scalar_first_exact
pg-hnsw,250000,2,w2_50,747,205.054667,1.0,10,,scalar_first_exact
pg-hnsw,250000,2,w2_50,610,205.425417,1.0,10,,scalar_first_exact
pg-hnsw,250000,2,w2_50,860,210.865333,1.0,10,,scalar_first_exact
pg-hnsw,250000,2,w2_50,359,208.952459,1.0,10,,scalar_first_exact
pg-hnsw,250000,2,w2_50,238,207.548791,1.0,10,,scalar_first_exact
pg-hnsw,250000,2,w2_50,918,204.658,1.0,10,,scalar_first_exact
pg-hnsw,250000,2,w2_50,112,207.998333,1.0,10,,scalar_first_exact
pg-hnsw,250000,2,w2_50,504,208.728709,1.0,10,,scalar_first_exact
pg-hnsw,250000,2,w2_50,267,207.435416,1.0,10,,scalar_first_exact
pg-hnsw,250000,2,w2_50,311,232.557875,1.0,10,,scalar_first_exact
pg-hnsw,250000,2,w2_50,909,215.027834,1.0,10,,scalar_first_exact
pg-hnsw,250000,2,w2_50,966,211.910875,1.0,10,,scalar_first_exact
pg-hnsw,250000,2,w2_50,293,207.905667,1.0,10,,scalar_first_exact
pg-hnsw,250000,2,w2_50,804,211.510167,1.0,10,,scalar_first_exact
pg-hnsw,250000,2,w2_50,547,206.744417,1.0,10,,scalar_first_exact
pg-hnsw,250000,2,w2_50,594,233.556333,1.0,10,,scalar_first_exact
pg-hnsw,250000,2,w2_50,550,208.923667,1.0,10,,scalar_first_exact
pg-hnsw,250000,2,w2_50,762,209.612042,1.0,10,,scalar_first_exact
pg-hnsw,250000,2,w2_50,212,208.803292,1.0,10,,scalar_first_exact
pg-hnsw,250000,2,w2_50,578,206.715083,1.0,10,,scalar_first_exact
pg-hnsw,250000,2,w2_50,630,207.873667,1.0,10,,scalar_first_exact
pg-hnsw,250000,2,w2_50,348,209.552166,1.0,10,,scalar_first_exact
pg-hnsw,250000,2,w2_50,675,213.757,1.0,10,,scalar_first_exact
pg-hnsw,250000,2,w2_50,969,209.130958,1.0,10,,scalar_first_exact
pg-hnsw,250000,2,w2_50,940,210.518916,1.0,10,,scalar_first_exact
pg-hnsw,250000,2,w2_50,274,216.198208,1.0,10,,scalar_first_exact
pg-hnsw,250000,2,w2_50,509,208.277875,1.0,10,,scalar_first_exact
pg-hnsw,250000,2,w2_50,144,210.51675,1.0,10,,scalar_first_exact
pg-hnsw,250000,2,w2_50,915,209.081083,1.0,10,,scalar_first_exact
pg-hnsw,250000,2,w2_50,906,208.8725,1.0,10,,scalar_first_exact
pg-hnsw,250000,2,w2_50,508,215.409083,1.0,10,,scalar_first_exact
pg-hnsw,250000,2,w2_50,189,210.010958,1.0,10,,scalar_first_exact
pg-hnsw,250000,2,w2_50,734,208.762042,1.0,10,,scalar_first_exact
pg-hnsw,250000,2,w2_50,363,206.876042,1.0,10,,scalar_first_exact
pg-hnsw,250000,2,w2_50,524,210.969709,1.0,10,,scalar_first_exact
pg-hnsw,250000,2,w2_50,905,207.379875,1.0,10,,scalar_first_exact
pg-hnsw,250000,2,w2_50,774,208.772084,1.0,10,,scalar_first_exact
pg-hnsw,250000,2,w2_50,364,208.006209,1.0,10,,scalar_first_exact
pg-hnsw,250000,2,w2_50,667,206.928833,1.0,10,,scalar_first_exact
pg-hnsw,250000,2,w2_50,831,207.282417,1.0,10,,scalar_first_exact
pg-hnsw,250000,2,w2_50,342,209.855417,1.0,10,,scalar_first_exact
pg-hnsw,250000,2,w2_50,291,208.750083,1.0,10,,scalar_first_exact
pg-hnsw,250000,2,w2_50,784,208.302917,1.0,10,,scalar_first_exact
pg-hnsw,250000,2,w2_50,194,206.305958,1.0,10,,scalar_first_exact
pg-hnsw,250000,2,w2_50,976,210.337666,1.0,10,,scalar_first_exact
pg-hnsw,250000,2,w2_50,215,210.049917,1.0,10,,scalar_first_exact
pg-hnsw,250000,2,w2_50,999,215.053709,1.0,10,,scalar_first_exact
pg-hnsw,250000,2,w2_50,326,210.06175,1.0,10,,scalar_first_exact
pg-hnsw,250000,2,w2_50,489,204.545042,1.0,10,,scalar_first_exact
pg-hnsw,250000,2,w2_50,648,211.868292,1.0,10,,scalar_first_exact
pg-hnsw,250000,2,w2_50,601,211.798417,1.0,10,,scalar_first_exact
pg-hnsw,250000,2,w2_50,691,209.13225,1.0,10,,scalar_first_exact
pg-hnsw,250000,2,w2_50,548,210.249791,1.0,10,,scalar_first_exact
pg-hnsw,250000,2,w2_50,216,205.541333,1.0,10,,scalar_first_exact
pg-hnsw,250000,2,w2_50,600,210.794041,1.0,10,,scalar_first_exact
pg-hnsw,250000,2,w2_50,501,208.819667,1.0,10,,scalar_first_exact
pg-hnsw,250000,2,w2_50,911,208.475917,1.0,10,,scalar_first_exact
pg-hnsw,250000,2,w2_50,628,206.607125,1.0,10,,scalar_first_exact
pg-hnsw,250000,2,w2_50,197,204.857875,1.0,10,,scalar_first_exact
pg-hnsw,250000,2,w2_50,142,209.122375,1.0,10,,scalar_first_exact
pg-hnsw,250000,2,w2_50,962,212.479083,1.0,10,,scalar_first_exact
pg-hnsw,250000,2,w2_50,849,208.017959,1.0,10,,scalar_first_exact
pg-hnsw,250000,2,w2_50,805,207.173375,1.0,10,,scalar_first_exact
pg-hnsw,250000,2,w2_50,228,210.845333,1.0,10,,scalar_first_exact
pg-hnsw,250000,2,w2_50,422,206.301875,1.0,10,,scalar_first_exact
pg-hnsw,250000,2,w2_50,963,207.230667,1.0,10,,scalar_first_exact
pg-hnsw,250000,2,w2_50,441,207.928083,1.0,10,,scalar_first_exact
pg-hnsw,250000,2,w2_50,921,208.811625,1.0,10,,scalar_first_exact
pg-hnsw,250000,2,w2_50,324,215.223334,1.0,10,,scalar_first_exact
pg-hnsw,250000,2,w2_50,383,210.467375,1.0,10,,scalar_first_exact
pg-hnsw,250000,2,w2_50,341,212.379542,1.0,10,,scalar_first_exact
pg-hnsw,250000,2,w2_50,307,211.711125,1.0,10,,scalar_first_exact
pg-hnsw,250000,2,w2_50,844,206.158583,1.0,10,,scalar_first_exact
pg-hnsw,250000,2,w2_50,723,210.835792,1.0,10,,scalar_first_exact
pg-hnsw,250000,2,w2_50,400,211.550375,1.0,10,,scalar_first_exact
pg-hnsw,250000,2,w2_50,180,206.520042,1.0,10,,scalar_first_exact
pg-hnsw,250000,2,w2_50,715,206.753125,1.0,10,,scalar_first_exact
pg-hnsw,250000,2,w2_50,380,206.329167,1.0,10,,scalar_first_exact
pg-hnsw,250000,2,w2_50,618,210.1895,1.0,10,,scalar_first_exact
pg-hnsw,250000,2,w2_50,816,208.395666,1.0,10,,scalar_first_exact
pg-hnsw,250000,2,w2_50,300,207.879958,1.0,10,,scalar_first_exact
pg-hnsw,250000,2,w2_50,130,204.979458,1.0,10,,scalar_first_exact
pg-hnsw,250000,2,w2_50,211,205.776584,1.0,10,,scalar_first_exact
pg-hnsw,250000,2,w2_50,719,209.339833,1.0,10,,scalar_first_exact
pg-hnsw,250000,2,w2_50,984,208.888041,1.0,10,,scalar_first_exact
pg-hnsw,250000,2,w2_50,263,207.106667,1.0,10,,scalar_first_exact
pg-hnsw,250000,2,w2_50,503,205.320458,1.0,10,,scalar_first_exact
pg-hnsw,250000,2,w2_50,794,210.193167,1.0,10,,scalar_first_exact
pg-hnsw,250000,2,w2_50,855,208.612791,1.0,10,,scalar_first_exact
pg-hnsw,250000,2,w2_50,366,210.45,1.0,10,,scalar_first_exact
pg-hnsw,250000,2,w2_50,392,208.895083,1.0,10,,scalar_first_exact
pg-hnsw,250000,2,w2_50,811,202.725917,1.0,10,,scalar_first_exact
pg-hnsw,250000,2,w2_50,681,209.0345,1.0,10,,scalar_first_exact
pg-hnsw,250000,2,w2_50,253,208.384166,1.0,10,,scalar_first_exact
pg-hnsw,250000,2,w2_50,991,207.79625,1.0,10,,scalar_first_exact
pg-hnsw,250000,2,w2_50,247,207.692667,1.0,10,,scalar_first_exact
pg-hnsw,250000,2,w2_50,982,202.250959,1.0,10,,scalar_first_exact
pg-hnsw,250000,2,w2_50,126,206.899458,1.0,10,,scalar_first_exact
pg-hnsw,250000,2,w2_50,833,209.278583,1.0,10,,scalar_first_exact
pg-hnsw,250000,2,w2_50,381,208.486791,1.0,10,,scalar_first_exact
pg-hnsw,250000,2,w2_50,510,207.196041,1.0,10,,scalar_first_exact
pg-hnsw,250000,2,w2_50,650,204.806417,1.0,10,,scalar_first_exact
pg-hnsw,250000,2,w2_50,345,210.7365,1.0,10,,scalar_first_exact
pg-hnsw,250000,2,w2_50,901,209.706583,1.0,10,,scalar_first_exact
pg-hnsw,250000,2,w2_50,580,209.316084,1.0,10,,scalar_first_exact
pg-hnsw,250000,2,w2_50,652,205.782208,1.0,10,,scalar_first_exact
pg-hnsw,250000,2,w2_50,471,206.648958,1.0,10,,scalar_first_exact
pg-hnsw,250000,2,w2_50,536,212.266541,1.0,10,,scalar_first_exact
pg-hnsw,250000,2,w2_50,883,212.516125,1.0,10,,scalar_first_exact
pg-hnsw,250000,2,w2_50,593,208.7375,1.0,10,,scalar_first_exact
pg-hnsw,250000,2,w2_50,920,205.329167,1.0,10,,scalar_first_exact
pg-hnsw,250000,2,w2_50,434,208.110125,1.0,10,,scalar_first_exact
pg-hnsw,250000,2,w2_50,290,211.806458,1.0,10,,scalar_first_exact
pg-hnsw,250000,2,w2_50,626,208.04125,1.0,10,,scalar_first_exact
pg-hnsw,250000,2,w2_50,221,211.187667,1.0,10,,scalar_first_exact
pg-hnsw,250000,2,w2_50,770,208.063833,1.0,10,,scalar_first_exact
pg-hnsw,250000,2,w2_50,272,208.568083,1.0,10,,scalar_first_exact
pg-hnsw,250000,2,w2_50,270,209.155541,1.0,10,,scalar_first_exact
pg-hnsw,250000,2,w2_50,739,207.964458,1.0,10,,scalar_first_exact
pg-hnsw,250000,2,w2_50,515,206.289,1.0,10,,scalar_first_exact
pg-hnsw,250000,2,w2_50,634,204.519459,1.0,10,,scalar_first_exact
pg-hnsw,250000,2,w2_50,386,209.7595,1.0,10,,scalar_first_exact
pg-hnsw,250000,2,w2_50,233,210.051833,1.0,10,,scalar_first_exact
pg-hnsw,250000,2,w2_10,765,63.339958,1.0,10,,scalar_first_exact
pg-hnsw,250000,2,w2_10,161,63.69925,1.0,10,,scalar_first_exact
pg-hnsw,250000,2,w2_10,773,62.2315,1.0,10,,scalar_first_exact
pg-hnsw,250000,2,w2_10,785,61.587417,1.0,10,,scalar_first_exact
pg-hnsw,250000,2,w2_10,452,62.321667,1.0,10,,scalar_first_exact
pg-hnsw,250000,2,w2_10,149,63.968042,1.0,10,,scalar_first_exact
pg-hnsw,250000,2,w2_10,938,62.500125,1.0,10,,scalar_first_exact
pg-hnsw,250000,2,w2_10,416,63.116917,1.0,10,,scalar_first_exact
pg-hnsw,250000,2,w2_10,582,61.550625,1.0,10,,scalar_first_exact
pg-hnsw,250000,2,w2_10,820,66.291958,1.0,10,,scalar_first_exact
pg-hnsw,250000,2,w2_10,285,63.507084,1.0,10,,scalar_first_exact
pg-hnsw,250000,2,w2_10,473,60.438875,1.0,10,,scalar_first_exact
pg-hnsw,250000,2,w2_10,441,62.729083,1.0,10,,scalar_first_exact
pg-hnsw,250000,2,w2_10,779,62.545709,1.0,10,,scalar_first_exact
pg-hnsw,250000,2,w2_10,882,61.97325,1.0,10,,scalar_first_exact
pg-hnsw,250000,2,w2_10,399,62.281667,1.0,10,,scalar_first_exact
pg-hnsw,250000,2,w2_10,198,63.545791,1.0,10,,scalar_first_exact
pg-hnsw,250000,2,w2_10,824,59.721083,1.0,10,,scalar_first_exact
pg-hnsw,250000,2,w2_10,132,60.489875,1.0,10,,scalar_first_exact
pg-hnsw,250000,2,w2_10,134,60.726584,1.0,10,,scalar_first_exact
pg-hnsw,250000,2,w2_10,710,61.386959,1.0,10,,scalar_first_exact
pg-hnsw,250000,2,w2_10,965,61.997583,1.0,10,,scalar_first_exact
pg-hnsw,250000,2,w2_10,656,62.958042,1.0,10,,scalar_first_exact
pg-hnsw,250000,2,w2_10,821,62.805916,1.0,10,,scalar_first_exact
pg-hnsw,250000,2,w2_10,988,61.31575,1.0,10,,scalar_first_exact
pg-hnsw,250000,2,w2_10,558,62.531333,1.0,10,,scalar_first_exact
pg-hnsw,250000,2,w2_10,463,65.480709,1.0,10,,scalar_first_exact
pg-hnsw,250000,2,w2_10,401,62.04075,1.0,10,,scalar_first_exact
pg-hnsw,250000,2,w2_10,381,61.185791,1.0,10,,scalar_first_exact
pg-hnsw,250000,2,w2_10,718,62.257083,1.0,10,,scalar_first_exact
pg-hnsw,250000,2,w2_10,434,64.2835,1.0,10,,scalar_first_exact
pg-hnsw,250000,2,w2_10,828,63.995958,1.0,10,,scalar_first_exact
pg-hnsw,250000,2,w2_10,468,62.447916,1.0,10,,scalar_first_exact
pg-hnsw,250000,2,w2_10,859,62.731333,1.0,10,,scalar_first_exact
pg-hnsw,250000,2,w2_10,767,64.171792,1.0,10,,scalar_first_exact
pg-hnsw,250000,2,w2_10,652,61.210084,1.0,10,,scalar_first_exact
pg-hnsw,250000,2,w2_10,528,62.500958,1.0,10,,scalar_first_exact
pg-hnsw,250000,2,w2_10,419,64.083167,1.0,10,,scalar_first_exact
pg-hnsw,250000,2,w2_10,165,63.43525,1.0,10,,scalar_first_exact
pg-hnsw,250000,2,w2_10,478,62.839959,1.0,10,,scalar_first_exact
pg-hnsw,250000,2,w2_10,185,62.9345,1.0,10,,scalar_first_exact
pg-hnsw,250000,2,w2_10,229,63.131,1.0,10,,scalar_first_exact
pg-hnsw,250000,2,w2_10,146,63.265667,1.0,10,,scalar_first_exact
pg-hnsw,250000,2,w2_10,445,62.449333,1.0,10,,scalar_first_exact
pg-hnsw,250000,2,w2_10,910,62.0875,1.0,10,,scalar_first_exact
pg-hnsw,250000,2,w2_10,147,61.741583,1.0,10,,scalar_first_exact
pg-hnsw,250000,2,w2_10,654,63.777625,1.0,10,,scalar_first_exact
pg-hnsw,250000,2,w2_10,162,60.855583,1.0,10,,scalar_first_exact
pg-hnsw,250000,2,w2_10,510,62.675833,1.0,10,,scalar_first_exact
pg-hnsw,250000,2,w2_10,289,63.548125,1.0,10,,scalar_first_exact
pg-hnsw,250000,2,w2_10,550,61.61425,1.0,10,,scalar_first_exact
pg-hnsw,250000,2,w2_10,677,63.006125,1.0,10,,scalar_first_exact
pg-hnsw,250000,2,w2_10,616,63.528417,1.0,10,,scalar_first_exact
pg-hnsw,250000,2,w2_10,102,61.11325,1.0,10,,scalar_first_exact
pg-hnsw,250000,2,w2_10,641,65.221041,1.0,10,,scalar_first_exact
pg-hnsw,250000,2,w2_10,327,62.206958,1.0,10,,scalar_first_exact
pg-hnsw,250000,2,w2_10,360,62.843208,1.0,10,,scalar_first_exact
pg-hnsw,250000,2,w2_10,334,61.036458,1.0,10,,scalar_first_exact
pg-hnsw,250000,2,w2_10,655,61.222083,1.0,10,,scalar_first_exact
pg-hnsw,250000,2,w2_10,432,60.435459,1.0,10,,scalar_first_exact
pg-hnsw,250000,2,w2_10,733,60.397625,1.0,10,,scalar_first_exact
pg-hnsw,250000,2,w2_10,590,60.595583,1.0,10,,scalar_first_exact
pg-hnsw,250000,2,w2_10,752,60.535708,1.0,10,,scalar_first_exact
pg-hnsw,250000,2,w2_10,784,60.879541,1.0,10,,scalar_first_exact
pg-hnsw,250000,2,w2_10,347,84.5695,1.0,10,,scalar_first_exact
pg-hnsw,250000,2,w2_10,382,62.763042,1.0,10,,scalar_first_exact
pg-hnsw,250000,2,w2_10,560,63.379333,1.0,10,,scalar_first_exact
pg-hnsw,250000,2,w2_10,885,61.029125,1.0,10,,scalar_first_exact
pg-hnsw,250000,2,w2_10,772,69.103,1.0,10,,scalar_first_exact
pg-hnsw,250000,2,w2_10,121,67.21825,1.0,10,,scalar_first_exact
pg-hnsw,250000,2,w2_10,735,64.870417,1.0,10,,scalar_first_exact
pg-hnsw,250000,2,w2_10,669,64.4395,1.0,10,,scalar_first_exact
pg-hnsw,250000,2,w2_10,954,61.720208,1.0,10,,scalar_first_exact
pg-hnsw,250000,2,w2_10,952,65.105166,1.0,10,,scalar_first_exact
pg-hnsw,250000,2,w2_10,395,63.305458,1.0,10,,scalar_first_exact
pg-hnsw,250000,2,w2_10,682,60.738834,1.0,10,,scalar_first_exact
pg-hnsw,250000,2,w2_10,970,64.188,1.0,10,,scalar_first_exact
pg-hnsw,250000,2,w2_10,876,62.848917,1.0,10,,scalar_first_exact
pg-hnsw,250000,2,w2_10,490,61.165709,1.0,10,,scalar_first_exact
pg-hnsw,250000,2,w2_10,633,63.193584,1.0,10,,scalar_first_exact
pg-hnsw,250000,2,w2_10,987,61.129708,1.0,10,,scalar_first_exact
pg-hnsw,250000,2,w2_10,636,63.196459,1.0,10,,scalar_first_exact
pg-hnsw,250000,2,w2_10,500,61.694375,1.0,10,,scalar_first_exact
pg-hnsw,250000,2,w2_10,574,63.088292,1.0,10,,scalar_first_exact
pg-hnsw,250000,2,w2_10,553,60.990375,1.0,10,,scalar_first_exact
pg-hnsw,250000,2,w2_10,618,62.202583,1.0,10,,scalar_first_exact
pg-hnsw,250000,2,w2_10,928,65.709542,1.0,10,,scalar_first_exact
pg-hnsw,250000,2,w2_10,203,61.846958,1.0,10,,scalar_first_exact
pg-hnsw,250000,2,w2_10,680,60.987,1.0,10,,scalar_first_exact
pg-hnsw,250000,2,w2_10,272,62.550125,1.0,10,,scalar_first_exact
pg-hnsw,250000,2,w2_10,963,61.446375,1.0,10,,scalar_first_exact
pg-hnsw,250000,2,w2_10,768,63.004584,1.0,10,,scalar_first_exact
pg-hnsw,250000,2,w2_10,413,63.766709,1.0,10,,scalar_first_exact
pg-hnsw,250000,2,w2_10,151,60.8335,1.0,10,,scalar_first_exact
pg-hnsw,250000,2,w2_10,310,66.445792,1.0,10,,scalar_first_exact
pg-hnsw,250000,2,w2_10,875,66.374917,1.0,10,,scalar_first_exact
pg-hnsw,250000,2,w2_10,253,62.220625,1.0,10,,scalar_first_exact
pg-hnsw,250000,2,w2_10,114,62.265666,1.0,10,,scalar_first_exact
pg-hnsw,250000,2,w2_10,262,61.787042,1.0,10,,scalar_first_exact
pg-hnsw,250000,2,w2_10,318,63.016875,1.0,10,,scalar_first_exact
pg-hnsw,250000,2,w2_10,717,63.500125,1.0,10,,scalar_first_exact
pg-hnsw,250000,2,w2_10,464,62.643166,1.0,10,,scalar_first_exact
pg-hnsw,250000,2,w2_10,990,62.03125,1.0,10,,scalar_first_exact
pg-hnsw,250000,2,w2_10,150,61.894833,1.0,10,,scalar_first_exact
pg-hnsw,250000,2,w2_10,226,61.6915,1.0,10,,scalar_first_exact
pg-hnsw,250000,2,w2_10,589,62.497417,1.0,10,,scalar_first_exact
pg-hnsw,250000,2,w2_10,323,62.397125,1.0,10,,scalar_first_exact
pg-hnsw,250000,2,w2_10,946,62.322875,1.0,10,,scalar_first_exact
pg-hnsw,250000,2,w2_10,171,61.986541,1.0,10,,scalar_first_exact
pg-hnsw,250000,2,w2_10,742,63.878375,1.0,10,,scalar_first_exact
pg-hnsw,250000,2,w2_10,962,62.06325,1.0,10,,scalar_first_exact
pg-hnsw,250000,2,w2_10,239,63.011416,1.0,10,,scalar_first_exact
pg-hnsw,250000,2,w2_10,126,62.441375,1.0,10,,scalar_first_exact
pg-hnsw,250000,2,w2_10,492,61.989042,1.0,10,,scalar_first_exact
pg-hnsw,250000,2,w2_10,922,60.829875,1.0,10,,scalar_first_exact
pg-hnsw,250000,2,w2_10,250,64.038167,1.0,10,,scalar_first_exact
pg-hnsw,250000,2,w2_10,743,62.18625,1.0,10,,scalar_first_exact
pg-hnsw,250000,2,w2_10,130,62.71575,1.0,10,,scalar_first_exact
pg-hnsw,250000,2,w2_10,726,65.219208,1.0,10,,scalar_first_exact
pg-hnsw,250000,2,w2_10,896,69.633875,1.0,10,,scalar_first_exact
pg-hnsw,250000,2,w2_10,911,65.737791,1.0,10,,scalar_first_exact
pg-hnsw,250000,2,w2_10,926,61.996041,1.0,10,,scalar_first_exact
pg-hnsw,250000,2,w2_10,645,62.750792,1.0,10,,scalar_first_exact
pg-hnsw,250000,2,w2_10,577,62.094833,1.0,10,,scalar_first_exact
pg-hnsw,250000,2,w2_10,242,61.831792,1.0,10,,scalar_first_exact
pg-hnsw,250000,2,w2_10,436,60.378833,1.0,10,,scalar_first_exact
pg-hnsw,250000,2,w2_10,535,64.343125,1.0,10,,scalar_first_exact
pg-hnsw,250000,2,w2_10,522,63.273459,1.0,10,,scalar_first_exact
pg-hnsw,250000,2,w2_10,977,63.965583,1.0,10,,scalar_first_exact
pg-hnsw,250000,2,w2_10,637,61.274792,1.0,10,,scalar_first_exact
pg-hnsw,250000,2,w2_10,671,64.330584,1.0,10,,scalar_first_exact
pg-hnsw,250000,2,w2_10,115,62.993,1.0,10,,scalar_first_exact
pg-hnsw,250000,2,w2_10,913,62.259666,1.0,10,,scalar_first_exact
pg-hnsw,250000,2,w2_10,247,62.982833,1.0,10,,scalar_first_exact
pg-hnsw,250000,2,w2_10,927,66.909292,1.0,10,,scalar_first_exact
pg-hnsw,250000,2,w2_10,398,63.522625,1.0,10,,scalar_first_exact
pg-hnsw,250000,2,w2_10,796,61.370584,1.0,10,,scalar_first_exact
pg-hnsw,250000,2,w2_10,234,62.402917,1.0,10,,scalar_first_exact
pg-hnsw,250000,2,w2_10,929,61.661416,1.0,10,,scalar_first_exact
pg-hnsw,250000,2,w2_10,101,60.911792,1.0,10,,scalar_first_exact
pg-hnsw,250000,2,w2_10,967,60.611291,1.0,10,,scalar_first_exact
pg-hnsw,250000,2,w2_10,421,63.147709,1.0,10,,scalar_first_exact
pg-hnsw,250000,2,w2_10,766,62.716875,1.0,10,,scalar_first_exact
pg-hnsw,250000,2,w2_10,295,63.368083,1.0,10,,scalar_first_exact
pg-hnsw,250000,2,w2_10,703,61.959,1.0,10,,scalar_first_exact
pg-hnsw,250000,2,w2_10,339,62.924333,1.0,10,,scalar_first_exact
pg-hnsw,250000,2,w2_10,666,61.790625,1.0,10,,scalar_first_exact
pg-hnsw,250000,2,w2_10,845,65.980209,1.0,10,,scalar_first_exact
pg-hnsw,250000,2,w2_10,329,62.785917,1.0,10,,scalar_first_exact
pg-hnsw,250000,2,w2_10,366,61.974542,1.0,10,,scalar_first_exact
pg-hnsw,250000,2,w2_10,639,67.469791,1.0,10,,scalar_first_exact
pg-hnsw,250000,2,w2_10,908,64.320458,1.0,10,,scalar_first_exact
pg-hnsw,250000,2,w2_10,541,64.926792,1.0,10,,scalar_first_exact
pg-hnsw,250000,2,w2_10,921,60.221167,1.0,10,,scalar_first_exact
pg-hnsw,250000,2,w2_10,847,61.016875,1.0,10,,scalar_first_exact
pg-hnsw,250000,2,w2_10,933,61.499208,1.0,10,,scalar_first_exact
pg-hnsw,250000,2,w2_10,330,61.431,1.0,10,,scalar_first_exact
pg-hnsw,250000,2,w2_10,217,60.664667,1.0,10,,scalar_first_exact
pg-hnsw,250000,2,w2_10,619,63.0085,1.0,10,,scalar_first_exact
pg-hnsw,250000,2,w2_10,697,62.992042,1.0,10,,scalar_first_exact
pg-hnsw,250000,2,w2_10,284,61.066541,1.0,10,,scalar_first_exact
pg-hnsw,250000,2,w2_10,451,63.015375,1.0,10,,scalar_first_exact
pg-hnsw,250000,2,w2_10,895,73.852834,1.0,10,,scalar_first_exact
pg-hnsw,250000,2,w2_10,789,63.960834,1.0,10,,scalar_first_exact
pg-hnsw,250000,2,w2_10,995,62.456375,1.0,10,,scalar_first_exact
pg-hnsw,250000,2,w2_10,539,63.724791,1.0,10,,scalar_first_exact
pg-hnsw,250000,2,w2_10,902,62.234958,1.0,10,,scalar_first_exact
pg-hnsw,250000,2,w2_10,866,63.032875,1.0,10,,scalar_first_exact
pg-hnsw,250000,2,w2_10,621,60.613625,1.0,10,,scalar_first_exact
pg-hnsw,250000,2,w2_10,907,63.75525,1.0,10,,scalar_first_exact
pg-hnsw,250000,2,w2_10,504,62.180708,1.0,10,,scalar_first_exact
pg-hnsw,250000,2,w2_10,447,62.682167,1.0,10,,scalar_first_exact
pg-hnsw,250000,2,w2_10,841,61.986209,1.0,10,,scalar_first_exact
pg-hnsw,250000,2,w2_10,816,61.717042,1.0,10,,scalar_first_exact
pg-hnsw,250000,2,w2_10,509,62.237542,1.0,10,,scalar_first_exact
pg-hnsw,250000,2,w2_10,337,61.911209,1.0,10,,scalar_first_exact
pg-hnsw,250000,2,w2_10,311,61.073416,1.0,10,,scalar_first_exact
pg-hnsw,250000,2,w2_10,811,60.406292,1.0,10,,scalar_first_exact
pg-hnsw,250000,2,w2_10,815,63.063459,1.0,10,,scalar_first_exact
pg-hnsw,250000,2,w2_10,648,62.084083,1.0,10,,scalar_first_exact
pg-hnsw,250000,2,w2_10,723,61.269916,1.0,10,,scalar_first_exact
pg-hnsw,250000,2,w2_10,960,61.571917,1.0,10,,scalar_first_exact
pg-hnsw,250000,2,w2_10,267,62.171292,1.0,10,,scalar_first_exact
pg-hnsw,250000,2,w2_10,662,62.282333,1.0,10,,scalar_first_exact
pg-hnsw,250000,2,w2_10,701,62.085167,1.0,10,,scalar_first_exact
pg-hnsw,250000,2,w2_10,296,67.267083,1.0,10,,scalar_first_exact
pg-hnsw,250000,2,w2_10,548,61.97025,1.0,10,,scalar_first_exact
pg-hnsw,250000,2,w2_10,302,61.183042,1.0,10,,scalar_first_exact
pg-hnsw,250000,2,w2_10,520,60.778291,1.0,10,,scalar_first_exact
pg-hnsw,250000,2,w2_10,608,62.061541,1.0,10,,scalar_first_exact
pg-hnsw,250000,2,w2_10,213,61.829417,1.0,10,,scalar_first_exact
pg-hnsw,250000,2,w2_10,979,64.082041,1.0,10,,scalar_first_exact
pg-hnsw,250000,2,w2_10,110,62.048125,1.0,10,,scalar_first_exact
pg-hnsw,250000,2,w2_10,157,64.112084,1.0,10,,scalar_first_exact
pg-hnsw,250000,2,w2_10,778,63.705416,1.0,10,,scalar_first_exact
pg-hnsw,250000,2,w2_10,437,62.2385,1.0,10,,scalar_first_exact
pg-hnsw,250000,2,w2_10,563,61.901708,1.0,10,,scalar_first_exact
pg-hnsw,250000,2,w2_10,593,60.0625,1.0,10,,scalar_first_exact
pg-hnsw,250000,2,w2_10,829,64.734833,1.0,10,,scalar_first_exact
pg-hnsw,250000,2,w2_10,611,60.62125,1.0,10,,scalar_first_exact
pg-hnsw,250000,2,w2_10,676,63.812042,1.0,10,,scalar_first_exact
pg-hnsw,250000,2,w2_10,211,65.413166,1.0,10,,scalar_first_exact
pg-hnsw,250000,2,w2_10,725,62.923417,1.0,10,,scalar_first_exact
pg-hnsw,250000,2,w2_10,276,61.852917,1.0,10,,scalar_first_exact
pg-hnsw,250000,2,w2_10,429,60.877167,1.0,10,,scalar_first_exact
pg-hnsw,250000,2,w2_10,940,61.615917,1.0,10,,scalar_first_exact
pg-hnsw,250000,2,w2_10,708,62.716417,1.0,10,,scalar_first_exact
pg-hnsw,250000,2,w2_10,179,61.82775,1.0,10,,scalar_first_exact
pg-hnsw,250000,2,w2_10,408,64.548916,1.0,10,,scalar_first_exact
pg-hnsw,250000,2,w2_10,568,62.94575,1.0,10,,scalar_first_exact
pg-hnsw,250000,2,w2_10,899,62.080166,1.0,10,,scalar_first_exact
pg-hnsw,250000,2,w2_10,319,64.102917,1.0,10,,scalar_first_exact
pg-hnsw,250000,2,w2_10,950,60.824583,1.0,10,,scalar_first_exact
pg-hnsw,250000,2,w2_10,609,61.451958,1.0,10,,scalar_first_exact
pg-hnsw,250000,2,w2_10,842,61.872625,1.0,10,,scalar_first_exact
pg-hnsw,250000,2,w2_10,301,64.169375,1.0,10,,scalar_first_exact
pg-hnsw,250000,2,w2_10,144,61.356167,1.0,10,,scalar_first_exact
pg-hnsw,250000,2,w2_10,454,60.290541,1.0,10,,scalar_first_exact
pg-hnsw,250000,2,w2_10,889,61.691709,1.0,10,,scalar_first_exact
pg-hnsw,250000,2,w2_10,390,60.166625,1.0,10,,scalar_first_exact
pg-hnsw,250000,2,w2_10,140,60.436708,1.0,10,,scalar_first_exact
pg-hnsw,250000,2,w2_10,491,61.356292,1.0,10,,scalar_first_exact
pg-hnsw,250000,2,w2_10,279,60.787292,1.0,10,,scalar_first_exact
pg-hnsw,250000,2,w2_10,128,63.394792,1.0,10,,scalar_first_exact
pg-hnsw,250000,2,w2_10,274,60.732291,1.0,10,,scalar_first_exact
pg-hnsw,250000,2,w2_10,263,60.986875,1.0,10,,scalar_first_exact
pg-hnsw,250000,2,w2_10,638,61.418416,1.0,10,,scalar_first_exact
pg-hnsw,250000,2,w2_10,124,61.995,1.0,10,,scalar_first_exact
pg-hnsw,250000,2,w2_10,300,65.422083,1.0,10,,scalar_first_exact
pg-hnsw,250000,2,w2_10,808,61.706375,1.0,10,,scalar_first_exact
pg-hnsw,250000,2,w2_10,333,61.968166,1.0,10,,scalar_first_exact
pg-hnsw,250000,2,w2_10,745,61.190125,1.0,10,,scalar_first_exact
pg-hnsw,250000,2,w2_10,208,62.719667,1.0,10,,scalar_first_exact
pg-hnsw,250000,2,w2_10,774,60.609291,1.0,10,,scalar_first_exact
pg-hnsw,250000,2,w2_10,269,65.009958,1.0,10,,scalar_first_exact
pg-hnsw,250000,2,w2_10,383,60.086584,1.0,10,,scalar_first_exact
pg-hnsw,250000,2,w2_10,690,61.880417,1.0,10,,scalar_first_exact
pg-hnsw,250000,2,w2_10,159,62.468042,1.0,10,,scalar_first_exact
pg-hnsw,250000,2,w2_10,755,61.160542,1.0,10,,scalar_first_exact
pg-hnsw,250000,2,w2_10,370,62.144375,1.0,10,,scalar_first_exact
pg-hnsw,250000,2,w2_10,966,63.438875,1.0,10,,scalar_first_exact
pg-hnsw,250000,2,w2_10,551,63.919208,1.0,10,,scalar_first_exact
pg-hnsw,250000,2,w2_10,369,63.209875,1.0,10,,scalar_first_exact
pg-hnsw,250000,2,w2_10,514,59.589083,1.0,10,,scalar_first_exact
pg-hnsw,250000,2,w2_10,481,60.716084,1.0,10,,scalar_first_exact
pg-hnsw,250000,2,w2_10,462,65.627375,1.0,10,,scalar_first_exact
pg-hnsw,250000,2,w2_10,715,63.531,1.0,10,,scalar_first_exact
pg-hnsw,250000,2,w2_10,567,64.316958,1.0,10,,scalar_first_exact
pg-hnsw,250000,2,w2_10,850,60.448,1.0,10,,scalar_first_exact
pg-hnsw,250000,2,w2_10,984,60.560208,1.0,10,,scalar_first_exact
pg-hnsw,250000,2,w2_10,476,61.761458,1.0,10,,scalar_first_exact
pg-hnsw,250000,2,w2_10,874,61.39025,1.0,10,,scalar_first_exact
pg-hnsw,250000,2,w2_10,281,98.264375,1.0,10,,scalar_first_exact
pg-hnsw,250000,2,w2_10,704,66.826542,1.0,10,,scalar_first_exact
pg-hnsw,250000,2,w2_10,750,62.802583,1.0,10,,scalar_first_exact
pg-hnsw,250000,2,w2_10,599,62.487333,1.0,10,,scalar_first_exact
pg-hnsw,250000,2,w2_10,133,63.782334,1.0,10,,scalar_first_exact
pg-hnsw,250000,2,w2_10,968,64.338167,1.0,10,,scalar_first_exact
pg-hnsw,250000,2,w2_10,519,62.755417,1.0,10,,scalar_first_exact
pg-hnsw,250000,2,w2_10,501,62.748042,1.0,10,,scalar_first_exact
pg-hnsw,250000,2,w2_10,862,66.522416,1.0,10,,scalar_first_exact
pg-hnsw,250000,2,w2_10,103,61.205708,1.0,10,,scalar_first_exact
pg-hnsw,250000,2,w2_10,305,64.161333,1.0,10,,scalar_first_exact
pg-hnsw,250000,2,w2_10,787,63.75775,1.0,10,,scalar_first_exact
pg-hnsw,250000,2,w2_10,277,64.366541,1.0,10,,scalar_first_exact
pg-hnsw,250000,2,w2_10,187,63.472375,1.0,10,,scalar_first_exact
pg-hnsw,250000,2,w2_10,905,60.560917,1.0,10,,scalar_first_exact
pg-hnsw,250000,2,w2_10,643,62.565416,1.0,10,,scalar_first_exact
pg-hnsw,250000,2,w2_10,880,60.378166,1.0,10,,scalar_first_exact
pg-hnsw,250000,2,w2_10,573,64.25525,1.0,10,,scalar_first_exact
pg-hnsw,250000,2,w2_10,293,61.463375,1.0,10,,scalar_first_exact
pg-hnsw,250000,2,w2_10,835,63.995959,1.0,10,,scalar_first_exact
pg-hnsw,250000,2,w2_10,771,61.677916,1.0,10,,scalar_first_exact
pg-hnsw,250000,2,w2_10,737,63.719791,1.0,10,,scalar_first_exact
pg-hnsw,250000,2,w2_10,138,66.209292,1.0,10,,scalar_first_exact
pg-hnsw,250000,2,w2_10,674,61.247,1.0,10,,scalar_first_exact
pg-hnsw,250000,2,w2_10,233,60.750833,1.0,10,,scalar_first_exact
pg-hnsw,250000,2,w2_10,872,61.36725,1.0,10,,scalar_first_exact
pg-hnsw,250000,2,w2_10,993,64.140625,1.0,10,,scalar_first_exact
pg-hnsw,250000,2,w2_10,675,67.35375,1.0,10,,scalar_first_exact
pg-hnsw,250000,2,w2_10,118,60.905583,1.0,10,,scalar_first_exact
pg-hnsw,250000,2,w2_10,775,62.643667,1.0,10,,scalar_first_exact
pg-hnsw,250000,2,w2_10,248,60.584875,1.0,10,,scalar_first_exact
pg-hnsw,250000,2,w2_10,547,60.69225,1.0,10,,scalar_first_exact
pg-hnsw,250000,2,w2_10,164,62.59425,1.0,10,,scalar_first_exact
pg-hnsw,250000,2,w2_10,455,63.746833,1.0,10,,scalar_first_exact
pg-hnsw,250000,2,w2_10,849,61.398208,1.0,10,,scalar_first_exact
pg-hnsw,250000,2,w2_10,579,62.26025,1.0,10,,scalar_first_exact
pg-hnsw,250000,2,w2_10,877,62.739583,1.0,10,,scalar_first_exact
pg-hnsw,250000,2,w2_10,143,61.580959,1.0,10,,scalar_first_exact
pg-hnsw,250000,2,w2_10,972,63.461708,1.0,10,,scalar_first_exact
pg-hnsw,250000,2,w2_10,443,61.630417,1.0,10,,scalar_first_exact
pg-hnsw,250000,2,w2_10,724,62.543541,1.0,10,,scalar_first_exact
pg-hnsw,250000,2,w2_10,622,61.982875,1.0,10,,scalar_first_exact
pg-hnsw,250000,2,w2_10,651,62.426166,1.0,10,,scalar_first_exact
pg-hnsw,250000,2,w2_10,947,63.919917,1.0,10,,scalar_first_exact
pg-hnsw,250000,2,w2_10,214,60.735167,1.0,10,,scalar_first_exact
pg-hnsw,250000,2,w2_10,220,60.711459,1.0,10,,scalar_first_exact
pg-hnsw,250000,2,w2_10,830,61.179458,1.0,10,,scalar_first_exact
pg-hnsw,250000,2,w2_10,857,62.141125,1.0,10,,scalar_first_exact
pg-hnsw,250000,2,w2_10,971,61.566125,1.0,10,,scalar_first_exact
pg-hnsw,250000,2,w2_10,559,62.38625,1.0,10,,scalar_first_exact
pg-hnsw,250000,2,w2_10,612,63.19575,1.0,10,,scalar_first_exact
pg-hnsw,250000,2,w2_10,986,62.402209,1.0,10,,scalar_first_exact
pg-hnsw,250000,2,w2_10,403,61.264792,1.0,10,,scalar_first_exact
pg-hnsw,250000,2,w2_10,999,66.462333,1.0,10,,scalar_first_exact
pg-hnsw,250000,2,w2_10,956,63.591125,1.0,10,,scalar_first_exact
pg-hnsw,250000,2,w2_10,379,62.697792,1.0,10,,scalar_first_exact
pg-hnsw,250000,2,w2_10,166,61.64125,1.0,10,,scalar_first_exact
pg-hnsw,250000,2,w2_10,994,62.900833,1.0,10,,scalar_first_exact
pg-hnsw,250000,2,w2_10,543,62.028709,1.0,10,,scalar_first_exact
pg-hnsw,250000,2,w2_10,488,62.896583,1.0,10,,scalar_first_exact
pg-hnsw,250000,2,w2_10,585,62.524042,1.0,10,,scalar_first_exact
pg-hnsw,250000,2,w2_10,925,88.680083,1.0,10,,scalar_first_exact
pg-hnsw,250000,2,w2_10,244,61.879541,1.0,10,,scalar_first_exact
pg-hnsw,250000,2,w2_10,870,61.990917,1.0,10,,scalar_first_exact
pg-hnsw,250000,2,w2_10,264,59.793333,1.0,10,,scalar_first_exact
pg-hnsw,250000,2,w2_10,252,61.751791,1.0,10,,scalar_first_exact
pg-hnsw,250000,2,w2_10,649,63.326084,1.0,10,,scalar_first_exact
pg-hnsw,250000,2,w2_10,827,63.586209,1.0,10,,scalar_first_exact
pg-hnsw,250000,2,w2_10,822,62.882167,1.0,10,,scalar_first_exact
pg-hnsw,250000,2,w2_10,215,63.323875,1.0,10,,scalar_first_exact
pg-hnsw,250000,2,w2_10,309,62.817333,1.0,10,,scalar_first_exact
pg-hnsw,250000,2,w2_10,840,63.135291,1.0,10,,scalar_first_exact
pg-hnsw,250000,2,w2_10,556,62.206625,1.0,10,,scalar_first_exact
pg-hnsw,250000,2,w2_10,985,62.709708,1.0,10,,scalar_first_exact
pg-hnsw,250000,2,w2_10,513,61.39,1.0,10,,scalar_first_exact
pg-hnsw,250000,2,w2_10,552,61.625458,1.0,10,,scalar_first_exact
pg-hnsw,250000,2,w2_10,920,65.0545,1.0,10,,scalar_first_exact
pg-hnsw,250000,2,w2_10,564,59.725333,1.0,10,,scalar_first_exact
pg-hnsw,250000,2,w2_10,457,64.391084,1.0,10,,scalar_first_exact
pg-hnsw,250000,2,w2_10,951,60.182583,1.0,10,,scalar_first_exact
pg-hnsw,250000,2,w2_10,627,62.254958,1.0,10,,scalar_first_exact
pg-hnsw,250000,2,w2_10,596,62.221375,1.0,10,,scalar_first_exact
pg-hnsw,250000,2,w2_10,204,61.105958,1.0,10,,scalar_first_exact
pg-hnsw,250000,2,w2_10,155,62.287334,1.0,10,,scalar_first_exact
pg-hnsw,250000,2,w2_10,934,61.255375,1.0,10,,scalar_first_exact
pg-hnsw,250000,2,w2_10,113,60.572917,1.0,10,,scalar_first_exact
pg-hnsw,250000,2,w2_10,657,63.458459,1.0,10,,scalar_first_exact
pg-hnsw,250000,2,w2_10,836,62.675042,1.0,10,,scalar_first_exact
pg-hnsw,250000,2,w2_10,854,61.16075,1.0,10,,scalar_first_exact
pg-hnsw,250000,2,w2_10,525,63.046333,1.0,10,,scalar_first_exact
pg-hnsw,250000,2,w2_10,974,61.477,1.0,10,,scalar_first_exact
pg-hnsw,250000,2,w2_10,734,62.049958,1.0,10,,scalar_first_exact
pg-hnsw,250000,2,w2_10,192,63.097,1.0,10,,scalar_first_exact
pg-hnsw,250000,2,w2_10,371,62.847833,1.0,10,,scalar_first_exact
pg-hnsw,250000,2,w2_10,184,61.232459,1.0,10,,scalar_first_exact
pg-hnsw,250000,2,w2_10,286,59.321459,1.0,10,,scalar_first_exact
pg-hnsw,250000,2,w2_10,714,60.270417,1.0,10,,scalar_first_exact
pg-hnsw,250000,2,w2_10,385,63.545625,1.0,10,,scalar_first_exact
pg-hnsw,250000,2,w2_10,428,61.547875,1.0,10,,scalar_first_exact
pg-hnsw,250000,2,w2_10,256,63.660375,1.0,10,,scalar_first_exact
pg-hnsw,250000,2,w2_10,886,65.768416,1.0,10,,scalar_first_exact
pg-hnsw,250000,2,w2_10,362,61.614125,1.0,10,,scalar_first_exact
pg-hnsw,250000,2,w2_10,212,62.682667,1.0,10,,scalar_first_exact
pg-hnsw,250000,2,w2_10,417,61.020458,1.0,10,,scalar_first_exact
pg-hnsw,250000,2,w2_10,365,62.506667,1.0,10,,scalar_first_exact
pg-hnsw,250000,2,w2_10,991,64.494208,1.0,10,,scalar_first_exact
pg-hnsw,250000,2,w2_10,265,63.528041,1.0,10,,scalar_first_exact
pg-hnsw,250000,2,w2_10,266,61.832708,1.0,10,,scalar_first_exact
pg-hnsw,250000,2,w2_10,873,62.954458,1.0,10,,scalar_first_exact
pg-hnsw,250000,2,w2_10,209,65.391583,1.0,10,,scalar_first_exact
pg-hnsw,250000,2,w2_10,261,60.428083,1.0,10,,scalar_first_exact
pg-hnsw,250000,2,w2_10,788,60.797334,1.0,10,,scalar_first_exact
pg-hnsw,250000,2,w2_10,667,61.633625,1.0,10,,scalar_first_exact
pg-hnsw,250000,2,w2_10,944,60.774209,1.0,10,,scalar_first_exact
pg-hnsw,250000,2,w2_10,178,65.244625,1.0,10,,scalar_first_exact
pg-hnsw,250000,2,w2_10,414,62.266875,1.0,10,,scalar_first_exact
pg-hnsw,250000,2,w2_10,693,61.958375,1.0,10,,scalar_first_exact
pg-hnsw,250000,2,w2_10,770,61.433042,1.0,10,,scalar_first_exact
pg-hnsw,250000,2,w2_10,160,61.745958,1.0,10,,scalar_first_exact
pg-hnsw,250000,2,w2_10,153,61.438041,1.0,10,,scalar_first_exact
pg-hnsw,250000,2,w2_10,412,63.441417,1.0,10,,scalar_first_exact
pg-hnsw,250000,2,w2_10,591,62.870125,1.0,10,,scalar_first_exact
pg-hnsw,250000,2,w2_10,894,61.003084,1.0,10,,scalar_first_exact
pg-hnsw,250000,2,w2_10,632,61.686958,1.0,10,,scalar_first_exact
pg-hnsw,250000,2,w2_10,668,64.856125,1.0,10,,scalar_first_exact
pg-hnsw,250000,2,w2_10,935,63.101416,1.0,10,,scalar_first_exact
pg-hnsw,250000,2,w2_10,660,61.317667,1.0,10,,scalar_first_exact
pg-hnsw,250000,2,w2_10,566,61.625875,1.0,10,,scalar_first_exact
pg-hnsw,250000,2,w2_10,299,61.768625,1.0,10,,scalar_first_exact
pg-hnsw,250000,2,w2_10,628,62.897625,1.0,10,,scalar_first_exact
pg-hnsw,250000,2,w2_10,891,62.506416,1.0,10,,scalar_first_exact
pg-hnsw,250000,2,w2_10,644,63.901458,1.0,10,,scalar_first_exact
pg-hnsw,250000,2,w2_10,291,62.317208,1.0,10,,scalar_first_exact
pg-hnsw,250000,2,w2_10,357,63.359375,1.0,10,,scalar_first_exact
pg-hnsw,250000,2,w2_10,978,65.055375,1.0,10,,scalar_first_exact
pg-hnsw,250000,2,w2_10,228,65.347458,1.0,10,,scalar_first_exact
pg-hnsw,250000,2,w2_10,943,61.419041,1.0,10,,scalar_first_exact
pg-hnsw,250000,2,w2_10,832,61.585667,1.0,10,,scalar_first_exact
pg-hnsw,250000,2,w2_10,610,61.935417,1.0,10,,scalar_first_exact
pg-hnsw,250000,2,w2_10,173,61.4205,1.0,10,,scalar_first_exact
pg-hnsw,250000,2,w2_10,992,62.937125,1.0,10,,scalar_first_exact
pg-hnsw,250000,2,w2_10,388,62.652709,1.0,10,,scalar_first_exact
pg-hnsw,250000,2,w2_10,782,59.754208,1.0,10,,scalar_first_exact
pg-hnsw,250000,2,w2_10,290,61.228916,1.0,10,,scalar_first_exact
pg-hnsw,250000,2,w2_10,186,62.457417,1.0,10,,scalar_first_exact
pg-hnsw,250000,2,w2_10,906,62.629416,1.0,10,,scalar_first_exact
pg-hnsw,250000,2,w2_10,533,60.5775,1.0,10,,scalar_first_exact
pg-hnsw,250000,2,w2_10,538,61.761209,1.0,10,,scalar_first_exact
pg-hnsw,250000,2,w2_10,686,62.669334,1.0,10,,scalar_first_exact
pg-hnsw,250000,2,w2_10,653,60.689458,1.0,10,,scalar_first_exact
pg-hnsw,250000,2,w2_10,145,62.742,1.0,10,,scalar_first_exact
pg-hnsw,250000,2,w2_10,851,60.670875,1.0,10,,scalar_first_exact
pg-hnsw,250000,2,w2_10,467,63.747125,1.0,10,,scalar_first_exact
pg-hnsw,250000,2,w2_10,469,64.140709,1.0,10,,scalar_first_exact
pg-hnsw,250000,2,w2_10,720,61.850875,1.0,10,,scalar_first_exact
pg-hnsw,250000,2,w2_10,427,62.842083,1.0,10,,scalar_first_exact
pg-hnsw,250000,2,w2_10,754,65.100416,1.0,10,,scalar_first_exact
pg-hnsw,250000,2,w2_10,578,61.114625,1.0,10,,scalar_first_exact
pg-hnsw,250000,2,w2_10,871,61.4125,1.0,10,,scalar_first_exact
pg-hnsw,250000,2,w2_10,104,62.259791,1.0,10,,scalar_first_exact
pg-hnsw,250000,2,w2_10,368,61.82575,1.0,10,,scalar_first_exact
pg-hnsw,250000,2,w2_10,461,61.450833,1.0,10,,scalar_first_exact
pg-hnsw,250000,2,w2_10,497,61.728042,1.0,10,,scalar_first_exact
pg-hnsw,250000,2,w2_10,172,61.362,1.0,10,,scalar_first_exact
pg-hnsw,250000,2,w2_10,530,61.860125,1.0,10,,scalar_first_exact
pg-hnsw,250000,2,w2_10,475,63.010333,1.0,10,,scalar_first_exact
pg-hnsw,250000,2,w2_10,868,61.612416,1.0,10,,scalar_first_exact
pg-hnsw,250000,2,w2_10,722,61.560542,1.0,10,,scalar_first_exact
pg-hnsw,250000,2,w2_10,604,65.132083,1.0,10,,scalar_first_exact
pg-hnsw,250000,2,w2_10,603,63.692,1.0,10,,scalar_first_exact
pg-hnsw,250000,2,w2_10,402,62.912167,1.0,10,,scalar_first_exact
pg-hnsw,250000,2,w2_10,139,65.972875,1.0,10,,scalar_first_exact
pg-hnsw,250000,2,w2_10,846,62.356417,1.0,10,,scalar_first_exact
pg-hnsw,250000,2,w2_10,719,62.620541,1.0,10,,scalar_first_exact
pg-hnsw,250000,2,w2_10,280,60.344625,1.0,10,,scalar_first_exact
pg-hnsw,250000,2,w2_10,397,62.068416,1.0,10,,scalar_first_exact
pg-hnsw,250000,2,w2_10,702,59.556292,1.0,10,,scalar_first_exact
pg-hnsw,250000,2,w2_10,799,61.551042,1.0,10,,scalar_first_exact
pg-hnsw,250000,2,w2_10,135,63.98025,1.0,10,,scalar_first_exact
pg-hnsw,250000,2,w2_10,615,62.808834,1.0,10,,scalar_first_exact
pg-hnsw,250000,2,w2_10,292,63.268208,1.0,10,,scalar_first_exact
pg-hnsw,250000,2,w2_10,312,62.277584,1.0,10,,scalar_first_exact
pg-hnsw,250000,2,w2_10,806,63.056875,1.0,10,,scalar_first_exact
pg-hnsw,250000,2,w2_10,757,62.406375,1.0,10,,scalar_first_exact
pg-hnsw,250000,2,w2_10,424,60.565416,1.0,10,,scalar_first_exact
pg-hnsw,250000,2,w2_10,856,62.688084,1.0,10,,scalar_first_exact
pg-hnsw,250000,2,w2_10,131,62.410417,1.0,10,,scalar_first_exact
pg-hnsw,250000,2,w2_10,532,64.538584,1.0,10,,scalar_first_exact
pg-hnsw,250000,2,w2_10,663,61.922125,1.0,10,,scalar_first_exact
pg-hnsw,250000,2,w2_10,897,63.860042,1.0,10,,scalar_first_exact
pg-hnsw,250000,2,w2_10,207,60.635,1.0,10,,scalar_first_exact
pg-hnsw,250000,2,w2_10,848,60.673958,1.0,10,,scalar_first_exact
pg-hnsw,250000,2,w2_10,142,61.155833,1.0,10,,scalar_first_exact
pg-hnsw,250000,2,w2_10,485,62.549416,1.0,10,,scalar_first_exact
pg-hnsw,250000,2,w2_10,494,63.08575,1.0,10,,scalar_first_exact
pg-hnsw,250000,2,w2_10,903,61.929542,1.0,10,,scalar_first_exact
pg-hnsw,250000,2,w2_10,839,62.629292,1.0,10,,scalar_first_exact
pg-hnsw,250000,2,w2_10,858,63.535208,1.0,10,,scalar_first_exact
pg-hnsw,250000,2,w2_10,665,63.031167,1.0,10,,scalar_first_exact
pg-hnsw,250000,2,w2_10,736,62.39325,1.0,10,,scalar_first_exact
pg-hnsw,250000,2,w2_10,340,61.856583,1.0,10,,scalar_first_exact
pg-hnsw,250000,2,w2_10,271,66.717333,1.0,10,,scalar_first_exact
pg-hnsw,250000,2,w2_10,375,61.682375,1.0,10,,scalar_first_exact
pg-hnsw,250000,2,w2_10,282,62.623375,1.0,10,,scalar_first_exact
pg-hnsw,250000,2,w2_10,521,61.596375,1.0,10,,scalar_first_exact
pg-hnsw,250000,2,w2_10,232,61.915833,1.0,10,,scalar_first_exact
pg-hnsw,250000,2,w2_10,367,61.249375,1.0,10,,scalar_first_exact
pg-hnsw,250000,2,w2_10,746,60.223834,1.0,10,,scalar_first_exact
pg-hnsw,250000,2,w2_10,466,61.344,1.0,10,,scalar_first_exact
pg-hnsw,250000,2,w2_10,809,66.831541,1.0,10,,scalar_first_exact
pg-hnsw,250000,2,w2_10,595,65.667916,1.0,10,,scalar_first_exact
pg-hnsw,250000,2,w2_10,904,61.637833,1.0,10,,scalar_first_exact
pg-hnsw,250000,2,w2_10,199,61.489958,1.0,10,,scalar_first_exact
pg-hnsw,250000,2,w2_10,792,61.142875,1.0,10,,scalar_first_exact
pg-hnsw,250000,2,w2_10,201,69.066292,1.0,10,,scalar_first_exact
pg-hnsw,250000,2,w2_10,727,63.62125,1.0,10,,scalar_first_exact
pg-hnsw,250000,2,w2_10,512,62.072209,1.0,10,,scalar_first_exact
pg-hnsw,250000,2,w2_10,554,59.790959,1.0,10,,scalar_first_exact
pg-hnsw,250000,2,w2_10,738,63.354417,1.0,10,,scalar_first_exact
pg-hnsw,250000,2,w2_10,729,63.504917,1.0,10,,scalar_first_exact
pg-hnsw,250000,2,w2_10,410,61.551333,1.0,10,,scalar_first_exact
pg-hnsw,250000,2,w2_10,120,62.146167,1.0,10,,scalar_first_exact
pg-hnsw,250000,2,w2_10,158,64.149708,1.0,10,,scalar_first_exact
pg-hnsw,250000,2,w2_10,747,61.260042,1.0,10,,scalar_first_exact
pg-hnsw,250000,2,w2_10,805,61.570625,1.0,10,,scalar_first_exact
pg-hnsw,250000,2,w2_10,699,68.231542,1.0,10,,scalar_first_exact
pg-hnsw,250000,2,w2_10,460,60.992334,1.0,10,,scalar_first_exact
pg-hnsw,250000,2,w2_10,688,62.678542,1.0,10,,scalar_first_exact
pg-hnsw,250000,2,w2_10,878,62.557417,1.0,10,,scalar_first_exact
pg-hnsw,250000,2,w2_10,749,64.238917,1.0,10,,scalar_first_exact
pg-hnsw,250000,2,w2_10,446,62.022,1.0,10,,scalar_first_exact
pg-hnsw,250000,2,w2_10,431,61.907291,1.0,10,,scalar_first_exact
pg-hnsw,250000,2,w2_10,354,61.781834,1.0,10,,scalar_first_exact
pg-hnsw,250000,2,w2_10,125,63.431958,1.0,10,,scalar_first_exact
pg-hnsw,250000,2,w2_10,218,65.757916,1.0,10,,scalar_first_exact
pg-hnsw,250000,2,w2_10,270,61.314542,1.0,10,,scalar_first_exact
pg-hnsw,250000,2,w2_10,349,61.534291,1.0,10,,scalar_first_exact
pg-hnsw,250000,2,w2_10,515,63.036167,1.0,10,,scalar_first_exact
pg-hnsw,250000,2,w2_10,997,61.990167,1.0,10,,scalar_first_exact
pg-hnsw,250000,2,w2_10,561,60.423583,1.0,10,,scalar_first_exact
pg-hnsw,250000,2,w2_10,981,60.9945,1.0,10,,scalar_first_exact
pg-hnsw,250000,2,w2_10,834,61.198916,1.0,10,,scalar_first_exact
pg-hnsw,250000,2,w2_10,219,64.013667,1.0,10,,scalar_first_exact
pg-hnsw,250000,2,w2_10,721,62.96525,1.0,10,,scalar_first_exact
pg-hnsw,250000,2,w2_10,294,59.873625,1.0,10,,scalar_first_exact
pg-hnsw,250000,2,w2_10,517,64.695834,1.0,10,,scalar_first_exact
pg-hnsw,250000,2,w2_10,945,62.219875,1.0,10,,scalar_first_exact
pg-hnsw,250000,2,w2_10,888,62.744792,1.0,10,,scalar_first_exact
pg-hnsw,250000,2,w2_10,624,61.234458,1.0,10,,scalar_first_exact
pg-hnsw,250000,2,w2_10,837,62.340917,1.0,10,,scalar_first_exact
pg-hnsw,250000,2,w2_10,919,62.61625,1.0,10,,scalar_first_exact
pg-hnsw,250000,2,w2_10,384,64.573,1.0,10,,scalar_first_exact
pg-hnsw,250000,2,w2_10,112,61.236458,1.0,10,,scalar_first_exact
pg-hnsw,250000,2,w2_10,235,64.652709,1.0,10,,scalar_first_exact
pg-hnsw,250000,2,w2_10,353,60.812666,1.0,10,,scalar_first_exact
pg-hnsw,250000,2,w2_10,444,57.567042,1.0,10,,scalar_first_exact
pg-hnsw,250000,2,w2_10,387,60.451958,1.0,10,,scalar_first_exact
pg-hnsw,250000,2,w2_10,861,62.395,1.0,10,,scalar_first_exact
pg-hnsw,250000,2,w2_10,893,65.282916,1.0,10,,scalar_first_exact
pg-hnsw,250000,2,w2_10,404,61.44675,1.0,10,,scalar_first_exact
pg-hnsw,250000,2,w2_10,709,63.023959,1.0,10,,scalar_first_exact
pg-hnsw,250000,2,w2_10,352,61.786458,1.0,10,,scalar_first_exact
pg-hnsw,250000,2,w2_10,810,62.468042,1.0,10,,scalar_first_exact
pg-hnsw,250000,2,w2_10,361,60.945042,1.0,10,,scalar_first_exact
pg-hnsw,250000,2,w2_10,659,67.224542,1.0,10,,scalar_first_exact
pg-hnsw,250000,2,w2_10,843,65.42325,1.0,10,,scalar_first_exact
pg-hnsw,250000,2,w2_10,237,67.025958,1.0,10,,scalar_first_exact
pg-hnsw,250000,2,w2_10,629,66.724959,1.0,10,,scalar_first_exact
pg-hnsw,250000,2,w2_10,989,65.402125,1.0,10,,scalar_first_exact
pg-hnsw,250000,2,w2_10,507,63.77475,1.0,10,,scalar_first_exact
pg-hnsw,250000,2,w2_10,758,62.281416,1.0,10,,scalar_first_exact
pg-hnsw,250000,2,w2_10,255,63.932417,1.0,10,,scalar_first_exact
pg-hnsw,250000,2,w2_10,751,62.294334,1.0,10,,scalar_first_exact
pg-hnsw,250000,2,w2_10,914,63.656167,1.0,10,,scalar_first_exact
pg-hnsw,250000,2,w2_10,479,61.783208,1.0,10,,scalar_first_exact
pg-hnsw,250000,2,w2_10,607,62.459083,1.0,10,,scalar_first_exact
pg-hnsw,250000,2,w2_10,489,65.43475,1.0,10,,scalar_first_exact
pg-hnsw,250000,2,w2_10,728,63.592,1.0,10,,scalar_first_exact
pg-hnsw,250000,2,w2_10,325,63.270125,1.0,10,,scalar_first_exact
pg-hnsw,250000,2,w2_10,838,66.944125,1.0,10,,scalar_first_exact
pg-hnsw,250000,2,w2_10,156,65.152459,1.0,10,,scalar_first_exact
pg-hnsw,250000,2,w2_10,486,63.613333,1.0,10,,scalar_first_exact
pg-hnsw,250000,2,w2_10,246,63.226375,1.0,10,,scalar_first_exact
pg-hnsw,250000,2,w2_10,683,62.231625,1.0,10,,scalar_first_exact
pg-hnsw,250000,2,w2_10,600,61.422084,1.0,10,,scalar_first_exact
pg-hnsw,250000,2,w2_10,380,60.816625,1.0,10,,scalar_first_exact
pg-hnsw,250000,2,w2_10,672,62.521167,1.0,10,,scalar_first_exact
pg-hnsw,250000,2,w2_10,975,61.377917,1.0,10,,scalar_first_exact
pg-hnsw,250000,2,w2_10,176,60.815125,1.0,10,,scalar_first_exact
pg-hnsw,250000,2,w2_10,493,61.186708,1.0,10,,scalar_first_exact
pg-hnsw,250000,2,w2_10,803,61.311041,1.0,10,,scalar_first_exact
pg-hnsw,250000,2,w2_10,315,64.038917,1.0,10,,scalar_first_exact
pg-hnsw,250000,2,w2_10,909,61.690709,1.0,10,,scalar_first_exact
pg-hnsw,250000,2,w2_10,780,63.797792,1.0,10,,scalar_first_exact
pg-hnsw,250000,2,w2_10,344,60.57525,1.0,10,,scalar_first_exact
pg-hnsw,250000,2,w2_10,430,60.900083,1.0,10,,scalar_first_exact
pg-hnsw,250000,2,w2_10,762,62.270125,1.0,10,,scalar_first_exact
pg-hnsw,250000,2,w2_10,297,67.603833,1.0,10,,scalar_first_exact
pg-hnsw,250000,2,w2_10,826,61.694708,1.0,10,,scalar_first_exact
pg-hnsw,250000,2,w2_10,236,62.439875,1.0,10,,scalar_first_exact
pg-hnsw,250000,2,w2_10,764,59.922458,1.0,10,,scalar_first_exact
pg-hnsw,250000,2,w2_10,571,60.580791,1.0,10,,scalar_first_exact
pg-hnsw,250000,2,w2_10,342,60.226083,1.0,10,,scalar_first_exact
pg-hnsw,250000,2,w2_10,127,61.899458,1.0,10,,scalar_first_exact
pg-hnsw,250000,2,w2_10,807,63.518958,1.0,10,,scalar_first_exact
pg-hnsw,250000,2,w2_10,482,62.798541,1.0,10,,scalar_first_exact
pg-hnsw,250000,2,w2_10,346,62.202834,1.0,10,,scalar_first_exact
pg-hnsw,250000,2,w2_10,316,62.4135,1.0,10,,scalar_first_exact
pg-hnsw,250000,2,w2_10,642,64.07325,1.0,10,,scalar_first_exact
pg-hnsw,250000,2,w2_10,890,64.950083,1.0,10,,scalar_first_exact
pg-hnsw,250000,2,w2_10,175,62.643792,1.0,10,,scalar_first_exact
pg-hnsw,250000,2,w2_10,863,62.660417,1.0,10,,scalar_first_exact
pg-hnsw,250000,2,w2_10,860,62.010416,1.0,10,,scalar_first_exact
pg-hnsw,250000,2,w2_10,753,61.923291,1.0,10,,scalar_first_exact
pg-hnsw,250000,2,w2_10,898,61.913208,1.0,10,,scalar_first_exact
pg-hnsw,250000,2,w2_10,407,61.76225,1.0,10,,scalar_first_exact
pg-hnsw,250000,2,w2_10,181,63.125666,1.0,10,,scalar_first_exact
pg-hnsw,250000,2,w2_10,425,63.629958,1.0,10,,scalar_first_exact
pg-hnsw,250000,2,w2_10,216,66.799208,1.0,10,,scalar_first_exact
pg-hnsw,250000,2,w2_10,498,61.367,1.0,10,,scalar_first_exact
pg-hnsw,250000,2,w2_10,998,61.298208,1.0,10,,scalar_first_exact
pg-hnsw,250000,2,w2_10,518,64.676334,1.0,10,,scalar_first_exact
pg-hnsw,250000,2,w2_10,613,62.098958,1.0,10,,scalar_first_exact
pg-hnsw,250000,2,w2_10,338,63.183666,1.0,10,,scalar_first_exact
pg-hnsw,250000,2,w2_10,587,63.794292,1.0,10,,scalar_first_exact
pg-hnsw,250000,2,w2_10,268,63.37875,1.0,10,,scalar_first_exact
pg-hnsw,250000,2,w2_10,245,63.563791,1.0,10,,scalar_first_exact
pg-hnsw,250000,2,w2_10,781,63.316625,1.0,10,,scalar_first_exact
pg-hnsw,250000,2,w2_10,193,61.934125,1.0,10,,scalar_first_exact
pg-hnsw,250000,2,w2_10,324,61.383958,1.0,10,,scalar_first_exact
pg-hnsw,250000,2,w2_10,450,61.895792,1.0,10,,scalar_first_exact
pg-hnsw,250000,2,w2_10,505,61.200583,1.0,10,,scalar_first_exact
pg-hnsw,250000,2,w2_10,664,62.173792,1.0,10,,scalar_first_exact
pg-hnsw,250000,2,w2_10,625,61.575583,1.0,10,,scalar_first_exact
pg-hnsw,250000,2,w2_10,374,60.418916,1.0,10,,scalar_first_exact
pg-hnsw,250000,2,w2_10,400,59.959417,1.0,10,,scalar_first_exact
pg-hnsw,250000,2,w2_10,761,61.803708,1.0,10,,scalar_first_exact
pg-hnsw,250000,2,w2_10,373,63.546542,1.0,10,,scalar_first_exact
pg-hnsw,250000,2,w2_10,892,63.819709,1.0,10,,scalar_first_exact
pg-hnsw,250000,2,w2_10,386,63.979,1.0,10,,scalar_first_exact
pg-hnsw,250000,2,w2_10,136,67.065667,1.0,10,,scalar_first_exact
pg-hnsw,250000,2,w2_10,393,64.232708,1.0,10,,scalar_first_exact
pg-hnsw,250000,2,w2_10,739,67.607958,1.0,10,,scalar_first_exact
pg-hnsw,250000,2,w2_10,959,63.101792,1.0,10,,scalar_first_exact
pg-hnsw,250000,2,w2_10,363,60.934917,1.0,10,,scalar_first_exact
pg-hnsw,250000,2,w2_10,287,62.524917,1.0,10,,scalar_first_exact
pg-hnsw,250000,2,w2_10,790,61.8975,1.0,10,,scalar_first_exact
pg-hnsw,250000,2,w2_10,298,65.7165,1.0,10,,scalar_first_exact
pg-hnsw,250000,2,w2_10,865,65.483875,1.0,10,,scalar_first_exact
pg-hnsw,250000,2,w2_10,116,61.183667,1.0,10,,scalar_first_exact
pg-hnsw,250000,2,w2_10,440,62.814708,1.0,10,,scalar_first_exact
pg-hnsw,250000,2,w2_10,238,61.161125,1.0,10,,scalar_first_exact
pg-hnsw,250000,2,w2_10,129,61.703958,1.0,10,,scalar_first_exact
pg-hnsw,250000,2,w2_10,243,62.390833,1.0,10,,scalar_first_exact
pg-hnsw,250000,2,w2_10,322,62.141459,1.0,10,,scalar_first_exact
pg-hnsw,250000,2,w2_10,818,62.396916,1.0,10,,scalar_first_exact
pg-hnsw,250000,2,w2_10,188,62.68575,1.0,10,,scalar_first_exact
pg-hnsw,250000,2,w2_10,536,62.752208,1.0,10,,scalar_first_exact
pg-hnsw,250000,2,w2_10,508,68.693459,1.0,10,,scalar_first_exact
pg-hnsw,250000,2,w2_10,306,67.605583,1.0,10,,scalar_first_exact
pg-hnsw,250000,2,w2_10,883,64.609333,1.0,10,,scalar_first_exact
pg-hnsw,250000,2,w2_10,575,65.745542,1.0,10,,scalar_first_exact
pg-hnsw,250000,2,w2_10,392,61.945834,1.0,10,,scalar_first_exact
pg-hnsw,250000,2,w2_10,948,60.395417,1.0,10,,scalar_first_exact
pg-hnsw,250000,2,w2_10,372,60.941209,1.0,10,,scalar_first_exact
pg-hnsw,250000,2,w2_10,760,60.406583,1.0,10,,scalar_first_exact
pg-hnsw,250000,2,w2_10,273,60.236833,1.0,10,,scalar_first_exact
pg-hnsw,250000,2,w2_10,783,60.516541,1.0,10,,scalar_first_exact
pg-hnsw,250000,2,w2_10,516,60.582791,1.0,10,,scalar_first_exact
pg-hnsw,250000,2,w2_10,222,61.32025,1.0,10,,scalar_first_exact
pg-hnsw,250000,2,w2_10,376,62.355125,1.0,10,,scalar_first_exact
pg-hnsw,250000,2,w2_10,802,62.022458,1.0,10,,scalar_first_exact
pg-hnsw,250000,2,w2_10,260,62.703791,1.0,10,,scalar_first_exact
pg-hnsw,250000,2,w2_10,249,62.560583,1.0,10,,scalar_first_exact
pg-hnsw,250000,2,w2_10,961,62.413583,1.0,10,,scalar_first_exact
pg-hnsw,250000,2,w2_10,189,61.527666,1.0,10,,scalar_first_exact
pg-hnsw,250000,2,w2_10,661,65.469833,1.0,10,,scalar_first_exact
pg-hnsw,250000,2,w2_10,206,62.839958,1.0,10,,scalar_first_exact
pg-hnsw,250000,2,w2_10,241,62.845875,1.0,10,,scalar_first_exact
pg-hnsw,250000,2,w2_10,348,62.639542,1.0,10,,scalar_first_exact
pg-hnsw,250000,2,w2_10,304,61.705125,1.0,10,,scalar_first_exact
pg-hnsw,250000,2,w2_10,529,60.693541,1.0,10,,scalar_first_exact
pg-hnsw,250000,2,w2_10,673,62.339792,1.0,10,,scalar_first_exact
pg-hnsw,250000,2,w2_10,617,60.532292,1.0,10,,scalar_first_exact
pg-hnsw,250000,2,w2_10,540,62.243542,1.0,10,,scalar_first_exact
pg-hnsw,250000,2,w2_10,917,63.0095,1.0,10,,scalar_first_exact
pg-hnsw,250000,2,w2_10,524,62.344917,1.0,10,,scalar_first_exact
pg-hnsw,250000,2,w2_10,259,61.799084,1.0,10,,scalar_first_exact
pg-hnsw,250000,2,w2_10,800,61.010458,1.0,10,,scalar_first_exact
pg-hnsw,250000,2,w2_10,389,64.87975,1.0,10,,scalar_first_exact
pg-hnsw,250000,2,w2_10,317,62.15875,1.0,10,,scalar_first_exact
pg-hnsw,250000,2,w2_10,183,62.03975,1.0,10,,scalar_first_exact
pg-hnsw,250000,2,w2_10,606,61.617875,1.0,10,,scalar_first_exact
pg-hnsw,250000,2,w2_10,744,62.017458,1.0,10,,scalar_first_exact
pg-hnsw,250000,2,w2_10,953,62.516958,1.0,10,,scalar_first_exact
pg-hnsw,250000,2,w2_10,748,62.594333,1.0,10,,scalar_first_exact
pg-hnsw,250000,2,w2_10,924,62.595792,1.0,10,,scalar_first_exact
pg-hnsw,250000,2,w2_10,601,60.764459,1.0,10,,scalar_first_exact
pg-hnsw,250000,2,w2_10,141,61.582292,1.0,10,,scalar_first_exact
pg-hnsw,250000,2,w2_10,931,61.682208,1.0,10,,scalar_first_exact
pg-hnsw,250000,2,w2_10,438,61.200916,1.0,10,,scalar_first_exact
pg-hnsw,250000,2,w2_10,109,62.776875,1.0,10,,scalar_first_exact
pg-hnsw,250000,2,w2_10,326,62.346792,1.0,10,,scalar_first_exact
pg-hnsw,250000,2,w2_10,817,65.976792,1.0,10,,scalar_first_exact
pg-hnsw,250000,2,w2_10,422,68.834084,1.0,10,,scalar_first_exact
pg-hnsw,250000,2,w2_10,572,64.038,1.0,10,,scalar_first_exact
pg-hnsw,250000,2,w2_10,108,62.348334,1.0,10,,scalar_first_exact
pg-hnsw,250000,2,w2_10,502,64.938625,1.0,10,,scalar_first_exact
pg-hnsw,250000,2,w2_10,730,61.622125,1.0,10,,scalar_first_exact
pg-hnsw,250000,2,w2_10,706,63.408917,1.0,10,,scalar_first_exact
pg-hnsw,250000,2,w2_10,418,63.124708,1.0,10,,scalar_first_exact
pg-hnsw,250000,2,w2_10,583,61.392916,1.0,10,,scalar_first_exact
pg-hnsw,250000,2,w2_10,592,60.868792,1.0,10,,scalar_first_exact
pg-hnsw,250000,2,w2_10,152,60.491292,1.0,10,,scalar_first_exact
pg-hnsw,250000,2,w2_10,869,60.865792,1.0,10,,scalar_first_exact
pg-hnsw,250000,2,w2_10,756,61.881666,1.0,10,,scalar_first_exact
pg-hnsw,250000,2,w2_10,542,63.369458,1.0,10,,scalar_first_exact
pg-hnsw,250000,2,w2_10,394,60.781458,1.0,10,,scalar_first_exact
pg-hnsw,250000,2,w2_10,531,62.140084,1.0,10,,scalar_first_exact
pg-hnsw,250000,2,w2_10,798,63.592916,1.0,10,,scalar_first_exact
pg-hnsw,250000,2,w2_10,658,62.450459,1.0,10,,scalar_first_exact
pg-hnsw,250000,2,w2_10,786,61.949708,1.0,10,,scalar_first_exact
pg-hnsw,250000,2,w2_10,678,63.263542,1.0,10,,scalar_first_exact
pg-hnsw,250000,2,w2_10,584,61.640791,1.0,10,,scalar_first_exact
pg-hnsw,250000,2,w2_10,534,61.650084,1.0,10,,scalar_first_exact
pg-hnsw,250000,2,w2_10,257,62.827542,1.0,10,,scalar_first_exact
pg-hnsw,250000,2,w2_10,453,62.824917,1.0,10,,scalar_first_exact
pg-hnsw,250000,2,w2_10,426,61.472875,1.0,10,,scalar_first_exact
pg-hnsw,250000,2,w2_10,168,65.900208,1.0,10,,scalar_first_exact
pg-hnsw,250000,2,w2_10,631,60.429209,1.0,10,,scalar_first_exact
pg-hnsw,250000,2,w2_10,716,63.864125,1.0,10,,scalar_first_exact
pg-hnsw,250000,2,w2_10,471,61.704417,1.0,10,,scalar_first_exact
pg-hnsw,250000,2,w2_10,223,60.962709,1.0,10,,scalar_first_exact
pg-hnsw,250000,2,w2_10,852,60.538625,1.0,10,,scalar_first_exact
pg-hnsw,250000,2,w2_10,576,63.76675,1.0,10,,scalar_first_exact
pg-hnsw,250000,2,w2_10,391,65.155583,1.0,10,,scalar_first_exact
pg-hnsw,250000,2,w2_10,456,63.307458,1.0,10,,scalar_first_exact
pg-hnsw,250000,2,w2_10,106,67.345708,1.0,10,,scalar_first_exact
pg-hnsw,250000,2,w2_10,912,62.024125,1.0,10,,scalar_first_exact
pg-hnsw,250000,2,w2_10,555,60.876292,1.0,10,,scalar_first_exact
pg-hnsw,250000,2,w2_10,154,60.744208,1.0,10,,scalar_first_exact
pg-hnsw,250000,2,w2_10,200,61.730375,1.0,10,,scalar_first_exact
pg-hnsw,250000,2,w2_10,813,61.667042,1.0,10,,scalar_first_exact
pg-hnsw,250000,2,w2_10,448,62.591042,1.0,10,,scalar_first_exact
pg-hnsw,250000,2,w2_10,459,62.36225,1.0,10,,scalar_first_exact
pg-hnsw,250000,2,w2_10,696,60.027417,1.0,10,,scalar_first_exact
pg-hnsw,250000,2,w2_10,581,61.05825,1.0,10,,scalar_first_exact
pg-hnsw,250000,2,w2_10,795,61.503292,1.0,10,,scalar_first_exact
pg-hnsw,250000,2,w2_10,420,88.895667,1.0,10,,scalar_first_exact
pg-hnsw,250000,2,w2_10,942,72.586666,1.0,10,,scalar_first_exact
pg-hnsw,250000,2,w2_10,634,61.950334,1.0,10,,scalar_first_exact
pg-hnsw,250000,2,w2_10,195,61.6085,1.0,10,,scalar_first_exact
pg-hnsw,250000,2,w2_10,694,62.347042,1.0,10,,scalar_first_exact
pg-hnsw,250000,2,w2_10,569,65.780042,1.0,10,,scalar_first_exact
pg-hnsw,250000,2,w2_10,969,64.411917,1.0,10,,scalar_first_exact
pg-hnsw,250000,2,w2_10,122,62.096833,1.0,10,,scalar_first_exact
pg-hnsw,250000,2,w2_10,523,61.495625,1.0,10,,scalar_first_exact
pg-hnsw,250000,2,w2_10,964,60.379458,1.0,10,,scalar_first_exact
pg-hnsw,250000,2,w2_10,801,61.963,1.0,10,,scalar_first_exact
pg-hnsw,250000,2,w2_10,196,61.891291,1.0,10,,scalar_first_exact
pg-hnsw,250000,2,w2_10,958,65.283084,1.0,10,,scalar_first_exact
pg-hnsw,250000,2,w2_10,251,61.009875,1.0,10,,scalar_first_exact
pg-hnsw,250000,2,w2_10,313,65.091583,1.0,10,,scalar_first_exact
pg-hnsw,250000,2,w2_10,712,62.613958,1.0,10,,scalar_first_exact
pg-hnsw,250000,2,w2_10,864,62.10325,1.0,10,,scalar_first_exact
pg-hnsw,250000,2,w2_10,614,61.136042,1.0,10,,scalar_first_exact
pg-hnsw,250000,2,w2_10,258,64.491458,1.0,10,,scalar_first_exact
pg-hnsw,250000,2,w2_10,472,62.0505,1.0,10,,scalar_first_exact
pg-hnsw,250000,2,w2_10,180,62.521375,1.0,10,,scalar_first_exact
pg-hnsw,250000,2,w2_10,732,62.2935,1.0,10,,scalar_first_exact
pg-hnsw,250000,2,w2_10,647,63.65975,1.0,10,,scalar_first_exact
pg-hnsw,250000,2,w2_10,137,62.321708,1.0,10,,scalar_first_exact
pg-hnsw,250000,2,w2_10,923,60.635125,1.0,10,,scalar_first_exact
pg-hnsw,250000,2,w2_10,477,63.130167,1.0,10,,scalar_first_exact
pg-hnsw,250000,2,w2_10,983,61.841708,1.0,10,,scalar_first_exact
pg-hnsw,250000,2,w2_10,741,63.096625,1.0,10,,scalar_first_exact
pg-hnsw,250000,2,w2_10,123,59.017459,1.0,10,,scalar_first_exact
pg-hnsw,250000,2,w2_10,314,64.613125,1.0,10,,scalar_first_exact
pg-hnsw,250000,2,w2_10,230,64.189,1.0,10,,scalar_first_exact
pg-hnsw,250000,2,w2_10,288,67.904833,1.0,10,,scalar_first_exact
pg-hnsw,250000,2,w2_10,503,63.160916,1.0,10,,scalar_first_exact
pg-hnsw,250000,2,w2_10,527,63.359084,1.0,10,,scalar_first_exact
pg-hnsw,250000,2,w2_10,955,62.779291,1.0,10,,scalar_first_exact
pg-hnsw,250000,2,w2_10,949,63.518792,1.0,10,,scalar_first_exact
pg-hnsw,250000,2,w2_10,433,59.819125,1.0,10,,scalar_first_exact
pg-hnsw,250000,2,w2_10,713,61.818583,1.0,10,,scalar_first_exact
pg-hnsw,250000,2,w2_10,565,62.51075,1.0,10,,scalar_first_exact
pg-hnsw,250000,2,w2_10,483,62.856042,1.0,10,,scalar_first_exact
pg-hnsw,250000,2,w2_10,670,62.316458,1.0,10,,scalar_first_exact
pg-hnsw,250000,2,w2_10,763,64.753125,1.0,10,,scalar_first_exact
pg-hnsw,250000,2,w2_10,996,61.739875,1.0,10,,scalar_first_exact
pg-hnsw,250000,2,w2_10,598,62.290875,1.0,10,,scalar_first_exact
pg-hnsw,250000,2,w2_10,167,61.643667,1.0,10,,scalar_first_exact
pg-hnsw,250000,2,w2_10,588,62.426083,1.0,10,,scalar_first_exact
pg-hnsw,250000,2,w2_10,345,62.426416,1.0,10,,scalar_first_exact
pg-hnsw,250000,2,w2_10,791,61.372542,1.0,10,,scalar_first_exact
pg-hnsw,250000,2,w2_10,205,63.441041,1.0,10,,scalar_first_exact
pg-hnsw,250000,2,w2_10,759,62.222584,1.0,10,,scalar_first_exact
pg-hnsw,250000,2,w2_10,976,62.231834,1.0,10,,scalar_first_exact
pg-hnsw,250000,2,w2_10,544,62.689416,1.0,10,,scalar_first_exact
pg-hnsw,250000,2,w2_10,711,62.086916,1.0,10,,scalar_first_exact
pg-hnsw,250000,2,w2_10,814,62.171667,1.0,10,,scalar_first_exact
pg-hnsw,250000,2,w2_10,570,61.681583,1.0,10,,scalar_first_exact
pg-hnsw,250000,2,w2_10,887,63.691541,1.0,10,,scalar_first_exact
pg-hnsw,250000,2,w2_10,174,62.06775,1.0,10,,scalar_first_exact
pg-hnsw,250000,2,w2_10,769,63.945,1.0,10,,scalar_first_exact
pg-hnsw,250000,2,w2_10,546,62.321458,1.0,10,,scalar_first_exact
pg-hnsw,250000,2,w2_10,937,63.622458,1.0,10,,scalar_first_exact
pg-hnsw,250000,2,w2_10,777,65.648917,1.0,10,,scalar_first_exact
pg-hnsw,250000,2,w2_10,191,60.444125,1.0,10,,scalar_first_exact
pg-hnsw,250000,2,w2_10,689,61.912958,1.0,10,,scalar_first_exact
pg-hnsw,250000,2,w2_10,170,63.149042,1.0,10,,scalar_first_exact
pg-hnsw,250000,2,w2_10,331,63.513666,1.0,10,,scalar_first_exact
pg-hnsw,250000,2,w2_10,812,63.944708,1.0,10,,scalar_first_exact
pg-hnsw,250000,2,w2_10,107,63.199917,1.0,10,,scalar_first_exact
pg-hnsw,250000,2,w2_10,190,62.322166,1.0,10,,scalar_first_exact
pg-hnsw,250000,2,w2_10,117,63.405375,1.0,10,,scalar_first_exact
pg-hnsw,250000,2,w2_10,797,64.673417,1.0,10,,scalar_first_exact
pg-hnsw,250000,2,w2_10,941,63.416542,1.0,10,,scalar_first_exact
pg-hnsw,250000,2,w2_10,163,62.0445,1.0,10,,scalar_first_exact
pg-hnsw,250000,2,w2_10,731,61.553792,1.0,10,,scalar_first_exact
pg-hnsw,250000,2,w2_10,982,63.505375,1.0,10,,scalar_first_exact
pg-hnsw,250000,2,w2_10,415,63.115334,1.0,10,,scalar_first_exact
pg-hnsw,250000,2,w2_10,221,62.234041,1.0,10,,scalar_first_exact
pg-hnsw,250000,2,w2_10,119,61.754583,1.0,10,,scalar_first_exact
pg-hnsw,250000,2,w2_10,405,62.785666,1.0,10,,scalar_first_exact
pg-hnsw,250000,2,w2_10,526,61.177167,1.0,10,,scalar_first_exact
pg-hnsw,250000,2,w2_10,100,64.86625,1.0,10,,scalar_first_exact
pg-hnsw,250000,2,w2_10,687,62.686041,1.0,10,,scalar_first_exact
pg-hnsw,250000,2,w2_10,435,63.105542,1.0,10,,scalar_first_exact
pg-hnsw,250000,2,w2_10,879,62.058916,1.0,10,,scalar_first_exact
pg-hnsw,250000,2,w2_10,378,61.859291,1.0,10,,scalar_first_exact
pg-hnsw,250000,2,w2_10,620,64.682083,1.0,10,,scalar_first_exact
pg-hnsw,250000,2,w2_10,900,61.688958,1.0,10,,scalar_first_exact
pg-hnsw,250000,2,w2_10,465,63.730333,1.0,10,,scalar_first_exact
pg-hnsw,250000,2,w2_10,487,61.187209,1.0,10,,scalar_first_exact
pg-hnsw,250000,2,w2_10,740,64.508833,1.0,10,,scalar_first_exact
pg-hnsw,250000,2,w2_10,411,62.41475,1.0,10,,scalar_first_exact
pg-hnsw,250000,2,w2_10,626,63.969542,1.0,10,,scalar_first_exact
pg-hnsw,250000,2,w2_10,605,63.024083,1.0,10,,scalar_first_exact
pg-hnsw,250000,2,w2_10,470,62.514917,1.0,10,,scalar_first_exact
pg-hnsw,250000,2,w2_10,635,61.790958,1.0,10,,scalar_first_exact
pg-hnsw,250000,2,w2_10,506,70.4385,1.0,10,,scalar_first_exact
pg-hnsw,250000,2,w2_10,343,68.974708,1.0,10,,scalar_first_exact
pg-hnsw,250000,2,w2_10,458,69.095083,1.0,10,,scalar_first_exact
pg-hnsw,250000,2,w2_10,511,62.954709,1.0,10,,scalar_first_exact
pg-hnsw,250000,2,w2_10,105,62.927792,1.0,10,,scalar_first_exact
pg-hnsw,250000,2,w2_10,918,63.454542,1.0,10,,scalar_first_exact
pg-hnsw,250000,2,w2_10,442,62.798125,1.0,10,,scalar_first_exact
pg-hnsw,250000,2,w2_10,364,62.5535,1.0,10,,scalar_first_exact
pg-hnsw,250000,2,w2_10,194,61.602084,1.0,10,,scalar_first_exact
pg-hnsw,250000,2,w2_10,692,61.479625,1.0,10,,scalar_first_exact
pg-hnsw,250000,2,w2_10,278,63.760792,1.0,10,,scalar_first_exact
pg-hnsw,250000,2,w2_10,341,64.915333,1.0,10,,scalar_first_exact
pg-hnsw,250000,2,w2_10,853,61.967209,1.0,10,,scalar_first_exact
pg-hnsw,250000,2,w2_10,973,61.966042,1.0,10,,scalar_first_exact
pg-hnsw,250000,2,w2_10,359,63.716542,1.0,10,,scalar_first_exact
pg-hnsw,250000,2,w2_10,225,62.905042,1.0,10,,scalar_first_exact
pg-hnsw,250000,2,w2_10,484,61.731166,1.0,10,,scalar_first_exact
pg-hnsw,250000,2,w2_10,867,64.715667,1.0,10,,scalar_first_exact
pg-hnsw,250000,2,w2_10,423,61.952708,1.0,10,,scalar_first_exact
pg-hnsw,250000,2,w2_10,439,63.16825,1.0,10,,scalar_first_exact
pg-hnsw,250000,2,w2_10,684,61.226042,1.0,10,,scalar_first_exact
pg-hnsw,250000,2,w2_10,936,63.091958,1.0,10,,scalar_first_exact
pg-hnsw,250000,2,w2_10,939,63.22275,1.0,10,,scalar_first_exact
pg-hnsw,250000,2,w2_10,700,61.935292,1.0,10,,scalar_first_exact
pg-hnsw,250000,2,w2_10,881,61.732625,1.0,10,,scalar_first_exact
pg-hnsw,250000,2,w2_10,224,61.9795,1.0,10,,scalar_first_exact
pg-hnsw,250000,2,w2_10,177,62.8965,1.0,10,,scalar_first_exact
pg-hnsw,250000,2,w2_10,495,62.148875,1.0,10,,scalar_first_exact
pg-hnsw,250000,2,w2_10,474,61.683041,1.0,10,,scalar_first_exact
pg-hnsw,250000,2,w2_10,275,62.106292,1.0,10,,scalar_first_exact
pg-hnsw,250000,2,w2_10,231,61.416583,1.0,10,,scalar_first_exact
pg-hnsw,250000,2,w2_10,901,60.264334,1.0,10,,scalar_first_exact
pg-hnsw,250000,2,w2_10,303,60.989208,1.0,10,,scalar_first_exact
pg-hnsw,250000,2,w2_10,240,63.42825,1.0,10,,scalar_first_exact
pg-hnsw,250000,2,w2_10,332,64.216833,1.0,10,,scalar_first_exact
pg-hnsw,250000,2,w2_10,855,62.806292,1.0,10,,scalar_first_exact
pg-hnsw,250000,2,w2_10,111,64.734542,1.0,10,,scalar_first_exact
pg-hnsw,250000,2,w2_10,227,64.514625,1.0,10,,scalar_first_exact
pg-hnsw,250000,2,w2_10,377,62.807041,1.0,10,,scalar_first_exact
pg-hnsw,250000,2,w2_10,825,63.395583,1.0,10,,scalar_first_exact
pg-hnsw,250000,2,w2_10,197,62.724458,1.0,10,,scalar_first_exact
pg-hnsw,250000,2,w2_10,831,62.109667,1.0,10,,scalar_first_exact
pg-hnsw,250000,2,w2_10,930,64.995916,1.0,10,,scalar_first_exact
pg-hnsw,250000,2,w2_10,776,62.219084,1.0,10,,scalar_first_exact
pg-hnsw,250000,2,w2_10,350,62.852208,1.0,10,,scalar_first_exact
pg-hnsw,250000,2,w2_10,336,61.139375,1.0,10,,scalar_first_exact
pg-hnsw,250000,2,w2_10,819,65.7015,1.0,10,,scalar_first_exact
pg-hnsw,250000,2,w2_10,449,62.101167,1.0,10,,scalar_first_exact
pg-hnsw,250000,2,w2_10,202,62.043,1.0,10,,scalar_first_exact
pg-hnsw,250000,2,w2_10,328,62.593125,1.0,10,,scalar_first_exact
pg-hnsw,250000,2,w2_10,545,62.553292,1.0,10,,scalar_first_exact
pg-hnsw,250000,2,w2_10,597,62.244584,1.0,10,,scalar_first_exact
pg-hnsw,250000,2,w2_10,698,63.064416,1.0,10,,scalar_first_exact
pg-hnsw,250000,2,w2_10,355,64.194625,1.0,10,,scalar_first_exact
pg-hnsw,250000,2,w2_10,396,63.689542,1.0,10,,scalar_first_exact
pg-hnsw,250000,2,w2_10,480,62.129875,1.0,10,,scalar_first_exact
pg-hnsw,250000,2,w2_10,169,65.626417,1.0,10,,scalar_first_exact
pg-hnsw,250000,2,w2_10,707,65.641083,1.0,10,,scalar_first_exact
pg-hnsw,250000,2,w2_10,254,63.409542,1.0,10,,scalar_first_exact
pg-hnsw,250000,2,w2_10,916,62.015167,1.0,10,,scalar_first_exact
pg-hnsw,250000,2,w2_10,695,62.712584,1.0,10,,scalar_first_exact
pg-hnsw,250000,2,w2_10,932,61.484459,1.0,10,,scalar_first_exact
pg-hnsw,250000,2,w2_10,884,60.348833,1.0,10,,scalar_first_exact
pg-hnsw,250000,2,w2_10,833,60.438084,1.0,10,,scalar_first_exact
pg-hnsw,250000,2,w2_10,679,61.400417,1.0,10,,scalar_first_exact
pg-hnsw,250000,2,w2_10,409,62.612875,1.0,10,,scalar_first_exact
pg-hnsw,250000,2,w2_10,499,65.040458,1.0,10,,scalar_first_exact
pg-hnsw,250000,2,w2_10,646,62.950083,1.0,10,,scalar_first_exact
pg-hnsw,250000,2,w2_10,630,62.271875,1.0,10,,scalar_first_exact
pg-hnsw,250000,2,w2_10,681,61.026916,1.0,10,,scalar_first_exact
pg-hnsw,250000,2,w2_10,562,62.148833,1.0,10,,scalar_first_exact
pg-hnsw,250000,2,w2_10,320,61.245834,1.0,10,,scalar_first_exact
pg-hnsw,250000,2,w2_10,549,62.657625,1.0,10,,scalar_first_exact
pg-hnsw,250000,2,w2_10,804,60.754625,1.0,10,,scalar_first_exact
pg-hnsw,250000,2,w2_10,650,66.302792,1.0,10,,scalar_first_exact
pg-hnsw,250000,2,w2_10,640,62.0005,1.0,10,,scalar_first_exact
pg-hnsw,250000,2,w2_10,496,62.671,1.0,10,,scalar_first_exact
pg-hnsw,250000,2,w2_10,844,60.856375,1.0,10,,scalar_first_exact
pg-hnsw,250000,2,w2_10,406,61.017416,1.0,10,,scalar_first_exact
pg-hnsw,250000,2,w2_10,283,60.636292,1.0,10,,scalar_first_exact
pg-hnsw,250000,2,w2_10,321,61.089667,1.0,10,,scalar_first_exact
pg-hnsw,250000,2,w2_10,358,64.391583,1.0,10,,scalar_first_exact
pg-hnsw,250000,2,w2_10,794,62.302834,1.0,10,,scalar_first_exact
pg-hnsw,250000,2,w2_10,182,64.159125,1.0,10,,scalar_first_exact
pg-hnsw,250000,2,w2_10,586,62.336417,1.0,10,,scalar_first_exact
pg-hnsw,250000,2,w2_10,594,61.548958,1.0,10,,scalar_first_exact
pg-hnsw,250000,2,w2_10,823,63.164875,1.0,10,,scalar_first_exact
pg-hnsw,250000,2,w2_10,335,62.42325,1.0,10,,scalar_first_exact
pg-hnsw,250000,2,w2_10,308,62.199834,1.0,10,,scalar_first_exact
pg-hnsw,250000,2,w2_10,957,64.21275,1.0,10,,scalar_first_exact
pg-hnsw,250000,2,w2_10,307,63.010417,1.0,10,,scalar_first_exact
pg-hnsw,250000,2,w2_10,537,62.375625,1.0,10,,scalar_first_exact
pg-hnsw,250000,2,w2_10,602,62.008542,1.0,10,,scalar_first_exact
pg-hnsw,250000,2,w2_10,351,60.946958,1.0,10,,scalar_first_exact
pg-hnsw,250000,2,w2_10,623,60.07025,1.0,10,,scalar_first_exact
pg-hnsw,250000,2,w2_10,705,61.606084,1.0,10,,scalar_first_exact
pg-hnsw,250000,2,w2_10,915,61.93425,1.0,10,,scalar_first_exact
pg-hnsw,250000,2,w2_10,557,62.896917,1.0,10,,scalar_first_exact
pg-hnsw,250000,2,w2_10,210,64.174417,1.0,10,,scalar_first_exact
pg-hnsw,250000,2,w2_10,980,63.657,1.0,10,,scalar_first_exact
pg-hnsw,250000,2,w2_10,691,64.920542,1.0,10,,scalar_first_exact
pg-hnsw,250000,2,w2_10,356,67.851833,1.0,10,,scalar_first_exact
pg-hnsw,250000,2,w2_10,793,62.304542,1.0,10,,scalar_first_exact
pg-hnsw,250000,2,w2_10,148,62.246125,1.0,10,,scalar_first_exact
pg-hnsw,250000,2,w2_10,580,60.936667,1.0,10,,scalar_first_exact
pg-hnsw,250000,2,w2_10,685,62.383583,1.0,10,,scalar_first_exact
pg-hnsw,250000,2,w2_1,335,8.563042,1.0,10,,scalar_first_exact
pg-hnsw,250000,2,w2_1,674,5.291708,1.0,10,,scalar_first_exact
pg-hnsw,250000,2,w2_1,932,6.065291,1.0,10,,scalar_first_exact
pg-hnsw,250000,2,w2_1,612,3.569375,1.0,10,,scalar_first_exact
pg-hnsw,250000,2,w2_1,183,5.466375,1.0,10,,scalar_first_exact
pg-hnsw,250000,2,w2_1,280,9.524667,1.0,10,,scalar_first_exact
pg-hnsw,250000,2,w2_1,584,6.89725,1.0,10,,scalar_first_exact
pg-hnsw,250000,2,w2_1,658,6.086708,1.0,10,,scalar_first_exact
pg-hnsw,250000,2,w2_1,880,5.187041,1.0,10,,scalar_first_exact
pg-hnsw,250000,2,w2_1,983,5.537916,1.0,10,,scalar_first_exact
pg-hnsw,250000,2,w2_1,207,5.820125,1.0,10,,scalar_first_exact
pg-hnsw,250000,2,w2_1,616,5.977959,1.0,10,,scalar_first_exact
pg-hnsw,250000,2,w2_1,564,5.57625,1.0,10,,scalar_first_exact
pg-hnsw,250000,2,w2_1,359,5.824083,1.0,10,,scalar_first_exact
pg-hnsw,250000,2,w2_1,170,5.843,1.0,10,,scalar_first_exact
pg-hnsw,250000,2,w2_1,811,5.295625,1.0,10,,scalar_first_exact
pg-hnsw,250000,2,w2_1,726,5.489334,1.0,10,,scalar_first_exact
pg-hnsw,250000,2,w2_1,818,5.876,1.0,10,,scalar_first_exact
pg-hnsw,250000,2,w2_1,881,5.685375,1.0,10,,scalar_first_exact
pg-hnsw,250000,2,w2_1,646,5.356833,1.0,10,,scalar_first_exact
pg-hnsw,250000,2,w2_1,162,5.78725,1.0,10,,scalar_first_exact
pg-hnsw,250000,2,w2_1,861,5.364917,1.0,10,,scalar_first_exact
pg-hnsw,250000,2,w2_1,292,5.344708,1.0,10,,scalar_first_exact
pg-hnsw,250000,2,w2_1,592,7.870458,1.0,10,,scalar_first_exact
pg-hnsw,250000,2,w2_1,538,5.258625,1.0,10,,scalar_first_exact
pg-hnsw,250000,2,w2_1,875,5.316875,1.0,10,,scalar_first_exact
pg-hnsw,250000,2,w2_1,925,6.343875,1.0,10,,scalar_first_exact
pg-hnsw,250000,2,w2_1,535,5.731625,1.0,10,,scalar_first_exact
pg-hnsw,250000,2,w2_1,362,6.124792,1.0,10,,scalar_first_exact
pg-hnsw,250000,2,w2_1,879,5.442583,1.0,10,,scalar_first_exact
pg-hnsw,250000,2,w2_1,542,5.520291,1.0,10,,scalar_first_exact
pg-hnsw,250000,2,w2_1,330,5.485709,1.0,10,,scalar_first_exact
pg-hnsw,250000,2,w2_1,891,6.643916,1.0,10,,scalar_first_exact
pg-hnsw,250000,2,w2_1,849,6.050333,1.0,10,,scalar_first_exact
pg-hnsw,250000,2,w2_1,221,5.909542,1.0,10,,scalar_first_exact
pg-hnsw,250000,2,w2_1,635,5.788708,1.0,10,,scalar_first_exact
pg-hnsw,250000,2,w2_1,931,6.1625,1.0,10,,scalar_first_exact
pg-hnsw,250000,2,w2_1,759,6.474667,1.0,10,,scalar_first_exact
pg-hnsw,250000,2,w2_1,391,6.342208,1.0,10,,scalar_first_exact
pg-hnsw,250000,2,w2_1,122,5.85375,1.0,10,,scalar_first_exact
pg-hnsw,250000,2,w2_1,420,9.618834,1.0,10,,scalar_first_exact
pg-hnsw,250000,2,w2_1,740,5.32775,1.0,10,,scalar_first_exact
pg-hnsw,250000,2,w2_1,753,6.165625,1.0,10,,scalar_first_exact
pg-hnsw,250000,2,w2_1,449,6.186958,1.0,10,,scalar_first_exact
pg-hnsw,250000,2,w2_1,160,6.014166,1.0,10,,scalar_first_exact
pg-hnsw,250000,2,w2_1,735,6.271833,1.0,10,,scalar_first_exact
pg-hnsw,250000,2,w2_1,515,6.314791,1.0,10,,scalar_first_exact
pg-hnsw,250000,2,w2_1,397,6.73225,1.0,10,,scalar_first_exact
pg-hnsw,250000,2,w2_1,202,6.883,1.0,10,,scalar_first_exact
pg-hnsw,250000,2,w2_1,227,6.325875,1.0,10,,scalar_first_exact
pg-hnsw,250000,2,w2_1,474,8.974208,1.0,10,,scalar_first_exact
pg-hnsw,250000,2,w2_1,129,6.323167,1.0,10,,scalar_first_exact
pg-hnsw,250000,2,w2_1,444,6.230209,1.0,10,,scalar_first_exact
pg-hnsw,250000,2,w2_1,503,5.632667,1.0,10,,scalar_first_exact
pg-hnsw,250000,2,w2_1,154,5.609667,1.0,10,,scalar_first_exact
pg-hnsw,250000,2,w2_1,992,9.419417,1.0,10,,scalar_first_exact
pg-hnsw,250000,2,w2_1,706,6.21025,1.0,10,,scalar_first_exact
pg-hnsw,250000,2,w2_1,245,6.353583,1.0,10,,scalar_first_exact
pg-hnsw,250000,2,w2_1,757,6.891958,1.0,10,,scalar_first_exact
pg-hnsw,250000,2,w2_1,331,5.425167,1.0,10,,scalar_first_exact
pg-hnsw,250000,2,w2_1,319,6.865958,1.0,10,,scalar_first_exact
pg-hnsw,250000,2,w2_1,776,6.633083,1.0,10,,scalar_first_exact
pg-hnsw,250000,2,w2_1,353,6.214667,1.0,10,,scalar_first_exact
pg-hnsw,250000,2,w2_1,704,5.545209,1.0,10,,scalar_first_exact
pg-hnsw,250000,2,w2_1,581,5.916708,1.0,10,,scalar_first_exact
pg-hnsw,250000,2,w2_1,413,6.532834,1.0,10,,scalar_first_exact
pg-hnsw,250000,2,w2_1,667,6.085583,1.0,10,,scalar_first_exact
pg-hnsw,250000,2,w2_1,125,5.774125,1.0,10,,scalar_first_exact
pg-hnsw,250000,2,w2_1,151,5.96325,1.0,10,,scalar_first_exact
pg-hnsw,250000,2,w2_1,805,11.266458,1.0,10,,scalar_first_exact
pg-hnsw,250000,2,w2_1,652,6.488459,1.0,10,,scalar_first_exact
pg-hnsw,250000,2,w2_1,516,6.278625,1.0,10,,scalar_first_exact
pg-hnsw,250000,2,w2_1,739,6.287209,1.0,10,,scalar_first_exact
pg-hnsw,250000,2,w2_1,386,6.453041,1.0,10,,scalar_first_exact
pg-hnsw,250000,2,w2_1,758,5.67375,1.0,10,,scalar_first_exact
pg-hnsw,250000,2,w2_1,681,6.132583,1.0,10,,scalar_first_exact
pg-hnsw,250000,2,w2_1,678,5.715833,1.0,10,,scalar_first_exact
pg-hnsw,250000,2,w2_1,455,5.264792,1.0,10,,scalar_first_exact
pg-hnsw,250000,2,w2_1,935,7.213,1.0,10,,scalar_first_exact
pg-hnsw,250000,2,w2_1,396,7.932292,1.0,10,,scalar_first_exact
pg-hnsw,250000,2,w2_1,904,9.331375,1.0,10,,scalar_first_exact
pg-hnsw,250000,2,w2_1,970,5.689625,1.0,10,,scalar_first_exact
pg-hnsw,250000,2,w2_1,393,6.276792,1.0,10,,scalar_first_exact
pg-hnsw,250000,2,w2_1,599,5.584833,1.0,10,,scalar_first_exact
pg-hnsw,250000,2,w2_1,527,5.582416,1.0,10,,scalar_first_exact
pg-hnsw,250000,2,w2_1,804,6.173333,1.0,10,,scalar_first_exact
pg-hnsw,250000,2,w2_1,512,5.131875,1.0,10,,scalar_first_exact
pg-hnsw,250000,2,w2_1,506,6.767209,1.0,10,,scalar_first_exact
pg-hnsw,250000,2,w2_1,639,8.951333,1.0,10,,scalar_first_exact
pg-hnsw,250000,2,w2_1,201,6.027667,1.0,10,,scalar_first_exact
pg-hnsw,250000,2,w2_1,288,9.020584,1.0,10,,scalar_first_exact
pg-hnsw,250000,2,w2_1,305,8.711875,1.0,10,,scalar_first_exact
pg-hnsw,250000,2,w2_1,600,6.409,1.0,10,,scalar_first_exact
pg-hnsw,250000,2,w2_1,996,5.722042,1.0,10,,scalar_first_exact
pg-hnsw,250000,2,w2_1,380,5.130542,1.0,10,,scalar_first_exact
pg-hnsw,250000,2,w2_1,817,6.063667,1.0,10,,scalar_first_exact
pg-hnsw,250000,2,w2_1,346,6.609875,1.0,10,,scalar_first_exact
pg-hnsw,250000,2,w2_1,854,6.001834,1.0,10,,scalar_first_exact
pg-hnsw,250000,2,w2_1,348,5.814083,1.0,10,,scalar_first_exact
pg-hnsw,250000,2,w2_1,899,8.077542,1.0,10,,scalar_first_exact
pg-hnsw,250000,2,w2_1,883,6.024375,1.0,10,,scalar_first_exact
pg-hnsw,250000,2,w2_1,241,5.794542,1.0,10,,scalar_first_exact
pg-hnsw,250000,2,w2_1,509,5.4435,1.0,10,,scalar_first_exact
pg-hnsw,250000,2,w2_1,282,6.190834,1.0,10,,scalar_first_exact
pg-hnsw,250000,2,w2_1,354,6.168458,1.0,10,,scalar_first_exact
pg-hnsw,250000,2,w2_1,566,10.790791,1.0,10,,scalar_first_exact
pg-hnsw,250000,2,w2_1,604,9.58575,1.0,10,,scalar_first_exact
pg-hnsw,250000,2,w2_1,588,6.387541,1.0,10,,scalar_first_exact
pg-hnsw,250000,2,w2_1,732,8.749959,1.0,10,,scalar_first_exact
pg-hnsw,250000,2,w2_1,253,5.997417,1.0,10,,scalar_first_exact
pg-hnsw,250000,2,w2_1,384,4.998667,1.0,10,,scalar_first_exact
pg-hnsw,250000,2,w2_1,149,6.403875,1.0,10,,scalar_first_exact
pg-hnsw,250000,2,w2_1,836,5.589708,1.0,10,,scalar_first_exact
pg-hnsw,250000,2,w2_1,410,5.523125,1.0,10,,scalar_first_exact
pg-hnsw,250000,2,w2_1,920,5.493125,1.0,10,,scalar_first_exact
pg-hnsw,250000,2,w2_1,744,6.538542,1.0,10,,scalar_first_exact
pg-hnsw,250000,2,w2_1,412,5.682292,1.0,10,,scalar_first_exact
pg-hnsw,250000,2,w2_1,579,5.929,1.0,10,,scalar_first_exact
pg-hnsw,250000,2,w2_1,246,5.982292,1.0,10,,scalar_first_exact
pg-hnsw,250000,2,w2_1,219,5.710167,1.0,10,,scalar_first_exact
pg-hnsw,250000,2,w2_1,851,5.9645,1.0,10,,scalar_first_exact
pg-hnsw,250000,2,w2_1,389,6.896958,1.0,10,,scalar_first_exact
pg-hnsw,250000,2,w2_1,679,5.557375,1.0,10,,scalar_first_exact
pg-hnsw,250000,2,w2_1,431,6.417792,1.0,10,,scalar_first_exact
pg-hnsw,250000,2,w2_1,342,6.872041,1.0,10,,scalar_first_exact
pg-hnsw,250000,2,w2_1,788,8.616625,1.0,10,,scalar_first_exact
pg-hnsw,250000,2,w2_1,273,5.787792,1.0,10,,scalar_first_exact
pg-hnsw,250000,2,w2_1,236,6.118166,1.0,10,,scalar_first_exact
pg-hnsw,250000,2,w2_1,265,6.006375,1.0,10,,scalar_first_exact
pg-hnsw,250000,2,w2_1,722,5.27875,1.0,10,,scalar_first_exact
pg-hnsw,250000,2,w2_1,908,8.151458,1.0,10,,scalar_first_exact
pg-hnsw,250000,2,w2_1,630,5.51375,1.0,10,,scalar_first_exact
pg-hnsw,250000,2,w2_1,928,6.387166,1.0,10,,scalar_first_exact
pg-hnsw,250000,2,w2_1,368,5.974458,1.0,10,,scalar_first_exact
pg-hnsw,250000,2,w2_1,715,5.300833,1.0,10,,scalar_first_exact
pg-hnsw,250000,2,w2_1,546,6.575166,1.0,10,,scalar_first_exact
pg-hnsw,250000,2,w2_1,651,6.046958,1.0,10,,scalar_first_exact
pg-hnsw,250000,2,w2_1,439,5.961833,1.0,10,,scalar_first_exact
pg-hnsw,250000,2,w2_1,102,5.895584,1.0,10,,scalar_first_exact
pg-hnsw,250000,2,w2_1,473,7.82725,1.0,10,,scalar_first_exact
pg-hnsw,250000,2,w2_1,730,9.210042,1.0,10,,scalar_first_exact
pg-hnsw,250000,2,w2_1,487,9.032959,1.0,10,,scalar_first_exact
pg-hnsw,250000,2,w2_1,329,6.538709,1.0,10,,scalar_first_exact
pg-hnsw,250000,2,w2_1,627,6.134708,1.0,10,,scalar_first_exact
pg-hnsw,250000,2,w2_1,761,6.212167,1.0,10,,scalar_first_exact
pg-hnsw,250000,2,w2_1,989,5.029542,1.0,10,,scalar_first_exact
pg-hnsw,250000,2,w2_1,409,6.198875,1.0,10,,scalar_first_exact
pg-hnsw,250000,2,w2_1,632,5.5375,1.0,10,,scalar_first_exact
pg-hnsw,250000,2,w2_1,438,5.301166,1.0,10,,scalar_first_exact
pg-hnsw,250000,2,w2_1,235,5.25375,1.0,10,,scalar_first_exact
pg-hnsw,250000,2,w2_1,827,5.878084,1.0,10,,scalar_first_exact
pg-hnsw,250000,2,w2_1,448,5.344583,1.0,10,,scalar_first_exact
pg-hnsw,250000,2,w2_1,419,6.069917,1.0,10,,scalar_first_exact
pg-hnsw,250000,2,w2_1,497,8.128167,1.0,10,,scalar_first_exact
pg-hnsw,250000,2,w2_1,255,8.640292,1.0,10,,scalar_first_exact
pg-hnsw,250000,2,w2_1,210,5.958084,1.0,10,,scalar_first_exact
pg-hnsw,250000,2,w2_1,418,5.731833,1.0,10,,scalar_first_exact
pg-hnsw,250000,2,w2_1,882,6.431917,1.0,10,,scalar_first_exact
pg-hnsw,250000,2,w2_1,424,5.786083,1.0,10,,scalar_first_exact
pg-hnsw,250000,2,w2_1,440,5.556417,1.0,10,,scalar_first_exact
pg-hnsw,250000,2,w2_1,980,5.378708,1.0,10,,scalar_first_exact
pg-hnsw,250000,2,w2_1,137,8.502084,1.0,10,,scalar_first_exact
pg-hnsw,250000,2,w2_1,641,5.447083,1.0,10,,scalar_first_exact
pg-hnsw,250000,2,w2_1,428,5.857,1.0,10,,scalar_first_exact
pg-hnsw,250000,2,w2_1,370,5.483959,1.0,10,,scalar_first_exact
pg-hnsw,250000,2,w2_1,540,5.590667,1.0,10,,scalar_first_exact
pg-hnsw,250000,2,w2_1,835,6.77675,1.0,10,,scalar_first_exact
pg-hnsw,250000,2,w2_1,906,6.091416,1.0,10,,scalar_first_exact
pg-hnsw,250000,2,w2_1,445,5.976375,1.0,10,,scalar_first_exact
pg-hnsw,250000,2,w2_1,689,6.802917,1.0,10,,scalar_first_exact
pg-hnsw,250000,2,w2_1,402,5.362958,1.0,10,,scalar_first_exact
pg-hnsw,250000,2,w2_1,701,5.333916,1.0,10,,scalar_first_exact
pg-hnsw,250000,2,w2_1,112,5.645834,1.0,10,,scalar_first_exact
pg-hnsw,250000,2,w2_1,400,5.538083,1.0,10,,scalar_first_exact
pg-hnsw,250000,2,w2_1,517,6.522459,1.0,10,,scalar_first_exact
pg-hnsw,250000,2,w2_1,887,5.434458,1.0,10,,scalar_first_exact
pg-hnsw,250000,2,w2_1,585,9.624417,1.0,10,,scalar_first_exact
pg-hnsw,250000,2,w2_1,511,5.793875,1.0,10,,scalar_first_exact
pg-hnsw,250000,2,w2_1,423,6.120792,1.0,10,,scalar_first_exact
pg-hnsw,250000,2,w2_1,234,6.262625,1.0,10,,scalar_first_exact
pg-hnsw,250000,2,w2_1,644,7.945167,1.0,10,,scalar_first_exact
pg-hnsw,250000,2,w2_1,274,5.861625,1.0,10,,scalar_first_exact
pg-hnsw,250000,2,w2_1,178,6.702291,1.0,10,,scalar_first_exact
pg-hnsw,250000,2,w2_1,778,6.085958,1.0,10,,scalar_first_exact
pg-hnsw,250000,2,w2_1,242,5.669583,1.0,10,,scalar_first_exact
pg-hnsw,250000,2,w2_1,244,6.230417,1.0,10,,scalar_first_exact
pg-hnsw,250000,2,w2_1,530,6.755208,1.0,10,,scalar_first_exact
pg-hnsw,250000,2,w2_1,892,9.776125,1.0,10,,scalar_first_exact
pg-hnsw,250000,2,w2_1,565,6.469958,1.0,10,,scalar_first_exact
pg-hnsw,250000,2,w2_1,869,5.90075,1.0,10,,scalar_first_exact
pg-hnsw,250000,2,w2_1,682,5.556083,1.0,10,,scalar_first_exact
pg-hnsw,250000,2,w2_1,951,6.604709,1.0,10,,scalar_first_exact
pg-hnsw,250000,2,w2_1,696,5.322667,1.0,10,,scalar_first_exact
pg-hnsw,250000,2,w2_1,987,5.57075,1.0,10,,scalar_first_exact
pg-hnsw,250000,2,w2_1,372,7.298208,1.0,10,,scalar_first_exact
pg-hnsw,250000,2,w2_1,743,7.193958,1.0,10,,scalar_first_exact
pg-hnsw,250000,2,w2_1,286,5.65725,1.0,10,,scalar_first_exact
pg-hnsw,250000,2,w2_1,385,7.704375,1.0,10,,scalar_first_exact
pg-hnsw,250000,2,w2_1,712,5.553458,1.0,10,,scalar_first_exact
pg-hnsw,250000,2,w2_1,432,5.202209,1.0,10,,scalar_first_exact
pg-hnsw,250000,2,w2_1,375,5.760792,1.0,10,,scalar_first_exact
pg-hnsw,250000,2,w2_1,276,5.89925,1.0,10,,scalar_first_exact
pg-hnsw,250000,2,w2_1,171,5.858542,1.0,10,,scalar_first_exact
pg-hnsw,250000,2,w2_1,144,8.906709,1.0,10,,scalar_first_exact
pg-hnsw,250000,2,w2_1,574,6.104333,1.0,10,,scalar_first_exact
pg-hnsw,250000,2,w2_1,838,8.87375,1.0,10,,scalar_first_exact
pg-hnsw,250000,2,w2_1,832,5.208917,1.0,10,,scalar_first_exact
pg-hnsw,250000,2,w2_1,451,6.111459,1.0,10,,scalar_first_exact
pg-hnsw,250000,2,w2_1,179,5.414833,1.0,10,,scalar_first_exact
pg-hnsw,250000,2,w2_1,724,5.371916,1.0,10,,scalar_first_exact
pg-hnsw,250000,2,w2_1,878,5.453667,1.0,10,,scalar_first_exact
pg-hnsw,250000,2,w2_1,690,5.625625,1.0,10,,scalar_first_exact
pg-hnsw,250000,2,w2_1,860,7.618458,1.0,10,,scalar_first_exact
pg-hnsw,250000,2,w2_1,791,5.807375,1.0,10,,scalar_first_exact
pg-hnsw,250000,2,w2_1,395,5.320208,1.0,10,,scalar_first_exact
pg-hnsw,250000,2,w2_1,187,6.564375,1.0,10,,scalar_first_exact
pg-hnsw,250000,2,w2_1,344,8.97625,1.0,10,,scalar_first_exact
pg-hnsw,250000,2,w2_1,101,8.74925,1.0,10,,scalar_first_exact
pg-hnsw,250000,2,w2_1,901,8.04125,1.0,10,,scalar_first_exact
pg-hnsw,250000,2,w2_1,317,6.255208,1.0,10,,scalar_first_exact
pg-hnsw,250000,2,w2_1,923,5.873375,1.0,10,,scalar_first_exact
pg-hnsw,250000,2,w2_1,366,5.68875,1.0,10,,scalar_first_exact
pg-hnsw,250000,2,w2_1,844,5.582959,1.0,10,,scalar_first_exact
pg-hnsw,250000,2,w2_1,905,6.124209,1.0,10,,scalar_first_exact
pg-hnsw,250000,2,w2_1,708,5.597166,1.0,10,,scalar_first_exact
pg-hnsw,250000,2,w2_1,302,5.989416,1.0,10,,scalar_first_exact
pg-hnsw,250000,2,w2_1,966,6.873041,1.0,10,,scalar_first_exact
pg-hnsw,250000,2,w2_1,997,6.058459,1.0,10,,scalar_first_exact
pg-hnsw,250000,2,w2_1,211,6.236625,1.0,10,,scalar_first_exact
pg-hnsw,250000,2,w2_1,307,5.972,1.0,10,,scalar_first_exact
pg-hnsw,250000,2,w2_1,942,10.81625,1.0,10,,scalar_first_exact
pg-hnsw,250000,2,w2_1,575,6.786,1.0,10,,scalar_first_exact
pg-hnsw,250000,2,w2_1,488,5.8265,1.0,10,,scalar_first_exact
pg-hnsw,250000,2,w2_1,471,6.242833,1.0,10,,scalar_first_exact
pg-hnsw,250000,2,w2_1,266,6.035334,1.0,10,,scalar_first_exact
pg-hnsw,250000,2,w2_1,447,7.531667,1.0,10,,scalar_first_exact
pg-hnsw,250000,2,w2_1,703,5.903,1.0,10,,scalar_first_exact
pg-hnsw,250000,2,w2_1,525,6.444791,1.0,10,,scalar_first_exact
pg-hnsw,250000,2,w2_1,464,5.259625,1.0,10,,scalar_first_exact
pg-hnsw,250000,2,w2_1,633,6.357292,1.0,10,,scalar_first_exact
pg-hnsw,250000,2,w2_1,481,5.320125,1.0,10,,scalar_first_exact
pg-hnsw,250000,2,w2_1,969,6.237834,1.0,10,,scalar_first_exact
pg-hnsw,250000,2,w2_1,536,5.759333,1.0,10,,scalar_first_exact
pg-hnsw,250000,2,w2_1,866,6.29925,1.0,10,,scalar_first_exact
pg-hnsw,250000,2,w2_1,539,5.397208,1.0,10,,scalar_first_exact
pg-hnsw,250000,2,w2_1,463,5.649625,1.0,10,,scalar_first_exact
pg-hnsw,250000,2,w2_1,498,6.397917,1.0,10,,scalar_first_exact
pg-hnsw,250000,2,w2_1,321,5.6085,1.0,10,,scalar_first_exact
pg-hnsw,250000,2,w2_1,605,9.372333,1.0,10,,scalar_first_exact
pg-hnsw,250000,2,w2_1,387,7.282958,1.0,10,,scalar_first_exact
pg-hnsw,250000,2,w2_1,316,5.9475,1.0,10,,scalar_first_exact
pg-hnsw,250000,2,w2_1,261,5.804916,1.0,10,,scalar_first_exact
pg-hnsw,250000,2,w2_1,930,6.01325,1.0,10,,scalar_first_exact
pg-hnsw,250000,2,w2_1,917,6.793875,1.0,10,,scalar_first_exact
pg-hnsw,250000,2,w2_1,834,6.153,1.0,10,,scalar_first_exact
pg-hnsw,250000,2,w2_1,998,5.565458,1.0,10,,scalar_first_exact
pg-hnsw,250000,2,w2_1,845,6.21825,1.0,10,,scalar_first_exact
pg-hnsw,250000,2,w2_1,524,5.918875,1.0,10,,scalar_first_exact
pg-hnsw,250000,2,w2_1,225,10.455916,1.0,10,,scalar_first_exact
pg-hnsw,250000,2,w2_1,167,8.209667,1.0,10,,scalar_first_exact
pg-hnsw,250000,2,w2_1,894,5.473542,1.0,10,,scalar_first_exact
pg-hnsw,250000,2,w2_1,716,5.859042,1.0,10,,scalar_first_exact
pg-hnsw,250000,2,w2_1,773,6.285458,1.0,10,,scalar_first_exact
pg-hnsw,250000,2,w2_1,304,5.401083,1.0,10,,scalar_first_exact
pg-hnsw,250000,2,w2_1,808,6.17575,1.0,10,,scalar_first_exact
pg-hnsw,250000,2,w2_1,196,5.875917,1.0,10,,scalar_first_exact
pg-hnsw,250000,2,w2_1,454,6.610459,1.0,10,,scalar_first_exact
pg-hnsw,250000,2,w2_1,714,5.384792,1.0,10,,scalar_first_exact
pg-hnsw,250000,2,w2_1,950,5.504875,1.0,10,,scalar_first_exact
pg-hnsw,250000,2,w2_1,531,6.386084,1.0,10,,scalar_first_exact
pg-hnsw,250000,2,w2_1,700,9.00225,1.0,10,,scalar_first_exact
pg-hnsw,250000,2,w2_1,284,5.875167,1.0,10,,scalar_first_exact
pg-hnsw,250000,2,w2_1,442,5.891458,1.0,10,,scalar_first_exact
pg-hnsw,250000,2,w2_1,373,5.525125,1.0,10,,scalar_first_exact
pg-hnsw,250000,2,w2_1,453,6.0085,1.0,10,,scalar_first_exact
pg-hnsw,250000,2,w2_1,146,5.656709,1.0,10,,scalar_first_exact
pg-hnsw,250000,2,w2_1,141,5.654625,1.0,10,,scalar_first_exact
pg-hnsw,250000,2,w2_1,510,6.644584,1.0,10,,scalar_first_exact
pg-hnsw,250000,2,w2_1,334,6.208167,1.0,10,,scalar_first_exact
pg-hnsw,250000,2,w2_1,248,6.406708,1.0,10,,scalar_first_exact
pg-hnsw,250000,2,w2_1,105,6.054583,1.0,10,,scalar_first_exact
pg-hnsw,250000,2,w2_1,128,6.016916,1.0,10,,scalar_first_exact
pg-hnsw,250000,2,w2_1,937,6.201583,1.0,10,,scalar_first_exact
pg-hnsw,250000,2,w2_1,855,5.833084,1.0,10,,scalar_first_exact
pg-hnsw,250000,2,w2_1,941,5.49775,1.0,10,,scalar_first_exact
pg-hnsw,250000,2,w2_1,505,5.710792,1.0,10,,scalar_first_exact
pg-hnsw,250000,2,w2_1,841,6.120583,1.0,10,,scalar_first_exact
pg-hnsw,250000,2,w2_1,483,5.481292,1.0,10,,scalar_first_exact
pg-hnsw,250000,2,w2_1,727,5.677458,1.0,10,,scalar_first_exact
pg-hnsw,250000,2,w2_1,484,6.157958,1.0,10,,scalar_first_exact
pg-hnsw,250000,2,w2_1,318,6.096417,1.0,10,,scalar_first_exact
pg-hnsw,250000,2,w2_1,576,6.657459,1.0,10,,scalar_first_exact
pg-hnsw,250000,2,w2_1,900,6.075792,1.0,10,,scalar_first_exact
pg-hnsw,250000,2,w2_1,993,6.017292,1.0,10,,scalar_first_exact
pg-hnsw,250000,2,w2_1,279,6.022916,1.0,10,,scalar_first_exact
pg-hnsw,250000,2,w2_1,699,5.534791,1.0,10,,scalar_first_exact
pg-hnsw,250000,2,w2_1,833,6.107334,1.0,10,,scalar_first_exact
pg-hnsw,250000,2,w2_1,508,6.197958,1.0,10,,scalar_first_exact
pg-hnsw,250000,2,w2_1,960,5.399208,1.0,10,,scalar_first_exact
pg-hnsw,250000,2,w2_1,848,6.375959,1.0,10,,scalar_first_exact
pg-hnsw,250000,2,w2_1,709,8.941458,1.0,10,,scalar_first_exact
pg-hnsw,250000,2,w2_1,666,6.230209,1.0,10,,scalar_first_exact
pg-hnsw,250000,2,w2_1,425,7.230625,1.0,10,,scalar_first_exact
pg-hnsw,250000,2,w2_1,437,5.91075,1.0,10,,scalar_first_exact
pg-hnsw,250000,2,w2_1,620,5.602875,1.0,10,,scalar_first_exact
pg-hnsw,250000,2,w2_1,134,6.313125,1.0,10,,scalar_first_exact
pg-hnsw,250000,2,w2_1,847,8.059375,1.0,10,,scalar_first_exact
pg-hnsw,250000,2,w2_1,267,8.092417,1.0,10,,scalar_first_exact
pg-hnsw,250000,2,w2_1,741,9.68875,1.0,10,,scalar_first_exact
pg-hnsw,250000,2,w2_1,608,7.999125,1.0,10,,scalar_first_exact
pg-hnsw,250000,2,w2_1,840,5.611292,1.0,10,,scalar_first_exact
pg-hnsw,250000,2,w2_1,823,5.351042,1.0,10,,scalar_first_exact
pg-hnsw,250000,2,w2_1,956,5.719708,1.0,10,,scalar_first_exact
pg-hnsw,250000,2,w2_1,955,5.605792,1.0,10,,scalar_first_exact
pg-hnsw,250000,2,w2_1,226,9.65175,1.0,10,,scalar_first_exact
pg-hnsw,250000,2,w2_1,177,5.646375,1.0,10,,scalar_first_exact
pg-hnsw,250000,2,w2_1,157,5.660625,1.0,10,,scalar_first_exact
pg-hnsw,250000,2,w2_1,659,5.704,1.0,10,,scalar_first_exact
pg-hnsw,250000,2,w2_1,867,5.887792,1.0,10,,scalar_first_exact
pg-hnsw,250000,2,w2_1,205,6.174042,1.0,10,,scalar_first_exact
pg-hnsw,250000,2,w2_1,660,6.125417,1.0,10,,scalar_first_exact
pg-hnsw,250000,2,w2_1,388,5.563041,1.0,10,,scalar_first_exact
pg-hnsw,250000,2,w2_1,379,5.245,1.0,10,,scalar_first_exact
pg-hnsw,250000,2,w2_1,858,5.337083,1.0,10,,scalar_first_exact
pg-hnsw,250000,2,w2_1,341,5.359958,1.0,10,,scalar_first_exact
pg-hnsw,250000,2,w2_1,426,5.610542,1.0,10,,scalar_first_exact
pg-hnsw,250000,2,w2_1,460,5.202417,1.0,10,,scalar_first_exact
pg-hnsw,250000,2,w2_1,963,5.905333,1.0,10,,scalar_first_exact
pg-hnsw,250000,2,w2_1,810,5.362792,1.0,10,,scalar_first_exact
pg-hnsw,250000,2,w2_1,166,5.296916,1.0,10,,scalar_first_exact
pg-hnsw,250000,2,w2_1,625,6.339,1.0,10,,scalar_first_exact
pg-hnsw,250000,2,w2_1,973,5.39225,1.0,10,,scalar_first_exact
pg-hnsw,250000,2,w2_1,135,5.4215,1.0,10,,scalar_first_exact
pg-hnsw,250000,2,w2_1,877,6.256084,1.0,10,,scalar_first_exact
pg-hnsw,250000,2,w2_1,436,5.341,1.0,10,,scalar_first_exact
pg-hnsw,250000,2,w2_1,793,5.649042,1.0,10,,scalar_first_exact
pg-hnsw,250000,2,w2_1,217,6.568333,1.0,10,,scalar_first_exact
pg-hnsw,250000,2,w2_1,470,5.833541,1.0,10,,scalar_first_exact
pg-hnsw,250000,2,w2_1,127,5.881416,1.0,10,,scalar_first_exact
pg-hnsw,250000,2,w2_1,953,5.79975,1.0,10,,scalar_first_exact
pg-hnsw,250000,2,w2_1,233,4.411958,1.0,10,,scalar_first_exact
pg-hnsw,250000,2,w2_1,777,6.567125,1.0,10,,scalar_first_exact
pg-hnsw,250000,2,w2_1,192,5.346042,1.0,10,,scalar_first_exact
pg-hnsw,250000,2,w2_1,326,5.907125,1.0,10,,scalar_first_exact
pg-hnsw,250000,2,w2_1,407,6.539875,1.0,10,,scalar_first_exact
pg-hnsw,250000,2,w2_1,174,6.499917,1.0,10,,scalar_first_exact
pg-hnsw,250000,2,w2_1,693,5.891291,1.0,10,,scalar_first_exact
pg-hnsw,250000,2,w2_1,952,5.998333,1.0,10,,scalar_first_exact
pg-hnsw,250000,2,w2_1,927,6.171667,1.0,10,,scalar_first_exact
pg-hnsw,250000,2,w2_1,408,6.639875,1.0,10,,scalar_first_exact
pg-hnsw,250000,2,w2_1,961,5.415167,1.0,10,,scalar_first_exact
pg-hnsw,250000,2,w2_1,548,6.380792,1.0,10,,scalar_first_exact
pg-hnsw,250000,2,w2_1,618,5.594375,1.0,10,,scalar_first_exact
pg-hnsw,250000,2,w2_1,597,6.31525,1.0,10,,scalar_first_exact
pg-hnsw,250000,2,w2_1,467,5.755416,1.0,10,,scalar_first_exact
pg-hnsw,250000,2,w2_1,126,5.295208,1.0,10,,scalar_first_exact
pg-hnsw,250000,2,w2_1,792,5.389708,1.0,10,,scalar_first_exact
pg-hnsw,250000,2,w2_1,910,6.589792,1.0,10,,scalar_first_exact
pg-hnsw,250000,2,w2_1,648,5.927875,1.0,10,,scalar_first_exact
pg-hnsw,250000,2,w2_1,621,5.848709,1.0,10,,scalar_first_exact
pg-hnsw,250000,2,w2_1,212,5.342458,1.0,10,,scalar_first_exact
pg-hnsw,250000,2,w2_1,216,6.04225,1.0,10,,scalar_first_exact
pg-hnsw,250000,2,w2_1,671,5.964041,1.0,10,,scalar_first_exact
pg-hnsw,250000,2,w2_1,830,6.201667,1.0,10,,scalar_first_exact
pg-hnsw,250000,2,w2_1,824,6.805334,1.0,10,,scalar_first_exact
pg-hnsw,250000,2,w2_1,200,6.291917,1.0,10,,scalar_first_exact
pg-hnsw,250000,2,w2_1,206,7.687041,1.0,10,,scalar_first_exact
pg-hnsw,250000,2,w2_1,914,5.476041,1.0,10,,scalar_first_exact
pg-hnsw,250000,2,w2_1,477,6.069166,1.0,10,,scalar_first_exact
pg-hnsw,250000,2,w2_1,298,6.1715,1.0,10,,scalar_first_exact
pg-hnsw,250000,2,w2_1,220,5.01475,1.0,10,,scalar_first_exact
pg-hnsw,250000,2,w2_1,783,5.901125,1.0,10,,scalar_first_exact
pg-hnsw,250000,2,w2_1,176,6.033458,1.0,10,,scalar_first_exact
pg-hnsw,250000,2,w2_1,856,5.893,1.0,10,,scalar_first_exact
pg-hnsw,250000,2,w2_1,796,5.597417,1.0,10,,scalar_first_exact
pg-hnsw,250000,2,w2_1,323,5.013583,1.0,10,,scalar_first_exact
pg-hnsw,250000,2,w2_1,636,6.244125,1.0,10,,scalar_first_exact
pg-hnsw,250000,2,w2_1,995,5.435708,1.0,10,,scalar_first_exact
pg-hnsw,250000,2,w2_1,184,6.707417,1.0,10,,scalar_first_exact
pg-hnsw,250000,2,w2_1,569,5.8055,1.0,10,,scalar_first_exact
pg-hnsw,250000,2,w2_1,594,6.01825,1.0,10,,scalar_first_exact
pg-hnsw,250000,2,w2_1,893,6.101583,1.0,10,,scalar_first_exact
pg-hnsw,250000,2,w2_1,104,6.275,1.0,10,,scalar_first_exact
pg-hnsw,250000,2,w2_1,958,6.142292,1.0,10,,scalar_first_exact
pg-hnsw,250000,2,w2_1,688,6.239791,1.0,10,,scalar_first_exact
pg-hnsw,250000,2,w2_1,528,5.090167,1.0,10,,scalar_first_exact
pg-hnsw,250000,2,w2_1,675,6.105625,1.0,10,,scalar_first_exact
pg-hnsw,250000,2,w2_1,120,5.289875,1.0,10,,scalar_first_exact
pg-hnsw,250000,2,w2_1,913,5.82375,1.0,10,,scalar_first_exact
pg-hnsw,250000,2,w2_1,774,6.993166,1.0,10,,scalar_first_exact
pg-hnsw,250000,2,w2_1,974,5.7715,1.0,10,,scalar_first_exact
pg-hnsw,250000,2,w2_1,534,6.170167,1.0,10,,scalar_first_exact
pg-hnsw,250000,2,w2_1,583,6.241917,1.0,10,,scalar_first_exact
pg-hnsw,250000,2,w2_1,268,5.744125,1.0,10,,scalar_first_exact
pg-hnsw,250000,2,w2_1,339,8.781042,1.0,10,,scalar_first_exact
pg-hnsw,250000,2,w2_1,725,6.454625,1.0,10,,scalar_first_exact
pg-hnsw,250000,2,w2_1,842,5.627833,1.0,10,,scalar_first_exact
pg-hnsw,250000,2,w2_1,493,6.5035,1.0,10,,scalar_first_exact
pg-hnsw,250000,2,w2_1,770,7.191083,1.0,10,,scalar_first_exact
pg-hnsw,250000,2,w2_1,885,6.69075,1.0,10,,scalar_first_exact
pg-hnsw,250000,2,w2_1,291,6.836791,1.0,10,,scalar_first_exact
pg-hnsw,250000,2,w2_1,164,10.0145,1.0,10,,scalar_first_exact
pg-hnsw,250000,2,w2_1,519,5.838209,1.0,10,,scalar_first_exact
pg-hnsw,250000,2,w2_1,702,5.716667,1.0,10,,scalar_first_exact
pg-hnsw,250000,2,w2_1,843,5.91775,1.0,10,,scalar_first_exact
pg-hnsw,250000,2,w2_1,929,5.277916,1.0,10,,scalar_first_exact
pg-hnsw,250000,2,w2_1,371,5.951458,1.0,10,,scalar_first_exact
pg-hnsw,250000,2,w2_1,349,6.324875,1.0,10,,scalar_first_exact
pg-hnsw,250000,2,w2_1,607,6.122333,1.0,10,,scalar_first_exact
pg-hnsw,250000,2,w2_1,915,6.365084,1.0,10,,scalar_first_exact
pg-hnsw,250000,2,w2_1,766,5.728625,1.0,10,,scalar_first_exact
pg-hnsw,250000,2,w2_1,568,5.813541,1.0,10,,scalar_first_exact
pg-hnsw,250000,2,w2_1,755,5.960167,1.0,10,,scalar_first_exact
pg-hnsw,250000,2,w2_1,478,5.760041,1.0,10,,scalar_first_exact
pg-hnsw,250000,2,w2_1,232,5.452084,1.0,10,,scalar_first_exact
pg-hnsw,250000,2,w2_1,573,6.241833,1.0,10,,scalar_first_exact
pg-hnsw,250000,2,w2_1,560,9.535375,1.0,10,,scalar_first_exact
pg-hnsw,250000,2,w2_1,239,6.10225,1.0,10,,scalar_first_exact
pg-hnsw,250000,2,w2_1,617,6.091583,1.0,10,,scalar_first_exact
pg-hnsw,250000,2,w2_1,180,6.31675,1.0,10,,scalar_first_exact
pg-hnsw,250000,2,w2_1,784,5.450667,1.0,10,,scalar_first_exact
pg-hnsw,250000,2,w2_1,215,9.437292,1.0,10,,scalar_first_exact
pg-hnsw,250000,2,w2_1,541,6.081083,1.0,10,,scalar_first_exact
pg-hnsw,250000,2,w2_1,351,6.22975,1.0,10,,scalar_first_exact
pg-hnsw,250000,2,w2_1,256,5.673583,1.0,10,,scalar_first_exact
pg-hnsw,250000,2,w2_1,764,5.567958,1.0,10,,scalar_first_exact
pg-hnsw,250000,2,w2_1,324,6.093209,1.0,10,,scalar_first_exact
pg-hnsw,250000,2,w2_1,767,5.362083,1.0,10,,scalar_first_exact
pg-hnsw,250000,2,w2_1,977,6.774083,1.0,10,,scalar_first_exact
pg-hnsw,250000,2,w2_1,543,6.200667,1.0,10,,scalar_first_exact
pg-hnsw,250000,2,w2_1,363,6.210791,1.0,10,,scalar_first_exact
pg-hnsw,250000,2,w2_1,188,5.322959,1.0,10,,scalar_first_exact
pg-hnsw,250000,2,w2_1,645,8.90725,1.0,10,,scalar_first_exact
pg-hnsw,250000,2,w2_1,748,5.634834,1.0,10,,scalar_first_exact
pg-hnsw,250000,2,w2_1,556,9.033458,1.0,10,,scalar_first_exact
pg-hnsw,250000,2,w2_1,361,6.590542,1.0,10,,scalar_first_exact
pg-hnsw,250000,2,w2_1,864,4.848417,1.0,10,,scalar_first_exact
pg-hnsw,250000,2,w2_1,186,6.701125,1.0,10,,scalar_first_exact
pg-hnsw,250000,2,w2_1,338,8.360625,1.0,10,,scalar_first_exact
pg-hnsw,250000,2,w2_1,376,6.089459,1.0,10,,scalar_first_exact
pg-hnsw,250000,2,w2_1,133,5.883,1.0,10,,scalar_first_exact
pg-hnsw,250000,2,w2_1,978,5.482541,1.0,10,,scalar_first_exact
pg-hnsw,250000,2,w2_1,458,5.787916,1.0,10,,scalar_first_exact
pg-hnsw,250000,2,w2_1,654,5.71925,1.0,10,,scalar_first_exact
pg-hnsw,250000,2,w2_1,293,5.978459,1.0,10,,scalar_first_exact
pg-hnsw,250000,2,w2_1,934,5.9335,1.0,10,,scalar_first_exact
pg-hnsw,250000,2,w2_1,837,6.421208,1.0,10,,scalar_first_exact
pg-hnsw,250000,2,w2_1,430,10.825083,1.0,10,,scalar_first_exact
pg-hnsw,250000,2,w2_1,734,5.747167,1.0,10,,scalar_first_exact
pg-hnsw,250000,2,w2_1,640,5.846541,1.0,10,,scalar_first_exact
pg-hnsw,250000,2,w2_1,390,6.29175,1.0,10,,scalar_first_exact
pg-hnsw,250000,2,w2_1,799,5.573541,1.0,10,,scalar_first_exact
pg-hnsw,250000,2,w2_1,461,6.045459,1.0,10,,scalar_first_exact
pg-hnsw,250000,2,w2_1,271,6.306375,1.0,10,,scalar_first_exact
pg-hnsw,250000,2,w2_1,312,5.400667,1.0,10,,scalar_first_exact
pg-hnsw,250000,2,w2_1,545,5.883791,1.0,10,,scalar_first_exact
pg-hnsw,250000,2,w2_1,116,8.352042,1.0,10,,scalar_first_exact
pg-hnsw,250000,2,w2_1,825,6.344542,1.0,10,,scalar_first_exact
pg-hnsw,250000,2,w2_1,781,6.038333,1.0,10,,scalar_first_exact
pg-hnsw,250000,2,w2_1,862,5.619375,1.0,10,,scalar_first_exact
pg-hnsw,250000,2,w2_1,381,6.256292,1.0,10,,scalar_first_exact
pg-hnsw,250000,2,w2_1,820,9.400416,1.0,10,,scalar_first_exact
pg-hnsw,250000,2,w2_1,957,9.00175,1.0,10,,scalar_first_exact
pg-hnsw,250000,2,w2_1,462,6.707,1.0,10,,scalar_first_exact
pg-hnsw,250000,2,w2_1,340,6.420167,1.0,10,,scalar_first_exact
pg-hnsw,250000,2,w2_1,874,5.463125,1.0,10,,scalar_first_exact
pg-hnsw,250000,2,w2_1,629,6.005125,1.0,10,,scalar_first_exact
pg-hnsw,250000,2,w2_1,550,5.941292,1.0,10,,scalar_first_exact
pg-hnsw,250000,2,w2_1,986,5.942875,1.0,10,,scalar_first_exact
pg-hnsw,250000,2,w2_1,609,7.008375,1.0,10,,scalar_first_exact
pg-hnsw,250000,2,w2_1,686,5.59025,1.0,10,,scalar_first_exact
pg-hnsw,250000,2,w2_1,297,5.796083,1.0,10,,scalar_first_exact
pg-hnsw,250000,2,w2_1,247,5.674,1.0,10,,scalar_first_exact
pg-hnsw,250000,2,w2_1,491,5.42775,1.0,10,,scalar_first_exact
pg-hnsw,250000,2,w2_1,130,6.207291,1.0,10,,scalar_first_exact
pg-hnsw,250000,2,w2_1,756,9.506792,1.0,10,,scalar_first_exact
pg-hnsw,250000,2,w2_1,710,7.198458,1.0,10,,scalar_first_exact
pg-hnsw,250000,2,w2_1,984,6.048708,1.0,10,,scalar_first_exact
pg-hnsw,250000,2,w2_1,562,5.77825,1.0,10,,scalar_first_exact
pg-hnsw,250000,2,w2_1,713,6.20625,1.0,10,,scalar_first_exact
pg-hnsw,250000,2,w2_1,959,5.826292,1.0,10,,scalar_first_exact
pg-hnsw,250000,2,w2_1,772,5.551958,1.0,10,,scalar_first_exact
pg-hnsw,250000,2,w2_1,343,8.015209,1.0,10,,scalar_first_exact
pg-hnsw,250000,2,w2_1,876,6.947334,1.0,10,,scalar_first_exact
pg-hnsw,250000,2,w2_1,763,5.340042,1.0,10,,scalar_first_exact
pg-hnsw,250000,2,w2_1,327,5.817917,1.0,10,,scalar_first_exact
pg-hnsw,250000,2,w2_1,131,5.663333,1.0,10,,scalar_first_exact
pg-hnsw,250000,2,w2_1,988,6.074792,1.0,10,,scalar_first_exact
pg-hnsw,250000,2,w2_1,147,7.1385,1.0,10,,scalar_first_exact
pg-hnsw,250000,2,w2_1,661,5.545625,1.0,10,,scalar_first_exact
pg-hnsw,250000,2,w2_1,547,5.673417,1.0,10,,scalar_first_exact
pg-hnsw,250000,2,w2_1,250,6.051,1.0,10,,scalar_first_exact
pg-hnsw,250000,2,w2_1,705,5.41175,1.0,10,,scalar_first_exact
pg-hnsw,250000,2,w2_1,857,5.896625,1.0,10,,scalar_first_exact
pg-hnsw,250000,2,w2_1,806,5.954917,1.0,10,,scalar_first_exact
pg-hnsw,250000,2,w2_1,692,8.219208,1.0,10,,scalar_first_exact
pg-hnsw,250000,2,w2_1,197,6.9235,1.0,10,,scalar_first_exact
pg-hnsw,250000,2,w2_1,281,5.90975,1.0,10,,scalar_first_exact
pg-hnsw,250000,2,w2_1,417,9.885708,1.0,10,,scalar_first_exact
pg-hnsw,250000,2,w2_1,965,6.14275,1.0,10,,scalar_first_exact
pg-hnsw,250000,2,w2_1,303,5.68325,1.0,10,,scalar_first_exact
pg-hnsw,250000,2,w2_1,606,5.929333,1.0,10,,scalar_first_exact
pg-hnsw,250000,2,w2_1,537,7.12375,1.0,10,,scalar_first_exact
pg-hnsw,250000,2,w2_1,114,9.183209,1.0,10,,scalar_first_exact
pg-hnsw,250000,2,w2_1,518,5.587084,1.0,10,,scalar_first_exact
pg-hnsw,250000,2,w2_1,401,5.412083,1.0,10,,scalar_first_exact
pg-hnsw,250000,2,w2_1,859,5.873625,1.0,10,,scalar_first_exact
pg-hnsw,250000,2,w2_1,863,9.50775,1.0,10,,scalar_first_exact
pg-hnsw,250000,2,w2_1,896,5.465,1.0,10,,scalar_first_exact
pg-hnsw,250000,2,w2_1,707,6.539417,1.0,10,,scalar_first_exact
pg-hnsw,250000,2,w2_1,513,6.412583,1.0,10,,scalar_first_exact
pg-hnsw,250000,2,w2_1,798,5.814458,1.0,10,,scalar_first_exact
pg-hnsw,250000,2,w2_1,115,5.687583,1.0,10,,scalar_first_exact
pg-hnsw,250000,2,w2_1,779,6.164542,1.0,10,,scalar_first_exact
pg-hnsw,250000,2,w2_1,230,5.446167,1.0,10,,scalar_first_exact
pg-hnsw,250000,2,w2_1,398,9.710917,1.0,10,,scalar_first_exact
pg-hnsw,250000,2,w2_1,502,6.275125,1.0,10,,scalar_first_exact
pg-hnsw,250000,2,w2_1,623,5.97025,1.0,10,,scalar_first_exact
pg-hnsw,250000,2,w2_1,782,6.321875,1.0,10,,scalar_first_exact
pg-hnsw,250000,2,w2_1,829,5.456291,1.0,10,,scalar_first_exact
pg-hnsw,250000,2,w2_1,846,5.345375,1.0,10,,scalar_first_exact
pg-hnsw,250000,2,w2_1,169,6.266375,1.0,10,,scalar_first_exact
pg-hnsw,250000,2,w2_1,406,5.538833,1.0,10,,scalar_first_exact
pg-hnsw,250000,2,w2_1,590,6.2925,1.0,10,,scalar_first_exact
pg-hnsw,250000,2,w2_1,507,8.218292,1.0,10,,scalar_first_exact
pg-hnsw,250000,2,w2_1,677,6.502583,1.0,10,,scalar_first_exact
pg-hnsw,250000,2,w2_1,172,5.396792,1.0,10,,scalar_first_exact
pg-hnsw,250000,2,w2_1,884,9.993625,1.0,10,,scalar_first_exact
pg-hnsw,250000,2,w2_1,559,6.165959,1.0,10,,scalar_first_exact
pg-hnsw,250000,2,w2_1,479,5.290667,1.0,10,,scalar_first_exact
pg-hnsw,250000,2,w2_1,251,5.796125,1.0,10,,scalar_first_exact
pg-hnsw,250000,2,w2_1,165,5.993667,1.0,10,,scalar_first_exact
pg-hnsw,250000,2,w2_1,731,6.29525,1.0,10,,scalar_first_exact
pg-hnsw,250000,2,w2_1,947,6.741209,1.0,10,,scalar_first_exact
pg-hnsw,250000,2,w2_1,968,6.183958,1.0,10,,scalar_first_exact
pg-hnsw,250000,2,w2_1,853,6.2845,1.0,10,,scalar_first_exact
pg-hnsw,250000,2,w2_1,586,5.812542,1.0,10,,scalar_first_exact
pg-hnsw,250000,2,w2_1,683,6.342041,1.0,10,,scalar_first_exact
pg-hnsw,250000,2,w2_1,108,5.469542,1.0,10,,scalar_first_exact
pg-hnsw,250000,2,w2_1,991,6.18125,1.0,10,,scalar_first_exact
pg-hnsw,250000,2,w2_1,283,5.678958,1.0,10,,scalar_first_exact
pg-hnsw,250000,2,w2_1,814,7.901666,1.0,10,,scalar_first_exact
pg-hnsw,250000,2,w2_1,946,6.386791,1.0,10,,scalar_first_exact
pg-hnsw,250000,2,w2_1,254,5.767166,1.0,10,,scalar_first_exact
pg-hnsw,250000,2,w2_1,768,5.722167,1.0,10,,scalar_first_exact
pg-hnsw,250000,2,w2_1,938,6.1485,1.0,10,,scalar_first_exact
pg-hnsw,250000,2,w2_1,760,7.810625,1.0,10,,scalar_first_exact
pg-hnsw,250000,2,w2_1,738,5.99325,1.0,10,,scalar_first_exact
pg-hnsw,250000,2,w2_1,888,6.668791,1.0,10,,scalar_first_exact
pg-hnsw,250000,2,w2_1,557,5.588667,1.0,10,,scalar_first_exact
pg-hnsw,250000,2,w2_1,662,6.754542,1.0,10,,scalar_first_exact
pg-hnsw,250000,2,w2_1,272,5.090958,1.0,10,,scalar_first_exact
pg-hnsw,250000,2,w2_1,595,5.323,1.0,10,,scalar_first_exact
pg-hnsw,250000,2,w2_1,136,6.015541,1.0,10,,scalar_first_exact
pg-hnsw,250000,2,w2_1,694,6.301958,1.0,10,,scalar_first_exact
pg-hnsw,250000,2,w2_1,229,5.86025,1.0,10,,scalar_first_exact
pg-hnsw,250000,2,w2_1,532,5.522541,1.0,10,,scalar_first_exact
pg-hnsw,250000,2,w2_1,949,9.350667,1.0,10,,scalar_first_exact
pg-hnsw,250000,2,w2_1,520,6.14775,1.0,10,,scalar_first_exact
pg-hnsw,250000,2,w2_1,148,6.312375,1.0,10,,scalar_first_exact
pg-hnsw,250000,2,w2_1,223,6.037333,1.0,10,,scalar_first_exact
pg-hnsw,250000,2,w2_1,638,5.590208,1.0,10,,scalar_first_exact
pg-hnsw,250000,2,w2_1,626,6.317625,1.0,10,,scalar_first_exact
pg-hnsw,250000,2,w2_1,656,6.435458,1.0,10,,scalar_first_exact
pg-hnsw,250000,2,w2_1,263,5.748167,1.0,10,,scalar_first_exact
pg-hnsw,250000,2,w2_1,698,8.386917,1.0,10,,scalar_first_exact
pg-hnsw,250000,2,w2_1,427,6.29325,1.0,10,,scalar_first_exact
pg-hnsw,250000,2,w2_1,924,6.260375,1.0,10,,scalar_first_exact
pg-hnsw,250000,2,w2_1,113,6.366875,1.0,10,,scalar_first_exact
pg-hnsw,250000,2,w2_1,378,5.388,1.0,10,,scalar_first_exact
pg-hnsw,250000,2,w2_1,181,8.258625,1.0,10,,scalar_first_exact
pg-hnsw,250000,2,w2_1,752,5.522042,1.0,10,,scalar_first_exact
pg-hnsw,250000,2,w2_1,310,5.963709,1.0,10,,scalar_first_exact
pg-hnsw,250000,2,w2_1,190,6.167333,1.0,10,,scalar_first_exact
pg-hnsw,250000,2,w2_1,405,6.892042,1.0,10,,scalar_first_exact
pg-hnsw,250000,2,w2_1,287,5.310791,1.0,10,,scalar_first_exact
pg-hnsw,250000,2,w2_1,771,6.86825,1.0,10,,scalar_first_exact
pg-hnsw,250000,2,w2_1,270,5.725584,1.0,10,,scalar_first_exact
pg-hnsw,250000,2,w2_1,182,5.949,1.0,10,,scalar_first_exact
pg-hnsw,250000,2,w2_1,921,10.316958,1.0,10,,scalar_first_exact
pg-hnsw,250000,2,w2_1,655,6.017541,1.0,10,,scalar_first_exact
pg-hnsw,250000,2,w2_1,717,6.175292,1.0,10,,scalar_first_exact
pg-hnsw,250000,2,w2_1,109,5.738083,1.0,10,,scalar_first_exact
pg-hnsw,250000,2,w2_1,601,5.658875,1.0,10,,scalar_first_exact
pg-hnsw,250000,2,w2_1,816,5.393583,1.0,10,,scalar_first_exact
pg-hnsw,250000,2,w2_1,603,6.218166,1.0,10,,scalar_first_exact
pg-hnsw,250000,2,w2_1,364,5.761666,1.0,10,,scalar_first_exact
pg-hnsw,250000,2,w2_1,967,5.815958,1.0,10,,scalar_first_exact
pg-hnsw,250000,2,w2_1,718,7.392917,1.0,10,,scalar_first_exact
pg-hnsw,250000,2,w2_1,352,5.584,1.0,10,,scalar_first_exact
pg-hnsw,250000,2,w2_1,720,5.370959,1.0,10,,scalar_first_exact
pg-hnsw,250000,2,w2_1,450,6.25875,1.0,10,,scalar_first_exact
pg-hnsw,250000,2,w2_1,795,5.821834,1.0,10,,scalar_first_exact
pg-hnsw,250000,2,w2_1,762,5.329083,1.0,10,,scalar_first_exact
pg-hnsw,250000,2,w2_1,193,5.783917,1.0,10,,scalar_first_exact
pg-hnsw,250000,2,w2_1,944,5.658458,1.0,10,,scalar_first_exact
pg-hnsw,250000,2,w2_1,486,6.525959,1.0,10,,scalar_first_exact
pg-hnsw,250000,2,w2_1,649,5.90325,1.0,10,,scalar_first_exact
pg-hnsw,250000,2,w2_1,337,6.364875,1.0,10,,scalar_first_exact
pg-hnsw,250000,2,w2_1,981,11.134167,1.0,10,,scalar_first_exact
pg-hnsw,250000,2,w2_1,999,6.152833,1.0,10,,scalar_first_exact
pg-hnsw,250000,2,w2_1,786,9.02175,1.0,10,,scalar_first_exact
pg-hnsw,250000,2,w2_1,277,6.418708,1.0,10,,scalar_first_exact
pg-hnsw,250000,2,w2_1,737,5.372958,1.0,10,,scalar_first_exact
pg-hnsw,250000,2,w2_1,591,5.37375,1.0,10,,scalar_first_exact
pg-hnsw,250000,2,w2_1,469,6.171875,1.0,10,,scalar_first_exact
pg-hnsw,250000,2,w2_1,294,6.367041,1.0,10,,scalar_first_exact
pg-hnsw,250000,2,w2_1,269,5.896291,1.0,10,,scalar_first_exact
pg-hnsw,250000,2,w2_1,456,5.849708,1.0,10,,scalar_first_exact
pg-hnsw,250000,2,w2_1,382,5.875833,1.0,10,,scalar_first_exact
pg-hnsw,250000,2,w2_1,580,5.839417,1.0,10,,scalar_first_exact
pg-hnsw,250000,2,w2_1,976,6.363083,1.0,10,,scalar_first_exact
pg-hnsw,250000,2,w2_1,643,8.109042,1.0,10,,scalar_first_exact
pg-hnsw,250000,2,w2_1,809,5.711667,1.0,10,,scalar_first_exact
pg-hnsw,250000,2,w2_1,224,5.453292,1.0,10,,scalar_first_exact
pg-hnsw,250000,2,w2_1,521,5.392375,1.0,10,,scalar_first_exact
pg-hnsw,250000,2,w2_1,647,6.038208,1.0,10,,scalar_first_exact
pg-hnsw,250000,2,w2_1,680,5.539625,1.0,10,,scalar_first_exact
pg-hnsw,250000,2,w2_1,185,6.592709,1.0,10,,scalar_first_exact
pg-hnsw,250000,2,w2_1,228,5.651125,1.0,10,,scalar_first_exact
pg-hnsw,250000,2,w2_1,100,5.81725,1.0,10,,scalar_first_exact
pg-hnsw,250000,2,w2_1,150,5.96275,1.0,10,,scalar_first_exact
pg-hnsw,250000,2,w2_1,476,5.947125,1.0,10,,scalar_first_exact
pg-hnsw,250000,2,w2_1,936,5.3205,1.0,10,,scalar_first_exact
pg-hnsw,250000,2,w2_1,315,5.609583,1.0,10,,scalar_first_exact
pg-hnsw,250000,2,w2_1,475,4.265709,1.0,10,,scalar_first_exact
pg-hnsw,250000,2,w2_1,561,6.757458,1.0,10,,scalar_first_exact
pg-hnsw,250000,2,w2_1,602,6.036083,1.0,10,,scalar_first_exact
pg-hnsw,250000,2,w2_1,411,5.943833,1.0,10,,scalar_first_exact
pg-hnsw,250000,2,w2_1,728,8.927458,1.0,10,,scalar_first_exact
pg-hnsw,250000,2,w2_1,711,5.611958,1.0,10,,scalar_first_exact
pg-hnsw,250000,2,w2_1,123,5.47,1.0,10,,scalar_first_exact
pg-hnsw,250000,2,w2_1,208,6.227625,1.0,10,,scalar_first_exact
pg-hnsw,250000,2,w2_1,198,5.37175,1.0,10,,scalar_first_exact
pg-hnsw,250000,2,w2_1,124,5.326666,1.0,10,,scalar_first_exact
pg-hnsw,250000,2,w2_1,243,6.7095,1.0,10,,scalar_first_exact
pg-hnsw,250000,2,w2_1,982,5.90925,1.0,10,,scalar_first_exact
pg-hnsw,250000,2,w2_1,990,6.355084,1.0,10,,scalar_first_exact
pg-hnsw,250000,2,w2_1,587,5.994375,1.0,10,,scalar_first_exact
pg-hnsw,250000,2,w2_1,852,5.70325,1.0,10,,scalar_first_exact
pg-hnsw,250000,2,w2_1,676,8.231375,1.0,10,,scalar_first_exact
pg-hnsw,250000,2,w2_1,501,5.274833,1.0,10,,scalar_first_exact
pg-hnsw,250000,2,w2_1,812,6.106625,1.0,10,,scalar_first_exact
pg-hnsw,250000,2,w2_1,238,5.638291,1.0,10,,scalar_first_exact
pg-hnsw,250000,2,w2_1,775,7.049,1.0,10,,scalar_first_exact
pg-hnsw,250000,2,w2_1,240,5.120542,1.0,10,,scalar_first_exact
pg-hnsw,250000,2,w2_1,610,5.896,1.0,10,,scalar_first_exact
pg-hnsw,250000,2,w2_1,275,5.550958,1.0,10,,scalar_first_exact
pg-hnsw,250000,2,w2_1,204,5.865583,1.0,10,,scalar_first_exact
pg-hnsw,250000,2,w2_1,985,8.540292,1.0,10,,scalar_first_exact
pg-hnsw,250000,2,w2_1,868,6.35775,1.0,10,,scalar_first_exact
pg-hnsw,250000,2,w2_1,933,8.2135,1.0,10,,scalar_first_exact
pg-hnsw,250000,2,w2_1,529,5.881041,1.0,10,,scalar_first_exact
pg-hnsw,250000,2,w2_1,865,9.6655,1.0,10,,scalar_first_exact
pg-hnsw,250000,2,w2_1,118,5.980458,1.0,10,,scalar_first_exact
pg-hnsw,250000,2,w2_1,801,5.872541,1.0,10,,scalar_first_exact
pg-hnsw,250000,2,w2_1,544,5.503667,1.0,10,,scalar_first_exact
pg-hnsw,250000,2,w2_1,729,5.925167,1.0,10,,scalar_first_exact
pg-hnsw,250000,2,w2_1,103,6.375584,1.0,10,,scalar_first_exact
pg-hnsw,250000,2,w2_1,195,5.9625,1.0,10,,scalar_first_exact
pg-hnsw,250000,2,w2_1,203,6.135833,1.0,10,,scalar_first_exact
pg-hnsw,250000,2,w2_1,421,6.266417,1.0,10,,scalar_first_exact
pg-hnsw,250000,2,w2_1,898,5.635,1.0,10,,scalar_first_exact
pg-hnsw,250000,2,w2_1,422,5.831083,1.0,10,,scalar_first_exact
pg-hnsw,250000,2,w2_1,754,5.603083,1.0,10,,scalar_first_exact
pg-hnsw,250000,2,w2_1,119,5.918334,1.0,10,,scalar_first_exact
pg-hnsw,250000,2,w2_1,747,5.731167,1.0,10,,scalar_first_exact
pg-hnsw,250000,2,w2_1,598,5.945833,1.0,10,,scalar_first_exact
pg-hnsw,250000,2,w2_1,369,5.304584,1.0,10,,scalar_first_exact
pg-hnsw,250000,2,w2_1,156,6.026791,1.0,10,,scalar_first_exact
pg-hnsw,250000,2,w2_1,964,5.611083,1.0,10,,scalar_first_exact
pg-hnsw,250000,2,w2_1,954,6.287083,1.0,10,,scalar_first_exact
pg-hnsw,250000,2,w2_1,567,8.389125,1.0,10,,scalar_first_exact
pg-hnsw,250000,2,w2_1,789,6.660959,1.0,10,,scalar_first_exact
pg-hnsw,250000,2,w2_1,383,6.184125,1.0,10,,scalar_first_exact
pg-hnsw,250000,2,w2_1,262,5.879125,1.0,10,,scalar_first_exact
pg-hnsw,250000,2,w2_1,480,6.645333,1.0,10,,scalar_first_exact
pg-hnsw,250000,2,w2_1,797,6.439292,1.0,10,,scalar_first_exact
pg-hnsw,250000,2,w2_1,194,9.656333,1.0,10,,scalar_first_exact
pg-hnsw,250000,2,w2_1,117,8.206459,1.0,10,,scalar_first_exact
pg-hnsw,250000,2,w2_1,533,8.738625,1.0,10,,scalar_first_exact
pg-hnsw,250000,2,w2_1,466,6.352542,1.0,10,,scalar_first_exact
pg-hnsw,250000,2,w2_1,819,6.484542,1.0,10,,scalar_first_exact
pg-hnsw,250000,2,w2_1,912,5.669125,1.0,10,,scalar_first_exact
pg-hnsw,250000,2,w2_1,392,7.372625,1.0,10,,scalar_first_exact
pg-hnsw,250000,2,w2_1,571,5.344625,1.0,10,,scalar_first_exact
pg-hnsw,250000,2,w2_1,578,5.850542,1.0,10,,scalar_first_exact
pg-hnsw,250000,2,w2_1,940,5.294375,1.0,10,,scalar_first_exact
pg-hnsw,250000,2,w2_1,589,5.481416,1.0,10,,scalar_first_exact
pg-hnsw,250000,2,w2_1,433,10.366958,1.0,10,,scalar_first_exact
pg-hnsw,250000,2,w2_1,258,5.883541,1.0,10,,scalar_first_exact
pg-hnsw,250000,2,w2_1,175,6.010042,1.0,10,,scalar_first_exact
pg-hnsw,250000,2,w2_1,257,5.9835,1.0,10,,scalar_first_exact
pg-hnsw,250000,2,w2_1,237,5.763792,1.0,10,,scalar_first_exact
pg-hnsw,250000,2,w2_1,285,6.119375,1.0,10,,scalar_first_exact
pg-hnsw,250000,2,w2_1,972,5.36925,1.0,10,,scalar_first_exact
pg-hnsw,250000,2,w2_1,158,5.69825,1.0,10,,scalar_first_exact
pg-hnsw,250000,2,w2_1,919,6.170625,1.0,10,,scalar_first_exact
pg-hnsw,250000,2,w2_1,657,6.580167,1.0,10,,scalar_first_exact
pg-hnsw,250000,2,w2_1,918,5.451375,1.0,10,,scalar_first_exact
pg-hnsw,250000,2,w2_1,313,10.688833,1.0,10,,scalar_first_exact
pg-hnsw,250000,2,w2_1,650,5.725208,1.0,10,,scalar_first_exact
pg-hnsw,250000,2,w2_1,803,5.434917,1.0,10,,scalar_first_exact
pg-hnsw,250000,2,w2_1,821,6.031833,1.0,10,,scalar_first_exact
pg-hnsw,250000,2,w2_1,452,5.140917,1.0,10,,scalar_first_exact
pg-hnsw,250000,2,w2_1,684,7.49475,1.0,10,,scalar_first_exact
pg-hnsw,250000,2,w2_1,664,6.882375,1.0,10,,scalar_first_exact
pg-hnsw,250000,2,w2_1,642,6.479083,1.0,10,,scalar_first_exact
pg-hnsw,250000,2,w2_1,637,6.787542,1.0,10,,scalar_first_exact
pg-hnsw,250000,2,w2_1,790,6.252417,1.0,10,,scalar_first_exact
pg-hnsw,250000,2,w2_1,214,6.344084,1.0,10,,scalar_first_exact
pg-hnsw,250000,2,w2_1,787,6.473125,1.0,10,,scalar_first_exact
pg-hnsw,250000,2,w2_1,159,6.20725,1.0,10,,scalar_first_exact
pg-hnsw,250000,2,w2_1,110,6.405666,1.0,10,,scalar_first_exact
pg-hnsw,250000,2,w2_1,457,6.500334,1.0,10,,scalar_first_exact
pg-hnsw,250000,2,w2_1,500,7.155334,1.0,10,,scalar_first_exact
pg-hnsw,250000,2,w2_1,522,12.3105,1.0,10,,scalar_first_exact
pg-hnsw,250000,2,w2_1,314,5.791959,1.0,10,,scalar_first_exact
pg-hnsw,250000,2,w2_1,499,6.428709,1.0,10,,scalar_first_exact
pg-hnsw,250000,2,w2_1,813,10.301875,1.0,10,,scalar_first_exact
pg-hnsw,250000,2,w2_1,434,6.250333,1.0,10,,scalar_first_exact
pg-hnsw,250000,2,w2_1,663,5.935417,1.0,10,,scalar_first_exact
pg-hnsw,250000,2,w2_1,624,5.376375,1.0,10,,scalar_first_exact
pg-hnsw,250000,2,w2_1,907,6.476,1.0,10,,scalar_first_exact
pg-hnsw,250000,2,w2_1,614,6.66875,1.0,10,,scalar_first_exact
pg-hnsw,250000,2,w2_1,213,7.272667,1.0,10,,scalar_first_exact
pg-hnsw,250000,2,w2_1,468,8.837708,1.0,10,,scalar_first_exact
pg-hnsw,250000,2,w2_1,347,14.127458,1.0,10,,scalar_first_exact
pg-hnsw,250000,2,w2_1,945,6.143875,1.0,10,,scalar_first_exact
pg-hnsw,250000,2,w2_1,962,6.097208,1.0,10,,scalar_first_exact
pg-hnsw,250000,2,w2_1,943,6.348334,1.0,10,,scalar_first_exact
pg-hnsw,250000,2,w2_1,721,5.166125,1.0,10,,scalar_first_exact
pg-hnsw,250000,2,w2_1,553,5.957084,1.0,10,,scalar_first_exact
pg-hnsw,250000,2,w2_1,570,5.820584,1.0,10,,scalar_first_exact
pg-hnsw,250000,2,w2_1,264,6.120667,1.0,10,,scalar_first_exact
pg-hnsw,250000,2,w2_1,336,6.616709,1.0,10,,scalar_first_exact
pg-hnsw,250000,2,w2_1,189,6.022834,1.0,10,,scalar_first_exact
pg-hnsw,250000,2,w2_1,765,10.079,1.0,10,,scalar_first_exact
pg-hnsw,250000,2,w2_1,897,6.118042,1.0,10,,scalar_first_exact
pg-hnsw,250000,2,w2_1,309,8.709167,1.0,10,,scalar_first_exact
pg-hnsw,250000,2,w2_1,482,6.414125,1.0,10,,scalar_first_exact
pg-hnsw,250000,2,w2_1,746,5.619625,1.0,10,,scalar_first_exact
pg-hnsw,250000,2,w2_1,555,6.076417,1.0,10,,scalar_first_exact
pg-hnsw,250000,2,w2_1,922,6.090583,1.0,10,,scalar_first_exact
pg-hnsw,250000,2,w2_1,800,7.564708,1.0,10,,scalar_first_exact
pg-hnsw,250000,2,w2_1,490,6.171667,1.0,10,,scalar_first_exact
pg-hnsw,250000,2,w2_1,723,5.193667,1.0,10,,scalar_first_exact
pg-hnsw,250000,2,w2_1,231,6.122583,1.0,10,,scalar_first_exact
pg-hnsw,250000,2,w2_1,916,10.807834,1.0,10,,scalar_first_exact
pg-hnsw,250000,2,w2_1,873,5.942292,1.0,10,,scalar_first_exact
pg-hnsw,250000,2,w2_1,416,5.248584,1.0,10,,scalar_first_exact
pg-hnsw,250000,2,w2_1,815,6.382958,1.0,10,,scalar_first_exact
pg-hnsw,250000,2,w2_1,367,5.801541,1.0,10,,scalar_first_exact
pg-hnsw,250000,2,w2_1,670,6.902334,1.0,10,,scalar_first_exact
pg-hnsw,250000,2,w2_1,365,6.222833,1.0,10,,scalar_first_exact
pg-hnsw,250000,2,w2_1,826,6.1865,1.0,10,,scalar_first_exact
pg-hnsw,250000,2,w2_1,615,5.312375,1.0,10,,scalar_first_exact
pg-hnsw,250000,2,w2_1,356,7.307792,1.0,10,,scalar_first_exact
pg-hnsw,250000,2,w2_1,850,6.378292,1.0,10,,scalar_first_exact
pg-hnsw,250000,2,w2_1,653,8.181083,1.0,10,,scalar_first_exact
pg-hnsw,250000,2,w2_1,152,6.244417,1.0,10,,scalar_first_exact
pg-hnsw,250000,2,w2_1,558,5.33075,1.0,10,,scalar_first_exact
pg-hnsw,250000,2,w2_1,628,6.696625,1.0,10,,scalar_first_exact
pg-hnsw,250000,2,w2_1,668,6.020333,1.0,10,,scalar_first_exact
pg-hnsw,250000,2,w2_1,994,6.206167,1.0,10,,scalar_first_exact
pg-hnsw,250000,2,w2_1,145,6.054792,1.0,10,,scalar_first_exact
pg-hnsw,250000,2,w2_1,939,5.802667,1.0,10,,scalar_first_exact
pg-hnsw,250000,2,w2_1,308,7.948292,1.0,10,,scalar_first_exact
pg-hnsw,250000,2,w2_1,870,8.455458,1.0,10,,scalar_first_exact
pg-hnsw,250000,2,w2_1,886,6.410084,1.0,10,,scalar_first_exact
pg-hnsw,250000,2,w2_1,403,6.262958,1.0,10,,scalar_first_exact
pg-hnsw,250000,2,w2_1,911,5.684417,1.0,10,,scalar_first_exact
pg-hnsw,250000,2,w2_1,106,6.411292,1.0,10,,scalar_first_exact
pg-hnsw,250000,2,w2_1,745,5.834958,1.0,10,,scalar_first_exact
pg-hnsw,250000,2,w2_1,155,4.929708,1.0,10,,scalar_first_exact
pg-hnsw,250000,2,w2_1,807,5.599917,1.0,10,,scalar_first_exact
pg-hnsw,250000,2,w2_1,563,5.728125,1.0,10,,scalar_first_exact
pg-hnsw,250000,2,w2_1,111,5.187667,1.0,10,,scalar_first_exact
pg-hnsw,250000,2,w2_1,161,5.225042,1.0,10,,scalar_first_exact
pg-hnsw,250000,2,w2_1,132,5.4045,1.0,10,,scalar_first_exact
pg-hnsw,250000,2,w2_1,414,5.459083,1.0,10,,scalar_first_exact
pg-hnsw,250000,2,w2_1,719,5.258084,1.0,10,,scalar_first_exact
pg-hnsw,250000,2,w2_1,325,6.157834,1.0,10,,scalar_first_exact
pg-hnsw,250000,2,w2_1,492,5.637833,1.0,10,,scalar_first_exact
pg-hnsw,250000,2,w2_1,909,5.623167,1.0,10,,scalar_first_exact
pg-hnsw,250000,2,w2_1,153,10.791084,1.0,10,,scalar_first_exact
pg-hnsw,250000,2,w2_1,249,7.731875,1.0,10,,scalar_first_exact
pg-hnsw,250000,2,w2_1,872,5.411417,1.0,10,,scalar_first_exact
pg-hnsw,250000,2,w2_1,360,5.17125,1.0,10,,scalar_first_exact
pg-hnsw,250000,2,w2_1,121,5.34,1.0,10,,scalar_first_exact
pg-hnsw,250000,2,w2_1,139,5.670458,1.0,10,,scalar_first_exact
pg-hnsw,250000,2,w2_1,357,6.253041,1.0,10,,scalar_first_exact
pg-hnsw,250000,2,w2_1,769,5.380209,1.0,10,,scalar_first_exact
pg-hnsw,250000,2,w2_1,472,6.842667,1.0,10,,scalar_first_exact
pg-hnsw,250000,2,w2_1,889,5.845417,1.0,10,,scalar_first_exact
pg-hnsw,250000,2,w2_1,697,6.437959,1.0,10,,scalar_first_exact
pg-hnsw,250000,2,w2_1,260,5.388625,1.0,10,,scalar_first_exact
pg-hnsw,250000,2,w2_1,871,5.884042,1.0,10,,scalar_first_exact
pg-hnsw,250000,2,w2_1,742,5.710959,1.0,10,,scalar_first_exact
pg-hnsw,250000,2,w2_1,289,5.452375,1.0,10,,scalar_first_exact
pg-hnsw,250000,2,w2_1,551,5.339834,1.0,10,,scalar_first_exact
pg-hnsw,250000,2,w2_1,459,5.961083,1.0,10,,scalar_first_exact
pg-hnsw,250000,2,w2_1,350,5.928334,1.0,10,,scalar_first_exact
pg-hnsw,250000,2,w2_1,142,9.083708,1.0,10,,scalar_first_exact
pg-hnsw,250000,2,w2_1,399,5.844958,1.0,10,,scalar_first_exact
pg-hnsw,250000,2,w2_1,374,6.607167,1.0,10,,scalar_first_exact
pg-hnsw,250000,2,w2_1,278,6.140459,1.0,10,,scalar_first_exact
pg-hnsw,250000,2,w2_1,140,5.311625,1.0,10,,scalar_first_exact
pg-hnsw,250000,2,w2_1,311,6.3695,1.0,10,,scalar_first_exact
pg-hnsw,250000,2,w2_1,926,5.978,1.0,10,,scalar_first_exact
pg-hnsw,250000,2,w2_1,514,5.545708,1.0,10,,scalar_first_exact
pg-hnsw,250000,2,w2_1,685,6.042541,1.0,10,,scalar_first_exact
pg-hnsw,250000,2,w2_1,218,8.327917,1.0,10,,scalar_first_exact
pg-hnsw,250000,2,w2_1,485,6.150875,1.0,10,,scalar_first_exact
pg-hnsw,250000,2,w2_1,554,6.58675,1.0,10,,scalar_first_exact
pg-hnsw,250000,2,w2_1,634,6.012542,1.0,10,,scalar_first_exact
pg-hnsw,250000,2,w2_1,828,5.775375,1.0,10,,scalar_first_exact
pg-hnsw,250000,2,w2_1,890,5.377291,1.0,10,,scalar_first_exact
pg-hnsw,250000,2,w2_1,619,5.231,1.0,10,,scalar_first_exact
pg-hnsw,250000,2,w2_1,736,6.122333,1.0,10,,scalar_first_exact
pg-hnsw,250000,2,w2_1,613,10.955292,1.0,10,,scalar_first_exact
pg-hnsw,250000,2,w2_1,295,5.8685,1.0,10,,scalar_first_exact
pg-hnsw,250000,2,w2_1,465,5.966209,1.0,10,,scalar_first_exact
pg-hnsw,250000,2,w2_1,429,6.159708,1.0,10,,scalar_first_exact
pg-hnsw,250000,2,w2_1,669,4.6835,1.0,10,,scalar_first_exact
pg-hnsw,250000,2,w2_1,259,6.093041,1.0,10,,scalar_first_exact
pg-hnsw,250000,2,w2_1,751,6.241,1.0,10,,scalar_first_exact
pg-hnsw,250000,2,w2_1,345,5.281375,1.0,10,,scalar_first_exact
pg-hnsw,250000,2,w2_1,549,5.673708,1.0,10,,scalar_first_exact
pg-hnsw,250000,2,w2_1,572,6.346625,1.0,10,,scalar_first_exact
pg-hnsw,250000,2,w2_1,358,5.35575,1.0,10,,scalar_first_exact
pg-hnsw,250000,2,w2_1,971,7.541208,1.0,10,,scalar_first_exact
pg-hnsw,250000,2,w2_1,494,5.87975,1.0,10,,scalar_first_exact
pg-hnsw,250000,2,w2_1,582,6.12375,1.0,10,,scalar_first_exact
pg-hnsw,250000,2,w2_1,593,5.913791,1.0,10,,scalar_first_exact
pg-hnsw,250000,2,w2_1,377,6.887,1.0,10,,scalar_first_exact
pg-hnsw,250000,2,w2_1,895,6.878792,1.0,10,,scalar_first_exact
pg-hnsw,250000,2,w2_1,631,6.6335,1.0,10,,scalar_first_exact
pg-hnsw,250000,2,w2_1,296,6.33975,1.0,10,,scalar_first_exact
pg-hnsw,250000,2,w2_1,504,6.147583,1.0,10,,scalar_first_exact
pg-hnsw,250000,2,w2_1,322,5.591333,1.0,10,,scalar_first_exact
pg-hnsw,250000,2,w2_1,489,9.704375,1.0,10,,scalar_first_exact
pg-hnsw,250000,2,w2_1,822,5.658625,1.0,10,,scalar_first_exact
pg-hnsw,250000,2,w2_1,839,6.282583,1.0,10,,scalar_first_exact
pg-hnsw,250000,2,w2_1,975,5.669833,1.0,10,,scalar_first_exact
pg-hnsw,250000,2,w2_1,902,5.933417,1.0,10,,scalar_first_exact
pg-hnsw,250000,2,w2_1,903,6.080875,1.0,10,,scalar_first_exact
pg-hnsw,250000,2,w2_1,596,6.483875,1.0,10,,scalar_first_exact
pg-hnsw,250000,2,w2_1,300,5.39225,1.0,10,,scalar_first_exact
pg-hnsw,250000,2,w2_1,577,6.241167,1.0,10,,scalar_first_exact
pg-hnsw,250000,2,w2_1,622,9.647084,1.0,10,,scalar_first_exact
pg-hnsw,250000,2,w2_1,290,6.477875,1.0,10,,scalar_first_exact
pg-hnsw,250000,2,w2_1,199,5.663083,1.0,10,,scalar_first_exact
pg-hnsw,250000,2,w2_1,785,6.247667,1.0,10,,scalar_first_exact
pg-hnsw,250000,2,w2_1,435,5.793708,1.0,10,,scalar_first_exact
pg-hnsw,250000,2,w2_1,979,6.222167,1.0,10,,scalar_first_exact
pg-hnsw,250000,2,w2_1,404,5.914917,1.0,10,,scalar_first_exact
pg-hnsw,250000,2,w2_1,394,5.363958,1.0,10,,scalar_first_exact
pg-hnsw,250000,2,w2_1,526,5.217916,1.0,10,,scalar_first_exact
pg-hnsw,250000,2,w2_1,495,9.919416,1.0,10,,scalar_first_exact
pg-hnsw,250000,2,w2_1,496,6.199375,1.0,10,,scalar_first_exact
pg-hnsw,250000,2,w2_1,222,5.229125,1.0,10,,scalar_first_exact
pg-hnsw,250000,2,w2_1,687,6.016459,1.0,10,,scalar_first_exact
pg-hnsw,250000,2,w2_1,138,5.778,1.0,10,,scalar_first_exact
pg-hnsw,250000,2,w2_1,441,5.932667,1.0,10,,scalar_first_exact
pg-hnsw,250000,2,w2_1,443,5.511167,1.0,10,,scalar_first_exact
pg-hnsw,250000,2,w2_1,191,5.396,1.0,10,,scalar_first_exact
pg-hnsw,250000,2,w2_1,173,6.414417,1.0,10,,scalar_first_exact
pg-hnsw,250000,2,w2_1,750,6.364209,1.0,10,,scalar_first_exact
pg-hnsw,250000,2,w2_1,168,5.9635,1.0,10,,scalar_first_exact
pg-hnsw,250000,2,w2_1,780,5.991417,1.0,10,,scalar_first_exact
pg-hnsw,250000,2,w2_1,355,5.555,1.0,10,,scalar_first_exact
pg-hnsw,250000,2,w2_1,611,6.559209,1.0,10,,scalar_first_exact
pg-hnsw,250000,2,w2_1,831,5.992334,1.0,10,,scalar_first_exact
pg-hnsw,250000,2,w2_1,143,6.272292,1.0,10,,scalar_first_exact
pg-hnsw,250000,2,w2_1,446,5.732375,1.0,10,,scalar_first_exact
pg-hnsw,250000,2,w2_1,209,6.258958,1.0,10,,scalar_first_exact
pg-hnsw,250000,2,w2_1,332,6.152583,1.0,10,,scalar_first_exact
pg-hnsw,250000,2,w2_1,523,5.523,1.0,10,,scalar_first_exact
pg-hnsw,250000,2,w2_1,749,6.048458,1.0,10,,scalar_first_exact
pg-hnsw,250000,2,w2_1,299,5.910291,1.0,10,,scalar_first_exact
pg-hnsw,250000,2,w2_1,733,6.074875,1.0,10,,scalar_first_exact
pg-hnsw,250000,2,w2_1,665,6.534208,1.0,10,,scalar_first_exact
pg-hnsw,250000,2,w2_1,163,10.674959,1.0,10,,scalar_first_exact
pg-hnsw,250000,2,w2_1,552,5.448875,1.0,10,,scalar_first_exact
pg-hnsw,250000,2,w2_1,252,6.369041,1.0,10,,scalar_first_exact
pg-hnsw,250000,2,w2_1,415,5.908334,1.0,10,,scalar_first_exact
pg-hnsw,250000,2,w2_1,328,5.540709,1.0,10,,scalar_first_exact
pg-hnsw,250000,2,w2_1,802,5.879167,1.0,10,,scalar_first_exact
pg-hnsw,250000,2,w2_1,673,6.238166,1.0,10,,scalar_first_exact
pg-hnsw,250000,2,w2_1,948,6.344042,1.0,10,,scalar_first_exact
pg-hnsw,250000,2,w2_1,794,5.549625,1.0,10,,scalar_first_exact
pg-hnsw,250000,2,w2_1,306,7.0595,1.0,10,,scalar_first_exact
pg-hnsw,250000,2,w2_1,691,8.756416,1.0,10,,scalar_first_exact
pg-hnsw,250000,2,w2_1,301,6.184959,1.0,10,,scalar_first_exact
pg-hnsw,250000,2,w2_1,672,5.237042,1.0,10,,scalar_first_exact
pg-hnsw,250000,2,w2_1,695,6.454375,1.0,10,,scalar_first_exact
pg-hnsw,250000,2,w2_1,320,5.895333,1.0,10,,scalar_first_exact
pg-hnsw,250000,2,w2_1,107,5.9685,1.0,10,,scalar_first_exact
pg-hnsw,250000,2,w2_1,333,5.980875,1.0,10,,scalar_first_exact
pg-hnsw,250000,2,w2_0_1,892,0.965458,1.0,10,,planner_filtered_query_scalar_expected
pg-hnsw,250000,2,w2_0_1,518,0.892834,1.0,10,,planner_filtered_query_scalar_expected
pg-hnsw,250000,2,w2_0_1,511,1.982333,1.0,10,,planner_filtered_query_scalar_expected
pg-hnsw,250000,2,w2_0_1,162,1.032583,1.0,10,,planner_filtered_query_scalar_expected
pg-hnsw,250000,2,w2_0_1,184,0.971875,1.0,10,,planner_filtered_query_scalar_expected
pg-hnsw,250000,2,w2_0_1,638,0.945666,1.0,10,,planner_filtered_query_scalar_expected
pg-hnsw,250000,2,w2_0_1,255,0.847708,1.0,10,,planner_filtered_query_scalar_expected
pg-hnsw,250000,2,w2_0_1,369,0.902,1.0,10,,planner_filtered_query_scalar_expected
pg-hnsw,250000,2,w2_0_1,906,0.757083,1.0,10,,planner_filtered_query_scalar_expected
pg-hnsw,250000,2,w2_0_1,341,0.815625,1.0,10,,planner_filtered_query_scalar_expected
pg-hnsw,250000,2,w2_0_1,493,1.636167,1.0,10,,planner_filtered_query_scalar_expected
pg-hnsw,250000,2,w2_0_1,890,2.101167,1.0,10,,planner_filtered_query_scalar_expected
pg-hnsw,250000,2,w2_0_1,460,1.345416,1.0,10,,planner_filtered_query_scalar_expected
pg-hnsw,250000,2,w2_0_1,647,0.777083,1.0,10,,planner_filtered_query_scalar_expected
pg-hnsw,250000,2,w2_0_1,928,0.840542,1.0,10,,planner_filtered_query_scalar_expected
pg-hnsw,250000,2,w2_0_1,248,0.763333,1.0,10,,planner_filtered_query_scalar_expected
pg-hnsw,250000,2,w2_0_1,549,3.238042,1.0,10,,planner_filtered_query_scalar_expected
pg-hnsw,250000,2,w2_0_1,318,1.071375,1.0,10,,planner_filtered_query_scalar_expected
pg-hnsw,250000,2,w2_0_1,154,0.902,1.0,10,,planner_filtered_query_scalar_expected
pg-hnsw,250000,2,w2_0_1,869,0.770625,1.0,10,,planner_filtered_query_scalar_expected
pg-hnsw,250000,2,w2_0_1,545,0.815416,1.0,10,,planner_filtered_query_scalar_expected
pg-hnsw,250000,2,w2_0_1,123,0.782041,1.0,10,,planner_filtered_query_scalar_expected
pg-hnsw,250000,2,w2_0_1,189,3.0635,1.0,10,,planner_filtered_query_scalar_expected
pg-hnsw,250000,2,w2_0_1,671,0.790291,1.0,10,,planner_filtered_query_scalar_expected
pg-hnsw,250000,2,w2_0_1,841,0.863125,1.0,10,,planner_filtered_query_scalar_expected
pg-hnsw,250000,2,w2_0_1,152,1.025375,1.0,10,,planner_filtered_query_scalar_expected
pg-hnsw,250000,2,w2_0_1,980,0.808334,1.0,10,,planner_filtered_query_scalar_expected
pg-hnsw,250000,2,w2_0_1,731,0.74525,1.0,10,,planner_filtered_query_scalar_expected
pg-hnsw,250000,2,w2_0_1,315,0.682125,1.0,10,,planner_filtered_query_scalar_expected
pg-hnsw,250000,2,w2_0_1,438,0.804208,1.0,10,,planner_filtered_query_scalar_expected
pg-hnsw,250000,2,w2_0_1,570,0.721958,1.0,10,,planner_filtered_query_scalar_expected
pg-hnsw,250000,2,w2_0_1,223,0.815917,1.0,10,,planner_filtered_query_scalar_expected
pg-hnsw,250000,2,w2_0_1,499,1.026875,1.0,10,,planner_filtered_query_scalar_expected
pg-hnsw,250000,2,w2_0_1,558,0.938709,1.0,10,,planner_filtered_query_scalar_expected
pg-hnsw,250000,2,w2_0_1,924,0.873584,1.0,10,,planner_filtered_query_scalar_expected
pg-hnsw,250000,2,w2_0_1,472,1.368625,1.0,10,,planner_filtered_query_scalar_expected
pg-hnsw,250000,2,w2_0_1,641,0.970667,1.0,10,,planner_filtered_query_scalar_expected
pg-hnsw,250000,2,w2_0_1,655,0.832917,1.0,10,,planner_filtered_query_scalar_expected
pg-hnsw,250000,2,w2_0_1,896,0.778875,1.0,10,,planner_filtered_query_scalar_expected
pg-hnsw,250000,2,w2_0_1,589,1.321667,1.0,10,,planner_filtered_query_scalar_expected
pg-hnsw,250000,2,w2_0_1,262,0.978041,1.0,10,,planner_filtered_query_scalar_expected
pg-hnsw,250000,2,w2_0_1,659,0.819834,1.0,10,,planner_filtered_query_scalar_expected
pg-hnsw,250000,2,w2_0_1,685,0.812292,1.0,10,,planner_filtered_query_scalar_expected
pg-hnsw,250000,2,w2_0_1,714,0.904,1.0,10,,planner_filtered_query_scalar_expected
pg-hnsw,250000,2,w2_0_1,876,0.821584,1.0,10,,planner_filtered_query_scalar_expected
pg-hnsw,250000,2,w2_0_1,969,1.209416,1.0,10,,planner_filtered_query_scalar_expected
pg-hnsw,250000,2,w2_0_1,346,0.851292,1.0,10,,planner_filtered_query_scalar_expected
pg-hnsw,250000,2,w2_0_1,930,0.991458,1.0,10,,planner_filtered_query_scalar_expected
pg-hnsw,250000,2,w2_0_1,859,0.903541,1.0,10,,planner_filtered_query_scalar_expected
pg-hnsw,250000,2,w2_0_1,305,1.227042,1.0,10,,planner_filtered_query_scalar_expected
pg-hnsw,250000,2,w2_0_1,199,0.939625,1.0,10,,planner_filtered_query_scalar_expected
pg-hnsw,250000,2,w2_0_1,805,0.742,1.0,10,,planner_filtered_query_scalar_expected
pg-hnsw,250000,2,w2_0_1,221,1.230208,1.0,10,,planner_filtered_query_scalar_expected
pg-hnsw,250000,2,w2_0_1,412,0.8245,1.0,10,,planner_filtered_query_scalar_expected
pg-hnsw,250000,2,w2_0_1,360,0.894417,1.0,10,,planner_filtered_query_scalar_expected
pg-hnsw,250000,2,w2_0_1,114,0.933708,1.0,10,,planner_filtered_query_scalar_expected
pg-hnsw,250000,2,w2_0_1,485,0.928042,1.0,10,,planner_filtered_query_scalar_expected
pg-hnsw,250000,2,w2_0_1,734,0.968708,1.0,10,,planner_filtered_query_scalar_expected
pg-hnsw,250000,2,w2_0_1,541,0.889833,1.0,10,,planner_filtered_query_scalar_expected
pg-hnsw,250000,2,w2_0_1,867,0.85,1.0,10,,planner_filtered_query_scalar_expected
pg-hnsw,250000,2,w2_0_1,783,0.839417,1.0,10,,planner_filtered_query_scalar_expected
pg-hnsw,250000,2,w2_0_1,203,0.927208,1.0,10,,planner_filtered_query_scalar_expected
pg-hnsw,250000,2,w2_0_1,461,0.906,1.0,10,,planner_filtered_query_scalar_expected
pg-hnsw,250000,2,w2_0_1,618,0.968125,1.0,10,,planner_filtered_query_scalar_expected
pg-hnsw,250000,2,w2_0_1,216,0.985625,1.0,10,,planner_filtered_query_scalar_expected
pg-hnsw,250000,2,w2_0_1,414,0.915958,1.0,10,,planner_filtered_query_scalar_expected
pg-hnsw,250000,2,w2_0_1,390,0.826083,1.0,10,,planner_filtered_query_scalar_expected
pg-hnsw,250000,2,w2_0_1,423,1.161333,1.0,10,,planner_filtered_query_scalar_expected
pg-hnsw,250000,2,w2_0_1,968,0.937209,1.0,10,,planner_filtered_query_scalar_expected
pg-hnsw,250000,2,w2_0_1,452,0.94225,1.0,10,,planner_filtered_query_scalar_expected
pg-hnsw,250000,2,w2_0_1,436,0.905292,1.0,10,,planner_filtered_query_scalar_expected
pg-hnsw,250000,2,w2_0_1,190,1.002209,1.0,10,,planner_filtered_query_scalar_expected
pg-hnsw,250000,2,w2_0_1,507,1.007583,1.0,10,,planner_filtered_query_scalar_expected
pg-hnsw,250000,2,w2_0_1,800,1.06925,1.0,10,,planner_filtered_query_scalar_expected
pg-hnsw,250000,2,w2_0_1,316,0.998416,1.0,10,,planner_filtered_query_scalar_expected
pg-hnsw,250000,2,w2_0_1,778,0.955792,1.0,10,,planner_filtered_query_scalar_expected
pg-hnsw,250000,2,w2_0_1,494,1.020666,1.0,10,,planner_filtered_query_scalar_expected
pg-hnsw,250000,2,w2_0_1,796,0.9085,1.0,10,,planner_filtered_query_scalar_expected
pg-hnsw,250000,2,w2_0_1,993,1.024917,1.0,10,,planner_filtered_query_scalar_expected
pg-hnsw,250000,2,w2_0_1,486,1.131375,1.0,10,,planner_filtered_query_scalar_expected
pg-hnsw,250000,2,w2_0_1,413,1.0335,1.0,10,,planner_filtered_query_scalar_expected
pg-hnsw,250000,2,w2_0_1,241,1.117792,1.0,10,,planner_filtered_query_scalar_expected
pg-hnsw,250000,2,w2_0_1,787,1.121959,1.0,10,,planner_filtered_query_scalar_expected
pg-hnsw,250000,2,w2_0_1,880,0.824375,1.0,10,,planner_filtered_query_scalar_expected
pg-hnsw,250000,2,w2_0_1,725,1.390125,1.0,10,,planner_filtered_query_scalar_expected
pg-hnsw,250000,2,w2_0_1,853,1.026209,1.0,10,,planner_filtered_query_scalar_expected
pg-hnsw,250000,2,w2_0_1,850,1.06475,1.0,10,,planner_filtered_query_scalar_expected
pg-hnsw,250000,2,w2_0_1,504,0.95575,1.0,10,,planner_filtered_query_scalar_expected
pg-hnsw,250000,2,w2_0_1,328,1.021834,1.0,10,,planner_filtered_query_scalar_expected
pg-hnsw,250000,2,w2_0_1,576,1.241416,1.0,10,,planner_filtered_query_scalar_expected
pg-hnsw,250000,2,w2_0_1,191,1.003958,1.0,10,,planner_filtered_query_scalar_expected
pg-hnsw,250000,2,w2_0_1,470,0.94175,1.0,10,,planner_filtered_query_scalar_expected
pg-hnsw,250000,2,w2_0_1,826,0.954708,1.0,10,,planner_filtered_query_scalar_expected
pg-hnsw,250000,2,w2_0_1,931,1.096666,1.0,10,,planner_filtered_query_scalar_expected
pg-hnsw,250000,2,w2_0_1,920,0.806833,1.0,10,,planner_filtered_query_scalar_expected
pg-hnsw,250000,2,w2_0_1,926,0.832458,1.0,10,,planner_filtered_query_scalar_expected
pg-hnsw,250000,2,w2_0_1,728,0.931625,1.0,10,,planner_filtered_query_scalar_expected
pg-hnsw,250000,2,w2_0_1,870,1.1855,1.0,10,,planner_filtered_query_scalar_expected
pg-hnsw,250000,2,w2_0_1,503,1.057125,1.0,10,,planner_filtered_query_scalar_expected
pg-hnsw,250000,2,w2_0_1,211,0.92425,1.0,10,,planner_filtered_query_scalar_expected
pg-hnsw,250000,2,w2_0_1,732,0.813792,1.0,10,,planner_filtered_query_scalar_expected
pg-hnsw,250000,2,w2_0_1,512,0.963125,1.0,10,,planner_filtered_query_scalar_expected
pg-hnsw,250000,2,w2_0_1,687,1.127875,1.0,10,,planner_filtered_query_scalar_expected
pg-hnsw,250000,2,w2_0_1,137,0.853959,1.0,10,,planner_filtered_query_scalar_expected
pg-hnsw,250000,2,w2_0_1,276,0.936167,1.0,10,,planner_filtered_query_scalar_expected
pg-hnsw,250000,2,w2_0_1,304,0.8135,1.0,10,,planner_filtered_query_scalar_expected
pg-hnsw,250000,2,w2_0_1,308,0.9345,1.0,10,,planner_filtered_query_scalar_expected
pg-hnsw,250000,2,w2_0_1,565,1.1505,1.0,10,,planner_filtered_query_scalar_expected
pg-hnsw,250000,2,w2_0_1,983,1.131209,1.0,10,,planner_filtered_query_scalar_expected
pg-hnsw,250000,2,w2_0_1,277,0.938041,1.0,10,,planner_filtered_query_scalar_expected
pg-hnsw,250000,2,w2_0_1,505,1.141583,1.0,10,,planner_filtered_query_scalar_expected
pg-hnsw,250000,2,w2_0_1,606,0.880416,1.0,10,,planner_filtered_query_scalar_expected
pg-hnsw,250000,2,w2_0_1,124,0.854417,1.0,10,,planner_filtered_query_scalar_expected
pg-hnsw,250000,2,w2_0_1,403,1.054166,1.0,10,,planner_filtered_query_scalar_expected
pg-hnsw,250000,2,w2_0_1,285,0.79425,1.0,10,,planner_filtered_query_scalar_expected
pg-hnsw,250000,2,w2_0_1,546,0.803666,1.0,10,,planner_filtered_query_scalar_expected
pg-hnsw,250000,2,w2_0_1,979,0.745166,1.0,10,,planner_filtered_query_scalar_expected
pg-hnsw,250000,2,w2_0_1,989,0.801333,1.0,10,,planner_filtered_query_scalar_expected
pg-hnsw,250000,2,w2_0_1,109,0.836041,1.0,10,,planner_filtered_query_scalar_expected
pg-hnsw,250000,2,w2_0_1,560,0.877417,1.0,10,,planner_filtered_query_scalar_expected
pg-hnsw,250000,2,w2_0_1,791,0.892167,1.0,10,,planner_filtered_query_scalar_expected
pg-hnsw,250000,2,w2_0_1,443,0.869042,1.0,10,,planner_filtered_query_scalar_expected
pg-hnsw,250000,2,w2_0_1,489,0.936208,1.0,10,,planner_filtered_query_scalar_expected
pg-hnsw,250000,2,w2_0_1,544,1.151208,1.0,10,,planner_filtered_query_scalar_expected
pg-hnsw,250000,2,w2_0_1,680,1.008625,1.0,10,,planner_filtered_query_scalar_expected
pg-hnsw,250000,2,w2_0_1,387,1.019334,1.0,10,,planner_filtered_query_scalar_expected
pg-hnsw,250000,2,w2_0_1,402,1.185084,1.0,10,,planner_filtered_query_scalar_expected
pg-hnsw,250000,2,w2_0_1,257,0.996834,1.0,10,,planner_filtered_query_scalar_expected
pg-hnsw,250000,2,w2_0_1,602,1.009875,1.0,10,,planner_filtered_query_scalar_expected
pg-hnsw,250000,2,w2_0_1,409,0.922041,1.0,10,,planner_filtered_query_scalar_expected
pg-hnsw,250000,2,w2_0_1,933,0.976625,1.0,10,,planner_filtered_query_scalar_expected
pg-hnsw,250000,2,w2_0_1,158,1.034458,1.0,10,,planner_filtered_query_scalar_expected
pg-hnsw,250000,2,w2_0_1,840,0.883292,1.0,10,,planner_filtered_query_scalar_expected
pg-hnsw,250000,2,w2_0_1,338,0.822167,1.0,10,,planner_filtered_query_scalar_expected
pg-hnsw,250000,2,w2_0_1,601,0.902792,1.0,10,,planner_filtered_query_scalar_expected
pg-hnsw,250000,2,w2_0_1,525,0.962167,1.0,10,,planner_filtered_query_scalar_expected
pg-hnsw,250000,2,w2_0_1,881,0.868958,1.0,10,,planner_filtered_query_scalar_expected
pg-hnsw,250000,2,w2_0_1,471,1.019458,1.0,10,,planner_filtered_query_scalar_expected
pg-hnsw,250000,2,w2_0_1,449,1.027958,1.0,10,,planner_filtered_query_scalar_expected
pg-hnsw,250000,2,w2_0_1,609,1.255916,1.0,10,,planner_filtered_query_scalar_expected
pg-hnsw,250000,2,w2_0_1,661,0.900375,1.0,10,,planner_filtered_query_scalar_expected
pg-hnsw,250000,2,w2_0_1,738,1.283084,1.0,10,,planner_filtered_query_scalar_expected
pg-hnsw,250000,2,w2_0_1,766,0.996541,1.0,10,,planner_filtered_query_scalar_expected
pg-hnsw,250000,2,w2_0_1,563,0.939458,1.0,10,,planner_filtered_query_scalar_expected
pg-hnsw,250000,2,w2_0_1,804,0.978458,1.0,10,,planner_filtered_query_scalar_expected
pg-hnsw,250000,2,w2_0_1,681,0.956583,1.0,10,,planner_filtered_query_scalar_expected
pg-hnsw,250000,2,w2_0_1,915,1.207875,1.0,10,,planner_filtered_query_scalar_expected
pg-hnsw,250000,2,w2_0_1,976,0.958917,1.0,10,,planner_filtered_query_scalar_expected
pg-hnsw,250000,2,w2_0_1,160,0.727875,1.0,10,,planner_filtered_query_scalar_expected
pg-hnsw,250000,2,w2_0_1,998,0.989375,1.0,10,,planner_filtered_query_scalar_expected
pg-hnsw,250000,2,w2_0_1,386,0.979541,1.0,10,,planner_filtered_query_scalar_expected
pg-hnsw,250000,2,w2_0_1,348,0.8665,1.0,10,,planner_filtered_query_scalar_expected
pg-hnsw,250000,2,w2_0_1,266,0.860542,1.0,10,,planner_filtered_query_scalar_expected
pg-hnsw,250000,2,w2_0_1,320,1.061833,1.0,10,,planner_filtered_query_scalar_expected
pg-hnsw,250000,2,w2_0_1,478,0.978833,1.0,10,,planner_filtered_query_scalar_expected
pg-hnsw,250000,2,w2_0_1,286,0.985291,1.0,10,,planner_filtered_query_scalar_expected
pg-hnsw,250000,2,w2_0_1,521,0.872958,1.0,10,,planner_filtered_query_scalar_expected
pg-hnsw,250000,2,w2_0_1,966,0.9135,1.0,10,,planner_filtered_query_scalar_expected
pg-hnsw,250000,2,w2_0_1,941,0.943333,1.0,10,,planner_filtered_query_scalar_expected
pg-hnsw,250000,2,w2_0_1,492,0.863125,1.0,10,,planner_filtered_query_scalar_expected
pg-hnsw,250000,2,w2_0_1,344,0.901792,1.0,10,,planner_filtered_query_scalar_expected
pg-hnsw,250000,2,w2_0_1,368,0.811334,1.0,10,,planner_filtered_query_scalar_expected
pg-hnsw,250000,2,w2_0_1,914,0.860125,1.0,10,,planner_filtered_query_scalar_expected
pg-hnsw,250000,2,w2_0_1,917,0.889708,1.0,10,,planner_filtered_query_scalar_expected
pg-hnsw,250000,2,w2_0_1,712,0.944208,1.0,10,,planner_filtered_query_scalar_expected
pg-hnsw,250000,2,w2_0_1,809,0.930041,1.0,10,,planner_filtered_query_scalar_expected
pg-hnsw,250000,2,w2_0_1,862,0.886708,1.0,10,,planner_filtered_query_scalar_expected
pg-hnsw,250000,2,w2_0_1,650,0.955667,1.0,10,,planner_filtered_query_scalar_expected
pg-hnsw,250000,2,w2_0_1,433,0.816625,1.0,10,,planner_filtered_query_scalar_expected
pg-hnsw,250000,2,w2_0_1,991,1.011375,1.0,10,,planner_filtered_query_scalar_expected
pg-hnsw,250000,2,w2_0_1,406,0.956792,1.0,10,,planner_filtered_query_scalar_expected
pg-hnsw,250000,2,w2_0_1,807,1.224667,1.0,10,,planner_filtered_query_scalar_expected
pg-hnsw,250000,2,w2_0_1,723,1.198,1.0,10,,planner_filtered_query_scalar_expected
pg-hnsw,250000,2,w2_0_1,959,1.188375,1.0,10,,planner_filtered_query_scalar_expected
pg-hnsw,250000,2,w2_0_1,105,1.1585,1.0,10,,planner_filtered_query_scalar_expected
pg-hnsw,250000,2,w2_0_1,961,0.954917,1.0,10,,planner_filtered_query_scalar_expected
pg-hnsw,250000,2,w2_0_1,217,0.974292,1.0,10,,planner_filtered_query_scalar_expected
pg-hnsw,250000,2,w2_0_1,432,1.002125,1.0,10,,planner_filtered_query_scalar_expected
pg-hnsw,250000,2,w2_0_1,153,0.731458,1.0,10,,planner_filtered_query_scalar_expected
pg-hnsw,250000,2,w2_0_1,847,1.066708,1.0,10,,planner_filtered_query_scalar_expected
pg-hnsw,250000,2,w2_0_1,306,0.967875,1.0,10,,planner_filtered_query_scalar_expected
pg-hnsw,250000,2,w2_0_1,755,1.068834,1.0,10,,planner_filtered_query_scalar_expected
pg-hnsw,250000,2,w2_0_1,407,1.124458,1.0,10,,planner_filtered_query_scalar_expected
pg-hnsw,250000,2,w2_0_1,366,0.939542,1.0,10,,planner_filtered_query_scalar_expected
pg-hnsw,250000,2,w2_0_1,204,1.10975,1.0,10,,planner_filtered_query_scalar_expected
pg-hnsw,250000,2,w2_0_1,762,1.022042,1.0,10,,planner_filtered_query_scalar_expected
pg-hnsw,250000,2,w2_0_1,367,1.172959,1.0,10,,planner_filtered_query_scalar_expected
pg-hnsw,250000,2,w2_0_1,947,0.93625,1.0,10,,planner_filtered_query_scalar_expected
pg-hnsw,250000,2,w2_0_1,201,1.01875,1.0,10,,planner_filtered_query_scalar_expected
pg-hnsw,250000,2,w2_0_1,372,1.206125,1.0,10,,planner_filtered_query_scalar_expected
pg-hnsw,250000,2,w2_0_1,465,1.076666,1.0,10,,planner_filtered_query_scalar_expected
pg-hnsw,250000,2,w2_0_1,721,1.093333,1.0,10,,planner_filtered_query_scalar_expected
pg-hnsw,250000,2,w2_0_1,428,0.93375,1.0,10,,planner_filtered_query_scalar_expected
pg-hnsw,250000,2,w2_0_1,757,1.075333,1.0,10,,planner_filtered_query_scalar_expected
pg-hnsw,250000,2,w2_0_1,636,1.138083,1.0,10,,planner_filtered_query_scalar_expected
pg-hnsw,250000,2,w2_0_1,273,1.155084,1.0,10,,planner_filtered_query_scalar_expected
pg-hnsw,250000,2,w2_0_1,595,1.170541,1.0,10,,planner_filtered_query_scalar_expected
pg-hnsw,250000,2,w2_0_1,962,1.063166,1.0,10,,planner_filtered_query_scalar_expected
pg-hnsw,250000,2,w2_0_1,679,1.168375,1.0,10,,planner_filtered_query_scalar_expected
pg-hnsw,250000,2,w2_0_1,522,0.877333,1.0,10,,planner_filtered_query_scalar_expected
pg-hnsw,250000,2,w2_0_1,381,0.956583,1.0,10,,planner_filtered_query_scalar_expected
pg-hnsw,250000,2,w2_0_1,138,0.741959,1.0,10,,planner_filtered_query_scalar_expected
pg-hnsw,250000,2,w2_0_1,946,0.774167,1.0,10,,planner_filtered_query_scalar_expected
pg-hnsw,250000,2,w2_0_1,121,0.885292,1.0,10,,planner_filtered_query_scalar_expected
pg-hnsw,250000,2,w2_0_1,583,0.883625,1.0,10,,planner_filtered_query_scalar_expected
pg-hnsw,250000,2,w2_0_1,524,0.846834,1.0,10,,planner_filtered_query_scalar_expected
pg-hnsw,250000,2,w2_0_1,852,0.856416,1.0,10,,planner_filtered_query_scalar_expected
pg-hnsw,250000,2,w2_0_1,358,1.43775,1.0,10,,planner_filtered_query_scalar_expected
pg-hnsw,250000,2,w2_0_1,918,1.35225,1.0,10,,planner_filtered_query_scalar_expected
pg-hnsw,250000,2,w2_0_1,639,0.82725,1.0,10,,planner_filtered_query_scalar_expected
pg-hnsw,250000,2,w2_0_1,586,0.832709,1.0,10,,planner_filtered_query_scalar_expected
pg-hnsw,250000,2,w2_0_1,613,0.924834,1.0,10,,planner_filtered_query_scalar_expected
pg-hnsw,250000,2,w2_0_1,894,0.850542,1.0,10,,planner_filtered_query_scalar_expected
pg-hnsw,250000,2,w2_0_1,977,0.804958,1.0,10,,planner_filtered_query_scalar_expected
pg-hnsw,250000,2,w2_0_1,496,1.05125,1.0,10,,planner_filtered_query_scalar_expected
pg-hnsw,250000,2,w2_0_1,701,1.207375,1.0,10,,planner_filtered_query_scalar_expected
pg-hnsw,250000,2,w2_0_1,415,1.03025,1.0,10,,planner_filtered_query_scalar_expected
pg-hnsw,250000,2,w2_0_1,929,0.914333,1.0,10,,planner_filtered_query_scalar_expected
pg-hnsw,250000,2,w2_0_1,715,0.977125,1.0,10,,planner_filtered_query_scalar_expected
pg-hnsw,250000,2,w2_0_1,708,0.989375,1.0,10,,planner_filtered_query_scalar_expected
pg-hnsw,250000,2,w2_0_1,821,0.890333,1.0,10,,planner_filtered_query_scalar_expected
pg-hnsw,250000,2,w2_0_1,635,0.9875,1.0,10,,planner_filtered_query_scalar_expected
pg-hnsw,250000,2,w2_0_1,209,0.851417,1.0,10,,planner_filtered_query_scalar_expected
pg-hnsw,250000,2,w2_0_1,935,1.055,1.0,10,,planner_filtered_query_scalar_expected
pg-hnsw,250000,2,w2_0_1,831,1.219667,1.0,10,,planner_filtered_query_scalar_expected
pg-hnsw,250000,2,w2_0_1,684,1.060041,1.0,10,,planner_filtered_query_scalar_expected
pg-hnsw,250000,2,w2_0_1,832,0.99275,1.0,10,,planner_filtered_query_scalar_expected
pg-hnsw,250000,2,w2_0_1,466,0.852208,1.0,10,,planner_filtered_query_scalar_expected
pg-hnsw,250000,2,w2_0_1,479,0.867125,1.0,10,,planner_filtered_query_scalar_expected
pg-hnsw,250000,2,w2_0_1,739,0.96,1.0,10,,planner_filtered_query_scalar_expected
pg-hnsw,250000,2,w2_0_1,429,0.807417,1.0,10,,planner_filtered_query_scalar_expected
pg-hnsw,250000,2,w2_0_1,574,0.989166,1.0,10,,planner_filtered_query_scalar_expected
pg-hnsw,250000,2,w2_0_1,396,1.516291,1.0,10,,planner_filtered_query_scalar_expected
pg-hnsw,250000,2,w2_0_1,654,0.865042,1.0,10,,planner_filtered_query_scalar_expected
pg-hnsw,250000,2,w2_0_1,401,1.213459,1.0,10,,planner_filtered_query_scalar_expected
pg-hnsw,250000,2,w2_0_1,171,0.846084,1.0,10,,planner_filtered_query_scalar_expected
pg-hnsw,250000,2,w2_0_1,742,4.172375,1.0,10,,planner_filtered_query_scalar_expected
pg-hnsw,250000,2,w2_0_1,288,1.480334,1.0,10,,planner_filtered_query_scalar_expected
pg-hnsw,250000,2,w2_0_1,868,0.788208,1.0,10,,planner_filtered_query_scalar_expected
pg-hnsw,250000,2,w2_0_1,176,0.85475,1.0,10,,planner_filtered_query_scalar_expected
pg-hnsw,250000,2,w2_0_1,389,0.982959,1.0,10,,planner_filtered_query_scalar_expected
pg-hnsw,250000,2,w2_0_1,202,1.037625,1.0,10,,planner_filtered_query_scalar_expected
pg-hnsw,250000,2,w2_0_1,228,0.79,1.0,10,,planner_filtered_query_scalar_expected
pg-hnsw,250000,2,w2_0_1,643,1.13925,1.0,10,,planner_filtered_query_scalar_expected
pg-hnsw,250000,2,w2_0_1,538,1.257458,1.0,10,,planner_filtered_query_scalar_expected
pg-hnsw,250000,2,w2_0_1,801,1.087917,1.0,10,,planner_filtered_query_scalar_expected
pg-hnsw,250000,2,w2_0_1,640,1.027583,1.0,10,,planner_filtered_query_scalar_expected
pg-hnsw,250000,2,w2_0_1,765,0.831667,1.0,10,,planner_filtered_query_scalar_expected
pg-hnsw,250000,2,w2_0_1,146,1.004875,1.0,10,,planner_filtered_query_scalar_expected
pg-hnsw,250000,2,w2_0_1,272,0.992375,1.0,10,,planner_filtered_query_scalar_expected
pg-hnsw,250000,2,w2_0_1,437,1.054709,1.0,10,,planner_filtered_query_scalar_expected
pg-hnsw,250000,2,w2_0_1,310,1.332625,1.0,10,,planner_filtered_query_scalar_expected
pg-hnsw,250000,2,w2_0_1,502,1.227166,1.0,10,,planner_filtered_query_scalar_expected
pg-hnsw,250000,2,w2_0_1,326,0.955541,1.0,10,,planner_filtered_query_scalar_expected
pg-hnsw,250000,2,w2_0_1,785,0.941125,1.0,10,,planner_filtered_query_scalar_expected
pg-hnsw,250000,2,w2_0_1,726,1.04375,1.0,10,,planner_filtered_query_scalar_expected
pg-hnsw,250000,2,w2_0_1,335,1.002208,1.0,10,,planner_filtered_query_scalar_expected
pg-hnsw,250000,2,w2_0_1,879,1.077375,1.0,10,,planner_filtered_query_scalar_expected
pg-hnsw,250000,2,w2_0_1,744,1.0435,1.0,10,,planner_filtered_query_scalar_expected
pg-hnsw,250000,2,w2_0_1,388,1.193208,1.0,10,,planner_filtered_query_scalar_expected
pg-hnsw,250000,2,w2_0_1,824,1.030708,1.0,10,,planner_filtered_query_scalar_expected
pg-hnsw,250000,2,w2_0_1,675,1.169958,1.0,10,,planner_filtered_query_scalar_expected
pg-hnsw,250000,2,w2_0_1,373,1.04,1.0,10,,planner_filtered_query_scalar_expected
pg-hnsw,250000,2,w2_0_1,416,0.801917,1.0,10,,planner_filtered_query_scalar_expected
pg-hnsw,250000,2,w2_0_1,652,0.893625,1.0,10,,planner_filtered_query_scalar_expected
pg-hnsw,250000,2,w2_0_1,106,0.778208,1.0,10,,planner_filtered_query_scalar_expected
pg-hnsw,250000,2,w2_0_1,249,0.771834,1.0,10,,planner_filtered_query_scalar_expected
pg-hnsw,250000,2,w2_0_1,185,0.875667,1.0,10,,planner_filtered_query_scalar_expected
pg-hnsw,250000,2,w2_0_1,120,1.014459,1.0,10,,planner_filtered_query_scalar_expected
pg-hnsw,250000,2,w2_0_1,960,1.20375,1.0,10,,planner_filtered_query_scalar_expected
pg-hnsw,250000,2,w2_0_1,122,0.89875,1.0,10,,planner_filtered_query_scalar_expected
pg-hnsw,250000,2,w2_0_1,745,0.818959,1.0,10,,planner_filtered_query_scalar_expected
pg-hnsw,250000,2,w2_0_1,302,0.878333,1.0,10,,planner_filtered_query_scalar_expected
pg-hnsw,250000,2,w2_0_1,274,0.946791,1.0,10,,planner_filtered_query_scalar_expected
pg-hnsw,250000,2,w2_0_1,361,0.859083,1.0,10,,planner_filtered_query_scalar_expected
pg-hnsw,250000,2,w2_0_1,117,1.065584,1.0,10,,planner_filtered_query_scalar_expected
pg-hnsw,250000,2,w2_0_1,951,0.987875,1.0,10,,planner_filtered_query_scalar_expected
pg-hnsw,250000,2,w2_0_1,112,1.117417,1.0,10,,planner_filtered_query_scalar_expected
pg-hnsw,250000,2,w2_0_1,497,1.122375,1.0,10,,planner_filtered_query_scalar_expected
pg-hnsw,250000,2,w2_0_1,884,1.125875,1.0,10,,planner_filtered_query_scalar_expected
pg-hnsw,250000,2,w2_0_1,180,1.172834,1.0,10,,planner_filtered_query_scalar_expected
pg-hnsw,250000,2,w2_0_1,812,0.962041,1.0,10,,planner_filtered_query_scalar_expected
pg-hnsw,250000,2,w2_0_1,830,1.122875,1.0,10,,planner_filtered_query_scalar_expected
pg-hnsw,250000,2,w2_0_1,311,1.046417,1.0,10,,planner_filtered_query_scalar_expected
pg-hnsw,250000,2,w2_0_1,786,1.15725,1.0,10,,planner_filtered_query_scalar_expected
pg-hnsw,250000,2,w2_0_1,487,1.231041,1.0,10,,planner_filtered_query_scalar_expected
pg-hnsw,250000,2,w2_0_1,973,0.928875,1.0,10,,planner_filtered_query_scalar_expected
pg-hnsw,250000,2,w2_0_1,351,1.108875,1.0,10,,planner_filtered_query_scalar_expected
pg-hnsw,250000,2,w2_0_1,759,0.921792,1.0,10,,planner_filtered_query_scalar_expected
pg-hnsw,250000,2,w2_0_1,844,0.933417,1.0,10,,planner_filtered_query_scalar_expected
pg-hnsw,250000,2,w2_0_1,405,0.770959,1.0,10,,planner_filtered_query_scalar_expected
pg-hnsw,250000,2,w2_0_1,206,0.730167,1.0,10,,planner_filtered_query_scalar_expected
pg-hnsw,250000,2,w2_0_1,213,0.898708,1.0,10,,planner_filtered_query_scalar_expected
pg-hnsw,250000,2,w2_0_1,873,1.028584,1.0,10,,planner_filtered_query_scalar_expected
pg-hnsw,250000,2,w2_0_1,648,1.034542,1.0,10,,planner_filtered_query_scalar_expected
pg-hnsw,250000,2,w2_0_1,794,0.803958,1.0,10,,planner_filtered_query_scalar_expected
pg-hnsw,250000,2,w2_0_1,447,0.830083,1.0,10,,planner_filtered_query_scalar_expected
pg-hnsw,250000,2,w2_0_1,116,1.015833,1.0,10,,planner_filtered_query_scalar_expected
pg-hnsw,250000,2,w2_0_1,535,0.749333,1.0,10,,planner_filtered_query_scalar_expected
pg-hnsw,250000,2,w2_0_1,411,0.84775,1.0,10,,planner_filtered_query_scalar_expected
pg-hnsw,250000,2,w2_0_1,475,0.792125,1.0,10,,planner_filtered_query_scalar_expected
pg-hnsw,250000,2,w2_0_1,458,1.148791,1.0,10,,planner_filtered_query_scalar_expected
pg-hnsw,250000,2,w2_0_1,716,1.302416,1.0,10,,planner_filtered_query_scalar_expected
pg-hnsw,250000,2,w2_0_1,614,1.3005,1.0,10,,planner_filtered_query_scalar_expected
pg-hnsw,250000,2,w2_0_1,674,0.983042,1.0,10,,planner_filtered_query_scalar_expected
pg-hnsw,250000,2,w2_0_1,252,1.057583,1.0,10,,planner_filtered_query_scalar_expected
pg-hnsw,250000,2,w2_0_1,179,1.103958,1.0,10,,planner_filtered_query_scalar_expected
pg-hnsw,250000,2,w2_0_1,899,1.113458,1.0,10,,planner_filtered_query_scalar_expected
pg-hnsw,250000,2,w2_0_1,938,1.242791,1.0,10,,planner_filtered_query_scalar_expected
pg-hnsw,250000,2,w2_0_1,581,1.25375,1.0,10,,planner_filtered_query_scalar_expected
pg-hnsw,250000,2,w2_0_1,971,0.9495,1.0,10,,planner_filtered_query_scalar_expected
pg-hnsw,250000,2,w2_0_1,550,0.815375,1.0,10,,planner_filtered_query_scalar_expected
pg-hnsw,250000,2,w2_0_1,656,0.889416,1.0,10,,planner_filtered_query_scalar_expected
pg-hnsw,250000,2,w2_0_1,457,0.970542,1.0,10,,planner_filtered_query_scalar_expected
pg-hnsw,250000,2,w2_0_1,519,1.005583,1.0,10,,planner_filtered_query_scalar_expected
pg-hnsw,250000,2,w2_0_1,226,1.202625,1.0,10,,planner_filtered_query_scalar_expected
pg-hnsw,250000,2,w2_0_1,169,0.900833,1.0,10,,planner_filtered_query_scalar_expected
pg-hnsw,250000,2,w2_0_1,837,1.287625,1.0,10,,planner_filtered_query_scalar_expected
pg-hnsw,250000,2,w2_0_1,111,0.845208,1.0,10,,planner_filtered_query_scalar_expected
pg-hnsw,250000,2,w2_0_1,337,0.733709,1.0,10,,planner_filtered_query_scalar_expected
pg-hnsw,250000,2,w2_0_1,727,0.768958,1.0,10,,planner_filtered_query_scalar_expected
pg-hnsw,250000,2,w2_0_1,118,0.811875,1.0,10,,planner_filtered_query_scalar_expected
pg-hnsw,250000,2,w2_0_1,653,0.748917,1.0,10,,planner_filtered_query_scalar_expected
pg-hnsw,250000,2,w2_0_1,135,0.831292,1.0,10,,planner_filtered_query_scalar_expected
pg-hnsw,250000,2,w2_0_1,495,0.791667,1.0,10,,planner_filtered_query_scalar_expected
pg-hnsw,250000,2,w2_0_1,724,0.746209,1.0,10,,planner_filtered_query_scalar_expected
pg-hnsw,250000,2,w2_0_1,359,0.946,1.0,10,,planner_filtered_query_scalar_expected
pg-hnsw,250000,2,w2_0_1,779,1.243709,1.0,10,,planner_filtered_query_scalar_expected
pg-hnsw,250000,2,w2_0_1,577,1.0615,1.0,10,,planner_filtered_query_scalar_expected
pg-hnsw,250000,2,w2_0_1,256,0.852125,1.0,10,,planner_filtered_query_scalar_expected
pg-hnsw,250000,2,w2_0_1,630,0.842708,1.0,10,,planner_filtered_query_scalar_expected
pg-hnsw,250000,2,w2_0_1,132,0.93525,1.0,10,,planner_filtered_query_scalar_expected
pg-hnsw,250000,2,w2_0_1,590,1.127708,1.0,10,,planner_filtered_query_scalar_expected
pg-hnsw,250000,2,w2_0_1,174,1.064416,1.0,10,,planner_filtered_query_scalar_expected
pg-hnsw,250000,2,w2_0_1,508,0.991292,1.0,10,,planner_filtered_query_scalar_expected
pg-hnsw,250000,2,w2_0_1,572,1.269292,1.0,10,,planner_filtered_query_scalar_expected
pg-hnsw,250000,2,w2_0_1,408,0.978167,1.0,10,,planner_filtered_query_scalar_expected
pg-hnsw,250000,2,w2_0_1,663,1.050792,1.0,10,,planner_filtered_query_scalar_expected
pg-hnsw,250000,2,w2_0_1,693,0.947083,1.0,10,,planner_filtered_query_scalar_expected
pg-hnsw,250000,2,w2_0_1,649,0.932084,1.0,10,,planner_filtered_query_scalar_expected
pg-hnsw,250000,2,w2_0_1,446,0.989875,1.0,10,,planner_filtered_query_scalar_expected
pg-hnsw,250000,2,w2_0_1,666,0.901625,1.0,10,,planner_filtered_query_scalar_expected
pg-hnsw,250000,2,w2_0_1,803,0.746667,1.0,10,,planner_filtered_query_scalar_expected
pg-hnsw,250000,2,w2_0_1,229,0.699709,1.0,10,,planner_filtered_query_scalar_expected
pg-hnsw,250000,2,w2_0_1,562,0.86775,1.0,10,,planner_filtered_query_scalar_expected
pg-hnsw,250000,2,w2_0_1,611,0.863916,1.0,10,,planner_filtered_query_scalar_expected
pg-hnsw,250000,2,w2_0_1,754,1.172458,1.0,10,,planner_filtered_query_scalar_expected
pg-hnsw,250000,2,w2_0_1,799,1.053666,1.0,10,,planner_filtered_query_scalar_expected
pg-hnsw,250000,2,w2_0_1,540,1.011834,1.0,10,,planner_filtered_query_scalar_expected
pg-hnsw,250000,2,w2_0_1,385,0.825542,1.0,10,,planner_filtered_query_scalar_expected
pg-hnsw,250000,2,w2_0_1,275,1.229833,1.0,10,,planner_filtered_query_scalar_expected
pg-hnsw,250000,2,w2_0_1,688,1.081875,1.0,10,,planner_filtered_query_scalar_expected
pg-hnsw,250000,2,w2_0_1,539,1.179417,1.0,10,,planner_filtered_query_scalar_expected
pg-hnsw,250000,2,w2_0_1,350,1.082417,1.0,10,,planner_filtered_query_scalar_expected
pg-hnsw,250000,2,w2_0_1,897,0.938666,1.0,10,,planner_filtered_query_scalar_expected
pg-hnsw,250000,2,w2_0_1,948,0.764958,1.0,10,,planner_filtered_query_scalar_expected
pg-hnsw,250000,2,w2_0_1,212,0.93825,1.0,10,,planner_filtered_query_scalar_expected
pg-hnsw,250000,2,w2_0_1,610,0.724542,1.0,10,,planner_filtered_query_scalar_expected
pg-hnsw,250000,2,w2_0_1,645,0.854958,1.0,10,,planner_filtered_query_scalar_expected
pg-hnsw,250000,2,w2_0_1,797,1.023625,1.0,10,,planner_filtered_query_scalar_expected
pg-hnsw,250000,2,w2_0_1,419,0.902916,1.0,10,,planner_filtered_query_scalar_expected
pg-hnsw,250000,2,w2_0_1,621,1.062708,1.0,10,,planner_filtered_query_scalar_expected
pg-hnsw,250000,2,w2_0_1,988,0.817459,1.0,10,,planner_filtered_query_scalar_expected
pg-hnsw,250000,2,w2_0_1,877,0.942709,1.0,10,,planner_filtered_query_scalar_expected
pg-hnsw,250000,2,w2_0_1,756,0.968416,1.0,10,,planner_filtered_query_scalar_expected
pg-hnsw,250000,2,w2_0_1,322,0.98075,1.0,10,,planner_filtered_query_scalar_expected
pg-hnsw,250000,2,w2_0_1,214,1.024084,1.0,10,,planner_filtered_query_scalar_expected
pg-hnsw,250000,2,w2_0_1,553,1.007208,1.0,10,,planner_filtered_query_scalar_expected
pg-hnsw,250000,2,w2_0_1,163,1.202209,1.0,10,,planner_filtered_query_scalar_expected
pg-hnsw,250000,2,w2_0_1,888,1.121792,1.0,10,,planner_filtered_query_scalar_expected
pg-hnsw,250000,2,w2_0_1,806,1.022125,1.0,10,,planner_filtered_query_scalar_expected
pg-hnsw,250000,2,w2_0_1,208,0.836458,1.0,10,,planner_filtered_query_scalar_expected
pg-hnsw,250000,2,w2_0_1,678,0.923625,1.0,10,,planner_filtered_query_scalar_expected
pg-hnsw,250000,2,w2_0_1,811,0.841417,1.0,10,,planner_filtered_query_scalar_expected
pg-hnsw,250000,2,w2_0_1,925,0.7865,1.0,10,,planner_filtered_query_scalar_expected
pg-hnsw,250000,2,w2_0_1,790,0.927667,1.0,10,,planner_filtered_query_scalar_expected
pg-hnsw,250000,2,w2_0_1,175,0.885417,1.0,10,,planner_filtered_query_scalar_expected
pg-hnsw,250000,2,w2_0_1,737,0.784084,1.0,10,,planner_filtered_query_scalar_expected
pg-hnsw,250000,2,w2_0_1,882,1.826875,1.0,10,,planner_filtered_query_scalar_expected
pg-hnsw,250000,2,w2_0_1,157,1.672625,1.0,10,,planner_filtered_query_scalar_expected
pg-hnsw,250000,2,w2_0_1,761,1.126959,1.0,10,,planner_filtered_query_scalar_expected
pg-hnsw,250000,2,w2_0_1,901,1.28875,1.0,10,,planner_filtered_query_scalar_expected
pg-hnsw,250000,2,w2_0_1,940,1.086333,1.0,10,,planner_filtered_query_scalar_expected
pg-hnsw,250000,2,w2_0_1,921,1.338125,1.0,10,,planner_filtered_query_scalar_expected
pg-hnsw,250000,2,w2_0_1,730,1.029333,1.0,10,,planner_filtered_query_scalar_expected
pg-hnsw,250000,2,w2_0_1,100,0.894,1.0,10,,planner_filtered_query_scalar_expected
pg-hnsw,250000,2,w2_0_1,476,0.928208,1.0,10,,planner_filtered_query_scalar_expected
pg-hnsw,250000,2,w2_0_1,828,1.029667,1.0,10,,planner_filtered_query_scalar_expected
pg-hnsw,250000,2,w2_0_1,352,1.227459,1.0,10,,planner_filtered_query_scalar_expected
pg-hnsw,250000,2,w2_0_1,982,0.929041,1.0,10,,planner_filtered_query_scalar_expected
pg-hnsw,250000,2,w2_0_1,605,1.068167,1.0,10,,planner_filtered_query_scalar_expected
pg-hnsw,250000,2,w2_0_1,768,1.154,1.0,10,,planner_filtered_query_scalar_expected
pg-hnsw,250000,2,w2_0_1,150,1.129084,1.0,10,,planner_filtered_query_scalar_expected
pg-hnsw,250000,2,w2_0_1,261,1.124667,1.0,10,,planner_filtered_query_scalar_expected
pg-hnsw,250000,2,w2_0_1,992,0.990458,1.0,10,,planner_filtered_query_scalar_expected
pg-hnsw,250000,2,w2_0_1,834,0.962792,1.0,10,,planner_filtered_query_scalar_expected
pg-hnsw,250000,2,w2_0_1,967,1.041208,1.0,10,,planner_filtered_query_scalar_expected
pg-hnsw,250000,2,w2_0_1,269,0.931416,1.0,10,,planner_filtered_query_scalar_expected
pg-hnsw,250000,2,w2_0_1,391,1.101375,1.0,10,,planner_filtered_query_scalar_expected
pg-hnsw,250000,2,w2_0_1,349,0.973792,1.0,10,,planner_filtered_query_scalar_expected
pg-hnsw,250000,2,w2_0_1,239,0.963709,1.0,10,,planner_filtered_query_scalar_expected
pg-hnsw,250000,2,w2_0_1,626,0.945375,1.0,10,,planner_filtered_query_scalar_expected
pg-hnsw,250000,2,w2_0_1,773,0.992375,1.0,10,,planner_filtered_query_scalar_expected
pg-hnsw,250000,2,w2_0_1,950,0.803333,1.0,10,,planner_filtered_query_scalar_expected
pg-hnsw,250000,2,w2_0_1,909,0.9795,1.0,10,,planner_filtered_query_scalar_expected
pg-hnsw,250000,2,w2_0_1,143,0.764834,1.0,10,,planner_filtered_query_scalar_expected
pg-hnsw,250000,2,w2_0_1,258,0.78925,1.0,10,,planner_filtered_query_scalar_expected
pg-hnsw,250000,2,w2_0_1,131,1.019375,1.0,10,,planner_filtered_query_scalar_expected
pg-hnsw,250000,2,w2_0_1,235,0.930917,1.0,10,,planner_filtered_query_scalar_expected
pg-hnsw,250000,2,w2_0_1,698,1.1935,1.0,10,,planner_filtered_query_scalar_expected
pg-hnsw,250000,2,w2_0_1,141,0.86075,1.0,10,,planner_filtered_query_scalar_expected
pg-hnsw,250000,2,w2_0_1,283,0.838666,1.0,10,,planner_filtered_query_scalar_expected
pg-hnsw,250000,2,w2_0_1,528,0.804083,1.0,10,,planner_filtered_query_scalar_expected
pg-hnsw,250000,2,w2_0_1,573,0.89175,1.0,10,,planner_filtered_query_scalar_expected
pg-hnsw,250000,2,w2_0_1,555,0.987584,1.0,10,,planner_filtered_query_scalar_expected
pg-hnsw,250000,2,w2_0_1,970,1.164417,1.0,10,,planner_filtered_query_scalar_expected
pg-hnsw,250000,2,w2_0_1,173,1.249125,1.0,10,,planner_filtered_query_scalar_expected
pg-hnsw,250000,2,w2_0_1,284,1.346875,1.0,10,,planner_filtered_query_scalar_expected
pg-hnsw,250000,2,w2_0_1,987,1.248375,1.0,10,,planner_filtered_query_scalar_expected
pg-hnsw,250000,2,w2_0_1,127,1.223291,1.0,10,,planner_filtered_query_scalar_expected
pg-hnsw,250000,2,w2_0_1,658,0.944541,1.0,10,,planner_filtered_query_scalar_expected
pg-hnsw,250000,2,w2_0_1,784,0.83925,1.0,10,,planner_filtered_query_scalar_expected
pg-hnsw,250000,2,w2_0_1,426,1.103417,1.0,10,,planner_filtered_query_scalar_expected
pg-hnsw,250000,2,w2_0_1,253,1.011917,1.0,10,,planner_filtered_query_scalar_expected
pg-hnsw,250000,2,w2_0_1,910,1.1725,1.0,10,,planner_filtered_query_scalar_expected
pg-hnsw,250000,2,w2_0_1,246,1.143708,1.0,10,,planner_filtered_query_scalar_expected
pg-hnsw,250000,2,w2_0_1,139,0.866542,1.0,10,,planner_filtered_query_scalar_expected
pg-hnsw,250000,2,w2_0_1,282,0.959208,1.0,10,,planner_filtered_query_scalar_expected
pg-hnsw,250000,2,w2_0_1,776,1.001917,1.0,10,,planner_filtered_query_scalar_expected
pg-hnsw,250000,2,w2_0_1,676,0.998417,1.0,10,,planner_filtered_query_scalar_expected
pg-hnsw,250000,2,w2_0_1,533,1.047333,1.0,10,,planner_filtered_query_scalar_expected
pg-hnsw,250000,2,w2_0_1,722,1.031625,1.0,10,,planner_filtered_query_scalar_expected
pg-hnsw,250000,2,w2_0_1,902,1.1465,1.0,10,,planner_filtered_query_scalar_expected
pg-hnsw,250000,2,w2_0_1,905,1.293792,1.0,10,,planner_filtered_query_scalar_expected
pg-hnsw,250000,2,w2_0_1,997,0.912208,1.0,10,,planner_filtered_query_scalar_expected
pg-hnsw,250000,2,w2_0_1,696,1.000792,1.0,10,,planner_filtered_query_scalar_expected
pg-hnsw,250000,2,w2_0_1,484,0.808542,1.0,10,,planner_filtered_query_scalar_expected
pg-hnsw,250000,2,w2_0_1,232,0.968625,1.0,10,,planner_filtered_query_scalar_expected
pg-hnsw,250000,2,w2_0_1,299,0.931541,1.0,10,,planner_filtered_query_scalar_expected
pg-hnsw,250000,2,w2_0_1,750,1.027709,1.0,10,,planner_filtered_query_scalar_expected
pg-hnsw,250000,2,w2_0_1,462,1.359833,1.0,10,,planner_filtered_query_scalar_expected
pg-hnsw,250000,2,w2_0_1,469,0.727333,1.0,10,,planner_filtered_query_scalar_expected
pg-hnsw,250000,2,w2_0_1,376,0.862375,1.0,10,,planner_filtered_query_scalar_expected
pg-hnsw,250000,2,w2_0_1,677,0.80775,1.0,10,,planner_filtered_query_scalar_expected
pg-hnsw,250000,2,w2_0_1,817,0.8985,1.0,10,,planner_filtered_query_scalar_expected
pg-hnsw,250000,2,w2_0_1,473,0.73775,1.0,10,,planner_filtered_query_scalar_expected
pg-hnsw,250000,2,w2_0_1,774,0.718917,1.0,10,,planner_filtered_query_scalar_expected
pg-hnsw,250000,2,w2_0_1,615,0.760792,1.0,10,,planner_filtered_query_scalar_expected
pg-hnsw,250000,2,w2_0_1,532,1.022292,1.0,10,,planner_filtered_query_scalar_expected
pg-hnsw,250000,2,w2_0_1,672,1.669209,1.0,10,,planner_filtered_query_scalar_expected
pg-hnsw,250000,2,w2_0_1,224,0.960083,1.0,10,,planner_filtered_query_scalar_expected
pg-hnsw,250000,2,w2_0_1,294,1.030083,1.0,10,,planner_filtered_query_scalar_expected
pg-hnsw,250000,2,w2_0_1,279,0.937125,1.0,10,,planner_filtered_query_scalar_expected
pg-hnsw,250000,2,w2_0_1,534,1.086709,1.0,10,,planner_filtered_query_scalar_expected
pg-hnsw,250000,2,w2_0_1,291,1.184333,1.0,10,,planner_filtered_query_scalar_expected
pg-hnsw,250000,2,w2_0_1,777,1.066459,1.0,10,,planner_filtered_query_scalar_expected
pg-hnsw,250000,2,w2_0_1,903,1.370042,1.0,10,,planner_filtered_query_scalar_expected
pg-hnsw,250000,2,w2_0_1,477,0.999333,1.0,10,,planner_filtered_query_scalar_expected
pg-hnsw,250000,2,w2_0_1,242,0.870167,1.0,10,,planner_filtered_query_scalar_expected
pg-hnsw,250000,2,w2_0_1,735,0.901458,1.0,10,,planner_filtered_query_scalar_expected
pg-hnsw,250000,2,w2_0_1,808,0.910042,1.0,10,,planner_filtered_query_scalar_expected
pg-hnsw,250000,2,w2_0_1,113,0.787041,1.0,10,,planner_filtered_query_scalar_expected
pg-hnsw,250000,2,w2_0_1,662,0.698167,1.0,10,,planner_filtered_query_scalar_expected
pg-hnsw,250000,2,w2_0_1,733,0.8005,1.0,10,,planner_filtered_query_scalar_expected
pg-hnsw,250000,2,w2_0_1,943,0.915416,1.0,10,,planner_filtered_query_scalar_expected
pg-hnsw,250000,2,w2_0_1,908,1.190417,1.0,10,,planner_filtered_query_scalar_expected
pg-hnsw,250000,2,w2_0_1,579,1.033125,1.0,10,,planner_filtered_query_scalar_expected
pg-hnsw,250000,2,w2_0_1,965,0.922667,1.0,10,,planner_filtered_query_scalar_expected
pg-hnsw,250000,2,w2_0_1,633,0.831916,1.0,10,,planner_filtered_query_scalar_expected
pg-hnsw,250000,2,w2_0_1,612,0.829875,1.0,10,,planner_filtered_query_scalar_expected
pg-hnsw,250000,2,w2_0_1,240,0.896625,1.0,10,,planner_filtered_query_scalar_expected
pg-hnsw,250000,2,w2_0_1,703,1.077,1.0,10,,planner_filtered_query_scalar_expected
pg-hnsw,250000,2,w2_0_1,370,1.258208,1.0,10,,planner_filtered_query_scalar_expected
pg-hnsw,250000,2,w2_0_1,705,1.12,1.0,10,,planner_filtered_query_scalar_expected
pg-hnsw,250000,2,w2_0_1,225,1.245166,1.0,10,,planner_filtered_query_scalar_expected
pg-hnsw,250000,2,w2_0_1,668,1.020875,1.0,10,,planner_filtered_query_scalar_expected
pg-hnsw,250000,2,w2_0_1,552,0.99425,1.0,10,,planner_filtered_query_scalar_expected
pg-hnsw,250000,2,w2_0_1,398,0.8885,1.0,10,,planner_filtered_query_scalar_expected
pg-hnsw,250000,2,w2_0_1,393,1.070541,1.0,10,,planner_filtered_query_scalar_expected
pg-hnsw,250000,2,w2_0_1,193,1.156875,1.0,10,,planner_filtered_query_scalar_expected
pg-hnsw,250000,2,w2_0_1,673,1.101792,1.0,10,,planner_filtered_query_scalar_expected
pg-hnsw,250000,2,w2_0_1,782,1.624375,1.0,10,,planner_filtered_query_scalar_expected
pg-hnsw,250000,2,w2_0_1,944,1.1065,1.0,10,,planner_filtered_query_scalar_expected
pg-hnsw,250000,2,w2_0_1,343,0.8965,1.0,10,,planner_filtered_query_scalar_expected
pg-hnsw,250000,2,w2_0_1,378,0.737041,1.0,10,,planner_filtered_query_scalar_expected
pg-hnsw,250000,2,w2_0_1,670,0.982292,1.0,10,,planner_filtered_query_scalar_expected
pg-hnsw,250000,2,w2_0_1,523,0.997167,1.0,10,,planner_filtered_query_scalar_expected
pg-hnsw,250000,2,w2_0_1,748,1.01,1.0,10,,planner_filtered_query_scalar_expected
pg-hnsw,250000,2,w2_0_1,129,1.026083,1.0,10,,planner_filtered_query_scalar_expected
pg-hnsw,250000,2,w2_0_1,957,1.025375,1.0,10,,planner_filtered_query_scalar_expected
pg-hnsw,250000,2,w2_0_1,775,1.045,1.0,10,,planner_filtered_query_scalar_expected
pg-hnsw,250000,2,w2_0_1,287,1.059833,1.0,10,,planner_filtered_query_scalar_expected
pg-hnsw,250000,2,w2_0_1,604,0.740208,1.0,10,,planner_filtered_query_scalar_expected
pg-hnsw,250000,2,w2_0_1,183,0.81375,1.0,10,,planner_filtered_query_scalar_expected
pg-hnsw,250000,2,w2_0_1,514,0.827292,1.0,10,,planner_filtered_query_scalar_expected
pg-hnsw,250000,2,w2_0_1,999,0.87475,1.0,10,,planner_filtered_query_scalar_expected
pg-hnsw,250000,2,w2_0_1,849,0.817875,1.0,10,,planner_filtered_query_scalar_expected
pg-hnsw,250000,2,w2_0_1,177,4.510709,1.0,10,,planner_filtered_query_scalar_expected
pg-hnsw,250000,2,w2_0_1,219,1.093417,1.0,10,,planner_filtered_query_scalar_expected
pg-hnsw,250000,2,w2_0_1,501,0.945958,1.0,10,,planner_filtered_query_scalar_expected
pg-hnsw,250000,2,w2_0_1,872,1.082959,1.0,10,,planner_filtered_query_scalar_expected
pg-hnsw,250000,2,w2_0_1,434,0.858791,1.0,10,,planner_filtered_query_scalar_expected
pg-hnsw,250000,2,w2_0_1,932,0.867125,1.0,10,,planner_filtered_query_scalar_expected
pg-hnsw,250000,2,w2_0_1,594,0.896041,1.0,10,,planner_filtered_query_scalar_expected
pg-hnsw,250000,2,w2_0_1,912,1.175208,1.0,10,,planner_filtered_query_scalar_expected
pg-hnsw,250000,2,w2_0_1,548,0.959208,1.0,10,,planner_filtered_query_scalar_expected
pg-hnsw,250000,2,w2_0_1,664,0.8485,1.0,10,,planner_filtered_query_scalar_expected
pg-hnsw,250000,2,w2_0_1,818,0.902041,1.0,10,,planner_filtered_query_scalar_expected
pg-hnsw,250000,2,w2_0_1,559,0.828708,1.0,10,,planner_filtered_query_scalar_expected
pg-hnsw,250000,2,w2_0_1,542,0.91175,1.0,10,,planner_filtered_query_scalar_expected
pg-hnsw,250000,2,w2_0_1,682,2.206667,1.0,10,,planner_filtered_query_scalar_expected
pg-hnsw,250000,2,w2_0_1,347,1.081084,1.0,10,,planner_filtered_query_scalar_expected
pg-hnsw,250000,2,w2_0_1,891,0.933333,1.0,10,,planner_filtered_query_scalar_expected
pg-hnsw,250000,2,w2_0_1,218,0.969708,1.0,10,,planner_filtered_query_scalar_expected
pg-hnsw,250000,2,w2_0_1,510,0.921542,1.0,10,,planner_filtered_query_scalar_expected
pg-hnsw,250000,2,w2_0_1,424,0.967083,1.0,10,,planner_filtered_query_scalar_expected
pg-hnsw,250000,2,w2_0_1,270,1.131,1.0,10,,planner_filtered_query_scalar_expected
pg-hnsw,250000,2,w2_0_1,955,0.897708,1.0,10,,planner_filtered_query_scalar_expected
pg-hnsw,250000,2,w2_0_1,981,1.047125,1.0,10,,planner_filtered_query_scalar_expected
pg-hnsw,250000,2,w2_0_1,307,0.775958,1.0,10,,planner_filtered_query_scalar_expected
pg-hnsw,250000,2,w2_0_1,198,0.842834,1.0,10,,planner_filtered_query_scalar_expected
pg-hnsw,250000,2,w2_0_1,836,0.898375,1.0,10,,planner_filtered_query_scalar_expected
pg-hnsw,250000,2,w2_0_1,547,1.038208,1.0,10,,planner_filtered_query_scalar_expected
pg-hnsw,250000,2,w2_0_1,332,1.015917,1.0,10,,planner_filtered_query_scalar_expected
pg-hnsw,250000,2,w2_0_1,243,0.861417,1.0,10,,planner_filtered_query_scalar_expected
pg-hnsw,250000,2,w2_0_1,220,3.819209,1.0,10,,planner_filtered_query_scalar_expected
pg-hnsw,250000,2,w2_0_1,336,1.158833,1.0,10,,planner_filtered_query_scalar_expected
pg-hnsw,250000,2,w2_0_1,490,0.941291,1.0,10,,planner_filtered_query_scalar_expected
pg-hnsw,250000,2,w2_0_1,128,0.901458,1.0,10,,planner_filtered_query_scalar_expected
pg-hnsw,250000,2,w2_0_1,564,0.862042,1.0,10,,planner_filtered_query_scalar_expected
pg-hnsw,250000,2,w2_0_1,718,0.820541,1.0,10,,planner_filtered_query_scalar_expected
pg-hnsw,250000,2,w2_0_1,585,1.160667,1.0,10,,planner_filtered_query_scalar_expected
pg-hnsw,250000,2,w2_0_1,990,0.918084,1.0,10,,planner_filtered_query_scalar_expected
pg-hnsw,250000,2,w2_0_1,789,1.147875,1.0,10,,planner_filtered_query_scalar_expected
pg-hnsw,250000,2,w2_0_1,271,0.802875,1.0,10,,planner_filtered_query_scalar_expected
pg-hnsw,250000,2,w2_0_1,686,0.9885,1.0,10,,planner_filtered_query_scalar_expected
pg-hnsw,250000,2,w2_0_1,942,0.862875,1.0,10,,planner_filtered_query_scalar_expected
pg-hnsw,250000,2,w2_0_1,866,1.149083,1.0,10,,planner_filtered_query_scalar_expected
pg-hnsw,250000,2,w2_0_1,889,1.127333,1.0,10,,planner_filtered_query_scalar_expected
pg-hnsw,250000,2,w2_0_1,222,1.054875,1.0,10,,planner_filtered_query_scalar_expected
pg-hnsw,250000,2,w2_0_1,823,0.979792,1.0,10,,planner_filtered_query_scalar_expected
pg-hnsw,250000,2,w2_0_1,710,0.863291,1.0,10,,planner_filtered_query_scalar_expected
pg-hnsw,250000,2,w2_0_1,567,0.857791,1.0,10,,planner_filtered_query_scalar_expected
pg-hnsw,250000,2,w2_0_1,625,0.830958,1.0,10,,planner_filtered_query_scalar_expected
pg-hnsw,250000,2,w2_0_1,900,0.792542,1.0,10,,planner_filtered_query_scalar_expected
pg-hnsw,250000,2,w2_0_1,843,1.132709,1.0,10,,planner_filtered_query_scalar_expected
pg-hnsw,250000,2,w2_0_1,617,0.925416,1.0,10,,planner_filtered_query_scalar_expected
pg-hnsw,250000,2,w2_0_1,975,6.377792,1.0,10,,planner_filtered_query_scalar_expected
pg-hnsw,250000,2,w2_0_1,237,1.13575,1.0,10,,planner_filtered_query_scalar_expected
pg-hnsw,250000,2,w2_0_1,321,0.898625,1.0,10,,planner_filtered_query_scalar_expected
pg-hnsw,250000,2,w2_0_1,846,1.194209,1.0,10,,planner_filtered_query_scalar_expected
pg-hnsw,250000,2,w2_0_1,793,1.291417,1.0,10,,planner_filtered_query_scalar_expected
pg-hnsw,250000,2,w2_0_1,556,1.737458,1.0,10,,planner_filtered_query_scalar_expected
pg-hnsw,250000,2,w2_0_1,651,0.933959,1.0,10,,planner_filtered_query_scalar_expected
pg-hnsw,250000,2,w2_0_1,631,0.820416,1.0,10,,planner_filtered_query_scalar_expected
pg-hnsw,250000,2,w2_0_1,575,0.747125,1.0,10,,planner_filtered_query_scalar_expected
pg-hnsw,250000,2,w2_0_1,345,0.76575,1.0,10,,planner_filtered_query_scalar_expected
pg-hnsw,250000,2,w2_0_1,506,0.930208,1.0,10,,planner_filtered_query_scalar_expected
pg-hnsw,250000,2,w2_0_1,281,0.7545,1.0,10,,planner_filtered_query_scalar_expected
pg-hnsw,250000,2,w2_0_1,632,1.078083,1.0,10,,planner_filtered_query_scalar_expected
pg-hnsw,250000,2,w2_0_1,593,1.034708,1.0,10,,planner_filtered_query_scalar_expected
pg-hnsw,250000,2,w2_0_1,667,1.024833,1.0,10,,planner_filtered_query_scalar_expected
pg-hnsw,250000,2,w2_0_1,149,0.948959,1.0,10,,planner_filtered_query_scalar_expected
pg-hnsw,250000,2,w2_0_1,330,1.015792,1.0,10,,planner_filtered_query_scalar_expected
pg-hnsw,250000,2,w2_0_1,646,1.125583,1.0,10,,planner_filtered_query_scalar_expected
pg-hnsw,250000,2,w2_0_1,599,0.804209,1.0,10,,planner_filtered_query_scalar_expected
pg-hnsw,250000,2,w2_0_1,760,2.792125,1.0,10,,planner_filtered_query_scalar_expected
pg-hnsw,250000,2,w2_0_1,422,1.107625,1.0,10,,planner_filtered_query_scalar_expected
pg-hnsw,250000,2,w2_0_1,814,0.912541,1.0,10,,planner_filtered_query_scalar_expected
pg-hnsw,250000,2,w2_0_1,192,0.902791,1.0,10,,planner_filtered_query_scalar_expected
pg-hnsw,250000,2,w2_0_1,513,1.2575,1.0,10,,planner_filtered_query_scalar_expected
pg-hnsw,250000,2,w2_0_1,819,0.866875,1.0,10,,planner_filtered_query_scalar_expected
pg-hnsw,250000,2,w2_0_1,871,0.879666,1.0,10,,planner_filtered_query_scalar_expected
pg-hnsw,250000,2,w2_0_1,772,1.060125,1.0,10,,planner_filtered_query_scalar_expected
pg-hnsw,250000,2,w2_0_1,690,0.9805,1.0,10,,planner_filtered_query_scalar_expected
pg-hnsw,250000,2,w2_0_1,290,0.954166,1.0,10,,planner_filtered_query_scalar_expected
pg-hnsw,250000,2,w2_0_1,263,0.909458,1.0,10,,planner_filtered_query_scalar_expected
pg-hnsw,250000,2,w2_0_1,300,1.170958,1.0,10,,planner_filtered_query_scalar_expected
pg-hnsw,250000,2,w2_0_1,247,0.886334,1.0,10,,planner_filtered_query_scalar_expected
pg-hnsw,250000,2,w2_0_1,858,1.040625,1.0,10,,planner_filtered_query_scalar_expected
pg-hnsw,250000,2,w2_0_1,166,4.413,1.0,10,,planner_filtered_query_scalar_expected
pg-hnsw,250000,2,w2_0_1,500,2.471292,1.0,10,,planner_filtered_query_scalar_expected
pg-hnsw,250000,2,w2_0_1,904,0.96525,1.0,10,,planner_filtered_query_scalar_expected
pg-hnsw,250000,2,w2_0_1,780,0.838375,1.0,10,,planner_filtered_query_scalar_expected
pg-hnsw,250000,2,w2_0_1,334,0.736916,1.0,10,,planner_filtered_query_scalar_expected
pg-hnsw,250000,2,w2_0_1,140,0.785834,1.0,10,,planner_filtered_query_scalar_expected
pg-hnsw,250000,2,w2_0_1,995,0.957583,1.0,10,,planner_filtered_query_scalar_expected
pg-hnsw,250000,2,w2_0_1,245,0.951209,1.0,10,,planner_filtered_query_scalar_expected
pg-hnsw,250000,2,w2_0_1,692,1.232417,1.0,10,,planner_filtered_query_scalar_expected
pg-hnsw,250000,2,w2_0_1,168,1.033208,1.0,10,,planner_filtered_query_scalar_expected
pg-hnsw,250000,2,w2_0_1,293,0.891833,1.0,10,,planner_filtered_query_scalar_expected
pg-hnsw,250000,2,w2_0_1,187,1.020291,1.0,10,,planner_filtered_query_scalar_expected
pg-hnsw,250000,2,w2_0_1,781,1.02925,1.0,10,,planner_filtered_query_scalar_expected
pg-hnsw,250000,2,w2_0_1,292,0.978958,1.0,10,,planner_filtered_query_scalar_expected
pg-hnsw,250000,2,w2_0_1,483,1.007167,1.0,10,,planner_filtered_query_scalar_expected
pg-hnsw,250000,2,w2_0_1,854,1.006625,1.0,10,,planner_filtered_query_scalar_expected
pg-hnsw,250000,2,w2_0_1,333,1.006208,1.0,10,,planner_filtered_query_scalar_expected
pg-hnsw,250000,2,w2_0_1,956,1.018667,1.0,10,,planner_filtered_query_scalar_expected
pg-hnsw,250000,2,w2_0_1,893,0.836708,1.0,10,,planner_filtered_query_scalar_expected
pg-hnsw,250000,2,w2_0_1,454,1.019791,1.0,10,,planner_filtered_query_scalar_expected
pg-hnsw,250000,2,w2_0_1,319,4.694917,1.0,10,,planner_filtered_query_scalar_expected
pg-hnsw,250000,2,w2_0_1,916,1.120916,1.0,10,,planner_filtered_query_scalar_expected
pg-hnsw,250000,2,w2_0_1,363,1.141292,1.0,10,,planner_filtered_query_scalar_expected
pg-hnsw,250000,2,w2_0_1,669,1.115583,1.0,10,,planner_filtered_query_scalar_expected
pg-hnsw,250000,2,w2_0_1,958,0.90475,1.0,10,,planner_filtered_query_scalar_expected
pg-hnsw,250000,2,w2_0_1,251,0.800375,1.0,10,,planner_filtered_query_scalar_expected
pg-hnsw,250000,2,w2_0_1,295,0.774833,1.0,10,,planner_filtered_query_scalar_expected
pg-hnsw,250000,2,w2_0_1,974,0.870167,1.0,10,,planner_filtered_query_scalar_expected
pg-hnsw,250000,2,w2_0_1,839,1.101166,1.0,10,,planner_filtered_query_scalar_expected
pg-hnsw,250000,2,w2_0_1,155,0.999167,1.0,10,,planner_filtered_query_scalar_expected
pg-hnsw,250000,2,w2_0_1,456,0.870375,1.0,10,,planner_filtered_query_scalar_expected
pg-hnsw,250000,2,w2_0_1,895,0.851417,1.0,10,,planner_filtered_query_scalar_expected
pg-hnsw,250000,2,w2_0_1,103,0.904083,1.0,10,,planner_filtered_query_scalar_expected
pg-hnsw,250000,2,w2_0_1,597,1.0425,1.0,10,,planner_filtered_query_scalar_expected
pg-hnsw,250000,2,w2_0_1,195,3.940333,1.0,10,,planner_filtered_query_scalar_expected
pg-hnsw,250000,2,w2_0_1,551,1.034042,1.0,10,,planner_filtered_query_scalar_expected
pg-hnsw,250000,2,w2_0_1,627,0.86225,1.0,10,,planner_filtered_query_scalar_expected
pg-hnsw,250000,2,w2_0_1,771,1.015125,1.0,10,,planner_filtered_query_scalar_expected
pg-hnsw,250000,2,w2_0_1,816,0.868541,1.0,10,,planner_filtered_query_scalar_expected
pg-hnsw,250000,2,w2_0_1,936,0.9475,1.0,10,,planner_filtered_query_scalar_expected
pg-hnsw,250000,2,w2_0_1,442,0.821208,1.0,10,,planner_filtered_query_scalar_expected
pg-hnsw,250000,2,w2_0_1,861,3.143417,1.0,10,,planner_filtered_query_scalar_expected
pg-hnsw,250000,2,w2_0_1,596,1.141666,1.0,10,,planner_filtered_query_scalar_expected
pg-hnsw,250000,2,w2_0_1,296,0.897792,1.0,10,,planner_filtered_query_scalar_expected
pg-hnsw,250000,2,w2_0_1,364,0.838583,1.0,10,,planner_filtered_query_scalar_expected
pg-hnsw,250000,2,w2_0_1,125,3.600708,1.0,10,,planner_filtered_query_scalar_expected
pg-hnsw,250000,2,w2_0_1,711,1.075583,1.0,10,,planner_filtered_query_scalar_expected
pg-hnsw,250000,2,w2_0_1,313,0.903167,1.0,10,,planner_filtered_query_scalar_expected
pg-hnsw,250000,2,w2_0_1,231,0.893375,1.0,10,,planner_filtered_query_scalar_expected
pg-hnsw,250000,2,w2_0_1,194,0.832209,1.0,10,,planner_filtered_query_scalar_expected
pg-hnsw,250000,2,w2_0_1,706,1.04825,1.0,10,,planner_filtered_query_scalar_expected
pg-hnsw,250000,2,w2_0_1,450,0.910541,1.0,10,,planner_filtered_query_scalar_expected
pg-hnsw,250000,2,w2_0_1,624,1.215125,1.0,10,,planner_filtered_query_scalar_expected
pg-hnsw,250000,2,w2_0_1,439,1.043959,1.0,10,,planner_filtered_query_scalar_expected
pg-hnsw,250000,2,w2_0_1,314,1.042292,1.0,10,,planner_filtered_query_scalar_expected
pg-hnsw,250000,2,w2_0_1,587,0.888917,1.0,10,,planner_filtered_query_scalar_expected
pg-hnsw,250000,2,w2_0_1,842,0.905041,1.0,10,,planner_filtered_query_scalar_expected
pg-hnsw,250000,2,w2_0_1,104,1.040208,1.0,10,,planner_filtered_query_scalar_expected
pg-hnsw,250000,2,w2_0_1,810,0.900667,1.0,10,,planner_filtered_query_scalar_expected
pg-hnsw,250000,2,w2_0_1,683,0.8285,1.0,10,,planner_filtered_query_scalar_expected
pg-hnsw,250000,2,w2_0_1,167,1.069292,1.0,10,,planner_filtered_query_scalar_expected
pg-hnsw,250000,2,w2_0_1,815,1.099417,1.0,10,,planner_filtered_query_scalar_expected
pg-hnsw,250000,2,w2_0_1,697,1.050833,1.0,10,,planner_filtered_query_scalar_expected
pg-hnsw,250000,2,w2_0_1,425,0.851709,1.0,10,,planner_filtered_query_scalar_expected
pg-hnsw,250000,2,w2_0_1,798,0.98175,1.0,10,,planner_filtered_query_scalar_expected
pg-hnsw,250000,2,w2_0_1,835,0.978125,1.0,10,,planner_filtered_query_scalar_expected
pg-hnsw,250000,2,w2_0_1,952,1.018042,1.0,10,,planner_filtered_query_scalar_expected
pg-hnsw,250000,2,w2_0_1,377,1.051459,1.0,10,,planner_filtered_query_scalar_expected
pg-hnsw,250000,2,w2_0_1,384,0.890167,1.0,10,,planner_filtered_query_scalar_expected
pg-hnsw,250000,2,w2_0_1,719,1.23875,1.0,10,,planner_filtered_query_scalar_expected
pg-hnsw,250000,2,w2_0_1,622,1.258042,1.0,10,,planner_filtered_query_scalar_expected
pg-hnsw,250000,2,w2_0_1,230,1.051875,1.0,10,,planner_filtered_query_scalar_expected
pg-hnsw,250000,2,w2_0_1,887,0.882125,1.0,10,,planner_filtered_query_scalar_expected
pg-hnsw,250000,2,w2_0_1,468,0.798292,1.0,10,,planner_filtered_query_scalar_expected
pg-hnsw,250000,2,w2_0_1,463,0.80725,1.0,10,,planner_filtered_query_scalar_expected
pg-hnsw,250000,2,w2_0_1,919,0.840708,1.0,10,,planner_filtered_query_scalar_expected
pg-hnsw,250000,2,w2_0_1,753,0.766542,1.0,10,,planner_filtered_query_scalar_expected
pg-hnsw,250000,2,w2_0_1,529,0.9695,1.0,10,,planner_filtered_query_scalar_expected
pg-hnsw,250000,2,w2_0_1,170,1.481333,1.0,10,,planner_filtered_query_scalar_expected
pg-hnsw,250000,2,w2_0_1,327,1.120583,1.0,10,,planner_filtered_query_scalar_expected
pg-hnsw,250000,2,w2_0_1,864,0.836042,1.0,10,,planner_filtered_query_scalar_expected
pg-hnsw,250000,2,w2_0_1,874,0.817167,1.0,10,,planner_filtered_query_scalar_expected
pg-hnsw,250000,2,w2_0_1,151,0.931542,1.0,10,,planner_filtered_query_scalar_expected
pg-hnsw,250000,2,w2_0_1,126,0.946625,1.0,10,,planner_filtered_query_scalar_expected
pg-hnsw,250000,2,w2_0_1,637,0.896042,1.0,10,,planner_filtered_query_scalar_expected
pg-hnsw,250000,2,w2_0_1,689,1.005458,1.0,10,,planner_filtered_query_scalar_expected
pg-hnsw,250000,2,w2_0_1,395,0.980875,1.0,10,,planner_filtered_query_scalar_expected
pg-hnsw,250000,2,w2_0_1,394,1.064708,1.0,10,,planner_filtered_query_scalar_expected
pg-hnsw,250000,2,w2_0_1,440,0.967375,1.0,10,,planner_filtered_query_scalar_expected
pg-hnsw,250000,2,w2_0_1,845,0.966709,1.0,10,,planner_filtered_query_scalar_expected
pg-hnsw,250000,2,w2_0_1,331,1.068792,1.0,10,,planner_filtered_query_scalar_expected
pg-hnsw,250000,2,w2_0_1,591,1.027209,1.0,10,,planner_filtered_query_scalar_expected
pg-hnsw,250000,2,w2_0_1,196,0.964834,1.0,10,,planner_filtered_query_scalar_expected
pg-hnsw,250000,2,w2_0_1,788,4.192458,1.0,10,,planner_filtered_query_scalar_expected
pg-hnsw,250000,2,w2_0_1,329,0.874042,1.0,10,,planner_filtered_query_scalar_expected
pg-hnsw,250000,2,w2_0_1,713,0.92225,1.0,10,,planner_filtered_query_scalar_expected
pg-hnsw,250000,2,w2_0_1,181,1.083541,1.0,10,,planner_filtered_query_scalar_expected
pg-hnsw,250000,2,w2_0_1,365,0.939958,1.0,10,,planner_filtered_query_scalar_expected
pg-hnsw,250000,2,w2_0_1,623,0.833125,1.0,10,,planner_filtered_query_scalar_expected
pg-hnsw,250000,2,w2_0_1,600,0.724333,1.0,10,,planner_filtered_query_scalar_expected
pg-hnsw,250000,2,w2_0_1,353,3.367333,1.0,10,,planner_filtered_query_scalar_expected
pg-hnsw,250000,2,w2_0_1,205,1.195333,1.0,10,,planner_filtered_query_scalar_expected
pg-hnsw,250000,2,w2_0_1,584,0.894042,1.0,10,,planner_filtered_query_scalar_expected
pg-hnsw,250000,2,w2_0_1,749,0.886417,1.0,10,,planner_filtered_query_scalar_expected
pg-hnsw,250000,2,w2_0_1,267,1.101,1.0,10,,planner_filtered_query_scalar_expected
pg-hnsw,250000,2,w2_0_1,464,0.812583,1.0,10,,planner_filtered_query_scalar_expected
pg-hnsw,250000,2,w2_0_1,324,3.780959,1.0,10,,planner_filtered_query_scalar_expected
pg-hnsw,250000,2,w2_0_1,922,1.154458,1.0,10,,planner_filtered_query_scalar_expected
pg-hnsw,250000,2,w2_0_1,421,0.935,1.0,10,,planner_filtered_query_scalar_expected
pg-hnsw,250000,2,w2_0_1,695,0.702375,1.0,10,,planner_filtered_query_scalar_expected
pg-hnsw,250000,2,w2_0_1,444,0.722875,1.0,10,,planner_filtered_query_scalar_expected
pg-hnsw,250000,2,w2_0_1,480,0.814709,1.0,10,,planner_filtered_query_scalar_expected
pg-hnsw,250000,2,w2_0_1,927,0.948208,1.0,10,,planner_filtered_query_scalar_expected
pg-hnsw,250000,2,w2_0_1,829,1.0555,1.0,10,,planner_filtered_query_scalar_expected
pg-hnsw,250000,2,w2_0_1,996,0.810416,1.0,10,,planner_filtered_query_scalar_expected
pg-hnsw,250000,2,w2_0_1,371,0.810875,1.0,10,,planner_filtered_query_scalar_expected
pg-hnsw,250000,2,w2_0_1,325,0.848834,1.0,10,,planner_filtered_query_scalar_expected
pg-hnsw,250000,2,w2_0_1,188,0.74375,1.0,10,,planner_filtered_query_scalar_expected
pg-hnsw,250000,2,w2_0_1,130,1.030375,1.0,10,,planner_filtered_query_scalar_expected
pg-hnsw,250000,2,w2_0_1,142,0.678459,1.0,10,,planner_filtered_query_scalar_expected
pg-hnsw,250000,2,w2_0_1,312,1.024208,1.0,10,,planner_filtered_query_scalar_expected
pg-hnsw,250000,2,w2_0_1,945,0.93675,1.0,10,,planner_filtered_query_scalar_expected
pg-hnsw,250000,2,w2_0_1,244,1.467417,1.0,10,,planner_filtered_query_scalar_expected
pg-hnsw,250000,2,w2_0_1,878,0.81625,1.0,10,,planner_filtered_query_scalar_expected
pg-hnsw,250000,2,w2_0_1,145,0.805375,1.0,10,,planner_filtered_query_scalar_expected
pg-hnsw,250000,2,w2_0_1,746,0.754042,1.0,10,,planner_filtered_query_scalar_expected
pg-hnsw,250000,2,w2_0_1,467,0.92125,1.0,10,,planner_filtered_query_scalar_expected
pg-hnsw,250000,2,w2_0_1,939,1.05225,1.0,10,,planner_filtered_query_scalar_expected
pg-hnsw,250000,2,w2_0_1,699,1.216416,1.0,10,,planner_filtered_query_scalar_expected
pg-hnsw,250000,2,w2_0_1,382,1.257917,1.0,10,,planner_filtered_query_scalar_expected
pg-hnsw,250000,2,w2_0_1,260,1.122375,1.0,10,,planner_filtered_query_scalar_expected
pg-hnsw,250000,2,w2_0_1,660,0.951708,1.0,10,,planner_filtered_query_scalar_expected
pg-hnsw,250000,2,w2_0_1,374,0.953917,1.0,10,,planner_filtered_query_scalar_expected
pg-hnsw,250000,2,w2_0_1,913,0.947375,1.0,10,,planner_filtered_query_scalar_expected
pg-hnsw,250000,2,w2_0_1,259,0.862958,1.0,10,,planner_filtered_query_scalar_expected
pg-hnsw,250000,2,w2_0_1,430,1.033917,1.0,10,,planner_filtered_query_scalar_expected
pg-hnsw,250000,2,w2_0_1,833,1.498042,1.0,10,,planner_filtered_query_scalar_expected
pg-hnsw,250000,2,w2_0_1,147,1.126459,1.0,10,,planner_filtered_query_scalar_expected
pg-hnsw,250000,2,w2_0_1,537,1.168542,1.0,10,,planner_filtered_query_scalar_expected
pg-hnsw,250000,2,w2_0_1,427,1.055292,1.0,10,,planner_filtered_query_scalar_expected
pg-hnsw,250000,2,w2_0_1,431,1.75375,1.0,10,,planner_filtered_query_scalar_expected
pg-hnsw,250000,2,w2_0_1,280,1.028333,1.0,10,,planner_filtered_query_scalar_expected
pg-hnsw,250000,2,w2_0_1,736,1.088708,1.0,10,,planner_filtered_query_scalar_expected
pg-hnsw,250000,2,w2_0_1,822,1.242542,1.0,10,,planner_filtered_query_scalar_expected
pg-hnsw,250000,2,w2_0_1,578,1.140667,1.0,10,,planner_filtered_query_scalar_expected
pg-hnsw,250000,2,w2_0_1,383,1.292958,1.0,10,,planner_filtered_query_scalar_expected
pg-hnsw,250000,2,w2_0_1,144,2.242666,1.0,10,,planner_filtered_query_scalar_expected
pg-hnsw,250000,2,w2_0_1,937,1.128125,1.0,10,,planner_filtered_query_scalar_expected
pg-hnsw,250000,2,w2_0_1,536,0.946625,1.0,10,,planner_filtered_query_scalar_expected
pg-hnsw,250000,2,w2_0_1,515,5.0125,1.0,10,,planner_filtered_query_scalar_expected
pg-hnsw,250000,2,w2_0_1,665,3.855542,1.0,10,,planner_filtered_query_scalar_expected
pg-hnsw,250000,2,w2_0_1,355,1.199541,1.0,10,,planner_filtered_query_scalar_expected
pg-hnsw,250000,2,w2_0_1,455,1.026917,1.0,10,,planner_filtered_query_scalar_expected
pg-hnsw,250000,2,w2_0_1,207,0.892583,1.0,10,,planner_filtered_query_scalar_expected
pg-hnsw,250000,2,w2_0_1,838,0.894584,1.0,10,,planner_filtered_query_scalar_expected
pg-hnsw,250000,2,w2_0_1,769,1.149708,1.0,10,,planner_filtered_query_scalar_expected
pg-hnsw,250000,2,w2_0_1,186,0.898584,1.0,10,,planner_filtered_query_scalar_expected
pg-hnsw,250000,2,w2_0_1,964,0.834333,1.0,10,,planner_filtered_query_scalar_expected
pg-hnsw,250000,2,w2_0_1,642,4.326834,1.0,10,,planner_filtered_query_scalar_expected
pg-hnsw,250000,2,w2_0_1,592,3.091792,1.0,10,,planner_filtered_query_scalar_expected
pg-hnsw,250000,2,w2_0_1,399,0.988958,1.0,10,,planner_filtered_query_scalar_expected
pg-hnsw,250000,2,w2_0_1,136,0.840834,1.0,10,,planner_filtered_query_scalar_expected
pg-hnsw,250000,2,w2_0_1,119,0.83175,1.0,10,,planner_filtered_query_scalar_expected
pg-hnsw,250000,2,w2_0_1,254,0.83925,1.0,10,,planner_filtered_query_scalar_expected
pg-hnsw,250000,2,w2_0_1,886,1.027875,1.0,10,,planner_filtered_query_scalar_expected
pg-hnsw,250000,2,w2_0_1,200,1.109875,1.0,10,,planner_filtered_query_scalar_expected
pg-hnsw,250000,2,w2_0_1,984,1.123917,1.0,10,,planner_filtered_query_scalar_expected
pg-hnsw,250000,2,w2_0_1,526,0.89525,1.0,10,,planner_filtered_query_scalar_expected
pg-hnsw,250000,2,w2_0_1,227,0.711791,1.0,10,,planner_filtered_query_scalar_expected
pg-hnsw,250000,2,w2_0_1,410,0.845792,1.0,10,,planner_filtered_query_scalar_expected
pg-hnsw,250000,2,w2_0_1,110,0.942833,1.0,10,,planner_filtered_query_scalar_expected
pg-hnsw,250000,2,w2_0_1,392,0.887084,1.0,10,,planner_filtered_query_scalar_expected
pg-hnsw,250000,2,w2_0_1,603,1.031666,1.0,10,,planner_filtered_query_scalar_expected
pg-hnsw,250000,2,w2_0_1,907,1.117917,1.0,10,,planner_filtered_query_scalar_expected
pg-hnsw,250000,2,w2_0_1,580,1.068958,1.0,10,,planner_filtered_query_scalar_expected
pg-hnsw,250000,2,w2_0_1,250,1.336792,1.0,10,,planner_filtered_query_scalar_expected
pg-hnsw,250000,2,w2_0_1,691,1.121542,1.0,10,,planner_filtered_query_scalar_expected
pg-hnsw,250000,2,w2_0_1,923,1.104416,1.0,10,,planner_filtered_query_scalar_expected
pg-hnsw,250000,2,w2_0_1,743,1.149625,1.0,10,,planner_filtered_query_scalar_expected
pg-hnsw,250000,2,w2_0_1,238,1.073791,1.0,10,,planner_filtered_query_scalar_expected
pg-hnsw,250000,2,w2_0_1,115,1.733625,1.0,10,,planner_filtered_query_scalar_expected
pg-hnsw,250000,2,w2_0_1,380,1.23425,1.0,10,,planner_filtered_query_scalar_expected
pg-hnsw,250000,2,w2_0_1,323,1.080875,1.0,10,,planner_filtered_query_scalar_expected
pg-hnsw,250000,2,w2_0_1,301,1.743541,1.0,10,,planner_filtered_query_scalar_expected
pg-hnsw,250000,2,w2_0_1,356,1.147292,1.0,10,,planner_filtered_query_scalar_expected
pg-hnsw,250000,2,w2_0_1,620,1.411792,1.0,10,,planner_filtered_query_scalar_expected
pg-hnsw,250000,2,w2_0_1,561,1.739125,1.0,10,,planner_filtered_query_scalar_expected
pg-hnsw,250000,2,w2_0_1,934,1.164666,1.0,10,,planner_filtered_query_scalar_expected
pg-hnsw,250000,2,w2_0_1,210,1.488667,1.0,10,,planner_filtered_query_scalar_expected
pg-hnsw,250000,2,w2_0_1,700,1.656541,1.0,10,,planner_filtered_query_scalar_expected
pg-hnsw,250000,2,w2_0_1,963,1.246584,1.0,10,,planner_filtered_query_scalar_expected
pg-hnsw,250000,2,w2_0_1,451,1.085875,1.0,10,,planner_filtered_query_scalar_expected
pg-hnsw,250000,2,w2_0_1,582,0.899375,1.0,10,,planner_filtered_query_scalar_expected
pg-hnsw,250000,2,w2_0_1,764,0.868917,1.0,10,,planner_filtered_query_scalar_expected
pg-hnsw,250000,2,w2_0_1,234,1.031416,1.0,10,,planner_filtered_query_scalar_expected
pg-hnsw,250000,2,w2_0_1,265,0.946792,1.0,10,,planner_filtered_query_scalar_expected
pg-hnsw,250000,2,w2_0_1,644,1.120583,1.0,10,,planner_filtered_query_scalar_expected
pg-hnsw,250000,2,w2_0_1,441,0.901083,1.0,10,,planner_filtered_query_scalar_expected
pg-hnsw,250000,2,w2_0_1,488,1.057792,1.0,10,,planner_filtered_query_scalar_expected
pg-hnsw,250000,2,w2_0_1,720,1.294917,1.0,10,,planner_filtered_query_scalar_expected
pg-hnsw,250000,2,w2_0_1,598,1.03325,1.0,10,,planner_filtered_query_scalar_expected
pg-hnsw,250000,2,w2_0_1,885,0.997542,1.0,10,,planner_filtered_query_scalar_expected
pg-hnsw,250000,2,w2_0_1,634,0.943333,1.0,10,,planner_filtered_query_scalar_expected
pg-hnsw,250000,2,w2_0_1,588,0.911667,1.0,10,,planner_filtered_query_scalar_expected
pg-hnsw,250000,2,w2_0_1,530,0.755125,1.0,10,,planner_filtered_query_scalar_expected
pg-hnsw,250000,2,w2_0_1,298,0.733875,1.0,10,,planner_filtered_query_scalar_expected
pg-hnsw,250000,2,w2_0_1,557,5.269375,1.0,10,,planner_filtered_query_scalar_expected
pg-hnsw,250000,2,w2_0_1,362,1.286625,1.0,10,,planner_filtered_query_scalar_expected
pg-hnsw,250000,2,w2_0_1,569,0.965334,1.0,10,,planner_filtered_query_scalar_expected
pg-hnsw,250000,2,w2_0_1,704,0.864375,1.0,10,,planner_filtered_query_scalar_expected
pg-hnsw,250000,2,w2_0_1,985,1.758375,1.0,10,,planner_filtered_query_scalar_expected
pg-hnsw,250000,2,w2_0_1,420,1.108375,1.0,10,,planner_filtered_query_scalar_expected
pg-hnsw,250000,2,w2_0_1,108,1.639417,1.0,10,,planner_filtered_query_scalar_expected
pg-hnsw,250000,2,w2_0_1,608,1.075042,1.0,10,,planner_filtered_query_scalar_expected
pg-hnsw,250000,2,w2_0_1,863,2.521625,1.0,10,,planner_filtered_query_scalar_expected
pg-hnsw,250000,2,w2_0_1,857,1.077,1.0,10,,planner_filtered_query_scalar_expected
pg-hnsw,250000,2,w2_0_1,133,5.614292,1.0,10,,planner_filtered_query_scalar_expected
pg-hnsw,250000,2,w2_0_1,453,1.495375,1.0,10,,planner_filtered_query_scalar_expected
pg-hnsw,250000,2,w2_0_1,264,0.997792,1.0,10,,planner_filtered_query_scalar_expected
pg-hnsw,250000,2,w2_0_1,297,0.76025,1.0,10,,planner_filtered_query_scalar_expected
pg-hnsw,250000,2,w2_0_1,445,1.044125,1.0,10,,planner_filtered_query_scalar_expected
pg-hnsw,250000,2,w2_0_1,448,1.133708,1.0,10,,planner_filtered_query_scalar_expected
pg-hnsw,250000,2,w2_0_1,517,0.868458,1.0,10,,planner_filtered_query_scalar_expected
pg-hnsw,250000,2,w2_0_1,741,0.837708,1.0,10,,planner_filtered_query_scalar_expected
pg-hnsw,250000,2,w2_0_1,134,0.875959,1.0,10,,planner_filtered_query_scalar_expected
pg-hnsw,250000,2,w2_0_1,491,0.892291,1.0,10,,planner_filtered_query_scalar_expected
pg-hnsw,250000,2,w2_0_1,898,0.863458,1.0,10,,planner_filtered_query_scalar_expected
pg-hnsw,250000,2,w2_0_1,172,4.850458,1.0,10,,planner_filtered_query_scalar_expected
pg-hnsw,250000,2,w2_0_1,303,1.21075,1.0,10,,planner_filtered_query_scalar_expected
pg-hnsw,250000,2,w2_0_1,339,0.992583,1.0,10,,planner_filtered_query_scalar_expected
pg-hnsw,250000,2,w2_0_1,289,0.897875,1.0,10,,planner_filtered_query_scalar_expected
pg-hnsw,250000,2,w2_0_1,856,3.263209,1.0,10,,planner_filtered_query_scalar_expected
pg-hnsw,250000,2,w2_0_1,986,1.163541,1.0,10,,planner_filtered_query_scalar_expected
pg-hnsw,250000,2,w2_0_1,340,0.829167,1.0,10,,planner_filtered_query_scalar_expected
pg-hnsw,250000,2,w2_0_1,629,0.8405,1.0,10,,planner_filtered_query_scalar_expected
pg-hnsw,250000,2,w2_0_1,827,0.815625,1.0,10,,planner_filtered_query_scalar_expected
pg-hnsw,250000,2,w2_0_1,379,0.779,1.0,10,,planner_filtered_query_scalar_expected
pg-hnsw,250000,2,w2_0_1,164,0.869291,1.0,10,,planner_filtered_query_scalar_expected
pg-hnsw,250000,2,w2_0_1,156,0.79475,1.0,10,,planner_filtered_query_scalar_expected
pg-hnsw,250000,2,w2_0_1,729,2.757625,1.0,10,,planner_filtered_query_scalar_expected
pg-hnsw,250000,2,w2_0_1,758,1.238333,1.0,10,,planner_filtered_query_scalar_expected
pg-hnsw,250000,2,w2_0_1,481,0.843041,1.0,10,,planner_filtered_query_scalar_expected
pg-hnsw,250000,2,w2_0_1,418,1.0215,1.0,10,,planner_filtered_query_scalar_expected
pg-hnsw,250000,2,w2_0_1,953,1.048875,1.0,10,,planner_filtered_query_scalar_expected
pg-hnsw,250000,2,w2_0_1,527,0.894292,1.0,10,,planner_filtered_query_scalar_expected
pg-hnsw,250000,2,w2_0_1,994,0.871,1.0,10,,planner_filtered_query_scalar_expected
pg-hnsw,250000,2,w2_0_1,509,1.091417,1.0,10,,planner_filtered_query_scalar_expected
pg-hnsw,250000,2,w2_0_1,747,1.006708,1.0,10,,planner_filtered_query_scalar_expected
pg-hnsw,250000,2,w2_0_1,165,1.209959,1.0,10,,planner_filtered_query_scalar_expected
pg-hnsw,250000,2,w2_0_1,404,0.903541,1.0,10,,planner_filtered_query_scalar_expected
pg-hnsw,250000,2,w2_0_1,317,1.464834,1.0,10,,planner_filtered_query_scalar_expected
pg-hnsw,250000,2,w2_0_1,197,0.965166,1.0,10,,planner_filtered_query_scalar_expected
pg-hnsw,250000,2,w2_0_1,182,0.978792,1.0,10,,planner_filtered_query_scalar_expected
pg-hnsw,250000,2,w2_0_1,607,1.284209,1.0,10,,planner_filtered_query_scalar_expected
pg-hnsw,250000,2,w2_0_1,566,0.976875,1.0,10,,planner_filtered_query_scalar_expected
pg-hnsw,250000,2,w2_0_1,354,0.990792,1.0,10,,planner_filtered_query_scalar_expected
pg-hnsw,250000,2,w2_0_1,309,1.038125,1.0,10,,planner_filtered_query_scalar_expected
pg-hnsw,250000,2,w2_0_1,865,0.786916,1.0,10,,planner_filtered_query_scalar_expected
pg-hnsw,250000,2,w2_0_1,400,0.877625,1.0,10,,planner_filtered_query_scalar_expected
pg-hnsw,250000,2,w2_0_1,820,1.1825,1.0,10,,planner_filtered_query_scalar_expected
pg-hnsw,250000,2,w2_0_1,875,0.995459,1.0,10,,planner_filtered_query_scalar_expected
pg-hnsw,250000,2,w2_0_1,342,0.882792,1.0,10,,planner_filtered_query_scalar_expected
pg-hnsw,250000,2,w2_0_1,763,1.001416,1.0,10,,planner_filtered_query_scalar_expected
pg-hnsw,250000,2,w2_0_1,978,1.059916,1.0,10,,planner_filtered_query_scalar_expected
pg-hnsw,250000,2,w2_0_1,268,1.187417,1.0,10,,planner_filtered_query_scalar_expected
pg-hnsw,250000,2,w2_0_1,795,1.291583,1.0,10,,planner_filtered_query_scalar_expected
pg-hnsw,250000,2,w2_0_1,397,4.2125,1.0,10,,planner_filtered_query_scalar_expected
pg-hnsw,250000,2,w2_0_1,357,0.924917,1.0,10,,planner_filtered_query_scalar_expected
pg-hnsw,250000,2,w2_0_1,543,0.785583,1.0,10,,planner_filtered_query_scalar_expected
pg-hnsw,250000,2,w2_0_1,855,1.051875,1.0,10,,planner_filtered_query_scalar_expected
pg-hnsw,250000,2,w2_0_1,825,0.932667,1.0,10,,planner_filtered_query_scalar_expected
pg-hnsw,250000,2,w2_0_1,707,0.783458,1.0,10,,planner_filtered_query_scalar_expected
pg-hnsw,250000,2,w2_0_1,740,0.764916,1.0,10,,planner_filtered_query_scalar_expected
pg-hnsw,250000,2,w2_0_1,520,0.796791,1.0,10,,planner_filtered_query_scalar_expected
pg-hnsw,250000,2,w2_0_1,459,0.83525,1.0,10,,planner_filtered_query_scalar_expected
pg-hnsw,250000,2,w2_0_1,792,1.254125,1.0,10,,planner_filtered_query_scalar_expected
pg-hnsw,250000,2,w2_0_1,215,0.949916,1.0,10,,planner_filtered_query_scalar_expected
pg-hnsw,250000,2,w2_0_1,568,0.980667,1.0,10,,planner_filtered_query_scalar_expected
pg-hnsw,250000,2,w2_0_1,516,0.802917,1.0,10,,planner_filtered_query_scalar_expected
pg-hnsw,250000,2,w2_0_1,752,3.05675,1.0,10,,planner_filtered_query_scalar_expected
pg-hnsw,250000,2,w2_0_1,657,1.078042,1.0,10,,planner_filtered_query_scalar_expected
pg-hnsw,250000,2,w2_0_1,848,1.081625,1.0,10,,planner_filtered_query_scalar_expected
pg-hnsw,250000,2,w2_0_1,233,0.759625,1.0,10,,planner_filtered_query_scalar_expected
pg-hnsw,250000,2,w2_0_1,236,0.875583,1.0,10,,planner_filtered_query_scalar_expected
pg-hnsw,250000,2,w2_0_1,435,1.002666,1.0,10,,planner_filtered_query_scalar_expected
pg-hnsw,250000,2,w2_0_1,802,0.954834,1.0,10,,planner_filtered_query_scalar_expected
pg-hnsw,250000,2,w2_0_1,911,0.836,1.0,10,,planner_filtered_query_scalar_expected
pg-hnsw,250000,2,w2_0_1,619,0.966459,1.0,10,,planner_filtered_query_scalar_expected
pg-hnsw,250000,2,w2_0_1,860,0.976042,1.0,10,,planner_filtered_query_scalar_expected
pg-hnsw,250000,2,w2_0_1,717,1.020209,1.0,10,,planner_filtered_query_scalar_expected
pg-hnsw,250000,2,w2_0_1,148,0.908125,1.0,10,,planner_filtered_query_scalar_expected
pg-hnsw,250000,2,w2_0_1,417,0.830042,1.0,10,,planner_filtered_query_scalar_expected
pg-hnsw,250000,2,w2_0_1,498,0.899167,1.0,10,,planner_filtered_query_scalar_expected
pg-hnsw,250000,2,w2_0_1,161,0.90025,1.0,10,,planner_filtered_query_scalar_expected
pg-hnsw,250000,2,w2_0_1,694,0.811792,1.0,10,,planner_filtered_query_scalar_expected
pg-hnsw,250000,2,w2_0_1,709,0.893084,1.0,10,,planner_filtered_query_scalar_expected
pg-hnsw,250000,2,w2_0_1,102,0.994083,1.0,10,,planner_filtered_query_scalar_expected
pg-hnsw,250000,2,w2_0_1,751,1.076959,1.0,10,,planner_filtered_query_scalar_expected
pg-hnsw,250000,2,w2_0_1,616,0.964833,1.0,10,,planner_filtered_query_scalar_expected
pg-hnsw,250000,2,w2_0_1,571,0.857708,1.0,10,,planner_filtered_query_scalar_expected
pg-hnsw,250000,2,w2_0_1,159,1.061459,1.0,10,,planner_filtered_query_scalar_expected
pg-hnsw,250000,2,w2_0_1,949,0.961375,1.0,10,,planner_filtered_query_scalar_expected
pg-hnsw,250000,2,w2_0_1,278,0.923666,1.0,10,,planner_filtered_query_scalar_expected
pg-hnsw,250000,2,w2_0_1,767,2.144625,1.0,10,,planner_filtered_query_scalar_expected
pg-hnsw,250000,2,w2_0_1,702,1.556708,1.0,10,,planner_filtered_query_scalar_expected
pg-hnsw,250000,2,w2_0_1,375,1.004833,1.0,10,,planner_filtered_query_scalar_expected
pg-hnsw,250000,2,w2_0_1,851,0.89725,1.0,10,,planner_filtered_query_scalar_expected
pg-hnsw,250000,2,w2_0_1,531,0.879833,1.0,10,,planner_filtered_query_scalar_expected
pg-hnsw,250000,2,w2_0_1,628,0.727542,1.0,10,,planner_filtered_query_scalar_expected
pg-hnsw,250000,2,w2_0_1,107,0.907833,1.0,10,,planner_filtered_query_scalar_expected
pg-hnsw,250000,2,w2_0_1,474,0.832125,1.0,10,,planner_filtered_query_scalar_expected
pg-hnsw,250000,2,w2_0_1,770,0.682334,1.0,10,,planner_filtered_query_scalar_expected
pg-hnsw,250000,2,w2_0_1,954,2.218333,1.0,10,,planner_filtered_query_scalar_expected
pg-hnsw,250000,2,w2_0_1,482,1.818,1.0,10,,planner_filtered_query_scalar_expected
pg-hnsw,250000,2,w2_0_1,813,0.936791,1.0,10,,planner_filtered_query_scalar_expected
pg-hnsw,250000,2,w2_0_1,101,0.69825,1.0,10,,planner_filtered_query_scalar_expected
pg-hnsw,250000,2,w2_0_1,972,0.822209,1.0,10,,planner_filtered_query_scalar_expected
pg-hnsw,250000,2,w2_0_1,883,0.824958,1.0,10,,planner_filtered_query_scalar_expected
pg-hnsw,250000,2,w2_0_1,178,0.729542,1.0,10,,planner_filtered_query_scalar_expected
pg-hnsw,250000,2,w2_0_1,554,2.193916,1.0,10,,planner_filtered_query_scalar_expected
pg-hnsw,250000,2,w3,422,60.351792,1.0,10,,scalar_first_exact
pg-hnsw,250000,2,w3,920,61.065833,1.0,10,,scalar_first_exact
pg-hnsw,250000,2,w3,829,62.0525,1.0,10,,scalar_first_exact
pg-hnsw,250000,2,w3,797,60.260708,1.0,10,,scalar_first_exact
pg-hnsw,250000,2,w3,483,63.725792,1.0,10,,scalar_first_exact
pg-hnsw,250000,2,w3,966,63.721875,1.0,10,,scalar_first_exact
pg-hnsw,250000,2,w3,651,62.242833,1.0,10,,scalar_first_exact
pg-hnsw,250000,2,w3,855,61.265083,1.0,10,,scalar_first_exact
pg-hnsw,250000,2,w3,324,62.931375,1.0,10,,scalar_first_exact
pg-hnsw,250000,2,w3,805,60.960041,1.0,10,,scalar_first_exact
pg-hnsw,250000,2,w3,309,60.462167,1.0,10,,scalar_first_exact
pg-hnsw,250000,2,w3,672,57.997333,1.0,10,,scalar_first_exact
pg-hnsw,250000,2,w3,563,60.473583,1.0,10,,scalar_first_exact
pg-hnsw,250000,2,w3,285,61.054916,1.0,10,,scalar_first_exact
pg-hnsw,250000,2,w3,615,61.773875,1.0,10,,scalar_first_exact
pg-hnsw,250000,2,w3,490,60.612209,1.0,10,,scalar_first_exact
pg-hnsw,250000,2,w3,375,60.382959,1.0,10,,scalar_first_exact
pg-hnsw,250000,2,w3,276,61.661834,1.0,10,,scalar_first_exact
pg-hnsw,250000,2,w3,996,61.6885,1.0,10,,scalar_first_exact
pg-hnsw,250000,2,w3,748,62.872417,1.0,10,,scalar_first_exact
pg-hnsw,250000,2,w3,626,65.102167,1.0,10,,scalar_first_exact
pg-hnsw,250000,2,w3,175,60.867375,1.0,10,,scalar_first_exact
pg-hnsw,250000,2,w3,167,64.255334,1.0,10,,scalar_first_exact
pg-hnsw,250000,2,w3,878,60.707334,1.0,10,,scalar_first_exact
pg-hnsw,250000,2,w3,457,65.246292,1.0,10,,scalar_first_exact
pg-hnsw,250000,2,w3,398,63.205542,1.0,10,,scalar_first_exact
pg-hnsw,250000,2,w3,418,61.414417,1.0,10,,scalar_first_exact
pg-hnsw,250000,2,w3,844,60.260208,1.0,10,,scalar_first_exact
pg-hnsw,250000,2,w3,478,60.17675,1.0,10,,scalar_first_exact
pg-hnsw,250000,2,w3,995,63.358166,1.0,10,,scalar_first_exact
pg-hnsw,250000,2,w3,319,60.683041,1.0,10,,scalar_first_exact
pg-hnsw,250000,2,w3,937,61.6305,1.0,10,,scalar_first_exact
pg-hnsw,250000,2,w3,136,61.699625,1.0,10,,scalar_first_exact
pg-hnsw,250000,2,w3,125,61.862708,1.0,10,,scalar_first_exact
pg-hnsw,250000,2,w3,336,61.715917,1.0,10,,scalar_first_exact
pg-hnsw,250000,2,w3,248,60.689292,1.0,10,,scalar_first_exact
pg-hnsw,250000,2,w3,918,60.3375,1.0,10,,scalar_first_exact
pg-hnsw,250000,2,w3,310,61.016,1.0,10,,scalar_first_exact
pg-hnsw,250000,2,w3,541,62.849459,1.0,10,,scalar_first_exact
pg-hnsw,250000,2,w3,525,61.188583,1.0,10,,scalar_first_exact
pg-hnsw,250000,2,w3,212,60.824916,1.0,10,,scalar_first_exact
pg-hnsw,250000,2,w3,732,60.137583,1.0,10,,scalar_first_exact
pg-hnsw,250000,2,w3,199,58.74825,1.0,10,,scalar_first_exact
pg-hnsw,250000,2,w3,102,58.870333,1.0,10,,scalar_first_exact
pg-hnsw,250000,2,w3,913,59.864417,1.0,10,,scalar_first_exact
pg-hnsw,250000,2,w3,830,59.320667,1.0,10,,scalar_first_exact
pg-hnsw,250000,2,w3,828,60.637792,1.0,10,,scalar_first_exact
pg-hnsw,250000,2,w3,772,60.452834,1.0,10,,scalar_first_exact
pg-hnsw,250000,2,w3,221,59.543458,1.0,10,,scalar_first_exact
pg-hnsw,250000,2,w3,582,59.6725,1.0,10,,scalar_first_exact
pg-hnsw,250000,2,w3,232,61.984916,1.0,10,,scalar_first_exact
pg-hnsw,250000,2,w3,239,62.375459,1.0,10,,scalar_first_exact
pg-hnsw,250000,2,w3,860,64.339666,1.0,10,,scalar_first_exact
pg-hnsw,250000,2,w3,930,65.568875,1.0,10,,scalar_first_exact
pg-hnsw,250000,2,w3,444,65.49425,1.0,10,,scalar_first_exact
pg-hnsw,250000,2,w3,900,60.3285,1.0,10,,scalar_first_exact
pg-hnsw,250000,2,w3,786,60.110416,1.0,10,,scalar_first_exact
pg-hnsw,250000,2,w3,469,60.944792,1.0,10,,scalar_first_exact
pg-hnsw,250000,2,w3,308,61.599333,1.0,10,,scalar_first_exact
pg-hnsw,250000,2,w3,233,60.15475,1.0,10,,scalar_first_exact
pg-hnsw,250000,2,w3,243,62.139291,1.0,10,,scalar_first_exact
pg-hnsw,250000,2,w3,846,61.836708,1.0,10,,scalar_first_exact
pg-hnsw,250000,2,w3,737,61.531334,1.0,10,,scalar_first_exact
pg-hnsw,250000,2,w3,576,62.226458,1.0,10,,scalar_first_exact
pg-hnsw,250000,2,w3,154,60.515916,1.0,10,,scalar_first_exact
pg-hnsw,250000,2,w3,614,61.230542,1.0,10,,scalar_first_exact
pg-hnsw,250000,2,w3,631,61.516875,1.0,10,,scalar_first_exact
pg-hnsw,250000,2,w3,434,64.551875,1.0,10,,scalar_first_exact
pg-hnsw,250000,2,w3,172,60.173959,1.0,10,,scalar_first_exact
pg-hnsw,250000,2,w3,969,65.02975,1.0,10,,scalar_first_exact
pg-hnsw,250000,2,w3,161,60.213666,1.0,10,,scalar_first_exact
pg-hnsw,250000,2,w3,886,63.522291,1.0,10,,scalar_first_exact
pg-hnsw,250000,2,w3,879,62.260375,1.0,10,,scalar_first_exact
pg-hnsw,250000,2,w3,551,64.127084,1.0,10,,scalar_first_exact
pg-hnsw,250000,2,w3,741,60.947333,1.0,10,,scalar_first_exact
pg-hnsw,250000,2,w3,744,59.301334,1.0,10,,scalar_first_exact
pg-hnsw,250000,2,w3,980,59.376542,1.0,10,,scalar_first_exact
pg-hnsw,250000,2,w3,939,60.479084,1.0,10,,scalar_first_exact
pg-hnsw,250000,2,w3,729,59.2645,1.0,10,,scalar_first_exact
pg-hnsw,250000,2,w3,328,61.561875,1.0,10,,scalar_first_exact
pg-hnsw,250000,2,w3,723,62.666833,1.0,10,,scalar_first_exact
pg-hnsw,250000,2,w3,395,62.826709,1.0,10,,scalar_first_exact
pg-hnsw,250000,2,w3,413,59.639666,1.0,10,,scalar_first_exact
pg-hnsw,250000,2,w3,811,60.302875,1.0,10,,scalar_first_exact
pg-hnsw,250000,2,w3,450,61.128875,1.0,10,,scalar_first_exact
pg-hnsw,250000,2,w3,708,67.286458,1.0,10,,scalar_first_exact
pg-hnsw,250000,2,w3,777,85.340625,1.0,10,,scalar_first_exact
pg-hnsw,250000,2,w3,292,73.418541,1.0,10,,scalar_first_exact
pg-hnsw,250000,2,w3,304,63.787292,1.0,10,,scalar_first_exact
pg-hnsw,250000,2,w3,845,93.900958,1.0,10,,scalar_first_exact
pg-hnsw,250000,2,w3,632,72.352625,1.0,10,,scalar_first_exact
pg-hnsw,250000,2,w3,103,77.069375,1.0,10,,scalar_first_exact
pg-hnsw,250000,2,w3,259,75.940667,1.0,10,,scalar_first_exact
pg-hnsw,250000,2,w3,406,66.937666,1.0,10,,scalar_first_exact
pg-hnsw,250000,2,w3,916,62.41025,1.0,10,,scalar_first_exact
pg-hnsw,250000,2,w3,883,62.976542,1.0,10,,scalar_first_exact
pg-hnsw,250000,2,w3,421,60.986292,1.0,10,,scalar_first_exact
pg-hnsw,250000,2,w3,142,60.719459,1.0,10,,scalar_first_exact
pg-hnsw,250000,2,w3,562,60.130208,1.0,10,,scalar_first_exact
pg-hnsw,250000,2,w3,711,59.786125,1.0,10,,scalar_first_exact
pg-hnsw,250000,2,w3,736,69.046666,1.0,10,,scalar_first_exact
pg-hnsw,250000,2,w3,947,66.991292,1.0,10,,scalar_first_exact
pg-hnsw,250000,2,w3,500,63.33625,1.0,10,,scalar_first_exact
pg-hnsw,250000,2,w3,120,60.663875,1.0,10,,scalar_first_exact
pg-hnsw,250000,2,w3,193,60.875584,1.0,10,,scalar_first_exact
pg-hnsw,250000,2,w3,299,60.990042,1.0,10,,scalar_first_exact
pg-hnsw,250000,2,w3,146,66.828959,1.0,10,,scalar_first_exact
pg-hnsw,250000,2,w3,991,62.947875,1.0,10,,scalar_first_exact
pg-hnsw,250000,2,w3,825,61.021625,1.0,10,,scalar_first_exact
pg-hnsw,250000,2,w3,671,61.622166,1.0,10,,scalar_first_exact
pg-hnsw,250000,2,w3,726,62.267625,1.0,10,,scalar_first_exact
pg-hnsw,250000,2,w3,970,61.074375,1.0,10,,scalar_first_exact
pg-hnsw,250000,2,w3,512,62.290708,1.0,10,,scalar_first_exact
pg-hnsw,250000,2,w3,670,61.2605,1.0,10,,scalar_first_exact
pg-hnsw,250000,2,w3,556,61.189916,1.0,10,,scalar_first_exact
pg-hnsw,250000,2,w3,116,63.100667,1.0,10,,scalar_first_exact
pg-hnsw,250000,2,w3,443,60.538292,1.0,10,,scalar_first_exact
pg-hnsw,250000,2,w3,363,66.864208,1.0,10,,scalar_first_exact
pg-hnsw,250000,2,w3,716,65.167916,1.0,10,,scalar_first_exact
pg-hnsw,250000,2,w3,793,63.624875,1.0,10,,scalar_first_exact
pg-hnsw,250000,2,w3,783,61.173958,1.0,10,,scalar_first_exact
pg-hnsw,250000,2,w3,393,60.074917,1.0,10,,scalar_first_exact
pg-hnsw,250000,2,w3,246,62.213667,1.0,10,,scalar_first_exact
pg-hnsw,250000,2,w3,891,63.052041,1.0,10,,scalar_first_exact
pg-hnsw,250000,2,w3,989,59.935625,1.0,10,,scalar_first_exact
pg-hnsw,250000,2,w3,766,61.644792,1.0,10,,scalar_first_exact
pg-hnsw,250000,2,w3,831,63.758625,1.0,10,,scalar_first_exact
pg-hnsw,250000,2,w3,522,61.349125,1.0,10,,scalar_first_exact
pg-hnsw,250000,2,w3,337,62.037875,1.0,10,,scalar_first_exact
pg-hnsw,250000,2,w3,782,61.7155,1.0,10,,scalar_first_exact
pg-hnsw,250000,2,w3,689,61.995708,1.0,10,,scalar_first_exact
pg-hnsw,250000,2,w3,241,59.188458,1.0,10,,scalar_first_exact
pg-hnsw,250000,2,w3,150,61.147666,1.0,10,,scalar_first_exact
pg-hnsw,250000,2,w3,922,60.984542,1.0,10,,scalar_first_exact
pg-hnsw,250000,2,w3,333,61.651875,1.0,10,,scalar_first_exact
pg-hnsw,250000,2,w3,531,59.785375,1.0,10,,scalar_first_exact
pg-hnsw,250000,2,w3,784,61.417042,1.0,10,,scalar_first_exact
pg-hnsw,250000,2,w3,861,63.9655,1.0,10,,scalar_first_exact
pg-hnsw,250000,2,w3,692,60.479084,1.0,10,,scalar_first_exact
pg-hnsw,250000,2,w3,664,60.884708,1.0,10,,scalar_first_exact
pg-hnsw,250000,2,w3,152,62.184084,1.0,10,,scalar_first_exact
pg-hnsw,250000,2,w3,601,60.241167,1.0,10,,scalar_first_exact
pg-hnsw,250000,2,w3,332,61.139666,1.0,10,,scalar_first_exact
pg-hnsw,250000,2,w3,709,61.98925,1.0,10,,scalar_first_exact
pg-hnsw,250000,2,w3,514,60.642375,1.0,10,,scalar_first_exact
pg-hnsw,250000,2,w3,606,62.389458,1.0,10,,scalar_first_exact
pg-hnsw,250000,2,w3,297,62.054917,1.0,10,,scalar_first_exact
pg-hnsw,250000,2,w3,560,64.564542,1.0,10,,scalar_first_exact
pg-hnsw,250000,2,w3,683,62.496959,1.0,10,,scalar_first_exact
pg-hnsw,250000,2,w3,771,60.576208,1.0,10,,scalar_first_exact
pg-hnsw,250000,2,w3,529,65.351458,1.0,10,,scalar_first_exact
pg-hnsw,250000,2,w3,552,61.34725,1.0,10,,scalar_first_exact
pg-hnsw,250000,2,w3,341,62.880417,1.0,10,,scalar_first_exact
pg-hnsw,250000,2,w3,931,60.293,1.0,10,,scalar_first_exact
pg-hnsw,250000,2,w3,902,59.4275,1.0,10,,scalar_first_exact
pg-hnsw,250000,2,w3,386,61.038541,1.0,10,,scalar_first_exact
pg-hnsw,250000,2,w3,558,61.861,1.0,10,,scalar_first_exact
pg-hnsw,250000,2,w3,779,60.11375,1.0,10,,scalar_first_exact
pg-hnsw,250000,2,w3,135,61.186583,1.0,10,,scalar_first_exact
pg-hnsw,250000,2,w3,917,62.359,1.0,10,,scalar_first_exact
pg-hnsw,250000,2,w3,275,61.332583,1.0,10,,scalar_first_exact
pg-hnsw,250000,2,w3,646,59.992042,1.0,10,,scalar_first_exact
pg-hnsw,250000,2,w3,287,61.501875,1.0,10,,scalar_first_exact
pg-hnsw,250000,2,w3,453,61.335541,1.0,10,,scalar_first_exact
pg-hnsw,250000,2,w3,590,64.455333,1.0,10,,scalar_first_exact
pg-hnsw,250000,2,w3,687,62.388542,1.0,10,,scalar_first_exact
pg-hnsw,250000,2,w3,170,60.708042,1.0,10,,scalar_first_exact
pg-hnsw,250000,2,w3,535,64.168,1.0,10,,scalar_first_exact
pg-hnsw,250000,2,w3,848,60.577125,1.0,10,,scalar_first_exact
pg-hnsw,250000,2,w3,510,59.502584,1.0,10,,scalar_first_exact
pg-hnsw,250000,2,w3,459,61.065125,1.0,10,,scalar_first_exact
pg-hnsw,250000,2,w3,612,58.715708,1.0,10,,scalar_first_exact
pg-hnsw,250000,2,w3,638,61.012292,1.0,10,,scalar_first_exact
pg-hnsw,250000,2,w3,284,61.453458,1.0,10,,scalar_first_exact
pg-hnsw,250000,2,w3,555,63.146458,1.0,10,,scalar_first_exact
pg-hnsw,250000,2,w3,270,60.792875,1.0,10,,scalar_first_exact
pg-hnsw,250000,2,w3,813,61.266375,1.0,10,,scalar_first_exact
pg-hnsw,250000,2,w3,933,61.124792,1.0,10,,scalar_first_exact
pg-hnsw,250000,2,w3,718,62.911458,1.0,10,,scalar_first_exact
pg-hnsw,250000,2,w3,607,62.052542,1.0,10,,scalar_first_exact
pg-hnsw,250000,2,w3,506,61.4845,1.0,10,,scalar_first_exact
pg-hnsw,250000,2,w3,584,61.49075,1.0,10,,scalar_first_exact
pg-hnsw,250000,2,w3,735,66.301167,1.0,10,,scalar_first_exact
pg-hnsw,250000,2,w3,266,63.631416,1.0,10,,scalar_first_exact
pg-hnsw,250000,2,w3,394,60.537708,1.0,10,,scalar_first_exact
pg-hnsw,250000,2,w3,839,60.254875,1.0,10,,scalar_first_exact
pg-hnsw,250000,2,w3,462,59.451542,1.0,10,,scalar_first_exact
pg-hnsw,250000,2,w3,826,60.054958,1.0,10,,scalar_first_exact
pg-hnsw,250000,2,w3,429,60.627959,1.0,10,,scalar_first_exact
pg-hnsw,250000,2,w3,712,57.385625,1.0,10,,scalar_first_exact
pg-hnsw,250000,2,w3,501,61.215292,1.0,10,,scalar_first_exact
pg-hnsw,250000,2,w3,202,61.425666,1.0,10,,scalar_first_exact
pg-hnsw,250000,2,w3,641,59.760167,1.0,10,,scalar_first_exact
pg-hnsw,250000,2,w3,481,62.59275,1.0,10,,scalar_first_exact
pg-hnsw,250000,2,w3,909,61.3255,1.0,10,,scalar_first_exact
pg-hnsw,250000,2,w3,919,60.658542,1.0,10,,scalar_first_exact
pg-hnsw,250000,2,w3,808,60.900416,1.0,10,,scalar_first_exact
pg-hnsw,250000,2,w3,480,62.412917,1.0,10,,scalar_first_exact
pg-hnsw,250000,2,w3,666,61.21925,1.0,10,,scalar_first_exact
pg-hnsw,250000,2,w3,762,59.986041,1.0,10,,scalar_first_exact
pg-hnsw,250000,2,w3,466,63.852333,1.0,10,,scalar_first_exact
pg-hnsw,250000,2,w3,824,63.452208,1.0,10,,scalar_first_exact
pg-hnsw,250000,2,w3,679,61.983958,1.0,10,,scalar_first_exact
pg-hnsw,250000,2,w3,431,59.596542,1.0,10,,scalar_first_exact
pg-hnsw,250000,2,w3,972,59.548,1.0,10,,scalar_first_exact
pg-hnsw,250000,2,w3,515,62.287584,1.0,10,,scalar_first_exact
pg-hnsw,250000,2,w3,237,61.268541,1.0,10,,scalar_first_exact
pg-hnsw,250000,2,w3,678,63.741709,1.0,10,,scalar_first_exact
pg-hnsw,250000,2,w3,231,59.73825,1.0,10,,scalar_first_exact
pg-hnsw,250000,2,w3,210,61.789666,1.0,10,,scalar_first_exact
pg-hnsw,250000,2,w3,780,60.556667,1.0,10,,scalar_first_exact
pg-hnsw,250000,2,w3,681,59.672917,1.0,10,,scalar_first_exact
pg-hnsw,250000,2,w3,677,60.304792,1.0,10,,scalar_first_exact
pg-hnsw,250000,2,w3,998,61.125875,1.0,10,,scalar_first_exact
pg-hnsw,250000,2,w3,265,61.3235,1.0,10,,scalar_first_exact
pg-hnsw,250000,2,w3,650,60.946125,1.0,10,,scalar_first_exact
pg-hnsw,250000,2,w3,350,62.582125,1.0,10,,scalar_first_exact
pg-hnsw,250000,2,w3,230,60.481833,1.0,10,,scalar_first_exact
pg-hnsw,250000,2,w3,794,59.363625,1.0,10,,scalar_first_exact
pg-hnsw,250000,2,w3,376,61.657042,1.0,10,,scalar_first_exact
pg-hnsw,250000,2,w3,223,60.356625,1.0,10,,scalar_first_exact
pg-hnsw,250000,2,w3,385,62.060292,1.0,10,,scalar_first_exact
pg-hnsw,250000,2,w3,115,59.961916,1.0,10,,scalar_first_exact
pg-hnsw,250000,2,w3,871,61.018542,1.0,10,,scalar_first_exact
pg-hnsw,250000,2,w3,623,61.303666,1.0,10,,scalar_first_exact
pg-hnsw,250000,2,w3,128,64.279042,1.0,10,,scalar_first_exact
pg-hnsw,250000,2,w3,836,61.31775,1.0,10,,scalar_first_exact
pg-hnsw,250000,2,w3,866,60.981666,1.0,10,,scalar_first_exact
pg-hnsw,250000,2,w3,788,61.160167,1.0,10,,scalar_first_exact
pg-hnsw,250000,2,w3,151,60.012875,1.0,10,,scalar_first_exact
pg-hnsw,250000,2,w3,316,60.747125,1.0,10,,scalar_first_exact
pg-hnsw,250000,2,w3,355,61.346125,1.0,10,,scalar_first_exact
pg-hnsw,250000,2,w3,852,61.263334,1.0,10,,scalar_first_exact
pg-hnsw,250000,2,w3,114,61.193166,1.0,10,,scalar_first_exact
pg-hnsw,250000,2,w3,440,61.057709,1.0,10,,scalar_first_exact
pg-hnsw,250000,2,w3,197,64.438208,1.0,10,,scalar_first_exact
pg-hnsw,250000,2,w3,208,60.947084,1.0,10,,scalar_first_exact
pg-hnsw,250000,2,w3,617,98.176833,1.0,10,,scalar_first_exact
pg-hnsw,250000,2,w3,579,75.341833,1.0,10,,scalar_first_exact
pg-hnsw,250000,2,w3,573,74.658958,1.0,10,,scalar_first_exact
pg-hnsw,250000,2,w3,960,67.508625,1.0,10,,scalar_first_exact
pg-hnsw,250000,2,w3,496,65.450625,1.0,10,,scalar_first_exact
pg-hnsw,250000,2,w3,211,63.454,1.0,10,,scalar_first_exact
pg-hnsw,250000,2,w3,277,62.086125,1.0,10,,scalar_first_exact
pg-hnsw,250000,2,w3,929,61.449458,1.0,10,,scalar_first_exact
pg-hnsw,250000,2,w3,158,60.42125,1.0,10,,scalar_first_exact
pg-hnsw,250000,2,w3,131,63.7465,1.0,10,,scalar_first_exact
pg-hnsw,250000,2,w3,492,61.739667,1.0,10,,scalar_first_exact
pg-hnsw,250000,2,w3,191,64.6885,1.0,10,,scalar_first_exact
pg-hnsw,250000,2,w3,540,63.256292,1.0,10,,scalar_first_exact
pg-hnsw,250000,2,w3,368,62.182167,1.0,10,,scalar_first_exact
pg-hnsw,250000,2,w3,435,60.120333,1.0,10,,scalar_first_exact
pg-hnsw,250000,2,w3,993,60.962334,1.0,10,,scalar_first_exact
pg-hnsw,250000,2,w3,994,58.350625,1.0,10,,scalar_first_exact
pg-hnsw,250000,2,w3,302,59.883167,1.0,10,,scalar_first_exact
pg-hnsw,250000,2,w3,288,60.041667,1.0,10,,scalar_first_exact
pg-hnsw,250000,2,w3,944,62.217958,1.0,10,,scalar_first_exact
pg-hnsw,250000,2,w3,415,62.783667,1.0,10,,scalar_first_exact
pg-hnsw,250000,2,w3,853,60.687333,1.0,10,,scalar_first_exact
pg-hnsw,250000,2,w3,927,61.904583,1.0,10,,scalar_first_exact
pg-hnsw,250000,2,w3,256,61.781959,1.0,10,,scalar_first_exact
pg-hnsw,250000,2,w3,629,65.787833,1.0,10,,scalar_first_exact
pg-hnsw,250000,2,w3,448,61.44775,1.0,10,,scalar_first_exact
pg-hnsw,250000,2,w3,479,61.033792,1.0,10,,scalar_first_exact
pg-hnsw,250000,2,w3,323,60.468,1.0,10,,scalar_first_exact
pg-hnsw,250000,2,w3,934,62.00925,1.0,10,,scalar_first_exact
pg-hnsw,250000,2,w3,963,62.699792,1.0,10,,scalar_first_exact
pg-hnsw,250000,2,w3,599,59.985167,1.0,10,,scalar_first_exact
pg-hnsw,250000,2,w3,954,60.931208,1.0,10,,scalar_first_exact
pg-hnsw,250000,2,w3,905,60.332958,1.0,10,,scalar_first_exact
pg-hnsw,250000,2,w3,800,60.158417,1.0,10,,scalar_first_exact
pg-hnsw,250000,2,w3,570,61.899292,1.0,10,,scalar_first_exact
pg-hnsw,250000,2,w3,987,62.063334,1.0,10,,scalar_first_exact
pg-hnsw,250000,2,w3,214,61.730334,1.0,10,,scalar_first_exact
pg-hnsw,250000,2,w3,345,61.068917,1.0,10,,scalar_first_exact
pg-hnsw,250000,2,w3,234,61.145958,1.0,10,,scalar_first_exact
pg-hnsw,250000,2,w3,162,60.726458,1.0,10,,scalar_first_exact
pg-hnsw,250000,2,w3,335,60.958625,1.0,10,,scalar_first_exact
pg-hnsw,250000,2,w3,516,61.204375,1.0,10,,scalar_first_exact
pg-hnsw,250000,2,w3,318,85.872,1.0,10,,scalar_first_exact
pg-hnsw,250000,2,w3,367,77.078209,1.0,10,,scalar_first_exact
pg-hnsw,250000,2,w3,965,68.04,1.0,10,,scalar_first_exact
pg-hnsw,250000,2,w3,697,63.377083,1.0,10,,scalar_first_exact
pg-hnsw,250000,2,w3,988,64.732375,1.0,10,,scalar_first_exact
pg-hnsw,250000,2,w3,690,60.555083,1.0,10,,scalar_first_exact
pg-hnsw,250000,2,w3,106,61.979542,1.0,10,,scalar_first_exact
pg-hnsw,250000,2,w3,695,64.448916,1.0,10,,scalar_first_exact
pg-hnsw,250000,2,w3,770,60.574375,1.0,10,,scalar_first_exact
pg-hnsw,250000,2,w3,890,61.328709,1.0,10,,scalar_first_exact
pg-hnsw,250000,2,w3,643,64.315458,1.0,10,,scalar_first_exact
pg-hnsw,250000,2,w3,533,63.869917,1.0,10,,scalar_first_exact
pg-hnsw,250000,2,w3,301,61.68125,1.0,10,,scalar_first_exact
pg-hnsw,250000,2,w3,787,63.340083,1.0,10,,scalar_first_exact
pg-hnsw,250000,2,w3,680,60.779708,1.0,10,,scalar_first_exact
pg-hnsw,250000,2,w3,897,61.878084,1.0,10,,scalar_first_exact
pg-hnsw,250000,2,w3,201,61.531,1.0,10,,scalar_first_exact
pg-hnsw,250000,2,w3,621,63.0075,1.0,10,,scalar_first_exact
pg-hnsw,250000,2,w3,463,60.465833,1.0,10,,scalar_first_exact
pg-hnsw,250000,2,w3,495,61.34,1.0,10,,scalar_first_exact
pg-hnsw,250000,2,w3,110,59.191666,1.0,10,,scalar_first_exact
pg-hnsw,250000,2,w3,438,71.498959,1.0,10,,scalar_first_exact
pg-hnsw,250000,2,w3,107,67.354292,1.0,10,,scalar_first_exact
pg-hnsw,250000,2,w3,587,65.621583,1.0,10,,scalar_first_exact
pg-hnsw,250000,2,w3,602,62.60225,1.0,10,,scalar_first_exact
pg-hnsw,250000,2,w3,143,91.110583,1.0,10,,scalar_first_exact
pg-hnsw,250000,2,w3,938,60.375958,1.0,10,,scalar_first_exact
pg-hnsw,250000,2,w3,351,61.8565,1.0,10,,scalar_first_exact
pg-hnsw,250000,2,w3,907,62.032208,1.0,10,,scalar_first_exact
pg-hnsw,250000,2,w3,705,61.31925,1.0,10,,scalar_first_exact
pg-hnsw,250000,2,w3,283,62.941666,1.0,10,,scalar_first_exact
pg-hnsw,250000,2,w3,177,64.984542,1.0,10,,scalar_first_exact
pg-hnsw,250000,2,w3,546,60.644417,1.0,10,,scalar_first_exact
pg-hnsw,250000,2,w3,295,62.632667,1.0,10,,scalar_first_exact
pg-hnsw,250000,2,w3,238,61.878833,1.0,10,,scalar_first_exact
pg-hnsw,250000,2,w3,153,60.455625,1.0,10,,scalar_first_exact
pg-hnsw,250000,2,w3,565,61.027458,1.0,10,,scalar_first_exact
pg-hnsw,250000,2,w3,280,61.210334,1.0,10,,scalar_first_exact
pg-hnsw,250000,2,w3,286,61.250417,1.0,10,,scalar_first_exact
pg-hnsw,250000,2,w3,747,62.565541,1.0,10,,scalar_first_exact
pg-hnsw,250000,2,w3,129,61.035875,1.0,10,,scalar_first_exact
pg-hnsw,250000,2,w3,289,59.3695,1.0,10,,scalar_first_exact
pg-hnsw,250000,2,w3,807,61.183167,1.0,10,,scalar_first_exact
pg-hnsw,250000,2,w3,658,61.401834,1.0,10,,scalar_first_exact
pg-hnsw,250000,2,w3,428,63.75075,1.0,10,,scalar_first_exact
pg-hnsw,250000,2,w3,572,59.284792,1.0,10,,scalar_first_exact
pg-hnsw,250000,2,w3,756,62.785,1.0,10,,scalar_first_exact
pg-hnsw,250000,2,w3,924,61.653916,1.0,10,,scalar_first_exact
pg-hnsw,250000,2,w3,634,61.144,1.0,10,,scalar_first_exact
pg-hnsw,250000,2,w3,898,64.098667,1.0,10,,scalar_first_exact
pg-hnsw,250000,2,w3,196,63.935875,1.0,10,,scalar_first_exact
pg-hnsw,250000,2,w3,675,61.276334,1.0,10,,scalar_first_exact
pg-hnsw,250000,2,w3,639,64.105667,1.0,10,,scalar_first_exact
pg-hnsw,250000,2,w3,731,59.901542,1.0,10,,scalar_first_exact
pg-hnsw,250000,2,w3,548,61.769458,1.0,10,,scalar_first_exact
pg-hnsw,250000,2,w3,881,62.567458,1.0,10,,scalar_first_exact
pg-hnsw,250000,2,w3,952,59.170708,1.0,10,,scalar_first_exact
pg-hnsw,250000,2,w3,530,60.618542,1.0,10,,scalar_first_exact
pg-hnsw,250000,2,w3,100,59.64675,1.0,10,,scalar_first_exact
pg-hnsw,250000,2,w3,594,65.062375,1.0,10,,scalar_first_exact
pg-hnsw,250000,2,w3,707,63.353917,1.0,10,,scalar_first_exact
pg-hnsw,250000,2,w3,436,62.020625,1.0,10,,scalar_first_exact
pg-hnsw,250000,2,w3,381,60.430833,1.0,10,,scalar_first_exact
pg-hnsw,250000,2,w3,348,62.412542,1.0,10,,scalar_first_exact
pg-hnsw,250000,2,w3,550,59.483583,1.0,10,,scalar_first_exact
pg-hnsw,250000,2,w3,517,61.620875,1.0,10,,scalar_first_exact
pg-hnsw,250000,2,w3,409,62.17925,1.0,10,,scalar_first_exact
pg-hnsw,250000,2,w3,290,59.833875,1.0,10,,scalar_first_exact
pg-hnsw,250000,2,w3,218,60.377708,1.0,10,,scalar_first_exact
pg-hnsw,250000,2,w3,870,59.018958,1.0,10,,scalar_first_exact
pg-hnsw,250000,2,w3,524,61.004833,1.0,10,,scalar_first_exact
pg-hnsw,250000,2,w3,118,60.037959,1.0,10,,scalar_first_exact
pg-hnsw,250000,2,w3,225,60.853834,1.0,10,,scalar_first_exact
pg-hnsw,250000,2,w3,249,61.44475,1.0,10,,scalar_first_exact
pg-hnsw,250000,2,w3,640,60.321791,1.0,10,,scalar_first_exact
pg-hnsw,250000,2,w3,419,64.088916,1.0,10,,scalar_first_exact
pg-hnsw,250000,2,w3,892,60.1575,1.0,10,,scalar_first_exact
pg-hnsw,250000,2,w3,498,61.426625,1.0,10,,scalar_first_exact
pg-hnsw,250000,2,w3,130,61.061584,1.0,10,,scalar_first_exact
pg-hnsw,250000,2,w3,449,59.573375,1.0,10,,scalar_first_exact
pg-hnsw,250000,2,w3,111,61.521125,1.0,10,,scalar_first_exact
pg-hnsw,250000,2,w3,769,59.795708,1.0,10,,scalar_first_exact
pg-hnsw,250000,2,w3,372,60.316167,1.0,10,,scalar_first_exact
pg-hnsw,250000,2,w3,691,60.634583,1.0,10,,scalar_first_exact
pg-hnsw,250000,2,w3,200,59.486208,1.0,10,,scalar_first_exact
pg-hnsw,250000,2,w3,534,59.738917,1.0,10,,scalar_first_exact
pg-hnsw,250000,2,w3,721,60.178792,1.0,10,,scalar_first_exact
pg-hnsw,250000,2,w3,465,61.067125,1.0,10,,scalar_first_exact
pg-hnsw,250000,2,w3,408,61.757958,1.0,10,,scalar_first_exact
pg-hnsw,250000,2,w3,523,62.301833,1.0,10,,scalar_first_exact
pg-hnsw,250000,2,w3,588,61.815709,1.0,10,,scalar_first_exact
pg-hnsw,250000,2,w3,974,61.012333,1.0,10,,scalar_first_exact
pg-hnsw,250000,2,w3,789,60.902708,1.0,10,,scalar_first_exact
pg-hnsw,250000,2,w3,387,60.910917,1.0,10,,scalar_first_exact
pg-hnsw,250000,2,w3,847,61.7425,1.0,10,,scalar_first_exact
pg-hnsw,250000,2,w3,880,60.8455,1.0,10,,scalar_first_exact
pg-hnsw,250000,2,w3,953,60.944208,1.0,10,,scalar_first_exact
pg-hnsw,250000,2,w3,400,59.990375,1.0,10,,scalar_first_exact
pg-hnsw,250000,2,w3,155,62.771292,1.0,10,,scalar_first_exact
pg-hnsw,250000,2,w3,124,61.206791,1.0,10,,scalar_first_exact
pg-hnsw,250000,2,w3,412,62.786917,1.0,10,,scalar_first_exact
pg-hnsw,250000,2,w3,575,60.921959,1.0,10,,scalar_first_exact
pg-hnsw,250000,2,w3,978,60.117916,1.0,10,,scalar_first_exact
pg-hnsw,250000,2,w3,179,61.476792,1.0,10,,scalar_first_exact
pg-hnsw,250000,2,w3,159,60.899042,1.0,10,,scalar_first_exact
pg-hnsw,250000,2,w3,346,64.333875,1.0,10,,scalar_first_exact
pg-hnsw,250000,2,w3,144,61.581667,1.0,10,,scalar_first_exact
pg-hnsw,250000,2,w3,340,62.728666,1.0,10,,scalar_first_exact
pg-hnsw,250000,2,w3,742,61.379458,1.0,10,,scalar_first_exact
pg-hnsw,250000,2,w3,619,63.397417,1.0,10,,scalar_first_exact
pg-hnsw,250000,2,w3,968,62.433667,1.0,10,,scalar_first_exact
pg-hnsw,250000,2,w3,493,63.444458,1.0,10,,scalar_first_exact
pg-hnsw,250000,2,w3,186,66.124916,1.0,10,,scalar_first_exact
pg-hnsw,250000,2,w3,694,65.437417,1.0,10,,scalar_first_exact
pg-hnsw,250000,2,w3,198,62.441916,1.0,10,,scalar_first_exact
pg-hnsw,250000,2,w3,693,63.668666,1.0,10,,scalar_first_exact
pg-hnsw,250000,2,w3,942,61.48875,1.0,10,,scalar_first_exact
pg-hnsw,250000,2,w3,557,61.395375,1.0,10,,scalar_first_exact
pg-hnsw,250000,2,w3,371,61.640708,1.0,10,,scalar_first_exact
pg-hnsw,250000,2,w3,567,75.787708,1.0,10,,scalar_first_exact
pg-hnsw,250000,2,w3,549,64.210334,1.0,10,,scalar_first_exact
pg-hnsw,250000,2,w3,257,68.639458,1.0,10,,scalar_first_exact
pg-hnsw,250000,2,w3,757,65.692084,1.0,10,,scalar_first_exact
pg-hnsw,250000,2,w3,876,64.6135,1.0,10,,scalar_first_exact
pg-hnsw,250000,2,w3,164,63.868625,1.0,10,,scalar_first_exact
pg-hnsw,250000,2,w3,706,63.984916,1.0,10,,scalar_first_exact
pg-hnsw,250000,2,w3,405,61.098958,1.0,10,,scalar_first_exact
pg-hnsw,250000,2,w3,488,63.991583,1.0,10,,scalar_first_exact
pg-hnsw,250000,2,w3,229,60.882625,1.0,10,,scalar_first_exact
pg-hnsw,250000,2,w3,104,62.875792,1.0,10,,scalar_first_exact
pg-hnsw,250000,2,w3,166,64.012208,1.0,10,,scalar_first_exact
pg-hnsw,250000,2,w3,178,64.526875,1.0,10,,scalar_first_exact
pg-hnsw,250000,2,w3,738,60.784709,1.0,10,,scalar_first_exact
pg-hnsw,250000,2,w3,986,61.041375,1.0,10,,scalar_first_exact
pg-hnsw,250000,2,w3,370,60.205,1.0,10,,scalar_first_exact
pg-hnsw,250000,2,w3,611,62.0515,1.0,10,,scalar_first_exact
pg-hnsw,250000,2,w3,703,61.820667,1.0,10,,scalar_first_exact
pg-hnsw,250000,2,w3,447,62.64375,1.0,10,,scalar_first_exact
pg-hnsw,250000,2,w3,402,60.772916,1.0,10,,scalar_first_exact
pg-hnsw,250000,2,w3,622,61.395375,1.0,10,,scalar_first_exact
pg-hnsw,250000,2,w3,147,60.614792,1.0,10,,scalar_first_exact
pg-hnsw,250000,2,w3,182,59.087458,1.0,10,,scalar_first_exact
pg-hnsw,250000,2,w3,899,61.072042,1.0,10,,scalar_first_exact
pg-hnsw,250000,2,w3,358,60.84225,1.0,10,,scalar_first_exact
pg-hnsw,250000,2,w3,507,62.71425,1.0,10,,scalar_first_exact
pg-hnsw,250000,2,w3,157,62.127375,1.0,10,,scalar_first_exact
pg-hnsw,250000,2,w3,720,60.76675,1.0,10,,scalar_first_exact
pg-hnsw,250000,2,w3,174,60.493583,1.0,10,,scalar_first_exact
pg-hnsw,250000,2,w3,608,59.029542,1.0,10,,scalar_first_exact
pg-hnsw,250000,2,w3,872,59.20775,1.0,10,,scalar_first_exact
pg-hnsw,250000,2,w3,101,61.702625,1.0,10,,scalar_first_exact
pg-hnsw,250000,2,w3,928,60.022042,1.0,10,,scalar_first_exact
pg-hnsw,250000,2,w3,827,71.223917,1.0,10,,scalar_first_exact
pg-hnsw,250000,2,w3,564,61.023959,1.0,10,,scalar_first_exact
pg-hnsw,250000,2,w3,538,60.813709,1.0,10,,scalar_first_exact
pg-hnsw,250000,2,w3,222,60.482792,1.0,10,,scalar_first_exact
pg-hnsw,250000,2,w3,654,62.834041,1.0,10,,scalar_first_exact
pg-hnsw,250000,2,w3,727,64.293833,1.0,10,,scalar_first_exact
pg-hnsw,250000,2,w3,484,62.4365,1.0,10,,scalar_first_exact
pg-hnsw,250000,2,w3,722,60.509625,1.0,10,,scalar_first_exact
pg-hnsw,250000,2,w3,628,62.37075,1.0,10,,scalar_first_exact
pg-hnsw,250000,2,w3,242,59.621458,1.0,10,,scalar_first_exact
pg-hnsw,250000,2,w3,451,61.870625,1.0,10,,scalar_first_exact
pg-hnsw,250000,2,w3,730,60.743417,1.0,10,,scalar_first_exact
pg-hnsw,250000,2,w3,217,63.677833,1.0,10,,scalar_first_exact
pg-hnsw,250000,2,w3,240,59.310042,1.0,10,,scalar_first_exact
pg-hnsw,250000,2,w3,840,60.306708,1.0,10,,scalar_first_exact
pg-hnsw,250000,2,w3,663,60.423708,1.0,10,,scalar_first_exact
pg-hnsw,250000,2,w3,580,65.396834,1.0,10,,scalar_first_exact
pg-hnsw,250000,2,w3,603,61.711958,1.0,10,,scalar_first_exact
pg-hnsw,250000,2,w3,127,62.526916,1.0,10,,scalar_first_exact
pg-hnsw,250000,2,w3,733,61.894375,1.0,10,,scalar_first_exact
pg-hnsw,250000,2,w3,668,62.632875,1.0,10,,scalar_first_exact
pg-hnsw,250000,2,w3,755,61.61325,1.0,10,,scalar_first_exact
pg-hnsw,250000,2,w3,633,60.309833,1.0,10,,scalar_first_exact
pg-hnsw,250000,2,w3,698,60.986209,1.0,10,,scalar_first_exact
pg-hnsw,250000,2,w3,914,60.255,1.0,10,,scalar_first_exact
pg-hnsw,250000,2,w3,821,59.688791,1.0,10,,scalar_first_exact
pg-hnsw,250000,2,w3,536,61.812417,1.0,10,,scalar_first_exact
pg-hnsw,250000,2,w3,452,61.4665,1.0,10,,scalar_first_exact
pg-hnsw,250000,2,w3,908,60.128708,1.0,10,,scalar_first_exact
pg-hnsw,250000,2,w3,796,60.440084,1.0,10,,scalar_first_exact
pg-hnsw,250000,2,w3,467,62.43875,1.0,10,,scalar_first_exact
pg-hnsw,250000,2,w3,331,60.444875,1.0,10,,scalar_first_exact
pg-hnsw,250000,2,w3,518,60.84625,1.0,10,,scalar_first_exact
pg-hnsw,250000,2,w3,717,63.931291,1.0,10,,scalar_first_exact
pg-hnsw,250000,2,w3,686,61.274916,1.0,10,,scalar_first_exact
pg-hnsw,250000,2,w3,950,61.160792,1.0,10,,scalar_first_exact
pg-hnsw,250000,2,w3,956,61.853541,1.0,10,,scalar_first_exact
pg-hnsw,250000,2,w3,390,60.693417,1.0,10,,scalar_first_exact
pg-hnsw,250000,2,w3,205,60.701834,1.0,10,,scalar_first_exact
pg-hnsw,250000,2,w3,411,59.846041,1.0,10,,scalar_first_exact
pg-hnsw,250000,2,w3,267,62.994,1.0,10,,scalar_first_exact
pg-hnsw,250000,2,w3,520,61.02725,1.0,10,,scalar_first_exact
pg-hnsw,250000,2,w3,714,60.999541,1.0,10,,scalar_first_exact
pg-hnsw,250000,2,w3,875,61.200959,1.0,10,,scalar_first_exact
pg-hnsw,250000,2,w3,511,60.940125,1.0,10,,scalar_first_exact
pg-hnsw,250000,2,w3,294,64.856166,1.0,10,,scalar_first_exact
pg-hnsw,250000,2,w3,171,59.619375,1.0,10,,scalar_first_exact
pg-hnsw,250000,2,w3,964,59.482709,1.0,10,,scalar_first_exact
pg-hnsw,250000,2,w3,648,63.584583,1.0,10,,scalar_first_exact
pg-hnsw,250000,2,w3,745,61.277875,1.0,10,,scalar_first_exact
pg-hnsw,250000,2,w3,173,61.853416,1.0,10,,scalar_first_exact
pg-hnsw,250000,2,w3,630,59.780417,1.0,10,,scalar_first_exact
pg-hnsw,250000,2,w3,189,60.317584,1.0,10,,scalar_first_exact
pg-hnsw,250000,2,w3,526,63.622292,1.0,10,,scalar_first_exact
pg-hnsw,250000,2,w3,754,62.067625,1.0,10,,scalar_first_exact
pg-hnsw,250000,2,w3,595,62.254208,1.0,10,,scalar_first_exact
pg-hnsw,250000,2,w3,389,60.739125,1.0,10,,scalar_first_exact
pg-hnsw,250000,2,w3,841,60.760709,1.0,10,,scalar_first_exact
pg-hnsw,250000,2,w3,554,63.17025,1.0,10,,scalar_first_exact
pg-hnsw,250000,2,w3,268,62.522709,1.0,10,,scalar_first_exact
pg-hnsw,250000,2,w3,321,63.432584,1.0,10,,scalar_first_exact
pg-hnsw,250000,2,w3,977,61.843791,1.0,10,,scalar_first_exact
pg-hnsw,250000,2,w3,710,59.845042,1.0,10,,scalar_first_exact
pg-hnsw,250000,2,w3,306,61.966459,1.0,10,,scalar_first_exact
pg-hnsw,250000,2,w3,183,61.022292,1.0,10,,scalar_first_exact
pg-hnsw,250000,2,w3,945,60.271667,1.0,10,,scalar_first_exact
pg-hnsw,250000,2,w3,761,62.198875,1.0,10,,scalar_first_exact
pg-hnsw,250000,2,w3,356,59.85975,1.0,10,,scalar_first_exact
pg-hnsw,250000,2,w3,244,61.201458,1.0,10,,scalar_first_exact
pg-hnsw,250000,2,w3,279,62.52425,1.0,10,,scalar_first_exact
pg-hnsw,250000,2,w3,583,68.031208,1.0,10,,scalar_first_exact
pg-hnsw,250000,2,w3,849,61.181083,1.0,10,,scalar_first_exact
pg-hnsw,250000,2,w3,577,63.882584,1.0,10,,scalar_first_exact
pg-hnsw,250000,2,w3,571,60.778333,1.0,10,,scalar_first_exact
pg-hnsw,250000,2,w3,605,62.55575,1.0,10,,scalar_first_exact
pg-hnsw,250000,2,w3,798,60.302708,1.0,10,,scalar_first_exact
pg-hnsw,250000,2,w3,361,59.818709,1.0,10,,scalar_first_exact
pg-hnsw,250000,2,w3,113,61.497917,1.0,10,,scalar_first_exact
pg-hnsw,250000,2,w3,868,63.936916,1.0,10,,scalar_first_exact
pg-hnsw,250000,2,w3,596,60.898958,1.0,10,,scalar_first_exact
pg-hnsw,250000,2,w3,656,63.040833,1.0,10,,scalar_first_exact
pg-hnsw,250000,2,w3,765,60.690334,1.0,10,,scalar_first_exact
pg-hnsw,250000,2,w3,820,61.169959,1.0,10,,scalar_first_exact
pg-hnsw,250000,2,w3,684,60.755541,1.0,10,,scalar_first_exact
pg-hnsw,250000,2,w3,790,62.632208,1.0,10,,scalar_first_exact
pg-hnsw,250000,2,w3,426,61.710292,1.0,10,,scalar_first_exact
pg-hnsw,250000,2,w3,553,61.845708,1.0,10,,scalar_first_exact
pg-hnsw,250000,2,w3,997,62.632417,1.0,10,,scalar_first_exact
pg-hnsw,250000,2,w3,360,65.819375,1.0,10,,scalar_first_exact
pg-hnsw,250000,2,w3,245,61.560875,1.0,10,,scalar_first_exact
pg-hnsw,250000,2,w3,543,61.729417,1.0,10,,scalar_first_exact
pg-hnsw,250000,2,w3,251,59.72825,1.0,10,,scalar_first_exact
pg-hnsw,250000,2,w3,951,60.786291,1.0,10,,scalar_first_exact
pg-hnsw,250000,2,w3,591,61.093083,1.0,10,,scalar_first_exact
pg-hnsw,250000,2,w3,935,59.840583,1.0,10,,scalar_first_exact
pg-hnsw,250000,2,w3,192,59.322209,1.0,10,,scalar_first_exact
pg-hnsw,250000,2,w3,822,58.829125,1.0,10,,scalar_first_exact
pg-hnsw,250000,2,w3,865,60.438458,1.0,10,,scalar_first_exact
pg-hnsw,250000,2,w3,545,62.417958,1.0,10,,scalar_first_exact
pg-hnsw,250000,2,w3,513,62.531,1.0,10,,scalar_first_exact
pg-hnsw,250000,2,w3,888,61.513125,1.0,10,,scalar_first_exact
pg-hnsw,250000,2,w3,264,60.914375,1.0,10,,scalar_first_exact
pg-hnsw,250000,2,w3,851,60.950125,1.0,10,,scalar_first_exact
pg-hnsw,250000,2,w3,165,60.84075,1.0,10,,scalar_first_exact
pg-hnsw,250000,2,w3,569,62.488292,1.0,10,,scalar_first_exact
pg-hnsw,250000,2,w3,884,61.918084,1.0,10,,scalar_first_exact
pg-hnsw,250000,2,w3,959,61.287875,1.0,10,,scalar_first_exact
pg-hnsw,250000,2,w3,660,60.23075,1.0,10,,scalar_first_exact
pg-hnsw,250000,2,w3,985,64.724792,1.0,10,,scalar_first_exact
pg-hnsw,250000,2,w3,296,66.308834,1.0,10,,scalar_first_exact
pg-hnsw,250000,2,w3,456,63.367542,1.0,10,,scalar_first_exact
pg-hnsw,250000,2,w3,696,68.090708,1.0,10,,scalar_first_exact
pg-hnsw,250000,2,w3,725,62.844792,1.0,10,,scalar_first_exact
pg-hnsw,250000,2,w3,604,62.157916,1.0,10,,scalar_first_exact
pg-hnsw,250000,2,w3,220,61.128042,1.0,10,,scalar_first_exact
pg-hnsw,250000,2,w3,382,59.474833,1.0,10,,scalar_first_exact
pg-hnsw,250000,2,w3,213,63.374834,1.0,10,,scalar_first_exact
pg-hnsw,250000,2,w3,312,59.490708,1.0,10,,scalar_first_exact
pg-hnsw,250000,2,w3,532,60.112333,1.0,10,,scalar_first_exact
pg-hnsw,250000,2,w3,817,62.936375,1.0,10,,scalar_first_exact
pg-hnsw,250000,2,w3,561,61.380958,1.0,10,,scalar_first_exact
pg-hnsw,250000,2,w3,609,61.816375,1.0,10,,scalar_first_exact
pg-hnsw,250000,2,w3,662,58.656458,1.0,10,,scalar_first_exact
pg-hnsw,250000,2,w3,620,60.173375,1.0,10,,scalar_first_exact
pg-hnsw,250000,2,w3,768,59.757959,1.0,10,,scalar_first_exact
pg-hnsw,250000,2,w3,397,65.722,1.0,10,,scalar_first_exact
pg-hnsw,250000,2,w3,724,59.824667,1.0,10,,scalar_first_exact
pg-hnsw,250000,2,w3,645,59.929416,1.0,10,,scalar_first_exact
pg-hnsw,250000,2,w3,475,62.068292,1.0,10,,scalar_first_exact
pg-hnsw,250000,2,w3,990,60.963292,1.0,10,,scalar_first_exact
pg-hnsw,250000,2,w3,906,61.349625,1.0,10,,scalar_first_exact
pg-hnsw,250000,2,w3,598,62.121542,1.0,10,,scalar_first_exact
pg-hnsw,250000,2,w3,474,62.593833,1.0,10,,scalar_first_exact
pg-hnsw,250000,2,w3,399,61.672083,1.0,10,,scalar_first_exact
pg-hnsw,250000,2,w3,773,61.516334,1.0,10,,scalar_first_exact
pg-hnsw,250000,2,w3,374,62.926584,1.0,10,,scalar_first_exact
pg-hnsw,250000,2,w3,802,60.453209,1.0,10,,scalar_first_exact
pg-hnsw,250000,2,w3,362,60.133542,1.0,10,,scalar_first_exact
pg-hnsw,250000,2,w3,625,62.513625,1.0,10,,scalar_first_exact
pg-hnsw,250000,2,w3,682,60.245625,1.0,10,,scalar_first_exact
pg-hnsw,250000,2,w3,948,64.421,1.0,10,,scalar_first_exact
pg-hnsw,250000,2,w3,585,78.736667,1.0,10,,scalar_first_exact
pg-hnsw,250000,2,w3,298,63.377458,1.0,10,,scalar_first_exact
pg-hnsw,250000,2,w3,329,59.382375,1.0,10,,scalar_first_exact
pg-hnsw,250000,2,w3,778,66.6295,1.0,10,,scalar_first_exact
pg-hnsw,250000,2,w3,195,61.14825,1.0,10,,scalar_first_exact
pg-hnsw,250000,2,w3,652,63.733625,1.0,10,,scalar_first_exact
pg-hnsw,250000,2,w3,642,60.616,1.0,10,,scalar_first_exact
pg-hnsw,250000,2,w3,702,60.275583,1.0,10,,scalar_first_exact
pg-hnsw,250000,2,w3,636,61.348625,1.0,10,,scalar_first_exact
pg-hnsw,250000,2,w3,226,62.117917,1.0,10,,scalar_first_exact
pg-hnsw,250000,2,w3,254,61.0805,1.0,10,,scalar_first_exact
pg-hnsw,250000,2,w3,910,62.302,1.0,10,,scalar_first_exact
pg-hnsw,250000,2,w3,509,64.106459,1.0,10,,scalar_first_exact
pg-hnsw,250000,2,w3,126,60.909416,1.0,10,,scalar_first_exact
pg-hnsw,250000,2,w3,781,60.869584,1.0,10,,scalar_first_exact
pg-hnsw,250000,2,w3,326,62.8155,1.0,10,,scalar_first_exact
pg-hnsw,250000,2,w3,282,61.430125,1.0,10,,scalar_first_exact
pg-hnsw,250000,2,w3,799,60.833375,1.0,10,,scalar_first_exact
pg-hnsw,250000,2,w3,863,61.350041,1.0,10,,scalar_first_exact
pg-hnsw,250000,2,w3,334,60.949833,1.0,10,,scalar_first_exact
pg-hnsw,250000,2,w3,473,60.901375,1.0,10,,scalar_first_exact
pg-hnsw,250000,2,w3,364,60.539167,1.0,10,,scalar_first_exact
pg-hnsw,250000,2,w3,657,61.803542,1.0,10,,scalar_first_exact
pg-hnsw,250000,2,w3,508,62.040416,1.0,10,,scalar_first_exact
pg-hnsw,250000,2,w3,775,60.957042,1.0,10,,scalar_first_exact
pg-hnsw,250000,2,w3,458,60.97625,1.0,10,,scalar_first_exact
pg-hnsw,250000,2,w3,804,62.140542,1.0,10,,scalar_first_exact
pg-hnsw,250000,2,w3,262,59.012834,1.0,10,,scalar_first_exact
pg-hnsw,250000,2,w3,425,66.784792,1.0,10,,scalar_first_exact
pg-hnsw,250000,2,w3,366,64.468958,1.0,10,,scalar_first_exact
pg-hnsw,250000,2,w3,471,65.4395,1.0,10,,scalar_first_exact
pg-hnsw,250000,2,w3,843,62.335958,1.0,10,,scalar_first_exact
pg-hnsw,250000,2,w3,404,62.022,1.0,10,,scalar_first_exact
pg-hnsw,250000,2,w3,354,60.004708,1.0,10,,scalar_first_exact
pg-hnsw,250000,2,w3,976,61.765417,1.0,10,,scalar_first_exact
pg-hnsw,250000,2,w3,903,65.670917,1.0,10,,scalar_first_exact
pg-hnsw,250000,2,w3,464,66.444834,1.0,10,,scalar_first_exact
pg-hnsw,250000,2,w3,291,66.400542,1.0,10,,scalar_first_exact
pg-hnsw,250000,2,w3,430,62.402958,1.0,10,,scalar_first_exact
pg-hnsw,250000,2,w3,423,61.212542,1.0,10,,scalar_first_exact
pg-hnsw,250000,2,w3,344,61.055625,1.0,10,,scalar_first_exact
pg-hnsw,250000,2,w3,442,59.764958,1.0,10,,scalar_first_exact
pg-hnsw,250000,2,w3,885,62.291292,1.0,10,,scalar_first_exact
pg-hnsw,250000,2,w3,269,63.841541,1.0,10,,scalar_first_exact
pg-hnsw,250000,2,w3,746,62.286792,1.0,10,,scalar_first_exact
pg-hnsw,250000,2,w3,482,63.677667,1.0,10,,scalar_first_exact
pg-hnsw,250000,2,w3,597,65.469709,1.0,10,,scalar_first_exact
pg-hnsw,250000,2,w3,795,60.351208,1.0,10,,scalar_first_exact
pg-hnsw,250000,2,w3,751,60.272375,1.0,10,,scalar_first_exact
pg-hnsw,250000,2,w3,921,64.49625,1.0,10,,scalar_first_exact
pg-hnsw,250000,2,w3,958,63.061583,1.0,10,,scalar_first_exact
pg-hnsw,250000,2,w3,138,61.860167,1.0,10,,scalar_first_exact
pg-hnsw,250000,2,w3,616,62.448625,1.0,10,,scalar_first_exact
pg-hnsw,250000,2,w3,325,62.289292,1.0,10,,scalar_first_exact
pg-hnsw,250000,2,w3,314,61.299542,1.0,10,,scalar_first_exact
pg-hnsw,250000,2,w3,145,61.706792,1.0,10,,scalar_first_exact
pg-hnsw,250000,2,w3,188,61.431167,1.0,10,,scalar_first_exact
pg-hnsw,250000,2,w3,764,61.345583,1.0,10,,scalar_first_exact
pg-hnsw,250000,2,w3,377,63.249125,1.0,10,,scalar_first_exact
pg-hnsw,250000,2,w3,156,62.0,1.0,10,,scalar_first_exact
pg-hnsw,250000,2,w3,109,59.9515,1.0,10,,scalar_first_exact
pg-hnsw,250000,2,w3,850,60.730958,1.0,10,,scalar_first_exact
pg-hnsw,250000,2,w3,999,61.202125,1.0,10,,scalar_first_exact
pg-hnsw,250000,2,w3,547,63.041417,1.0,10,,scalar_first_exact
pg-hnsw,250000,2,w3,539,62.720292,1.0,10,,scalar_first_exact
pg-hnsw,250000,2,w3,132,64.99775,1.0,10,,scalar_first_exact
pg-hnsw,250000,2,w3,521,60.583792,1.0,10,,scalar_first_exact
pg-hnsw,250000,2,w3,704,60.749167,1.0,10,,scalar_first_exact
pg-hnsw,250000,2,w3,528,64.387625,1.0,10,,scalar_first_exact
pg-hnsw,250000,2,w3,168,60.432292,1.0,10,,scalar_first_exact
pg-hnsw,250000,2,w3,760,60.906584,1.0,10,,scalar_first_exact
pg-hnsw,250000,2,w3,468,59.580667,1.0,10,,scalar_first_exact
pg-hnsw,250000,2,w3,912,63.570042,1.0,10,,scalar_first_exact
pg-hnsw,250000,2,w3,889,60.244917,1.0,10,,scalar_first_exact
pg-hnsw,250000,2,w3,882,61.37625,1.0,10,,scalar_first_exact
pg-hnsw,250000,2,w3,973,60.365167,1.0,10,,scalar_first_exact
pg-hnsw,250000,2,w3,983,61.558042,1.0,10,,scalar_first_exact
pg-hnsw,250000,2,w3,792,60.047125,1.0,10,,scalar_first_exact
pg-hnsw,250000,2,w3,949,60.964459,1.0,10,,scalar_first_exact
pg-hnsw,250000,2,w3,497,62.820125,1.0,10,,scalar_first_exact
pg-hnsw,250000,2,w3,806,63.628875,1.0,10,,scalar_first_exact
pg-hnsw,250000,2,w3,437,61.044708,1.0,10,,scalar_first_exact
pg-hnsw,250000,2,w3,250,64.658541,1.0,10,,scalar_first_exact
pg-hnsw,250000,2,w3,476,61.873541,1.0,10,,scalar_first_exact
pg-hnsw,250000,2,w3,204,60.020667,1.0,10,,scalar_first_exact
pg-hnsw,250000,2,w3,785,60.926917,1.0,10,,scalar_first_exact
pg-hnsw,250000,2,w3,117,61.290875,1.0,10,,scalar_first_exact
pg-hnsw,250000,2,w3,774,61.043833,1.0,10,,scalar_first_exact
pg-hnsw,250000,2,w3,139,60.718,1.0,10,,scalar_first_exact
pg-hnsw,250000,2,w3,486,62.754125,1.0,10,,scalar_first_exact
pg-hnsw,250000,2,w3,661,61.782916,1.0,10,,scalar_first_exact
pg-hnsw,250000,2,w3,163,62.127625,1.0,10,,scalar_first_exact
pg-hnsw,250000,2,w3,378,61.215833,1.0,10,,scalar_first_exact
pg-hnsw,250000,2,w3,673,61.419666,1.0,10,,scalar_first_exact
pg-hnsw,250000,2,w3,655,59.197125,1.0,10,,scalar_first_exact
pg-hnsw,250000,2,w3,227,62.59275,1.0,10,,scalar_first_exact
pg-hnsw,250000,2,w3,812,60.208708,1.0,10,,scalar_first_exact
pg-hnsw,250000,2,w3,307,61.0865,1.0,10,,scalar_first_exact
pg-hnsw,250000,2,w3,470,62.810916,1.0,10,,scalar_first_exact
pg-hnsw,250000,2,w3,185,59.838875,1.0,10,,scalar_first_exact
pg-hnsw,250000,2,w3,313,61.41025,1.0,10,,scalar_first_exact
pg-hnsw,250000,2,w3,527,63.769584,1.0,10,,scalar_first_exact
pg-hnsw,250000,2,w3,753,60.683,1.0,10,,scalar_first_exact
pg-hnsw,250000,2,w3,854,60.202416,1.0,10,,scalar_first_exact
pg-hnsw,250000,2,w3,984,64.422375,1.0,10,,scalar_first_exact
pg-hnsw,250000,2,w3,715,63.253041,1.0,10,,scalar_first_exact
pg-hnsw,250000,2,w3,403,60.521709,1.0,10,,scalar_first_exact
pg-hnsw,250000,2,w3,311,61.749458,1.0,10,,scalar_first_exact
pg-hnsw,250000,2,w3,271,60.827167,1.0,10,,scalar_first_exact
pg-hnsw,250000,2,w3,837,61.2735,1.0,10,,scalar_first_exact
pg-hnsw,250000,2,w3,740,63.480709,1.0,10,,scalar_first_exact
pg-hnsw,250000,2,w3,814,61.315791,1.0,10,,scalar_first_exact
pg-hnsw,250000,2,w3,133,60.214583,1.0,10,,scalar_first_exact
pg-hnsw,250000,2,w3,228,65.647333,1.0,10,,scalar_first_exact
pg-hnsw,250000,2,w3,504,67.487541,1.0,10,,scalar_first_exact
pg-hnsw,250000,2,w3,108,59.8215,1.0,10,,scalar_first_exact
pg-hnsw,250000,2,w3,566,61.092417,1.0,10,,scalar_first_exact
pg-hnsw,250000,2,w3,858,62.893875,1.0,10,,scalar_first_exact
pg-hnsw,250000,2,w3,454,60.581292,1.0,10,,scalar_first_exact
pg-hnsw,250000,2,w3,776,62.02725,1.0,10,,scalar_first_exact
pg-hnsw,250000,2,w3,149,61.007875,1.0,10,,scalar_first_exact
pg-hnsw,250000,2,w3,896,61.83375,1.0,10,,scalar_first_exact
pg-hnsw,250000,2,w3,253,61.423958,1.0,10,,scalar_first_exact
pg-hnsw,250000,2,w3,219,60.769167,1.0,10,,scalar_first_exact
pg-hnsw,250000,2,w3,303,61.45525,1.0,10,,scalar_first_exact
pg-hnsw,250000,2,w3,477,61.016541,1.0,10,,scalar_first_exact
pg-hnsw,250000,2,w3,834,60.588417,1.0,10,,scalar_first_exact
pg-hnsw,250000,2,w3,207,62.320792,1.0,10,,scalar_first_exact
pg-hnsw,250000,2,w3,613,63.698667,1.0,10,,scalar_first_exact
pg-hnsw,250000,2,w3,255,62.33275,1.0,10,,scalar_first_exact
pg-hnsw,250000,2,w3,926,59.955625,1.0,10,,scalar_first_exact
pg-hnsw,250000,2,w3,278,62.053208,1.0,10,,scalar_first_exact
pg-hnsw,250000,2,w3,365,61.818958,1.0,10,,scalar_first_exact
pg-hnsw,250000,2,w3,856,64.681833,1.0,10,,scalar_first_exact
pg-hnsw,250000,2,w3,967,66.794083,1.0,10,,scalar_first_exact
pg-hnsw,250000,2,w3,676,61.617583,1.0,10,,scalar_first_exact
pg-hnsw,250000,2,w3,685,62.452792,1.0,10,,scalar_first_exact
pg-hnsw,250000,2,w3,315,62.646625,1.0,10,,scalar_first_exact
pg-hnsw,250000,2,w3,862,60.020416,1.0,10,,scalar_first_exact
pg-hnsw,250000,2,w3,455,61.776417,1.0,10,,scalar_first_exact
pg-hnsw,250000,2,w3,962,61.375167,1.0,10,,scalar_first_exact
pg-hnsw,250000,2,w3,487,62.698333,1.0,10,,scalar_first_exact
pg-hnsw,250000,2,w3,349,64.302209,1.0,10,,scalar_first_exact
pg-hnsw,250000,2,w3,169,62.227167,1.0,10,,scalar_first_exact
pg-hnsw,250000,2,w3,432,59.934416,1.0,10,,scalar_first_exact
pg-hnsw,250000,2,w3,519,60.804875,1.0,10,,scalar_first_exact
pg-hnsw,250000,2,w3,859,59.644583,1.0,10,,scalar_first_exact
pg-hnsw,250000,2,w3,819,60.394125,1.0,10,,scalar_first_exact
pg-hnsw,250000,2,w3,300,59.755625,1.0,10,,scalar_first_exact
pg-hnsw,250000,2,w3,420,66.045542,1.0,10,,scalar_first_exact
pg-hnsw,250000,2,w3,369,61.800333,1.0,10,,scalar_first_exact
pg-hnsw,250000,2,w3,713,60.115,1.0,10,,scalar_first_exact
pg-hnsw,250000,2,w3,293,60.807459,1.0,10,,scalar_first_exact
pg-hnsw,250000,2,w3,343,63.849041,1.0,10,,scalar_first_exact
pg-hnsw,250000,2,w3,206,62.129167,1.0,10,,scalar_first_exact
pg-hnsw,250000,2,w3,410,62.862125,1.0,10,,scalar_first_exact
pg-hnsw,250000,2,w3,137,64.934333,1.0,10,,scalar_first_exact
pg-hnsw,250000,2,w3,719,63.297,1.0,10,,scalar_first_exact
pg-hnsw,250000,2,w3,734,62.625958,1.0,10,,scalar_first_exact
pg-hnsw,250000,2,w3,272,60.341791,1.0,10,,scalar_first_exact
pg-hnsw,250000,2,w3,574,59.766333,1.0,10,,scalar_first_exact
pg-hnsw,250000,2,w3,176,61.955834,1.0,10,,scalar_first_exact
pg-hnsw,250000,2,w3,665,60.35825,1.0,10,,scalar_first_exact
pg-hnsw,250000,2,w3,810,61.417958,1.0,10,,scalar_first_exact
pg-hnsw,250000,2,w3,121,64.080958,1.0,10,,scalar_first_exact
pg-hnsw,250000,2,w3,273,60.971875,1.0,10,,scalar_first_exact
pg-hnsw,250000,2,w3,961,62.738667,1.0,10,,scalar_first_exact
pg-hnsw,250000,2,w3,955,61.112958,1.0,10,,scalar_first_exact
pg-hnsw,250000,2,w3,140,60.692458,1.0,10,,scalar_first_exact
pg-hnsw,250000,2,w3,391,60.694375,1.0,10,,scalar_first_exact
pg-hnsw,250000,2,w3,216,61.217667,1.0,10,,scalar_first_exact
pg-hnsw,250000,2,w3,869,61.035584,1.0,10,,scalar_first_exact
pg-hnsw,250000,2,w3,416,61.688834,1.0,10,,scalar_first_exact
pg-hnsw,250000,2,w3,877,62.114875,1.0,10,,scalar_first_exact
pg-hnsw,250000,2,w3,901,60.553458,1.0,10,,scalar_first_exact
pg-hnsw,250000,2,w3,649,61.617583,1.0,10,,scalar_first_exact
pg-hnsw,250000,2,w3,544,60.76125,1.0,10,,scalar_first_exact
pg-hnsw,250000,2,w3,433,61.201166,1.0,10,,scalar_first_exact
pg-hnsw,250000,2,w3,384,63.02325,1.0,10,,scalar_first_exact
pg-hnsw,250000,2,w3,502,58.079625,1.0,10,,scalar_first_exact
pg-hnsw,250000,2,w3,624,60.887458,1.0,10,,scalar_first_exact
pg-hnsw,250000,2,w3,342,62.15925,1.0,10,,scalar_first_exact
pg-hnsw,250000,2,w3,489,114.698125,1.0,10,,scalar_first_exact
pg-hnsw,250000,2,w3,392,61.134958,1.0,10,,scalar_first_exact
pg-hnsw,250000,2,w3,842,59.873542,1.0,10,,scalar_first_exact
pg-hnsw,250000,2,w3,134,63.363125,1.0,10,,scalar_first_exact
pg-hnsw,250000,2,w3,895,61.1765,1.0,10,,scalar_first_exact
pg-hnsw,250000,2,w3,281,62.715875,1.0,10,,scalar_first_exact
pg-hnsw,250000,2,w3,894,63.214,1.0,10,,scalar_first_exact
pg-hnsw,250000,2,w3,396,63.647542,1.0,10,,scalar_first_exact
pg-hnsw,250000,2,w3,586,61.275667,1.0,10,,scalar_first_exact
pg-hnsw,250000,2,w3,940,60.693,1.0,10,,scalar_first_exact
pg-hnsw,250000,2,w3,749,60.35325,1.0,10,,scalar_first_exact
pg-hnsw,250000,2,w3,209,58.452417,1.0,10,,scalar_first_exact
pg-hnsw,250000,2,w3,815,62.01025,1.0,10,,scalar_first_exact
pg-hnsw,250000,2,w3,461,62.622042,1.0,10,,scalar_first_exact
pg-hnsw,250000,2,w3,485,63.296458,1.0,10,,scalar_first_exact
pg-hnsw,250000,2,w3,330,60.791292,1.0,10,,scalar_first_exact
pg-hnsw,250000,2,w3,674,60.625166,1.0,10,,scalar_first_exact
pg-hnsw,250000,2,w3,148,61.267917,1.0,10,,scalar_first_exact
pg-hnsw,250000,2,w3,887,62.1225,1.0,10,,scalar_first_exact
pg-hnsw,250000,2,w3,857,60.490625,1.0,10,,scalar_first_exact
pg-hnsw,250000,2,w3,946,62.23075,1.0,10,,scalar_first_exact
pg-hnsw,250000,2,w3,568,61.12325,1.0,10,,scalar_first_exact
pg-hnsw,250000,2,w3,119,61.397542,1.0,10,,scalar_first_exact
pg-hnsw,250000,2,w3,559,60.690083,1.0,10,,scalar_first_exact
pg-hnsw,250000,2,w3,388,60.659375,1.0,10,,scalar_first_exact
pg-hnsw,250000,2,w3,873,64.059125,1.0,10,,scalar_first_exact
pg-hnsw,250000,2,w3,592,60.681,1.0,10,,scalar_first_exact
pg-hnsw,250000,2,w3,728,63.016833,1.0,10,,scalar_first_exact
pg-hnsw,250000,2,w3,981,59.190292,1.0,10,,scalar_first_exact
pg-hnsw,250000,2,w3,359,63.076417,1.0,10,,scalar_first_exact
pg-hnsw,250000,2,w3,992,58.883042,1.0,10,,scalar_first_exact
pg-hnsw,250000,2,w3,414,62.580334,1.0,10,,scalar_first_exact
pg-hnsw,250000,2,w3,941,60.557708,1.0,10,,scalar_first_exact
pg-hnsw,250000,2,w3,659,61.366875,1.0,10,,scalar_first_exact
pg-hnsw,250000,2,w3,893,60.967542,1.0,10,,scalar_first_exact
pg-hnsw,250000,2,w3,835,60.849167,1.0,10,,scalar_first_exact
pg-hnsw,250000,2,w3,818,63.156541,1.0,10,,scalar_first_exact
pg-hnsw,250000,2,w3,803,62.373916,1.0,10,,scalar_first_exact
pg-hnsw,250000,2,w3,327,62.635625,1.0,10,,scalar_first_exact
pg-hnsw,250000,2,w3,867,61.926958,1.0,10,,scalar_first_exact
pg-hnsw,250000,2,w3,424,61.615292,1.0,10,,scalar_first_exact
pg-hnsw,250000,2,w3,407,61.616167,1.0,10,,scalar_first_exact
pg-hnsw,250000,2,w3,759,61.033125,1.0,10,,scalar_first_exact
pg-hnsw,250000,2,w3,352,60.343042,1.0,10,,scalar_first_exact
pg-hnsw,250000,2,w3,472,58.557125,1.0,10,,scalar_first_exact
pg-hnsw,250000,2,w3,258,60.834709,1.0,10,,scalar_first_exact
pg-hnsw,250000,2,w3,979,60.45575,1.0,10,,scalar_first_exact
pg-hnsw,250000,2,w3,832,63.23425,1.0,10,,scalar_first_exact
pg-hnsw,250000,2,w3,667,61.296542,1.0,10,,scalar_first_exact
pg-hnsw,250000,2,w3,160,62.652333,1.0,10,,scalar_first_exact
pg-hnsw,250000,2,w3,700,60.035666,1.0,10,,scalar_first_exact
pg-hnsw,250000,2,w3,743,61.475542,1.0,10,,scalar_first_exact
pg-hnsw,250000,2,w3,701,60.584333,1.0,10,,scalar_first_exact
pg-hnsw,250000,2,w3,499,63.365333,1.0,10,,scalar_first_exact
pg-hnsw,250000,2,w3,181,59.900833,1.0,10,,scalar_first_exact
pg-hnsw,250000,2,w3,252,58.577417,1.0,10,,scalar_first_exact
pg-hnsw,250000,2,w3,112,60.760708,1.0,10,,scalar_first_exact
pg-hnsw,250000,2,w3,791,60.290375,1.0,10,,scalar_first_exact
pg-hnsw,250000,2,w3,247,61.394292,1.0,10,,scalar_first_exact
pg-hnsw,250000,2,w3,353,62.22125,1.0,10,,scalar_first_exact
pg-hnsw,250000,2,w3,936,61.054,1.0,10,,scalar_first_exact
pg-hnsw,250000,2,w3,589,59.808792,1.0,10,,scalar_first_exact
pg-hnsw,250000,2,w3,688,61.535458,1.0,10,,scalar_first_exact
pg-hnsw,250000,2,w3,263,61.993916,1.0,10,,scalar_first_exact
pg-hnsw,250000,2,w3,739,60.848,1.0,10,,scalar_first_exact
pg-hnsw,250000,2,w3,427,61.57025,1.0,10,,scalar_first_exact
pg-hnsw,250000,2,w3,823,62.662583,1.0,10,,scalar_first_exact
pg-hnsw,250000,2,w3,320,61.1375,1.0,10,,scalar_first_exact
pg-hnsw,250000,2,w3,699,60.878167,1.0,10,,scalar_first_exact
pg-hnsw,250000,2,w3,542,60.392167,1.0,10,,scalar_first_exact
pg-hnsw,250000,2,w3,618,60.406,1.0,10,,scalar_first_exact
pg-hnsw,250000,2,w3,347,63.366792,1.0,10,,scalar_first_exact
pg-hnsw,250000,2,w3,801,60.953709,1.0,10,,scalar_first_exact
pg-hnsw,250000,2,w3,105,63.311542,1.0,10,,scalar_first_exact
pg-hnsw,250000,2,w3,503,61.80025,1.0,10,,scalar_first_exact
pg-hnsw,250000,2,w3,184,63.405708,1.0,10,,scalar_first_exact
pg-hnsw,250000,2,w3,123,61.295167,1.0,10,,scalar_first_exact
pg-hnsw,250000,2,w3,957,63.964292,1.0,10,,scalar_first_exact
pg-hnsw,250000,2,w3,864,60.571542,1.0,10,,scalar_first_exact
pg-hnsw,250000,2,w3,494,63.951125,1.0,10,,scalar_first_exact
pg-hnsw,250000,2,w3,943,60.487,1.0,10,,scalar_first_exact
pg-hnsw,250000,2,w3,578,63.781916,1.0,10,,scalar_first_exact
pg-hnsw,250000,2,w3,322,67.168833,1.0,10,,scalar_first_exact
pg-hnsw,250000,2,w3,215,61.049167,1.0,10,,scalar_first_exact
pg-hnsw,250000,2,w3,274,59.938542,1.0,10,,scalar_first_exact
pg-hnsw,250000,2,w3,357,63.148791,1.0,10,,scalar_first_exact
pg-hnsw,250000,2,w3,338,63.9225,1.0,10,,scalar_first_exact
pg-hnsw,250000,2,w3,317,62.159541,1.0,10,,scalar_first_exact
pg-hnsw,250000,2,w3,647,64.991083,1.0,10,,scalar_first_exact
pg-hnsw,250000,2,w3,339,61.660667,1.0,10,,scalar_first_exact
pg-hnsw,250000,2,w3,971,60.495833,1.0,10,,scalar_first_exact
pg-hnsw,250000,2,w3,752,60.424333,1.0,10,,scalar_first_exact
pg-hnsw,250000,2,w3,383,60.556583,1.0,10,,scalar_first_exact
pg-hnsw,250000,2,w3,235,59.932666,1.0,10,,scalar_first_exact
pg-hnsw,250000,2,w3,911,61.033042,1.0,10,,scalar_first_exact
pg-hnsw,250000,2,w3,203,60.703209,1.0,10,,scalar_first_exact
pg-hnsw,250000,2,w3,904,60.704166,1.0,10,,scalar_first_exact
pg-hnsw,250000,2,w3,593,60.595458,1.0,10,,scalar_first_exact
pg-hnsw,250000,2,w3,581,61.283292,1.0,10,,scalar_first_exact
pg-hnsw,250000,2,w3,260,62.2155,1.0,10,,scalar_first_exact
pg-hnsw,250000,2,w3,305,64.106375,1.0,10,,scalar_first_exact
pg-hnsw,250000,2,w3,180,60.227041,1.0,10,,scalar_first_exact
pg-hnsw,250000,2,w3,767,61.420167,1.0,10,,scalar_first_exact
pg-hnsw,250000,2,w3,261,60.008958,1.0,10,,scalar_first_exact
pg-hnsw,250000,2,w3,190,61.885458,1.0,10,,scalar_first_exact
pg-hnsw,250000,2,w3,923,64.653375,1.0,10,,scalar_first_exact
pg-hnsw,250000,2,w3,122,59.865166,1.0,10,,scalar_first_exact
pg-hnsw,250000,2,w3,838,61.720834,1.0,10,,scalar_first_exact
pg-hnsw,250000,2,w3,975,61.022625,1.0,10,,scalar_first_exact
pg-hnsw,250000,2,w3,915,59.097458,1.0,10,,scalar_first_exact
pg-hnsw,250000,2,w3,833,60.309125,1.0,10,,scalar_first_exact
pg-hnsw,250000,2,w3,379,59.734667,1.0,10,,scalar_first_exact
pg-hnsw,250000,2,w3,417,62.325125,1.0,10,,scalar_first_exact
pg-hnsw,250000,2,w3,460,59.704792,1.0,10,,scalar_first_exact
pg-hnsw,250000,2,w3,637,62.226583,1.0,10,,scalar_first_exact
pg-hnsw,250000,2,w3,491,63.0745,1.0,10,,scalar_first_exact
pg-hnsw,250000,2,w3,982,59.8275,1.0,10,,scalar_first_exact
pg-hnsw,250000,2,w3,194,61.892542,1.0,10,,scalar_first_exact
pg-hnsw,250000,2,w3,874,61.14675,1.0,10,,scalar_first_exact
pg-hnsw,250000,2,w3,600,60.782042,1.0,10,,scalar_first_exact
pg-hnsw,250000,2,w3,445,61.557541,1.0,10,,scalar_first_exact
pg-hnsw,250000,2,w3,750,62.722042,1.0,10,,scalar_first_exact
pg-hnsw,250000,2,w3,635,62.309875,1.0,10,,scalar_first_exact
pg-hnsw,250000,2,w3,441,59.962916,1.0,10,,scalar_first_exact
pg-hnsw,250000,2,w3,446,61.982125,1.0,10,,scalar_first_exact
pg-hnsw,250000,2,w3,537,61.753542,1.0,10,,scalar_first_exact
pg-hnsw,250000,2,w3,380,60.99925,1.0,10,,scalar_first_exact
pg-hnsw,250000,2,w3,401,58.846292,1.0,10,,scalar_first_exact
pg-hnsw,250000,2,w3,187,61.481,1.0,10,,scalar_first_exact
pg-hnsw,250000,2,w3,763,67.799459,1.0,10,,scalar_first_exact
pg-hnsw,250000,2,w3,373,65.5405,1.0,10,,scalar_first_exact
pg-hnsw,250000,2,w3,236,65.446,1.0,10,,scalar_first_exact
pg-hnsw,250000,2,w3,758,63.067167,1.0,10,,scalar_first_exact
pg-hnsw,250000,2,w3,439,63.04125,1.0,10,,scalar_first_exact
pg-hnsw,250000,2,w3,141,60.903542,1.0,10,,scalar_first_exact
pg-hnsw,250000,2,w3,669,61.182292,1.0,10,,scalar_first_exact
pg-hnsw,250000,2,w3,610,60.893708,1.0,10,,scalar_first_exact
pg-hnsw,250000,2,w3,816,61.686292,1.0,10,,scalar_first_exact
pg-hnsw,250000,2,w3,505,60.965417,1.0,10,,scalar_first_exact
pg-hnsw,250000,2,w3,644,65.177416,1.0,10,,scalar_first_exact
pg-hnsw,250000,2,w3,809,65.811,1.0,10,,scalar_first_exact
pg-hnsw,250000,2,w3,653,60.945667,1.0,10,,scalar_first_exact
pg-hnsw,250000,2,w3,224,65.432333,1.0,10,,scalar_first_exact
pg-hnsw,250000,2,w3,932,60.6715,1.0,10,,scalar_first_exact
pg-hnsw,250000,2,w3,627,68.018667,1.0,10,,scalar_first_exact
pg-hnsw,250000,2,w3,925,62.061625,1.0,10,,scalar_first_exact
pg-hnsw,250000,2,w4_acl,910,9.719583,1.0,10,,planner_acl_scalar_expected
pg-hnsw,250000,2,w4_acl,574,5.667958,1.0,10,,planner_acl_scalar_expected
pg-hnsw,250000,2,w4_acl,337,9.89075,1.0,10,,planner_acl_scalar_expected
pg-hnsw,250000,2,w4_acl,172,5.813208,1.0,10,,planner_acl_scalar_expected
pg-hnsw,250000,2,w4_acl,880,10.865917,1.0,10,,planner_acl_scalar_expected
pg-hnsw,250000,2,w4_acl,377,5.8725,1.0,10,,planner_acl_scalar_expected
pg-hnsw,250000,2,w4_acl,559,4.960875,1.0,10,,planner_acl_scalar_expected
pg-hnsw,250000,2,w4_acl,393,5.454667,1.0,10,,planner_acl_scalar_expected
pg-hnsw,250000,2,w4_acl,804,6.033708,1.0,10,,planner_acl_scalar_expected
pg-hnsw,250000,2,w4_acl,991,5.852584,1.0,10,,planner_acl_scalar_expected
pg-hnsw,250000,2,w4_acl,881,5.645708,1.0,10,,planner_acl_scalar_expected
pg-hnsw,250000,2,w4_acl,856,5.572291,1.0,10,,planner_acl_scalar_expected
pg-hnsw,250000,2,w4_acl,587,5.970208,1.0,10,,planner_acl_scalar_expected
pg-hnsw,250000,2,w4_acl,573,5.782708,1.0,10,,planner_acl_scalar_expected
pg-hnsw,250000,2,w4_acl,663,5.629125,1.0,10,,planner_acl_scalar_expected
pg-hnsw,250000,2,w4_acl,212,10.71875,1.0,10,,planner_acl_scalar_expected
pg-hnsw,250000,2,w4_acl,512,5.300959,1.0,10,,planner_acl_scalar_expected
pg-hnsw,250000,2,w4_acl,850,6.552875,1.0,10,,planner_acl_scalar_expected
pg-hnsw,250000,2,w4_acl,832,6.040208,1.0,10,,planner_acl_scalar_expected
pg-hnsw,250000,2,w4_acl,682,5.564792,1.0,10,,planner_acl_scalar_expected
pg-hnsw,250000,2,w4_acl,977,6.533458,1.0,10,,planner_acl_scalar_expected
pg-hnsw,250000,2,w4_acl,578,6.294834,1.0,10,,planner_acl_scalar_expected
pg-hnsw,250000,2,w4_acl,771,6.314292,1.0,10,,planner_acl_scalar_expected
pg-hnsw,250000,2,w4_acl,930,5.572375,1.0,10,,planner_acl_scalar_expected
pg-hnsw,250000,2,w4_acl,110,9.593375,1.0,10,,planner_acl_scalar_expected
pg-hnsw,250000,2,w4_acl,967,5.246583,1.0,10,,planner_acl_scalar_expected
pg-hnsw,250000,2,w4_acl,333,7.088333,1.0,10,,planner_acl_scalar_expected
pg-hnsw,250000,2,w4_acl,167,5.913208,1.0,10,,planner_acl_scalar_expected
pg-hnsw,250000,2,w4_acl,186,5.763458,1.0,10,,planner_acl_scalar_expected
pg-hnsw,250000,2,w4_acl,593,5.794625,1.0,10,,planner_acl_scalar_expected
pg-hnsw,250000,2,w4_acl,180,5.958292,1.0,10,,planner_acl_scalar_expected
pg-hnsw,250000,2,w4_acl,361,5.415875,1.0,10,,planner_acl_scalar_expected
pg-hnsw,250000,2,w4_acl,660,6.182833,1.0,10,,planner_acl_scalar_expected
pg-hnsw,250000,2,w4_acl,917,6.648042,1.0,10,,planner_acl_scalar_expected
pg-hnsw,250000,2,w4_acl,616,6.32325,1.0,10,,planner_acl_scalar_expected
pg-hnsw,250000,2,w4_acl,814,5.416083,1.0,10,,planner_acl_scalar_expected
pg-hnsw,250000,2,w4_acl,870,6.781209,1.0,10,,planner_acl_scalar_expected
pg-hnsw,250000,2,w4_acl,542,6.123709,1.0,10,,planner_acl_scalar_expected
pg-hnsw,250000,2,w4_acl,611,6.316625,1.0,10,,planner_acl_scalar_expected
pg-hnsw,250000,2,w4_acl,202,5.581167,1.0,10,,planner_acl_scalar_expected
pg-hnsw,250000,2,w4_acl,676,5.910917,1.0,10,,planner_acl_scalar_expected
pg-hnsw,250000,2,w4_acl,536,5.603416,1.0,10,,planner_acl_scalar_expected
pg-hnsw,250000,2,w4_acl,838,6.13175,1.0,10,,planner_acl_scalar_expected
pg-hnsw,250000,2,w4_acl,488,5.312458,1.0,10,,planner_acl_scalar_expected
pg-hnsw,250000,2,w4_acl,159,5.675625,1.0,10,,planner_acl_scalar_expected
pg-hnsw,250000,2,w4_acl,185,5.12275,1.0,10,,planner_acl_scalar_expected
pg-hnsw,250000,2,w4_acl,549,5.655416,1.0,10,,planner_acl_scalar_expected
pg-hnsw,250000,2,w4_acl,164,5.64525,1.0,10,,planner_acl_scalar_expected
pg-hnsw,250000,2,w4_acl,103,6.027334,1.0,10,,planner_acl_scalar_expected
pg-hnsw,250000,2,w4_acl,738,5.387292,1.0,10,,planner_acl_scalar_expected
pg-hnsw,250000,2,w4_acl,334,5.103041,1.0,10,,planner_acl_scalar_expected
pg-hnsw,250000,2,w4_acl,970,5.918,1.0,10,,planner_acl_scalar_expected
pg-hnsw,250000,2,w4_acl,389,5.807084,1.0,10,,planner_acl_scalar_expected
pg-hnsw,250000,2,w4_acl,497,6.157375,1.0,10,,planner_acl_scalar_expected
pg-hnsw,250000,2,w4_acl,990,6.102166,1.0,10,,planner_acl_scalar_expected
pg-hnsw,250000,2,w4_acl,292,4.751875,1.0,10,,planner_acl_scalar_expected
pg-hnsw,250000,2,w4_acl,628,5.869375,1.0,10,,planner_acl_scalar_expected
pg-hnsw,250000,2,w4_acl,152,5.608833,1.0,10,,planner_acl_scalar_expected
pg-hnsw,250000,2,w4_acl,373,5.084791,1.0,10,,planner_acl_scalar_expected
pg-hnsw,250000,2,w4_acl,626,7.395542,1.0,10,,planner_acl_scalar_expected
pg-hnsw,250000,2,w4_acl,423,6.116833,1.0,10,,planner_acl_scalar_expected
pg-hnsw,250000,2,w4_acl,383,9.465,1.0,10,,planner_acl_scalar_expected
pg-hnsw,250000,2,w4_acl,872,5.687583,1.0,10,,planner_acl_scalar_expected
pg-hnsw,250000,2,w4_acl,243,4.94325,1.0,10,,planner_acl_scalar_expected
pg-hnsw,250000,2,w4_acl,369,5.192792,1.0,10,,planner_acl_scalar_expected
pg-hnsw,250000,2,w4_acl,342,8.306541,1.0,10,,planner_acl_scalar_expected
pg-hnsw,250000,2,w4_acl,286,5.47325,1.0,10,,planner_acl_scalar_expected
pg-hnsw,250000,2,w4_acl,266,5.228833,1.0,10,,planner_acl_scalar_expected
pg-hnsw,250000,2,w4_acl,475,5.593667,1.0,10,,planner_acl_scalar_expected
pg-hnsw,250000,2,w4_acl,929,8.593042,1.0,10,,planner_acl_scalar_expected
pg-hnsw,250000,2,w4_acl,456,5.703792,1.0,10,,planner_acl_scalar_expected
pg-hnsw,250000,2,w4_acl,888,5.617833,1.0,10,,planner_acl_scalar_expected
pg-hnsw,250000,2,w4_acl,988,5.377375,1.0,10,,planner_acl_scalar_expected
pg-hnsw,250000,2,w4_acl,371,9.853084,1.0,10,,planner_acl_scalar_expected
pg-hnsw,250000,2,w4_acl,119,5.118125,1.0,10,,planner_acl_scalar_expected
pg-hnsw,250000,2,w4_acl,415,5.038167,1.0,10,,planner_acl_scalar_expected
pg-hnsw,250000,2,w4_acl,822,5.799083,1.0,10,,planner_acl_scalar_expected
pg-hnsw,250000,2,w4_acl,147,5.481625,1.0,10,,planner_acl_scalar_expected
pg-hnsw,250000,2,w4_acl,624,5.117375,1.0,10,,planner_acl_scalar_expected
pg-hnsw,250000,2,w4_acl,187,7.874,1.0,10,,planner_acl_scalar_expected
pg-hnsw,250000,2,w4_acl,254,5.788167,1.0,10,,planner_acl_scalar_expected
pg-hnsw,250000,2,w4_acl,225,6.544917,1.0,10,,planner_acl_scalar_expected
pg-hnsw,250000,2,w4_acl,124,5.725375,1.0,10,,planner_acl_scalar_expected
pg-hnsw,250000,2,w4_acl,828,7.768916,1.0,10,,planner_acl_scalar_expected
pg-hnsw,250000,2,w4_acl,424,6.110458,1.0,10,,planner_acl_scalar_expected
pg-hnsw,250000,2,w4_acl,104,5.228791,1.0,10,,planner_acl_scalar_expected
pg-hnsw,250000,2,w4_acl,142,5.63275,1.0,10,,planner_acl_scalar_expected
pg-hnsw,250000,2,w4_acl,106,5.839542,1.0,10,,planner_acl_scalar_expected
pg-hnsw,250000,2,w4_acl,904,5.638167,1.0,10,,planner_acl_scalar_expected
pg-hnsw,250000,2,w4_acl,409,6.085291,1.0,10,,planner_acl_scalar_expected
pg-hnsw,250000,2,w4_acl,749,5.061833,1.0,10,,planner_acl_scalar_expected
pg-hnsw,250000,2,w4_acl,135,5.622375,1.0,10,,planner_acl_scalar_expected
pg-hnsw,250000,2,w4_acl,836,5.9365,1.0,10,,planner_acl_scalar_expected
pg-hnsw,250000,2,w4_acl,592,5.121375,1.0,10,,planner_acl_scalar_expected
pg-hnsw,250000,2,w4_acl,534,8.093583,1.0,10,,planner_acl_scalar_expected
pg-hnsw,250000,2,w4_acl,136,5.702666,1.0,10,,planner_acl_scalar_expected
pg-hnsw,250000,2,w4_acl,165,9.465875,1.0,10,,planner_acl_scalar_expected
pg-hnsw,250000,2,w4_acl,273,9.457625,1.0,10,,planner_acl_scalar_expected
pg-hnsw,250000,2,w4_acl,973,7.561875,1.0,10,,planner_acl_scalar_expected
pg-hnsw,250000,2,w4_acl,278,5.02575,1.0,10,,planner_acl_scalar_expected
pg-hnsw,250000,2,w4_acl,357,6.108167,1.0,10,,planner_acl_scalar_expected
pg-hnsw,250000,2,w4_acl,675,5.952458,1.0,10,,planner_acl_scalar_expected
pg-hnsw,250000,2,w4_acl,207,7.57075,1.0,10,,planner_acl_scalar_expected
pg-hnsw,250000,2,w4_acl,490,8.155875,1.0,10,,planner_acl_scalar_expected
pg-hnsw,250000,2,w4_acl,901,5.34175,1.0,10,,planner_acl_scalar_expected
pg-hnsw,250000,2,w4_acl,996,6.028666,1.0,10,,planner_acl_scalar_expected
pg-hnsw,250000,2,w4_acl,406,5.614708,1.0,10,,planner_acl_scalar_expected
pg-hnsw,250000,2,w4_acl,363,5.169375,1.0,10,,planner_acl_scalar_expected
pg-hnsw,250000,2,w4_acl,966,6.138625,1.0,10,,planner_acl_scalar_expected
pg-hnsw,250000,2,w4_acl,789,5.81275,1.0,10,,planner_acl_scalar_expected
pg-hnsw,250000,2,w4_acl,693,9.607084,1.0,10,,planner_acl_scalar_expected
pg-hnsw,250000,2,w4_acl,992,6.275166,1.0,10,,planner_acl_scalar_expected
pg-hnsw,250000,2,w4_acl,980,7.253,1.0,10,,planner_acl_scalar_expected
pg-hnsw,250000,2,w4_acl,964,5.795083,1.0,10,,planner_acl_scalar_expected
pg-hnsw,250000,2,w4_acl,607,5.4145,1.0,10,,planner_acl_scalar_expected
pg-hnsw,250000,2,w4_acl,844,5.032209,1.0,10,,planner_acl_scalar_expected
pg-hnsw,250000,2,w4_acl,783,6.09875,1.0,10,,planner_acl_scalar_expected
pg-hnsw,250000,2,w4_acl,155,7.830291,1.0,10,,planner_acl_scalar_expected
pg-hnsw,250000,2,w4_acl,864,5.037875,1.0,10,,planner_acl_scalar_expected
pg-hnsw,250000,2,w4_acl,408,5.774083,1.0,10,,planner_acl_scalar_expected
pg-hnsw,250000,2,w4_acl,994,5.663584,1.0,10,,planner_acl_scalar_expected
pg-hnsw,250000,2,w4_acl,668,5.246667,1.0,10,,planner_acl_scalar_expected
pg-hnsw,250000,2,w4_acl,560,4.895584,1.0,10,,planner_acl_scalar_expected
pg-hnsw,250000,2,w4_acl,853,5.678041,1.0,10,,planner_acl_scalar_expected
pg-hnsw,250000,2,w4_acl,117,10.990542,1.0,10,,planner_acl_scalar_expected
pg-hnsw,250000,2,w4_acl,834,5.607,1.0,10,,planner_acl_scalar_expected
pg-hnsw,250000,2,w4_acl,328,5.70925,1.0,10,,planner_acl_scalar_expected
pg-hnsw,250000,2,w4_acl,842,5.736625,1.0,10,,planner_acl_scalar_expected
pg-hnsw,250000,2,w4_acl,234,5.856708,1.0,10,,planner_acl_scalar_expected
pg-hnsw,250000,2,w4_acl,289,6.070416,1.0,10,,planner_acl_scalar_expected
pg-hnsw,250000,2,w4_acl,544,4.995291,1.0,10,,planner_acl_scalar_expected
pg-hnsw,250000,2,w4_acl,176,5.899083,1.0,10,,planner_acl_scalar_expected
pg-hnsw,250000,2,w4_acl,231,6.444167,1.0,10,,planner_acl_scalar_expected
pg-hnsw,250000,2,w4_acl,432,5.811875,1.0,10,,planner_acl_scalar_expected
pg-hnsw,250000,2,w4_acl,651,5.685417,1.0,10,,planner_acl_scalar_expected
pg-hnsw,250000,2,w4_acl,222,5.655667,1.0,10,,planner_acl_scalar_expected
pg-hnsw,250000,2,w4_acl,585,6.036125,1.0,10,,planner_acl_scalar_expected
pg-hnsw,250000,2,w4_acl,141,5.583916,1.0,10,,planner_acl_scalar_expected
pg-hnsw,250000,2,w4_acl,845,5.648083,1.0,10,,planner_acl_scalar_expected
pg-hnsw,250000,2,w4_acl,265,9.706542,1.0,10,,planner_acl_scalar_expected
pg-hnsw,250000,2,w4_acl,633,5.567791,1.0,10,,planner_acl_scalar_expected
pg-hnsw,250000,2,w4_acl,422,6.353667,1.0,10,,planner_acl_scalar_expected
pg-hnsw,250000,2,w4_acl,581,5.301125,1.0,10,,planner_acl_scalar_expected
pg-hnsw,250000,2,w4_acl,143,5.874667,1.0,10,,planner_acl_scalar_expected
pg-hnsw,250000,2,w4_acl,525,10.765459,1.0,10,,planner_acl_scalar_expected
pg-hnsw,250000,2,w4_acl,169,5.742583,1.0,10,,planner_acl_scalar_expected
pg-hnsw,250000,2,w4_acl,712,5.542125,1.0,10,,planner_acl_scalar_expected
pg-hnsw,250000,2,w4_acl,764,5.593333,1.0,10,,planner_acl_scalar_expected
pg-hnsw,250000,2,w4_acl,665,5.580167,1.0,10,,planner_acl_scalar_expected
pg-hnsw,250000,2,w4_acl,198,4.9875,1.0,10,,planner_acl_scalar_expected
pg-hnsw,250000,2,w4_acl,182,5.813542,1.0,10,,planner_acl_scalar_expected
pg-hnsw,250000,2,w4_acl,462,6.281084,1.0,10,,planner_acl_scalar_expected
pg-hnsw,250000,2,w4_acl,465,6.511209,1.0,10,,planner_acl_scalar_expected
pg-hnsw,250000,2,w4_acl,572,6.145333,1.0,10,,planner_acl_scalar_expected
pg-hnsw,250000,2,w4_acl,541,5.643208,1.0,10,,planner_acl_scalar_expected
pg-hnsw,250000,2,w4_acl,898,8.56225,1.0,10,,planner_acl_scalar_expected
pg-hnsw,250000,2,w4_acl,874,5.706125,1.0,10,,planner_acl_scalar_expected
pg-hnsw,250000,2,w4_acl,485,6.420834,1.0,10,,planner_acl_scalar_expected
pg-hnsw,250000,2,w4_acl,590,5.310083,1.0,10,,planner_acl_scalar_expected
pg-hnsw,250000,2,w4_acl,861,5.517458,1.0,10,,planner_acl_scalar_expected
pg-hnsw,250000,2,w4_acl,531,6.266958,1.0,10,,planner_acl_scalar_expected
pg-hnsw,250000,2,w4_acl,481,6.019917,1.0,10,,planner_acl_scalar_expected
pg-hnsw,250000,2,w4_acl,659,6.044875,1.0,10,,planner_acl_scalar_expected
pg-hnsw,250000,2,w4_acl,429,5.313625,1.0,10,,planner_acl_scalar_expected
pg-hnsw,250000,2,w4_acl,308,5.904792,1.0,10,,planner_acl_scalar_expected
pg-hnsw,250000,2,w4_acl,109,5.355334,1.0,10,,planner_acl_scalar_expected
pg-hnsw,250000,2,w4_acl,700,8.83,1.0,10,,planner_acl_scalar_expected
pg-hnsw,250000,2,w4_acl,320,5.348208,1.0,10,,planner_acl_scalar_expected
pg-hnsw,250000,2,w4_acl,469,6.393125,1.0,10,,planner_acl_scalar_expected
pg-hnsw,250000,2,w4_acl,558,5.803542,1.0,10,,planner_acl_scalar_expected
pg-hnsw,250000,2,w4_acl,692,4.929959,1.0,10,,planner_acl_scalar_expected
pg-hnsw,250000,2,w4_acl,847,8.754959,1.0,10,,planner_acl_scalar_expected
pg-hnsw,250000,2,w4_acl,721,5.67325,1.0,10,,planner_acl_scalar_expected
pg-hnsw,250000,2,w4_acl,413,5.964375,1.0,10,,planner_acl_scalar_expected
pg-hnsw,250000,2,w4_acl,743,5.975208,1.0,10,,planner_acl_scalar_expected
pg-hnsw,250000,2,w4_acl,600,6.111208,1.0,10,,planner_acl_scalar_expected
pg-hnsw,250000,2,w4_acl,448,5.753791,1.0,10,,planner_acl_scalar_expected
pg-hnsw,250000,2,w4_acl,622,5.605125,1.0,10,,planner_acl_scalar_expected
pg-hnsw,250000,2,w4_acl,418,5.629,1.0,10,,planner_acl_scalar_expected
pg-hnsw,250000,2,w4_acl,263,6.2575,1.0,10,,planner_acl_scalar_expected
pg-hnsw,250000,2,w4_acl,915,6.12575,1.0,10,,planner_acl_scalar_expected
pg-hnsw,250000,2,w4_acl,871,5.832958,1.0,10,,planner_acl_scalar_expected
pg-hnsw,250000,2,w4_acl,876,6.473667,1.0,10,,planner_acl_scalar_expected
pg-hnsw,250000,2,w4_acl,985,5.779041,1.0,10,,planner_acl_scalar_expected
pg-hnsw,250000,2,w4_acl,702,10.076459,1.0,10,,planner_acl_scalar_expected
pg-hnsw,250000,2,w4_acl,760,5.735208,1.0,10,,planner_acl_scalar_expected
pg-hnsw,250000,2,w4_acl,153,6.290041,1.0,10,,planner_acl_scalar_expected
pg-hnsw,250000,2,w4_acl,758,5.513708,1.0,10,,planner_acl_scalar_expected
pg-hnsw,250000,2,w4_acl,843,6.176417,1.0,10,,planner_acl_scalar_expected
pg-hnsw,250000,2,w4_acl,777,5.561583,1.0,10,,planner_acl_scalar_expected
pg-hnsw,250000,2,w4_acl,812,5.321916,1.0,10,,planner_acl_scalar_expected
pg-hnsw,250000,2,w4_acl,503,9.790375,1.0,10,,planner_acl_scalar_expected
pg-hnsw,250000,2,w4_acl,426,5.949084,1.0,10,,planner_acl_scalar_expected
pg-hnsw,250000,2,w4_acl,927,4.897458,1.0,10,,planner_acl_scalar_expected
pg-hnsw,250000,2,w4_acl,251,5.692542,1.0,10,,planner_acl_scalar_expected
pg-hnsw,250000,2,w4_acl,555,5.8005,1.0,10,,planner_acl_scalar_expected
pg-hnsw,250000,2,w4_acl,729,8.208333,1.0,10,,planner_acl_scalar_expected
pg-hnsw,250000,2,w4_acl,132,5.783583,1.0,10,,planner_acl_scalar_expected
pg-hnsw,250000,2,w4_acl,101,5.687125,1.0,10,,planner_acl_scalar_expected
pg-hnsw,250000,2,w4_acl,780,5.813458,1.0,10,,planner_acl_scalar_expected
pg-hnsw,250000,2,w4_acl,753,5.753959,1.0,10,,planner_acl_scalar_expected
pg-hnsw,250000,2,w4_acl,105,5.761417,1.0,10,,planner_acl_scalar_expected
pg-hnsw,250000,2,w4_acl,268,7.500709,1.0,10,,planner_acl_scalar_expected
pg-hnsw,250000,2,w4_acl,613,5.292167,1.0,10,,planner_acl_scalar_expected
pg-hnsw,250000,2,w4_acl,291,7.325709,1.0,10,,planner_acl_scalar_expected
pg-hnsw,250000,2,w4_acl,846,6.484334,1.0,10,,planner_acl_scalar_expected
pg-hnsw,250000,2,w4_acl,394,7.243875,1.0,10,,planner_acl_scalar_expected
pg-hnsw,250000,2,w4_acl,324,6.273833,1.0,10,,planner_acl_scalar_expected
pg-hnsw,250000,2,w4_acl,717,6.233167,1.0,10,,planner_acl_scalar_expected
pg-hnsw,250000,2,w4_acl,347,5.481166,1.0,10,,planner_acl_scalar_expected
pg-hnsw,250000,2,w4_acl,944,5.161375,1.0,10,,planner_acl_scalar_expected
pg-hnsw,250000,2,w4_acl,740,6.329084,1.0,10,,planner_acl_scalar_expected
pg-hnsw,250000,2,w4_acl,817,5.598292,1.0,10,,planner_acl_scalar_expected
pg-hnsw,250000,2,w4_acl,529,5.254292,1.0,10,,planner_acl_scalar_expected
pg-hnsw,250000,2,w4_acl,486,5.255,1.0,10,,planner_acl_scalar_expected
pg-hnsw,250000,2,w4_acl,410,5.6495,1.0,10,,planner_acl_scalar_expected
pg-hnsw,250000,2,w4_acl,211,5.551083,1.0,10,,planner_acl_scalar_expected
pg-hnsw,250000,2,w4_acl,968,5.127083,1.0,10,,planner_acl_scalar_expected
pg-hnsw,250000,2,w4_acl,280,4.655125,1.0,10,,planner_acl_scalar_expected
pg-hnsw,250000,2,w4_acl,274,5.981125,1.0,10,,planner_acl_scalar_expected
pg-hnsw,250000,2,w4_acl,551,6.149791,1.0,10,,planner_acl_scalar_expected
pg-hnsw,250000,2,w4_acl,528,6.512166,1.0,10,,planner_acl_scalar_expected
pg-hnsw,250000,2,w4_acl,925,6.605833,1.0,10,,planner_acl_scalar_expected
pg-hnsw,250000,2,w4_acl,778,6.281792,1.0,10,,planner_acl_scalar_expected
pg-hnsw,250000,2,w4_acl,637,5.740833,1.0,10,,planner_acl_scalar_expected
pg-hnsw,250000,2,w4_acl,854,5.694,1.0,10,,planner_acl_scalar_expected
pg-hnsw,250000,2,w4_acl,178,5.886,1.0,10,,planner_acl_scalar_expected
pg-hnsw,250000,2,w4_acl,439,5.128625,1.0,10,,planner_acl_scalar_expected
pg-hnsw,250000,2,w4_acl,751,6.157708,1.0,10,,planner_acl_scalar_expected
pg-hnsw,250000,2,w4_acl,701,5.205708,1.0,10,,planner_acl_scalar_expected
pg-hnsw,250000,2,w4_acl,695,5.305833,1.0,10,,planner_acl_scalar_expected
pg-hnsw,250000,2,w4_acl,957,5.481334,1.0,10,,planner_acl_scalar_expected
pg-hnsw,250000,2,w4_acl,327,6.027042,1.0,10,,planner_acl_scalar_expected
pg-hnsw,250000,2,w4_acl,287,5.0625,1.0,10,,planner_acl_scalar_expected
pg-hnsw,250000,2,w4_acl,972,6.269709,1.0,10,,planner_acl_scalar_expected
pg-hnsw,250000,2,w4_acl,427,5.876458,1.0,10,,planner_acl_scalar_expected
pg-hnsw,250000,2,w4_acl,892,6.60825,1.0,10,,planner_acl_scalar_expected
pg-hnsw,250000,2,w4_acl,641,5.724625,1.0,10,,planner_acl_scalar_expected
pg-hnsw,250000,2,w4_acl,436,6.474292,1.0,10,,planner_acl_scalar_expected
pg-hnsw,250000,2,w4_acl,380,5.453833,1.0,10,,planner_acl_scalar_expected
pg-hnsw,250000,2,w4_acl,381,5.793084,1.0,10,,planner_acl_scalar_expected
pg-hnsw,250000,2,w4_acl,482,5.97025,1.0,10,,planner_acl_scalar_expected
pg-hnsw,250000,2,w4_acl,824,5.781125,1.0,10,,planner_acl_scalar_expected
pg-hnsw,250000,2,w4_acl,476,5.566542,1.0,10,,planner_acl_scalar_expected
pg-hnsw,250000,2,w4_acl,629,6.74225,1.0,10,,planner_acl_scalar_expected
pg-hnsw,250000,2,w4_acl,606,6.165,1.0,10,,planner_acl_scalar_expected
pg-hnsw,250000,2,w4_acl,399,5.590625,1.0,10,,planner_acl_scalar_expected
pg-hnsw,250000,2,w4_acl,527,5.531875,1.0,10,,planner_acl_scalar_expected
pg-hnsw,250000,2,w4_acl,953,6.234708,1.0,10,,planner_acl_scalar_expected
pg-hnsw,250000,2,w4_acl,635,5.215291,1.0,10,,planner_acl_scalar_expected
pg-hnsw,250000,2,w4_acl,323,5.305625,1.0,10,,planner_acl_scalar_expected
pg-hnsw,250000,2,w4_acl,728,6.311333,1.0,10,,planner_acl_scalar_expected
pg-hnsw,250000,2,w4_acl,519,5.839667,1.0,10,,planner_acl_scalar_expected
pg-hnsw,250000,2,w4_acl,955,5.552917,1.0,10,,planner_acl_scalar_expected
pg-hnsw,250000,2,w4_acl,468,6.345125,1.0,10,,planner_acl_scalar_expected
pg-hnsw,250000,2,w4_acl,201,5.65625,1.0,10,,planner_acl_scalar_expected
pg-hnsw,250000,2,w4_acl,224,5.342916,1.0,10,,planner_acl_scalar_expected
pg-hnsw,250000,2,w4_acl,259,5.54775,1.0,10,,planner_acl_scalar_expected
pg-hnsw,250000,2,w4_acl,745,6.349833,1.0,10,,planner_acl_scalar_expected
pg-hnsw,250000,2,w4_acl,946,6.576125,1.0,10,,planner_acl_scalar_expected
pg-hnsw,250000,2,w4_acl,638,5.591667,1.0,10,,planner_acl_scalar_expected
pg-hnsw,250000,2,w4_acl,515,5.443,1.0,10,,planner_acl_scalar_expected
pg-hnsw,250000,2,w4_acl,524,6.102333,1.0,10,,planner_acl_scalar_expected
pg-hnsw,250000,2,w4_acl,513,5.671709,1.0,10,,planner_acl_scalar_expected
pg-hnsw,250000,2,w4_acl,632,5.620458,1.0,10,,planner_acl_scalar_expected
pg-hnsw,250000,2,w4_acl,489,6.152,1.0,10,,planner_acl_scalar_expected
pg-hnsw,250000,2,w4_acl,756,5.620125,1.0,10,,planner_acl_scalar_expected
pg-hnsw,250000,2,w4_acl,538,5.335042,1.0,10,,planner_acl_scalar_expected
pg-hnsw,250000,2,w4_acl,386,6.875042,1.0,10,,planner_acl_scalar_expected
pg-hnsw,250000,2,w4_acl,680,6.171583,1.0,10,,planner_acl_scalar_expected
pg-hnsw,250000,2,w4_acl,694,5.626167,1.0,10,,planner_acl_scalar_expected
pg-hnsw,250000,2,w4_acl,514,5.538792,1.0,10,,planner_acl_scalar_expected
pg-hnsw,250000,2,w4_acl,557,6.475917,1.0,10,,planner_acl_scalar_expected
pg-hnsw,250000,2,w4_acl,306,5.523958,1.0,10,,planner_acl_scalar_expected
pg-hnsw,250000,2,w4_acl,138,5.2715,1.0,10,,planner_acl_scalar_expected
pg-hnsw,250000,2,w4_acl,335,6.361958,1.0,10,,planner_acl_scalar_expected
pg-hnsw,250000,2,w4_acl,793,6.010833,1.0,10,,planner_acl_scalar_expected
pg-hnsw,250000,2,w4_acl,683,6.303834,1.0,10,,planner_acl_scalar_expected
pg-hnsw,250000,2,w4_acl,741,5.786708,1.0,10,,planner_acl_scalar_expected
pg-hnsw,250000,2,w4_acl,148,6.062125,1.0,10,,planner_acl_scalar_expected
pg-hnsw,250000,2,w4_acl,909,6.090709,1.0,10,,planner_acl_scalar_expected
pg-hnsw,250000,2,w4_acl,171,5.914208,1.0,10,,planner_acl_scalar_expected
pg-hnsw,250000,2,w4_acl,796,5.709834,1.0,10,,planner_acl_scalar_expected
pg-hnsw,250000,2,w4_acl,277,6.62975,1.0,10,,planner_acl_scalar_expected
pg-hnsw,250000,2,w4_acl,627,5.986708,1.0,10,,planner_acl_scalar_expected
pg-hnsw,250000,2,w4_acl,956,5.873375,1.0,10,,planner_acl_scalar_expected
pg-hnsw,250000,2,w4_acl,498,5.976583,1.0,10,,planner_acl_scalar_expected
pg-hnsw,250000,2,w4_acl,936,5.668875,1.0,10,,planner_acl_scalar_expected
pg-hnsw,250000,2,w4_acl,649,10.306208,1.0,10,,planner_acl_scalar_expected
pg-hnsw,250000,2,w4_acl,556,8.973708,1.0,10,,planner_acl_scalar_expected
pg-hnsw,250000,2,w4_acl,877,5.981583,1.0,10,,planner_acl_scalar_expected
pg-hnsw,250000,2,w4_acl,746,5.419834,1.0,10,,planner_acl_scalar_expected
pg-hnsw,250000,2,w4_acl,312,5.4315,1.0,10,,planner_acl_scalar_expected
pg-hnsw,250000,2,w4_acl,784,5.698208,1.0,10,,planner_acl_scalar_expected
pg-hnsw,250000,2,w4_acl,493,5.816666,1.0,10,,planner_acl_scalar_expected
pg-hnsw,250000,2,w4_acl,908,5.490875,1.0,10,,planner_acl_scalar_expected
pg-hnsw,250000,2,w4_acl,227,6.277042,1.0,10,,planner_acl_scalar_expected
pg-hnsw,250000,2,w4_acl,950,5.940708,1.0,10,,planner_acl_scalar_expected
pg-hnsw,250000,2,w4_acl,300,5.265083,1.0,10,,planner_acl_scalar_expected
pg-hnsw,250000,2,w4_acl,112,5.514833,1.0,10,,planner_acl_scalar_expected
pg-hnsw,250000,2,w4_acl,754,10.677209,1.0,10,,planner_acl_scalar_expected
pg-hnsw,250000,2,w4_acl,816,5.554125,1.0,10,,planner_acl_scalar_expected
pg-hnsw,250000,2,w4_acl,937,8.478167,1.0,10,,planner_acl_scalar_expected
pg-hnsw,250000,2,w4_acl,154,6.066,1.0,10,,planner_acl_scalar_expected
pg-hnsw,250000,2,w4_acl,150,9.66425,1.0,10,,planner_acl_scalar_expected
pg-hnsw,250000,2,w4_acl,840,5.1535,1.0,10,,planner_acl_scalar_expected
pg-hnsw,250000,2,w4_acl,102,6.182334,1.0,10,,planner_acl_scalar_expected
pg-hnsw,250000,2,w4_acl,464,5.695167,1.0,10,,planner_acl_scalar_expected
pg-hnsw,250000,2,w4_acl,299,5.598208,1.0,10,,planner_acl_scalar_expected
pg-hnsw,250000,2,w4_acl,815,6.012542,1.0,10,,planner_acl_scalar_expected
pg-hnsw,250000,2,w4_acl,267,5.845333,1.0,10,,planner_acl_scalar_expected
pg-hnsw,250000,2,w4_acl,761,5.675375,1.0,10,,planner_acl_scalar_expected
pg-hnsw,250000,2,w4_acl,726,5.611166,1.0,10,,planner_acl_scalar_expected
pg-hnsw,250000,2,w4_acl,757,8.337375,1.0,10,,planner_acl_scalar_expected
pg-hnsw,250000,2,w4_acl,631,5.911625,1.0,10,,planner_acl_scalar_expected
pg-hnsw,250000,2,w4_acl,855,5.514292,1.0,10,,planner_acl_scalar_expected
pg-hnsw,250000,2,w4_acl,346,8.26025,1.0,10,,planner_acl_scalar_expected
pg-hnsw,250000,2,w4_acl,495,6.258,1.0,10,,planner_acl_scalar_expected
pg-hnsw,250000,2,w4_acl,705,5.845333,1.0,10,,planner_acl_scalar_expected
pg-hnsw,250000,2,w4_acl,867,6.16525,1.0,10,,planner_acl_scalar_expected
pg-hnsw,250000,2,w4_acl,948,11.034791,1.0,10,,planner_acl_scalar_expected
pg-hnsw,250000,2,w4_acl,435,5.898375,1.0,10,,planner_acl_scalar_expected
pg-hnsw,250000,2,w4_acl,989,6.434791,1.0,10,,planner_acl_scalar_expected
pg-hnsw,250000,2,w4_acl,720,5.36275,1.0,10,,planner_acl_scalar_expected
pg-hnsw,250000,2,w4_acl,830,6.028625,1.0,10,,planner_acl_scalar_expected
pg-hnsw,250000,2,w4_acl,646,6.186458,1.0,10,,planner_acl_scalar_expected
pg-hnsw,250000,2,w4_acl,473,6.083083,1.0,10,,planner_acl_scalar_expected
pg-hnsw,250000,2,w4_acl,706,5.645167,1.0,10,,planner_acl_scalar_expected
pg-hnsw,250000,2,w4_acl,487,5.674875,1.0,10,,planner_acl_scalar_expected
pg-hnsw,250000,2,w4_acl,478,5.460917,1.0,10,,planner_acl_scalar_expected
pg-hnsw,250000,2,w4_acl,262,6.376042,1.0,10,,planner_acl_scalar_expected
pg-hnsw,250000,2,w4_acl,396,5.657166,1.0,10,,planner_acl_scalar_expected
pg-hnsw,250000,2,w4_acl,144,4.8545,1.0,10,,planner_acl_scalar_expected
pg-hnsw,250000,2,w4_acl,863,9.978208,1.0,10,,planner_acl_scalar_expected
pg-hnsw,250000,2,w4_acl,516,5.840792,1.0,10,,planner_acl_scalar_expected
pg-hnsw,250000,2,w4_acl,565,5.763958,1.0,10,,planner_acl_scalar_expected
pg-hnsw,250000,2,w4_acl,184,5.858375,1.0,10,,planner_acl_scalar_expected
pg-hnsw,250000,2,w4_acl,636,8.617667,1.0,10,,planner_acl_scalar_expected
pg-hnsw,250000,2,w4_acl,457,6.29125,1.0,10,,planner_acl_scalar_expected
pg-hnsw,250000,2,w4_acl,526,5.809959,1.0,10,,planner_acl_scalar_expected
pg-hnsw,250000,2,w4_acl,166,5.699125,1.0,10,,planner_acl_scalar_expected
pg-hnsw,250000,2,w4_acl,533,6.096375,1.0,10,,planner_acl_scalar_expected
pg-hnsw,250000,2,w4_acl,547,6.446709,1.0,10,,planner_acl_scalar_expected
pg-hnsw,250000,2,w4_acl,894,5.830167,1.0,10,,planner_acl_scalar_expected
pg-hnsw,250000,2,w4_acl,691,7.525625,1.0,10,,planner_acl_scalar_expected
pg-hnsw,250000,2,w4_acl,669,5.318458,1.0,10,,planner_acl_scalar_expected
pg-hnsw,250000,2,w4_acl,566,5.741792,1.0,10,,planner_acl_scalar_expected
pg-hnsw,250000,2,w4_acl,979,5.668792,1.0,10,,planner_acl_scalar_expected
pg-hnsw,250000,2,w4_acl,452,5.80275,1.0,10,,planner_acl_scalar_expected
pg-hnsw,250000,2,w4_acl,947,6.197292,1.0,10,,planner_acl_scalar_expected
pg-hnsw,250000,2,w4_acl,193,5.526833,1.0,10,,planner_acl_scalar_expected
pg-hnsw,250000,2,w4_acl,580,6.489542,1.0,10,,planner_acl_scalar_expected
pg-hnsw,250000,2,w4_acl,896,5.933584,1.0,10,,planner_acl_scalar_expected
pg-hnsw,250000,2,w4_acl,218,10.436167,1.0,10,,planner_acl_scalar_expected
pg-hnsw,250000,2,w4_acl,897,6.164,1.0,10,,planner_acl_scalar_expected
pg-hnsw,250000,2,w4_acl,522,6.158667,1.0,10,,planner_acl_scalar_expected
pg-hnsw,250000,2,w4_acl,563,5.467833,1.0,10,,planner_acl_scalar_expected
pg-hnsw,250000,2,w4_acl,998,5.873,1.0,10,,planner_acl_scalar_expected
pg-hnsw,250000,2,w4_acl,128,6.217417,1.0,10,,planner_acl_scalar_expected
pg-hnsw,250000,2,w4_acl,199,5.997958,1.0,10,,planner_acl_scalar_expected
pg-hnsw,250000,2,w4_acl,479,5.462917,1.0,10,,planner_acl_scalar_expected
pg-hnsw,250000,2,w4_acl,623,6.078875,1.0,10,,planner_acl_scalar_expected
pg-hnsw,250000,2,w4_acl,213,6.137,1.0,10,,planner_acl_scalar_expected
pg-hnsw,250000,2,w4_acl,766,5.262667,1.0,10,,planner_acl_scalar_expected
pg-hnsw,250000,2,w4_acl,532,5.3585,1.0,10,,planner_acl_scalar_expected
pg-hnsw,250000,2,w4_acl,912,5.642334,1.0,10,,planner_acl_scalar_expected
pg-hnsw,250000,2,w4_acl,708,5.66775,1.0,10,,planner_acl_scalar_expected
pg-hnsw,250000,2,w4_acl,214,5.352833,1.0,10,,planner_acl_scalar_expected
pg-hnsw,250000,2,w4_acl,133,6.603875,1.0,10,,planner_acl_scalar_expected
pg-hnsw,250000,2,w4_acl,886,5.524417,1.0,10,,planner_acl_scalar_expected
pg-hnsw,250000,2,w4_acl,768,6.08925,1.0,10,,planner_acl_scalar_expected
pg-hnsw,250000,2,w4_acl,734,6.934541,1.0,10,,planner_acl_scalar_expected
pg-hnsw,250000,2,w4_acl,715,4.863666,1.0,10,,planner_acl_scalar_expected
pg-hnsw,250000,2,w4_acl,599,5.634083,1.0,10,,planner_acl_scalar_expected
pg-hnsw,250000,2,w4_acl,508,6.457542,1.0,10,,planner_acl_scalar_expected
pg-hnsw,250000,2,w4_acl,827,5.12625,1.0,10,,planner_acl_scalar_expected
pg-hnsw,250000,2,w4_acl,535,5.094,1.0,10,,planner_acl_scalar_expected
pg-hnsw,250000,2,w4_acl,735,5.840542,1.0,10,,planner_acl_scalar_expected
pg-hnsw,250000,2,w4_acl,247,7.313542,1.0,10,,planner_acl_scalar_expected
pg-hnsw,250000,2,w4_acl,414,4.957667,1.0,10,,planner_acl_scalar_expected
pg-hnsw,250000,2,w4_acl,714,5.08875,1.0,10,,planner_acl_scalar_expected
pg-hnsw,250000,2,w4_acl,837,6.514583,1.0,10,,planner_acl_scalar_expected
pg-hnsw,250000,2,w4_acl,162,7.5155,1.0,10,,planner_acl_scalar_expected
pg-hnsw,250000,2,w4_acl,672,5.1935,1.0,10,,planner_acl_scalar_expected
pg-hnsw,250000,2,w4_acl,477,5.850417,1.0,10,,planner_acl_scalar_expected
pg-hnsw,250000,2,w4_acl,229,8.315916,1.0,10,,planner_acl_scalar_expected
pg-hnsw,250000,2,w4_acl,454,6.421125,1.0,10,,planner_acl_scalar_expected
pg-hnsw,250000,2,w4_acl,577,5.852833,1.0,10,,planner_acl_scalar_expected
pg-hnsw,250000,2,w4_acl,571,5.160459,1.0,10,,planner_acl_scalar_expected
pg-hnsw,250000,2,w4_acl,113,6.701,1.0,10,,planner_acl_scalar_expected
pg-hnsw,250000,2,w4_acl,776,5.541584,1.0,10,,planner_acl_scalar_expected
pg-hnsw,250000,2,w4_acl,248,5.359625,1.0,10,,planner_acl_scalar_expected
pg-hnsw,250000,2,w4_acl,923,5.874792,1.0,10,,planner_acl_scalar_expected
pg-hnsw,250000,2,w4_acl,353,5.16,1.0,10,,planner_acl_scalar_expected
pg-hnsw,250000,2,w4_acl,472,4.965583,1.0,10,,planner_acl_scalar_expected
pg-hnsw,250000,2,w4_acl,356,5.799333,1.0,10,,planner_acl_scalar_expected
pg-hnsw,250000,2,w4_acl,707,7.141125,1.0,10,,planner_acl_scalar_expected
pg-hnsw,250000,2,w4_acl,250,5.387375,1.0,10,,planner_acl_scalar_expected
pg-hnsw,250000,2,w4_acl,437,5.769917,1.0,10,,planner_acl_scalar_expected
pg-hnsw,250000,2,w4_acl,174,5.650959,1.0,10,,planner_acl_scalar_expected
pg-hnsw,250000,2,w4_acl,236,9.939958,1.0,10,,planner_acl_scalar_expected
pg-hnsw,250000,2,w4_acl,903,6.201625,1.0,10,,planner_acl_scalar_expected
pg-hnsw,250000,2,w4_acl,447,5.833584,1.0,10,,planner_acl_scalar_expected
pg-hnsw,250000,2,w4_acl,575,5.635,1.0,10,,planner_acl_scalar_expected
pg-hnsw,250000,2,w4_acl,311,6.022208,1.0,10,,planner_acl_scalar_expected
pg-hnsw,250000,2,w4_acl,569,6.164125,1.0,10,,planner_acl_scalar_expected
pg-hnsw,250000,2,w4_acl,401,5.123125,1.0,10,,planner_acl_scalar_expected
pg-hnsw,250000,2,w4_acl,338,6.050208,1.0,10,,planner_acl_scalar_expected
pg-hnsw,250000,2,w4_acl,589,10.457584,1.0,10,,planner_acl_scalar_expected
pg-hnsw,250000,2,w4_acl,285,6.005166,1.0,10,,planner_acl_scalar_expected
pg-hnsw,250000,2,w4_acl,744,5.791875,1.0,10,,planner_acl_scalar_expected
pg-hnsw,250000,2,w4_acl,459,5.159334,1.0,10,,planner_acl_scalar_expected
pg-hnsw,250000,2,w4_acl,679,5.791667,1.0,10,,planner_acl_scalar_expected
pg-hnsw,250000,2,w4_acl,501,9.501708,1.0,10,,planner_acl_scalar_expected
pg-hnsw,250000,2,w4_acl,145,9.284708,1.0,10,,planner_acl_scalar_expected
pg-hnsw,250000,2,w4_acl,807,6.127,1.0,10,,planner_acl_scalar_expected
pg-hnsw,250000,2,w4_acl,129,6.097583,1.0,10,,planner_acl_scalar_expected
pg-hnsw,250000,2,w4_acl,943,6.093958,1.0,10,,planner_acl_scalar_expected
pg-hnsw,250000,2,w4_acl,642,5.526875,1.0,10,,planner_acl_scalar_expected
pg-hnsw,250000,2,w4_acl,505,6.146125,1.0,10,,planner_acl_scalar_expected
pg-hnsw,250000,2,w4_acl,205,6.146125,1.0,10,,planner_acl_scalar_expected
pg-hnsw,250000,2,w4_acl,398,5.617708,1.0,10,,planner_acl_scalar_expected
pg-hnsw,250000,2,w4_acl,126,5.689792,1.0,10,,planner_acl_scalar_expected
pg-hnsw,250000,2,w4_acl,960,10.88275,1.0,10,,planner_acl_scalar_expected
pg-hnsw,250000,2,w4_acl,444,5.731833,1.0,10,,planner_acl_scalar_expected
pg-hnsw,250000,2,w4_acl,932,5.898375,1.0,10,,planner_acl_scalar_expected
pg-hnsw,250000,2,w4_acl,203,6.241791,1.0,10,,planner_acl_scalar_expected
pg-hnsw,250000,2,w4_acl,228,5.740709,1.0,10,,planner_acl_scalar_expected
pg-hnsw,250000,2,w4_acl,772,5.481208,1.0,10,,planner_acl_scalar_expected
pg-hnsw,250000,2,w4_acl,269,5.476,1.0,10,,planner_acl_scalar_expected
pg-hnsw,250000,2,w4_acl,598,5.631,1.0,10,,planner_acl_scalar_expected
pg-hnsw,250000,2,w4_acl,345,5.447083,1.0,10,,planner_acl_scalar_expected
pg-hnsw,250000,2,w4_acl,100,5.253833,1.0,10,,planner_acl_scalar_expected
pg-hnsw,250000,2,w4_acl,831,5.438625,1.0,10,,planner_acl_scalar_expected
pg-hnsw,250000,2,w4_acl,959,5.867584,1.0,10,,planner_acl_scalar_expected
pg-hnsw,250000,2,w4_acl,548,6.20425,1.0,10,,planner_acl_scalar_expected
pg-hnsw,250000,2,w4_acl,983,5.670292,1.0,10,,planner_acl_scalar_expected
pg-hnsw,250000,2,w4_acl,678,5.844625,1.0,10,,planner_acl_scalar_expected
pg-hnsw,250000,2,w4_acl,318,8.613834,1.0,10,,planner_acl_scalar_expected
pg-hnsw,250000,2,w4_acl,296,6.906292,1.0,10,,planner_acl_scalar_expected
pg-hnsw,250000,2,w4_acl,192,5.821291,1.0,10,,planner_acl_scalar_expected
pg-hnsw,250000,2,w4_acl,899,5.655375,1.0,10,,planner_acl_scalar_expected
pg-hnsw,250000,2,w4_acl,732,5.397709,1.0,10,,planner_acl_scalar_expected
pg-hnsw,250000,2,w4_acl,940,5.944209,1.0,10,,planner_acl_scalar_expected
pg-hnsw,250000,2,w4_acl,223,5.563708,1.0,10,,planner_acl_scalar_expected
pg-hnsw,250000,2,w4_acl,325,6.314833,1.0,10,,planner_acl_scalar_expected
pg-hnsw,250000,2,w4_acl,330,6.243167,1.0,10,,planner_acl_scalar_expected
pg-hnsw,250000,2,w4_acl,271,5.711125,1.0,10,,planner_acl_scalar_expected
pg-hnsw,250000,2,w4_acl,791,5.667417,1.0,10,,planner_acl_scalar_expected
pg-hnsw,250000,2,w4_acl,621,5.808792,1.0,10,,planner_acl_scalar_expected
pg-hnsw,250000,2,w4_acl,562,5.87825,1.0,10,,planner_acl_scalar_expected
pg-hnsw,250000,2,w4_acl,848,5.628917,1.0,10,,planner_acl_scalar_expected
pg-hnsw,250000,2,w4_acl,137,5.796,1.0,10,,planner_acl_scalar_expected
pg-hnsw,250000,2,w4_acl,803,5.682166,1.0,10,,planner_acl_scalar_expected
pg-hnsw,250000,2,w4_acl,411,5.232333,1.0,10,,planner_acl_scalar_expected
pg-hnsw,250000,2,w4_acl,352,6.139875,1.0,10,,planner_acl_scalar_expected
pg-hnsw,250000,2,w4_acl,997,10.847375,1.0,10,,planner_acl_scalar_expected
pg-hnsw,250000,2,w4_acl,939,5.772958,1.0,10,,planner_acl_scalar_expected
pg-hnsw,250000,2,w4_acl,609,6.118333,1.0,10,,planner_acl_scalar_expected
pg-hnsw,250000,2,w4_acl,388,6.303083,1.0,10,,planner_acl_scalar_expected
pg-hnsw,250000,2,w4_acl,204,5.462583,1.0,10,,planner_acl_scalar_expected
pg-hnsw,250000,2,w4_acl,666,6.577625,1.0,10,,planner_acl_scalar_expected
pg-hnsw,250000,2,w4_acl,584,6.064541,1.0,10,,planner_acl_scalar_expected
pg-hnsw,250000,2,w4_acl,719,5.070917,1.0,10,,planner_acl_scalar_expected
pg-hnsw,250000,2,w4_acl,839,6.738917,1.0,10,,planner_acl_scalar_expected
pg-hnsw,250000,2,w4_acl,466,6.198417,1.0,10,,planner_acl_scalar_expected
pg-hnsw,250000,2,w4_acl,829,5.853375,1.0,10,,planner_acl_scalar_expected
pg-hnsw,250000,2,w4_acl,376,5.446459,1.0,10,,planner_acl_scalar_expected
pg-hnsw,250000,2,w4_acl,762,5.978583,1.0,10,,planner_acl_scalar_expected
pg-hnsw,250000,2,w4_acl,543,6.263084,1.0,10,,planner_acl_scalar_expected
pg-hnsw,250000,2,w4_acl,283,5.244667,1.0,10,,planner_acl_scalar_expected
pg-hnsw,250000,2,w4_acl,736,6.110458,1.0,10,,planner_acl_scalar_expected
pg-hnsw,250000,2,w4_acl,242,6.309792,1.0,10,,planner_acl_scalar_expected
pg-hnsw,250000,2,w4_acl,384,5.01025,1.0,10,,planner_acl_scalar_expected
pg-hnsw,250000,2,w4_acl,434,4.739125,1.0,10,,planner_acl_scalar_expected
pg-hnsw,250000,2,w4_acl,561,5.070709,1.0,10,,planner_acl_scalar_expected
pg-hnsw,250000,2,w4_acl,926,5.926208,1.0,10,,planner_acl_scalar_expected
pg-hnsw,250000,2,w4_acl,313,5.931458,1.0,10,,planner_acl_scalar_expected
pg-hnsw,250000,2,w4_acl,511,6.349583,1.0,10,,planner_acl_scalar_expected
pg-hnsw,250000,2,w4_acl,673,6.275709,1.0,10,,planner_acl_scalar_expected
pg-hnsw,250000,2,w4_acl,835,5.828,1.0,10,,planner_acl_scalar_expected
pg-hnsw,250000,2,w4_acl,284,5.914459,1.0,10,,planner_acl_scalar_expected
pg-hnsw,250000,2,w4_acl,782,10.09925,1.0,10,,planner_acl_scalar_expected
pg-hnsw,250000,2,w4_acl,233,6.07875,1.0,10,,planner_acl_scalar_expected
pg-hnsw,250000,2,w4_acl,634,5.542791,1.0,10,,planner_acl_scalar_expected
pg-hnsw,250000,2,w4_acl,564,5.521083,1.0,10,,planner_acl_scalar_expected
pg-hnsw,250000,2,w4_acl,808,6.162208,1.0,10,,planner_acl_scalar_expected
pg-hnsw,250000,2,w4_acl,594,9.023042,1.0,10,,planner_acl_scalar_expected
pg-hnsw,250000,2,w4_acl,851,5.773708,1.0,10,,planner_acl_scalar_expected
pg-hnsw,250000,2,w4_acl,272,8.793792,1.0,10,,planner_acl_scalar_expected
pg-hnsw,250000,2,w4_acl,553,6.602416,1.0,10,,planner_acl_scalar_expected
pg-hnsw,250000,2,w4_acl,282,5.412042,1.0,10,,planner_acl_scalar_expected
pg-hnsw,250000,2,w4_acl,517,5.897708,1.0,10,,planner_acl_scalar_expected
pg-hnsw,250000,2,w4_acl,491,6.229541,1.0,10,,planner_acl_scalar_expected
pg-hnsw,250000,2,w4_acl,739,5.248125,1.0,10,,planner_acl_scalar_expected
pg-hnsw,250000,2,w4_acl,431,5.590166,1.0,10,,planner_acl_scalar_expected
pg-hnsw,250000,2,w4_acl,794,5.948292,1.0,10,,planner_acl_scalar_expected
pg-hnsw,250000,2,w4_acl,605,5.917208,1.0,10,,planner_acl_scalar_expected
pg-hnsw,250000,2,w4_acl,661,5.637917,1.0,10,,planner_acl_scalar_expected
pg-hnsw,250000,2,w4_acl,737,8.259375,1.0,10,,planner_acl_scalar_expected
pg-hnsw,250000,2,w4_acl,795,6.012041,1.0,10,,planner_acl_scalar_expected
pg-hnsw,250000,2,w4_acl,858,5.07225,1.0,10,,planner_acl_scalar_expected
pg-hnsw,250000,2,w4_acl,190,5.389916,1.0,10,,planner_acl_scalar_expected
pg-hnsw,250000,2,w4_acl,963,5.83775,1.0,10,,planner_acl_scalar_expected
pg-hnsw,250000,2,w4_acl,933,11.5935,1.0,10,,planner_acl_scalar_expected
pg-hnsw,250000,2,w4_acl,866,6.287166,1.0,10,,planner_acl_scalar_expected
pg-hnsw,250000,2,w4_acl,281,5.786875,1.0,10,,planner_acl_scalar_expected
pg-hnsw,250000,2,w4_acl,158,6.385,1.0,10,,planner_acl_scalar_expected
pg-hnsw,250000,2,w4_acl,402,5.213333,1.0,10,,planner_acl_scalar_expected
pg-hnsw,250000,2,w4_acl,360,5.716958,1.0,10,,planner_acl_scalar_expected
pg-hnsw,250000,2,w4_acl,630,6.308125,1.0,10,,planner_acl_scalar_expected
pg-hnsw,250000,2,w4_acl,183,5.504417,1.0,10,,planner_acl_scalar_expected
pg-hnsw,250000,2,w4_acl,305,7.144625,1.0,10,,planner_acl_scalar_expected
pg-hnsw,250000,2,w4_acl,806,5.737417,1.0,10,,planner_acl_scalar_expected
pg-hnsw,250000,2,w4_acl,852,5.259042,1.0,10,,planner_acl_scalar_expected
pg-hnsw,250000,2,w4_acl,826,5.469,1.0,10,,planner_acl_scalar_expected
pg-hnsw,250000,2,w4_acl,449,5.672,1.0,10,,planner_acl_scalar_expected
pg-hnsw,250000,2,w4_acl,786,6.470542,1.0,10,,planner_acl_scalar_expected
pg-hnsw,250000,2,w4_acl,540,5.584708,1.0,10,,planner_acl_scalar_expected
pg-hnsw,250000,2,w4_acl,390,5.894375,1.0,10,,planner_acl_scalar_expected
pg-hnsw,250000,2,w4_acl,428,6.314375,1.0,10,,planner_acl_scalar_expected
pg-hnsw,250000,2,w4_acl,711,12.097416,1.0,10,,planner_acl_scalar_expected
pg-hnsw,250000,2,w4_acl,755,5.893458,1.0,10,,planner_acl_scalar_expected
pg-hnsw,250000,2,w4_acl,922,6.414375,1.0,10,,planner_acl_scalar_expected
pg-hnsw,250000,2,w4_acl,891,5.804833,1.0,10,,planner_acl_scalar_expected
pg-hnsw,250000,2,w4_acl,443,5.118792,1.0,10,,planner_acl_scalar_expected
pg-hnsw,250000,2,w4_acl,494,5.856292,1.0,10,,planner_acl_scalar_expected
pg-hnsw,250000,2,w4_acl,798,4.931666,1.0,10,,planner_acl_scalar_expected
pg-hnsw,250000,2,w4_acl,395,6.409167,1.0,10,,planner_acl_scalar_expected
pg-hnsw,250000,2,w4_acl,787,6.503542,1.0,10,,planner_acl_scalar_expected
pg-hnsw,250000,2,w4_acl,664,5.518,1.0,10,,planner_acl_scalar_expected
pg-hnsw,250000,2,w4_acl,492,6.875583,1.0,10,,planner_acl_scalar_expected
pg-hnsw,250000,2,w4_acl,303,5.773959,1.0,10,,planner_acl_scalar_expected
pg-hnsw,250000,2,w4_acl,407,5.143042,1.0,10,,planner_acl_scalar_expected
pg-hnsw,250000,2,w4_acl,122,5.27625,1.0,10,,planner_acl_scalar_expected
pg-hnsw,250000,2,w4_acl,127,5.260333,1.0,10,,planner_acl_scalar_expected
pg-hnsw,250000,2,w4_acl,446,5.069917,1.0,10,,planner_acl_scalar_expected
pg-hnsw,250000,2,w4_acl,378,4.983291,1.0,10,,planner_acl_scalar_expected
pg-hnsw,250000,2,w4_acl,276,6.080167,1.0,10,,planner_acl_scalar_expected
pg-hnsw,250000,2,w4_acl,913,5.521125,1.0,10,,planner_acl_scalar_expected
pg-hnsw,250000,2,w4_acl,893,5.475459,1.0,10,,planner_acl_scalar_expected
pg-hnsw,250000,2,w4_acl,586,5.692542,1.0,10,,planner_acl_scalar_expected
pg-hnsw,250000,2,w4_acl,403,5.503792,1.0,10,,planner_acl_scalar_expected
pg-hnsw,250000,2,w4_acl,237,5.964083,1.0,10,,planner_acl_scalar_expected
pg-hnsw,250000,2,w4_acl,261,5.495083,1.0,10,,planner_acl_scalar_expected
pg-hnsw,250000,2,w4_acl,975,5.862417,1.0,10,,planner_acl_scalar_expected
pg-hnsw,250000,2,w4_acl,868,5.290334,1.0,10,,planner_acl_scalar_expected
pg-hnsw,250000,2,w4_acl,935,5.025542,1.0,10,,planner_acl_scalar_expected
pg-hnsw,250000,2,w4_acl,750,7.052167,1.0,10,,planner_acl_scalar_expected
pg-hnsw,250000,2,w4_acl,879,5.882708,1.0,10,,planner_acl_scalar_expected
pg-hnsw,250000,2,w4_acl,805,6.22075,1.0,10,,planner_acl_scalar_expected
pg-hnsw,250000,2,w4_acl,545,5.679416,1.0,10,,planner_acl_scalar_expected
pg-hnsw,250000,2,w4_acl,890,8.809333,1.0,10,,planner_acl_scalar_expected
pg-hnsw,250000,2,w4_acl,987,5.6815,1.0,10,,planner_acl_scalar_expected
pg-hnsw,250000,2,w4_acl,801,5.604958,1.0,10,,planner_acl_scalar_expected
pg-hnsw,250000,2,w4_acl,588,5.045542,1.0,10,,planner_acl_scalar_expected
pg-hnsw,250000,2,w4_acl,759,7.513083,1.0,10,,planner_acl_scalar_expected
pg-hnsw,250000,2,w4_acl,321,5.021834,1.0,10,,planner_acl_scalar_expected
pg-hnsw,250000,2,w4_acl,781,5.515333,1.0,10,,planner_acl_scalar_expected
pg-hnsw,250000,2,w4_acl,978,5.767584,1.0,10,,planner_acl_scalar_expected
pg-hnsw,250000,2,w4_acl,869,6.385708,1.0,10,,planner_acl_scalar_expected
pg-hnsw,250000,2,w4_acl,157,6.021459,1.0,10,,planner_acl_scalar_expected
pg-hnsw,250000,2,w4_acl,652,5.494666,1.0,10,,planner_acl_scalar_expected
pg-hnsw,250000,2,w4_acl,554,6.012625,1.0,10,,planner_acl_scalar_expected
pg-hnsw,250000,2,w4_acl,362,6.301916,1.0,10,,planner_acl_scalar_expected
pg-hnsw,250000,2,w4_acl,340,5.7565,1.0,10,,planner_acl_scalar_expected
pg-hnsw,250000,2,w4_acl,576,6.8395,1.0,10,,planner_acl_scalar_expected
pg-hnsw,250000,2,w4_acl,302,9.652416,1.0,10,,planner_acl_scalar_expected
pg-hnsw,250000,2,w4_acl,366,6.478375,1.0,10,,planner_acl_scalar_expected
pg-hnsw,250000,2,w4_acl,849,5.66175,1.0,10,,planner_acl_scalar_expected
pg-hnsw,250000,2,w4_acl,116,5.921292,1.0,10,,planner_acl_scalar_expected
pg-hnsw,250000,2,w4_acl,958,5.582125,1.0,10,,planner_acl_scalar_expected
pg-hnsw,250000,2,w4_acl,995,10.246916,1.0,10,,planner_acl_scalar_expected
pg-hnsw,250000,2,w4_acl,181,6.017417,1.0,10,,planner_acl_scalar_expected
pg-hnsw,250000,2,w4_acl,385,6.391625,1.0,10,,planner_acl_scalar_expected
pg-hnsw,250000,2,w4_acl,226,6.531458,1.0,10,,planner_acl_scalar_expected
pg-hnsw,250000,2,w4_acl,688,6.165459,1.0,10,,planner_acl_scalar_expected
pg-hnsw,250000,2,w4_acl,297,6.004042,1.0,10,,planner_acl_scalar_expected
pg-hnsw,250000,2,w4_acl,699,5.307875,1.0,10,,planner_acl_scalar_expected
pg-hnsw,250000,2,w4_acl,969,5.97875,1.0,10,,planner_acl_scalar_expected
pg-hnsw,250000,2,w4_acl,232,5.2655,1.0,10,,planner_acl_scalar_expected
pg-hnsw,250000,2,w4_acl,725,10.594666,1.0,10,,planner_acl_scalar_expected
pg-hnsw,250000,2,w4_acl,615,5.53925,1.0,10,,planner_acl_scalar_expected
pg-hnsw,250000,2,w4_acl,537,6.121125,1.0,10,,planner_acl_scalar_expected
pg-hnsw,250000,2,w4_acl,819,6.241,1.0,10,,planner_acl_scalar_expected
pg-hnsw,250000,2,w4_acl,802,5.508,1.0,10,,planner_acl_scalar_expected
pg-hnsw,250000,2,w4_acl,509,5.092042,1.0,10,,planner_acl_scalar_expected
pg-hnsw,250000,2,w4_acl,918,5.874,1.0,10,,planner_acl_scalar_expected
pg-hnsw,250000,2,w4_acl,332,6.347542,1.0,10,,planner_acl_scalar_expected
pg-hnsw,250000,2,w4_acl,773,6.050167,1.0,10,,planner_acl_scalar_expected
pg-hnsw,250000,2,w4_acl,453,5.184417,1.0,10,,planner_acl_scalar_expected
pg-hnsw,250000,2,w4_acl,982,6.414542,1.0,10,,planner_acl_scalar_expected
pg-hnsw,250000,2,w4_acl,703,5.620959,1.0,10,,planner_acl_scalar_expected
pg-hnsw,250000,2,w4_acl,341,5.966667,1.0,10,,planner_acl_scalar_expected
pg-hnsw,250000,2,w4_acl,368,10.280375,1.0,10,,planner_acl_scalar_expected
pg-hnsw,250000,2,w4_acl,252,5.7275,1.0,10,,planner_acl_scalar_expected
pg-hnsw,250000,2,w4_acl,179,9.221834,1.0,10,,planner_acl_scalar_expected
pg-hnsw,250000,2,w4_acl,339,8.593417,1.0,10,,planner_acl_scalar_expected
pg-hnsw,250000,2,w4_acl,591,5.629625,1.0,10,,planner_acl_scalar_expected
pg-hnsw,250000,2,w4_acl,612,5.885125,1.0,10,,planner_acl_scalar_expected
pg-hnsw,250000,2,w4_acl,375,5.4185,1.0,10,,planner_acl_scalar_expected
pg-hnsw,250000,2,w4_acl,895,6.299958,1.0,10,,planner_acl_scalar_expected
pg-hnsw,250000,2,w4_acl,195,5.744334,1.0,10,,planner_acl_scalar_expected
pg-hnsw,250000,2,w4_acl,907,6.140458,1.0,10,,planner_acl_scalar_expected
pg-hnsw,250000,2,w4_acl,625,6.223333,1.0,10,,planner_acl_scalar_expected
pg-hnsw,250000,2,w4_acl,823,10.411916,1.0,10,,planner_acl_scalar_expected
pg-hnsw,250000,2,w4_acl,552,5.959125,1.0,10,,planner_acl_scalar_expected
pg-hnsw,250000,2,w4_acl,799,5.803375,1.0,10,,planner_acl_scalar_expected
pg-hnsw,250000,2,w4_acl,650,5.9415,1.0,10,,planner_acl_scalar_expected
pg-hnsw,250000,2,w4_acl,451,5.690416,1.0,10,,planner_acl_scalar_expected
pg-hnsw,250000,2,w4_acl,367,5.669125,1.0,10,,planner_acl_scalar_expected
pg-hnsw,250000,2,w4_acl,379,5.288666,1.0,10,,planner_acl_scalar_expected
pg-hnsw,250000,2,w4_acl,645,5.92975,1.0,10,,planner_acl_scalar_expected
pg-hnsw,250000,2,w4_acl,518,6.278333,1.0,10,,planner_acl_scalar_expected
pg-hnsw,250000,2,w4_acl,662,5.443541,1.0,10,,planner_acl_scalar_expected
pg-hnsw,250000,2,w4_acl,502,4.996584,1.0,10,,planner_acl_scalar_expected
pg-hnsw,250000,2,w4_acl,949,5.753208,1.0,10,,planner_acl_scalar_expected
pg-hnsw,250000,2,w4_acl,470,6.218708,1.0,10,,planner_acl_scalar_expected
pg-hnsw,250000,2,w4_acl,785,5.45425,1.0,10,,planner_acl_scalar_expected
pg-hnsw,250000,2,w4_acl,118,9.048959,1.0,10,,planner_acl_scalar_expected
pg-hnsw,250000,2,w4_acl,397,6.120542,1.0,10,,planner_acl_scalar_expected
pg-hnsw,250000,2,w4_acl,249,6.307084,1.0,10,,planner_acl_scalar_expected
pg-hnsw,250000,2,w4_acl,343,6.301292,1.0,10,,planner_acl_scalar_expected
pg-hnsw,250000,2,w4_acl,111,5.561042,1.0,10,,planner_acl_scalar_expected
pg-hnsw,250000,2,w4_acl,208,5.875709,1.0,10,,planner_acl_scalar_expected
pg-hnsw,250000,2,w4_acl,370,6.020708,1.0,10,,planner_acl_scalar_expected
pg-hnsw,250000,2,w4_acl,257,6.091,1.0,10,,planner_acl_scalar_expected
pg-hnsw,250000,2,w4_acl,322,5.638833,1.0,10,,planner_acl_scalar_expected
pg-hnsw,250000,2,w4_acl,614,8.263541,1.0,10,,planner_acl_scalar_expected
pg-hnsw,250000,2,w4_acl,244,5.399042,1.0,10,,planner_acl_scalar_expected
pg-hnsw,250000,2,w4_acl,420,5.35925,1.0,10,,planner_acl_scalar_expected
pg-hnsw,250000,2,w4_acl,374,5.659292,1.0,10,,planner_acl_scalar_expected
pg-hnsw,250000,2,w4_acl,255,5.934959,1.0,10,,planner_acl_scalar_expected
pg-hnsw,250000,2,w4_acl,450,9.926708,1.0,10,,planner_acl_scalar_expected
pg-hnsw,250000,2,w4_acl,689,5.930958,1.0,10,,planner_acl_scalar_expected
pg-hnsw,250000,2,w4_acl,120,5.746709,1.0,10,,planner_acl_scalar_expected
pg-hnsw,250000,2,w4_acl,238,5.822459,1.0,10,,planner_acl_scalar_expected
pg-hnsw,250000,2,w4_acl,349,5.556333,1.0,10,,planner_acl_scalar_expected
pg-hnsw,250000,2,w4_acl,951,5.847083,1.0,10,,planner_acl_scalar_expected
pg-hnsw,250000,2,w4_acl,670,5.635541,1.0,10,,planner_acl_scalar_expected
pg-hnsw,250000,2,w4_acl,686,7.399709,1.0,10,,planner_acl_scalar_expected
pg-hnsw,250000,2,w4_acl,878,6.023416,1.0,10,,planner_acl_scalar_expected
pg-hnsw,250000,2,w4_acl,438,5.720667,1.0,10,,planner_acl_scalar_expected
pg-hnsw,250000,2,w4_acl,550,5.806083,1.0,10,,planner_acl_scalar_expected
pg-hnsw,250000,2,w4_acl,860,8.439625,1.0,10,,planner_acl_scalar_expected
pg-hnsw,250000,2,w4_acl,792,6.257,1.0,10,,planner_acl_scalar_expected
pg-hnsw,250000,2,w4_acl,506,11.609875,1.0,10,,planner_acl_scalar_expected
pg-hnsw,250000,2,w4_acl,260,5.585084,1.0,10,,planner_acl_scalar_expected
pg-hnsw,250000,2,w4_acl,189,6.453917,1.0,10,,planner_acl_scalar_expected
pg-hnsw,250000,2,w4_acl,161,6.049125,1.0,10,,planner_acl_scalar_expected
pg-hnsw,250000,2,w4_acl,889,5.397708,1.0,10,,planner_acl_scalar_expected
pg-hnsw,250000,2,w4_acl,882,5.260167,1.0,10,,planner_acl_scalar_expected
pg-hnsw,250000,2,w4_acl,643,5.7885,1.0,10,,planner_acl_scalar_expected
pg-hnsw,250000,2,w4_acl,681,5.351125,1.0,10,,planner_acl_scalar_expected
pg-hnsw,250000,2,w4_acl,900,5.916708,1.0,10,,planner_acl_scalar_expected
pg-hnsw,250000,2,w4_acl,293,10.025292,1.0,10,,planner_acl_scalar_expected
pg-hnsw,250000,2,w4_acl,914,5.713583,1.0,10,,planner_acl_scalar_expected
pg-hnsw,250000,2,w4_acl,809,5.668375,1.0,10,,planner_acl_scalar_expected
pg-hnsw,250000,2,w4_acl,748,5.566,1.0,10,,planner_acl_scalar_expected
pg-hnsw,250000,2,w4_acl,530,7.352334,1.0,10,,planner_acl_scalar_expected
pg-hnsw,250000,2,w4_acl,965,5.421459,1.0,10,,planner_acl_scalar_expected
pg-hnsw,250000,2,w4_acl,405,4.371125,1.0,10,,planner_acl_scalar_expected
pg-hnsw,250000,2,w4_acl,687,5.826958,1.0,10,,planner_acl_scalar_expected
pg-hnsw,250000,2,w4_acl,718,9.09425,1.0,10,,planner_acl_scalar_expected
pg-hnsw,250000,2,w4_acl,310,6.5935,1.0,10,,planner_acl_scalar_expected
pg-hnsw,250000,2,w4_acl,677,9.554375,1.0,10,,planner_acl_scalar_expected
pg-hnsw,250000,2,w4_acl,200,5.135667,1.0,10,,planner_acl_scalar_expected
pg-hnsw,250000,2,w4_acl,288,5.867417,1.0,10,,planner_acl_scalar_expected
pg-hnsw,250000,2,w4_acl,618,6.084542,1.0,10,,planner_acl_scalar_expected
pg-hnsw,250000,2,w4_acl,217,5.626167,1.0,10,,planner_acl_scalar_expected
pg-hnsw,250000,2,w4_acl,523,5.431625,1.0,10,,planner_acl_scalar_expected
pg-hnsw,250000,2,w4_acl,520,5.327292,1.0,10,,planner_acl_scalar_expected
pg-hnsw,250000,2,w4_acl,510,5.970375,1.0,10,,planner_acl_scalar_expected
pg-hnsw,250000,2,w4_acl,348,4.945708,1.0,10,,planner_acl_scalar_expected
pg-hnsw,250000,2,w4_acl,962,6.314959,1.0,10,,planner_acl_scalar_expected
pg-hnsw,250000,2,w4_acl,471,6.410208,1.0,10,,planner_acl_scalar_expected
pg-hnsw,250000,2,w4_acl,275,5.8145,1.0,10,,planner_acl_scalar_expected
pg-hnsw,250000,2,w4_acl,608,6.446709,1.0,10,,planner_acl_scalar_expected
pg-hnsw,250000,2,w4_acl,696,7.63725,1.0,10,,planner_acl_scalar_expected
pg-hnsw,250000,2,w4_acl,859,6.015292,1.0,10,,planner_acl_scalar_expected
pg-hnsw,250000,2,w4_acl,986,5.797667,1.0,10,,planner_acl_scalar_expected
pg-hnsw,250000,2,w4_acl,107,6.193583,1.0,10,,planner_acl_scalar_expected
pg-hnsw,250000,2,w4_acl,603,5.313208,1.0,10,,planner_acl_scalar_expected
pg-hnsw,250000,2,w4_acl,887,5.559875,1.0,10,,planner_acl_scalar_expected
pg-hnsw,250000,2,w4_acl,458,5.714833,1.0,10,,planner_acl_scalar_expected
pg-hnsw,250000,2,w4_acl,121,5.465084,1.0,10,,planner_acl_scalar_expected
pg-hnsw,250000,2,w4_acl,885,6.177333,1.0,10,,planner_acl_scalar_expected
pg-hnsw,250000,2,w4_acl,156,5.363875,1.0,10,,planner_acl_scalar_expected
pg-hnsw,250000,2,w4_acl,770,5.723,1.0,10,,planner_acl_scalar_expected
pg-hnsw,250000,2,w4_acl,875,4.873042,1.0,10,,planner_acl_scalar_expected
pg-hnsw,250000,2,w4_acl,862,5.229542,1.0,10,,planner_acl_scalar_expected
pg-hnsw,250000,2,w4_acl,938,4.980708,1.0,10,,planner_acl_scalar_expected
pg-hnsw,250000,2,w4_acl,813,8.12475,1.0,10,,planner_acl_scalar_expected
pg-hnsw,250000,2,w4_acl,316,5.42675,1.0,10,,planner_acl_scalar_expected
pg-hnsw,250000,2,w4_acl,364,5.530333,1.0,10,,planner_acl_scalar_expected
pg-hnsw,250000,2,w4_acl,115,5.350417,1.0,10,,planner_acl_scalar_expected
pg-hnsw,250000,2,w4_acl,245,5.972083,1.0,10,,planner_acl_scalar_expected
pg-hnsw,250000,2,w4_acl,961,5.324125,1.0,10,,planner_acl_scalar_expected
pg-hnsw,250000,2,w4_acl,597,6.620209,1.0,10,,planner_acl_scalar_expected
pg-hnsw,250000,2,w4_acl,905,6.125292,1.0,10,,planner_acl_scalar_expected
pg-hnsw,250000,2,w4_acl,690,6.046,1.0,10,,planner_acl_scalar_expected
pg-hnsw,250000,2,w4_acl,279,5.126041,1.0,10,,planner_acl_scalar_expected
pg-hnsw,250000,2,w4_acl,788,5.818416,1.0,10,,planner_acl_scalar_expected
pg-hnsw,250000,2,w4_acl,440,5.460417,1.0,10,,planner_acl_scalar_expected
pg-hnsw,250000,2,w4_acl,400,6.408458,1.0,10,,planner_acl_scalar_expected
pg-hnsw,250000,2,w4_acl,647,5.797542,1.0,10,,planner_acl_scalar_expected
pg-hnsw,250000,2,w4_acl,365,6.959792,1.0,10,,planner_acl_scalar_expected
pg-hnsw,250000,2,w4_acl,351,6.19075,1.0,10,,planner_acl_scalar_expected
pg-hnsw,250000,2,w4_acl,724,5.358709,1.0,10,,planner_acl_scalar_expected
pg-hnsw,250000,2,w4_acl,421,5.064542,1.0,10,,planner_acl_scalar_expected
pg-hnsw,250000,2,w4_acl,175,6.655333,1.0,10,,planner_acl_scalar_expected
pg-hnsw,250000,2,w4_acl,146,5.639083,1.0,10,,planner_acl_scalar_expected
pg-hnsw,250000,2,w4_acl,993,5.322084,1.0,10,,planner_acl_scalar_expected
pg-hnsw,250000,2,w4_acl,974,5.473125,1.0,10,,planner_acl_scalar_expected
pg-hnsw,250000,2,w4_acl,504,5.825083,1.0,10,,planner_acl_scalar_expected
pg-hnsw,250000,2,w4_acl,841,5.801291,1.0,10,,planner_acl_scalar_expected
pg-hnsw,250000,2,w4_acl,774,6.653625,1.0,10,,planner_acl_scalar_expected
pg-hnsw,250000,2,w4_acl,425,6.0175,1.0,10,,planner_acl_scalar_expected
pg-hnsw,250000,2,w4_acl,295,6.161917,1.0,10,,planner_acl_scalar_expected
pg-hnsw,250000,2,w4_acl,412,6.159792,1.0,10,,planner_acl_scalar_expected
pg-hnsw,250000,2,w4_acl,731,6.153375,1.0,10,,planner_acl_scalar_expected
pg-hnsw,250000,2,w4_acl,461,10.574709,1.0,10,,planner_acl_scalar_expected
pg-hnsw,250000,2,w4_acl,350,5.755083,1.0,10,,planner_acl_scalar_expected
pg-hnsw,250000,2,w4_acl,928,5.992125,1.0,10,,planner_acl_scalar_expected
pg-hnsw,250000,2,w4_acl,314,6.309209,1.0,10,,planner_acl_scalar_expected
pg-hnsw,250000,2,w4_acl,595,5.347291,1.0,10,,planner_acl_scalar_expected
pg-hnsw,250000,2,w4_acl,241,5.761417,1.0,10,,planner_acl_scalar_expected
pg-hnsw,250000,2,w4_acl,934,6.191333,1.0,10,,planner_acl_scalar_expected
pg-hnsw,250000,2,w4_acl,430,5.661458,1.0,10,,planner_acl_scalar_expected
pg-hnsw,250000,2,w4_acl,546,6.422,1.0,10,,planner_acl_scalar_expected
pg-hnsw,250000,2,w4_acl,387,6.457209,1.0,10,,planner_acl_scalar_expected
pg-hnsw,250000,2,w4_acl,216,10.406041,1.0,10,,planner_acl_scalar_expected
pg-hnsw,250000,2,w4_acl,779,5.390583,1.0,10,,planner_acl_scalar_expected
pg-hnsw,250000,2,w4_acl,640,5.346125,1.0,10,,planner_acl_scalar_expected
pg-hnsw,250000,2,w4_acl,196,5.414,1.0,10,,planner_acl_scalar_expected
pg-hnsw,250000,2,w4_acl,355,5.3025,1.0,10,,planner_acl_scalar_expected
pg-hnsw,250000,2,w4_acl,221,5.280708,1.0,10,,planner_acl_scalar_expected
pg-hnsw,250000,2,w4_acl,130,6.008041,1.0,10,,planner_acl_scalar_expected
pg-hnsw,250000,2,w4_acl,419,6.283792,1.0,10,,planner_acl_scalar_expected
pg-hnsw,250000,2,w4_acl,359,6.146083,1.0,10,,planner_acl_scalar_expected
pg-hnsw,250000,2,w4_acl,209,5.471792,1.0,10,,planner_acl_scalar_expected
pg-hnsw,250000,2,w4_acl,952,6.633709,1.0,10,,planner_acl_scalar_expected
pg-hnsw,250000,2,w4_acl,610,11.992916,1.0,10,,planner_acl_scalar_expected
pg-hnsw,250000,2,w4_acl,945,5.766583,1.0,10,,planner_acl_scalar_expected
pg-hnsw,250000,2,w4_acl,304,5.344083,1.0,10,,planner_acl_scalar_expected
pg-hnsw,250000,2,w4_acl,123,6.043833,1.0,10,,planner_acl_scalar_expected
pg-hnsw,250000,2,w4_acl,507,5.588417,1.0,10,,planner_acl_scalar_expected
pg-hnsw,250000,2,w4_acl,329,6.092292,1.0,10,,planner_acl_scalar_expected
pg-hnsw,250000,2,w4_acl,301,5.817833,1.0,10,,planner_acl_scalar_expected
pg-hnsw,250000,2,w4_acl,344,6.459083,1.0,10,,planner_acl_scalar_expected
pg-hnsw,250000,2,w4_acl,215,5.319208,1.0,10,,planner_acl_scalar_expected
pg-hnsw,250000,2,w4_acl,769,10.394917,1.0,10,,planner_acl_scalar_expected
pg-hnsw,250000,2,w4_acl,883,6.426958,1.0,10,,planner_acl_scalar_expected
pg-hnsw,250000,2,w4_acl,467,6.333959,1.0,10,,planner_acl_scalar_expected
pg-hnsw,250000,2,w4_acl,775,5.657458,1.0,10,,planner_acl_scalar_expected
pg-hnsw,250000,2,w4_acl,763,6.160125,1.0,10,,planner_acl_scalar_expected
pg-hnsw,250000,2,w4_acl,256,5.796583,1.0,10,,planner_acl_scalar_expected
pg-hnsw,250000,2,w4_acl,579,6.334792,1.0,10,,planner_acl_scalar_expected
pg-hnsw,250000,2,w4_acl,331,5.83975,1.0,10,,planner_acl_scalar_expected
pg-hnsw,250000,2,w4_acl,999,5.509625,1.0,10,,planner_acl_scalar_expected
pg-hnsw,250000,2,w4_acl,818,8.986542,1.0,10,,planner_acl_scalar_expected
pg-hnsw,250000,2,w4_acl,767,6.129833,1.0,10,,planner_acl_scalar_expected
pg-hnsw,250000,2,w4_acl,151,6.369167,1.0,10,,planner_acl_scalar_expected
pg-hnsw,250000,2,w4_acl,655,7.061083,1.0,10,,planner_acl_scalar_expected
pg-hnsw,250000,2,w4_acl,392,6.081917,1.0,10,,planner_acl_scalar_expected
pg-hnsw,250000,2,w4_acl,800,5.556666,1.0,10,,planner_acl_scalar_expected
pg-hnsw,250000,2,w4_acl,713,6.3015,1.0,10,,planner_acl_scalar_expected
pg-hnsw,250000,2,w4_acl,730,6.36775,1.0,10,,planner_acl_scalar_expected
pg-hnsw,250000,2,w4_acl,191,5.399459,1.0,10,,planner_acl_scalar_expected
pg-hnsw,250000,2,w4_acl,596,6.884875,1.0,10,,planner_acl_scalar_expected
pg-hnsw,250000,2,w4_acl,919,6.3135,1.0,10,,planner_acl_scalar_expected
pg-hnsw,250000,2,w4_acl,954,6.195875,1.0,10,,planner_acl_scalar_expected
pg-hnsw,250000,2,w4_acl,710,5.877291,1.0,10,,planner_acl_scalar_expected
pg-hnsw,250000,2,w4_acl,499,5.964916,1.0,10,,planner_acl_scalar_expected
pg-hnsw,250000,2,w4_acl,727,9.1425,1.0,10,,planner_acl_scalar_expected
pg-hnsw,250000,2,w4_acl,240,5.474417,1.0,10,,planner_acl_scalar_expected
pg-hnsw,250000,2,w4_acl,747,5.25425,1.0,10,,planner_acl_scalar_expected
pg-hnsw,250000,2,w4_acl,354,5.366166,1.0,10,,planner_acl_scalar_expected
pg-hnsw,250000,2,w4_acl,873,5.860959,1.0,10,,planner_acl_scalar_expected
pg-hnsw,250000,2,w4_acl,455,5.204708,1.0,10,,planner_acl_scalar_expected
pg-hnsw,250000,2,w4_acl,733,6.048167,1.0,10,,planner_acl_scalar_expected
pg-hnsw,250000,2,w4_acl,163,5.936,1.0,10,,planner_acl_scalar_expected
pg-hnsw,250000,2,w4_acl,653,5.140791,1.0,10,,planner_acl_scalar_expected
pg-hnsw,250000,2,w4_acl,568,5.802834,1.0,10,,planner_acl_scalar_expected
pg-hnsw,250000,2,w4_acl,246,6.100792,1.0,10,,planner_acl_scalar_expected
pg-hnsw,250000,2,w4_acl,445,6.285541,1.0,10,,planner_acl_scalar_expected
pg-hnsw,250000,2,w4_acl,811,5.377791,1.0,10,,planner_acl_scalar_expected
pg-hnsw,250000,2,w4_acl,474,5.776292,1.0,10,,planner_acl_scalar_expected
pg-hnsw,250000,2,w4_acl,307,10.207292,1.0,10,,planner_acl_scalar_expected
pg-hnsw,250000,2,w4_acl,194,5.99475,1.0,10,,planner_acl_scalar_expected
pg-hnsw,250000,2,w4_acl,173,8.319333,1.0,10,,planner_acl_scalar_expected
pg-hnsw,250000,2,w4_acl,671,6.104708,1.0,10,,planner_acl_scalar_expected
pg-hnsw,250000,2,w4_acl,139,5.26625,1.0,10,,planner_acl_scalar_expected
pg-hnsw,250000,2,w4_acl,583,5.747083,1.0,10,,planner_acl_scalar_expected
pg-hnsw,250000,2,w4_acl,134,6.08825,1.0,10,,planner_acl_scalar_expected
pg-hnsw,250000,2,w4_acl,160,8.84625,1.0,10,,planner_acl_scalar_expected
pg-hnsw,250000,2,w4_acl,290,6.44925,1.0,10,,planner_acl_scalar_expected
pg-hnsw,250000,2,w4_acl,496,6.315,1.0,10,,planner_acl_scalar_expected
pg-hnsw,250000,2,w4_acl,416,5.500333,1.0,10,,planner_acl_scalar_expected
pg-hnsw,250000,2,w4_acl,315,5.900584,1.0,10,,planner_acl_scalar_expected
pg-hnsw,250000,2,w4_acl,976,8.235959,1.0,10,,planner_acl_scalar_expected
pg-hnsw,250000,2,w4_acl,790,7.663458,1.0,10,,planner_acl_scalar_expected
pg-hnsw,250000,2,w4_acl,698,6.102458,1.0,10,,planner_acl_scalar_expected
pg-hnsw,250000,2,w4_acl,644,5.82825,1.0,10,,planner_acl_scalar_expected
pg-hnsw,250000,2,w4_acl,114,8.112458,1.0,10,,planner_acl_scalar_expected
pg-hnsw,250000,2,w4_acl,404,7.559625,1.0,10,,planner_acl_scalar_expected
pg-hnsw,250000,2,w4_acl,656,6.408125,1.0,10,,planner_acl_scalar_expected
pg-hnsw,250000,2,w4_acl,480,6.270208,1.0,10,,planner_acl_scalar_expected
pg-hnsw,250000,2,w4_acl,716,10.071625,1.0,10,,planner_acl_scalar_expected
pg-hnsw,250000,2,w4_acl,602,6.3645,1.0,10,,planner_acl_scalar_expected
pg-hnsw,250000,2,w4_acl,319,5.745625,1.0,10,,planner_acl_scalar_expected
pg-hnsw,250000,2,w4_acl,685,5.421583,1.0,10,,planner_acl_scalar_expected
pg-hnsw,250000,2,w4_acl,619,5.227916,1.0,10,,planner_acl_scalar_expected
pg-hnsw,250000,2,w4_acl,463,6.386625,1.0,10,,planner_acl_scalar_expected
pg-hnsw,250000,2,w4_acl,920,5.373583,1.0,10,,planner_acl_scalar_expected
pg-hnsw,250000,2,w4_acl,433,5.45125,1.0,10,,planner_acl_scalar_expected
pg-hnsw,250000,2,w4_acl,648,5.559917,1.0,10,,planner_acl_scalar_expected
pg-hnsw,250000,2,w4_acl,484,9.421708,1.0,10,,planner_acl_scalar_expected
pg-hnsw,250000,2,w4_acl,298,5.74475,1.0,10,,planner_acl_scalar_expected
pg-hnsw,250000,2,w4_acl,170,6.026792,1.0,10,,planner_acl_scalar_expected
pg-hnsw,250000,2,w4_acl,500,7.466208,1.0,10,,planner_acl_scalar_expected
pg-hnsw,250000,2,w4_acl,639,7.616333,1.0,10,,planner_acl_scalar_expected
pg-hnsw,250000,2,w4_acl,382,8.25725,1.0,10,,planner_acl_scalar_expected
pg-hnsw,250000,2,w4_acl,125,5.877959,1.0,10,,planner_acl_scalar_expected
pg-hnsw,250000,2,w4_acl,206,16.008708,1.0,10,,planner_acl_scalar_expected
pg-hnsw,250000,2,w4_acl,417,8.571375,1.0,10,,planner_acl_scalar_expected
pg-hnsw,250000,2,w4_acl,570,8.268958,1.0,10,,planner_acl_scalar_expected
pg-hnsw,250000,2,w4_acl,220,6.1395,1.0,10,,planner_acl_scalar_expected
pg-hnsw,250000,2,w4_acl,674,6.286333,1.0,10,,planner_acl_scalar_expected
pg-hnsw,250000,2,w4_acl,140,5.540458,1.0,10,,planner_acl_scalar_expected
pg-hnsw,250000,2,w4_acl,539,5.66725,1.0,10,,planner_acl_scalar_expected
pg-hnsw,250000,2,w4_acl,984,6.067416,1.0,10,,planner_acl_scalar_expected
pg-hnsw,250000,2,w4_acl,317,5.872541,1.0,10,,planner_acl_scalar_expected
pg-hnsw,250000,2,w4_acl,931,6.490584,1.0,10,,planner_acl_scalar_expected
pg-hnsw,250000,2,w4_acl,235,5.769166,1.0,10,,planner_acl_scalar_expected
pg-hnsw,250000,2,w4_acl,264,11.180375,1.0,10,,planner_acl_scalar_expected
pg-hnsw,250000,2,w4_acl,654,7.805,1.0,10,,planner_acl_scalar_expected
pg-hnsw,250000,2,w4_acl,604,7.178375,1.0,10,,planner_acl_scalar_expected
pg-hnsw,250000,2,w4_acl,857,6.490125,1.0,10,,planner_acl_scalar_expected
pg-hnsw,250000,2,w4_acl,865,7.233708,1.0,10,,planner_acl_scalar_expected
pg-hnsw,250000,2,w4_acl,177,5.985833,1.0,10,,planner_acl_scalar_expected
pg-hnsw,250000,2,w4_acl,921,5.452042,1.0,10,,planner_acl_scalar_expected
pg-hnsw,250000,2,w4_acl,168,5.158625,1.0,10,,planner_acl_scalar_expected
pg-hnsw,250000,2,w4_acl,309,5.534833,1.0,10,,planner_acl_scalar_expected
pg-hnsw,250000,2,w4_acl,752,7.025417,1.0,10,,planner_acl_scalar_expected
pg-hnsw,250000,2,w4_acl,657,5.693625,1.0,10,,planner_acl_scalar_expected
pg-hnsw,250000,2,w4_acl,108,5.828167,1.0,10,,planner_acl_scalar_expected
pg-hnsw,250000,2,w4_acl,684,5.422167,1.0,10,,planner_acl_scalar_expected
pg-hnsw,250000,2,w4_acl,906,5.588416,1.0,10,,planner_acl_scalar_expected
pg-hnsw,250000,2,w4_acl,709,5.804125,1.0,10,,planner_acl_scalar_expected
pg-hnsw,250000,2,w4_acl,833,5.935958,1.0,10,,planner_acl_scalar_expected
pg-hnsw,250000,2,w4_acl,582,5.731291,1.0,10,,planner_acl_scalar_expected
pg-hnsw,250000,2,w4_acl,521,5.609125,1.0,10,,planner_acl_scalar_expected
pg-hnsw,250000,2,w4_acl,902,5.574834,1.0,10,,planner_acl_scalar_expected
pg-hnsw,250000,2,w4_acl,131,5.6775,1.0,10,,planner_acl_scalar_expected
pg-hnsw,250000,2,w4_acl,219,4.869791,1.0,10,,planner_acl_scalar_expected
pg-hnsw,250000,2,w4_acl,924,5.540125,1.0,10,,planner_acl_scalar_expected
pg-hnsw,250000,2,w4_acl,617,6.115458,1.0,10,,planner_acl_scalar_expected
pg-hnsw,250000,2,w4_acl,765,7.240625,1.0,10,,planner_acl_scalar_expected
pg-hnsw,250000,2,w4_acl,441,8.924875,1.0,10,,planner_acl_scalar_expected
pg-hnsw,250000,2,w4_acl,253,6.4035,1.0,10,,planner_acl_scalar_expected
pg-hnsw,250000,2,w4_acl,723,5.596167,1.0,10,,planner_acl_scalar_expected
pg-hnsw,250000,2,w4_acl,336,5.617416,1.0,10,,planner_acl_scalar_expected
pg-hnsw,250000,2,w4_acl,810,5.102833,1.0,10,,planner_acl_scalar_expected
pg-hnsw,250000,2,w4_acl,941,5.670583,1.0,10,,planner_acl_scalar_expected
pg-hnsw,250000,2,w4_acl,722,5.321958,1.0,10,,planner_acl_scalar_expected
pg-hnsw,250000,2,w4_acl,239,6.080208,1.0,10,,planner_acl_scalar_expected
pg-hnsw,250000,2,w4_acl,358,4.985791,1.0,10,,planner_acl_scalar_expected
pg-hnsw,250000,2,w4_acl,391,5.877333,1.0,10,,planner_acl_scalar_expected
pg-hnsw,250000,2,w4_acl,197,6.203875,1.0,10,,planner_acl_scalar_expected
pg-hnsw,250000,2,w4_acl,942,6.225958,1.0,10,,planner_acl_scalar_expected
pg-hnsw,250000,2,w4_acl,658,5.877166,1.0,10,,planner_acl_scalar_expected
pg-hnsw,250000,2,w4_acl,258,5.539542,1.0,10,,planner_acl_scalar_expected
pg-hnsw,250000,2,w4_acl,294,6.101791,1.0,10,,planner_acl_scalar_expected
pg-hnsw,250000,2,w4_acl,210,5.498042,1.0,10,,planner_acl_scalar_expected
pg-hnsw,250000,2,w4_acl,821,5.406834,1.0,10,,planner_acl_scalar_expected
pg-hnsw,250000,2,w4_acl,911,5.504709,1.0,10,,planner_acl_scalar_expected
pg-hnsw,250000,2,w4_acl,460,6.648541,1.0,10,,planner_acl_scalar_expected
pg-hnsw,250000,2,w4_acl,372,6.745834,1.0,10,,planner_acl_scalar_expected
pg-hnsw,250000,2,w4_acl,825,6.571541,1.0,10,,planner_acl_scalar_expected
pg-hnsw,250000,2,w4_acl,884,8.575916,1.0,10,,planner_acl_scalar_expected
pg-hnsw,250000,2,w4_acl,916,7.541834,1.0,10,,planner_acl_scalar_expected
pg-hnsw,250000,2,w4_acl,567,7.264708,1.0,10,,planner_acl_scalar_expected
pg-hnsw,250000,2,w4_acl,149,7.720875,1.0,10,,planner_acl_scalar_expected
pg-hnsw,250000,2,w4_acl,326,6.504709,1.0,10,,planner_acl_scalar_expected
pg-hnsw,250000,2,w4_acl,820,6.303583,1.0,10,,planner_acl_scalar_expected
pg-hnsw,250000,2,w4_acl,742,6.893459,1.0,10,,planner_acl_scalar_expected
pg-hnsw,250000,2,w4_acl,188,6.079042,1.0,10,,planner_acl_scalar_expected
pg-hnsw,250000,2,w4_acl,971,6.741208,1.0,10,,planner_acl_scalar_expected
pg-hnsw,250000,2,w4_acl,601,6.947542,1.0,10,,planner_acl_scalar_expected
pg-hnsw,250000,2,w4_acl,230,6.36425,1.0,10,,planner_acl_scalar_expected
pg-hnsw,250000,2,w4_acl,667,6.359791,1.0,10,,planner_acl_scalar_expected
pg-hnsw,250000,2,w4_acl,797,6.659625,1.0,10,,planner_acl_scalar_expected
pg-hnsw,250000,2,w4_acl,483,6.492167,1.0,10,,planner_acl_scalar_expected
pg-hnsw,250000,2,w4_acl,697,6.834459,1.0,10,,planner_acl_scalar_expected
pg-hnsw,250000,2,w4_acl,442,5.973833,1.0,10,,planner_acl_scalar_expected
pg-hnsw,250000,2,w4_acl,704,6.138209,1.0,10,,planner_acl_scalar_expected
pg-hnsw,250000,2,w4_acl,981,6.314083,1.0,10,,planner_acl_scalar_expected
pg-hnsw,250000,2,w4_acl,270,5.649,1.0,10,,planner_acl_scalar_expected
pg-hnsw,250000,2,w4_acl,620,6.109,1.0,10,,planner_acl_scalar_expected
