engine,dataset_size,repetition,workload,query_rank,latency_ms,recall10,returned_count,candidate_count,execution_path
pg-hnsw,250000,1,w1,550,3.584958,1.0,10,,hnsw
pg-hnsw,250000,1,w1,729,3.245708,0.3,10,,hnsw
pg-hnsw,250000,1,w1,743,3.049417,1.0,10,,hnsw
pg-hnsw,250000,1,w1,274,2.953666,1.0,10,,hnsw
pg-hnsw,250000,1,w1,570,2.397375,1.0,10,,hnsw
pg-hnsw,250000,1,w1,245,1.646708,1.0,10,,hnsw
pg-hnsw,250000,1,w1,293,2.548625,1.0,10,,hnsw
pg-hnsw,250000,1,w1,666,2.927375,1.0,10,,hnsw
pg-hnsw,250000,1,w1,665,2.160417,1.0,10,,hnsw
pg-hnsw,250000,1,w1,945,3.637125,0.8,10,,hnsw
pg-hnsw,250000,1,w1,495,2.1,1.0,10,,hnsw
pg-hnsw,250000,1,w1,394,2.967541,0.9,10,,hnsw
pg-hnsw,250000,1,w1,243,2.473917,1.0,10,,hnsw
pg-hnsw,250000,1,w1,255,2.252042,1.0,10,,hnsw
pg-hnsw,250000,1,w1,726,3.469542,1.0,10,,hnsw
pg-hnsw,250000,1,w1,189,1.772042,1.0,10,,hnsw
pg-hnsw,250000,1,w1,151,3.334417,1.0,10,,hnsw
pg-hnsw,250000,1,w1,192,2.730583,0.5,10,,hnsw
pg-hnsw,250000,1,w1,161,1.992292,1.0,10,,hnsw
pg-hnsw,250000,1,w1,833,2.247667,0.5,10,,hnsw
pg-hnsw,250000,1,w1,673,2.45625,0.8,10,,hnsw
pg-hnsw,250000,1,w1,507,2.412875,1.0,10,,hnsw
pg-hnsw,250000,1,w1,129,3.039541,0.7,10,,hnsw
pg-hnsw,250000,1,w1,238,2.010292,0.9,10,,hnsw
pg-hnsw,250000,1,w1,260,2.6215,1.0,10,,hnsw
pg-hnsw,250000,1,w1,212,2.653041,1.0,10,,hnsw
pg-hnsw,250000,1,w1,208,2.341833,1.0,10,,hnsw
pg-hnsw,250000,1,w1,536,2.806,1.0,10,,hnsw
pg-hnsw,250000,1,w1,508,1.664375,1.0,10,,hnsw
pg-hnsw,250000,1,w1,138,2.924584,0.9,10,,hnsw
pg-hnsw,250000,1,w1,442,2.980666,1.0,10,,hnsw
pg-hnsw,250000,1,w1,359,2.252084,1.0,10,,hnsw
pg-hnsw,250000,1,w1,955,2.272375,1.0,10,,hnsw
pg-hnsw,250000,1,w1,494,2.291792,1.0,10,,hnsw
pg-hnsw,250000,1,w1,763,2.287542,0.7,10,,hnsw
pg-hnsw,250000,1,w1,520,5.690125,1.0,10,,hnsw
pg-hnsw,250000,1,w1,418,2.369292,1.0,10,,hnsw
pg-hnsw,250000,1,w1,661,2.395917,1.0,10,,hnsw
pg-hnsw,250000,1,w1,229,2.276792,1.0,10,,hnsw
pg-hnsw,250000,1,w1,231,2.11675,1.0,10,,hnsw
pg-hnsw,250000,1,w1,195,1.627958,1.0,10,,hnsw
pg-hnsw,250000,1,w1,896,2.76475,0.9,10,,hnsw
pg-hnsw,250000,1,w1,391,2.569125,1.0,10,,hnsw
pg-hnsw,250000,1,w1,113,2.627833,1.0,10,,hnsw
pg-hnsw,250000,1,w1,276,2.394333,1.0,10,,hnsw
pg-hnsw,250000,1,w1,935,1.743042,1.0,10,,hnsw
pg-hnsw,250000,1,w1,701,2.38075,1.0,10,,hnsw
pg-hnsw,250000,1,w1,723,2.131709,0.8,10,,hnsw
pg-hnsw,250000,1,w1,683,2.1325,1.0,10,,hnsw
pg-hnsw,250000,1,w1,560,1.894958,1.0,10,,hnsw
pg-hnsw,250000,1,w1,700,2.164417,1.0,10,,hnsw
pg-hnsw,250000,1,w1,716,1.755291,1.0,10,,hnsw
pg-hnsw,250000,1,w1,912,2.370459,1.0,10,,hnsw
pg-hnsw,250000,1,w1,258,1.84875,0.9,10,,hnsw
pg-hnsw,250000,1,w1,173,1.898458,1.0,10,,hnsw
pg-hnsw,250000,1,w1,638,2.636125,1.0,10,,hnsw
pg-hnsw,250000,1,w1,335,2.5065,1.0,10,,hnsw
pg-hnsw,250000,1,w1,503,1.901917,0.9,10,,hnsw
pg-hnsw,250000,1,w1,813,2.613459,1.0,10,,hnsw
pg-hnsw,250000,1,w1,406,2.652333,1.0,10,,hnsw
pg-hnsw,250000,1,w1,242,1.769042,1.0,10,,hnsw
pg-hnsw,250000,1,w1,137,1.885875,0.9,10,,hnsw
pg-hnsw,250000,1,w1,446,2.61,1.0,10,,hnsw
pg-hnsw,250000,1,w1,947,2.088791,1.0,10,,hnsw
pg-hnsw,250000,1,w1,506,2.5145,0.9,10,,hnsw
pg-hnsw,250000,1,w1,228,1.993459,1.0,10,,hnsw
pg-hnsw,250000,1,w1,342,2.629375,0.8,10,,hnsw
pg-hnsw,250000,1,w1,939,2.050834,1.0,10,,hnsw
pg-hnsw,250000,1,w1,705,1.984042,0.8,10,,hnsw
pg-hnsw,250000,1,w1,651,2.347333,1.0,10,,hnsw
pg-hnsw,250000,1,w1,944,2.612542,0.5,10,,hnsw
pg-hnsw,250000,1,w1,745,2.135333,1.0,10,,hnsw
pg-hnsw,250000,1,w1,422,2.415,1.0,10,,hnsw
pg-hnsw,250000,1,w1,443,2.428625,0.7,10,,hnsw
pg-hnsw,250000,1,w1,923,2.81,1.0,10,,hnsw
pg-hnsw,250000,1,w1,322,2.144459,1.0,10,,hnsw
pg-hnsw,250000,1,w1,569,1.706208,1.0,10,,hnsw
pg-hnsw,250000,1,w1,878,1.777125,1.0,10,,hnsw
pg-hnsw,250000,1,w1,882,2.141959,1.0,10,,hnsw
pg-hnsw,250000,1,w1,437,1.974834,1.0,10,,hnsw
pg-hnsw,250000,1,w1,510,2.562458,0.9,10,,hnsw
pg-hnsw,250000,1,w1,801,2.717041,1.0,10,,hnsw
pg-hnsw,250000,1,w1,136,2.517708,1.0,10,,hnsw
pg-hnsw,250000,1,w1,622,2.267916,1.0,10,,hnsw
pg-hnsw,250000,1,w1,249,1.73925,1.0,10,,hnsw
pg-hnsw,250000,1,w1,275,1.521875,1.0,10,,hnsw
pg-hnsw,250000,1,w1,626,2.56,1.0,10,,hnsw
pg-hnsw,250000,1,w1,447,2.042291,1.0,10,,hnsw
pg-hnsw,250000,1,w1,856,2.282458,0.9,10,,hnsw
pg-hnsw,250000,1,w1,286,1.833917,1.0,10,,hnsw
pg-hnsw,250000,1,w1,690,2.435375,1.0,10,,hnsw
pg-hnsw,250000,1,w1,792,1.874209,1.0,10,,hnsw
pg-hnsw,250000,1,w1,843,1.839125,1.0,10,,hnsw
pg-hnsw,250000,1,w1,200,2.380084,1.0,10,,hnsw
pg-hnsw,250000,1,w1,426,2.420209,0.9,10,,hnsw
pg-hnsw,250000,1,w1,388,2.046833,1.0,10,,hnsw
pg-hnsw,250000,1,w1,684,2.035625,1.0,10,,hnsw
pg-hnsw,250000,1,w1,533,1.890417,1.0,10,,hnsw
pg-hnsw,250000,1,w1,710,2.148333,1.0,10,,hnsw
pg-hnsw,250000,1,w1,656,2.478416,0.9,10,,hnsw
pg-hnsw,250000,1,w1,688,2.41025,1.0,10,,hnsw
pg-hnsw,250000,1,w1,675,2.027667,1.0,10,,hnsw
pg-hnsw,250000,1,w1,262,3.987166,0.8,10,,hnsw
pg-hnsw,250000,1,w1,523,1.820791,1.0,10,,hnsw
pg-hnsw,250000,1,w1,473,3.086959,1.0,10,,hnsw
pg-hnsw,250000,1,w1,361,2.221875,1.0,10,,hnsw
pg-hnsw,250000,1,w1,610,2.470375,1.0,10,,hnsw
pg-hnsw,250000,1,w1,490,1.823583,1.0,10,,hnsw
pg-hnsw,250000,1,w1,572,2.3475,1.0,10,,hnsw
pg-hnsw,250000,1,w1,221,2.308917,1.0,10,,hnsw
pg-hnsw,250000,1,w1,185,1.4805,1.0,10,,hnsw
pg-hnsw,250000,1,w1,706,2.08,1.0,10,,hnsw
pg-hnsw,250000,1,w1,128,1.951,1.0,10,,hnsw
pg-hnsw,250000,1,w1,501,2.826416,1.0,10,,hnsw
pg-hnsw,250000,1,w1,320,2.729458,1.0,10,,hnsw
pg-hnsw,250000,1,w1,619,1.868417,1.0,10,,hnsw
pg-hnsw,250000,1,w1,223,2.170958,0.9,10,,hnsw
pg-hnsw,250000,1,w1,288,5.14375,1.0,10,,hnsw
pg-hnsw,250000,1,w1,966,2.911458,0.9,10,,hnsw
pg-hnsw,250000,1,w1,117,1.866958,1.0,10,,hnsw
pg-hnsw,250000,1,w1,540,2.267625,0.9,10,,hnsw
pg-hnsw,250000,1,w1,795,1.839875,0.9,10,,hnsw
pg-hnsw,250000,1,w1,370,2.928792,1.0,10,,hnsw
pg-hnsw,250000,1,w1,435,2.276583,1.0,10,,hnsw
pg-hnsw,250000,1,w1,733,2.044,1.0,10,,hnsw
pg-hnsw,250000,1,w1,973,2.129291,0.8,10,,hnsw
pg-hnsw,250000,1,w1,111,1.734458,1.0,10,,hnsw
pg-hnsw,250000,1,w1,197,2.485542,1.0,10,,hnsw
pg-hnsw,250000,1,w1,668,2.088291,1.0,10,,hnsw
pg-hnsw,250000,1,w1,334,2.565292,0.9,10,,hnsw
pg-hnsw,250000,1,w1,367,3.952792,1.0,10,,hnsw
pg-hnsw,250000,1,w1,551,2.45675,1.0,10,,hnsw
pg-hnsw,250000,1,w1,937,2.555209,1.0,10,,hnsw
pg-hnsw,250000,1,w1,135,2.959708,0.9,10,,hnsw
pg-hnsw,250000,1,w1,398,2.805333,0.9,10,,hnsw
pg-hnsw,250000,1,w1,873,1.978333,1.0,10,,hnsw
pg-hnsw,250000,1,w1,235,2.4085,1.0,10,,hnsw
pg-hnsw,250000,1,w1,990,3.085417,1.0,10,,hnsw
pg-hnsw,250000,1,w1,608,2.071667,1.0,10,,hnsw
pg-hnsw,250000,1,w1,725,1.660583,1.0,10,,hnsw
pg-hnsw,250000,1,w1,783,5.585583,0.8,10,,hnsw
pg-hnsw,250000,1,w1,323,1.988333,1.0,10,,hnsw
pg-hnsw,250000,1,w1,500,2.080375,1.0,10,,hnsw
pg-hnsw,250000,1,w1,989,1.830709,1.0,10,,hnsw
pg-hnsw,250000,1,w1,557,2.399625,0.9,10,,hnsw
pg-hnsw,250000,1,w1,375,1.978875,1.0,10,,hnsw
pg-hnsw,250000,1,w1,616,2.532375,0.7,10,,hnsw
pg-hnsw,250000,1,w1,848,1.829167,1.0,10,,hnsw
pg-hnsw,250000,1,w1,383,2.319667,1.0,10,,hnsw
pg-hnsw,250000,1,w1,629,3.854166,0.8,10,,hnsw
pg-hnsw,250000,1,w1,147,2.988292,1.0,10,,hnsw
pg-hnsw,250000,1,w1,420,1.77,0.7,10,,hnsw
pg-hnsw,250000,1,w1,267,2.725833,0.9,10,,hnsw
pg-hnsw,250000,1,w1,826,2.80325,1.0,10,,hnsw
pg-hnsw,250000,1,w1,301,2.529708,1.0,10,,hnsw
pg-hnsw,250000,1,w1,975,2.678417,1.0,10,,hnsw
pg-hnsw,250000,1,w1,962,2.414959,0.9,10,,hnsw
pg-hnsw,250000,1,w1,754,2.9155,1.0,10,,hnsw
pg-hnsw,250000,1,w1,865,3.004542,0.9,10,,hnsw
pg-hnsw,250000,1,w1,931,3.073625,1.0,10,,hnsw
pg-hnsw,250000,1,w1,963,1.94,1.0,10,,hnsw
pg-hnsw,250000,1,w1,300,2.296667,1.0,10,,hnsw
pg-hnsw,250000,1,w1,907,2.345334,0.9,10,,hnsw
pg-hnsw,250000,1,w1,992,2.711,0.8,10,,hnsw
pg-hnsw,250000,1,w1,162,1.619375,1.0,10,,hnsw
pg-hnsw,250000,1,w1,946,3.765917,0.9,10,,hnsw
pg-hnsw,250000,1,w1,836,2.318667,1.0,10,,hnsw
pg-hnsw,250000,1,w1,997,2.189542,1.0,10,,hnsw
pg-hnsw,250000,1,w1,482,2.26225,1.0,10,,hnsw
pg-hnsw,250000,1,w1,806,3.57025,0.9,10,,hnsw
pg-hnsw,250000,1,w1,621,2.181084,1.0,10,,hnsw
pg-hnsw,250000,1,w1,662,2.487625,1.0,10,,hnsw
pg-hnsw,250000,1,w1,146,1.650291,1.0,10,,hnsw
pg-hnsw,250000,1,w1,718,2.0085,1.0,10,,hnsw
pg-hnsw,250000,1,w1,266,1.901375,1.0,10,,hnsw
pg-hnsw,250000,1,w1,789,2.752375,0.6,10,,hnsw
pg-hnsw,250000,1,w1,976,2.786583,1.0,10,,hnsw
pg-hnsw,250000,1,w1,901,2.217375,0.7,10,,hnsw
pg-hnsw,250000,1,w1,561,1.776458,1.0,10,,hnsw
pg-hnsw,250000,1,w1,578,1.941583,1.0,10,,hnsw
pg-hnsw,250000,1,w1,479,5.171708,1.0,10,,hnsw
pg-hnsw,250000,1,w1,982,2.892541,1.0,10,,hnsw
pg-hnsw,250000,1,w1,886,2.610917,1.0,10,,hnsw
pg-hnsw,250000,1,w1,108,2.00625,1.0,10,,hnsw
pg-hnsw,250000,1,w1,703,2.03975,0.8,10,,hnsw
pg-hnsw,250000,1,w1,887,1.8065,0.7,10,,hnsw
pg-hnsw,250000,1,w1,343,2.773875,1.0,10,,hnsw
pg-hnsw,250000,1,w1,627,2.370167,0.3,10,,hnsw
pg-hnsw,250000,1,w1,925,2.965959,0.9,10,,hnsw
pg-hnsw,250000,1,w1,478,2.910375,1.0,10,,hnsw
pg-hnsw,250000,1,w1,513,2.46625,1.0,10,,hnsw
pg-hnsw,250000,1,w1,107,2.258792,1.0,10,,hnsw
pg-hnsw,250000,1,w1,205,3.618708,1.0,10,,hnsw
pg-hnsw,250000,1,w1,462,2.229375,1.0,10,,hnsw
pg-hnsw,250000,1,w1,419,4.737041,0.9,10,,hnsw
pg-hnsw,250000,1,w1,461,4.2265,1.0,10,,hnsw
pg-hnsw,250000,1,w1,812,2.6505,0.8,10,,hnsw
pg-hnsw,250000,1,w1,904,2.68225,0.8,10,,hnsw
pg-hnsw,250000,1,w1,193,2.175708,1.0,10,,hnsw
pg-hnsw,250000,1,w1,468,4.519208,1.0,10,,hnsw
pg-hnsw,250000,1,w1,810,2.20175,0.8,10,,hnsw
pg-hnsw,250000,1,w1,837,1.834792,1.0,10,,hnsw
pg-hnsw,250000,1,w1,682,3.968333,1.0,10,,hnsw
pg-hnsw,250000,1,w1,854,2.427709,1.0,10,,hnsw
pg-hnsw,250000,1,w1,360,2.356542,1.0,10,,hnsw
pg-hnsw,250000,1,w1,785,3.022125,1.0,10,,hnsw
pg-hnsw,250000,1,w1,336,2.333834,1.0,10,,hnsw
pg-hnsw,250000,1,w1,429,2.391292,1.0,10,,hnsw
pg-hnsw,250000,1,w1,204,3.174709,1.0,10,,hnsw
pg-hnsw,250000,1,w1,400,2.062875,1.0,10,,hnsw
pg-hnsw,250000,1,w1,575,2.159667,1.0,10,,hnsw
pg-hnsw,250000,1,w1,549,2.661375,1.0,10,,hnsw
pg-hnsw,250000,1,w1,346,2.261458,1.0,10,,hnsw
pg-hnsw,250000,1,w1,565,3.0365,0.8,10,,hnsw
pg-hnsw,250000,1,w1,915,2.012166,1.0,10,,hnsw
pg-hnsw,250000,1,w1,952,3.34125,0.9,10,,hnsw
pg-hnsw,250000,1,w1,345,2.559583,1.0,10,,hnsw
pg-hnsw,250000,1,w1,505,2.899083,1.0,10,,hnsw
pg-hnsw,250000,1,w1,213,3.157041,0.8,10,,hnsw
pg-hnsw,250000,1,w1,456,2.557916,1.0,10,,hnsw
pg-hnsw,250000,1,w1,773,6.880792,1.0,10,,hnsw
pg-hnsw,250000,1,w1,919,2.323333,1.0,10,,hnsw
pg-hnsw,250000,1,w1,166,3.133916,1.0,10,,hnsw
pg-hnsw,250000,1,w1,553,2.503458,1.0,10,,hnsw
pg-hnsw,250000,1,w1,712,5.053542,0.7,10,,hnsw
pg-hnsw,250000,1,w1,765,1.811292,1.0,10,,hnsw
pg-hnsw,250000,1,w1,842,1.546166,1.0,10,,hnsw
pg-hnsw,250000,1,w1,697,1.405,1.0,10,,hnsw
pg-hnsw,250000,1,w1,309,5.177625,1.0,10,,hnsw
pg-hnsw,250000,1,w1,597,2.374125,1.0,10,,hnsw
pg-hnsw,250000,1,w1,160,1.783167,0.9,10,,hnsw
pg-hnsw,250000,1,w1,604,1.888625,1.0,10,,hnsw
pg-hnsw,250000,1,w1,489,2.605792,1.0,10,,hnsw
pg-hnsw,250000,1,w1,149,1.692416,1.0,10,,hnsw
pg-hnsw,250000,1,w1,738,2.692791,0.7,10,,hnsw
pg-hnsw,250000,1,w1,246,2.821125,0.7,10,,hnsw
pg-hnsw,250000,1,w1,847,1.604125,1.0,10,,hnsw
pg-hnsw,250000,1,w1,617,2.235584,1.0,10,,hnsw
pg-hnsw,250000,1,w1,296,1.962542,1.0,10,,hnsw
pg-hnsw,250000,1,w1,529,2.513792,1.0,10,,hnsw
pg-hnsw,250000,1,w1,926,3.154167,0.9,10,,hnsw
pg-hnsw,250000,1,w1,169,5.619125,1.0,10,,hnsw
pg-hnsw,250000,1,w1,365,1.852416,1.0,10,,hnsw
pg-hnsw,250000,1,w1,198,2.126375,1.0,10,,hnsw
pg-hnsw,250000,1,w1,247,2.488625,0.8,10,,hnsw
pg-hnsw,250000,1,w1,451,2.577959,0.9,10,,hnsw
pg-hnsw,250000,1,w1,502,1.743167,1.0,10,,hnsw
pg-hnsw,250000,1,w1,299,6.550583,1.0,10,,hnsw
pg-hnsw,250000,1,w1,820,3.251,0.9,10,,hnsw
pg-hnsw,250000,1,w1,271,2.594958,0.8,10,,hnsw
pg-hnsw,250000,1,w1,933,2.067333,1.0,10,,hnsw
pg-hnsw,250000,1,w1,713,1.334333,1.0,10,,hnsw
pg-hnsw,250000,1,w1,739,1.65075,1.0,10,,hnsw
pg-hnsw,250000,1,w1,127,4.800333,0.9,10,,hnsw
pg-hnsw,250000,1,w1,958,2.091334,1.0,10,,hnsw
pg-hnsw,250000,1,w1,804,2.194125,1.0,10,,hnsw
pg-hnsw,250000,1,w1,698,3.323625,0.9,10,,hnsw
pg-hnsw,250000,1,w1,414,1.891875,0.9,10,,hnsw
pg-hnsw,250000,1,w1,463,1.468458,1.0,10,,hnsw
pg-hnsw,250000,1,w1,148,3.931542,1.0,10,,hnsw
pg-hnsw,250000,1,w1,145,2.2105,1.0,10,,hnsw
pg-hnsw,250000,1,w1,236,3.086959,0.8,10,,hnsw
pg-hnsw,250000,1,w1,943,1.967875,1.0,10,,hnsw
pg-hnsw,250000,1,w1,268,1.76375,1.0,10,,hnsw
pg-hnsw,250000,1,w1,970,2.035916,1.0,10,,hnsw
pg-hnsw,250000,1,w1,775,3.147708,1.0,10,,hnsw
pg-hnsw,250000,1,w1,780,2.359541,1.0,10,,hnsw
pg-hnsw,250000,1,w1,281,2.474542,0.9,10,,hnsw
pg-hnsw,250000,1,w1,883,1.901292,1.0,10,,hnsw
pg-hnsw,250000,1,w1,797,7.179417,0.9,10,,hnsw
pg-hnsw,250000,1,w1,373,2.069333,1.0,10,,hnsw
pg-hnsw,250000,1,w1,311,3.425875,0.9,10,,hnsw
pg-hnsw,250000,1,w1,114,2.350583,1.0,10,,hnsw
pg-hnsw,250000,1,w1,190,2.158541,1.0,10,,hnsw
pg-hnsw,250000,1,w1,781,1.181584,1.0,10,,hnsw
pg-hnsw,250000,1,w1,450,3.369666,1.0,10,,hnsw
pg-hnsw,250000,1,w1,123,2.152875,1.0,10,,hnsw
pg-hnsw,250000,1,w1,465,2.488625,0.8,10,,hnsw
pg-hnsw,250000,1,w1,840,3.42025,1.0,10,,hnsw
pg-hnsw,250000,1,w1,354,2.890125,0.8,10,,hnsw
pg-hnsw,250000,1,w1,625,2.484167,1.0,10,,hnsw
pg-hnsw,250000,1,w1,178,2.390875,1.0,10,,hnsw
pg-hnsw,250000,1,w1,827,1.880209,1.0,10,,hnsw
pg-hnsw,250000,1,w1,747,1.709958,1.0,10,,hnsw
pg-hnsw,250000,1,w1,158,1.977042,1.0,10,,hnsw
pg-hnsw,250000,1,w1,979,2.612875,0.8,10,,hnsw
pg-hnsw,250000,1,w1,880,2.504917,0.8,10,,hnsw
pg-hnsw,250000,1,w1,672,1.606708,1.0,10,,hnsw
pg-hnsw,250000,1,w1,737,1.91325,1.0,10,,hnsw
pg-hnsw,250000,1,w1,119,1.96375,1.0,10,,hnsw
pg-hnsw,250000,1,w1,680,1.761917,1.0,10,,hnsw
pg-hnsw,250000,1,w1,287,2.333333,0.9,10,,hnsw
pg-hnsw,250000,1,w1,852,5.429125,1.0,10,,hnsw
pg-hnsw,250000,1,w1,181,2.420875,0.6,10,,hnsw
pg-hnsw,250000,1,w1,106,1.849084,0.8,10,,hnsw
pg-hnsw,250000,1,w1,425,3.729167,0.9,10,,hnsw
pg-hnsw,250000,1,w1,899,2.676208,1.0,10,,hnsw
pg-hnsw,250000,1,w1,894,1.956375,1.0,10,,hnsw
pg-hnsw,250000,1,w1,327,6.299333,1.0,10,,hnsw
pg-hnsw,250000,1,w1,433,3.078625,1.0,10,,hnsw
pg-hnsw,250000,1,w1,396,2.387917,1.0,10,,hnsw
pg-hnsw,250000,1,w1,270,2.246209,0.8,10,,hnsw
pg-hnsw,250000,1,w1,528,2.040709,1.0,10,,hnsw
pg-hnsw,250000,1,w1,863,4.143334,1.0,10,,hnsw
pg-hnsw,250000,1,w1,611,1.594833,1.0,10,,hnsw
pg-hnsw,250000,1,w1,817,2.296042,1.0,10,,hnsw
pg-hnsw,250000,1,w1,599,4.20225,0.8,10,,hnsw
pg-hnsw,250000,1,w1,922,2.180083,1.0,10,,hnsw
pg-hnsw,250000,1,w1,709,13.074333,1.0,10,,hnsw
pg-hnsw,250000,1,w1,960,2.224,1.0,10,,hnsw
pg-hnsw,250000,1,w1,397,2.20475,1.0,10,,hnsw
pg-hnsw,250000,1,w1,938,2.076875,1.0,10,,hnsw
pg-hnsw,250000,1,w1,984,1.919625,1.0,10,,hnsw
pg-hnsw,250000,1,w1,921,2.09025,1.0,10,,hnsw
pg-hnsw,250000,1,w1,774,1.558375,1.0,10,,hnsw
pg-hnsw,250000,1,w1,824,1.237958,1.0,10,,hnsw
pg-hnsw,250000,1,w1,580,2.473208,0.9,10,,hnsw
pg-hnsw,250000,1,w1,757,2.602333,1.0,10,,hnsw
pg-hnsw,250000,1,w1,356,2.672334,1.0,10,,hnsw
pg-hnsw,250000,1,w1,577,2.992375,1.0,10,,hnsw
pg-hnsw,250000,1,w1,387,2.056666,1.0,10,,hnsw
pg-hnsw,250000,1,w1,987,4.022708,1.0,10,,hnsw
pg-hnsw,250000,1,w1,250,3.05125,1.0,10,,hnsw
pg-hnsw,250000,1,w1,118,2.528958,1.0,10,,hnsw
pg-hnsw,250000,1,w1,499,2.321125,0.8,10,,hnsw
pg-hnsw,250000,1,w1,596,8.311375,1.0,10,,hnsw
pg-hnsw,250000,1,w1,564,4.134125,1.0,10,,hnsw
pg-hnsw,250000,1,w1,658,2.994167,0.9,10,,hnsw
pg-hnsw,250000,1,w1,974,2.754,1.0,10,,hnsw
pg-hnsw,250000,1,w1,740,4.993208,1.0,10,,hnsw
pg-hnsw,250000,1,w1,103,2.453084,1.0,10,,hnsw
pg-hnsw,250000,1,w1,618,3.510208,1.0,10,,hnsw
pg-hnsw,250000,1,w1,695,6.690875,0.8,10,,hnsw
pg-hnsw,250000,1,w1,643,3.178125,1.0,10,,hnsw
pg-hnsw,250000,1,w1,171,2.402291,1.0,10,,hnsw
pg-hnsw,250000,1,w1,209,3.270834,1.0,10,,hnsw
pg-hnsw,250000,1,w1,214,2.585875,1.0,10,,hnsw
pg-hnsw,250000,1,w1,900,3.524334,1.0,10,,hnsw
pg-hnsw,250000,1,w1,252,2.181792,1.0,10,,hnsw
pg-hnsw,250000,1,w1,298,2.147916,1.0,10,,hnsw
pg-hnsw,250000,1,w1,302,2.118417,1.0,10,,hnsw
pg-hnsw,250000,1,w1,493,1.98575,1.0,10,,hnsw
pg-hnsw,250000,1,w1,279,1.890958,1.0,10,,hnsw
pg-hnsw,250000,1,w1,649,2.485417,1.0,10,,hnsw
pg-hnsw,250000,1,w1,470,2.461,1.0,10,,hnsw
pg-hnsw,250000,1,w1,844,2.383583,1.0,10,,hnsw
pg-hnsw,250000,1,w1,121,2.755875,0.9,10,,hnsw
pg-hnsw,250000,1,w1,816,2.290125,0.9,10,,hnsw
pg-hnsw,250000,1,w1,746,2.043167,1.0,10,,hnsw
pg-hnsw,250000,1,w1,430,2.207333,1.0,10,,hnsw
pg-hnsw,250000,1,w1,484,1.686875,1.0,10,,hnsw
pg-hnsw,250000,1,w1,832,4.004334,1.0,10,,hnsw
pg-hnsw,250000,1,w1,511,2.188708,1.0,10,,hnsw
pg-hnsw,250000,1,w1,552,2.882166,1.0,10,,hnsw
pg-hnsw,250000,1,w1,798,2.6365,1.0,10,,hnsw
pg-hnsw,250000,1,w1,254,2.719417,1.0,10,,hnsw
pg-hnsw,250000,1,w1,122,1.744166,1.0,10,,hnsw
pg-hnsw,250000,1,w1,928,3.9345,1.0,10,,hnsw
pg-hnsw,250000,1,w1,839,1.9805,1.0,10,,hnsw
pg-hnsw,250000,1,w1,217,2.892833,0.9,10,,hnsw
pg-hnsw,250000,1,w1,427,6.46575,0.5,10,,hnsw
pg-hnsw,250000,1,w1,516,2.536166,1.0,10,,hnsw
pg-hnsw,250000,1,w1,924,1.92925,1.0,10,,hnsw
pg-hnsw,250000,1,w1,807,2.434834,1.0,10,,hnsw
pg-hnsw,250000,1,w1,109,3.536708,1.0,10,,hnsw
pg-hnsw,250000,1,w1,964,2.349291,1.0,10,,hnsw
pg-hnsw,250000,1,w1,902,3.5565,1.0,10,,hnsw
pg-hnsw,250000,1,w1,358,2.643083,1.0,10,,hnsw
pg-hnsw,250000,1,w1,721,2.60425,1.0,10,,hnsw
pg-hnsw,250000,1,w1,409,4.058875,1.0,10,,hnsw
pg-hnsw,250000,1,w1,605,3.409959,1.0,10,,hnsw
pg-hnsw,250000,1,w1,546,4.541083,1.0,10,,hnsw
pg-hnsw,250000,1,w1,265,6.24075,1.0,10,,hnsw
pg-hnsw,250000,1,w1,315,3.504583,1.0,10,,hnsw
pg-hnsw,250000,1,w1,440,2.942,1.0,10,,hnsw
pg-hnsw,250000,1,w1,653,12.409459,1.0,10,,hnsw
pg-hnsw,250000,1,w1,678,5.445167,1.0,10,,hnsw
pg-hnsw,250000,1,w1,830,3.066583,1.0,10,,hnsw
pg-hnsw,250000,1,w1,606,3.699125,1.0,10,,hnsw
pg-hnsw,250000,1,w1,141,3.20525,0.8,10,,hnsw
pg-hnsw,250000,1,w1,448,3.65425,1.0,10,,hnsw
pg-hnsw,250000,1,w1,983,2.785917,1.0,10,,hnsw
pg-hnsw,250000,1,w1,689,3.251625,1.0,10,,hnsw
pg-hnsw,250000,1,w1,829,3.976958,1.0,10,,hnsw
pg-hnsw,250000,1,w1,874,5.515792,0.8,10,,hnsw
pg-hnsw,250000,1,w1,594,2.600791,1.0,10,,hnsw
pg-hnsw,250000,1,w1,237,3.649667,0.9,10,,hnsw
pg-hnsw,250000,1,w1,207,2.779041,1.0,10,,hnsw
pg-hnsw,250000,1,w1,951,2.924583,1.0,10,,hnsw
pg-hnsw,250000,1,w1,477,2.469417,1.0,10,,hnsw
pg-hnsw,250000,1,w1,822,3.58625,1.0,10,,hnsw
pg-hnsw,250000,1,w1,867,3.887792,1.0,10,,hnsw
pg-hnsw,250000,1,w1,991,3.28025,1.0,10,,hnsw
pg-hnsw,250000,1,w1,708,6.334417,1.0,10,,hnsw
pg-hnsw,250000,1,w1,769,4.687625,1.0,10,,hnsw
pg-hnsw,250000,1,w1,581,4.309667,0.7,10,,hnsw
pg-hnsw,250000,1,w1,985,3.375083,0.9,10,,hnsw
pg-hnsw,250000,1,w1,259,2.995833,1.0,10,,hnsw
pg-hnsw,250000,1,w1,811,4.157833,1.0,10,,hnsw
pg-hnsw,250000,1,w1,600,6.19025,0.9,10,,hnsw
pg-hnsw,250000,1,w1,445,3.509042,1.0,10,,hnsw
pg-hnsw,250000,1,w1,994,6.217041,1.0,10,,hnsw
pg-hnsw,250000,1,w1,290,3.669292,1.0,10,,hnsw
pg-hnsw,250000,1,w1,368,2.455167,1.0,10,,hnsw
pg-hnsw,250000,1,w1,917,3.615334,1.0,10,,hnsw
pg-hnsw,250000,1,w1,585,4.613667,0.8,10,,hnsw
pg-hnsw,250000,1,w1,402,2.155167,1.0,10,,hnsw
pg-hnsw,250000,1,w1,851,3.661541,1.0,10,,hnsw
pg-hnsw,250000,1,w1,758,5.154625,0.9,10,,hnsw
pg-hnsw,250000,1,w1,669,5.215833,1.0,10,,hnsw
pg-hnsw,250000,1,w1,767,3.922709,1.0,10,,hnsw
pg-hnsw,250000,1,w1,905,4.340833,1.0,10,,hnsw
pg-hnsw,250000,1,w1,459,4.627083,0.9,10,,hnsw
pg-hnsw,250000,1,w1,313,2.702042,1.0,10,,hnsw
pg-hnsw,250000,1,w1,476,3.379375,0.8,10,,hnsw
pg-hnsw,250000,1,w1,624,3.537333,0.8,10,,hnsw
pg-hnsw,250000,1,w1,183,5.0645,0.9,10,,hnsw
pg-hnsw,250000,1,w1,814,2.853041,1.0,10,,hnsw
pg-hnsw,250000,1,w1,324,6.570917,0.7,10,,hnsw
pg-hnsw,250000,1,w1,393,5.180917,1.0,10,,hnsw
pg-hnsw,250000,1,w1,704,2.950584,1.0,10,,hnsw
pg-hnsw,250000,1,w1,764,2.844,0.6,10,,hnsw
pg-hnsw,250000,1,w1,256,3.739,1.0,10,,hnsw
pg-hnsw,250000,1,w1,756,2.545083,1.0,10,,hnsw
pg-hnsw,250000,1,w1,588,3.791834,0.6,10,,hnsw
pg-hnsw,250000,1,w1,875,2.551792,0.9,10,,hnsw
pg-hnsw,250000,1,w1,518,2.6145,1.0,10,,hnsw
pg-hnsw,250000,1,w1,692,1.913167,1.0,10,,hnsw
pg-hnsw,250000,1,w1,374,3.258875,1.0,10,,hnsw
pg-hnsw,250000,1,w1,607,1.97625,1.0,10,,hnsw
pg-hnsw,250000,1,w1,879,2.545042,1.0,10,,hnsw
pg-hnsw,250000,1,w1,280,2.259875,1.0,10,,hnsw
pg-hnsw,250000,1,w1,486,2.59125,1.0,10,,hnsw
pg-hnsw,250000,1,w1,186,2.436458,0.9,10,,hnsw
pg-hnsw,250000,1,w1,112,3.430833,1.0,10,,hnsw
pg-hnsw,250000,1,w1,818,2.512583,1.0,10,,hnsw
pg-hnsw,250000,1,w1,770,3.096667,0.8,10,,hnsw
pg-hnsw,250000,1,w1,862,3.401459,1.0,10,,hnsw
pg-hnsw,250000,1,w1,407,2.161542,1.0,10,,hnsw
pg-hnsw,250000,1,w1,172,5.468292,1.0,10,,hnsw
pg-hnsw,250000,1,w1,934,2.790458,1.0,10,,hnsw
pg-hnsw,250000,1,w1,474,1.776959,1.0,10,,hnsw
pg-hnsw,250000,1,w1,786,2.70475,1.0,10,,hnsw
pg-hnsw,250000,1,w1,717,2.57225,1.0,10,,hnsw
pg-hnsw,250000,1,w1,859,2.467541,1.0,10,,hnsw
pg-hnsw,250000,1,w1,347,2.741125,1.0,10,,hnsw
pg-hnsw,250000,1,w1,750,2.886584,1.0,10,,hnsw
pg-hnsw,250000,1,w1,663,2.98975,1.0,10,,hnsw
pg-hnsw,250000,1,w1,779,3.159166,0.9,10,,hnsw
pg-hnsw,250000,1,w1,860,2.863,0.7,10,,hnsw
pg-hnsw,250000,1,w1,177,1.591958,0.9,10,,hnsw
pg-hnsw,250000,1,w1,876,2.910459,1.0,10,,hnsw
pg-hnsw,250000,1,w1,838,2.902958,1.0,10,,hnsw
pg-hnsw,250000,1,w1,784,2.337333,1.0,10,,hnsw
pg-hnsw,250000,1,w1,993,2.475292,1.0,10,,hnsw
pg-hnsw,250000,1,w1,796,3.133208,0.8,10,,hnsw
pg-hnsw,250000,1,w1,918,1.385167,1.0,10,,hnsw
pg-hnsw,250000,1,w1,898,2.8105,1.0,10,,hnsw
pg-hnsw,250000,1,w1,110,3.3735,1.0,10,,hnsw
pg-hnsw,250000,1,w1,475,2.25475,1.0,10,,hnsw
pg-hnsw,250000,1,w1,125,1.638708,1.0,10,,hnsw
pg-hnsw,250000,1,w1,310,2.130625,0.9,10,,hnsw
pg-hnsw,250000,1,w1,787,2.325416,1.0,10,,hnsw
pg-hnsw,250000,1,w1,555,2.836083,0.6,10,,hnsw
pg-hnsw,250000,1,w1,724,2.941333,0.8,10,,hnsw
pg-hnsw,250000,1,w1,686,2.240834,0.9,10,,hnsw
pg-hnsw,250000,1,w1,272,1.714125,1.0,10,,hnsw
pg-hnsw,250000,1,w1,102,2.133708,1.0,10,,hnsw
pg-hnsw,250000,1,w1,891,2.910208,1.0,10,,hnsw
pg-hnsw,250000,1,w1,749,2.288167,1.0,10,,hnsw
pg-hnsw,250000,1,w1,903,2.5805,0.9,10,,hnsw
pg-hnsw,250000,1,w1,144,2.189875,1.0,10,,hnsw
pg-hnsw,250000,1,w1,521,2.494,1.0,10,,hnsw
pg-hnsw,250000,1,w1,671,2.883542,0.9,10,,hnsw
pg-hnsw,250000,1,w1,333,2.317584,1.0,10,,hnsw
pg-hnsw,250000,1,w1,385,1.965666,1.0,10,,hnsw
pg-hnsw,250000,1,w1,522,2.220958,1.0,10,,hnsw
pg-hnsw,250000,1,w1,996,2.472833,0.8,10,,hnsw
pg-hnsw,250000,1,w1,614,2.512875,1.0,10,,hnsw
pg-hnsw,250000,1,w1,714,3.378625,0.8,10,,hnsw
pg-hnsw,250000,1,w1,881,2.427458,0.9,10,,hnsw
pg-hnsw,250000,1,w1,449,2.514292,1.0,10,,hnsw
pg-hnsw,250000,1,w1,576,3.4905,0.8,10,,hnsw
pg-hnsw,250000,1,w1,972,2.447959,1.0,10,,hnsw
pg-hnsw,250000,1,w1,244,1.9385,1.0,10,,hnsw
pg-hnsw,250000,1,w1,841,3.854208,1.0,10,,hnsw
pg-hnsw,250000,1,w1,357,1.471125,1.0,10,,hnsw
pg-hnsw,250000,1,w1,206,2.849292,0.7,10,,hnsw
pg-hnsw,250000,1,w1,634,2.834041,1.0,10,,hnsw
pg-hnsw,250000,1,w1,571,2.78925,1.0,10,,hnsw
pg-hnsw,250000,1,w1,530,3.222125,0.9,10,,hnsw
pg-hnsw,250000,1,w1,892,3.028208,1.0,10,,hnsw
pg-hnsw,250000,1,w1,953,4.804,0.6,10,,hnsw
pg-hnsw,250000,1,w1,583,2.171667,1.0,10,,hnsw
pg-hnsw,250000,1,w1,702,2.471958,1.0,10,,hnsw
pg-hnsw,250000,1,w1,230,5.1185,1.0,10,,hnsw
pg-hnsw,250000,1,w1,277,2.141458,1.0,10,,hnsw
pg-hnsw,250000,1,w1,248,1.943375,0.9,10,,hnsw
pg-hnsw,250000,1,w1,225,2.217875,1.0,10,,hnsw
pg-hnsw,250000,1,w1,531,6.600375,1.0,10,,hnsw
pg-hnsw,250000,1,w1,257,3.522708,1.0,10,,hnsw
pg-hnsw,250000,1,w1,544,3.109166,0.9,10,,hnsw
pg-hnsw,250000,1,w1,778,2.706875,1.0,10,,hnsw
pg-hnsw,250000,1,w1,753,2.78425,1.0,10,,hnsw
pg-hnsw,250000,1,w1,220,2.3985,1.0,10,,hnsw
pg-hnsw,250000,1,w1,866,5.782458,0.8,10,,hnsw
pg-hnsw,250000,1,w1,674,3.52425,0.5,10,,hnsw
pg-hnsw,250000,1,w1,305,3.388042,1.0,10,,hnsw
pg-hnsw,250000,1,w1,326,1.524875,1.0,10,,hnsw
pg-hnsw,250000,1,w1,133,2.192958,1.0,10,,hnsw
pg-hnsw,250000,1,w1,104,1.852958,1.0,10,,hnsw
pg-hnsw,250000,1,w1,239,3.124,1.0,10,,hnsw
pg-hnsw,250000,1,w1,165,2.881583,1.0,10,,hnsw
pg-hnsw,250000,1,w1,694,8.074833,0.2,10,,hnsw
pg-hnsw,250000,1,w1,240,3.465667,1.0,10,,hnsw
pg-hnsw,250000,1,w1,660,2.064792,1.0,10,,hnsw
pg-hnsw,250000,1,w1,524,2.572917,0.8,10,,hnsw
pg-hnsw,250000,1,w1,771,6.248125,1.0,10,,hnsw
pg-hnsw,250000,1,w1,809,2.48775,0.9,10,,hnsw
pg-hnsw,250000,1,w1,126,3.141375,0.9,10,,hnsw
pg-hnsw,250000,1,w1,592,3.377416,1.0,10,,hnsw
pg-hnsw,250000,1,w1,481,2.830834,1.0,10,,hnsw
pg-hnsw,250000,1,w1,986,2.99125,1.0,10,,hnsw
pg-hnsw,250000,1,w1,350,3.924959,0.8,10,,hnsw
pg-hnsw,250000,1,w1,864,2.567625,1.0,10,,hnsw
pg-hnsw,250000,1,w1,574,3.088791,1.0,10,,hnsw
pg-hnsw,250000,1,w1,920,2.103084,1.0,10,,hnsw
pg-hnsw,250000,1,w1,480,3.443542,1.0,10,,hnsw
pg-hnsw,250000,1,w1,377,2.350292,1.0,10,,hnsw
pg-hnsw,250000,1,w1,630,2.487209,1.0,10,,hnsw
pg-hnsw,250000,1,w1,759,4.864583,0.9,10,,hnsw
pg-hnsw,250000,1,w1,328,3.921458,1.0,10,,hnsw
pg-hnsw,250000,1,w1,283,7.127375,1.0,10,,hnsw
pg-hnsw,250000,1,w1,130,2.540708,1.0,10,,hnsw
pg-hnsw,250000,1,w1,601,3.499875,1.0,10,,hnsw
pg-hnsw,250000,1,w1,199,2.818333,1.0,10,,hnsw
pg-hnsw,250000,1,w1,959,4.073042,1.0,10,,hnsw
pg-hnsw,250000,1,w1,232,2.22,1.0,10,,hnsw
pg-hnsw,250000,1,w1,514,3.242667,1.0,10,,hnsw
pg-hnsw,250000,1,w1,339,2.974916,1.0,10,,hnsw
pg-hnsw,250000,1,w1,845,3.466833,0.8,10,,hnsw
pg-hnsw,250000,1,w1,399,2.603041,1.0,10,,hnsw
pg-hnsw,250000,1,w1,215,2.231666,0.9,10,,hnsw
pg-hnsw,250000,1,w1,153,2.37525,1.0,10,,hnsw
pg-hnsw,250000,1,w1,319,2.307625,1.0,10,,hnsw
pg-hnsw,250000,1,w1,329,2.047042,1.0,10,,hnsw
pg-hnsw,250000,1,w1,949,5.896125,1.0,10,,hnsw
pg-hnsw,250000,1,w1,868,2.149041,1.0,10,,hnsw
pg-hnsw,250000,1,w1,344,2.056083,1.0,10,,hnsw
pg-hnsw,250000,1,w1,460,2.95675,1.0,10,,hnsw
pg-hnsw,250000,1,w1,527,2.423208,1.0,10,,hnsw
pg-hnsw,250000,1,w1,458,2.240208,1.0,10,,hnsw
pg-hnsw,250000,1,w1,234,1.708958,1.0,10,,hnsw
pg-hnsw,250000,1,w1,835,2.027167,1.0,10,,hnsw
pg-hnsw,250000,1,w1,332,2.198291,1.0,10,,hnsw
pg-hnsw,250000,1,w1,644,3.367208,1.0,10,,hnsw
pg-hnsw,250000,1,w1,132,2.057542,1.0,10,,hnsw
pg-hnsw,250000,1,w1,632,2.413709,1.0,10,,hnsw
pg-hnsw,250000,1,w1,857,1.46925,1.0,10,,hnsw
pg-hnsw,250000,1,w1,788,2.507834,0.7,10,,hnsw
pg-hnsw,250000,1,w1,150,3.081458,1.0,10,,hnsw
pg-hnsw,250000,1,w1,455,2.028041,1.0,10,,hnsw
pg-hnsw,250000,1,w1,639,2.520166,1.0,10,,hnsw
pg-hnsw,250000,1,w1,831,3.745792,1.0,10,,hnsw
pg-hnsw,250000,1,w1,124,1.866666,1.0,10,,hnsw
pg-hnsw,250000,1,w1,685,3.34575,1.0,10,,hnsw
pg-hnsw,250000,1,w1,417,2.339292,0.9,10,,hnsw
pg-hnsw,250000,1,w1,491,1.733416,1.0,10,,hnsw
pg-hnsw,250000,1,w1,735,3.98075,1.0,10,,hnsw
pg-hnsw,250000,1,w1,889,2.705959,0.9,10,,hnsw
pg-hnsw,250000,1,w1,642,2.161458,0.9,10,,hnsw
pg-hnsw,250000,1,w1,971,2.637959,0.9,10,,hnsw
pg-hnsw,250000,1,w1,790,2.68975,0.4,10,,hnsw
pg-hnsw,250000,1,w1,948,2.033667,1.0,10,,hnsw
pg-hnsw,250000,1,w1,273,1.387583,1.0,10,,hnsw
pg-hnsw,250000,1,w1,654,2.324833,0.9,10,,hnsw
pg-hnsw,250000,1,w1,362,2.101292,1.0,10,,hnsw
pg-hnsw,250000,1,w1,736,1.83325,1.0,10,,hnsw
pg-hnsw,250000,1,w1,340,1.797208,1.0,10,,hnsw
pg-hnsw,250000,1,w1,761,2.500875,1.0,10,,hnsw
pg-hnsw,250000,1,w1,182,2.455375,1.0,10,,hnsw
pg-hnsw,250000,1,w1,416,1.889417,1.0,10,,hnsw
pg-hnsw,250000,1,w1,823,2.079041,1.0,10,,hnsw
pg-hnsw,250000,1,w1,999,2.727708,1.0,10,,hnsw
pg-hnsw,250000,1,w1,720,2.568375,1.0,10,,hnsw
pg-hnsw,250000,1,w1,364,2.233375,1.0,10,,hnsw
pg-hnsw,250000,1,w1,395,5.400667,1.0,10,,hnsw
pg-hnsw,250000,1,w1,105,2.4955,1.0,10,,hnsw
pg-hnsw,250000,1,w1,707,2.026625,1.0,10,,hnsw
pg-hnsw,250000,1,w1,791,1.391208,1.0,10,,hnsw
pg-hnsw,250000,1,w1,679,3.160125,1.0,10,,hnsw
pg-hnsw,250000,1,w1,401,2.588791,1.0,10,,hnsw
pg-hnsw,250000,1,w1,895,2.040875,1.0,10,,hnsw
pg-hnsw,250000,1,w1,667,3.255208,0.9,10,,hnsw
pg-hnsw,250000,1,w1,349,2.607166,1.0,10,,hnsw
pg-hnsw,250000,1,w1,411,3.170125,0.9,10,,hnsw
pg-hnsw,250000,1,w1,799,2.584125,1.0,10,,hnsw
pg-hnsw,250000,1,w1,405,2.301125,1.0,10,,hnsw
pg-hnsw,250000,1,w1,659,2.615,1.0,10,,hnsw
pg-hnsw,250000,1,w1,466,2.829208,1.0,10,,hnsw
pg-hnsw,250000,1,w1,589,3.069083,0.9,10,,hnsw
pg-hnsw,250000,1,w1,805,2.427708,1.0,10,,hnsw
pg-hnsw,250000,1,w1,432,2.592792,1.0,10,,hnsw
pg-hnsw,250000,1,w1,748,2.596458,1.0,10,,hnsw
pg-hnsw,250000,1,w1,233,2.59925,0.7,10,,hnsw
pg-hnsw,250000,1,w1,467,3.083292,1.0,10,,hnsw
pg-hnsw,250000,1,w1,472,2.1035,1.0,10,,hnsw
pg-hnsw,250000,1,w1,348,4.68,1.0,10,,hnsw
pg-hnsw,250000,1,w1,202,1.919208,1.0,10,,hnsw
pg-hnsw,250000,1,w1,595,2.744833,0.9,10,,hnsw
pg-hnsw,250000,1,w1,176,2.659958,0.9,10,,hnsw
pg-hnsw,250000,1,w1,263,2.87025,1.0,10,,hnsw
pg-hnsw,250000,1,w1,384,2.89475,0.8,10,,hnsw
pg-hnsw,250000,1,w1,870,6.671042,1.0,10,,hnsw
pg-hnsw,250000,1,w1,691,3.316833,1.0,10,,hnsw
pg-hnsw,250000,1,w1,936,2.175375,1.0,10,,hnsw
pg-hnsw,250000,1,w1,941,2.139333,1.0,10,,hnsw
pg-hnsw,250000,1,w1,558,2.473459,1.0,10,,hnsw
pg-hnsw,250000,1,w1,586,1.715666,1.0,10,,hnsw
pg-hnsw,250000,1,w1,224,2.254417,0.8,10,,hnsw
pg-hnsw,250000,1,w1,120,3.66125,0.9,10,,hnsw
pg-hnsw,250000,1,w1,428,2.984083,1.0,10,,hnsw
pg-hnsw,250000,1,w1,730,2.246167,0.9,10,,hnsw
pg-hnsw,250000,1,w1,545,2.694083,1.0,10,,hnsw
pg-hnsw,250000,1,w1,687,4.291,0.6,10,,hnsw
pg-hnsw,250000,1,w1,910,2.869292,1.0,10,,hnsw
pg-hnsw,250000,1,w1,392,3.052667,0.8,10,,hnsw
pg-hnsw,250000,1,w1,444,2.684458,1.0,10,,hnsw
pg-hnsw,250000,1,w1,885,2.979792,1.0,10,,hnsw
pg-hnsw,250000,1,w1,380,4.829708,0.8,10,,hnsw
pg-hnsw,250000,1,w1,179,4.8765,1.0,10,,hnsw
pg-hnsw,250000,1,w1,101,2.970167,1.0,10,,hnsw
pg-hnsw,250000,1,w1,542,2.813417,0.8,10,,hnsw
pg-hnsw,250000,1,w1,696,3.117625,1.0,10,,hnsw
pg-hnsw,250000,1,w1,803,2.372666,0.9,10,,hnsw
pg-hnsw,250000,1,w1,559,2.904583,0.9,10,,hnsw
pg-hnsw,250000,1,w1,292,2.479916,1.0,10,,hnsw
pg-hnsw,250000,1,w1,734,2.41725,0.8,10,,hnsw
pg-hnsw,250000,1,w1,307,11.810042,1.0,10,,hnsw
pg-hnsw,250000,1,w1,731,2.363291,1.0,10,,hnsw
pg-hnsw,250000,1,w1,509,2.34125,0.9,10,,hnsw
pg-hnsw,250000,1,w1,681,2.573167,1.0,10,,hnsw
pg-hnsw,250000,1,w1,282,1.682916,1.0,10,,hnsw
pg-hnsw,250000,1,w1,776,2.846041,1.0,10,,hnsw
pg-hnsw,250000,1,w1,191,7.271584,1.0,10,,hnsw
pg-hnsw,250000,1,w1,650,5.465834,0.9,10,,hnsw
pg-hnsw,250000,1,w1,156,2.853166,1.0,10,,hnsw
pg-hnsw,250000,1,w1,593,2.771541,1.0,10,,hnsw
pg-hnsw,250000,1,w1,755,2.672083,1.0,10,,hnsw
pg-hnsw,250000,1,w1,316,2.28,1.0,10,,hnsw
pg-hnsw,250000,1,w1,988,1.997084,1.0,10,,hnsw
pg-hnsw,250000,1,w1,483,2.862542,1.0,10,,hnsw
pg-hnsw,250000,1,w1,762,2.692042,1.0,10,,hnsw
pg-hnsw,250000,1,w1,352,2.249458,1.0,10,,hnsw
pg-hnsw,250000,1,w1,379,9.441167,1.0,10,,hnsw
pg-hnsw,250000,1,w1,372,3.730167,1.0,10,,hnsw
pg-hnsw,250000,1,w1,728,8.5955,1.0,10,,hnsw
pg-hnsw,250000,1,w1,554,5.228167,1.0,10,,hnsw
pg-hnsw,250000,1,w1,850,2.804,1.0,10,,hnsw
pg-hnsw,250000,1,w1,304,19.467875,0.9,10,,hnsw
pg-hnsw,250000,1,w1,655,7.645334,1.0,10,,hnsw
pg-hnsw,250000,1,w1,291,3.004125,0.8,10,,hnsw
pg-hnsw,250000,1,w1,719,3.303125,1.0,10,,hnsw
pg-hnsw,250000,1,w1,657,2.643792,1.0,10,,hnsw
pg-hnsw,250000,1,w1,957,1.900416,1.0,10,,hnsw
pg-hnsw,250000,1,w1,969,2.185167,1.0,10,,hnsw
pg-hnsw,250000,1,w1,711,2.52325,1.0,10,,hnsw
pg-hnsw,250000,1,w1,457,2.167,1.0,10,,hnsw
pg-hnsw,250000,1,w1,453,2.48775,1.0,10,,hnsw
pg-hnsw,250000,1,w1,201,7.359541,1.0,10,,hnsw
pg-hnsw,250000,1,w1,116,9.1575,0.6,10,,hnsw
pg-hnsw,250000,1,w1,980,5.109,1.0,10,,hnsw
pg-hnsw,250000,1,w1,403,5.134125,1.0,10,,hnsw
pg-hnsw,250000,1,w1,676,15.1705,1.0,10,,hnsw
pg-hnsw,250000,1,w1,269,3.71025,0.9,10,,hnsw
pg-hnsw,250000,1,w1,929,2.520667,1.0,10,,hnsw
pg-hnsw,250000,1,w1,421,3.624625,1.0,10,,hnsw
pg-hnsw,250000,1,w1,582,4.016583,0.8,10,,hnsw
pg-hnsw,250000,1,w1,602,2.088917,1.0,10,,hnsw
pg-hnsw,250000,1,w1,834,3.508583,0.6,10,,hnsw
pg-hnsw,250000,1,w1,846,10.891042,0.8,10,,hnsw
pg-hnsw,250000,1,w1,591,12.533834,1.0,10,,hnsw
pg-hnsw,250000,1,w1,452,7.3215,1.0,10,,hnsw
pg-hnsw,250000,1,w1,363,4.888166,0.9,10,,hnsw
pg-hnsw,250000,1,w1,410,1.903,1.0,10,,hnsw
pg-hnsw,250000,1,w1,914,4.0715,1.0,10,,hnsw
pg-hnsw,250000,1,w1,646,2.717458,1.0,10,,hnsw
pg-hnsw,250000,1,w1,562,4.504209,1.0,10,,hnsw
pg-hnsw,250000,1,w1,415,3.614667,1.0,10,,hnsw
pg-hnsw,250000,1,w1,849,4.325292,1.0,10,,hnsw
pg-hnsw,250000,1,w1,337,3.023,1.0,10,,hnsw
pg-hnsw,250000,1,w1,647,3.249875,1.0,10,,hnsw
pg-hnsw,250000,1,w1,163,3.997083,1.0,10,,hnsw
pg-hnsw,250000,1,w1,341,3.596334,1.0,10,,hnsw
pg-hnsw,250000,1,w1,547,3.942417,1.0,10,,hnsw
pg-hnsw,250000,1,w1,170,3.407041,0.5,10,,hnsw
pg-hnsw,250000,1,w1,294,3.098334,1.0,10,,hnsw
pg-hnsw,250000,1,w1,471,4.377625,1.0,10,,hnsw
pg-hnsw,250000,1,w1,412,2.395084,1.0,10,,hnsw
pg-hnsw,250000,1,w1,431,2.168125,1.0,10,,hnsw
pg-hnsw,250000,1,w1,590,3.746292,0.7,10,,hnsw
pg-hnsw,250000,1,w1,800,3.726875,1.0,10,,hnsw
pg-hnsw,250000,1,w1,908,3.426583,1.0,10,,hnsw
pg-hnsw,250000,1,w1,579,4.198417,0.9,10,,hnsw
pg-hnsw,250000,1,w1,741,4.801833,0.9,10,,hnsw
pg-hnsw,250000,1,w1,211,3.938125,0.6,10,,hnsw
pg-hnsw,250000,1,w1,766,2.260417,1.0,10,,hnsw
pg-hnsw,250000,1,w1,131,3.186375,0.8,10,,hnsw
pg-hnsw,250000,1,w1,777,3.854458,1.0,10,,hnsw
pg-hnsw,250000,1,w1,389,3.978834,0.8,10,,hnsw
pg-hnsw,250000,1,w1,155,2.397792,1.0,10,,hnsw
pg-hnsw,250000,1,w1,968,2.527583,1.0,10,,hnsw
pg-hnsw,250000,1,w1,436,3.57725,0.7,10,,hnsw
pg-hnsw,250000,1,w1,381,2.702042,1.0,10,,hnsw
pg-hnsw,250000,1,w1,884,3.035916,1.0,10,,hnsw
pg-hnsw,250000,1,w1,615,3.316083,1.0,10,,hnsw
pg-hnsw,250000,1,w1,404,3.023542,1.0,10,,hnsw
pg-hnsw,250000,1,w1,264,3.627833,1.0,10,,hnsw
pg-hnsw,250000,1,w1,488,4.790542,1.0,10,,hnsw
pg-hnsw,250000,1,w1,241,3.400791,1.0,10,,hnsw
pg-hnsw,250000,1,w1,164,4.236959,0.9,10,,hnsw
pg-hnsw,250000,1,w1,439,3.688667,1.0,10,,hnsw
pg-hnsw,250000,1,w1,890,4.513292,1.0,10,,hnsw
pg-hnsw,250000,1,w1,637,3.380792,1.0,10,,hnsw
pg-hnsw,250000,1,w1,525,2.109625,1.0,10,,hnsw
pg-hnsw,250000,1,w1,587,4.039042,1.0,10,,hnsw
pg-hnsw,250000,1,w1,424,4.465833,1.0,10,,hnsw
pg-hnsw,250000,1,w1,100,3.673834,1.0,10,,hnsw
pg-hnsw,250000,1,w1,184,2.953583,1.0,10,,hnsw
pg-hnsw,250000,1,w1,693,2.253709,1.0,10,,hnsw
pg-hnsw,250000,1,w1,318,3.489875,0.8,10,,hnsw
pg-hnsw,250000,1,w1,526,3.787917,1.0,10,,hnsw
pg-hnsw,250000,1,w1,609,2.250417,1.0,10,,hnsw
pg-hnsw,250000,1,w1,828,2.697458,1.0,10,,hnsw
pg-hnsw,250000,1,w1,159,2.771417,0.9,10,,hnsw
pg-hnsw,250000,1,w1,628,3.887834,1.0,10,,hnsw
pg-hnsw,250000,1,w1,325,3.104,0.9,10,,hnsw
pg-hnsw,250000,1,w1,752,6.85625,1.0,10,,hnsw
pg-hnsw,250000,1,w1,222,3.591458,0.6,10,,hnsw
pg-hnsw,250000,1,w1,897,4.313583,0.7,10,,hnsw
pg-hnsw,250000,1,w1,441,4.19925,0.8,10,,hnsw
pg-hnsw,250000,1,w1,612,2.22225,1.0,10,,hnsw
pg-hnsw,250000,1,w1,485,2.514166,1.0,10,,hnsw
pg-hnsw,250000,1,w1,664,3.109875,1.0,10,,hnsw
pg-hnsw,250000,1,w1,338,3.746417,0.8,10,,hnsw
pg-hnsw,250000,1,w1,744,2.683333,1.0,10,,hnsw
pg-hnsw,250000,1,w1,640,3.305541,0.9,10,,hnsw
pg-hnsw,250000,1,w1,504,2.781167,1.0,10,,hnsw
pg-hnsw,250000,1,w1,906,1.604417,1.0,10,,hnsw
pg-hnsw,250000,1,w1,534,2.302334,1.0,10,,hnsw
pg-hnsw,250000,1,w1,519,2.173708,1.0,10,,hnsw
pg-hnsw,250000,1,w1,321,2.843291,1.0,10,,hnsw
pg-hnsw,250000,1,w1,995,4.924042,1.0,10,,hnsw
pg-hnsw,250000,1,w1,434,2.466833,1.0,10,,hnsw
pg-hnsw,250000,1,w1,541,5.35,0.6,10,,hnsw
pg-hnsw,250000,1,w1,916,2.360208,1.0,10,,hnsw
pg-hnsw,250000,1,w1,115,2.513666,1.0,10,,hnsw
pg-hnsw,250000,1,w1,802,2.613333,1.0,10,,hnsw
pg-hnsw,250000,1,w1,532,3.371,0.4,10,,hnsw
pg-hnsw,250000,1,w1,978,2.665417,1.0,10,,hnsw
pg-hnsw,250000,1,w1,855,2.551667,1.0,10,,hnsw
pg-hnsw,250000,1,w1,819,3.149375,1.0,10,,hnsw
pg-hnsw,250000,1,w1,950,1.590917,1.0,10,,hnsw
pg-hnsw,250000,1,w1,188,3.122,1.0,10,,hnsw
pg-hnsw,250000,1,w1,378,2.721667,0.8,10,,hnsw
pg-hnsw,250000,1,w1,998,1.981083,1.0,10,,hnsw
pg-hnsw,250000,1,w1,732,3.840208,1.0,10,,hnsw
pg-hnsw,250000,1,w1,645,2.435916,1.0,10,,hnsw
pg-hnsw,250000,1,w1,861,2.511125,1.0,10,,hnsw
pg-hnsw,250000,1,w1,913,2.122334,1.0,10,,hnsw
pg-hnsw,250000,1,w1,563,2.325209,1.0,10,,hnsw
pg-hnsw,250000,1,w1,142,2.0545,1.0,10,,hnsw
pg-hnsw,250000,1,w1,289,2.365917,1.0,10,,hnsw
pg-hnsw,250000,1,w1,961,2.982083,1.0,10,,hnsw
pg-hnsw,250000,1,w1,808,13.2745,1.0,10,,hnsw
pg-hnsw,250000,1,w1,226,3.064958,1.0,10,,hnsw
pg-hnsw,250000,1,w1,537,2.740667,0.6,10,,hnsw
pg-hnsw,250000,1,w1,584,3.24175,0.9,10,,hnsw
pg-hnsw,250000,1,w1,869,2.14825,1.0,10,,hnsw
pg-hnsw,250000,1,w1,793,2.306,0.9,10,,hnsw
pg-hnsw,250000,1,w1,312,2.501625,1.0,10,,hnsw
pg-hnsw,250000,1,w1,722,2.730958,1.0,10,,hnsw
pg-hnsw,250000,1,w1,794,1.970292,1.0,10,,hnsw
pg-hnsw,250000,1,w1,408,2.505458,1.0,10,,hnsw
pg-hnsw,250000,1,w1,911,2.503125,1.0,10,,hnsw
pg-hnsw,250000,1,w1,218,2.842875,0.9,10,,hnsw
pg-hnsw,250000,1,w1,469,2.567125,1.0,10,,hnsw
pg-hnsw,250000,1,w1,742,2.614083,1.0,10,,hnsw
pg-hnsw,250000,1,w1,308,2.296083,1.0,10,,hnsw
pg-hnsw,250000,1,w1,278,2.672584,1.0,10,,hnsw
pg-hnsw,250000,1,w1,314,2.796667,0.8,10,,hnsw
pg-hnsw,250000,1,w1,413,2.411583,1.0,10,,hnsw
pg-hnsw,250000,1,w1,353,2.082042,1.0,10,,hnsw
pg-hnsw,250000,1,w1,175,2.687458,1.0,10,,hnsw
pg-hnsw,250000,1,w1,760,2.207625,1.0,10,,hnsw
pg-hnsw,250000,1,w1,635,1.673416,1.0,10,,hnsw
pg-hnsw,250000,1,w1,496,2.334583,1.0,10,,hnsw
pg-hnsw,250000,1,w1,821,1.730625,1.0,10,,hnsw
pg-hnsw,250000,1,w1,942,7.276291,1.0,10,,hnsw
pg-hnsw,250000,1,w1,568,2.274083,0.9,10,,hnsw
pg-hnsw,250000,1,w1,652,1.704542,1.0,10,,hnsw
pg-hnsw,250000,1,w1,967,2.597916,1.0,10,,hnsw
pg-hnsw,250000,1,w1,893,2.936708,0.9,10,,hnsw
pg-hnsw,250000,1,w1,977,7.2525,1.0,10,,hnsw
pg-hnsw,250000,1,w1,641,2.128875,0.8,10,,hnsw
pg-hnsw,250000,1,w1,930,3.030792,0.8,10,,hnsw
pg-hnsw,250000,1,w1,782,2.727708,1.0,10,,hnsw
pg-hnsw,250000,1,w1,454,1.984458,1.0,10,,hnsw
pg-hnsw,250000,1,w1,295,3.450541,1.0,10,,hnsw
pg-hnsw,250000,1,w1,386,2.548042,1.0,10,,hnsw
pg-hnsw,250000,1,w1,888,2.530958,1.0,10,,hnsw
pg-hnsw,250000,1,w1,180,7.328625,1.0,10,,hnsw
pg-hnsw,250000,1,w1,613,2.065625,1.0,10,,hnsw
pg-hnsw,250000,1,w1,772,2.448042,1.0,10,,hnsw
pg-hnsw,250000,1,w1,543,3.356375,0.4,10,,hnsw
pg-hnsw,250000,1,w1,825,2.32425,1.0,10,,hnsw
pg-hnsw,250000,1,w1,227,2.4175,1.0,10,,hnsw
pg-hnsw,250000,1,w1,317,2.519709,1.0,10,,hnsw
pg-hnsw,250000,1,w1,956,2.714083,0.9,10,,hnsw
pg-hnsw,250000,1,w1,303,2.379375,1.0,10,,hnsw
pg-hnsw,250000,1,w1,251,2.144625,1.0,10,,hnsw
pg-hnsw,250000,1,w1,573,1.735,1.0,10,,hnsw
pg-hnsw,250000,1,w1,981,2.72,1.0,10,,hnsw
pg-hnsw,250000,1,w1,751,1.890792,1.0,10,,hnsw
pg-hnsw,250000,1,w1,603,2.257875,1.0,10,,hnsw
pg-hnsw,250000,1,w1,143,2.182584,1.0,10,,hnsw
pg-hnsw,250000,1,w1,371,2.412541,1.0,10,,hnsw
pg-hnsw,250000,1,w1,538,1.792667,1.0,10,,hnsw
pg-hnsw,250000,1,w1,330,1.892292,1.0,10,,hnsw
pg-hnsw,250000,1,w1,167,2.835542,1.0,10,,hnsw
pg-hnsw,250000,1,w1,872,2.225792,1.0,10,,hnsw
pg-hnsw,250000,1,w1,648,3.189708,0.7,10,,hnsw
pg-hnsw,250000,1,w1,355,2.979292,1.0,10,,hnsw
pg-hnsw,250000,1,w1,539,5.93675,1.0,10,,hnsw
pg-hnsw,250000,1,w1,670,2.181583,1.0,10,,hnsw
pg-hnsw,250000,1,w1,498,2.135083,1.0,10,,hnsw
pg-hnsw,250000,1,w1,497,1.881541,1.0,10,,hnsw
pg-hnsw,250000,1,w1,623,2.5745,1.0,10,,hnsw
pg-hnsw,250000,1,w1,152,2.744084,0.2,10,,hnsw
pg-hnsw,250000,1,w1,768,3.092792,1.0,10,,hnsw
pg-hnsw,250000,1,w1,174,1.902709,1.0,10,,hnsw
pg-hnsw,250000,1,w1,598,2.44925,1.0,10,,hnsw
pg-hnsw,250000,1,w1,216,1.989458,1.0,10,,hnsw
pg-hnsw,250000,1,w1,331,3.113875,1.0,10,,hnsw
pg-hnsw,250000,1,w1,196,7.427167,0.8,10,,hnsw
pg-hnsw,250000,1,w1,492,2.662417,1.0,10,,hnsw
pg-hnsw,250000,1,w1,261,1.63225,1.0,10,,hnsw
pg-hnsw,250000,1,w1,877,2.132958,1.0,10,,hnsw
pg-hnsw,250000,1,w1,134,6.940792,0.3,10,,hnsw
pg-hnsw,250000,1,w1,858,1.949833,1.0,10,,hnsw
pg-hnsw,250000,1,w1,157,2.742875,0.6,10,,hnsw
pg-hnsw,250000,1,w1,464,3.34175,0.9,10,,hnsw
pg-hnsw,250000,1,w1,140,3.166209,0.9,10,,hnsw
pg-hnsw,250000,1,w1,566,3.623125,1.0,10,,hnsw
pg-hnsw,250000,1,w1,306,3.022125,0.6,10,,hnsw
pg-hnsw,250000,1,w1,633,3.2165,1.0,10,,hnsw
pg-hnsw,250000,1,w1,366,2.437333,1.0,10,,hnsw
pg-hnsw,250000,1,w1,487,2.301542,1.0,10,,hnsw
pg-hnsw,250000,1,w1,699,2.593042,0.4,10,,hnsw
pg-hnsw,250000,1,w1,139,2.891042,1.0,10,,hnsw
pg-hnsw,250000,1,w1,297,3.58275,1.0,10,,hnsw
pg-hnsw,250000,1,w1,636,3.38875,1.0,10,,hnsw
pg-hnsw,250000,1,w1,677,2.426917,1.0,10,,hnsw
pg-hnsw,250000,1,w1,168,2.200375,1.0,10,,hnsw
pg-hnsw,250000,1,w1,219,3.016583,1.0,10,,hnsw
pg-hnsw,250000,1,w1,253,2.273834,1.0,10,,hnsw
pg-hnsw,250000,1,w1,351,3.060041,1.0,10,,hnsw
pg-hnsw,250000,1,w1,369,2.006917,1.0,10,,hnsw
pg-hnsw,250000,1,w1,871,3.153625,1.0,10,,hnsw
pg-hnsw,250000,1,w1,940,3.353542,1.0,10,,hnsw
pg-hnsw,250000,1,w1,727,2.446875,1.0,10,,hnsw
pg-hnsw,250000,1,w1,154,3.044458,1.0,10,,hnsw
pg-hnsw,250000,1,w1,909,2.8395,0.9,10,,hnsw
pg-hnsw,250000,1,w1,620,2.684209,1.0,10,,hnsw
pg-hnsw,250000,1,w1,567,2.011167,1.0,10,,hnsw
pg-hnsw,250000,1,w1,548,2.526208,1.0,10,,hnsw
pg-hnsw,250000,1,w1,715,1.606458,1.0,10,,hnsw
pg-hnsw,250000,1,w1,203,2.844417,1.0,10,,hnsw
pg-hnsw,250000,1,w1,194,3.003375,1.0,10,,hnsw
pg-hnsw,250000,1,w1,815,3.342625,1.0,10,,hnsw
pg-hnsw,250000,1,w1,210,4.656959,1.0,10,,hnsw
pg-hnsw,250000,1,w1,438,4.772375,1.0,10,,hnsw
pg-hnsw,250000,1,w1,284,3.151,1.0,10,,hnsw
pg-hnsw,250000,1,w1,853,4.456875,0.7,10,,hnsw
pg-hnsw,250000,1,w1,187,3.413917,1.0,10,,hnsw
pg-hnsw,250000,1,w1,382,2.668,1.0,10,,hnsw
pg-hnsw,250000,1,w1,965,3.012708,1.0,10,,hnsw
pg-hnsw,250000,1,w1,285,2.517583,1.0,10,,hnsw
pg-hnsw,250000,1,w1,927,2.752541,1.0,10,,hnsw
pg-hnsw,250000,1,w1,517,2.683791,1.0,10,,hnsw
pg-hnsw,250000,1,w1,390,2.231083,1.0,10,,hnsw
pg-hnsw,250000,1,w1,376,3.077292,1.0,10,,hnsw
pg-hnsw,250000,1,w1,631,2.642041,1.0,10,,hnsw
pg-hnsw,250000,1,w1,556,3.438667,0.6,10,,hnsw
pg-hnsw,250000,1,w1,954,2.834625,1.0,10,,hnsw
pg-hnsw,250000,1,w1,512,3.218958,0.8,10,,hnsw
pg-hnsw,250000,1,w1,423,1.857917,1.0,10,,hnsw
pg-hnsw,250000,1,w1,535,2.967792,1.0,10,,hnsw
pg-hnsw,250000,1,w1,932,2.178167,1.0,10,,hnsw
pg-hnsw,250000,1,w1,515,2.037959,1.0,10,,hnsw
pg-hnsw,250000,1,w2_50,183,207.27675,1.0,10,,scalar_first_exact
pg-hnsw,250000,1,w2_50,213,207.786542,1.0,10,,scalar_first_exact
pg-hnsw,250000,1,w2_50,635,215.133959,1.0,10,,scalar_first_exact
pg-hnsw,250000,1,w2_50,604,205.315417,1.0,10,,scalar_first_exact
pg-hnsw,250000,1,w2_50,116,210.512125,1.0,10,,scalar_first_exact
pg-hnsw,250000,1,w2_50,245,208.482125,1.0,10,,scalar_first_exact
pg-hnsw,250000,1,w2_50,449,212.552208,1.0,10,,scalar_first_exact
pg-hnsw,250000,1,w2_50,163,209.365541,1.0,10,,scalar_first_exact
pg-hnsw,250000,1,w2_50,819,204.978166,1.0,10,,scalar_first_exact
pg-hnsw,250000,1,w2_50,779,207.980667,1.0,10,,scalar_first_exact
pg-hnsw,250000,1,w2_50,367,213.050208,1.0,10,,scalar_first_exact
pg-hnsw,250000,1,w2_50,362,208.921,1.0,10,,scalar_first_exact
pg-hnsw,250000,1,w2_50,184,210.399833,1.0,10,,scalar_first_exact
pg-hnsw,250000,1,w2_50,748,206.72475,1.0,10,,scalar_first_exact
pg-hnsw,250000,1,w2_50,308,215.689958,1.0,10,,scalar_first_exact
pg-hnsw,250000,1,w2_50,155,208.8385,1.0,10,,scalar_first_exact
pg-hnsw,250000,1,w2_50,696,210.179833,1.0,10,,scalar_first_exact
pg-hnsw,250000,1,w2_50,478,209.800417,1.0,10,,scalar_first_exact
pg-hnsw,250000,1,w2_50,694,209.742792,1.0,10,,scalar_first_exact
pg-hnsw,250000,1,w2_50,384,208.589417,1.0,10,,scalar_first_exact
pg-hnsw,250000,1,w2_50,870,211.376917,1.0,10,,scalar_first_exact
pg-hnsw,250000,1,w2_50,161,208.706833,1.0,10,,scalar_first_exact
pg-hnsw,250000,1,w2_50,637,210.451375,1.0,10,,scalar_first_exact
pg-hnsw,250000,1,w2_50,460,207.7405,1.0,10,,scalar_first_exact
pg-hnsw,250000,1,w2_50,892,207.856333,1.0,10,,scalar_first_exact
pg-hnsw,250000,1,w2_50,387,209.081708,1.0,10,,scalar_first_exact
pg-hnsw,250000,1,w2_50,475,214.074,1.0,10,,scalar_first_exact
pg-hnsw,250000,1,w2_50,836,204.607666,1.0,10,,scalar_first_exact
pg-hnsw,250000,1,w2_50,391,208.337792,1.0,10,,scalar_first_exact
pg-hnsw,250000,1,w2_50,753,206.262959,1.0,10,,scalar_first_exact
pg-hnsw,250000,1,w2_50,141,212.874792,1.0,10,,scalar_first_exact
pg-hnsw,250000,1,w2_50,880,209.967625,1.0,10,,scalar_first_exact
pg-hnsw,250000,1,w2_50,630,208.617125,1.0,10,,scalar_first_exact
pg-hnsw,250000,1,w2_50,918,216.809833,1.0,10,,scalar_first_exact
pg-hnsw,250000,1,w2_50,154,215.480625,1.0,10,,scalar_first_exact
pg-hnsw,250000,1,w2_50,189,208.878084,1.0,10,,scalar_first_exact
pg-hnsw,250000,1,w2_50,354,207.724416,1.0,10,,scalar_first_exact
pg-hnsw,250000,1,w2_50,167,205.680958,1.0,10,,scalar_first_exact
pg-hnsw,250000,1,w2_50,978,214.311417,1.0,10,,scalar_first_exact
pg-hnsw,250000,1,w2_50,280,209.419792,1.0,10,,scalar_first_exact
pg-hnsw,250000,1,w2_50,448,211.159459,1.0,10,,scalar_first_exact
pg-hnsw,250000,1,w2_50,372,208.741,1.0,10,,scalar_first_exact
pg-hnsw,250000,1,w2_50,988,215.485417,1.0,10,,scalar_first_exact
pg-hnsw,250000,1,w2_50,729,211.838666,1.0,10,,scalar_first_exact
pg-hnsw,250000,1,w2_50,147,209.195084,1.0,10,,scalar_first_exact
pg-hnsw,250000,1,w2_50,419,209.098334,1.0,10,,scalar_first_exact
pg-hnsw,250000,1,w2_50,639,208.891875,1.0,10,,scalar_first_exact
pg-hnsw,250000,1,w2_50,390,207.053458,1.0,10,,scalar_first_exact
pg-hnsw,250000,1,w2_50,332,211.165375,1.0,10,,scalar_first_exact
pg-hnsw,250000,1,w2_50,667,207.425,1.0,10,,scalar_first_exact
pg-hnsw,250000,1,w2_50,933,213.717875,1.0,10,,scalar_first_exact
pg-hnsw,250000,1,w2_50,364,205.660208,1.0,10,,scalar_first_exact
pg-hnsw,250000,1,w2_50,359,210.894375,1.0,10,,scalar_first_exact
pg-hnsw,250000,1,w2_50,847,209.721792,1.0,10,,scalar_first_exact
pg-hnsw,250000,1,w2_50,961,212.917791,1.0,10,,scalar_first_exact
pg-hnsw,250000,1,w2_50,929,205.91825,1.0,10,,scalar_first_exact
pg-hnsw,250000,1,w2_50,684,210.562166,1.0,10,,scalar_first_exact
pg-hnsw,250000,1,w2_50,211,209.538083,1.0,10,,scalar_first_exact
pg-hnsw,250000,1,w2_50,936,214.833042,1.0,10,,scalar_first_exact
pg-hnsw,250000,1,w2_50,649,207.631,1.0,10,,scalar_first_exact
pg-hnsw,250000,1,w2_50,303,207.354083,1.0,10,,scalar_first_exact
pg-hnsw,250000,1,w2_50,615,211.719958,1.0,10,,scalar_first_exact
pg-hnsw,250000,1,w2_50,534,215.018166,1.0,10,,scalar_first_exact
pg-hnsw,250000,1,w2_50,417,208.650208,1.0,10,,scalar_first_exact
pg-hnsw,250000,1,w2_50,840,208.656791,1.0,10,,scalar_first_exact
pg-hnsw,250000,1,w2_50,133,208.378959,1.0,10,,scalar_first_exact
pg-hnsw,250000,1,w2_50,483,208.812584,1.0,10,,scalar_first_exact
pg-hnsw,250000,1,w2_50,376,209.448791,1.0,10,,scalar_first_exact
pg-hnsw,250000,1,w2_50,257,210.004334,1.0,10,,scalar_first_exact
pg-hnsw,250000,1,w2_50,796,207.95075,1.0,10,,scalar_first_exact
pg-hnsw,250000,1,w2_50,173,209.404584,1.0,10,,scalar_first_exact
pg-hnsw,250000,1,w2_50,314,210.834416,1.0,10,,scalar_first_exact
pg-hnsw,250000,1,w2_50,572,208.66825,1.0,10,,scalar_first_exact
pg-hnsw,250000,1,w2_50,776,209.214125,1.0,10,,scalar_first_exact
pg-hnsw,250000,1,w2_50,206,214.90925,1.0,10,,scalar_first_exact
pg-hnsw,250000,1,w2_50,648,202.251125,1.0,10,,scalar_first_exact
pg-hnsw,250000,1,w2_50,726,210.223167,1.0,10,,scalar_first_exact
pg-hnsw,250000,1,w2_50,132,209.751084,1.0,10,,scalar_first_exact
pg-hnsw,250000,1,w2_50,660,213.131292,1.0,10,,scalar_first_exact
pg-hnsw,250000,1,w2_50,208,207.190166,1.0,10,,scalar_first_exact
pg-hnsw,250000,1,w2_50,291,206.602084,1.0,10,,scalar_first_exact
pg-hnsw,250000,1,w2_50,812,209.069208,1.0,10,,scalar_first_exact
pg-hnsw,250000,1,w2_50,408,214.633458,1.0,10,,scalar_first_exact
pg-hnsw,250000,1,w2_50,736,207.75525,1.0,10,,scalar_first_exact
pg-hnsw,250000,1,w2_50,269,204.4365,1.0,10,,scalar_first_exact
pg-hnsw,250000,1,w2_50,394,208.647584,1.0,10,,scalar_first_exact
pg-hnsw,250000,1,w2_50,915,215.439708,1.0,10,,scalar_first_exact
pg-hnsw,250000,1,w2_50,627,209.399166,1.0,10,,scalar_first_exact
pg-hnsw,250000,1,w2_50,827,208.372583,1.0,10,,scalar_first_exact
pg-hnsw,250000,1,w2_50,247,204.231125,1.0,10,,scalar_first_exact
pg-hnsw,250000,1,w2_50,666,214.5095,1.0,10,,scalar_first_exact
pg-hnsw,250000,1,w2_50,331,213.648208,1.0,10,,scalar_first_exact
pg-hnsw,250000,1,w2_50,490,209.399458,1.0,10,,scalar_first_exact
pg-hnsw,250000,1,w2_50,795,210.518125,1.0,10,,scalar_first_exact
pg-hnsw,250000,1,w2_50,442,209.658833,1.0,10,,scalar_first_exact
pg-hnsw,250000,1,w2_50,902,207.652542,1.0,10,,scalar_first_exact
pg-hnsw,250000,1,w2_50,263,208.389583,1.0,10,,scalar_first_exact
pg-hnsw,250000,1,w2_50,205,207.414958,1.0,10,,scalar_first_exact
pg-hnsw,250000,1,w2_50,720,211.170291,1.0,10,,scalar_first_exact
pg-hnsw,250000,1,w2_50,226,203.064542,1.0,10,,scalar_first_exact
pg-hnsw,250000,1,w2_50,994,210.437542,1.0,10,,scalar_first_exact
pg-hnsw,250000,1,w2_50,392,210.813541,1.0,10,,scalar_first_exact
pg-hnsw,250000,1,w2_50,543,211.839208,1.0,10,,scalar_first_exact
pg-hnsw,250000,1,w2_50,160,206.156375,1.0,10,,scalar_first_exact
pg-hnsw,250000,1,w2_50,990,209.329416,1.0,10,,scalar_first_exact
pg-hnsw,250000,1,w2_50,704,207.89475,1.0,10,,scalar_first_exact
pg-hnsw,250000,1,w2_50,290,213.362334,1.0,10,,scalar_first_exact
pg-hnsw,250000,1,w2_50,250,207.418208,1.0,10,,scalar_first_exact
pg-hnsw,250000,1,w2_50,265,205.749167,1.0,10,,scalar_first_exact
pg-hnsw,250000,1,w2_50,777,208.45925,1.0,10,,scalar_first_exact
pg-hnsw,250000,1,w2_50,526,218.682083,1.0,10,,scalar_first_exact
pg-hnsw,250000,1,w2_50,165,207.725042,1.0,10,,scalar_first_exact
pg-hnsw,250000,1,w2_50,834,209.774916,1.0,10,,scalar_first_exact
pg-hnsw,250000,1,w2_50,605,204.80675,1.0,10,,scalar_first_exact
pg-hnsw,250000,1,w2_50,859,215.001583,1.0,10,,scalar_first_exact
pg-hnsw,250000,1,w2_50,281,209.301917,1.0,10,,scalar_first_exact
pg-hnsw,250000,1,w2_50,823,209.120958,1.0,10,,scalar_first_exact
pg-hnsw,250000,1,w2_50,343,208.052292,1.0,10,,scalar_first_exact
pg-hnsw,250000,1,w2_50,554,210.658958,1.0,10,,scalar_first_exact
pg-hnsw,250000,1,w2_50,712,210.811542,1.0,10,,scalar_first_exact
pg-hnsw,250000,1,w2_50,702,219.683,1.0,10,,scalar_first_exact
pg-hnsw,250000,1,w2_50,895,207.566292,1.0,10,,scalar_first_exact
pg-hnsw,250000,1,w2_50,668,211.248417,1.0,10,,scalar_first_exact
pg-hnsw,250000,1,w2_50,938,207.32825,1.0,10,,scalar_first_exact
pg-hnsw,250000,1,w2_50,920,209.94125,1.0,10,,scalar_first_exact
pg-hnsw,250000,1,w2_50,230,210.731917,1.0,10,,scalar_first_exact
pg-hnsw,250000,1,w2_50,910,215.4485,1.0,10,,scalar_first_exact
pg-hnsw,250000,1,w2_50,629,208.252834,1.0,10,,scalar_first_exact
pg-hnsw,250000,1,w2_50,420,208.389833,1.0,10,,scalar_first_exact
pg-hnsw,250000,1,w2_50,447,213.584375,1.0,10,,scalar_first_exact
pg-hnsw,250000,1,w2_50,681,212.528208,1.0,10,,scalar_first_exact
pg-hnsw,250000,1,w2_50,415,209.074875,1.0,10,,scalar_first_exact
pg-hnsw,250000,1,w2_50,344,205.01425,1.0,10,,scalar_first_exact
pg-hnsw,250000,1,w2_50,256,212.413209,1.0,10,,scalar_first_exact
pg-hnsw,250000,1,w2_50,355,215.780666,1.0,10,,scalar_first_exact
pg-hnsw,250000,1,w2_50,441,207.080083,1.0,10,,scalar_first_exact
pg-hnsw,250000,1,w2_50,744,206.69875,1.0,10,,scalar_first_exact
pg-hnsw,250000,1,w2_50,740,204.361917,1.0,10,,scalar_first_exact
pg-hnsw,250000,1,w2_50,482,214.816458,1.0,10,,scalar_first_exact
pg-hnsw,250000,1,w2_50,310,210.0065,1.0,10,,scalar_first_exact
pg-hnsw,250000,1,w2_50,244,210.2105,1.0,10,,scalar_first_exact
pg-hnsw,250000,1,w2_50,691,206.41475,1.0,10,,scalar_first_exact
pg-hnsw,250000,1,w2_50,436,210.708125,1.0,10,,scalar_first_exact
pg-hnsw,250000,1,w2_50,469,210.726125,1.0,10,,scalar_first_exact
pg-hnsw,250000,1,w2_50,633,209.787083,1.0,10,,scalar_first_exact
pg-hnsw,250000,1,w2_50,253,208.99925,1.0,10,,scalar_first_exact
pg-hnsw,250000,1,w2_50,907,206.679834,1.0,10,,scalar_first_exact
pg-hnsw,250000,1,w2_50,325,208.307542,1.0,10,,scalar_first_exact
pg-hnsw,250000,1,w2_50,399,211.164708,1.0,10,,scalar_first_exact
pg-hnsw,250000,1,w2_50,657,209.128875,1.0,10,,scalar_first_exact
pg-hnsw,250000,1,w2_50,193,213.318584,1.0,10,,scalar_first_exact
pg-hnsw,250000,1,w2_50,209,200.99175,1.0,10,,scalar_first_exact
pg-hnsw,250000,1,w2_50,148,209.470042,1.0,10,,scalar_first_exact
pg-hnsw,250000,1,w2_50,425,209.595542,1.0,10,,scalar_first_exact
pg-hnsw,250000,1,w2_50,278,214.215042,1.0,10,,scalar_first_exact
pg-hnsw,250000,1,w2_50,973,209.737666,1.0,10,,scalar_first_exact
pg-hnsw,250000,1,w2_50,577,204.4415,1.0,10,,scalar_first_exact
pg-hnsw,250000,1,w2_50,427,208.9235,1.0,10,,scalar_first_exact
pg-hnsw,250000,1,w2_50,585,217.581,1.0,10,,scalar_first_exact
pg-hnsw,250000,1,w2_50,182,208.3215,1.0,10,,scalar_first_exact
pg-hnsw,250000,1,w2_50,664,207.878125,1.0,10,,scalar_first_exact
pg-hnsw,250000,1,w2_50,926,206.266,1.0,10,,scalar_first_exact
pg-hnsw,250000,1,w2_50,713,212.675042,1.0,10,,scalar_first_exact
pg-hnsw,250000,1,w2_50,848,210.678667,1.0,10,,scalar_first_exact
pg-hnsw,250000,1,w2_50,782,207.643459,1.0,10,,scalar_first_exact
pg-hnsw,250000,1,w2_50,989,204.514916,1.0,10,,scalar_first_exact
pg-hnsw,250000,1,w2_50,814,212.193042,1.0,10,,scalar_first_exact
pg-hnsw,250000,1,w2_50,698,209.352458,1.0,10,,scalar_first_exact
pg-hnsw,250000,1,w2_50,846,212.065208,1.0,10,,scalar_first_exact
pg-hnsw,250000,1,w2_50,967,208.5215,1.0,10,,scalar_first_exact
pg-hnsw,250000,1,w2_50,125,208.417083,1.0,10,,scalar_first_exact
pg-hnsw,250000,1,w2_50,171,206.285834,1.0,10,,scalar_first_exact
pg-hnsw,250000,1,w2_50,707,209.356167,1.0,10,,scalar_first_exact
pg-hnsw,250000,1,w2_50,217,206.640291,1.0,10,,scalar_first_exact
pg-hnsw,250000,1,w2_50,180,212.56875,1.0,10,,scalar_first_exact
pg-hnsw,250000,1,w2_50,100,204.980125,1.0,10,,scalar_first_exact
pg-hnsw,250000,1,w2_50,311,207.304417,1.0,10,,scalar_first_exact
pg-hnsw,250000,1,w2_50,144,209.86825,1.0,10,,scalar_first_exact
pg-hnsw,250000,1,w2_50,568,213.918584,1.0,10,,scalar_first_exact
pg-hnsw,250000,1,w2_50,199,204.200709,1.0,10,,scalar_first_exact
pg-hnsw,250000,1,w2_50,636,206.175375,1.0,10,,scalar_first_exact
pg-hnsw,250000,1,w2_50,400,208.180334,1.0,10,,scalar_first_exact
pg-hnsw,250000,1,w2_50,710,215.230083,1.0,10,,scalar_first_exact
pg-hnsw,250000,1,w2_50,771,209.411125,1.0,10,,scalar_first_exact
pg-hnsw,250000,1,w2_50,977,207.022209,1.0,10,,scalar_first_exact
pg-hnsw,250000,1,w2_50,238,207.100708,1.0,10,,scalar_first_exact
pg-hnsw,250000,1,w2_50,276,215.068,1.0,10,,scalar_first_exact
pg-hnsw,250000,1,w2_50,620,210.481958,1.0,10,,scalar_first_exact
pg-hnsw,250000,1,w2_50,957,210.66525,1.0,10,,scalar_first_exact
pg-hnsw,250000,1,w2_50,487,207.541041,1.0,10,,scalar_first_exact
pg-hnsw,250000,1,w2_50,583,210.966041,1.0,10,,scalar_first_exact
pg-hnsw,250000,1,w2_50,479,208.810167,1.0,10,,scalar_first_exact
pg-hnsw,250000,1,w2_50,317,211.895833,1.0,10,,scalar_first_exact
pg-hnsw,250000,1,w2_50,754,209.710458,1.0,10,,scalar_first_exact
pg-hnsw,250000,1,w2_50,531,207.233375,1.0,10,,scalar_first_exact
pg-hnsw,250000,1,w2_50,164,208.620583,1.0,10,,scalar_first_exact
pg-hnsw,250000,1,w2_50,949,209.48575,1.0,10,,scalar_first_exact
pg-hnsw,250000,1,w2_50,611,208.799667,1.0,10,,scalar_first_exact
pg-hnsw,250000,1,w2_50,347,210.314875,1.0,10,,scalar_first_exact
pg-hnsw,250000,1,w2_50,609,204.514833,1.0,10,,scalar_first_exact
pg-hnsw,250000,1,w2_50,851,211.220125,1.0,10,,scalar_first_exact
pg-hnsw,250000,1,w2_50,693,208.266292,1.0,10,,scalar_first_exact
pg-hnsw,250000,1,w2_50,524,214.7745,1.0,10,,scalar_first_exact
pg-hnsw,250000,1,w2_50,948,208.61875,1.0,10,,scalar_first_exact
pg-hnsw,250000,1,w2_50,817,206.704375,1.0,10,,scalar_first_exact
pg-hnsw,250000,1,w2_50,886,209.469625,1.0,10,,scalar_first_exact
pg-hnsw,250000,1,w2_50,932,214.320792,1.0,10,,scalar_first_exact
pg-hnsw,250000,1,w2_50,591,210.497625,1.0,10,,scalar_first_exact
pg-hnsw,250000,1,w2_50,350,205.928,1.0,10,,scalar_first_exact
pg-hnsw,250000,1,w2_50,169,212.223,1.0,10,,scalar_first_exact
pg-hnsw,250000,1,w2_50,508,215.931625,1.0,10,,scalar_first_exact
pg-hnsw,250000,1,w2_50,127,208.037417,1.0,10,,scalar_first_exact
pg-hnsw,250000,1,w2_50,146,206.797375,1.0,10,,scalar_first_exact
pg-hnsw,250000,1,w2_50,953,204.668542,1.0,10,,scalar_first_exact
pg-hnsw,250000,1,w2_50,532,211.219166,1.0,10,,scalar_first_exact
pg-hnsw,250000,1,w2_50,695,209.168458,1.0,10,,scalar_first_exact
pg-hnsw,250000,1,w2_50,369,208.560667,1.0,10,,scalar_first_exact
pg-hnsw,250000,1,w2_50,142,208.84975,1.0,10,,scalar_first_exact
pg-hnsw,250000,1,w2_50,375,209.292625,1.0,10,,scalar_first_exact
pg-hnsw,250000,1,w2_50,438,208.162292,1.0,10,,scalar_first_exact
pg-hnsw,250000,1,w2_50,596,208.075667,1.0,10,,scalar_first_exact
pg-hnsw,250000,1,w2_50,179,207.847083,1.0,10,,scalar_first_exact
pg-hnsw,250000,1,w2_50,232,211.296625,1.0,10,,scalar_first_exact
pg-hnsw,250000,1,w2_50,570,252.526583,1.0,10,,scalar_first_exact
pg-hnsw,250000,1,w2_50,201,209.714541,1.0,10,,scalar_first_exact
pg-hnsw,250000,1,w2_50,305,208.697875,1.0,10,,scalar_first_exact
pg-hnsw,250000,1,w2_50,515,224.033458,1.0,10,,scalar_first_exact
pg-hnsw,250000,1,w2_50,521,207.452291,1.0,10,,scalar_first_exact
pg-hnsw,250000,1,w2_50,841,210.183042,1.0,10,,scalar_first_exact
pg-hnsw,250000,1,w2_50,797,208.006709,1.0,10,,scalar_first_exact
pg-hnsw,250000,1,w2_50,962,215.88375,1.0,10,,scalar_first_exact
pg-hnsw,250000,1,w2_50,388,210.162833,1.0,10,,scalar_first_exact
pg-hnsw,250000,1,w2_50,318,204.453958,1.0,10,,scalar_first_exact
pg-hnsw,250000,1,w2_50,166,208.536417,1.0,10,,scalar_first_exact
pg-hnsw,250000,1,w2_50,396,212.955917,1.0,10,,scalar_first_exact
pg-hnsw,250000,1,w2_50,284,209.279667,1.0,10,,scalar_first_exact
pg-hnsw,250000,1,w2_50,665,208.287833,1.0,10,,scalar_first_exact
pg-hnsw,250000,1,w2_50,897,206.3925,1.0,10,,scalar_first_exact
pg-hnsw,250000,1,w2_50,227,214.845083,1.0,10,,scalar_first_exact
pg-hnsw,250000,1,w2_50,625,209.513375,1.0,10,,scalar_first_exact
pg-hnsw,250000,1,w2_50,321,207.36775,1.0,10,,scalar_first_exact
pg-hnsw,250000,1,w2_50,370,208.708541,1.0,10,,scalar_first_exact
pg-hnsw,250000,1,w2_50,541,210.358083,1.0,10,,scalar_first_exact
pg-hnsw,250000,1,w2_50,455,209.333125,1.0,10,,scalar_first_exact
pg-hnsw,250000,1,w2_50,105,212.724042,1.0,10,,scalar_first_exact
pg-hnsw,250000,1,w2_50,264,212.041583,1.0,10,,scalar_first_exact
pg-hnsw,250000,1,w2_50,547,209.297417,1.0,10,,scalar_first_exact
pg-hnsw,250000,1,w2_50,824,209.364166,1.0,10,,scalar_first_exact
pg-hnsw,250000,1,w2_50,498,211.367208,1.0,10,,scalar_first_exact
pg-hnsw,250000,1,w2_50,106,209.767583,1.0,10,,scalar_first_exact
pg-hnsw,250000,1,w2_50,756,213.501416,1.0,10,,scalar_first_exact
pg-hnsw,250000,1,w2_50,500,206.538792,1.0,10,,scalar_first_exact
pg-hnsw,250000,1,w2_50,545,210.225208,1.0,10,,scalar_first_exact
pg-hnsw,250000,1,w2_50,573,209.242834,1.0,10,,scalar_first_exact
pg-hnsw,250000,1,w2_50,536,214.949917,1.0,10,,scalar_first_exact
pg-hnsw,250000,1,w2_50,434,210.153583,1.0,10,,scalar_first_exact
pg-hnsw,250000,1,w2_50,885,203.335875,1.0,10,,scalar_first_exact
pg-hnsw,250000,1,w2_50,856,209.933459,1.0,10,,scalar_first_exact
pg-hnsw,250000,1,w2_50,559,213.910667,1.0,10,,scalar_first_exact
pg-hnsw,250000,1,w2_50,760,209.083792,1.0,10,,scalar_first_exact
pg-hnsw,250000,1,w2_50,113,207.182542,1.0,10,,scalar_first_exact
pg-hnsw,250000,1,w2_50,839,207.810458,1.0,10,,scalar_first_exact
pg-hnsw,250000,1,w2_50,686,214.875125,1.0,10,,scalar_first_exact
pg-hnsw,250000,1,w2_50,745,207.941542,1.0,10,,scalar_first_exact
pg-hnsw,250000,1,w2_50,158,211.372459,1.0,10,,scalar_first_exact
pg-hnsw,250000,1,w2_50,737,203.96,1.0,10,,scalar_first_exact
pg-hnsw,250000,1,w2_50,292,212.438084,1.0,10,,scalar_first_exact
pg-hnsw,250000,1,w2_50,640,212.48225,1.0,10,,scalar_first_exact
pg-hnsw,250000,1,w2_50,558,211.501625,1.0,10,,scalar_first_exact
pg-hnsw,250000,1,w2_50,426,209.395292,1.0,10,,scalar_first_exact
pg-hnsw,250000,1,w2_50,126,209.260042,1.0,10,,scalar_first_exact
pg-hnsw,250000,1,w2_50,903,207.909625,1.0,10,,scalar_first_exact
pg-hnsw,250000,1,w2_50,323,209.428041,1.0,10,,scalar_first_exact
pg-hnsw,250000,1,w2_50,503,207.575417,1.0,10,,scalar_first_exact
pg-hnsw,250000,1,w2_50,868,213.25725,1.0,10,,scalar_first_exact
pg-hnsw,250000,1,w2_50,923,204.68825,1.0,10,,scalar_first_exact
pg-hnsw,250000,1,w2_50,301,208.549292,1.0,10,,scalar_first_exact
pg-hnsw,250000,1,w2_50,931,212.0785,1.0,10,,scalar_first_exact
pg-hnsw,250000,1,w2_50,590,214.357583,1.0,10,,scalar_first_exact
pg-hnsw,250000,1,w2_50,145,207.299541,1.0,10,,scalar_first_exact
pg-hnsw,250000,1,w2_50,773,206.870417,1.0,10,,scalar_first_exact
pg-hnsw,250000,1,w2_50,919,210.218208,1.0,10,,scalar_first_exact
pg-hnsw,250000,1,w2_50,519,213.1455,1.0,10,,scalar_first_exact
pg-hnsw,250000,1,w2_50,378,210.841333,1.0,10,,scalar_first_exact
pg-hnsw,250000,1,w2_50,788,204.499833,1.0,10,,scalar_first_exact
pg-hnsw,250000,1,w2_50,119,206.722167,1.0,10,,scalar_first_exact
pg-hnsw,250000,1,w2_50,811,217.6555,1.0,10,,scalar_first_exact
pg-hnsw,250000,1,w2_50,363,206.710541,1.0,10,,scalar_first_exact
pg-hnsw,250000,1,w2_50,678,210.899125,1.0,10,,scalar_first_exact
pg-hnsw,250000,1,w2_50,465,203.580792,1.0,10,,scalar_first_exact
pg-hnsw,250000,1,w2_50,924,212.119208,1.0,10,,scalar_first_exact
pg-hnsw,250000,1,w2_50,252,207.466708,1.0,10,,scalar_first_exact
pg-hnsw,250000,1,w2_50,461,208.630125,1.0,10,,scalar_first_exact
pg-hnsw,250000,1,w2_50,241,208.9085,1.0,10,,scalar_first_exact
pg-hnsw,250000,1,w2_50,882,209.736542,1.0,10,,scalar_first_exact
pg-hnsw,250000,1,w2_50,724,209.63925,1.0,10,,scalar_first_exact
pg-hnsw,250000,1,w2_50,947,209.787625,1.0,10,,scalar_first_exact
pg-hnsw,250000,1,w2_50,613,210.349,1.0,10,,scalar_first_exact
pg-hnsw,250000,1,w2_50,162,212.042708,1.0,10,,scalar_first_exact
pg-hnsw,250000,1,w2_50,909,207.496291,1.0,10,,scalar_first_exact
pg-hnsw,250000,1,w2_50,831,210.39125,1.0,10,,scalar_first_exact
pg-hnsw,250000,1,w2_50,484,208.447,1.0,10,,scalar_first_exact
pg-hnsw,250000,1,w2_50,955,213.732708,1.0,10,,scalar_first_exact
pg-hnsw,250000,1,w2_50,229,212.768542,1.0,10,,scalar_first_exact
pg-hnsw,250000,1,w2_50,706,207.606584,1.0,10,,scalar_first_exact
pg-hnsw,250000,1,w2_50,747,210.091584,1.0,10,,scalar_first_exact
pg-hnsw,250000,1,w2_50,428,213.02575,1.0,10,,scalar_first_exact
pg-hnsw,250000,1,w2_50,805,208.96375,1.0,10,,scalar_first_exact
pg-hnsw,250000,1,w2_50,716,207.024417,1.0,10,,scalar_first_exact
pg-hnsw,250000,1,w2_50,512,210.959834,1.0,10,,scalar_first_exact
pg-hnsw,250000,1,w2_50,958,212.335541,1.0,10,,scalar_first_exact
pg-hnsw,250000,1,w2_50,495,209.554792,1.0,10,,scalar_first_exact
pg-hnsw,250000,1,w2_50,863,210.6435,1.0,10,,scalar_first_exact
pg-hnsw,250000,1,w2_50,185,205.014542,1.0,10,,scalar_first_exact
pg-hnsw,250000,1,w2_50,431,213.809625,1.0,10,,scalar_first_exact
pg-hnsw,250000,1,w2_50,566,210.769167,1.0,10,,scalar_first_exact
pg-hnsw,250000,1,w2_50,196,209.579916,1.0,10,,scalar_first_exact
pg-hnsw,250000,1,w2_50,810,207.608584,1.0,10,,scalar_first_exact
pg-hnsw,250000,1,w2_50,234,212.905375,1.0,10,,scalar_first_exact
pg-hnsw,250000,1,w2_50,599,209.121542,1.0,10,,scalar_first_exact
pg-hnsw,250000,1,w2_50,450,210.040209,1.0,10,,scalar_first_exact
pg-hnsw,250000,1,w2_50,393,207.326,1.0,10,,scalar_first_exact
pg-hnsw,250000,1,w2_50,594,211.839333,1.0,10,,scalar_first_exact
pg-hnsw,250000,1,w2_50,118,206.408,1.0,10,,scalar_first_exact
pg-hnsw,250000,1,w2_50,137,210.75,1.0,10,,scalar_first_exact
pg-hnsw,250000,1,w2_50,965,212.2695,1.0,10,,scalar_first_exact
pg-hnsw,250000,1,w2_50,751,217.957625,1.0,10,,scalar_first_exact
pg-hnsw,250000,1,w2_50,360,205.657292,1.0,10,,scalar_first_exact
pg-hnsw,250000,1,w2_50,732,210.301083,1.0,10,,scalar_first_exact
pg-hnsw,250000,1,w2_50,499,209.127708,1.0,10,,scalar_first_exact
pg-hnsw,250000,1,w2_50,120,213.437333,1.0,10,,scalar_first_exact
pg-hnsw,250000,1,w2_50,934,209.052875,1.0,10,,scalar_first_exact
pg-hnsw,250000,1,w2_50,900,206.45275,1.0,10,,scalar_first_exact
pg-hnsw,250000,1,w2_50,821,209.524375,1.0,10,,scalar_first_exact
pg-hnsw,250000,1,w2_50,677,213.5945,1.0,10,,scalar_first_exact
pg-hnsw,250000,1,w2_50,793,208.844333,1.0,10,,scalar_first_exact
pg-hnsw,250000,1,w2_50,580,209.636583,1.0,10,,scalar_first_exact
pg-hnsw,250000,1,w2_50,108,206.051041,1.0,10,,scalar_first_exact
pg-hnsw,250000,1,w2_50,453,214.350708,1.0,10,,scalar_first_exact
pg-hnsw,250000,1,w2_50,781,208.349,1.0,10,,scalar_first_exact
pg-hnsw,250000,1,w2_50,413,208.892917,1.0,10,,scalar_first_exact
pg-hnsw,250000,1,w2_50,114,208.514417,1.0,10,,scalar_first_exact
pg-hnsw,250000,1,w2_50,946,212.624167,1.0,10,,scalar_first_exact
pg-hnsw,250000,1,w2_50,212,210.236958,1.0,10,,scalar_first_exact
pg-hnsw,250000,1,w2_50,466,210.89025,1.0,10,,scalar_first_exact
pg-hnsw,250000,1,w2_50,891,209.621791,1.0,10,,scalar_first_exact
pg-hnsw,250000,1,w2_50,423,211.848167,1.0,10,,scalar_first_exact
pg-hnsw,250000,1,w2_50,340,207.73675,1.0,10,,scalar_first_exact
pg-hnsw,250000,1,w2_50,984,209.858458,1.0,10,,scalar_first_exact
pg-hnsw,250000,1,w2_50,593,207.612042,1.0,10,,scalar_first_exact
pg-hnsw,250000,1,w2_50,787,217.842875,1.0,10,,scalar_first_exact
pg-hnsw,250000,1,w2_50,404,208.917458,1.0,10,,scalar_first_exact
pg-hnsw,250000,1,w2_50,685,207.839417,1.0,10,,scalar_first_exact
pg-hnsw,250000,1,w2_50,334,209.635916,1.0,10,,scalar_first_exact
pg-hnsw,250000,1,w2_50,273,215.3055,1.0,10,,scalar_first_exact
pg-hnsw,250000,1,w2_50,567,209.560875,1.0,10,,scalar_first_exact
pg-hnsw,250000,1,w2_50,249,247.911583,1.0,10,,scalar_first_exact
pg-hnsw,250000,1,w2_50,622,213.193166,1.0,10,,scalar_first_exact
pg-hnsw,250000,1,w2_50,539,211.132375,1.0,10,,scalar_first_exact
pg-hnsw,250000,1,w2_50,963,209.69625,1.0,10,,scalar_first_exact
pg-hnsw,250000,1,w2_50,654,206.734917,1.0,10,,scalar_first_exact
pg-hnsw,250000,1,w2_50,651,205.707458,1.0,10,,scalar_first_exact
pg-hnsw,250000,1,w2_50,522,215.584042,1.0,10,,scalar_first_exact
pg-hnsw,250000,1,w2_50,402,207.957708,1.0,10,,scalar_first_exact
pg-hnsw,250000,1,w2_50,546,212.385083,1.0,10,,scalar_first_exact
pg-hnsw,250000,1,w2_50,592,206.067459,1.0,10,,scalar_first_exact
pg-hnsw,250000,1,w2_50,181,210.724458,1.0,10,,scalar_first_exact
pg-hnsw,250000,1,w2_50,353,208.988959,1.0,10,,scalar_first_exact
pg-hnsw,250000,1,w2_50,233,208.137416,1.0,10,,scalar_first_exact
pg-hnsw,250000,1,w2_50,833,208.226709,1.0,10,,scalar_first_exact
pg-hnsw,250000,1,w2_50,157,209.273791,1.0,10,,scalar_first_exact
pg-hnsw,250000,1,w2_50,755,209.131417,1.0,10,,scalar_first_exact
pg-hnsw,250000,1,w2_50,857,208.719625,1.0,10,,scalar_first_exact
pg-hnsw,250000,1,w2_50,721,207.788834,1.0,10,,scalar_first_exact
pg-hnsw,250000,1,w2_50,397,211.171458,1.0,10,,scalar_first_exact
pg-hnsw,250000,1,w2_50,574,205.510084,1.0,10,,scalar_first_exact
pg-hnsw,250000,1,w2_50,820,212.921083,1.0,10,,scalar_first_exact
pg-hnsw,250000,1,w2_50,802,209.840417,1.0,10,,scalar_first_exact
pg-hnsw,250000,1,w2_50,477,211.504791,1.0,10,,scalar_first_exact
pg-hnsw,250000,1,w2_50,409,206.533917,1.0,10,,scalar_first_exact
pg-hnsw,250000,1,w2_50,850,210.318084,1.0,10,,scalar_first_exact
pg-hnsw,250000,1,w2_50,731,212.558542,1.0,10,,scalar_first_exact
pg-hnsw,250000,1,w2_50,883,216.94175,1.0,10,,scalar_first_exact
pg-hnsw,250000,1,w2_50,192,207.45,1.0,10,,scalar_first_exact
pg-hnsw,250000,1,w2_50,653,202.353,1.0,10,,scalar_first_exact
pg-hnsw,250000,1,w2_50,319,207.973708,1.0,10,,scalar_first_exact
pg-hnsw,250000,1,w2_50,674,214.747625,1.0,10,,scalar_first_exact
pg-hnsw,250000,1,w2_50,538,210.748834,1.0,10,,scalar_first_exact
pg-hnsw,250000,1,w2_50,774,209.343042,1.0,10,,scalar_first_exact
pg-hnsw,250000,1,w2_50,638,205.953916,1.0,10,,scalar_first_exact
pg-hnsw,250000,1,w2_50,552,211.2345,1.0,10,,scalar_first_exact
pg-hnsw,250000,1,w2_50,972,211.020917,1.0,10,,scalar_first_exact
pg-hnsw,250000,1,w2_50,337,210.827375,1.0,10,,scalar_first_exact
pg-hnsw,250000,1,w2_50,563,208.769291,1.0,10,,scalar_first_exact
pg-hnsw,250000,1,w2_50,112,210.334333,1.0,10,,scalar_first_exact
pg-hnsw,250000,1,w2_50,939,209.380542,1.0,10,,scalar_first_exact
pg-hnsw,250000,1,w2_50,176,210.219,1.0,10,,scalar_first_exact
pg-hnsw,250000,1,w2_50,401,209.892791,1.0,10,,scalar_first_exact
pg-hnsw,250000,1,w2_50,680,211.471709,1.0,10,,scalar_first_exact
pg-hnsw,250000,1,w2_50,904,207.409125,1.0,10,,scalar_first_exact
pg-hnsw,250000,1,w2_50,293,209.501666,1.0,10,,scalar_first_exact
pg-hnsw,250000,1,w2_50,143,208.937042,1.0,10,,scalar_first_exact
pg-hnsw,250000,1,w2_50,935,213.613458,1.0,10,,scalar_first_exact
pg-hnsw,250000,1,w2_50,606,207.507708,1.0,10,,scalar_first_exact
pg-hnsw,250000,1,w2_50,981,208.877375,1.0,10,,scalar_first_exact
pg-hnsw,250000,1,w2_50,271,208.68625,1.0,10,,scalar_first_exact
pg-hnsw,250000,1,w2_50,221,211.581792,1.0,10,,scalar_first_exact
pg-hnsw,250000,1,w2_50,997,207.938791,1.0,10,,scalar_first_exact
pg-hnsw,250000,1,w2_50,952,206.205917,1.0,10,,scalar_first_exact
pg-hnsw,250000,1,w2_50,974,208.919,1.0,10,,scalar_first_exact
pg-hnsw,250000,1,w2_50,871,213.476209,1.0,10,,scalar_first_exact
pg-hnsw,250000,1,w2_50,623,208.164125,1.0,10,,scalar_first_exact
pg-hnsw,250000,1,w2_50,763,208.200459,1.0,10,,scalar_first_exact
pg-hnsw,250000,1,w2_50,151,206.928708,1.0,10,,scalar_first_exact
pg-hnsw,250000,1,w2_50,804,216.198833,1.0,10,,scalar_first_exact
pg-hnsw,250000,1,w2_50,602,209.928166,1.0,10,,scalar_first_exact
pg-hnsw,250000,1,w2_50,842,211.644083,1.0,10,,scalar_first_exact
pg-hnsw,250000,1,w2_50,956,209.468209,1.0,10,,scalar_first_exact
pg-hnsw,250000,1,w2_50,960,212.821333,1.0,10,,scalar_first_exact
pg-hnsw,250000,1,w2_50,513,209.3335,1.0,10,,scalar_first_exact
pg-hnsw,250000,1,w2_50,131,208.848709,1.0,10,,scalar_first_exact
pg-hnsw,250000,1,w2_50,346,209.225375,1.0,10,,scalar_first_exact
pg-hnsw,250000,1,w2_50,456,210.327916,1.0,10,,scalar_first_exact
pg-hnsw,250000,1,w2_50,527,210.876833,1.0,10,,scalar_first_exact
pg-hnsw,250000,1,w2_50,507,210.611583,1.0,10,,scalar_first_exact
pg-hnsw,250000,1,w2_50,906,209.264208,1.0,10,,scalar_first_exact
pg-hnsw,250000,1,w2_50,901,214.718084,1.0,10,,scalar_first_exact
pg-hnsw,250000,1,w2_50,214,208.385583,1.0,10,,scalar_first_exact
pg-hnsw,250000,1,w2_50,968,210.585209,1.0,10,,scalar_first_exact
pg-hnsw,250000,1,w2_50,210,208.886667,1.0,10,,scalar_first_exact
pg-hnsw,250000,1,w2_50,634,212.894333,1.0,10,,scalar_first_exact
pg-hnsw,250000,1,w2_50,537,208.517042,1.0,10,,scalar_first_exact
pg-hnsw,250000,1,w2_50,412,206.571125,1.0,10,,scalar_first_exact
pg-hnsw,250000,1,w2_50,589,209.577542,1.0,10,,scalar_first_exact
pg-hnsw,250000,1,w2_50,884,216.917458,1.0,10,,scalar_first_exact
pg-hnsw,250000,1,w2_50,656,210.421458,1.0,10,,scalar_first_exact
pg-hnsw,250000,1,w2_50,418,207.444917,1.0,10,,scalar_first_exact
pg-hnsw,250000,1,w2_50,830,207.11425,1.0,10,,scalar_first_exact
pg-hnsw,250000,1,w2_50,309,215.366333,1.0,10,,scalar_first_exact
pg-hnsw,250000,1,w2_50,829,208.207959,1.0,10,,scalar_first_exact
pg-hnsw,250000,1,w2_50,822,209.368459,1.0,10,,scalar_first_exact
pg-hnsw,250000,1,w2_50,761,207.36475,1.0,10,,scalar_first_exact
pg-hnsw,250000,1,w2_50,690,211.824125,1.0,10,,scalar_first_exact
pg-hnsw,250000,1,w2_50,618,210.309417,1.0,10,,scalar_first_exact
pg-hnsw,250000,1,w2_50,279,207.866708,1.0,10,,scalar_first_exact
pg-hnsw,250000,1,w2_50,172,212.567375,1.0,10,,scalar_first_exact
pg-hnsw,250000,1,w2_50,995,210.043042,1.0,10,,scalar_first_exact
pg-hnsw,250000,1,w2_50,111,210.188834,1.0,10,,scalar_first_exact
pg-hnsw,250000,1,w2_50,784,212.628041,1.0,10,,scalar_first_exact
pg-hnsw,250000,1,w2_50,225,208.636459,1.0,10,,scalar_first_exact
pg-hnsw,250000,1,w2_50,288,210.869292,1.0,10,,scalar_first_exact
pg-hnsw,250000,1,w2_50,658,205.696125,1.0,10,,scalar_first_exact
pg-hnsw,250000,1,w2_50,385,211.4025,1.0,10,,scalar_first_exact
pg-hnsw,250000,1,w2_50,671,208.375041,1.0,10,,scalar_first_exact
pg-hnsw,250000,1,w2_50,780,213.166625,1.0,10,,scalar_first_exact
pg-hnsw,250000,1,w2_50,669,205.423542,1.0,10,,scalar_first_exact
pg-hnsw,250000,1,w2_50,980,205.844875,1.0,10,,scalar_first_exact
pg-hnsw,250000,1,w2_50,517,208.546875,1.0,10,,scalar_first_exact
pg-hnsw,250000,1,w2_50,231,212.549458,1.0,10,,scalar_first_exact
pg-hnsw,250000,1,w2_50,655,207.902584,1.0,10,,scalar_first_exact
pg-hnsw,250000,1,w2_50,894,204.367916,1.0,10,,scalar_first_exact
pg-hnsw,250000,1,w2_50,898,207.473292,1.0,10,,scalar_first_exact
pg-hnsw,250000,1,w2_50,652,212.027458,1.0,10,,scalar_first_exact
pg-hnsw,250000,1,w2_50,689,211.365,1.0,10,,scalar_first_exact
pg-hnsw,250000,1,w2_50,993,209.318708,1.0,10,,scalar_first_exact
pg-hnsw,250000,1,w2_50,985,205.435958,1.0,10,,scalar_first_exact
pg-hnsw,250000,1,w2_50,798,211.457,1.0,10,,scalar_first_exact
pg-hnsw,250000,1,w2_50,530,213.024333,1.0,10,,scalar_first_exact
pg-hnsw,250000,1,w2_50,156,209.936917,1.0,10,,scalar_first_exact
pg-hnsw,250000,1,w2_50,770,210.256208,1.0,10,,scalar_first_exact
pg-hnsw,250000,1,w2_50,130,209.759125,1.0,10,,scalar_first_exact
pg-hnsw,250000,1,w2_50,294,211.050709,1.0,10,,scalar_first_exact
pg-hnsw,250000,1,w2_50,621,208.3955,1.0,10,,scalar_first_exact
pg-hnsw,250000,1,w2_50,597,209.735375,1.0,10,,scalar_first_exact
pg-hnsw,250000,1,w2_50,940,216.748875,1.0,10,,scalar_first_exact
pg-hnsw,250000,1,w2_50,711,204.239083,1.0,10,,scalar_first_exact
pg-hnsw,250000,1,w2_50,557,207.960375,1.0,10,,scalar_first_exact
pg-hnsw,250000,1,w2_50,826,208.106917,1.0,10,,scalar_first_exact
pg-hnsw,250000,1,w2_50,452,215.312833,1.0,10,,scalar_first_exact
pg-hnsw,250000,1,w2_50,945,205.164125,1.0,10,,scalar_first_exact
pg-hnsw,250000,1,w2_50,386,206.987125,1.0,10,,scalar_first_exact
pg-hnsw,250000,1,w2_50,749,208.726042,1.0,10,,scalar_first_exact
pg-hnsw,250000,1,w2_50,675,213.1325,1.0,10,,scalar_first_exact
pg-hnsw,250000,1,w2_50,762,207.617125,1.0,10,,scalar_first_exact
pg-hnsw,250000,1,w2_50,197,206.068,1.0,10,,scalar_first_exact
pg-hnsw,250000,1,w2_50,587,207.230792,1.0,10,,scalar_first_exact
pg-hnsw,250000,1,w2_50,299,213.068709,1.0,10,,scalar_first_exact
pg-hnsw,250000,1,w2_50,769,212.915666,1.0,10,,scalar_first_exact
pg-hnsw,250000,1,w2_50,569,210.408084,1.0,10,,scalar_first_exact
pg-hnsw,250000,1,w2_50,437,217.749208,1.0,10,,scalar_first_exact
pg-hnsw,250000,1,w2_50,416,213.564584,1.0,10,,scalar_first_exact
pg-hnsw,250000,1,w2_50,778,210.154958,1.0,10,,scalar_first_exact
pg-hnsw,250000,1,w2_50,844,207.766958,1.0,10,,scalar_first_exact
pg-hnsw,250000,1,w2_50,407,209.404167,1.0,10,,scalar_first_exact
pg-hnsw,250000,1,w2_50,578,207.826333,1.0,10,,scalar_first_exact
pg-hnsw,250000,1,w2_50,913,209.484875,1.0,10,,scalar_first_exact
pg-hnsw,250000,1,w2_50,333,207.31175,1.0,10,,scalar_first_exact
pg-hnsw,250000,1,w2_50,326,212.9535,1.0,10,,scalar_first_exact
pg-hnsw,250000,1,w2_50,216,214.736041,1.0,10,,scalar_first_exact
pg-hnsw,250000,1,w2_50,865,211.3155,1.0,10,,scalar_first_exact
pg-hnsw,250000,1,w2_50,432,212.029833,1.0,10,,scalar_first_exact
pg-hnsw,250000,1,w2_50,548,208.144666,1.0,10,,scalar_first_exact
pg-hnsw,250000,1,w2_50,435,213.526292,1.0,10,,scalar_first_exact
pg-hnsw,250000,1,w2_50,528,206.632208,1.0,10,,scalar_first_exact
pg-hnsw,250000,1,w2_50,150,207.418458,1.0,10,,scalar_first_exact
pg-hnsw,250000,1,w2_50,373,211.0945,1.0,10,,scalar_first_exact
pg-hnsw,250000,1,w2_50,485,213.278791,1.0,10,,scalar_first_exact
pg-hnsw,250000,1,w2_50,544,210.087417,1.0,10,,scalar_first_exact
pg-hnsw,250000,1,w2_50,298,207.168917,1.0,10,,scalar_first_exact
pg-hnsw,250000,1,w2_50,672,250.505083,1.0,10,,scalar_first_exact
pg-hnsw,250000,1,w2_50,110,218.029917,1.0,10,,scalar_first_exact
pg-hnsw,250000,1,w2_50,887,210.573625,1.0,10,,scalar_first_exact
pg-hnsw,250000,1,w2_50,614,209.032291,1.0,10,,scalar_first_exact
pg-hnsw,250000,1,w2_50,759,208.805209,1.0,10,,scalar_first_exact
pg-hnsw,250000,1,w2_50,937,212.460958,1.0,10,,scalar_first_exact
pg-hnsw,250000,1,w2_50,837,210.633584,1.0,10,,scalar_first_exact
pg-hnsw,250000,1,w2_50,944,210.647583,1.0,10,,scalar_first_exact
pg-hnsw,250000,1,w2_50,410,205.161,1.0,10,,scalar_first_exact
pg-hnsw,250000,1,w2_50,149,214.637167,1.0,10,,scalar_first_exact
pg-hnsw,250000,1,w2_50,679,215.081292,1.0,10,,scalar_first_exact
pg-hnsw,250000,1,w2_50,719,207.23775,1.0,10,,scalar_first_exact
pg-hnsw,250000,1,w2_50,970,211.210667,1.0,10,,scalar_first_exact
pg-hnsw,250000,1,w2_50,783,209.531708,1.0,10,,scalar_first_exact
pg-hnsw,250000,1,w2_50,571,209.166333,1.0,10,,scalar_first_exact
pg-hnsw,250000,1,w2_50,330,211.042,1.0,10,,scalar_first_exact
pg-hnsw,250000,1,w2_50,488,212.759791,1.0,10,,scalar_first_exact
pg-hnsw,250000,1,w2_50,444,212.921,1.0,10,,scalar_first_exact
pg-hnsw,250000,1,w2_50,267,205.234417,1.0,10,,scalar_first_exact
pg-hnsw,250000,1,w2_50,277,208.646584,1.0,10,,scalar_first_exact
pg-hnsw,250000,1,w2_50,493,209.870167,1.0,10,,scalar_first_exact
pg-hnsw,250000,1,w2_50,107,214.551917,1.0,10,,scalar_first_exact
pg-hnsw,250000,1,w2_50,860,208.262708,1.0,10,,scalar_first_exact
pg-hnsw,250000,1,w2_50,976,208.60675,1.0,10,,scalar_first_exact
pg-hnsw,250000,1,w2_50,341,209.056917,1.0,10,,scalar_first_exact
pg-hnsw,250000,1,w2_50,866,215.124125,1.0,10,,scalar_first_exact
pg-hnsw,250000,1,w2_50,491,208.536042,1.0,10,,scalar_first_exact
pg-hnsw,250000,1,w2_50,540,206.68425,1.0,10,,scalar_first_exact
pg-hnsw,250000,1,w2_50,194,207.393333,1.0,10,,scalar_first_exact
pg-hnsw,250000,1,w2_50,790,214.370875,1.0,10,,scalar_first_exact
pg-hnsw,250000,1,w2_50,121,208.197208,1.0,10,,scalar_first_exact
pg-hnsw,250000,1,w2_50,374,212.217875,1.0,10,,scalar_first_exact
pg-hnsw,250000,1,w2_50,772,207.519125,1.0,10,,scalar_first_exact
pg-hnsw,250000,1,w2_50,564,213.627208,1.0,10,,scalar_first_exact
pg-hnsw,250000,1,w2_50,366,209.939792,1.0,10,,scalar_first_exact
pg-hnsw,250000,1,w2_50,551,210.692333,1.0,10,,scalar_first_exact
pg-hnsw,250000,1,w2_50,556,209.443875,1.0,10,,scalar_first_exact
pg-hnsw,250000,1,w2_50,361,211.420542,1.0,10,,scalar_first_exact
pg-hnsw,250000,1,w2_50,306,210.8275,1.0,10,,scalar_first_exact
pg-hnsw,250000,1,w2_50,242,211.156708,1.0,10,,scalar_first_exact
pg-hnsw,250000,1,w2_50,430,209.131291,1.0,10,,scalar_first_exact
pg-hnsw,250000,1,w2_50,177,210.931375,1.0,10,,scalar_first_exact
pg-hnsw,250000,1,w2_50,663,204.823416,1.0,10,,scalar_first_exact
pg-hnsw,250000,1,w2_50,733,208.801791,1.0,10,,scalar_first_exact
pg-hnsw,250000,1,w2_50,799,212.042875,1.0,10,,scalar_first_exact
pg-hnsw,250000,1,w2_50,342,215.669709,1.0,10,,scalar_first_exact
pg-hnsw,250000,1,w2_50,472,205.46675,1.0,10,,scalar_first_exact
pg-hnsw,250000,1,w2_50,746,206.969333,1.0,10,,scalar_first_exact
pg-hnsw,250000,1,w2_50,122,207.467666,1.0,10,,scalar_first_exact
pg-hnsw,250000,1,w2_50,921,211.555875,1.0,10,,scalar_first_exact
pg-hnsw,250000,1,w2_50,443,210.286125,1.0,10,,scalar_first_exact
pg-hnsw,250000,1,w2_50,411,207.733958,1.0,10,,scalar_first_exact
pg-hnsw,250000,1,w2_50,828,209.057334,1.0,10,,scalar_first_exact
pg-hnsw,250000,1,w2_50,246,213.009583,1.0,10,,scalar_first_exact
pg-hnsw,250000,1,w2_50,905,213.986375,1.0,10,,scalar_first_exact
pg-hnsw,250000,1,w2_50,261,208.814791,1.0,10,,scalar_first_exact
pg-hnsw,250000,1,w2_50,673,204.563167,1.0,10,,scalar_first_exact
pg-hnsw,250000,1,w2_50,954,215.34475,1.0,10,,scalar_first_exact
pg-hnsw,250000,1,w2_50,979,208.020417,1.0,10,,scalar_first_exact
pg-hnsw,250000,1,w2_50,476,208.716334,1.0,10,,scalar_first_exact
pg-hnsw,250000,1,w2_50,159,210.080208,1.0,10,,scalar_first_exact
pg-hnsw,250000,1,w2_50,405,211.177917,1.0,10,,scalar_first_exact
pg-hnsw,250000,1,w2_50,650,207.51625,1.0,10,,scalar_first_exact
pg-hnsw,250000,1,w2_50,504,214.116958,1.0,10,,scalar_first_exact
pg-hnsw,250000,1,w2_50,389,209.164209,1.0,10,,scalar_first_exact
pg-hnsw,250000,1,w2_50,889,210.218542,1.0,10,,scalar_first_exact
pg-hnsw,250000,1,w2_50,424,207.369167,1.0,10,,scalar_first_exact
pg-hnsw,250000,1,w2_50,645,208.234292,1.0,10,,scalar_first_exact
pg-hnsw,250000,1,w2_50,809,207.762,1.0,10,,scalar_first_exact
pg-hnsw,250000,1,w2_50,439,212.717625,1.0,10,,scalar_first_exact
pg-hnsw,250000,1,w2_50,371,204.671291,1.0,10,,scalar_first_exact
pg-hnsw,250000,1,w2_50,757,208.823375,1.0,10,,scalar_first_exact
pg-hnsw,250000,1,w2_50,750,208.952,1.0,10,,scalar_first_exact
pg-hnsw,250000,1,w2_50,203,214.717,1.0,10,,scalar_first_exact
pg-hnsw,250000,1,w2_50,509,208.834583,1.0,10,,scalar_first_exact
pg-hnsw,250000,1,w2_50,520,205.984792,1.0,10,,scalar_first_exact
pg-hnsw,250000,1,w2_50,703,209.33625,1.0,10,,scalar_first_exact
pg-hnsw,250000,1,w2_50,914,214.097291,1.0,10,,scalar_first_exact
pg-hnsw,250000,1,w2_50,896,207.398041,1.0,10,,scalar_first_exact
pg-hnsw,250000,1,w2_50,218,207.485125,1.0,10,,scalar_first_exact
pg-hnsw,250000,1,w2_50,964,205.028583,1.0,10,,scalar_first_exact
pg-hnsw,250000,1,w2_50,942,212.633667,1.0,10,,scalar_first_exact
pg-hnsw,250000,1,w2_50,873,208.8815,1.0,10,,scalar_first_exact
pg-hnsw,250000,1,w2_50,283,214.7055,1.0,10,,scalar_first_exact
pg-hnsw,250000,1,w2_50,607,207.242375,1.0,10,,scalar_first_exact
pg-hnsw,250000,1,w2_50,518,210.423042,1.0,10,,scalar_first_exact
pg-hnsw,250000,1,w2_50,600,211.299542,1.0,10,,scalar_first_exact
pg-hnsw,250000,1,w2_50,101,210.498,1.0,10,,scalar_first_exact
pg-hnsw,250000,1,w2_50,501,208.129917,1.0,10,,scalar_first_exact
pg-hnsw,250000,1,w2_50,467,210.209417,1.0,10,,scalar_first_exact
pg-hnsw,250000,1,w2_50,553,206.485625,1.0,10,,scalar_first_exact
pg-hnsw,250000,1,w2_50,775,209.03325,1.0,10,,scalar_first_exact
pg-hnsw,250000,1,w2_50,626,211.269833,1.0,10,,scalar_first_exact
pg-hnsw,250000,1,w2_50,124,214.601375,1.0,10,,scalar_first_exact
pg-hnsw,250000,1,w2_50,403,205.901375,1.0,10,,scalar_first_exact
pg-hnsw,250000,1,w2_50,380,210.2395,1.0,10,,scalar_first_exact
pg-hnsw,250000,1,w2_50,207,210.094166,1.0,10,,scalar_first_exact
pg-hnsw,250000,1,w2_50,789,214.311541,1.0,10,,scalar_first_exact
pg-hnsw,250000,1,w2_50,717,209.118,1.0,10,,scalar_first_exact
pg-hnsw,250000,1,w2_50,300,205.661417,1.0,10,,scalar_first_exact
pg-hnsw,250000,1,w2_50,266,209.80975,1.0,10,,scalar_first_exact
pg-hnsw,250000,1,w2_50,204,211.185208,1.0,10,,scalar_first_exact
pg-hnsw,250000,1,w2_50,738,210.182,1.0,10,,scalar_first_exact
pg-hnsw,250000,1,w2_50,153,206.504084,1.0,10,,scalar_first_exact
pg-hnsw,250000,1,w2_50,379,205.494542,1.0,10,,scalar_first_exact
pg-hnsw,250000,1,w2_50,275,214.27125,1.0,10,,scalar_first_exact
pg-hnsw,250000,1,w2_50,603,210.819333,1.0,10,,scalar_first_exact
pg-hnsw,250000,1,w2_50,697,209.172833,1.0,10,,scalar_first_exact
pg-hnsw,250000,1,w2_50,925,206.463042,1.0,10,,scalar_first_exact
pg-hnsw,250000,1,w2_50,998,213.302667,1.0,10,,scalar_first_exact
pg-hnsw,250000,1,w2_50,628,212.67325,1.0,10,,scalar_first_exact
pg-hnsw,250000,1,w2_50,140,209.831917,1.0,10,,scalar_first_exact
pg-hnsw,250000,1,w2_50,481,210.706833,1.0,10,,scalar_first_exact
pg-hnsw,250000,1,w2_50,893,210.148083,1.0,10,,scalar_first_exact
pg-hnsw,250000,1,w2_50,494,210.795958,1.0,10,,scalar_first_exact
pg-hnsw,250000,1,w2_50,854,209.615459,1.0,10,,scalar_first_exact
pg-hnsw,250000,1,w2_50,339,210.361083,1.0,10,,scalar_first_exact
pg-hnsw,250000,1,w2_50,429,210.737375,1.0,10,,scalar_first_exact
pg-hnsw,250000,1,w2_50,899,204.647834,1.0,10,,scalar_first_exact
pg-hnsw,250000,1,w2_50,971,207.162167,1.0,10,,scalar_first_exact
pg-hnsw,250000,1,w2_50,296,209.269833,1.0,10,,scalar_first_exact
pg-hnsw,250000,1,w2_50,262,215.004958,1.0,10,,scalar_first_exact
pg-hnsw,250000,1,w2_50,643,208.240375,1.0,10,,scalar_first_exact
pg-hnsw,250000,1,w2_50,191,206.597,1.0,10,,scalar_first_exact
pg-hnsw,250000,1,w2_50,445,208.082042,1.0,10,,scalar_first_exact
pg-hnsw,250000,1,w2_50,728,214.1565,1.0,10,,scalar_first_exact
pg-hnsw,250000,1,w2_50,471,207.233417,1.0,10,,scalar_first_exact
pg-hnsw,250000,1,w2_50,302,207.961,1.0,10,,scalar_first_exact
pg-hnsw,250000,1,w2_50,986,207.034875,1.0,10,,scalar_first_exact
pg-hnsw,250000,1,w2_50,320,214.14425,1.0,10,,scalar_first_exact
pg-hnsw,250000,1,w2_50,220,210.66975,1.0,10,,scalar_first_exact
pg-hnsw,250000,1,w2_50,699,209.863542,1.0,10,,scalar_first_exact
pg-hnsw,250000,1,w2_50,502,208.376667,1.0,10,,scalar_first_exact
pg-hnsw,250000,1,w2_50,816,212.786625,1.0,10,,scalar_first_exact
pg-hnsw,250000,1,w2_50,352,209.659125,1.0,10,,scalar_first_exact
pg-hnsw,250000,1,w2_50,727,208.343666,1.0,10,,scalar_first_exact
pg-hnsw,250000,1,w2_50,700,209.327291,1.0,10,,scalar_first_exact
pg-hnsw,250000,1,w2_50,454,208.729542,1.0,10,,scalar_first_exact
pg-hnsw,250000,1,w2_50,723,210.478916,1.0,10,,scalar_first_exact
pg-hnsw,250000,1,w2_50,875,208.545458,1.0,10,,scalar_first_exact
pg-hnsw,250000,1,w2_50,581,210.805167,1.0,10,,scalar_first_exact
pg-hnsw,250000,1,w2_50,128,214.917667,1.0,10,,scalar_first_exact
pg-hnsw,250000,1,w2_50,582,205.90825,1.0,10,,scalar_first_exact
pg-hnsw,250000,1,w2_50,174,211.670541,1.0,10,,scalar_first_exact
pg-hnsw,250000,1,w2_50,170,208.3125,1.0,10,,scalar_first_exact
pg-hnsw,250000,1,w2_50,236,217.189125,1.0,10,,scalar_first_exact
pg-hnsw,250000,1,w2_50,813,204.27225,1.0,10,,scalar_first_exact
pg-hnsw,250000,1,w2_50,486,207.568917,1.0,10,,scalar_first_exact
pg-hnsw,250000,1,w2_50,718,209.023625,1.0,10,,scalar_first_exact
pg-hnsw,250000,1,w2_50,951,214.286125,1.0,10,,scalar_first_exact
pg-hnsw,250000,1,w2_50,631,210.807416,1.0,10,,scalar_first_exact
pg-hnsw,250000,1,w2_50,555,204.116667,1.0,10,,scalar_first_exact
pg-hnsw,250000,1,w2_50,928,208.592625,1.0,10,,scalar_first_exact
pg-hnsw,250000,1,w2_50,644,214.653542,1.0,10,,scalar_first_exact
pg-hnsw,250000,1,w2_50,741,208.910208,1.0,10,,scalar_first_exact
pg-hnsw,250000,1,w2_50,104,210.286208,1.0,10,,scalar_first_exact
pg-hnsw,250000,1,w2_50,619,207.639292,1.0,10,,scalar_first_exact
pg-hnsw,250000,1,w2_50,198,213.156958,1.0,10,,scalar_first_exact
pg-hnsw,250000,1,w2_50,202,208.576041,1.0,10,,scalar_first_exact
pg-hnsw,250000,1,w2_50,768,210.207667,1.0,10,,scalar_first_exact
pg-hnsw,250000,1,w2_50,470,207.288334,1.0,10,,scalar_first_exact
pg-hnsw,250000,1,w2_50,575,207.792708,1.0,10,,scalar_first_exact
pg-hnsw,250000,1,w2_50,255,207.478667,1.0,10,,scalar_first_exact
pg-hnsw,250000,1,w2_50,959,206.438417,1.0,10,,scalar_first_exact
pg-hnsw,250000,1,w2_50,966,210.668333,1.0,10,,scalar_first_exact
pg-hnsw,250000,1,w2_50,377,210.347334,1.0,10,,scalar_first_exact
pg-hnsw,250000,1,w2_50,497,205.859166,1.0,10,,scalar_first_exact
pg-hnsw,250000,1,w2_50,357,209.659459,1.0,10,,scalar_first_exact
pg-hnsw,250000,1,w2_50,315,208.995042,1.0,10,,scalar_first_exact
pg-hnsw,250000,1,w2_50,670,213.263458,1.0,10,,scalar_first_exact
pg-hnsw,250000,1,w2_50,807,205.395,1.0,10,,scalar_first_exact
pg-hnsw,250000,1,w2_50,862,207.062458,1.0,10,,scalar_first_exact
pg-hnsw,250000,1,w2_50,406,209.496209,1.0,10,,scalar_first_exact
pg-hnsw,250000,1,w2_50,843,212.782125,1.0,10,,scalar_first_exact
pg-hnsw,250000,1,w2_50,792,208.958292,1.0,10,,scalar_first_exact
pg-hnsw,250000,1,w2_50,641,203.746291,1.0,10,,scalar_first_exact
pg-hnsw,250000,1,w2_50,876,210.251167,1.0,10,,scalar_first_exact
pg-hnsw,250000,1,w2_50,304,216.909958,1.0,10,,scalar_first_exact
pg-hnsw,250000,1,w2_50,624,210.505084,1.0,10,,scalar_first_exact
pg-hnsw,250000,1,w2_50,351,209.100166,1.0,10,,scalar_first_exact
pg-hnsw,250000,1,w2_50,983,204.692542,1.0,10,,scalar_first_exact
pg-hnsw,250000,1,w2_50,268,214.078708,1.0,10,,scalar_first_exact
pg-hnsw,250000,1,w2_50,358,209.573583,1.0,10,,scalar_first_exact
pg-hnsw,250000,1,w2_50,943,206.352459,1.0,10,,scalar_first_exact
pg-hnsw,250000,1,w2_50,324,205.5895,1.0,10,,scalar_first_exact
pg-hnsw,250000,1,w2_50,383,209.641959,1.0,10,,scalar_first_exact
pg-hnsw,250000,1,w2_50,463,207.616084,1.0,10,,scalar_first_exact
pg-hnsw,250000,1,w2_50,345,209.709917,1.0,10,,scalar_first_exact
pg-hnsw,250000,1,w2_50,222,213.910458,1.0,10,,scalar_first_exact
pg-hnsw,250000,1,w2_50,489,210.963375,1.0,10,,scalar_first_exact
pg-hnsw,250000,1,w2_50,767,208.369834,1.0,10,,scalar_first_exact
pg-hnsw,250000,1,w2_50,908,214.315166,1.0,10,,scalar_first_exact
pg-hnsw,250000,1,w2_50,562,210.284708,1.0,10,,scalar_first_exact
pg-hnsw,250000,1,w2_50,451,217.1105,1.0,10,,scalar_first_exact
pg-hnsw,250000,1,w2_50,135,205.042625,1.0,10,,scalar_first_exact
pg-hnsw,250000,1,w2_50,800,210.250416,1.0,10,,scalar_first_exact
pg-hnsw,250000,1,w2_50,188,211.032125,1.0,10,,scalar_first_exact
pg-hnsw,250000,1,w2_50,312,215.133541,1.0,10,,scalar_first_exact
pg-hnsw,250000,1,w2_50,867,209.060959,1.0,10,,scalar_first_exact
pg-hnsw,250000,1,w2_50,709,204.633209,1.0,10,,scalar_first_exact
pg-hnsw,250000,1,w2_50,272,208.135542,1.0,10,,scalar_first_exact
pg-hnsw,250000,1,w2_50,877,214.644167,1.0,10,,scalar_first_exact
pg-hnsw,250000,1,w2_50,139,207.095667,1.0,10,,scalar_first_exact
pg-hnsw,250000,1,w2_50,327,207.98225,1.0,10,,scalar_first_exact
pg-hnsw,250000,1,w2_50,941,208.094792,1.0,10,,scalar_first_exact
pg-hnsw,250000,1,w2_50,765,214.011834,1.0,10,,scalar_first_exact
pg-hnsw,250000,1,w2_50,248,208.575166,1.0,10,,scalar_first_exact
pg-hnsw,250000,1,w2_50,855,206.52175,1.0,10,,scalar_first_exact
pg-hnsw,250000,1,w2_50,838,208.03325,1.0,10,,scalar_first_exact
pg-hnsw,250000,1,w2_50,617,211.508333,1.0,10,,scalar_first_exact
pg-hnsw,250000,1,w2_50,468,209.771584,1.0,10,,scalar_first_exact
pg-hnsw,250000,1,w2_50,243,209.663708,1.0,10,,scalar_first_exact
pg-hnsw,250000,1,w2_50,927,208.513791,1.0,10,,scalar_first_exact
pg-hnsw,250000,1,w2_50,338,211.762792,1.0,10,,scalar_first_exact
pg-hnsw,250000,1,w2_50,845,210.529667,1.0,10,,scalar_first_exact
pg-hnsw,250000,1,w2_50,525,209.604,1.0,10,,scalar_first_exact
pg-hnsw,250000,1,w2_50,879,208.192084,1.0,10,,scalar_first_exact
pg-hnsw,250000,1,w2_50,588,215.036625,1.0,10,,scalar_first_exact
pg-hnsw,250000,1,w2_50,506,209.559208,1.0,10,,scalar_first_exact
pg-hnsw,250000,1,w2_50,258,210.507167,1.0,10,,scalar_first_exact
pg-hnsw,250000,1,w2_50,274,209.70975,1.0,10,,scalar_first_exact
pg-hnsw,250000,1,w2_50,550,215.258208,1.0,10,,scalar_first_exact
pg-hnsw,250000,1,w2_50,608,208.136583,1.0,10,,scalar_first_exact
pg-hnsw,250000,1,w2_50,254,207.6755,1.0,10,,scalar_first_exact
pg-hnsw,250000,1,w2_50,458,209.140583,1.0,10,,scalar_first_exact
pg-hnsw,250000,1,w2_50,646,214.91525,1.0,10,,scalar_first_exact
pg-hnsw,250000,1,w2_50,714,209.523584,1.0,10,,scalar_first_exact
pg-hnsw,250000,1,w2_50,168,208.220042,1.0,10,,scalar_first_exact
pg-hnsw,250000,1,w2_50,533,209.095791,1.0,10,,scalar_first_exact
pg-hnsw,250000,1,w2_50,912,215.100542,1.0,10,,scalar_first_exact
pg-hnsw,250000,1,w2_50,414,210.370917,1.0,10,,scalar_first_exact
pg-hnsw,250000,1,w2_50,832,209.269,1.0,10,,scalar_first_exact
pg-hnsw,250000,1,w2_50,187,204.237416,1.0,10,,scalar_first_exact
pg-hnsw,250000,1,w2_50,237,212.960625,1.0,10,,scalar_first_exact
pg-hnsw,250000,1,w2_50,190,208.482667,1.0,10,,scalar_first_exact
pg-hnsw,250000,1,w2_50,103,210.452125,1.0,10,,scalar_first_exact
pg-hnsw,250000,1,w2_50,861,209.529084,1.0,10,,scalar_first_exact
pg-hnsw,250000,1,w2_50,922,214.899208,1.0,10,,scalar_first_exact
pg-hnsw,250000,1,w2_50,219,210.881042,1.0,10,,scalar_first_exact
pg-hnsw,250000,1,w2_50,474,210.540792,1.0,10,,scalar_first_exact
pg-hnsw,250000,1,w2_50,328,211.4885,1.0,10,,scalar_first_exact
pg-hnsw,250000,1,w2_50,835,221.435875,1.0,10,,scalar_first_exact
pg-hnsw,250000,1,w2_50,542,207.334708,1.0,10,,scalar_first_exact
pg-hnsw,250000,1,w2_50,136,209.030041,1.0,10,,scalar_first_exact
pg-hnsw,250000,1,w2_50,514,209.193208,1.0,10,,scalar_first_exact
pg-hnsw,250000,1,w2_50,307,213.35575,1.0,10,,scalar_first_exact
pg-hnsw,250000,1,w2_50,287,242.72375,1.0,10,,scalar_first_exact
pg-hnsw,250000,1,w2_50,601,216.834666,1.0,10,,scalar_first_exact
pg-hnsw,250000,1,w2_50,917,216.75325,1.0,10,,scalar_first_exact
pg-hnsw,250000,1,w2_50,616,212.346375,1.0,10,,scalar_first_exact
pg-hnsw,250000,1,w2_50,313,213.597333,1.0,10,,scalar_first_exact
pg-hnsw,250000,1,w2_50,322,204.119542,1.0,10,,scalar_first_exact
pg-hnsw,250000,1,w2_50,806,210.765833,1.0,10,,scalar_first_exact
pg-hnsw,250000,1,w2_50,529,212.5095,1.0,10,,scalar_first_exact
pg-hnsw,250000,1,w2_50,991,207.187583,1.0,10,,scalar_first_exact
pg-hnsw,250000,1,w2_50,683,206.629041,1.0,10,,scalar_first_exact
pg-hnsw,250000,1,w2_50,259,204.460542,1.0,10,,scalar_first_exact
pg-hnsw,250000,1,w2_50,480,212.591125,1.0,10,,scalar_first_exact
pg-hnsw,250000,1,w2_50,464,209.403209,1.0,10,,scalar_first_exact
pg-hnsw,250000,1,w2_50,786,211.35525,1.0,10,,scalar_first_exact
pg-hnsw,250000,1,w2_50,297,203.437708,1.0,10,,scalar_first_exact
pg-hnsw,250000,1,w2_50,462,211.892708,1.0,10,,scalar_first_exact
pg-hnsw,250000,1,w2_50,825,207.601834,1.0,10,,scalar_first_exact
pg-hnsw,250000,1,w2_50,239,211.553667,1.0,10,,scalar_first_exact
pg-hnsw,250000,1,w2_50,457,208.902292,1.0,10,,scalar_first_exact
pg-hnsw,250000,1,w2_50,595,210.432167,1.0,10,,scalar_first_exact
pg-hnsw,250000,1,w2_50,175,209.440667,1.0,10,,scalar_first_exact
pg-hnsw,250000,1,w2_50,647,210.830708,1.0,10,,scalar_first_exact
pg-hnsw,250000,1,w2_50,228,211.291125,1.0,10,,scalar_first_exact
pg-hnsw,250000,1,w2_50,632,213.632917,1.0,10,,scalar_first_exact
pg-hnsw,250000,1,w2_50,356,204.555291,1.0,10,,scalar_first_exact
pg-hnsw,250000,1,w2_50,858,209.969708,1.0,10,,scalar_first_exact
pg-hnsw,250000,1,w2_50,987,208.264834,1.0,10,,scalar_first_exact
pg-hnsw,250000,1,w2_50,560,213.483417,1.0,10,,scalar_first_exact
pg-hnsw,250000,1,w2_50,576,205.97075,1.0,10,,scalar_first_exact
pg-hnsw,250000,1,w2_50,996,208.367417,1.0,10,,scalar_first_exact
pg-hnsw,250000,1,w2_50,758,210.818833,1.0,10,,scalar_first_exact
pg-hnsw,250000,1,w2_50,565,211.650958,1.0,10,,scalar_first_exact
pg-hnsw,250000,1,w2_50,815,207.867875,1.0,10,,scalar_first_exact
pg-hnsw,250000,1,w2_50,138,205.371625,1.0,10,,scalar_first_exact
pg-hnsw,250000,1,w2_50,178,203.85725,1.0,10,,scalar_first_exact
pg-hnsw,250000,1,w2_50,992,212.367792,1.0,10,,scalar_first_exact
pg-hnsw,250000,1,w2_50,853,207.12825,1.0,10,,scalar_first_exact
pg-hnsw,250000,1,w2_50,549,207.256083,1.0,10,,scalar_first_exact
pg-hnsw,250000,1,w2_50,440,207.076375,1.0,10,,scalar_first_exact
pg-hnsw,250000,1,w2_50,117,214.973792,1.0,10,,scalar_first_exact
pg-hnsw,250000,1,w2_50,794,213.236,1.0,10,,scalar_first_exact
pg-hnsw,250000,1,w2_50,888,208.159,1.0,10,,scalar_first_exact
pg-hnsw,250000,1,w2_50,864,209.359,1.0,10,,scalar_first_exact
pg-hnsw,250000,1,w2_50,523,206.822541,1.0,10,,scalar_first_exact
pg-hnsw,250000,1,w2_50,368,209.05075,1.0,10,,scalar_first_exact
pg-hnsw,250000,1,w2_50,285,207.742458,1.0,10,,scalar_first_exact
pg-hnsw,250000,1,w2_50,642,209.763667,1.0,10,,scalar_first_exact
pg-hnsw,250000,1,w2_50,421,214.186125,1.0,10,,scalar_first_exact
pg-hnsw,250000,1,w2_50,348,204.550916,1.0,10,,scalar_first_exact
pg-hnsw,250000,1,w2_50,260,209.9515,1.0,10,,scalar_first_exact
pg-hnsw,250000,1,w2_50,785,214.600792,1.0,10,,scalar_first_exact
pg-hnsw,250000,1,w2_50,200,212.568291,1.0,10,,scalar_first_exact
pg-hnsw,250000,1,w2_50,395,204.408083,1.0,10,,scalar_first_exact
pg-hnsw,250000,1,w2_50,975,205.579375,1.0,10,,scalar_first_exact
pg-hnsw,250000,1,w2_50,505,208.997,1.0,10,,scalar_first_exact
pg-hnsw,250000,1,w2_50,881,216.636959,1.0,10,,scalar_first_exact
pg-hnsw,250000,1,w2_50,510,209.589,1.0,10,,scalar_first_exact
pg-hnsw,250000,1,w2_50,612,209.215541,1.0,10,,scalar_first_exact
pg-hnsw,250000,1,w2_50,730,209.418541,1.0,10,,scalar_first_exact
pg-hnsw,250000,1,w2_50,349,214.942208,1.0,10,,scalar_first_exact
pg-hnsw,250000,1,w2_50,215,208.048583,1.0,10,,scalar_first_exact
pg-hnsw,250000,1,w2_50,492,211.511083,1.0,10,,scalar_first_exact
pg-hnsw,250000,1,w2_50,682,205.323875,1.0,10,,scalar_first_exact
pg-hnsw,250000,1,w2_50,295,213.617542,1.0,10,,scalar_first_exact
pg-hnsw,250000,1,w2_50,662,208.812416,1.0,10,,scalar_first_exact
pg-hnsw,250000,1,w2_50,725,208.728875,1.0,10,,scalar_first_exact
pg-hnsw,250000,1,w2_50,335,206.192792,1.0,10,,scalar_first_exact
pg-hnsw,250000,1,w2_50,102,213.517417,1.0,10,,scalar_first_exact
pg-hnsw,250000,1,w2_50,661,209.503583,1.0,10,,scalar_first_exact
pg-hnsw,250000,1,w2_50,123,211.880208,1.0,10,,scalar_first_exact
pg-hnsw,250000,1,w2_50,688,209.192084,1.0,10,,scalar_first_exact
pg-hnsw,250000,1,w2_50,869,212.554667,1.0,10,,scalar_first_exact
pg-hnsw,250000,1,w2_50,446,205.585833,1.0,10,,scalar_first_exact
pg-hnsw,250000,1,w2_50,911,208.7225,1.0,10,,scalar_first_exact
pg-hnsw,250000,1,w2_50,808,209.710667,1.0,10,,scalar_first_exact
pg-hnsw,250000,1,w2_50,982,211.614708,1.0,10,,scalar_first_exact
pg-hnsw,250000,1,w2_50,382,207.846292,1.0,10,,scalar_first_exact
pg-hnsw,250000,1,w2_50,872,206.313375,1.0,10,,scalar_first_exact
pg-hnsw,250000,1,w2_50,766,218.387791,1.0,10,,scalar_first_exact
pg-hnsw,250000,1,w2_50,739,214.70675,1.0,10,,scalar_first_exact
pg-hnsw,250000,1,w2_50,223,210.629083,1.0,10,,scalar_first_exact
pg-hnsw,250000,1,w2_50,109,204.452042,1.0,10,,scalar_first_exact
pg-hnsw,250000,1,w2_50,270,207.669916,1.0,10,,scalar_first_exact
pg-hnsw,250000,1,w2_50,722,238.111792,1.0,10,,scalar_first_exact
pg-hnsw,250000,1,w2_50,561,212.278417,1.0,10,,scalar_first_exact
pg-hnsw,250000,1,w2_50,734,209.679416,1.0,10,,scalar_first_exact
pg-hnsw,250000,1,w2_50,916,206.006792,1.0,10,,scalar_first_exact
pg-hnsw,250000,1,w2_50,316,222.523625,1.0,10,,scalar_first_exact
pg-hnsw,250000,1,w2_50,286,220.410917,1.0,10,,scalar_first_exact
pg-hnsw,250000,1,w2_50,422,208.730958,1.0,10,,scalar_first_exact
pg-hnsw,250000,1,w2_50,708,206.764833,1.0,10,,scalar_first_exact
pg-hnsw,250000,1,w2_50,687,212.440208,1.0,10,,scalar_first_exact
pg-hnsw,250000,1,w2_50,240,208.091916,1.0,10,,scalar_first_exact
pg-hnsw,250000,1,w2_50,676,209.346875,1.0,10,,scalar_first_exact
pg-hnsw,250000,1,w2_50,586,208.413625,1.0,10,,scalar_first_exact
pg-hnsw,250000,1,w2_50,336,210.098875,1.0,10,,scalar_first_exact
pg-hnsw,250000,1,w2_50,930,206.932125,1.0,10,,scalar_first_exact
pg-hnsw,250000,1,w2_50,579,213.430833,1.0,10,,scalar_first_exact
pg-hnsw,250000,1,w2_50,791,209.031416,1.0,10,,scalar_first_exact
pg-hnsw,250000,1,w2_50,282,214.249208,1.0,10,,scalar_first_exact
pg-hnsw,250000,1,w2_50,950,203.814375,1.0,10,,scalar_first_exact
pg-hnsw,250000,1,w2_50,999,208.136291,1.0,10,,scalar_first_exact
pg-hnsw,250000,1,w2_50,659,213.634291,1.0,10,,scalar_first_exact
pg-hnsw,250000,1,w2_50,803,211.746792,1.0,10,,scalar_first_exact
pg-hnsw,250000,1,w2_50,849,206.598417,1.0,10,,scalar_first_exact
pg-hnsw,250000,1,w2_50,818,217.783291,1.0,10,,scalar_first_exact
pg-hnsw,250000,1,w2_50,195,209.700875,1.0,10,,scalar_first_exact
pg-hnsw,250000,1,w2_50,743,212.074584,1.0,10,,scalar_first_exact
pg-hnsw,250000,1,w2_50,129,209.923708,1.0,10,,scalar_first_exact
pg-hnsw,250000,1,w2_50,598,207.21025,1.0,10,,scalar_first_exact
pg-hnsw,250000,1,w2_50,764,207.958333,1.0,10,,scalar_first_exact
pg-hnsw,250000,1,w2_50,701,215.153583,1.0,10,,scalar_first_exact
pg-hnsw,250000,1,w2_50,692,211.597,1.0,10,,scalar_first_exact
pg-hnsw,250000,1,w2_50,735,209.242125,1.0,10,,scalar_first_exact
pg-hnsw,250000,1,w2_50,874,207.09,1.0,10,,scalar_first_exact
pg-hnsw,250000,1,w2_50,224,213.76525,1.0,10,,scalar_first_exact
pg-hnsw,250000,1,w2_50,752,213.735833,1.0,10,,scalar_first_exact
pg-hnsw,250000,1,w2_50,535,210.803583,1.0,10,,scalar_first_exact
pg-hnsw,250000,1,w2_50,329,208.043084,1.0,10,,scalar_first_exact
pg-hnsw,250000,1,w2_50,610,208.77525,1.0,10,,scalar_first_exact
pg-hnsw,250000,1,w2_50,705,205.461583,1.0,10,,scalar_first_exact
pg-hnsw,250000,1,w2_50,251,210.1775,1.0,10,,scalar_first_exact
pg-hnsw,250000,1,w2_50,584,209.376959,1.0,10,,scalar_first_exact
pg-hnsw,250000,1,w2_50,742,215.692666,1.0,10,,scalar_first_exact
pg-hnsw,250000,1,w2_50,496,205.25775,1.0,10,,scalar_first_exact
pg-hnsw,250000,1,w2_50,152,207.846625,1.0,10,,scalar_first_exact
pg-hnsw,250000,1,w2_50,381,215.6525,1.0,10,,scalar_first_exact
pg-hnsw,250000,1,w2_50,115,214.657167,1.0,10,,scalar_first_exact
pg-hnsw,250000,1,w2_50,186,207.474542,1.0,10,,scalar_first_exact
pg-hnsw,250000,1,w2_50,235,207.995292,1.0,10,,scalar_first_exact
pg-hnsw,250000,1,w2_50,289,207.622667,1.0,10,,scalar_first_exact
pg-hnsw,250000,1,w2_50,459,214.040375,1.0,10,,scalar_first_exact
pg-hnsw,250000,1,w2_50,878,212.552625,1.0,10,,scalar_first_exact
pg-hnsw,250000,1,w2_50,398,207.329209,1.0,10,,scalar_first_exact
pg-hnsw,250000,1,w2_50,365,208.377417,1.0,10,,scalar_first_exact
pg-hnsw,250000,1,w2_50,801,214.6315,1.0,10,,scalar_first_exact
pg-hnsw,250000,1,w2_50,433,210.908125,1.0,10,,scalar_first_exact
pg-hnsw,250000,1,w2_50,890,211.168375,1.0,10,,scalar_first_exact
pg-hnsw,250000,1,w2_50,969,204.929083,1.0,10,,scalar_first_exact
pg-hnsw,250000,1,w2_50,516,214.603542,1.0,10,,scalar_first_exact
pg-hnsw,250000,1,w2_50,511,210.37675,1.0,10,,scalar_first_exact
pg-hnsw,250000,1,w2_50,473,210.619792,1.0,10,,scalar_first_exact
pg-hnsw,250000,1,w2_50,134,208.272417,1.0,10,,scalar_first_exact
pg-hnsw,250000,1,w2_50,852,209.554958,1.0,10,,scalar_first_exact
pg-hnsw,250000,1,w2_50,715,207.935792,1.0,10,,scalar_first_exact
pg-hnsw,250000,1,w2_10,843,61.634958,1.0,10,,scalar_first_exact
pg-hnsw,250000,1,w2_10,419,62.275208,1.0,10,,scalar_first_exact
pg-hnsw,250000,1,w2_10,383,62.110458,1.0,10,,scalar_first_exact
pg-hnsw,250000,1,w2_10,366,66.772042,1.0,10,,scalar_first_exact
pg-hnsw,250000,1,w2_10,436,63.06025,1.0,10,,scalar_first_exact
pg-hnsw,250000,1,w2_10,234,61.845583,1.0,10,,scalar_first_exact
pg-hnsw,250000,1,w2_10,964,67.853958,1.0,10,,scalar_first_exact
pg-hnsw,250000,1,w2_10,630,61.262334,1.0,10,,scalar_first_exact
pg-hnsw,250000,1,w2_10,480,61.393875,1.0,10,,scalar_first_exact
pg-hnsw,250000,1,w2_10,243,62.167958,1.0,10,,scalar_first_exact
pg-hnsw,250000,1,w2_10,733,62.817042,1.0,10,,scalar_first_exact
pg-hnsw,250000,1,w2_10,437,63.871417,1.0,10,,scalar_first_exact
pg-hnsw,250000,1,w2_10,537,63.991667,1.0,10,,scalar_first_exact
pg-hnsw,250000,1,w2_10,669,64.126375,1.0,10,,scalar_first_exact
pg-hnsw,250000,1,w2_10,584,61.164042,1.0,10,,scalar_first_exact
pg-hnsw,250000,1,w2_10,827,63.793291,1.0,10,,scalar_first_exact
pg-hnsw,250000,1,w2_10,523,60.581459,1.0,10,,scalar_first_exact
pg-hnsw,250000,1,w2_10,213,60.011875,1.0,10,,scalar_first_exact
pg-hnsw,250000,1,w2_10,923,61.571375,1.0,10,,scalar_first_exact
pg-hnsw,250000,1,w2_10,736,63.365667,1.0,10,,scalar_first_exact
pg-hnsw,250000,1,w2_10,690,62.157083,1.0,10,,scalar_first_exact
pg-hnsw,250000,1,w2_10,155,63.486792,1.0,10,,scalar_first_exact
pg-hnsw,250000,1,w2_10,909,63.155875,1.0,10,,scalar_first_exact
pg-hnsw,250000,1,w2_10,663,62.180292,1.0,10,,scalar_first_exact
pg-hnsw,250000,1,w2_10,971,62.296583,1.0,10,,scalar_first_exact
pg-hnsw,250000,1,w2_10,868,62.560584,1.0,10,,scalar_first_exact
pg-hnsw,250000,1,w2_10,321,65.160708,1.0,10,,scalar_first_exact
pg-hnsw,250000,1,w2_10,914,62.064833,1.0,10,,scalar_first_exact
pg-hnsw,250000,1,w2_10,620,61.859875,1.0,10,,scalar_first_exact
pg-hnsw,250000,1,w2_10,297,63.338167,1.0,10,,scalar_first_exact
pg-hnsw,250000,1,w2_10,180,61.168833,1.0,10,,scalar_first_exact
pg-hnsw,250000,1,w2_10,283,63.226292,1.0,10,,scalar_first_exact
pg-hnsw,250000,1,w2_10,845,62.804333,1.0,10,,scalar_first_exact
pg-hnsw,250000,1,w2_10,142,61.561166,1.0,10,,scalar_first_exact
pg-hnsw,250000,1,w2_10,126,62.212375,1.0,10,,scalar_first_exact
pg-hnsw,250000,1,w2_10,748,62.509958,1.0,10,,scalar_first_exact
pg-hnsw,250000,1,w2_10,501,60.97175,1.0,10,,scalar_first_exact
pg-hnsw,250000,1,w2_10,508,64.088208,1.0,10,,scalar_first_exact
pg-hnsw,250000,1,w2_10,711,65.548125,1.0,10,,scalar_first_exact
pg-hnsw,250000,1,w2_10,854,61.598875,1.0,10,,scalar_first_exact
pg-hnsw,250000,1,w2_10,464,61.798625,1.0,10,,scalar_first_exact
pg-hnsw,250000,1,w2_10,979,64.666291,1.0,10,,scalar_first_exact
pg-hnsw,250000,1,w2_10,760,63.067708,1.0,10,,scalar_first_exact
pg-hnsw,250000,1,w2_10,945,63.106375,1.0,10,,scalar_first_exact
pg-hnsw,250000,1,w2_10,397,63.098583,1.0,10,,scalar_first_exact
pg-hnsw,250000,1,w2_10,158,66.69725,1.0,10,,scalar_first_exact
pg-hnsw,250000,1,w2_10,980,61.788083,1.0,10,,scalar_first_exact
pg-hnsw,250000,1,w2_10,660,61.699292,1.0,10,,scalar_first_exact
pg-hnsw,250000,1,w2_10,361,60.919167,1.0,10,,scalar_first_exact
pg-hnsw,250000,1,w2_10,477,64.914375,1.0,10,,scalar_first_exact
pg-hnsw,250000,1,w2_10,624,60.414334,1.0,10,,scalar_first_exact
pg-hnsw,250000,1,w2_10,703,63.193,1.0,10,,scalar_first_exact
pg-hnsw,250000,1,w2_10,796,61.460583,1.0,10,,scalar_first_exact
pg-hnsw,250000,1,w2_10,930,62.880458,1.0,10,,scalar_first_exact
pg-hnsw,250000,1,w2_10,495,63.410125,1.0,10,,scalar_first_exact
pg-hnsw,250000,1,w2_10,591,62.56975,1.0,10,,scalar_first_exact
pg-hnsw,250000,1,w2_10,257,62.965375,1.0,10,,scalar_first_exact
pg-hnsw,250000,1,w2_10,869,61.902584,1.0,10,,scalar_first_exact
pg-hnsw,250000,1,w2_10,459,65.855166,1.0,10,,scalar_first_exact
pg-hnsw,250000,1,w2_10,281,63.343541,1.0,10,,scalar_first_exact
pg-hnsw,250000,1,w2_10,318,63.194333,1.0,10,,scalar_first_exact
pg-hnsw,250000,1,w2_10,399,65.540292,1.0,10,,scalar_first_exact
pg-hnsw,250000,1,w2_10,274,60.324792,1.0,10,,scalar_first_exact
pg-hnsw,250000,1,w2_10,309,63.884375,1.0,10,,scalar_first_exact
pg-hnsw,250000,1,w2_10,468,62.108625,1.0,10,,scalar_first_exact
pg-hnsw,250000,1,w2_10,576,61.580875,1.0,10,,scalar_first_exact
pg-hnsw,250000,1,w2_10,434,63.492208,1.0,10,,scalar_first_exact
pg-hnsw,250000,1,w2_10,154,61.464875,1.0,10,,scalar_first_exact
pg-hnsw,250000,1,w2_10,451,62.353916,1.0,10,,scalar_first_exact
pg-hnsw,250000,1,w2_10,955,67.524708,1.0,10,,scalar_first_exact
pg-hnsw,250000,1,w2_10,870,64.653666,1.0,10,,scalar_first_exact
pg-hnsw,250000,1,w2_10,962,61.008041,1.0,10,,scalar_first_exact
pg-hnsw,250000,1,w2_10,885,63.827625,1.0,10,,scalar_first_exact
pg-hnsw,250000,1,w2_10,542,60.780417,1.0,10,,scalar_first_exact
pg-hnsw,250000,1,w2_10,125,63.551,1.0,10,,scalar_first_exact
pg-hnsw,250000,1,w2_10,178,67.747125,1.0,10,,scalar_first_exact
pg-hnsw,250000,1,w2_10,977,61.467292,1.0,10,,scalar_first_exact
pg-hnsw,250000,1,w2_10,615,63.097583,1.0,10,,scalar_first_exact
pg-hnsw,250000,1,w2_10,406,64.491625,1.0,10,,scalar_first_exact
pg-hnsw,250000,1,w2_10,541,60.961542,1.0,10,,scalar_first_exact
pg-hnsw,250000,1,w2_10,993,60.058958,1.0,10,,scalar_first_exact
pg-hnsw,250000,1,w2_10,206,61.503333,1.0,10,,scalar_first_exact
pg-hnsw,250000,1,w2_10,288,63.156375,1.0,10,,scalar_first_exact
pg-hnsw,250000,1,w2_10,558,63.339333,1.0,10,,scalar_first_exact
pg-hnsw,250000,1,w2_10,411,62.705167,1.0,10,,scalar_first_exact
pg-hnsw,250000,1,w2_10,216,63.169666,1.0,10,,scalar_first_exact
pg-hnsw,250000,1,w2_10,695,64.831584,1.0,10,,scalar_first_exact
pg-hnsw,250000,1,w2_10,782,62.513584,1.0,10,,scalar_first_exact
pg-hnsw,250000,1,w2_10,852,63.222,1.0,10,,scalar_first_exact
pg-hnsw,250000,1,w2_10,654,62.709667,1.0,10,,scalar_first_exact
pg-hnsw,250000,1,w2_10,744,62.227,1.0,10,,scalar_first_exact
pg-hnsw,250000,1,w2_10,225,63.987875,1.0,10,,scalar_first_exact
pg-hnsw,250000,1,w2_10,202,65.358375,1.0,10,,scalar_first_exact
pg-hnsw,250000,1,w2_10,470,61.808583,1.0,10,,scalar_first_exact
pg-hnsw,250000,1,w2_10,804,61.716041,1.0,10,,scalar_first_exact
pg-hnsw,250000,1,w2_10,265,64.46775,1.0,10,,scalar_first_exact
pg-hnsw,250000,1,w2_10,675,61.403791,1.0,10,,scalar_first_exact
pg-hnsw,250000,1,w2_10,465,62.393083,1.0,10,,scalar_first_exact
pg-hnsw,250000,1,w2_10,803,62.908,1.0,10,,scalar_first_exact
pg-hnsw,250000,1,w2_10,956,62.426458,1.0,10,,scalar_first_exact
pg-hnsw,250000,1,w2_10,239,63.582875,1.0,10,,scalar_first_exact
pg-hnsw,250000,1,w2_10,761,62.78325,1.0,10,,scalar_first_exact
pg-hnsw,250000,1,w2_10,881,64.410292,1.0,10,,scalar_first_exact
pg-hnsw,250000,1,w2_10,536,63.515875,1.0,10,,scalar_first_exact
pg-hnsw,250000,1,w2_10,915,63.616458,1.0,10,,scalar_first_exact
pg-hnsw,250000,1,w2_10,324,60.286958,1.0,10,,scalar_first_exact
pg-hnsw,250000,1,w2_10,128,62.40625,1.0,10,,scalar_first_exact
pg-hnsw,250000,1,w2_10,241,63.1345,1.0,10,,scalar_first_exact
pg-hnsw,250000,1,w2_10,428,62.626917,1.0,10,,scalar_first_exact
pg-hnsw,250000,1,w2_10,486,62.399083,1.0,10,,scalar_first_exact
pg-hnsw,250000,1,w2_10,570,62.231458,1.0,10,,scalar_first_exact
pg-hnsw,250000,1,w2_10,593,61.555417,1.0,10,,scalar_first_exact
pg-hnsw,250000,1,w2_10,618,62.3965,1.0,10,,scalar_first_exact
pg-hnsw,250000,1,w2_10,989,61.769916,1.0,10,,scalar_first_exact
pg-hnsw,250000,1,w2_10,242,65.264958,1.0,10,,scalar_first_exact
pg-hnsw,250000,1,w2_10,683,62.535875,1.0,10,,scalar_first_exact
pg-hnsw,250000,1,w2_10,802,63.948583,1.0,10,,scalar_first_exact
pg-hnsw,250000,1,w2_10,113,60.880625,1.0,10,,scalar_first_exact
pg-hnsw,250000,1,w2_10,613,62.556333,1.0,10,,scalar_first_exact
pg-hnsw,250000,1,w2_10,585,61.701583,1.0,10,,scalar_first_exact
pg-hnsw,250000,1,w2_10,568,63.461583,1.0,10,,scalar_first_exact
pg-hnsw,250000,1,w2_10,522,64.235459,1.0,10,,scalar_first_exact
pg-hnsw,250000,1,w2_10,788,68.0315,1.0,10,,scalar_first_exact
pg-hnsw,250000,1,w2_10,139,62.310625,1.0,10,,scalar_first_exact
pg-hnsw,250000,1,w2_10,947,63.08075,1.0,10,,scalar_first_exact
pg-hnsw,250000,1,w2_10,931,63.607083,1.0,10,,scalar_first_exact
pg-hnsw,250000,1,w2_10,313,60.632459,1.0,10,,scalar_first_exact
pg-hnsw,250000,1,w2_10,713,61.178125,1.0,10,,scalar_first_exact
pg-hnsw,250000,1,w2_10,481,63.79,1.0,10,,scalar_first_exact
pg-hnsw,250000,1,w2_10,853,60.585459,1.0,10,,scalar_first_exact
pg-hnsw,250000,1,w2_10,260,62.743084,1.0,10,,scalar_first_exact
pg-hnsw,250000,1,w2_10,261,62.12075,1.0,10,,scalar_first_exact
pg-hnsw,250000,1,w2_10,161,61.492083,1.0,10,,scalar_first_exact
pg-hnsw,250000,1,w2_10,895,64.203292,1.0,10,,scalar_first_exact
pg-hnsw,250000,1,w2_10,331,61.455125,1.0,10,,scalar_first_exact
pg-hnsw,250000,1,w2_10,503,62.510167,1.0,10,,scalar_first_exact
pg-hnsw,250000,1,w2_10,168,65.408417,1.0,10,,scalar_first_exact
pg-hnsw,250000,1,w2_10,111,65.278459,1.0,10,,scalar_first_exact
pg-hnsw,250000,1,w2_10,515,63.919834,1.0,10,,scalar_first_exact
pg-hnsw,250000,1,w2_10,776,63.213417,1.0,10,,scalar_first_exact
pg-hnsw,250000,1,w2_10,298,63.766875,1.0,10,,scalar_first_exact
pg-hnsw,250000,1,w2_10,875,65.357291,1.0,10,,scalar_first_exact
pg-hnsw,250000,1,w2_10,769,61.485791,1.0,10,,scalar_first_exact
pg-hnsw,250000,1,w2_10,258,61.360625,1.0,10,,scalar_first_exact
pg-hnsw,250000,1,w2_10,218,61.24875,1.0,10,,scalar_first_exact
pg-hnsw,250000,1,w2_10,394,59.444042,1.0,10,,scalar_first_exact
pg-hnsw,250000,1,w2_10,112,61.983958,1.0,10,,scalar_first_exact
pg-hnsw,250000,1,w2_10,867,64.232417,1.0,10,,scalar_first_exact
pg-hnsw,250000,1,w2_10,934,61.503791,1.0,10,,scalar_first_exact
pg-hnsw,250000,1,w2_10,614,60.902583,1.0,10,,scalar_first_exact
pg-hnsw,250000,1,w2_10,678,63.899,1.0,10,,scalar_first_exact
pg-hnsw,250000,1,w2_10,372,61.77525,1.0,10,,scalar_first_exact
pg-hnsw,250000,1,w2_10,210,61.788625,1.0,10,,scalar_first_exact
pg-hnsw,250000,1,w2_10,425,63.327167,1.0,10,,scalar_first_exact
pg-hnsw,250000,1,w2_10,339,70.297167,1.0,10,,scalar_first_exact
pg-hnsw,250000,1,w2_10,566,67.903209,1.0,10,,scalar_first_exact
pg-hnsw,250000,1,w2_10,780,64.254958,1.0,10,,scalar_first_exact
pg-hnsw,250000,1,w2_10,557,65.613125,1.0,10,,scalar_first_exact
pg-hnsw,250000,1,w2_10,186,61.059709,1.0,10,,scalar_first_exact
pg-hnsw,250000,1,w2_10,708,62.5545,1.0,10,,scalar_first_exact
pg-hnsw,250000,1,w2_10,279,61.978292,1.0,10,,scalar_first_exact
pg-hnsw,250000,1,w2_10,617,63.402041,1.0,10,,scalar_first_exact
pg-hnsw,250000,1,w2_10,294,62.590791,1.0,10,,scalar_first_exact
pg-hnsw,250000,1,w2_10,356,62.288875,1.0,10,,scalar_first_exact
pg-hnsw,250000,1,w2_10,105,64.158792,1.0,10,,scalar_first_exact
pg-hnsw,250000,1,w2_10,525,62.778833,1.0,10,,scalar_first_exact
pg-hnsw,250000,1,w2_10,808,62.807125,1.0,10,,scalar_first_exact
pg-hnsw,250000,1,w2_10,880,63.10625,1.0,10,,scalar_first_exact
pg-hnsw,250000,1,w2_10,758,63.134625,1.0,10,,scalar_first_exact
pg-hnsw,250000,1,w2_10,330,61.409708,1.0,10,,scalar_first_exact
pg-hnsw,250000,1,w2_10,699,63.532542,1.0,10,,scalar_first_exact
pg-hnsw,250000,1,w2_10,273,62.685833,1.0,10,,scalar_first_exact
pg-hnsw,250000,1,w2_10,879,63.7945,1.0,10,,scalar_first_exact
pg-hnsw,250000,1,w2_10,749,63.930791,1.0,10,,scalar_first_exact
pg-hnsw,250000,1,w2_10,851,65.937916,1.0,10,,scalar_first_exact
pg-hnsw,250000,1,w2_10,812,61.9165,1.0,10,,scalar_first_exact
pg-hnsw,250000,1,w2_10,625,65.977625,1.0,10,,scalar_first_exact
pg-hnsw,250000,1,w2_10,752,62.942375,1.0,10,,scalar_first_exact
pg-hnsw,250000,1,w2_10,509,63.652958,1.0,10,,scalar_first_exact
pg-hnsw,250000,1,w2_10,913,61.491917,1.0,10,,scalar_first_exact
pg-hnsw,250000,1,w2_10,317,63.859542,1.0,10,,scalar_first_exact
pg-hnsw,250000,1,w2_10,685,63.581875,1.0,10,,scalar_first_exact
pg-hnsw,250000,1,w2_10,198,64.418,1.0,10,,scalar_first_exact
pg-hnsw,250000,1,w2_10,961,71.170083,1.0,10,,scalar_first_exact
pg-hnsw,250000,1,w2_10,877,63.16825,1.0,10,,scalar_first_exact
pg-hnsw,250000,1,w2_10,766,62.83125,1.0,10,,scalar_first_exact
pg-hnsw,250000,1,w2_10,420,66.064542,1.0,10,,scalar_first_exact
pg-hnsw,250000,1,w2_10,835,64.363042,1.0,10,,scalar_first_exact
pg-hnsw,250000,1,w2_10,427,64.516708,1.0,10,,scalar_first_exact
pg-hnsw,250000,1,w2_10,271,61.98,1.0,10,,scalar_first_exact
pg-hnsw,250000,1,w2_10,807,63.053458,1.0,10,,scalar_first_exact
pg-hnsw,250000,1,w2_10,467,61.117666,1.0,10,,scalar_first_exact
pg-hnsw,250000,1,w2_10,595,62.033042,1.0,10,,scalar_first_exact
pg-hnsw,250000,1,w2_10,966,63.474458,1.0,10,,scalar_first_exact
pg-hnsw,250000,1,w2_10,562,62.329667,1.0,10,,scalar_first_exact
pg-hnsw,250000,1,w2_10,405,63.193833,1.0,10,,scalar_first_exact
pg-hnsw,250000,1,w2_10,684,62.001458,1.0,10,,scalar_first_exact
pg-hnsw,250000,1,w2_10,970,62.904625,1.0,10,,scalar_first_exact
pg-hnsw,250000,1,w2_10,933,64.595875,1.0,10,,scalar_first_exact
pg-hnsw,250000,1,w2_10,815,62.873416,1.0,10,,scalar_first_exact
pg-hnsw,250000,1,w2_10,604,61.113791,1.0,10,,scalar_first_exact
pg-hnsw,250000,1,w2_10,544,61.25125,1.0,10,,scalar_first_exact
pg-hnsw,250000,1,w2_10,597,62.880583,1.0,10,,scalar_first_exact
pg-hnsw,250000,1,w2_10,446,62.491,1.0,10,,scalar_first_exact
pg-hnsw,250000,1,w2_10,177,62.484958,1.0,10,,scalar_first_exact
pg-hnsw,250000,1,w2_10,106,62.053458,1.0,10,,scalar_first_exact
pg-hnsw,250000,1,w2_10,364,61.284292,1.0,10,,scalar_first_exact
pg-hnsw,250000,1,w2_10,720,59.885417,1.0,10,,scalar_first_exact
pg-hnsw,250000,1,w2_10,376,61.022667,1.0,10,,scalar_first_exact
pg-hnsw,250000,1,w2_10,190,60.502583,1.0,10,,scalar_first_exact
pg-hnsw,250000,1,w2_10,836,63.670625,1.0,10,,scalar_first_exact
pg-hnsw,250000,1,w2_10,457,63.103583,1.0,10,,scalar_first_exact
pg-hnsw,250000,1,w2_10,138,63.387709,1.0,10,,scalar_first_exact
pg-hnsw,250000,1,w2_10,716,63.284625,1.0,10,,scalar_first_exact
pg-hnsw,250000,1,w2_10,949,63.681667,1.0,10,,scalar_first_exact
pg-hnsw,250000,1,w2_10,636,63.288584,1.0,10,,scalar_first_exact
pg-hnsw,250000,1,w2_10,314,60.825458,1.0,10,,scalar_first_exact
pg-hnsw,250000,1,w2_10,422,62.069042,1.0,10,,scalar_first_exact
pg-hnsw,250000,1,w2_10,506,69.702958,1.0,10,,scalar_first_exact
pg-hnsw,250000,1,w2_10,458,67.671459,1.0,10,,scalar_first_exact
pg-hnsw,250000,1,w2_10,159,62.988375,1.0,10,,scalar_first_exact
pg-hnsw,250000,1,w2_10,172,61.155083,1.0,10,,scalar_first_exact
pg-hnsw,250000,1,w2_10,939,62.173958,1.0,10,,scalar_first_exact
pg-hnsw,250000,1,w2_10,482,61.888541,1.0,10,,scalar_first_exact
pg-hnsw,250000,1,w2_10,926,61.541291,1.0,10,,scalar_first_exact
pg-hnsw,250000,1,w2_10,295,63.084459,1.0,10,,scalar_first_exact
pg-hnsw,250000,1,w2_10,773,63.648167,1.0,10,,scalar_first_exact
pg-hnsw,250000,1,w2_10,639,63.945833,1.0,10,,scalar_first_exact
pg-hnsw,250000,1,w2_10,117,62.234083,1.0,10,,scalar_first_exact
pg-hnsw,250000,1,w2_10,741,63.205458,1.0,10,,scalar_first_exact
pg-hnsw,250000,1,w2_10,395,62.849125,1.0,10,,scalar_first_exact
pg-hnsw,250000,1,w2_10,240,61.296458,1.0,10,,scalar_first_exact
pg-hnsw,250000,1,w2_10,592,61.860083,1.0,10,,scalar_first_exact
pg-hnsw,250000,1,w2_10,315,61.367417,1.0,10,,scalar_first_exact
pg-hnsw,250000,1,w2_10,521,62.447084,1.0,10,,scalar_first_exact
pg-hnsw,250000,1,w2_10,423,62.248417,1.0,10,,scalar_first_exact
pg-hnsw,250000,1,w2_10,237,64.323375,1.0,10,,scalar_first_exact
pg-hnsw,250000,1,w2_10,432,60.78725,1.0,10,,scalar_first_exact
pg-hnsw,250000,1,w2_10,441,62.547084,1.0,10,,scalar_first_exact
pg-hnsw,250000,1,w2_10,693,60.63625,1.0,10,,scalar_first_exact
pg-hnsw,250000,1,w2_10,646,65.844833,1.0,10,,scalar_first_exact
pg-hnsw,250000,1,w2_10,887,66.8325,1.0,10,,scalar_first_exact
pg-hnsw,250000,1,w2_10,539,66.576458,1.0,10,,scalar_first_exact
pg-hnsw,250000,1,w2_10,343,61.1815,1.0,10,,scalar_first_exact
pg-hnsw,250000,1,w2_10,408,62.223375,1.0,10,,scalar_first_exact
pg-hnsw,250000,1,w2_10,371,63.1975,1.0,10,,scalar_first_exact
pg-hnsw,250000,1,w2_10,841,62.564292,1.0,10,,scalar_first_exact
pg-hnsw,250000,1,w2_10,779,66.597416,1.0,10,,scalar_first_exact
pg-hnsw,250000,1,w2_10,605,63.992375,1.0,10,,scalar_first_exact
pg-hnsw,250000,1,w2_10,417,62.920041,1.0,10,,scalar_first_exact
pg-hnsw,250000,1,w2_10,952,61.701167,1.0,10,,scalar_first_exact
pg-hnsw,250000,1,w2_10,476,63.521541,1.0,10,,scalar_first_exact
pg-hnsw,250000,1,w2_10,374,62.257667,1.0,10,,scalar_first_exact
pg-hnsw,250000,1,w2_10,958,60.03625,1.0,10,,scalar_first_exact
pg-hnsw,250000,1,w2_10,857,61.486417,1.0,10,,scalar_first_exact
pg-hnsw,250000,1,w2_10,661,60.243167,1.0,10,,scalar_first_exact
pg-hnsw,250000,1,w2_10,899,63.834666,1.0,10,,scalar_first_exact
pg-hnsw,250000,1,w2_10,244,61.174166,1.0,10,,scalar_first_exact
pg-hnsw,250000,1,w2_10,860,60.732875,1.0,10,,scalar_first_exact
pg-hnsw,250000,1,w2_10,474,61.386958,1.0,10,,scalar_first_exact
pg-hnsw,250000,1,w2_10,866,62.421916,1.0,10,,scalar_first_exact
pg-hnsw,250000,1,w2_10,904,61.63475,1.0,10,,scalar_first_exact
pg-hnsw,250000,1,w2_10,312,64.657084,1.0,10,,scalar_first_exact
pg-hnsw,250000,1,w2_10,107,63.775333,1.0,10,,scalar_first_exact
pg-hnsw,250000,1,w2_10,325,63.396083,1.0,10,,scalar_first_exact
pg-hnsw,250000,1,w2_10,677,65.661416,1.0,10,,scalar_first_exact
pg-hnsw,250000,1,w2_10,905,64.997792,1.0,10,,scalar_first_exact
pg-hnsw,250000,1,w2_10,502,61.896291,1.0,10,,scalar_first_exact
pg-hnsw,250000,1,w2_10,611,63.838333,1.0,10,,scalar_first_exact
pg-hnsw,250000,1,w2_10,817,61.0325,1.0,10,,scalar_first_exact
pg-hnsw,250000,1,w2_10,421,61.693916,1.0,10,,scalar_first_exact
pg-hnsw,250000,1,w2_10,825,62.599125,1.0,10,,scalar_first_exact
pg-hnsw,250000,1,w2_10,560,62.598166,1.0,10,,scalar_first_exact
pg-hnsw,250000,1,w2_10,316,63.466209,1.0,10,,scalar_first_exact
pg-hnsw,250000,1,w2_10,473,62.726208,1.0,10,,scalar_first_exact
pg-hnsw,250000,1,w2_10,212,62.993166,1.0,10,,scalar_first_exact
pg-hnsw,250000,1,w2_10,671,62.854959,1.0,10,,scalar_first_exact
pg-hnsw,250000,1,w2_10,680,62.405541,1.0,10,,scalar_first_exact
pg-hnsw,250000,1,w2_10,692,64.658834,1.0,10,,scalar_first_exact
pg-hnsw,250000,1,w2_10,304,62.613709,1.0,10,,scalar_first_exact
pg-hnsw,250000,1,w2_10,674,62.25025,1.0,10,,scalar_first_exact
pg-hnsw,250000,1,w2_10,285,64.33425,1.0,10,,scalar_first_exact
pg-hnsw,250000,1,w2_10,303,63.029667,1.0,10,,scalar_first_exact
pg-hnsw,250000,1,w2_10,791,64.644042,1.0,10,,scalar_first_exact
pg-hnsw,250000,1,w2_10,666,63.732709,1.0,10,,scalar_first_exact
pg-hnsw,250000,1,w2_10,507,62.0385,1.0,10,,scalar_first_exact
pg-hnsw,250000,1,w2_10,896,62.376791,1.0,10,,scalar_first_exact
pg-hnsw,250000,1,w2_10,302,60.860125,1.0,10,,scalar_first_exact
pg-hnsw,250000,1,w2_10,221,61.453791,1.0,10,,scalar_first_exact
pg-hnsw,250000,1,w2_10,686,61.606458,1.0,10,,scalar_first_exact
pg-hnsw,250000,1,w2_10,701,66.344834,1.0,10,,scalar_first_exact
pg-hnsw,250000,1,w2_10,588,62.377416,1.0,10,,scalar_first_exact
pg-hnsw,250000,1,w2_10,725,64.87575,1.0,10,,scalar_first_exact
pg-hnsw,250000,1,w2_10,192,63.853167,1.0,10,,scalar_first_exact
pg-hnsw,250000,1,w2_10,572,61.498625,1.0,10,,scalar_first_exact
pg-hnsw,250000,1,w2_10,668,63.101542,1.0,10,,scalar_first_exact
pg-hnsw,250000,1,w2_10,344,63.253958,1.0,10,,scalar_first_exact
pg-hnsw,250000,1,w2_10,828,63.536666,1.0,10,,scalar_first_exact
pg-hnsw,250000,1,w2_10,513,63.014208,1.0,10,,scalar_first_exact
pg-hnsw,250000,1,w2_10,609,63.457167,1.0,10,,scalar_first_exact
pg-hnsw,250000,1,w2_10,100,62.248709,1.0,10,,scalar_first_exact
pg-hnsw,250000,1,w2_10,136,60.511792,1.0,10,,scalar_first_exact
pg-hnsw,250000,1,w2_10,263,61.512583,1.0,10,,scalar_first_exact
pg-hnsw,250000,1,w2_10,855,61.979125,1.0,10,,scalar_first_exact
pg-hnsw,250000,1,w2_10,742,62.578792,1.0,10,,scalar_first_exact
pg-hnsw,250000,1,w2_10,616,63.822542,1.0,10,,scalar_first_exact
pg-hnsw,250000,1,w2_10,770,62.466958,1.0,10,,scalar_first_exact
pg-hnsw,250000,1,w2_10,197,62.474584,1.0,10,,scalar_first_exact
pg-hnsw,250000,1,w2_10,664,60.705791,1.0,10,,scalar_first_exact
pg-hnsw,250000,1,w2_10,715,63.200625,1.0,10,,scalar_first_exact
pg-hnsw,250000,1,w2_10,431,61.596292,1.0,10,,scalar_first_exact
pg-hnsw,250000,1,w2_10,924,60.844792,1.0,10,,scalar_first_exact
pg-hnsw,250000,1,w2_10,175,64.047125,1.0,10,,scalar_first_exact
pg-hnsw,250000,1,w2_10,388,63.021792,1.0,10,,scalar_first_exact
pg-hnsw,250000,1,w2_10,689,61.893042,1.0,10,,scalar_first_exact
pg-hnsw,250000,1,w2_10,370,63.638834,1.0,10,,scalar_first_exact
pg-hnsw,250000,1,w2_10,987,64.962125,1.0,10,,scalar_first_exact
pg-hnsw,250000,1,w2_10,642,60.732375,1.0,10,,scalar_first_exact
pg-hnsw,250000,1,w2_10,954,59.968291,1.0,10,,scalar_first_exact
pg-hnsw,250000,1,w2_10,606,62.7145,1.0,10,,scalar_first_exact
pg-hnsw,250000,1,w2_10,994,61.60675,1.0,10,,scalar_first_exact
pg-hnsw,250000,1,w2_10,967,63.751667,1.0,10,,scalar_first_exact
pg-hnsw,250000,1,w2_10,254,61.315208,1.0,10,,scalar_first_exact
pg-hnsw,250000,1,w2_10,148,61.14625,1.0,10,,scalar_first_exact
pg-hnsw,250000,1,w2_10,246,62.691375,1.0,10,,scalar_first_exact
pg-hnsw,250000,1,w2_10,547,63.065792,1.0,10,,scalar_first_exact
pg-hnsw,250000,1,w2_10,712,62.412042,1.0,10,,scalar_first_exact
pg-hnsw,250000,1,w2_10,453,60.282959,1.0,10,,scalar_first_exact
pg-hnsw,250000,1,w2_10,925,63.410958,1.0,10,,scalar_first_exact
pg-hnsw,250000,1,w2_10,619,64.198166,1.0,10,,scalar_first_exact
pg-hnsw,250000,1,w2_10,137,62.498917,1.0,10,,scalar_first_exact
pg-hnsw,250000,1,w2_10,351,62.111167,1.0,10,,scalar_first_exact
pg-hnsw,250000,1,w2_10,694,63.309958,1.0,10,,scalar_first_exact
pg-hnsw,250000,1,w2_10,746,64.53575,1.0,10,,scalar_first_exact
pg-hnsw,250000,1,w2_10,578,60.535916,1.0,10,,scalar_first_exact
pg-hnsw,250000,1,w2_10,363,79.37675,1.0,10,,scalar_first_exact
pg-hnsw,250000,1,w2_10,301,82.542458,1.0,10,,scalar_first_exact
pg-hnsw,250000,1,w2_10,426,64.095417,1.0,10,,scalar_first_exact
pg-hnsw,250000,1,w2_10,732,62.215917,1.0,10,,scalar_first_exact
pg-hnsw,250000,1,w2_10,169,64.025959,1.0,10,,scalar_first_exact
pg-hnsw,250000,1,w2_10,460,62.358875,1.0,10,,scalar_first_exact
pg-hnsw,250000,1,w2_10,326,62.341084,1.0,10,,scalar_first_exact
pg-hnsw,250000,1,w2_10,494,62.817541,1.0,10,,scalar_first_exact
pg-hnsw,250000,1,w2_10,433,61.0695,1.0,10,,scalar_first_exact
pg-hnsw,250000,1,w2_10,735,63.643291,1.0,10,,scalar_first_exact
pg-hnsw,250000,1,w2_10,633,62.084125,1.0,10,,scalar_first_exact
pg-hnsw,250000,1,w2_10,579,63.249334,1.0,10,,scalar_first_exact
pg-hnsw,250000,1,w2_10,648,76.726083,1.0,10,,scalar_first_exact
pg-hnsw,250000,1,w2_10,756,63.099958,1.0,10,,scalar_first_exact
pg-hnsw,250000,1,w2_10,728,62.028584,1.0,10,,scalar_first_exact
pg-hnsw,250000,1,w2_10,556,62.322375,1.0,10,,scalar_first_exact
pg-hnsw,250000,1,w2_10,337,63.122209,1.0,10,,scalar_first_exact
pg-hnsw,250000,1,w2_10,548,64.295,1.0,10,,scalar_first_exact
pg-hnsw,250000,1,w2_10,634,62.737916,1.0,10,,scalar_first_exact
pg-hnsw,250000,1,w2_10,861,63.138084,1.0,10,,scalar_first_exact
pg-hnsw,250000,1,w2_10,195,63.351291,1.0,10,,scalar_first_exact
pg-hnsw,250000,1,w2_10,203,62.242583,1.0,10,,scalar_first_exact
pg-hnsw,250000,1,w2_10,740,63.295,1.0,10,,scalar_first_exact
pg-hnsw,250000,1,w2_10,799,64.256042,1.0,10,,scalar_first_exact
pg-hnsw,250000,1,w2_10,226,64.569416,1.0,10,,scalar_first_exact
pg-hnsw,250000,1,w2_10,306,61.960208,1.0,10,,scalar_first_exact
pg-hnsw,250000,1,w2_10,191,62.829,1.0,10,,scalar_first_exact
pg-hnsw,250000,1,w2_10,957,66.016042,1.0,10,,scalar_first_exact
pg-hnsw,250000,1,w2_10,380,60.971167,1.0,10,,scalar_first_exact
pg-hnsw,250000,1,w2_10,629,62.518875,1.0,10,,scalar_first_exact
pg-hnsw,250000,1,w2_10,717,62.078959,1.0,10,,scalar_first_exact
pg-hnsw,250000,1,w2_10,282,61.170375,1.0,10,,scalar_first_exact
pg-hnsw,250000,1,w2_10,847,66.538833,1.0,10,,scalar_first_exact
pg-hnsw,250000,1,w2_10,479,62.972833,1.0,10,,scalar_first_exact
pg-hnsw,250000,1,w2_10,176,63.485167,1.0,10,,scalar_first_exact
pg-hnsw,250000,1,w2_10,144,66.187042,1.0,10,,scalar_first_exact
pg-hnsw,250000,1,w2_10,367,62.156666,1.0,10,,scalar_first_exact
pg-hnsw,250000,1,w2_10,627,63.422208,1.0,10,,scalar_first_exact
pg-hnsw,250000,1,w2_10,655,62.753708,1.0,10,,scalar_first_exact
pg-hnsw,250000,1,w2_10,196,63.357334,1.0,10,,scalar_first_exact
pg-hnsw,250000,1,w2_10,719,64.141958,1.0,10,,scalar_first_exact
pg-hnsw,250000,1,w2_10,565,63.089292,1.0,10,,scalar_first_exact
pg-hnsw,250000,1,w2_10,183,61.761583,1.0,10,,scalar_first_exact
pg-hnsw,250000,1,w2_10,551,61.885917,1.0,10,,scalar_first_exact
pg-hnsw,250000,1,w2_10,269,63.067541,1.0,10,,scalar_first_exact
pg-hnsw,250000,1,w2_10,469,61.05225,1.0,10,,scalar_first_exact
pg-hnsw,250000,1,w2_10,329,61.761292,1.0,10,,scalar_first_exact
pg-hnsw,250000,1,w2_10,334,61.265667,1.0,10,,scalar_first_exact
pg-hnsw,250000,1,w2_10,922,61.2665,1.0,10,,scalar_first_exact
pg-hnsw,250000,1,w2_10,466,63.526416,1.0,10,,scalar_first_exact
pg-hnsw,250000,1,w2_10,936,62.675917,1.0,10,,scalar_first_exact
pg-hnsw,250000,1,w2_10,341,63.626292,1.0,10,,scalar_first_exact
pg-hnsw,250000,1,w2_10,276,62.999333,1.0,10,,scalar_first_exact
pg-hnsw,250000,1,w2_10,911,61.8085,1.0,10,,scalar_first_exact
pg-hnsw,250000,1,w2_10,622,63.758375,1.0,10,,scalar_first_exact
pg-hnsw,250000,1,w2_10,287,64.91325,1.0,10,,scalar_first_exact
pg-hnsw,250000,1,w2_10,638,61.630667,1.0,10,,scalar_first_exact
pg-hnsw,250000,1,w2_10,348,62.438708,1.0,10,,scalar_first_exact
pg-hnsw,250000,1,w2_10,355,62.165584,1.0,10,,scalar_first_exact
pg-hnsw,250000,1,w2_10,378,64.957667,1.0,10,,scalar_first_exact
pg-hnsw,250000,1,w2_10,493,61.532417,1.0,10,,scalar_first_exact
pg-hnsw,250000,1,w2_10,308,62.555125,1.0,10,,scalar_first_exact
pg-hnsw,250000,1,w2_10,820,60.837958,1.0,10,,scalar_first_exact
pg-hnsw,250000,1,w2_10,672,61.170167,1.0,10,,scalar_first_exact
pg-hnsw,250000,1,w2_10,704,61.989167,1.0,10,,scalar_first_exact
pg-hnsw,250000,1,w2_10,299,80.893917,1.0,10,,scalar_first_exact
pg-hnsw,250000,1,w2_10,792,64.826042,1.0,10,,scalar_first_exact
pg-hnsw,250000,1,w2_10,171,63.48675,1.0,10,,scalar_first_exact
pg-hnsw,250000,1,w2_10,555,66.495417,1.0,10,,scalar_first_exact
pg-hnsw,250000,1,w2_10,612,62.262042,1.0,10,,scalar_first_exact
pg-hnsw,250000,1,w2_10,336,62.17425,1.0,10,,scalar_first_exact
pg-hnsw,250000,1,w2_10,706,61.827792,1.0,10,,scalar_first_exact
pg-hnsw,250000,1,w2_10,146,62.587875,1.0,10,,scalar_first_exact
pg-hnsw,250000,1,w2_10,659,63.073833,1.0,10,,scalar_first_exact
pg-hnsw,250000,1,w2_10,204,62.320084,1.0,10,,scalar_first_exact
pg-hnsw,250000,1,w2_10,768,63.719375,1.0,10,,scalar_first_exact
pg-hnsw,250000,1,w2_10,217,68.080209,1.0,10,,scalar_first_exact
pg-hnsw,250000,1,w2_10,972,62.887541,1.0,10,,scalar_first_exact
pg-hnsw,250000,1,w2_10,135,64.667792,1.0,10,,scalar_first_exact
pg-hnsw,250000,1,w2_10,963,64.311042,1.0,10,,scalar_first_exact
pg-hnsw,250000,1,w2_10,882,62.425042,1.0,10,,scalar_first_exact
pg-hnsw,250000,1,w2_10,965,63.704042,1.0,10,,scalar_first_exact
pg-hnsw,250000,1,w2_10,920,61.640416,1.0,10,,scalar_first_exact
pg-hnsw,250000,1,w2_10,153,63.743416,1.0,10,,scalar_first_exact
pg-hnsw,250000,1,w2_10,656,63.779834,1.0,10,,scalar_first_exact
pg-hnsw,250000,1,w2_10,162,61.7985,1.0,10,,scalar_first_exact
pg-hnsw,250000,1,w2_10,496,63.937375,1.0,10,,scalar_first_exact
pg-hnsw,250000,1,w2_10,826,62.997417,1.0,10,,scalar_first_exact
pg-hnsw,250000,1,w2_10,230,62.657958,1.0,10,,scalar_first_exact
pg-hnsw,250000,1,w2_10,359,63.771042,1.0,10,,scalar_first_exact
pg-hnsw,250000,1,w2_10,485,63.470958,1.0,10,,scalar_first_exact
pg-hnsw,250000,1,w2_10,170,63.704709,1.0,10,,scalar_first_exact
pg-hnsw,250000,1,w2_10,781,60.61,1.0,10,,scalar_first_exact
pg-hnsw,250000,1,w2_10,608,61.08975,1.0,10,,scalar_first_exact
pg-hnsw,250000,1,w2_10,151,61.386416,1.0,10,,scalar_first_exact
pg-hnsw,250000,1,w2_10,842,61.283084,1.0,10,,scalar_first_exact
pg-hnsw,250000,1,w2_10,418,63.01275,1.0,10,,scalar_first_exact
pg-hnsw,250000,1,w2_10,651,62.998583,1.0,10,,scalar_first_exact
pg-hnsw,250000,1,w2_10,731,62.854083,1.0,10,,scalar_first_exact
pg-hnsw,250000,1,w2_10,401,67.45225,1.0,10,,scalar_first_exact
pg-hnsw,250000,1,w2_10,220,68.357625,1.0,10,,scalar_first_exact
pg-hnsw,250000,1,w2_10,819,62.955083,1.0,10,,scalar_first_exact
pg-hnsw,250000,1,w2_10,174,60.553542,1.0,10,,scalar_first_exact
pg-hnsw,250000,1,w2_10,765,62.086459,1.0,10,,scalar_first_exact
pg-hnsw,250000,1,w2_10,797,63.289792,1.0,10,,scalar_first_exact
pg-hnsw,250000,1,w2_10,352,62.868667,1.0,10,,scalar_first_exact
pg-hnsw,250000,1,w2_10,491,61.912833,1.0,10,,scalar_first_exact
pg-hnsw,250000,1,w2_10,937,62.532167,1.0,10,,scalar_first_exact
pg-hnsw,250000,1,w2_10,528,62.062791,1.0,10,,scalar_first_exact
pg-hnsw,250000,1,w2_10,960,61.123833,1.0,10,,scalar_first_exact
pg-hnsw,250000,1,w2_10,767,63.182625,1.0,10,,scalar_first_exact
pg-hnsw,250000,1,w2_10,737,63.343916,1.0,10,,scalar_first_exact
pg-hnsw,250000,1,w2_10,416,62.206417,1.0,10,,scalar_first_exact
pg-hnsw,250000,1,w2_10,207,65.739833,1.0,10,,scalar_first_exact
pg-hnsw,250000,1,w2_10,751,62.250625,1.0,10,,scalar_first_exact
pg-hnsw,250000,1,w2_10,381,62.368375,1.0,10,,scalar_first_exact
pg-hnsw,250000,1,w2_10,259,65.007167,1.0,10,,scalar_first_exact
pg-hnsw,250000,1,w2_10,700,61.46175,1.0,10,,scalar_first_exact
pg-hnsw,250000,1,w2_10,390,63.179417,1.0,10,,scalar_first_exact
pg-hnsw,250000,1,w2_10,475,63.89725,1.0,10,,scalar_first_exact
pg-hnsw,250000,1,w2_10,524,62.030708,1.0,10,,scalar_first_exact
pg-hnsw,250000,1,w2_10,452,62.790458,1.0,10,,scalar_first_exact
pg-hnsw,250000,1,w2_10,109,64.222917,1.0,10,,scalar_first_exact
pg-hnsw,250000,1,w2_10,448,63.282958,1.0,10,,scalar_first_exact
pg-hnsw,250000,1,w2_10,290,61.688,1.0,10,,scalar_first_exact
pg-hnsw,250000,1,w2_10,391,59.76475,1.0,10,,scalar_first_exact
pg-hnsw,250000,1,w2_10,549,61.961125,1.0,10,,scalar_first_exact
pg-hnsw,250000,1,w2_10,710,62.110375,1.0,10,,scalar_first_exact
pg-hnsw,250000,1,w2_10,181,62.218834,1.0,10,,scalar_first_exact
pg-hnsw,250000,1,w2_10,307,64.874709,1.0,10,,scalar_first_exact
pg-hnsw,250000,1,w2_10,691,61.731708,1.0,10,,scalar_first_exact
pg-hnsw,250000,1,w2_10,645,63.608917,1.0,10,,scalar_first_exact
pg-hnsw,250000,1,w2_10,665,63.497125,1.0,10,,scalar_first_exact
pg-hnsw,250000,1,w2_10,832,64.46375,1.0,10,,scalar_first_exact
pg-hnsw,250000,1,w2_10,823,63.133708,1.0,10,,scalar_first_exact
pg-hnsw,250000,1,w2_10,912,62.8985,1.0,10,,scalar_first_exact
pg-hnsw,250000,1,w2_10,543,62.328291,1.0,10,,scalar_first_exact
pg-hnsw,250000,1,w2_10,610,61.735416,1.0,10,,scalar_first_exact
pg-hnsw,250000,1,w2_10,224,61.656583,1.0,10,,scalar_first_exact
pg-hnsw,250000,1,w2_10,935,63.216,1.0,10,,scalar_first_exact
pg-hnsw,250000,1,w2_10,535,63.248583,1.0,10,,scalar_first_exact
pg-hnsw,250000,1,w2_10,296,62.464416,1.0,10,,scalar_first_exact
pg-hnsw,250000,1,w2_10,750,61.331333,1.0,10,,scalar_first_exact
pg-hnsw,250000,1,w2_10,647,63.756916,1.0,10,,scalar_first_exact
pg-hnsw,250000,1,w2_10,755,63.944875,1.0,10,,scalar_first_exact
pg-hnsw,250000,1,w2_10,775,63.516125,1.0,10,,scalar_first_exact
pg-hnsw,250000,1,w2_10,122,64.2895,1.0,10,,scalar_first_exact
pg-hnsw,250000,1,w2_10,232,61.582458,1.0,10,,scalar_first_exact
pg-hnsw,250000,1,w2_10,718,62.4245,1.0,10,,scalar_first_exact
pg-hnsw,250000,1,w2_10,270,61.264875,1.0,10,,scalar_first_exact
pg-hnsw,250000,1,w2_10,696,63.068792,1.0,10,,scalar_first_exact
pg-hnsw,250000,1,w2_10,927,65.711917,1.0,10,,scalar_first_exact
pg-hnsw,250000,1,w2_10,532,61.080417,1.0,10,,scalar_first_exact
pg-hnsw,250000,1,w2_10,772,64.814083,1.0,10,,scalar_first_exact
pg-hnsw,250000,1,w2_10,487,62.632542,1.0,10,,scalar_first_exact
pg-hnsw,250000,1,w2_10,104,62.181,1.0,10,,scalar_first_exact
pg-hnsw,250000,1,w2_10,490,61.427083,1.0,10,,scalar_first_exact
pg-hnsw,250000,1,w2_10,553,61.974125,1.0,10,,scalar_first_exact
pg-hnsw,250000,1,w2_10,982,60.938083,1.0,10,,scalar_first_exact
pg-hnsw,250000,1,w2_10,435,62.896875,1.0,10,,scalar_first_exact
pg-hnsw,250000,1,w2_10,682,62.079083,1.0,10,,scalar_first_exact
pg-hnsw,250000,1,w2_10,709,61.962334,1.0,10,,scalar_first_exact
pg-hnsw,250000,1,w2_10,275,63.325792,1.0,10,,scalar_first_exact
pg-hnsw,250000,1,w2_10,564,61.774375,1.0,10,,scalar_first_exact
pg-hnsw,250000,1,w2_10,849,63.485542,1.0,10,,scalar_first_exact
pg-hnsw,250000,1,w2_10,794,62.079917,1.0,10,,scalar_first_exact
pg-hnsw,250000,1,w2_10,227,63.88475,1.0,10,,scalar_first_exact
pg-hnsw,250000,1,w2_10,200,64.346458,1.0,10,,scalar_first_exact
pg-hnsw,250000,1,w2_10,121,61.228834,1.0,10,,scalar_first_exact
pg-hnsw,250000,1,w2_10,574,63.021583,1.0,10,,scalar_first_exact
pg-hnsw,250000,1,w2_10,623,61.713208,1.0,10,,scalar_first_exact
pg-hnsw,250000,1,w2_10,167,63.166625,1.0,10,,scalar_first_exact
pg-hnsw,250000,1,w2_10,602,60.992875,1.0,10,,scalar_first_exact
pg-hnsw,250000,1,w2_10,581,63.445834,1.0,10,,scalar_first_exact
pg-hnsw,250000,1,w2_10,238,62.156125,1.0,10,,scalar_first_exact
pg-hnsw,250000,1,w2_10,499,61.939917,1.0,10,,scalar_first_exact
pg-hnsw,250000,1,w2_10,219,66.182583,1.0,10,,scalar_first_exact
pg-hnsw,250000,1,w2_10,382,62.995375,1.0,10,,scalar_first_exact
pg-hnsw,250000,1,w2_10,928,64.114416,1.0,10,,scalar_first_exact
pg-hnsw,250000,1,w2_10,516,62.659458,1.0,10,,scalar_first_exact
pg-hnsw,250000,1,w2_10,729,65.059208,1.0,10,,scalar_first_exact
pg-hnsw,250000,1,w2_10,900,62.381375,1.0,10,,scalar_first_exact
pg-hnsw,250000,1,w2_10,518,63.537333,1.0,10,,scalar_first_exact
pg-hnsw,250000,1,w2_10,519,63.96675,1.0,10,,scalar_first_exact
pg-hnsw,250000,1,w2_10,844,65.4145,1.0,10,,scalar_first_exact
pg-hnsw,250000,1,w2_10,488,64.0915,1.0,10,,scalar_first_exact
pg-hnsw,250000,1,w2_10,992,63.117458,1.0,10,,scalar_first_exact
pg-hnsw,250000,1,w2_10,130,59.971459,1.0,10,,scalar_first_exact
pg-hnsw,250000,1,w2_10,101,60.876084,1.0,10,,scalar_first_exact
pg-hnsw,250000,1,w2_10,249,60.712833,1.0,10,,scalar_first_exact
pg-hnsw,250000,1,w2_10,559,62.978375,1.0,10,,scalar_first_exact
pg-hnsw,250000,1,w2_10,514,60.344208,1.0,10,,scalar_first_exact
pg-hnsw,250000,1,w2_10,350,61.941542,1.0,10,,scalar_first_exact
pg-hnsw,250000,1,w2_10,328,63.552084,1.0,10,,scalar_first_exact
pg-hnsw,250000,1,w2_10,873,63.255333,1.0,10,,scalar_first_exact
pg-hnsw,250000,1,w2_10,123,62.721167,1.0,10,,scalar_first_exact
pg-hnsw,250000,1,w2_10,554,60.939458,1.0,10,,scalar_first_exact
pg-hnsw,250000,1,w2_10,943,65.089583,1.0,10,,scalar_first_exact
pg-hnsw,250000,1,w2_10,598,63.154667,1.0,10,,scalar_first_exact
pg-hnsw,250000,1,w2_10,916,61.943875,1.0,10,,scalar_first_exact
pg-hnsw,250000,1,w2_10,222,64.15825,1.0,10,,scalar_first_exact
pg-hnsw,250000,1,w2_10,941,62.421042,1.0,10,,scalar_first_exact
pg-hnsw,250000,1,w2_10,643,61.654875,1.0,10,,scalar_first_exact
pg-hnsw,250000,1,w2_10,517,62.080416,1.0,10,,scalar_first_exact
pg-hnsw,250000,1,w2_10,577,62.857042,1.0,10,,scalar_first_exact
pg-hnsw,250000,1,w2_10,305,66.605125,1.0,10,,scalar_first_exact
pg-hnsw,250000,1,w2_10,342,61.623417,1.0,10,,scalar_first_exact
pg-hnsw,250000,1,w2_10,959,61.15225,1.0,10,,scalar_first_exact
pg-hnsw,250000,1,w2_10,790,62.367458,1.0,10,,scalar_first_exact
pg-hnsw,250000,1,w2_10,876,62.622208,1.0,10,,scalar_first_exact
pg-hnsw,250000,1,w2_10,438,63.7555,1.0,10,,scalar_first_exact
pg-hnsw,250000,1,w2_10,253,62.28575,1.0,10,,scalar_first_exact
pg-hnsw,250000,1,w2_10,837,64.499625,1.0,10,,scalar_first_exact
pg-hnsw,250000,1,w2_10,184,61.025083,1.0,10,,scalar_first_exact
pg-hnsw,250000,1,w2_10,850,60.741459,1.0,10,,scalar_first_exact
pg-hnsw,250000,1,w2_10,362,62.821875,1.0,10,,scalar_first_exact
pg-hnsw,250000,1,w2_10,996,62.289042,1.0,10,,scalar_first_exact
pg-hnsw,250000,1,w2_10,245,63.483333,1.0,10,,scalar_first_exact
pg-hnsw,250000,1,w2_10,439,63.477041,1.0,10,,scalar_first_exact
pg-hnsw,250000,1,w2_10,878,62.071959,1.0,10,,scalar_first_exact
pg-hnsw,250000,1,w2_10,999,62.394375,1.0,10,,scalar_first_exact
pg-hnsw,250000,1,w2_10,644,62.617666,1.0,10,,scalar_first_exact
pg-hnsw,250000,1,w2_10,310,62.57475,1.0,10,,scalar_first_exact
pg-hnsw,250000,1,w2_10,255,62.678292,1.0,10,,scalar_first_exact
pg-hnsw,250000,1,w2_10,888,63.620375,1.0,10,,scalar_first_exact
pg-hnsw,250000,1,w2_10,393,61.384292,1.0,10,,scalar_first_exact
pg-hnsw,250000,1,w2_10,505,64.471208,1.0,10,,scalar_first_exact
pg-hnsw,250000,1,w2_10,152,64.439291,1.0,10,,scalar_first_exact
pg-hnsw,250000,1,w2_10,908,64.114708,1.0,10,,scalar_first_exact
pg-hnsw,250000,1,w2_10,166,64.84375,1.0,10,,scalar_first_exact
pg-hnsw,250000,1,w2_10,800,62.70475,1.0,10,,scalar_first_exact
pg-hnsw,250000,1,w2_10,821,63.669334,1.0,10,,scalar_first_exact
pg-hnsw,250000,1,w2_10,635,61.582375,1.0,10,,scalar_first_exact
pg-hnsw,250000,1,w2_10,727,63.443958,1.0,10,,scalar_first_exact
pg-hnsw,250000,1,w2_10,902,61.937625,1.0,10,,scalar_first_exact
pg-hnsw,250000,1,w2_10,114,61.539833,1.0,10,,scalar_first_exact
pg-hnsw,250000,1,w2_10,778,61.990125,1.0,10,,scalar_first_exact
pg-hnsw,250000,1,w2_10,289,63.778875,1.0,10,,scalar_first_exact
pg-hnsw,250000,1,w2_10,789,61.860458,1.0,10,,scalar_first_exact
pg-hnsw,250000,1,w2_10,215,63.234834,1.0,10,,scalar_first_exact
pg-hnsw,250000,1,w2_10,409,63.255125,1.0,10,,scalar_first_exact
pg-hnsw,250000,1,w2_10,478,63.120708,1.0,10,,scalar_first_exact
pg-hnsw,250000,1,w2_10,601,62.055125,1.0,10,,scalar_first_exact
pg-hnsw,250000,1,w2_10,831,62.599541,1.0,10,,scalar_first_exact
pg-hnsw,250000,1,w2_10,652,62.073167,1.0,10,,scalar_first_exact
pg-hnsw,250000,1,w2_10,975,63.789125,1.0,10,,scalar_first_exact
pg-hnsw,250000,1,w2_10,179,61.422625,1.0,10,,scalar_first_exact
pg-hnsw,250000,1,w2_10,929,62.66725,1.0,10,,scalar_first_exact
pg-hnsw,250000,1,w2_10,753,63.283625,1.0,10,,scalar_first_exact
pg-hnsw,250000,1,w2_10,430,59.862834,1.0,10,,scalar_first_exact
pg-hnsw,250000,1,w2_10,392,62.597959,1.0,10,,scalar_first_exact
pg-hnsw,250000,1,w2_10,754,60.970292,1.0,10,,scalar_first_exact
pg-hnsw,250000,1,w2_10,586,61.270459,1.0,10,,scalar_first_exact
pg-hnsw,250000,1,w2_10,582,60.613,1.0,10,,scalar_first_exact
pg-hnsw,250000,1,w2_10,840,62.185709,1.0,10,,scalar_first_exact
pg-hnsw,250000,1,w2_10,404,63.323459,1.0,10,,scalar_first_exact
pg-hnsw,250000,1,w2_10,357,63.282583,1.0,10,,scalar_first_exact
pg-hnsw,250000,1,w2_10,498,65.018375,1.0,10,,scalar_first_exact
pg-hnsw,250000,1,w2_10,375,64.389167,1.0,10,,scalar_first_exact
pg-hnsw,250000,1,w2_10,705,66.9825,1.0,10,,scalar_first_exact
pg-hnsw,250000,1,w2_10,722,62.973542,1.0,10,,scalar_first_exact
pg-hnsw,250000,1,w2_10,250,63.267541,1.0,10,,scalar_first_exact
pg-hnsw,250000,1,w2_10,974,61.92125,1.0,10,,scalar_first_exact
pg-hnsw,250000,1,w2_10,345,62.7415,1.0,10,,scalar_first_exact
pg-hnsw,250000,1,w2_10,897,62.384083,1.0,10,,scalar_first_exact
pg-hnsw,250000,1,w2_10,637,75.539625,1.0,10,,scalar_first_exact
pg-hnsw,250000,1,w2_10,205,65.716584,1.0,10,,scalar_first_exact
pg-hnsw,250000,1,w2_10,984,62.165334,1.0,10,,scalar_first_exact
pg-hnsw,250000,1,w2_10,389,62.232584,1.0,10,,scalar_first_exact
pg-hnsw,250000,1,w2_10,424,62.208042,1.0,10,,scalar_first_exact
pg-hnsw,250000,1,w2_10,810,63.063,1.0,10,,scalar_first_exact
pg-hnsw,250000,1,w2_10,946,62.117958,1.0,10,,scalar_first_exact
pg-hnsw,250000,1,w2_10,798,63.521166,1.0,10,,scalar_first_exact
pg-hnsw,250000,1,w2_10,208,63.12025,1.0,10,,scalar_first_exact
pg-hnsw,250000,1,w2_10,103,62.139375,1.0,10,,scalar_first_exact
pg-hnsw,250000,1,w2_10,140,61.800666,1.0,10,,scalar_first_exact
pg-hnsw,250000,1,w2_10,286,62.524917,1.0,10,,scalar_first_exact
pg-hnsw,250000,1,w2_10,757,63.75375,1.0,10,,scalar_first_exact
pg-hnsw,250000,1,w2_10,327,63.706458,1.0,10,,scalar_first_exact
pg-hnsw,250000,1,w2_10,707,64.377125,1.0,10,,scalar_first_exact
pg-hnsw,250000,1,w2_10,793,62.253333,1.0,10,,scalar_first_exact
pg-hnsw,250000,1,w2_10,445,62.336958,1.0,10,,scalar_first_exact
pg-hnsw,250000,1,w2_10,621,62.806708,1.0,10,,scalar_first_exact
pg-hnsw,250000,1,w2_10,626,61.732375,1.0,10,,scalar_first_exact
pg-hnsw,250000,1,w2_10,447,61.58375,1.0,10,,scalar_first_exact
pg-hnsw,250000,1,w2_10,874,63.009084,1.0,10,,scalar_first_exact
pg-hnsw,250000,1,w2_10,133,61.884875,1.0,10,,scalar_first_exact
pg-hnsw,250000,1,w2_10,738,64.479792,1.0,10,,scalar_first_exact
pg-hnsw,250000,1,w2_10,164,61.144542,1.0,10,,scalar_first_exact
pg-hnsw,250000,1,w2_10,347,62.953791,1.0,10,,scalar_first_exact
pg-hnsw,250000,1,w2_10,402,61.459167,1.0,10,,scalar_first_exact
pg-hnsw,250000,1,w2_10,150,62.984916,1.0,10,,scalar_first_exact
pg-hnsw,250000,1,w2_10,632,62.713334,1.0,10,,scalar_first_exact
pg-hnsw,250000,1,w2_10,147,63.673708,1.0,10,,scalar_first_exact
pg-hnsw,250000,1,w2_10,777,65.655208,1.0,10,,scalar_first_exact
pg-hnsw,250000,1,w2_10,917,66.426583,1.0,10,,scalar_first_exact
pg-hnsw,250000,1,w2_10,811,62.115792,1.0,10,,scalar_first_exact
pg-hnsw,250000,1,w2_10,893,62.088916,1.0,10,,scalar_first_exact
pg-hnsw,250000,1,w2_10,119,63.2135,1.0,10,,scalar_first_exact
pg-hnsw,250000,1,w2_10,529,62.847459,1.0,10,,scalar_first_exact
pg-hnsw,250000,1,w2_10,512,61.249,1.0,10,,scalar_first_exact
pg-hnsw,250000,1,w2_10,944,61.873958,1.0,10,,scalar_first_exact
pg-hnsw,250000,1,w2_10,526,62.110708,1.0,10,,scalar_first_exact
pg-hnsw,250000,1,w2_10,892,61.396125,1.0,10,,scalar_first_exact
pg-hnsw,250000,1,w2_10,673,62.150667,1.0,10,,scalar_first_exact
pg-hnsw,250000,1,w2_10,462,61.837666,1.0,10,,scalar_first_exact
pg-hnsw,250000,1,w2_10,745,63.902708,1.0,10,,scalar_first_exact
pg-hnsw,250000,1,w2_10,442,61.946375,1.0,10,,scalar_first_exact
pg-hnsw,250000,1,w2_10,278,64.308,1.0,10,,scalar_first_exact
pg-hnsw,250000,1,w2_10,862,60.228458,1.0,10,,scalar_first_exact
pg-hnsw,250000,1,w2_10,806,62.420375,1.0,10,,scalar_first_exact
pg-hnsw,250000,1,w2_10,429,66.824583,1.0,10,,scalar_first_exact
pg-hnsw,250000,1,w2_10,809,65.021375,1.0,10,,scalar_first_exact
pg-hnsw,250000,1,w2_10,500,60.822833,1.0,10,,scalar_first_exact
pg-hnsw,250000,1,w2_10,599,64.355,1.0,10,,scalar_first_exact
pg-hnsw,250000,1,w2_10,247,61.975,1.0,10,,scalar_first_exact
pg-hnsw,250000,1,w2_10,410,62.99725,1.0,10,,scalar_first_exact
pg-hnsw,250000,1,w2_10,160,59.950291,1.0,10,,scalar_first_exact
pg-hnsw,250000,1,w2_10,228,65.05025,1.0,10,,scalar_first_exact
pg-hnsw,250000,1,w2_10,795,63.110084,1.0,10,,scalar_first_exact
pg-hnsw,250000,1,w2_10,120,63.710125,1.0,10,,scalar_first_exact
pg-hnsw,250000,1,w2_10,545,62.436041,1.0,10,,scalar_first_exact
pg-hnsw,250000,1,w2_10,251,62.272792,1.0,10,,scalar_first_exact
pg-hnsw,250000,1,w2_10,131,64.437791,1.0,10,,scalar_first_exact
pg-hnsw,250000,1,w2_10,163,62.103875,1.0,10,,scalar_first_exact
pg-hnsw,250000,1,w2_10,414,60.907166,1.0,10,,scalar_first_exact
pg-hnsw,250000,1,w2_10,833,62.845666,1.0,10,,scalar_first_exact
pg-hnsw,250000,1,w2_10,919,61.408833,1.0,10,,scalar_first_exact
pg-hnsw,250000,1,w2_10,872,62.430458,1.0,10,,scalar_first_exact
pg-hnsw,250000,1,w2_10,454,60.646291,1.0,10,,scalar_first_exact
pg-hnsw,250000,1,w2_10,134,61.786708,1.0,10,,scalar_first_exact
pg-hnsw,250000,1,w2_10,580,62.028375,1.0,10,,scalar_first_exact
pg-hnsw,250000,1,w2_10,858,63.176084,1.0,10,,scalar_first_exact
pg-hnsw,250000,1,w2_10,497,62.254542,1.0,10,,scalar_first_exact
pg-hnsw,250000,1,w2_10,188,71.692833,1.0,10,,scalar_first_exact
pg-hnsw,250000,1,w2_10,631,63.485333,1.0,10,,scalar_first_exact
pg-hnsw,250000,1,w2_10,268,63.730083,1.0,10,,scalar_first_exact
pg-hnsw,250000,1,w2_10,640,63.277458,1.0,10,,scalar_first_exact
pg-hnsw,250000,1,w2_10,108,61.41225,1.0,10,,scalar_first_exact
pg-hnsw,250000,1,w2_10,335,65.746208,1.0,10,,scalar_first_exact
pg-hnsw,250000,1,w2_10,600,62.619208,1.0,10,,scalar_first_exact
pg-hnsw,250000,1,w2_10,291,62.56175,1.0,10,,scalar_first_exact
pg-hnsw,250000,1,w2_10,527,62.925666,1.0,10,,scalar_first_exact
pg-hnsw,250000,1,w2_10,340,61.785291,1.0,10,,scalar_first_exact
pg-hnsw,250000,1,w2_10,816,65.745208,1.0,10,,scalar_first_exact
pg-hnsw,250000,1,w2_10,763,64.254292,1.0,10,,scalar_first_exact
pg-hnsw,250000,1,w2_10,484,59.233583,1.0,10,,scalar_first_exact
pg-hnsw,250000,1,w2_10,443,62.911666,1.0,10,,scalar_first_exact
pg-hnsw,250000,1,w2_10,573,61.219833,1.0,10,,scalar_first_exact
pg-hnsw,250000,1,w2_10,333,61.760417,1.0,10,,scalar_first_exact
pg-hnsw,250000,1,w2_10,657,62.27575,1.0,10,,scalar_first_exact
pg-hnsw,250000,1,w2_10,369,63.630084,1.0,10,,scalar_first_exact
pg-hnsw,250000,1,w2_10,942,62.563167,1.0,10,,scalar_first_exact
pg-hnsw,250000,1,w2_10,173,61.295542,1.0,10,,scalar_first_exact
pg-hnsw,250000,1,w2_10,264,61.688459,1.0,10,,scalar_first_exact
pg-hnsw,250000,1,w2_10,969,65.416375,1.0,10,,scalar_first_exact
pg-hnsw,250000,1,w2_10,533,62.189958,1.0,10,,scalar_first_exact
pg-hnsw,250000,1,w2_10,266,63.572625,1.0,10,,scalar_first_exact
pg-hnsw,250000,1,w2_10,747,63.609584,1.0,10,,scalar_first_exact
pg-hnsw,250000,1,w2_10,968,63.041625,1.0,10,,scalar_first_exact
pg-hnsw,250000,1,w2_10,907,64.313209,1.0,10,,scalar_first_exact
pg-hnsw,250000,1,w2_10,894,62.046292,1.0,10,,scalar_first_exact
pg-hnsw,250000,1,w2_10,938,60.163416,1.0,10,,scalar_first_exact
pg-hnsw,250000,1,w2_10,349,62.857625,1.0,10,,scalar_first_exact
pg-hnsw,250000,1,w2_10,702,61.080833,1.0,10,,scalar_first_exact
pg-hnsw,250000,1,w2_10,590,61.273417,1.0,10,,scalar_first_exact
pg-hnsw,250000,1,w2_10,801,63.663667,1.0,10,,scalar_first_exact
pg-hnsw,250000,1,w2_10,319,65.482541,1.0,10,,scalar_first_exact
pg-hnsw,250000,1,w2_10,332,60.965291,1.0,10,,scalar_first_exact
pg-hnsw,250000,1,w2_10,231,62.684,1.0,10,,scalar_first_exact
pg-hnsw,250000,1,w2_10,511,62.282042,1.0,10,,scalar_first_exact
pg-hnsw,250000,1,w2_10,783,66.646125,1.0,10,,scalar_first_exact
pg-hnsw,250000,1,w2_10,127,64.183334,1.0,10,,scalar_first_exact
pg-hnsw,250000,1,w2_10,387,66.466167,1.0,10,,scalar_first_exact
pg-hnsw,250000,1,w2_10,883,62.668708,1.0,10,,scalar_first_exact
pg-hnsw,250000,1,w2_10,455,63.885417,1.0,10,,scalar_first_exact
pg-hnsw,250000,1,w2_10,830,63.76375,1.0,10,,scalar_first_exact
pg-hnsw,250000,1,w2_10,492,62.744042,1.0,10,,scalar_first_exact
pg-hnsw,250000,1,w2_10,903,61.136958,1.0,10,,scalar_first_exact
pg-hnsw,250000,1,w2_10,567,62.811459,1.0,10,,scalar_first_exact
pg-hnsw,250000,1,w2_10,658,60.500666,1.0,10,,scalar_first_exact
pg-hnsw,250000,1,w2_10,412,63.486167,1.0,10,,scalar_first_exact
pg-hnsw,250000,1,w2_10,546,63.609666,1.0,10,,scalar_first_exact
pg-hnsw,250000,1,w2_10,734,62.670667,1.0,10,,scalar_first_exact
pg-hnsw,250000,1,w2_10,990,60.717208,1.0,10,,scalar_first_exact
pg-hnsw,250000,1,w2_10,950,62.950167,1.0,10,,scalar_first_exact
pg-hnsw,250000,1,w2_10,182,65.350875,1.0,10,,scalar_first_exact
pg-hnsw,250000,1,w2_10,346,67.089167,1.0,10,,scalar_first_exact
pg-hnsw,250000,1,w2_10,886,65.013541,1.0,10,,scalar_first_exact
pg-hnsw,250000,1,w2_10,377,63.459958,1.0,10,,scalar_first_exact
pg-hnsw,250000,1,w2_10,132,63.350209,1.0,10,,scalar_first_exact
pg-hnsw,250000,1,w2_10,662,67.436625,1.0,10,,scalar_first_exact
pg-hnsw,250000,1,w2_10,764,62.144125,1.0,10,,scalar_first_exact
pg-hnsw,250000,1,w2_10,890,61.644292,1.0,10,,scalar_first_exact
pg-hnsw,250000,1,w2_10,771,60.883167,1.0,10,,scalar_first_exact
pg-hnsw,250000,1,w2_10,384,63.290792,1.0,10,,scalar_first_exact
pg-hnsw,250000,1,w2_10,149,64.507625,1.0,10,,scalar_first_exact
pg-hnsw,250000,1,w2_10,185,64.601708,1.0,10,,scalar_first_exact
pg-hnsw,250000,1,w2_10,846,67.997208,1.0,10,,scalar_first_exact
pg-hnsw,250000,1,w2_10,988,62.765917,1.0,10,,scalar_first_exact
pg-hnsw,250000,1,w2_10,995,63.579083,1.0,10,,scalar_first_exact
pg-hnsw,250000,1,w2_10,687,63.324125,1.0,10,,scalar_first_exact
pg-hnsw,250000,1,w2_10,124,63.793042,1.0,10,,scalar_first_exact
pg-hnsw,250000,1,w2_10,209,63.030292,1.0,10,,scalar_first_exact
pg-hnsw,250000,1,w2_10,863,62.128667,1.0,10,,scalar_first_exact
pg-hnsw,250000,1,w2_10,262,61.118083,1.0,10,,scalar_first_exact
pg-hnsw,250000,1,w2_10,211,62.45075,1.0,10,,scalar_first_exact
pg-hnsw,250000,1,w2_10,569,62.437667,1.0,10,,scalar_first_exact
pg-hnsw,250000,1,w2_10,145,63.024208,1.0,10,,scalar_first_exact
pg-hnsw,250000,1,w2_10,784,60.887625,1.0,10,,scalar_first_exact
pg-hnsw,250000,1,w2_10,510,60.733166,1.0,10,,scalar_first_exact
pg-hnsw,250000,1,w2_10,115,60.598042,1.0,10,,scalar_first_exact
pg-hnsw,250000,1,w2_10,889,62.048792,1.0,10,,scalar_first_exact
pg-hnsw,250000,1,w2_10,338,62.681125,1.0,10,,scalar_first_exact
pg-hnsw,250000,1,w2_10,856,63.129125,1.0,10,,scalar_first_exact
pg-hnsw,250000,1,w2_10,472,62.629209,1.0,10,,scalar_first_exact
pg-hnsw,250000,1,w2_10,165,61.7165,1.0,10,,scalar_first_exact
pg-hnsw,250000,1,w2_10,449,64.984542,1.0,10,,scalar_first_exact
pg-hnsw,250000,1,w2_10,386,62.997333,1.0,10,,scalar_first_exact
pg-hnsw,250000,1,w2_10,354,61.912333,1.0,10,,scalar_first_exact
pg-hnsw,250000,1,w2_10,985,66.037916,1.0,10,,scalar_first_exact
pg-hnsw,250000,1,w2_10,413,61.340334,1.0,10,,scalar_first_exact
pg-hnsw,250000,1,w2_10,280,62.812417,1.0,10,,scalar_first_exact
pg-hnsw,250000,1,w2_10,538,62.605625,1.0,10,,scalar_first_exact
pg-hnsw,250000,1,w2_10,530,62.22625,1.0,10,,scalar_first_exact
pg-hnsw,250000,1,w2_10,743,60.724708,1.0,10,,scalar_first_exact
pg-hnsw,250000,1,w2_10,759,62.326459,1.0,10,,scalar_first_exact
pg-hnsw,250000,1,w2_10,607,61.507208,1.0,10,,scalar_first_exact
pg-hnsw,250000,1,w2_10,403,61.173875,1.0,10,,scalar_first_exact
pg-hnsw,250000,1,w2_10,628,61.608,1.0,10,,scalar_first_exact
pg-hnsw,250000,1,w2_10,785,64.626875,1.0,10,,scalar_first_exact
pg-hnsw,250000,1,w2_10,589,64.23825,1.0,10,,scalar_first_exact
pg-hnsw,250000,1,w2_10,786,64.508417,1.0,10,,scalar_first_exact
pg-hnsw,250000,1,w2_10,353,62.910083,1.0,10,,scalar_first_exact
pg-hnsw,250000,1,w2_10,129,63.234333,1.0,10,,scalar_first_exact
pg-hnsw,250000,1,w2_10,157,63.596625,1.0,10,,scalar_first_exact
pg-hnsw,250000,1,w2_10,236,63.094209,1.0,10,,scalar_first_exact
pg-hnsw,250000,1,w2_10,292,62.432708,1.0,10,,scalar_first_exact
pg-hnsw,250000,1,w2_10,322,61.538041,1.0,10,,scalar_first_exact
pg-hnsw,250000,1,w2_10,688,63.462709,1.0,10,,scalar_first_exact
pg-hnsw,250000,1,w2_10,953,63.111,1.0,10,,scalar_first_exact
pg-hnsw,250000,1,w2_10,859,62.474875,1.0,10,,scalar_first_exact
pg-hnsw,250000,1,w2_10,256,61.883542,1.0,10,,scalar_first_exact
pg-hnsw,250000,1,w2_10,116,63.019208,1.0,10,,scalar_first_exact
pg-hnsw,250000,1,w2_10,398,60.990041,1.0,10,,scalar_first_exact
pg-hnsw,250000,1,w2_10,483,62.196042,1.0,10,,scalar_first_exact
pg-hnsw,250000,1,w2_10,698,63.098625,1.0,10,,scalar_first_exact
pg-hnsw,250000,1,w2_10,594,63.180125,1.0,10,,scalar_first_exact
pg-hnsw,250000,1,w2_10,986,64.327166,1.0,10,,scalar_first_exact
pg-hnsw,250000,1,w2_10,726,61.873458,1.0,10,,scalar_first_exact
pg-hnsw,250000,1,w2_10,407,64.584,1.0,10,,scalar_first_exact
pg-hnsw,250000,1,w2_10,229,62.283166,1.0,10,,scalar_first_exact
pg-hnsw,250000,1,w2_10,400,63.312167,1.0,10,,scalar_first_exact
pg-hnsw,250000,1,w2_10,906,61.516458,1.0,10,,scalar_first_exact
pg-hnsw,250000,1,w2_10,471,63.108125,1.0,10,,scalar_first_exact
pg-hnsw,250000,1,w2_10,223,61.538417,1.0,10,,scalar_first_exact
pg-hnsw,250000,1,w2_10,189,64.172833,1.0,10,,scalar_first_exact
pg-hnsw,250000,1,w2_10,561,60.650292,1.0,10,,scalar_first_exact
pg-hnsw,250000,1,w2_10,272,62.734625,1.0,10,,scalar_first_exact
pg-hnsw,250000,1,w2_10,814,60.47025,1.0,10,,scalar_first_exact
pg-hnsw,250000,1,w2_10,531,61.559209,1.0,10,,scalar_first_exact
pg-hnsw,250000,1,w2_10,293,61.607917,1.0,10,,scalar_first_exact
pg-hnsw,250000,1,w2_10,300,63.9375,1.0,10,,scalar_first_exact
pg-hnsw,250000,1,w2_10,461,63.850583,1.0,10,,scalar_first_exact
pg-hnsw,250000,1,w2_10,277,63.108542,1.0,10,,scalar_first_exact
pg-hnsw,250000,1,w2_10,714,61.719709,1.0,10,,scalar_first_exact
pg-hnsw,250000,1,w2_10,320,60.678917,1.0,10,,scalar_first_exact
pg-hnsw,250000,1,w2_10,834,62.619125,1.0,10,,scalar_first_exact
pg-hnsw,250000,1,w2_10,667,63.363041,1.0,10,,scalar_first_exact
pg-hnsw,250000,1,w2_10,724,62.218,1.0,10,,scalar_first_exact
pg-hnsw,250000,1,w2_10,252,61.867167,1.0,10,,scalar_first_exact
pg-hnsw,250000,1,w2_10,284,62.061875,1.0,10,,scalar_first_exact
pg-hnsw,250000,1,w2_10,504,60.502,1.0,10,,scalar_first_exact
pg-hnsw,250000,1,w2_10,787,63.045209,1.0,10,,scalar_first_exact
pg-hnsw,250000,1,w2_10,194,61.223542,1.0,10,,scalar_first_exact
pg-hnsw,250000,1,w2_10,997,62.853167,1.0,10,,scalar_first_exact
pg-hnsw,250000,1,w2_10,552,61.83175,1.0,10,,scalar_first_exact
pg-hnsw,250000,1,w2_10,932,61.722875,1.0,10,,scalar_first_exact
pg-hnsw,250000,1,w2_10,822,63.139958,1.0,10,,scalar_first_exact
pg-hnsw,250000,1,w2_10,201,63.8705,1.0,10,,scalar_first_exact
pg-hnsw,250000,1,w2_10,233,62.198083,1.0,10,,scalar_first_exact
pg-hnsw,250000,1,w2_10,596,63.653125,1.0,10,,scalar_first_exact
pg-hnsw,250000,1,w2_10,214,61.287791,1.0,10,,scalar_first_exact
pg-hnsw,250000,1,w2_10,838,62.322625,1.0,10,,scalar_first_exact
pg-hnsw,250000,1,w2_10,670,61.555334,1.0,10,,scalar_first_exact
pg-hnsw,250000,1,w2_10,450,62.187125,1.0,10,,scalar_first_exact
pg-hnsw,250000,1,w2_10,360,61.144292,1.0,10,,scalar_first_exact
pg-hnsw,250000,1,w2_10,187,64.689416,1.0,10,,scalar_first_exact
pg-hnsw,250000,1,w2_10,575,64.328541,1.0,10,,scalar_first_exact
pg-hnsw,250000,1,w2_10,921,61.19475,1.0,10,,scalar_first_exact
pg-hnsw,250000,1,w2_10,563,62.027584,1.0,10,,scalar_first_exact
pg-hnsw,250000,1,w2_10,396,62.029958,1.0,10,,scalar_first_exact
pg-hnsw,250000,1,w2_10,110,60.357834,1.0,10,,scalar_first_exact
pg-hnsw,250000,1,w2_10,973,61.836166,1.0,10,,scalar_first_exact
pg-hnsw,250000,1,w2_10,762,63.614083,1.0,10,,scalar_first_exact
pg-hnsw,250000,1,w2_10,983,62.515041,1.0,10,,scalar_first_exact
pg-hnsw,250000,1,w2_10,839,62.983708,1.0,10,,scalar_first_exact
pg-hnsw,250000,1,w2_10,991,63.376792,1.0,10,,scalar_first_exact
pg-hnsw,250000,1,w2_10,267,63.555542,1.0,10,,scalar_first_exact
pg-hnsw,250000,1,w2_10,898,63.450042,1.0,10,,scalar_first_exact
pg-hnsw,250000,1,w2_10,248,62.379541,1.0,10,,scalar_first_exact
pg-hnsw,250000,1,w2_10,697,62.583709,1.0,10,,scalar_first_exact
pg-hnsw,250000,1,w2_10,373,65.891209,1.0,10,,scalar_first_exact
pg-hnsw,250000,1,w2_10,199,67.589209,1.0,10,,scalar_first_exact
pg-hnsw,250000,1,w2_10,571,63.577375,1.0,10,,scalar_first_exact
pg-hnsw,250000,1,w2_10,901,60.7145,1.0,10,,scalar_first_exact
pg-hnsw,250000,1,w2_10,141,60.369291,1.0,10,,scalar_first_exact
pg-hnsw,250000,1,w2_10,463,61.688917,1.0,10,,scalar_first_exact
pg-hnsw,250000,1,w2_10,653,88.952041,1.0,10,,scalar_first_exact
pg-hnsw,250000,1,w2_10,649,75.366125,1.0,10,,scalar_first_exact
pg-hnsw,250000,1,w2_10,774,60.768625,1.0,10,,scalar_first_exact
pg-hnsw,250000,1,w2_10,368,63.904958,1.0,10,,scalar_first_exact
pg-hnsw,250000,1,w2_10,583,62.143125,1.0,10,,scalar_first_exact
pg-hnsw,250000,1,w2_10,721,61.852708,1.0,10,,scalar_first_exact
pg-hnsw,250000,1,w2_10,976,61.438333,1.0,10,,scalar_first_exact
pg-hnsw,250000,1,w2_10,520,62.658959,1.0,10,,scalar_first_exact
pg-hnsw,250000,1,w2_10,848,63.38,1.0,10,,scalar_first_exact
pg-hnsw,250000,1,w2_10,440,61.773,1.0,10,,scalar_first_exact
pg-hnsw,250000,1,w2_10,998,63.756167,1.0,10,,scalar_first_exact
pg-hnsw,250000,1,w2_10,910,62.568541,1.0,10,,scalar_first_exact
pg-hnsw,250000,1,w2_10,603,61.157,1.0,10,,scalar_first_exact
pg-hnsw,250000,1,w2_10,891,60.52625,1.0,10,,scalar_first_exact
pg-hnsw,250000,1,w2_10,444,61.227166,1.0,10,,scalar_first_exact
pg-hnsw,250000,1,w2_10,818,62.709208,1.0,10,,scalar_first_exact
pg-hnsw,250000,1,w2_10,676,62.176917,1.0,10,,scalar_first_exact
pg-hnsw,250000,1,w2_10,730,62.346166,1.0,10,,scalar_first_exact
pg-hnsw,250000,1,w2_10,311,66.244917,1.0,10,,scalar_first_exact
pg-hnsw,250000,1,w2_10,323,68.626875,1.0,10,,scalar_first_exact
pg-hnsw,250000,1,w2_10,118,65.742667,1.0,10,,scalar_first_exact
pg-hnsw,250000,1,w2_10,940,62.001958,1.0,10,,scalar_first_exact
pg-hnsw,250000,1,w2_10,871,63.469667,1.0,10,,scalar_first_exact
pg-hnsw,250000,1,w2_10,156,63.033542,1.0,10,,scalar_first_exact
pg-hnsw,250000,1,w2_10,978,63.644458,1.0,10,,scalar_first_exact
pg-hnsw,250000,1,w2_10,456,62.570125,1.0,10,,scalar_first_exact
pg-hnsw,250000,1,w2_10,193,61.529833,1.0,10,,scalar_first_exact
pg-hnsw,250000,1,w2_10,679,65.852958,1.0,10,,scalar_first_exact
pg-hnsw,250000,1,w2_10,534,61.011625,1.0,10,,scalar_first_exact
pg-hnsw,250000,1,w2_10,918,62.941375,1.0,10,,scalar_first_exact
pg-hnsw,250000,1,w2_10,415,61.741291,1.0,10,,scalar_first_exact
pg-hnsw,250000,1,w2_10,641,62.892625,1.0,10,,scalar_first_exact
pg-hnsw,250000,1,w2_10,587,62.767042,1.0,10,,scalar_first_exact
pg-hnsw,250000,1,w2_10,948,62.590959,1.0,10,,scalar_first_exact
pg-hnsw,250000,1,w2_10,102,61.893042,1.0,10,,scalar_first_exact
pg-hnsw,250000,1,w2_10,550,62.359584,1.0,10,,scalar_first_exact
pg-hnsw,250000,1,w2_10,143,63.018333,1.0,10,,scalar_first_exact
pg-hnsw,250000,1,w2_10,824,61.611667,1.0,10,,scalar_first_exact
pg-hnsw,250000,1,w2_10,365,64.067417,1.0,10,,scalar_first_exact
pg-hnsw,250000,1,w2_10,864,63.0965,1.0,10,,scalar_first_exact
pg-hnsw,250000,1,w2_10,235,63.704375,1.0,10,,scalar_first_exact
pg-hnsw,250000,1,w2_10,489,63.4205,1.0,10,,scalar_first_exact
pg-hnsw,250000,1,w2_10,358,62.274416,1.0,10,,scalar_first_exact
pg-hnsw,250000,1,w2_10,829,64.52675,1.0,10,,scalar_first_exact
pg-hnsw,250000,1,w2_10,739,61.99325,1.0,10,,scalar_first_exact
pg-hnsw,250000,1,w2_10,385,61.968542,1.0,10,,scalar_first_exact
pg-hnsw,250000,1,w2_10,813,61.707834,1.0,10,,scalar_first_exact
pg-hnsw,250000,1,w2_10,981,61.996125,1.0,10,,scalar_first_exact
pg-hnsw,250000,1,w2_10,951,60.514625,1.0,10,,scalar_first_exact
pg-hnsw,250000,1,w2_10,650,62.358375,1.0,10,,scalar_first_exact
pg-hnsw,250000,1,w2_10,865,64.335125,1.0,10,,scalar_first_exact
pg-hnsw,250000,1,w2_10,379,63.420958,1.0,10,,scalar_first_exact
pg-hnsw,250000,1,w2_10,681,63.35125,1.0,10,,scalar_first_exact
pg-hnsw,250000,1,w2_10,540,61.714458,1.0,10,,scalar_first_exact
pg-hnsw,250000,1,w2_10,723,62.827959,1.0,10,,scalar_first_exact
pg-hnsw,250000,1,w2_10,884,60.744625,1.0,10,,scalar_first_exact
pg-hnsw,250000,1,w2_10,805,63.060708,1.0,10,,scalar_first_exact
pg-hnsw,250000,1,w2_1,251,5.124417,1.0,10,,scalar_first_exact
pg-hnsw,250000,1,w2_1,685,5.558125,1.0,10,,scalar_first_exact
pg-hnsw,250000,1,w2_1,954,6.234708,1.0,10,,scalar_first_exact
pg-hnsw,250000,1,w2_1,302,5.021875,1.0,10,,scalar_first_exact
pg-hnsw,250000,1,w2_1,743,5.4235,1.0,10,,scalar_first_exact
pg-hnsw,250000,1,w2_1,822,6.844042,1.0,10,,scalar_first_exact
pg-hnsw,250000,1,w2_1,273,7.261084,1.0,10,,scalar_first_exact
pg-hnsw,250000,1,w2_1,799,9.684791,1.0,10,,scalar_first_exact
pg-hnsw,250000,1,w2_1,406,5.665291,1.0,10,,scalar_first_exact
pg-hnsw,250000,1,w2_1,833,5.84925,1.0,10,,scalar_first_exact
pg-hnsw,250000,1,w2_1,829,5.174084,1.0,10,,scalar_first_exact
pg-hnsw,250000,1,w2_1,441,5.73875,1.0,10,,scalar_first_exact
pg-hnsw,250000,1,w2_1,259,6.08975,1.0,10,,scalar_first_exact
pg-hnsw,250000,1,w2_1,247,5.810459,1.0,10,,scalar_first_exact
pg-hnsw,250000,1,w2_1,596,5.886833,1.0,10,,scalar_first_exact
pg-hnsw,250000,1,w2_1,123,5.705042,1.0,10,,scalar_first_exact
pg-hnsw,250000,1,w2_1,958,8.491625,1.0,10,,scalar_first_exact
pg-hnsw,250000,1,w2_1,959,5.764958,1.0,10,,scalar_first_exact
pg-hnsw,250000,1,w2_1,435,5.571375,1.0,10,,scalar_first_exact
pg-hnsw,250000,1,w2_1,918,5.322458,1.0,10,,scalar_first_exact
pg-hnsw,250000,1,w2_1,507,6.09425,1.0,10,,scalar_first_exact
pg-hnsw,250000,1,w2_1,180,5.410625,1.0,10,,scalar_first_exact
pg-hnsw,250000,1,w2_1,543,5.578125,1.0,10,,scalar_first_exact
pg-hnsw,250000,1,w2_1,652,6.467417,1.0,10,,scalar_first_exact
pg-hnsw,250000,1,w2_1,264,6.02775,1.0,10,,scalar_first_exact
pg-hnsw,250000,1,w2_1,826,5.90875,1.0,10,,scalar_first_exact
pg-hnsw,250000,1,w2_1,448,6.548792,1.0,10,,scalar_first_exact
pg-hnsw,250000,1,w2_1,711,6.580417,1.0,10,,scalar_first_exact
pg-hnsw,250000,1,w2_1,330,5.438708,1.0,10,,scalar_first_exact
pg-hnsw,250000,1,w2_1,859,6.971166,1.0,10,,scalar_first_exact
pg-hnsw,250000,1,w2_1,233,6.6685,1.0,10,,scalar_first_exact
pg-hnsw,250000,1,w2_1,887,6.033625,1.0,10,,scalar_first_exact
pg-hnsw,250000,1,w2_1,433,6.05375,1.0,10,,scalar_first_exact
pg-hnsw,250000,1,w2_1,828,6.013084,1.0,10,,scalar_first_exact
pg-hnsw,250000,1,w2_1,130,9.037041,1.0,10,,scalar_first_exact
pg-hnsw,250000,1,w2_1,601,7.174584,1.0,10,,scalar_first_exact
pg-hnsw,250000,1,w2_1,116,6.374458,1.0,10,,scalar_first_exact
pg-hnsw,250000,1,w2_1,393,6.467792,1.0,10,,scalar_first_exact
pg-hnsw,250000,1,w2_1,378,5.710875,1.0,10,,scalar_first_exact
pg-hnsw,250000,1,w2_1,767,5.793083,1.0,10,,scalar_first_exact
pg-hnsw,250000,1,w2_1,397,5.471458,1.0,10,,scalar_first_exact
pg-hnsw,250000,1,w2_1,942,5.369625,1.0,10,,scalar_first_exact
pg-hnsw,250000,1,w2_1,849,6.094083,1.0,10,,scalar_first_exact
pg-hnsw,250000,1,w2_1,616,9.808125,1.0,10,,scalar_first_exact
pg-hnsw,250000,1,w2_1,255,6.319833,1.0,10,,scalar_first_exact
pg-hnsw,250000,1,w2_1,341,6.147708,1.0,10,,scalar_first_exact
pg-hnsw,250000,1,w2_1,723,5.492458,1.0,10,,scalar_first_exact
pg-hnsw,250000,1,w2_1,761,6.374125,1.0,10,,scalar_first_exact
pg-hnsw,250000,1,w2_1,477,6.80525,1.0,10,,scalar_first_exact
pg-hnsw,250000,1,w2_1,124,6.01625,1.0,10,,scalar_first_exact
pg-hnsw,250000,1,w2_1,774,6.093042,1.0,10,,scalar_first_exact
pg-hnsw,250000,1,w2_1,281,6.018666,1.0,10,,scalar_first_exact
pg-hnsw,250000,1,w2_1,489,9.308958,1.0,10,,scalar_first_exact
pg-hnsw,250000,1,w2_1,877,5.83025,1.0,10,,scalar_first_exact
pg-hnsw,250000,1,w2_1,904,5.9465,1.0,10,,scalar_first_exact
pg-hnsw,250000,1,w2_1,508,5.714708,1.0,10,,scalar_first_exact
pg-hnsw,250000,1,w2_1,229,6.312583,1.0,10,,scalar_first_exact
pg-hnsw,250000,1,w2_1,850,6.722708,1.0,10,,scalar_first_exact
pg-hnsw,250000,1,w2_1,127,6.047417,1.0,10,,scalar_first_exact
pg-hnsw,250000,1,w2_1,440,5.551291,1.0,10,,scalar_first_exact
pg-hnsw,250000,1,w2_1,927,5.454375,1.0,10,,scalar_first_exact
pg-hnsw,250000,1,w2_1,649,9.461,1.0,10,,scalar_first_exact
pg-hnsw,250000,1,w2_1,197,6.262458,1.0,10,,scalar_first_exact
pg-hnsw,250000,1,w2_1,110,6.574583,1.0,10,,scalar_first_exact
pg-hnsw,250000,1,w2_1,986,5.878041,1.0,10,,scalar_first_exact
pg-hnsw,250000,1,w2_1,983,5.982,1.0,10,,scalar_first_exact
pg-hnsw,250000,1,w2_1,319,5.910166,1.0,10,,scalar_first_exact
pg-hnsw,250000,1,w2_1,362,6.237208,1.0,10,,scalar_first_exact
pg-hnsw,250000,1,w2_1,977,5.697959,1.0,10,,scalar_first_exact
pg-hnsw,250000,1,w2_1,703,6.670625,1.0,10,,scalar_first_exact
pg-hnsw,250000,1,w2_1,623,5.248667,1.0,10,,scalar_first_exact
pg-hnsw,250000,1,w2_1,852,5.568917,1.0,10,,scalar_first_exact
pg-hnsw,250000,1,w2_1,114,5.874292,1.0,10,,scalar_first_exact
pg-hnsw,250000,1,w2_1,189,5.977541,1.0,10,,scalar_first_exact
pg-hnsw,250000,1,w2_1,683,6.126708,1.0,10,,scalar_first_exact
pg-hnsw,250000,1,w2_1,910,6.027792,1.0,10,,scalar_first_exact
pg-hnsw,250000,1,w2_1,612,4.828417,1.0,10,,scalar_first_exact
pg-hnsw,250000,1,w2_1,323,5.7525,1.0,10,,scalar_first_exact
pg-hnsw,250000,1,w2_1,141,5.606792,1.0,10,,scalar_first_exact
pg-hnsw,250000,1,w2_1,286,8.408666,1.0,10,,scalar_first_exact
pg-hnsw,250000,1,w2_1,837,6.269125,1.0,10,,scalar_first_exact
pg-hnsw,250000,1,w2_1,313,8.775042,1.0,10,,scalar_first_exact
pg-hnsw,250000,1,w2_1,187,6.183333,1.0,10,,scalar_first_exact
pg-hnsw,250000,1,w2_1,480,6.171666,1.0,10,,scalar_first_exact
pg-hnsw,250000,1,w2_1,941,5.643084,1.0,10,,scalar_first_exact
pg-hnsw,250000,1,w2_1,354,5.553,1.0,10,,scalar_first_exact
pg-hnsw,250000,1,w2_1,201,10.286791,1.0,10,,scalar_first_exact
pg-hnsw,250000,1,w2_1,380,6.148917,1.0,10,,scalar_first_exact
pg-hnsw,250000,1,w2_1,376,5.672083,1.0,10,,scalar_first_exact
pg-hnsw,250000,1,w2_1,737,5.747,1.0,10,,scalar_first_exact
pg-hnsw,250000,1,w2_1,979,5.730167,1.0,10,,scalar_first_exact
pg-hnsw,250000,1,w2_1,885,6.246459,1.0,10,,scalar_first_exact
pg-hnsw,250000,1,w2_1,253,6.563208,1.0,10,,scalar_first_exact
pg-hnsw,250000,1,w2_1,457,6.289917,1.0,10,,scalar_first_exact
pg-hnsw,250000,1,w2_1,469,6.352833,1.0,10,,scalar_first_exact
pg-hnsw,250000,1,w2_1,390,5.969708,1.0,10,,scalar_first_exact
pg-hnsw,250000,1,w2_1,888,6.447209,1.0,10,,scalar_first_exact
pg-hnsw,250000,1,w2_1,550,5.347,1.0,10,,scalar_first_exact
pg-hnsw,250000,1,w2_1,890,6.046417,1.0,10,,scalar_first_exact
pg-hnsw,250000,1,w2_1,104,6.502167,1.0,10,,scalar_first_exact
pg-hnsw,250000,1,w2_1,168,5.553334,1.0,10,,scalar_first_exact
pg-hnsw,250000,1,w2_1,853,6.300375,1.0,10,,scalar_first_exact
pg-hnsw,250000,1,w2_1,610,6.485,1.0,10,,scalar_first_exact
pg-hnsw,250000,1,w2_1,590,6.864375,1.0,10,,scalar_first_exact
pg-hnsw,250000,1,w2_1,917,6.778417,1.0,10,,scalar_first_exact
pg-hnsw,250000,1,w2_1,778,5.699375,1.0,10,,scalar_first_exact
pg-hnsw,250000,1,w2_1,389,6.587,1.0,10,,scalar_first_exact
pg-hnsw,250000,1,w2_1,171,6.033959,1.0,10,,scalar_first_exact
pg-hnsw,250000,1,w2_1,118,5.877708,1.0,10,,scalar_first_exact
pg-hnsw,250000,1,w2_1,412,5.813208,1.0,10,,scalar_first_exact
pg-hnsw,250000,1,w2_1,172,4.766667,1.0,10,,scalar_first_exact
pg-hnsw,250000,1,w2_1,891,6.273459,1.0,10,,scalar_first_exact
pg-hnsw,250000,1,w2_1,287,5.64075,1.0,10,,scalar_first_exact
pg-hnsw,250000,1,w2_1,140,6.554375,1.0,10,,scalar_first_exact
pg-hnsw,250000,1,w2_1,173,9.273333,1.0,10,,scalar_first_exact
pg-hnsw,250000,1,w2_1,931,6.351583,1.0,10,,scalar_first_exact
pg-hnsw,250000,1,w2_1,161,5.997834,1.0,10,,scalar_first_exact
pg-hnsw,250000,1,w2_1,965,5.859083,1.0,10,,scalar_first_exact
pg-hnsw,250000,1,w2_1,119,5.58875,1.0,10,,scalar_first_exact
pg-hnsw,250000,1,w2_1,963,10.169542,1.0,10,,scalar_first_exact
pg-hnsw,250000,1,w2_1,179,5.955584,1.0,10,,scalar_first_exact
pg-hnsw,250000,1,w2_1,277,9.539125,1.0,10,,scalar_first_exact
pg-hnsw,250000,1,w2_1,561,5.367167,1.0,10,,scalar_first_exact
pg-hnsw,250000,1,w2_1,989,6.073416,1.0,10,,scalar_first_exact
pg-hnsw,250000,1,w2_1,726,6.25725,1.0,10,,scalar_first_exact
pg-hnsw,250000,1,w2_1,221,6.065708,1.0,10,,scalar_first_exact
pg-hnsw,250000,1,w2_1,780,6.130667,1.0,10,,scalar_first_exact
pg-hnsw,250000,1,w2_1,976,5.589042,1.0,10,,scalar_first_exact
pg-hnsw,250000,1,w2_1,886,5.795334,1.0,10,,scalar_first_exact
pg-hnsw,250000,1,w2_1,706,9.990667,1.0,10,,scalar_first_exact
pg-hnsw,250000,1,w2_1,689,6.083667,1.0,10,,scalar_first_exact
pg-hnsw,250000,1,w2_1,863,8.949125,1.0,10,,scalar_first_exact
pg-hnsw,250000,1,w2_1,320,8.09825,1.0,10,,scalar_first_exact
pg-hnsw,250000,1,w2_1,956,5.371666,1.0,10,,scalar_first_exact
pg-hnsw,250000,1,w2_1,926,5.302208,1.0,10,,scalar_first_exact
pg-hnsw,250000,1,w2_1,614,6.318709,1.0,10,,scalar_first_exact
pg-hnsw,250000,1,w2_1,402,6.034458,1.0,10,,scalar_first_exact
pg-hnsw,250000,1,w2_1,784,5.746208,1.0,10,,scalar_first_exact
pg-hnsw,250000,1,w2_1,813,5.795375,1.0,10,,scalar_first_exact
pg-hnsw,250000,1,w2_1,256,8.639417,1.0,10,,scalar_first_exact
pg-hnsw,250000,1,w2_1,579,6.143375,1.0,10,,scalar_first_exact
pg-hnsw,250000,1,w2_1,137,8.253667,1.0,10,,scalar_first_exact
pg-hnsw,250000,1,w2_1,727,6.091375,1.0,10,,scalar_first_exact
pg-hnsw,250000,1,w2_1,295,5.346666,1.0,10,,scalar_first_exact
pg-hnsw,250000,1,w2_1,165,5.517083,1.0,10,,scalar_first_exact
pg-hnsw,250000,1,w2_1,103,6.633458,1.0,10,,scalar_first_exact
pg-hnsw,250000,1,w2_1,713,10.110583,1.0,10,,scalar_first_exact
pg-hnsw,250000,1,w2_1,884,6.259958,1.0,10,,scalar_first_exact
pg-hnsw,250000,1,w2_1,639,5.698083,1.0,10,,scalar_first_exact
pg-hnsw,250000,1,w2_1,502,5.478083,1.0,10,,scalar_first_exact
pg-hnsw,250000,1,w2_1,749,5.389,1.0,10,,scalar_first_exact
pg-hnsw,250000,1,w2_1,562,6.004958,1.0,10,,scalar_first_exact
pg-hnsw,250000,1,w2_1,752,5.479791,1.0,10,,scalar_first_exact
pg-hnsw,250000,1,w2_1,607,5.105708,1.0,10,,scalar_first_exact
pg-hnsw,250000,1,w2_1,449,5.726541,1.0,10,,scalar_first_exact
pg-hnsw,250000,1,w2_1,556,5.450459,1.0,10,,scalar_first_exact
pg-hnsw,250000,1,w2_1,655,7.393542,1.0,10,,scalar_first_exact
pg-hnsw,250000,1,w2_1,895,4.35775,1.0,10,,scalar_first_exact
pg-hnsw,250000,1,w2_1,298,5.464125,1.0,10,,scalar_first_exact
pg-hnsw,250000,1,w2_1,429,5.297625,1.0,10,,scalar_first_exact
pg-hnsw,250000,1,w2_1,267,5.891375,1.0,10,,scalar_first_exact
pg-hnsw,250000,1,w2_1,379,5.111583,1.0,10,,scalar_first_exact
pg-hnsw,250000,1,w2_1,943,7.302,1.0,10,,scalar_first_exact
pg-hnsw,250000,1,w2_1,870,5.800584,1.0,10,,scalar_first_exact
pg-hnsw,250000,1,w2_1,482,6.073459,1.0,10,,scalar_first_exact
pg-hnsw,250000,1,w2_1,258,5.532333,1.0,10,,scalar_first_exact
pg-hnsw,250000,1,w2_1,120,6.069291,1.0,10,,scalar_first_exact
pg-hnsw,250000,1,w2_1,483,5.526375,1.0,10,,scalar_first_exact
pg-hnsw,250000,1,w2_1,133,5.837458,1.0,10,,scalar_first_exact
pg-hnsw,250000,1,w2_1,284,5.575833,1.0,10,,scalar_first_exact
pg-hnsw,250000,1,w2_1,128,5.97575,1.0,10,,scalar_first_exact
pg-hnsw,250000,1,w2_1,494,5.365167,1.0,10,,scalar_first_exact
pg-hnsw,250000,1,w2_1,747,5.482584,1.0,10,,scalar_first_exact
pg-hnsw,250000,1,w2_1,447,7.37925,1.0,10,,scalar_first_exact
pg-hnsw,250000,1,w2_1,845,8.008208,1.0,10,,scalar_first_exact
pg-hnsw,250000,1,w2_1,664,7.821083,1.0,10,,scalar_first_exact
pg-hnsw,250000,1,w2_1,570,5.536583,1.0,10,,scalar_first_exact
pg-hnsw,250000,1,w2_1,463,5.928334,1.0,10,,scalar_first_exact
pg-hnsw,250000,1,w2_1,531,6.247417,1.0,10,,scalar_first_exact
pg-hnsw,250000,1,w2_1,909,5.428625,1.0,10,,scalar_first_exact
pg-hnsw,250000,1,w2_1,266,5.531333,1.0,10,,scalar_first_exact
pg-hnsw,250000,1,w2_1,292,5.495291,1.0,10,,scalar_first_exact
pg-hnsw,250000,1,w2_1,151,6.44175,1.0,10,,scalar_first_exact
pg-hnsw,250000,1,w2_1,916,5.804667,1.0,10,,scalar_first_exact
pg-hnsw,250000,1,w2_1,213,7.652333,1.0,10,,scalar_first_exact
pg-hnsw,250000,1,w2_1,207,5.704208,1.0,10,,scalar_first_exact
pg-hnsw,250000,1,w2_1,265,9.23125,1.0,10,,scalar_first_exact
pg-hnsw,250000,1,w2_1,912,5.575833,1.0,10,,scalar_first_exact
pg-hnsw,250000,1,w2_1,902,6.494333,1.0,10,,scalar_first_exact
pg-hnsw,250000,1,w2_1,669,5.407542,1.0,10,,scalar_first_exact
pg-hnsw,250000,1,w2_1,113,6.290875,1.0,10,,scalar_first_exact
pg-hnsw,250000,1,w2_1,964,5.729792,1.0,10,,scalar_first_exact
pg-hnsw,250000,1,w2_1,363,5.465833,1.0,10,,scalar_first_exact
pg-hnsw,250000,1,w2_1,775,5.463083,1.0,10,,scalar_first_exact
pg-hnsw,250000,1,w2_1,204,6.071875,1.0,10,,scalar_first_exact
pg-hnsw,250000,1,w2_1,981,6.448875,1.0,10,,scalar_first_exact
pg-hnsw,250000,1,w2_1,810,5.667666,1.0,10,,scalar_first_exact
pg-hnsw,250000,1,w2_1,299,5.760167,1.0,10,,scalar_first_exact
pg-hnsw,250000,1,w2_1,132,5.522542,1.0,10,,scalar_first_exact
pg-hnsw,250000,1,w2_1,871,12.513834,1.0,10,,scalar_first_exact
pg-hnsw,250000,1,w2_1,848,5.712916,1.0,10,,scalar_first_exact
pg-hnsw,250000,1,w2_1,275,5.997084,1.0,10,,scalar_first_exact
pg-hnsw,250000,1,w2_1,716,6.261084,1.0,10,,scalar_first_exact
pg-hnsw,250000,1,w2_1,533,5.637041,1.0,10,,scalar_first_exact
pg-hnsw,250000,1,w2_1,322,9.470667,1.0,10,,scalar_first_exact
pg-hnsw,250000,1,w2_1,549,6.444292,1.0,10,,scalar_first_exact
pg-hnsw,250000,1,w2_1,771,9.249209,1.0,10,,scalar_first_exact
pg-hnsw,250000,1,w2_1,681,8.560375,1.0,10,,scalar_first_exact
pg-hnsw,250000,1,w2_1,705,5.809541,1.0,10,,scalar_first_exact
pg-hnsw,250000,1,w2_1,126,6.388709,1.0,10,,scalar_first_exact
pg-hnsw,250000,1,w2_1,686,5.238458,1.0,10,,scalar_first_exact
pg-hnsw,250000,1,w2_1,779,8.342,1.0,10,,scalar_first_exact
pg-hnsw,250000,1,w2_1,715,6.804583,1.0,10,,scalar_first_exact
pg-hnsw,250000,1,w2_1,695,5.730042,1.0,10,,scalar_first_exact
pg-hnsw,250000,1,w2_1,699,5.34625,1.0,10,,scalar_first_exact
pg-hnsw,250000,1,w2_1,872,5.627417,1.0,10,,scalar_first_exact
pg-hnsw,250000,1,w2_1,756,6.41225,1.0,10,,scalar_first_exact
pg-hnsw,250000,1,w2_1,637,6.570125,1.0,10,,scalar_first_exact
pg-hnsw,250000,1,w2_1,982,5.820416,1.0,10,,scalar_first_exact
pg-hnsw,250000,1,w2_1,203,5.772042,1.0,10,,scalar_first_exact
pg-hnsw,250000,1,w2_1,751,5.952166,1.0,10,,scalar_first_exact
pg-hnsw,250000,1,w2_1,769,5.9925,1.0,10,,scalar_first_exact
pg-hnsw,250000,1,w2_1,836,6.116791,1.0,10,,scalar_first_exact
pg-hnsw,250000,1,w2_1,466,12.171542,1.0,10,,scalar_first_exact
pg-hnsw,250000,1,w2_1,351,6.454667,1.0,10,,scalar_first_exact
pg-hnsw,250000,1,w2_1,439,6.811416,1.0,10,,scalar_first_exact
pg-hnsw,250000,1,w2_1,303,6.201791,1.0,10,,scalar_first_exact
pg-hnsw,250000,1,w2_1,645,6.154708,1.0,10,,scalar_first_exact
pg-hnsw,250000,1,w2_1,787,6.494875,1.0,10,,scalar_first_exact
pg-hnsw,250000,1,w2_1,391,6.144166,1.0,10,,scalar_first_exact
pg-hnsw,250000,1,w2_1,241,8.848667,1.0,10,,scalar_first_exact
pg-hnsw,250000,1,w2_1,212,5.61675,1.0,10,,scalar_first_exact
pg-hnsw,250000,1,w2_1,154,6.197,1.0,10,,scalar_first_exact
pg-hnsw,250000,1,w2_1,491,5.493459,1.0,10,,scalar_first_exact
pg-hnsw,250000,1,w2_1,908,5.924417,1.0,10,,scalar_first_exact
pg-hnsw,250000,1,w2_1,950,6.339458,1.0,10,,scalar_first_exact
pg-hnsw,250000,1,w2_1,190,6.494833,1.0,10,,scalar_first_exact
pg-hnsw,250000,1,w2_1,798,5.351042,1.0,10,,scalar_first_exact
pg-hnsw,250000,1,w2_1,360,5.422417,1.0,10,,scalar_first_exact
pg-hnsw,250000,1,w2_1,814,6.2845,1.0,10,,scalar_first_exact
pg-hnsw,250000,1,w2_1,791,5.534583,1.0,10,,scalar_first_exact
pg-hnsw,250000,1,w2_1,403,7.336584,1.0,10,,scalar_first_exact
pg-hnsw,250000,1,w2_1,405,6.026375,1.0,10,,scalar_first_exact
pg-hnsw,250000,1,w2_1,205,6.359958,1.0,10,,scalar_first_exact
pg-hnsw,250000,1,w2_1,876,6.267875,1.0,10,,scalar_first_exact
pg-hnsw,250000,1,w2_1,593,5.711125,1.0,10,,scalar_first_exact
pg-hnsw,250000,1,w2_1,200,5.590375,1.0,10,,scalar_first_exact
pg-hnsw,250000,1,w2_1,423,6.405625,1.0,10,,scalar_first_exact
pg-hnsw,250000,1,w2_1,532,5.436208,1.0,10,,scalar_first_exact
pg-hnsw,250000,1,w2_1,131,6.491292,1.0,10,,scalar_first_exact
pg-hnsw,250000,1,w2_1,575,7.493167,1.0,10,,scalar_first_exact
pg-hnsw,250000,1,w2_1,704,6.644458,1.0,10,,scalar_first_exact
pg-hnsw,250000,1,w2_1,176,6.617042,1.0,10,,scalar_first_exact
pg-hnsw,250000,1,w2_1,149,6.4355,1.0,10,,scalar_first_exact
pg-hnsw,250000,1,w2_1,898,6.175709,1.0,10,,scalar_first_exact
pg-hnsw,250000,1,w2_1,678,6.907292,1.0,10,,scalar_first_exact
pg-hnsw,250000,1,w2_1,301,6.113125,1.0,10,,scalar_first_exact
pg-hnsw,250000,1,w2_1,458,5.400667,1.0,10,,scalar_first_exact
pg-hnsw,250000,1,w2_1,968,6.107709,1.0,10,,scalar_first_exact
pg-hnsw,250000,1,w2_1,191,6.41275,1.0,10,,scalar_first_exact
pg-hnsw,250000,1,w2_1,687,5.947166,1.0,10,,scalar_first_exact
pg-hnsw,250000,1,w2_1,223,5.908,1.0,10,,scalar_first_exact
pg-hnsw,250000,1,w2_1,914,6.056291,1.0,10,,scalar_first_exact
pg-hnsw,250000,1,w2_1,905,6.392334,1.0,10,,scalar_first_exact
pg-hnsw,250000,1,w2_1,776,5.847959,1.0,10,,scalar_first_exact
pg-hnsw,250000,1,w2_1,219,5.52425,1.0,10,,scalar_first_exact
pg-hnsw,250000,1,w2_1,115,6.293458,1.0,10,,scalar_first_exact
pg-hnsw,250000,1,w2_1,377,6.728833,1.0,10,,scalar_first_exact
pg-hnsw,250000,1,w2_1,382,6.189292,1.0,10,,scalar_first_exact
pg-hnsw,250000,1,w2_1,688,6.113958,1.0,10,,scalar_first_exact
pg-hnsw,250000,1,w2_1,972,6.176042,1.0,10,,scalar_first_exact
pg-hnsw,250000,1,w2_1,236,6.414292,1.0,10,,scalar_first_exact
pg-hnsw,250000,1,w2_1,605,5.599584,1.0,10,,scalar_first_exact
pg-hnsw,250000,1,w2_1,231,6.261333,1.0,10,,scalar_first_exact
pg-hnsw,250000,1,w2_1,394,5.923458,1.0,10,,scalar_first_exact
pg-hnsw,250000,1,w2_1,193,6.367,1.0,10,,scalar_first_exact
pg-hnsw,250000,1,w2_1,832,4.958042,1.0,10,,scalar_first_exact
pg-hnsw,250000,1,w2_1,807,5.79125,1.0,10,,scalar_first_exact
pg-hnsw,250000,1,w2_1,484,6.811083,1.0,10,,scalar_first_exact
pg-hnsw,250000,1,w2_1,830,6.566167,1.0,10,,scalar_first_exact
pg-hnsw,250000,1,w2_1,340,5.655333,1.0,10,,scalar_first_exact
pg-hnsw,250000,1,w2_1,305,5.713709,1.0,10,,scalar_first_exact
pg-hnsw,250000,1,w2_1,312,5.797417,1.0,10,,scalar_first_exact
pg-hnsw,250000,1,w2_1,100,5.823167,1.0,10,,scalar_first_exact
pg-hnsw,250000,1,w2_1,216,6.085084,1.0,10,,scalar_first_exact
pg-hnsw,250000,1,w2_1,730,6.356875,1.0,10,,scalar_first_exact
pg-hnsw,250000,1,w2_1,643,6.239875,1.0,10,,scalar_first_exact
pg-hnsw,250000,1,w2_1,156,5.7575,1.0,10,,scalar_first_exact
pg-hnsw,250000,1,w2_1,535,5.372709,1.0,10,,scalar_first_exact
pg-hnsw,250000,1,w2_1,856,5.301542,1.0,10,,scalar_first_exact
pg-hnsw,250000,1,w2_1,519,5.268625,1.0,10,,scalar_first_exact
pg-hnsw,250000,1,w2_1,940,5.499459,1.0,10,,scalar_first_exact
pg-hnsw,250000,1,w2_1,952,6.026375,1.0,10,,scalar_first_exact
pg-hnsw,250000,1,w2_1,717,5.605208,1.0,10,,scalar_first_exact
pg-hnsw,250000,1,w2_1,512,5.704166,1.0,10,,scalar_first_exact
pg-hnsw,250000,1,w2_1,736,6.555583,1.0,10,,scalar_first_exact
pg-hnsw,250000,1,w2_1,618,5.364042,1.0,10,,scalar_first_exact
pg-hnsw,250000,1,w2_1,461,5.751875,1.0,10,,scalar_first_exact
pg-hnsw,250000,1,w2_1,864,5.693625,1.0,10,,scalar_first_exact
pg-hnsw,250000,1,w2_1,755,5.87025,1.0,10,,scalar_first_exact
pg-hnsw,250000,1,w2_1,644,5.640708,1.0,10,,scalar_first_exact
pg-hnsw,250000,1,w2_1,932,6.04525,1.0,10,,scalar_first_exact
pg-hnsw,250000,1,w2_1,375,6.143458,1.0,10,,scalar_first_exact
pg-hnsw,250000,1,w2_1,619,5.575125,1.0,10,,scalar_first_exact
pg-hnsw,250000,1,w2_1,631,6.442917,1.0,10,,scalar_first_exact
pg-hnsw,250000,1,w2_1,671,7.704334,1.0,10,,scalar_first_exact
pg-hnsw,250000,1,w2_1,521,5.825208,1.0,10,,scalar_first_exact
pg-hnsw,250000,1,w2_1,552,6.156792,1.0,10,,scalar_first_exact
pg-hnsw,250000,1,w2_1,540,5.590125,1.0,10,,scalar_first_exact
pg-hnsw,250000,1,w2_1,334,5.983959,1.0,10,,scalar_first_exact
pg-hnsw,250000,1,w2_1,196,6.073083,1.0,10,,scalar_first_exact
pg-hnsw,250000,1,w2_1,692,5.059375,1.0,10,,scalar_first_exact
pg-hnsw,250000,1,w2_1,401,7.772958,1.0,10,,scalar_first_exact
pg-hnsw,250000,1,w2_1,985,5.798834,1.0,10,,scalar_first_exact
pg-hnsw,250000,1,w2_1,802,5.735042,1.0,10,,scalar_first_exact
pg-hnsw,250000,1,w2_1,840,5.188042,1.0,10,,scalar_first_exact
pg-hnsw,250000,1,w2_1,675,8.091084,1.0,10,,scalar_first_exact
pg-hnsw,250000,1,w2_1,632,5.526625,1.0,10,,scalar_first_exact
pg-hnsw,250000,1,w2_1,554,5.335167,1.0,10,,scalar_first_exact
pg-hnsw,250000,1,w2_1,584,6.272792,1.0,10,,scalar_first_exact
pg-hnsw,250000,1,w2_1,698,6.858375,1.0,10,,scalar_first_exact
pg-hnsw,250000,1,w2_1,754,5.873334,1.0,10,,scalar_first_exact
pg-hnsw,250000,1,w2_1,158,5.56575,1.0,10,,scalar_first_exact
pg-hnsw,250000,1,w2_1,933,5.499542,1.0,10,,scalar_first_exact
pg-hnsw,250000,1,w2_1,557,5.745833,1.0,10,,scalar_first_exact
pg-hnsw,250000,1,w2_1,790,5.407334,1.0,10,,scalar_first_exact
pg-hnsw,250000,1,w2_1,620,5.317708,1.0,10,,scalar_first_exact
pg-hnsw,250000,1,w2_1,497,8.941291,1.0,10,,scalar_first_exact
pg-hnsw,250000,1,w2_1,398,5.339,1.0,10,,scalar_first_exact
pg-hnsw,250000,1,w2_1,748,5.133625,1.0,10,,scalar_first_exact
pg-hnsw,250000,1,w2_1,138,5.5715,1.0,10,,scalar_first_exact
pg-hnsw,250000,1,w2_1,583,6.150125,1.0,10,,scalar_first_exact
pg-hnsw,250000,1,w2_1,218,5.154875,1.0,10,,scalar_first_exact
pg-hnsw,250000,1,w2_1,628,5.593875,1.0,10,,scalar_first_exact
pg-hnsw,250000,1,w2_1,235,5.678125,1.0,10,,scalar_first_exact
pg-hnsw,250000,1,w2_1,571,6.096166,1.0,10,,scalar_first_exact
pg-hnsw,250000,1,w2_1,677,5.980209,1.0,10,,scalar_first_exact
pg-hnsw,250000,1,w2_1,641,7.266083,1.0,10,,scalar_first_exact
pg-hnsw,250000,1,w2_1,238,5.402292,1.0,10,,scalar_first_exact
pg-hnsw,250000,1,w2_1,269,5.591,1.0,10,,scalar_first_exact
pg-hnsw,250000,1,w2_1,415,5.703417,1.0,10,,scalar_first_exact
pg-hnsw,250000,1,w2_1,866,8.314542,1.0,10,,scalar_first_exact
pg-hnsw,250000,1,w2_1,894,9.039375,1.0,10,,scalar_first_exact
pg-hnsw,250000,1,w2_1,192,5.870958,1.0,10,,scalar_first_exact
pg-hnsw,250000,1,w2_1,225,11.959,1.0,10,,scalar_first_exact
pg-hnsw,250000,1,w2_1,392,5.682375,1.0,10,,scalar_first_exact
pg-hnsw,250000,1,w2_1,948,6.216334,1.0,10,,scalar_first_exact
pg-hnsw,250000,1,w2_1,208,6.895959,1.0,10,,scalar_first_exact
pg-hnsw,250000,1,w2_1,325,6.64325,1.0,10,,scalar_first_exact
pg-hnsw,250000,1,w2_1,534,6.436958,1.0,10,,scalar_first_exact
pg-hnsw,250000,1,w2_1,640,5.762333,1.0,10,,scalar_first_exact
pg-hnsw,250000,1,w2_1,368,6.3035,1.0,10,,scalar_first_exact
pg-hnsw,250000,1,w2_1,694,6.439792,1.0,10,,scalar_first_exact
pg-hnsw,250000,1,w2_1,129,5.702958,1.0,10,,scalar_first_exact
pg-hnsw,250000,1,w2_1,237,6.482584,1.0,10,,scalar_first_exact
pg-hnsw,250000,1,w2_1,367,5.883625,1.0,10,,scalar_first_exact
pg-hnsw,250000,1,w2_1,514,6.004375,1.0,10,,scalar_first_exact
pg-hnsw,250000,1,w2_1,633,5.863834,1.0,10,,scalar_first_exact
pg-hnsw,250000,1,w2_1,819,6.116375,1.0,10,,scalar_first_exact
pg-hnsw,250000,1,w2_1,647,5.357125,1.0,10,,scalar_first_exact
pg-hnsw,250000,1,w2_1,701,5.30775,1.0,10,,scalar_first_exact
pg-hnsw,250000,1,w2_1,308,6.199625,1.0,10,,scalar_first_exact
pg-hnsw,250000,1,w2_1,624,5.546417,1.0,10,,scalar_first_exact
pg-hnsw,250000,1,w2_1,333,6.91425,1.0,10,,scalar_first_exact
pg-hnsw,250000,1,w2_1,854,6.209833,1.0,10,,scalar_first_exact
pg-hnsw,250000,1,w2_1,712,5.708417,1.0,10,,scalar_first_exact
pg-hnsw,250000,1,w2_1,143,6.690916,1.0,10,,scalar_first_exact
pg-hnsw,250000,1,w2_1,659,8.46525,1.0,10,,scalar_first_exact
pg-hnsw,250000,1,w2_1,111,7.7615,1.0,10,,scalar_first_exact
pg-hnsw,250000,1,w2_1,501,5.498125,1.0,10,,scalar_first_exact
pg-hnsw,250000,1,w2_1,679,5.610084,1.0,10,,scalar_first_exact
pg-hnsw,250000,1,w2_1,762,6.790333,1.0,10,,scalar_first_exact
pg-hnsw,250000,1,w2_1,893,5.411667,1.0,10,,scalar_first_exact
pg-hnsw,250000,1,w2_1,801,8.031459,1.0,10,,scalar_first_exact
pg-hnsw,250000,1,w2_1,424,5.618333,1.0,10,,scalar_first_exact
pg-hnsw,250000,1,w2_1,889,5.594708,1.0,10,,scalar_first_exact
pg-hnsw,250000,1,w2_1,731,8.947042,1.0,10,,scalar_first_exact
pg-hnsw,250000,1,w2_1,997,8.175708,1.0,10,,scalar_first_exact
pg-hnsw,250000,1,w2_1,961,6.7725,1.0,10,,scalar_first_exact
pg-hnsw,250000,1,w2_1,629,9.807916,1.0,10,,scalar_first_exact
pg-hnsw,250000,1,w2_1,797,6.810458,1.0,10,,scalar_first_exact
pg-hnsw,250000,1,w2_1,650,5.715958,1.0,10,,scalar_first_exact
pg-hnsw,250000,1,w2_1,541,6.343667,1.0,10,,scalar_first_exact
pg-hnsw,250000,1,w2_1,867,7.464792,1.0,10,,scalar_first_exact
pg-hnsw,250000,1,w2_1,670,6.303625,1.0,10,,scalar_first_exact
pg-hnsw,250000,1,w2_1,279,6.238167,1.0,10,,scalar_first_exact
pg-hnsw,250000,1,w2_1,990,5.887292,1.0,10,,scalar_first_exact
pg-hnsw,250000,1,w2_1,430,5.07275,1.0,10,,scalar_first_exact
pg-hnsw,250000,1,w2_1,995,8.995042,1.0,10,,scalar_first_exact
pg-hnsw,250000,1,w2_1,803,6.013625,1.0,10,,scalar_first_exact
pg-hnsw,250000,1,w2_1,488,6.003959,1.0,10,,scalar_first_exact
pg-hnsw,250000,1,w2_1,573,5.879,1.0,10,,scalar_first_exact
pg-hnsw,250000,1,w2_1,957,5.9615,1.0,10,,scalar_first_exact
pg-hnsw,250000,1,w2_1,693,5.58,1.0,10,,scalar_first_exact
pg-hnsw,250000,1,w2_1,348,5.429583,1.0,10,,scalar_first_exact
pg-hnsw,250000,1,w2_1,500,6.158125,1.0,10,,scalar_first_exact
pg-hnsw,250000,1,w2_1,975,6.743791,1.0,10,,scalar_first_exact
pg-hnsw,250000,1,w2_1,220,9.754417,1.0,10,,scalar_first_exact
pg-hnsw,250000,1,w2_1,358,5.736583,1.0,10,,scalar_first_exact
pg-hnsw,250000,1,w2_1,773,6.224542,1.0,10,,scalar_first_exact
pg-hnsw,250000,1,w2_1,451,6.803125,1.0,10,,scalar_first_exact
pg-hnsw,250000,1,w2_1,768,6.136792,1.0,10,,scalar_first_exact
pg-hnsw,250000,1,w2_1,831,5.398417,1.0,10,,scalar_first_exact
pg-hnsw,250000,1,w2_1,800,5.215291,1.0,10,,scalar_first_exact
pg-hnsw,250000,1,w2_1,148,6.318708,1.0,10,,scalar_first_exact
pg-hnsw,250000,1,w2_1,434,10.667792,1.0,10,,scalar_first_exact
pg-hnsw,250000,1,w2_1,498,6.388792,1.0,10,,scalar_first_exact
pg-hnsw,250000,1,w2_1,559,5.866167,1.0,10,,scalar_first_exact
pg-hnsw,250000,1,w2_1,144,5.706292,1.0,10,,scalar_first_exact
pg-hnsw,250000,1,w2_1,134,5.927292,1.0,10,,scalar_first_exact
pg-hnsw,250000,1,w2_1,788,6.719708,1.0,10,,scalar_first_exact
pg-hnsw,250000,1,w2_1,271,5.759709,1.0,10,,scalar_first_exact
pg-hnsw,250000,1,w2_1,136,5.947959,1.0,10,,scalar_first_exact
pg-hnsw,250000,1,w2_1,729,5.927,1.0,10,,scalar_first_exact
pg-hnsw,250000,1,w2_1,658,5.64275,1.0,10,,scalar_first_exact
pg-hnsw,250000,1,w2_1,923,9.847375,1.0,10,,scalar_first_exact
pg-hnsw,250000,1,w2_1,315,5.883667,1.0,10,,scalar_first_exact
pg-hnsw,250000,1,w2_1,157,6.6715,1.0,10,,scalar_first_exact
pg-hnsw,250000,1,w2_1,939,5.791458,1.0,10,,scalar_first_exact
pg-hnsw,250000,1,w2_1,892,6.023083,1.0,10,,scalar_first_exact
pg-hnsw,250000,1,w2_1,724,6.965292,1.0,10,,scalar_first_exact
pg-hnsw,250000,1,w2_1,153,8.8705,1.0,10,,scalar_first_exact
pg-hnsw,250000,1,w2_1,663,8.2225,1.0,10,,scalar_first_exact
pg-hnsw,250000,1,w2_1,252,7.133083,1.0,10,,scalar_first_exact
pg-hnsw,250000,1,w2_1,243,5.395917,1.0,10,,scalar_first_exact
pg-hnsw,250000,1,w2_1,922,6.42125,1.0,10,,scalar_first_exact
pg-hnsw,250000,1,w2_1,980,6.452375,1.0,10,,scalar_first_exact
pg-hnsw,250000,1,w2_1,244,5.966542,1.0,10,,scalar_first_exact
pg-hnsw,250000,1,w2_1,246,6.509458,1.0,10,,scalar_first_exact
pg-hnsw,250000,1,w2_1,527,5.288209,1.0,10,,scalar_first_exact
pg-hnsw,250000,1,w2_1,777,8.46325,1.0,10,,scalar_first_exact
pg-hnsw,250000,1,w2_1,316,6.065125,1.0,10,,scalar_first_exact
pg-hnsw,250000,1,w2_1,962,5.298334,1.0,10,,scalar_first_exact
pg-hnsw,250000,1,w2_1,471,9.9325,1.0,10,,scalar_first_exact
pg-hnsw,250000,1,w2_1,720,6.064583,1.0,10,,scalar_first_exact
pg-hnsw,250000,1,w2_1,648,5.845709,1.0,10,,scalar_first_exact
pg-hnsw,250000,1,w2_1,337,5.869375,1.0,10,,scalar_first_exact
pg-hnsw,250000,1,w2_1,824,10.751083,1.0,10,,scalar_first_exact
pg-hnsw,250000,1,w2_1,524,6.330875,1.0,10,,scalar_first_exact
pg-hnsw,250000,1,w2_1,770,6.334583,1.0,10,,scalar_first_exact
pg-hnsw,250000,1,w2_1,578,5.539167,1.0,10,,scalar_first_exact
pg-hnsw,250000,1,w2_1,657,6.8715,1.0,10,,scalar_first_exact
pg-hnsw,250000,1,w2_1,310,5.800166,1.0,10,,scalar_first_exact
pg-hnsw,250000,1,w2_1,841,6.017208,1.0,10,,scalar_first_exact
pg-hnsw,250000,1,w2_1,335,5.83325,1.0,10,,scalar_first_exact
pg-hnsw,250000,1,w2_1,240,6.170875,1.0,10,,scalar_first_exact
pg-hnsw,250000,1,w2_1,336,8.689416,1.0,10,,scalar_first_exact
pg-hnsw,250000,1,w2_1,479,5.862708,1.0,10,,scalar_first_exact
pg-hnsw,250000,1,w2_1,339,6.0975,1.0,10,,scalar_first_exact
pg-hnsw,250000,1,w2_1,615,5.362458,1.0,10,,scalar_first_exact
pg-hnsw,250000,1,w2_1,949,5.956916,1.0,10,,scalar_first_exact
pg-hnsw,250000,1,w2_1,283,6.185333,1.0,10,,scalar_first_exact
pg-hnsw,250000,1,w2_1,741,6.408208,1.0,10,,scalar_first_exact
pg-hnsw,250000,1,w2_1,925,7.03225,1.0,10,,scalar_first_exact
pg-hnsw,250000,1,w2_1,576,5.711375,1.0,10,,scalar_first_exact
pg-hnsw,250000,1,w2_1,107,5.72125,1.0,10,,scalar_first_exact
pg-hnsw,250000,1,w2_1,998,5.974542,1.0,10,,scalar_first_exact
pg-hnsw,250000,1,w2_1,520,5.692708,1.0,10,,scalar_first_exact
pg-hnsw,250000,1,w2_1,338,5.849875,1.0,10,,scalar_first_exact
pg-hnsw,250000,1,w2_1,162,5.346083,1.0,10,,scalar_first_exact
pg-hnsw,250000,1,w2_1,147,6.432375,1.0,10,,scalar_first_exact
pg-hnsw,250000,1,w2_1,613,6.242583,1.0,10,,scalar_first_exact
pg-hnsw,250000,1,w2_1,654,5.364333,1.0,10,,scalar_first_exact
pg-hnsw,250000,1,w2_1,621,6.399,1.0,10,,scalar_first_exact
pg-hnsw,250000,1,w2_1,820,5.485958,1.0,10,,scalar_first_exact
pg-hnsw,250000,1,w2_1,642,5.820625,1.0,10,,scalar_first_exact
pg-hnsw,250000,1,w2_1,786,6.243708,1.0,10,,scalar_first_exact
pg-hnsw,250000,1,w2_1,696,5.560417,1.0,10,,scalar_first_exact
pg-hnsw,250000,1,w2_1,665,6.131792,1.0,10,,scalar_first_exact
pg-hnsw,250000,1,w2_1,846,6.84425,1.0,10,,scalar_first_exact
pg-hnsw,250000,1,w2_1,175,9.470625,1.0,10,,scalar_first_exact
pg-hnsw,250000,1,w2_1,582,8.237042,1.0,10,,scalar_first_exact
pg-hnsw,250000,1,w2_1,353,8.135583,1.0,10,,scalar_first_exact
pg-hnsw,250000,1,w2_1,523,5.295916,1.0,10,,scalar_first_exact
pg-hnsw,250000,1,w2_1,493,5.507833,1.0,10,,scalar_first_exact
pg-hnsw,250000,1,w2_1,785,5.911834,1.0,10,,scalar_first_exact
pg-hnsw,250000,1,w2_1,560,5.346042,1.0,10,,scalar_first_exact
pg-hnsw,250000,1,w2_1,567,5.656417,1.0,10,,scalar_first_exact
pg-hnsw,250000,1,w2_1,217,6.505,1.0,10,,scalar_first_exact
pg-hnsw,250000,1,w2_1,674,5.430125,1.0,10,,scalar_first_exact
pg-hnsw,250000,1,w2_1,792,5.518834,1.0,10,,scalar_first_exact
pg-hnsw,250000,1,w2_1,608,5.552958,1.0,10,,scalar_first_exact
pg-hnsw,250000,1,w2_1,781,5.555833,1.0,10,,scalar_first_exact
pg-hnsw,250000,1,w2_1,585,5.894916,1.0,10,,scalar_first_exact
pg-hnsw,250000,1,w2_1,288,5.7915,1.0,10,,scalar_first_exact
pg-hnsw,250000,1,w2_1,194,5.883625,1.0,10,,scalar_first_exact
pg-hnsw,250000,1,w2_1,759,5.251,1.0,10,,scalar_first_exact
pg-hnsw,250000,1,w2_1,708,5.905208,1.0,10,,scalar_first_exact
pg-hnsw,250000,1,w2_1,454,5.507583,1.0,10,,scalar_first_exact
pg-hnsw,250000,1,w2_1,873,5.301959,1.0,10,,scalar_first_exact
pg-hnsw,250000,1,w2_1,122,5.873041,1.0,10,,scalar_first_exact
pg-hnsw,250000,1,w2_1,834,5.687583,1.0,10,,scalar_first_exact
pg-hnsw,250000,1,w2_1,274,4.470209,1.0,10,,scalar_first_exact
pg-hnsw,250000,1,w2_1,860,5.378792,1.0,10,,scalar_first_exact
pg-hnsw,250000,1,w2_1,764,5.681542,1.0,10,,scalar_first_exact
pg-hnsw,250000,1,w2_1,899,5.6345,1.0,10,,scalar_first_exact
pg-hnsw,250000,1,w2_1,883,5.704042,1.0,10,,scalar_first_exact
pg-hnsw,250000,1,w2_1,563,4.895917,1.0,10,,scalar_first_exact
pg-hnsw,250000,1,w2_1,930,5.654125,1.0,10,,scalar_first_exact
pg-hnsw,250000,1,w2_1,721,5.388958,1.0,10,,scalar_first_exact
pg-hnsw,250000,1,w2_1,906,5.980208,1.0,10,,scalar_first_exact
pg-hnsw,250000,1,w2_1,177,5.660208,1.0,10,,scalar_first_exact
pg-hnsw,250000,1,w2_1,984,6.715583,1.0,10,,scalar_first_exact
pg-hnsw,250000,1,w2_1,973,6.897125,1.0,10,,scalar_first_exact
pg-hnsw,250000,1,w2_1,937,7.64475,1.0,10,,scalar_first_exact
pg-hnsw,250000,1,w2_1,719,7.011542,1.0,10,,scalar_first_exact
pg-hnsw,250000,1,w2_1,513,6.262542,1.0,10,,scalar_first_exact
pg-hnsw,250000,1,w2_1,425,5.986459,1.0,10,,scalar_first_exact
pg-hnsw,250000,1,w2_1,372,6.478625,1.0,10,,scalar_first_exact
pg-hnsw,250000,1,w2_1,459,6.413417,1.0,10,,scalar_first_exact
pg-hnsw,250000,1,w2_1,139,5.719333,1.0,10,,scalar_first_exact
pg-hnsw,250000,1,w2_1,452,5.168625,1.0,10,,scalar_first_exact
pg-hnsw,250000,1,w2_1,878,5.748292,1.0,10,,scalar_first_exact
pg-hnsw,250000,1,w2_1,757,6.281041,1.0,10,,scalar_first_exact
pg-hnsw,250000,1,w2_1,383,6.06375,1.0,10,,scalar_first_exact
pg-hnsw,250000,1,w2_1,900,6.361459,1.0,10,,scalar_first_exact
pg-hnsw,250000,1,w2_1,855,6.002084,1.0,10,,scalar_first_exact
pg-hnsw,250000,1,w2_1,326,6.734334,1.0,10,,scalar_first_exact
pg-hnsw,250000,1,w2_1,490,6.699833,1.0,10,,scalar_first_exact
pg-hnsw,250000,1,w2_1,825,5.935667,1.0,10,,scalar_first_exact
pg-hnsw,250000,1,w2_1,413,6.485708,1.0,10,,scalar_first_exact
pg-hnsw,250000,1,w2_1,555,6.209917,1.0,10,,scalar_first_exact
pg-hnsw,250000,1,w2_1,818,5.788917,1.0,10,,scalar_first_exact
pg-hnsw,250000,1,w2_1,226,6.509,1.0,10,,scalar_first_exact
pg-hnsw,250000,1,w2_1,518,5.997709,1.0,10,,scalar_first_exact
pg-hnsw,250000,1,w2_1,169,6.6865,1.0,10,,scalar_first_exact
pg-hnsw,250000,1,w2_1,528,6.5,1.0,10,,scalar_first_exact
pg-hnsw,250000,1,w2_1,416,5.83025,1.0,10,,scalar_first_exact
pg-hnsw,250000,1,w2_1,603,6.08475,1.0,10,,scalar_first_exact
pg-hnsw,250000,1,w2_1,185,6.134083,1.0,10,,scalar_first_exact
pg-hnsw,250000,1,w2_1,896,6.275208,1.0,10,,scalar_first_exact
pg-hnsw,250000,1,w2_1,897,6.067375,1.0,10,,scalar_first_exact
pg-hnsw,250000,1,w2_1,420,6.07925,1.0,10,,scalar_first_exact
pg-hnsw,250000,1,w2_1,794,6.139542,1.0,10,,scalar_first_exact
pg-hnsw,250000,1,w2_1,868,6.124875,1.0,10,,scalar_first_exact
pg-hnsw,250000,1,w2_1,974,5.756875,1.0,10,,scalar_first_exact
pg-hnsw,250000,1,w2_1,758,6.1205,1.0,10,,scalar_first_exact
pg-hnsw,250000,1,w2_1,381,6.4805,1.0,10,,scalar_first_exact
pg-hnsw,250000,1,w2_1,804,5.621709,1.0,10,,scalar_first_exact
pg-hnsw,250000,1,w2_1,504,6.168458,1.0,10,,scalar_first_exact
pg-hnsw,250000,1,w2_1,944,5.715042,1.0,10,,scalar_first_exact
pg-hnsw,250000,1,w2_1,548,5.786625,1.0,10,,scalar_first_exact
pg-hnsw,250000,1,w2_1,332,6.173833,1.0,10,,scalar_first_exact
pg-hnsw,250000,1,w2_1,574,5.580625,1.0,10,,scalar_first_exact
pg-hnsw,250000,1,w2_1,422,6.506167,1.0,10,,scalar_first_exact
pg-hnsw,250000,1,w2_1,357,6.105709,1.0,10,,scalar_first_exact
pg-hnsw,250000,1,w2_1,510,6.355,1.0,10,,scalar_first_exact
pg-hnsw,250000,1,w2_1,760,6.076333,1.0,10,,scalar_first_exact
pg-hnsw,250000,1,w2_1,352,5.88075,1.0,10,,scalar_first_exact
pg-hnsw,250000,1,w2_1,587,5.719417,1.0,10,,scalar_first_exact
pg-hnsw,250000,1,w2_1,419,5.724,1.0,10,,scalar_first_exact
pg-hnsw,250000,1,w2_1,167,6.306333,1.0,10,,scalar_first_exact
pg-hnsw,250000,1,w2_1,991,6.225542,1.0,10,,scalar_first_exact
pg-hnsw,250000,1,w2_1,994,5.74675,1.0,10,,scalar_first_exact
pg-hnsw,250000,1,w2_1,364,5.837875,1.0,10,,scalar_first_exact
pg-hnsw,250000,1,w2_1,793,6.472042,1.0,10,,scalar_first_exact
pg-hnsw,250000,1,w2_1,444,5.679833,1.0,10,,scalar_first_exact
pg-hnsw,250000,1,w2_1,282,6.131667,1.0,10,,scalar_first_exact
pg-hnsw,250000,1,w2_1,487,8.124417,1.0,10,,scalar_first_exact
pg-hnsw,250000,1,w2_1,572,5.778708,1.0,10,,scalar_first_exact
pg-hnsw,250000,1,w2_1,661,5.688209,1.0,10,,scalar_first_exact
pg-hnsw,250000,1,w2_1,409,6.07625,1.0,10,,scalar_first_exact
pg-hnsw,250000,1,w2_1,474,7.677875,1.0,10,,scalar_first_exact
pg-hnsw,250000,1,w2_1,486,8.372167,1.0,10,,scalar_first_exact
pg-hnsw,250000,1,w2_1,580,6.3725,1.0,10,,scalar_first_exact
pg-hnsw,250000,1,w2_1,646,6.004375,1.0,10,,scalar_first_exact
pg-hnsw,250000,1,w2_1,935,5.266541,1.0,10,,scalar_first_exact
pg-hnsw,250000,1,w2_1,495,5.990625,1.0,10,,scalar_first_exact
pg-hnsw,250000,1,w2_1,881,5.775709,1.0,10,,scalar_first_exact
pg-hnsw,250000,1,w2_1,742,6.149125,1.0,10,,scalar_first_exact
pg-hnsw,250000,1,w2_1,907,5.998834,1.0,10,,scalar_first_exact
pg-hnsw,250000,1,w2_1,155,8.009917,1.0,10,,scalar_first_exact
pg-hnsw,250000,1,w2_1,638,6.429375,1.0,10,,scalar_first_exact
pg-hnsw,250000,1,w2_1,538,5.3685,1.0,10,,scalar_first_exact
pg-hnsw,250000,1,w2_1,851,6.01025,1.0,10,,scalar_first_exact
pg-hnsw,250000,1,w2_1,307,7.931916,1.0,10,,scalar_first_exact
pg-hnsw,250000,1,w2_1,468,6.900875,1.0,10,,scalar_first_exact
pg-hnsw,250000,1,w2_1,396,7.799875,1.0,10,,scalar_first_exact
pg-hnsw,250000,1,w2_1,598,5.2455,1.0,10,,scalar_first_exact
pg-hnsw,250000,1,w2_1,672,5.033625,1.0,10,,scalar_first_exact
pg-hnsw,250000,1,w2_1,445,6.2715,1.0,10,,scalar_first_exact
pg-hnsw,250000,1,w2_1,309,9.696791,1.0,10,,scalar_first_exact
pg-hnsw,250000,1,w2_1,934,6.490958,1.0,10,,scalar_first_exact
pg-hnsw,250000,1,w2_1,214,5.535916,1.0,10,,scalar_first_exact
pg-hnsw,250000,1,w2_1,385,6.056084,1.0,10,,scalar_first_exact
pg-hnsw,250000,1,w2_1,955,5.752125,1.0,10,,scalar_first_exact
pg-hnsw,250000,1,w2_1,739,6.503667,1.0,10,,scalar_first_exact
pg-hnsw,250000,1,w2_1,178,6.016208,1.0,10,,scalar_first_exact
pg-hnsw,250000,1,w2_1,437,6.424,1.0,10,,scalar_first_exact
pg-hnsw,250000,1,w2_1,359,5.994833,1.0,10,,scalar_first_exact
pg-hnsw,250000,1,w2_1,145,9.16925,1.0,10,,scalar_first_exact
pg-hnsw,250000,1,w2_1,600,6.14425,1.0,10,,scalar_first_exact
pg-hnsw,250000,1,w2_1,304,4.937542,1.0,10,,scalar_first_exact
pg-hnsw,250000,1,w2_1,160,5.79625,1.0,10,,scalar_first_exact
pg-hnsw,250000,1,w2_1,599,6.418583,1.0,10,,scalar_first_exact
pg-hnsw,250000,1,w2_1,432,5.762083,1.0,10,,scalar_first_exact
pg-hnsw,250000,1,w2_1,602,5.608042,1.0,10,,scalar_first_exact
pg-hnsw,250000,1,w2_1,594,7.454292,1.0,10,,scalar_first_exact
pg-hnsw,250000,1,w2_1,753,5.257166,1.0,10,,scalar_first_exact
pg-hnsw,250000,1,w2_1,996,6.524583,1.0,10,,scalar_first_exact
pg-hnsw,250000,1,w2_1,350,5.869917,1.0,10,,scalar_first_exact
pg-hnsw,250000,1,w2_1,795,5.876375,1.0,10,,scalar_first_exact
pg-hnsw,250000,1,w2_1,700,7.071708,1.0,10,,scalar_first_exact
pg-hnsw,250000,1,w2_1,211,5.881708,1.0,10,,scalar_first_exact
pg-hnsw,250000,1,w2_1,306,6.649542,1.0,10,,scalar_first_exact
pg-hnsw,250000,1,w2_1,260,6.324,1.0,10,,scalar_first_exact
pg-hnsw,250000,1,w2_1,227,6.847625,1.0,10,,scalar_first_exact
pg-hnsw,250000,1,w2_1,921,6.429959,1.0,10,,scalar_first_exact
pg-hnsw,250000,1,w2_1,668,5.403959,1.0,10,,scalar_first_exact
pg-hnsw,250000,1,w2_1,170,6.43425,1.0,10,,scalar_first_exact
pg-hnsw,250000,1,w2_1,805,6.127417,1.0,10,,scalar_first_exact
pg-hnsw,250000,1,w2_1,969,10.269625,1.0,10,,scalar_first_exact
pg-hnsw,250000,1,w2_1,476,6.100167,1.0,10,,scalar_first_exact
pg-hnsw,250000,1,w2_1,823,5.519458,1.0,10,,scalar_first_exact
pg-hnsw,250000,1,w2_1,188,5.916708,1.0,10,,scalar_first_exact
pg-hnsw,250000,1,w2_1,660,6.190125,1.0,10,,scalar_first_exact
pg-hnsw,250000,1,w2_1,988,6.122375,1.0,10,,scalar_first_exact
pg-hnsw,250000,1,w2_1,289,5.980125,1.0,10,,scalar_first_exact
pg-hnsw,250000,1,w2_1,862,6.093417,1.0,10,,scalar_first_exact
pg-hnsw,250000,1,w2_1,517,6.508041,1.0,10,,scalar_first_exact
pg-hnsw,250000,1,w2_1,464,5.765208,1.0,10,,scalar_first_exact
pg-hnsw,250000,1,w2_1,324,6.108667,1.0,10,,scalar_first_exact
pg-hnsw,250000,1,w2_1,783,5.808625,1.0,10,,scalar_first_exact
pg-hnsw,250000,1,w2_1,199,5.996875,1.0,10,,scalar_first_exact
pg-hnsw,250000,1,w2_1,651,5.995833,1.0,10,,scalar_first_exact
pg-hnsw,250000,1,w2_1,481,5.496708,1.0,10,,scalar_first_exact
pg-hnsw,250000,1,w2_1,492,6.782583,1.0,10,,scalar_first_exact
pg-hnsw,250000,1,w2_1,206,5.964209,1.0,10,,scalar_first_exact
pg-hnsw,250000,1,w2_1,817,9.070125,1.0,10,,scalar_first_exact
pg-hnsw,250000,1,w2_1,839,5.607042,1.0,10,,scalar_first_exact
pg-hnsw,250000,1,w2_1,857,5.855375,1.0,10,,scalar_first_exact
pg-hnsw,250000,1,w2_1,630,5.932084,1.0,10,,scalar_first_exact
pg-hnsw,250000,1,w2_1,108,5.372916,1.0,10,,scalar_first_exact
pg-hnsw,250000,1,w2_1,342,5.880875,1.0,10,,scalar_first_exact
pg-hnsw,250000,1,w2_1,356,5.986959,1.0,10,,scalar_first_exact
pg-hnsw,250000,1,w2_1,553,6.137333,1.0,10,,scalar_first_exact
pg-hnsw,250000,1,w2_1,838,5.705,1.0,10,,scalar_first_exact
pg-hnsw,250000,1,w2_1,766,5.371792,1.0,10,,scalar_first_exact
pg-hnsw,250000,1,w2_1,411,5.133041,1.0,10,,scalar_first_exact
pg-hnsw,250000,1,w2_1,806,6.027125,1.0,10,,scalar_first_exact
pg-hnsw,250000,1,w2_1,901,5.501625,1.0,10,,scalar_first_exact
pg-hnsw,250000,1,w2_1,733,5.778625,1.0,10,,scalar_first_exact
pg-hnsw,250000,1,w2_1,971,5.77625,1.0,10,,scalar_first_exact
pg-hnsw,250000,1,w2_1,595,5.216291,1.0,10,,scalar_first_exact
pg-hnsw,250000,1,w2_1,183,7.3705,1.0,10,,scalar_first_exact
pg-hnsw,250000,1,w2_1,565,6.476167,1.0,10,,scalar_first_exact
pg-hnsw,250000,1,w2_1,349,5.645208,1.0,10,,scalar_first_exact
pg-hnsw,250000,1,w2_1,536,5.44825,1.0,10,,scalar_first_exact
pg-hnsw,250000,1,w2_1,499,6.139458,1.0,10,,scalar_first_exact
pg-hnsw,250000,1,w2_1,920,5.239833,1.0,10,,scalar_first_exact
pg-hnsw,250000,1,w2_1,146,5.735,1.0,10,,scalar_first_exact
pg-hnsw,250000,1,w2_1,472,5.738125,1.0,10,,scalar_first_exact
pg-hnsw,250000,1,w2_1,470,5.578333,1.0,10,,scalar_first_exact
pg-hnsw,250000,1,w2_1,734,5.167875,1.0,10,,scalar_first_exact
pg-hnsw,250000,1,w2_1,125,6.03,1.0,10,,scalar_first_exact
pg-hnsw,250000,1,w2_1,865,12.141792,1.0,10,,scalar_first_exact
pg-hnsw,250000,1,w2_1,634,5.679708,1.0,10,,scalar_first_exact
pg-hnsw,250000,1,w2_1,388,6.4925,1.0,10,,scalar_first_exact
pg-hnsw,250000,1,w2_1,404,5.916208,1.0,10,,scalar_first_exact
pg-hnsw,250000,1,w2_1,198,5.529125,1.0,10,,scalar_first_exact
pg-hnsw,250000,1,w2_1,551,5.9635,1.0,10,,scalar_first_exact
pg-hnsw,250000,1,w2_1,101,5.953792,1.0,10,,scalar_first_exact
pg-hnsw,250000,1,w2_1,374,5.64425,1.0,10,,scalar_first_exact
pg-hnsw,250000,1,w2_1,765,6.308709,1.0,10,,scalar_first_exact
pg-hnsw,250000,1,w2_1,516,6.668834,1.0,10,,scalar_first_exact
pg-hnsw,250000,1,w2_1,539,11.653958,1.0,10,,scalar_first_exact
pg-hnsw,250000,1,w2_1,564,5.997708,1.0,10,,scalar_first_exact
pg-hnsw,250000,1,w2_1,112,5.60975,1.0,10,,scalar_first_exact
pg-hnsw,250000,1,w2_1,951,6.676375,1.0,10,,scalar_first_exact
pg-hnsw,250000,1,w2_1,239,5.511458,1.0,10,,scalar_first_exact
pg-hnsw,250000,1,w2_1,261,7.37725,1.0,10,,scalar_first_exact
pg-hnsw,250000,1,w2_1,684,6.527917,1.0,10,,scalar_first_exact
pg-hnsw,250000,1,w2_1,442,5.841542,1.0,10,,scalar_first_exact
pg-hnsw,250000,1,w2_1,328,5.74775,1.0,10,,scalar_first_exact
pg-hnsw,250000,1,w2_1,515,6.103208,1.0,10,,scalar_first_exact
pg-hnsw,250000,1,w2_1,809,7.7995,1.0,10,,scalar_first_exact
pg-hnsw,250000,1,w2_1,250,6.506584,1.0,10,,scalar_first_exact
pg-hnsw,250000,1,w2_1,938,5.29175,1.0,10,,scalar_first_exact
pg-hnsw,250000,1,w2_1,808,5.810417,1.0,10,,scalar_first_exact
pg-hnsw,250000,1,w2_1,159,7.663583,1.0,10,,scalar_first_exact
pg-hnsw,250000,1,w2_1,314,8.316667,1.0,10,,scalar_first_exact
pg-hnsw,250000,1,w2_1,662,5.910875,1.0,10,,scalar_first_exact
pg-hnsw,250000,1,w2_1,215,6.211,1.0,10,,scalar_first_exact
pg-hnsw,250000,1,w2_1,946,5.859083,1.0,10,,scalar_first_exact
pg-hnsw,250000,1,w2_1,202,5.458917,1.0,10,,scalar_first_exact
pg-hnsw,250000,1,w2_1,210,9.833958,1.0,10,,scalar_first_exact
pg-hnsw,250000,1,w2_1,529,8.140916,1.0,10,,scalar_first_exact
pg-hnsw,250000,1,w2_1,496,6.594208,1.0,10,,scalar_first_exact
pg-hnsw,250000,1,w2_1,280,5.432167,1.0,10,,scalar_first_exact
pg-hnsw,250000,1,w2_1,530,6.160583,1.0,10,,scalar_first_exact
pg-hnsw,250000,1,w2_1,735,5.998208,1.0,10,,scalar_first_exact
pg-hnsw,250000,1,w2_1,511,6.245292,1.0,10,,scalar_first_exact
pg-hnsw,250000,1,w2_1,446,5.687291,1.0,10,,scalar_first_exact
pg-hnsw,250000,1,w2_1,936,5.964625,1.0,10,,scalar_first_exact
pg-hnsw,250000,1,w2_1,455,8.552833,1.0,10,,scalar_first_exact
pg-hnsw,250000,1,w2_1,248,6.517541,1.0,10,,scalar_first_exact
pg-hnsw,250000,1,w2_1,293,6.584625,1.0,10,,scalar_first_exact
pg-hnsw,250000,1,w2_1,270,7.294042,1.0,10,,scalar_first_exact
pg-hnsw,250000,1,w2_1,702,6.091083,1.0,10,,scalar_first_exact
pg-hnsw,250000,1,w2_1,369,8.293167,1.0,10,,scalar_first_exact
pg-hnsw,250000,1,w2_1,344,6.434709,1.0,10,,scalar_first_exact
pg-hnsw,250000,1,w2_1,438,6.147,1.0,10,,scalar_first_exact
pg-hnsw,250000,1,w2_1,443,5.611166,1.0,10,,scalar_first_exact
pg-hnsw,250000,1,w2_1,879,5.191542,1.0,10,,scalar_first_exact
pg-hnsw,250000,1,w2_1,913,6.339208,1.0,10,,scalar_first_exact
pg-hnsw,250000,1,w2_1,592,4.895917,1.0,10,,scalar_first_exact
pg-hnsw,250000,1,w2_1,744,6.061875,1.0,10,,scalar_first_exact
pg-hnsw,250000,1,w2_1,522,5.992834,1.0,10,,scalar_first_exact
pg-hnsw,250000,1,w2_1,290,9.093459,1.0,10,,scalar_first_exact
pg-hnsw,250000,1,w2_1,609,7.0895,1.0,10,,scalar_first_exact
pg-hnsw,250000,1,w2_1,414,9.341834,1.0,10,,scalar_first_exact
pg-hnsw,250000,1,w2_1,745,6.282833,1.0,10,,scalar_first_exact
pg-hnsw,250000,1,w2_1,163,5.8625,1.0,10,,scalar_first_exact
pg-hnsw,250000,1,w2_1,186,6.33625,1.0,10,,scalar_first_exact
pg-hnsw,250000,1,w2_1,929,6.549458,1.0,10,,scalar_first_exact
pg-hnsw,250000,1,w2_1,285,8.688584,1.0,10,,scalar_first_exact
pg-hnsw,250000,1,w2_1,861,6.026958,1.0,10,,scalar_first_exact
pg-hnsw,250000,1,w2_1,636,5.775791,1.0,10,,scalar_first_exact
pg-hnsw,250000,1,w2_1,627,6.467958,1.0,10,,scalar_first_exact
pg-hnsw,250000,1,w2_1,581,6.443125,1.0,10,,scalar_first_exact
pg-hnsw,250000,1,w2_1,297,6.427375,1.0,10,,scalar_first_exact
pg-hnsw,250000,1,w2_1,626,6.722875,1.0,10,,scalar_first_exact
pg-hnsw,250000,1,w2_1,947,6.827625,1.0,10,,scalar_first_exact
pg-hnsw,250000,1,w2_1,782,5.354625,1.0,10,,scalar_first_exact
pg-hnsw,250000,1,w2_1,410,7.885542,1.0,10,,scalar_first_exact
pg-hnsw,250000,1,w2_1,591,6.460041,1.0,10,,scalar_first_exact
pg-hnsw,250000,1,w2_1,960,5.441166,1.0,10,,scalar_first_exact
pg-hnsw,250000,1,w2_1,847,5.400209,1.0,10,,scalar_first_exact
pg-hnsw,250000,1,w2_1,135,5.537709,1.0,10,,scalar_first_exact
pg-hnsw,250000,1,w2_1,656,6.208458,1.0,10,,scalar_first_exact
pg-hnsw,250000,1,w2_1,450,10.816042,1.0,10,,scalar_first_exact
pg-hnsw,250000,1,w2_1,400,7.140708,1.0,10,,scalar_first_exact
pg-hnsw,250000,1,w2_1,209,6.414417,1.0,10,,scalar_first_exact
pg-hnsw,250000,1,w2_1,109,5.635625,1.0,10,,scalar_first_exact
pg-hnsw,250000,1,w2_1,714,6.213541,1.0,10,,scalar_first_exact
pg-hnsw,250000,1,w2_1,268,6.3465,1.0,10,,scalar_first_exact
pg-hnsw,250000,1,w2_1,821,6.647875,1.0,10,,scalar_first_exact
pg-hnsw,250000,1,w2_1,263,5.703416,1.0,10,,scalar_first_exact
pg-hnsw,250000,1,w2_1,166,5.767042,1.0,10,,scalar_first_exact
pg-hnsw,250000,1,w2_1,195,7.988959,1.0,10,,scalar_first_exact
pg-hnsw,250000,1,w2_1,732,8.280042,1.0,10,,scalar_first_exact
pg-hnsw,250000,1,w2_1,509,5.9965,1.0,10,,scalar_first_exact
pg-hnsw,250000,1,w2_1,355,5.727541,1.0,10,,scalar_first_exact
pg-hnsw,250000,1,w2_1,875,5.834,1.0,10,,scalar_first_exact
pg-hnsw,250000,1,w2_1,577,7.628584,1.0,10,,scalar_first_exact
pg-hnsw,250000,1,w2_1,722,5.384625,1.0,10,,scalar_first_exact
pg-hnsw,250000,1,w2_1,387,5.845375,1.0,10,,scalar_first_exact
pg-hnsw,250000,1,w2_1,473,6.609708,1.0,10,,scalar_first_exact
pg-hnsw,250000,1,w2_1,635,5.147667,1.0,10,,scalar_first_exact
pg-hnsw,250000,1,w2_1,558,6.155541,1.0,10,,scalar_first_exact
pg-hnsw,250000,1,w2_1,622,5.850667,1.0,10,,scalar_first_exact
pg-hnsw,250000,1,w2_1,542,7.369292,1.0,10,,scalar_first_exact
pg-hnsw,250000,1,w2_1,291,6.730125,1.0,10,,scalar_first_exact
pg-hnsw,250000,1,w2_1,230,6.139292,1.0,10,,scalar_first_exact
pg-hnsw,250000,1,w2_1,999,5.442791,1.0,10,,scalar_first_exact
pg-hnsw,250000,1,w2_1,690,6.366334,1.0,10,,scalar_first_exact
pg-hnsw,250000,1,w2_1,566,9.46975,1.0,10,,scalar_first_exact
pg-hnsw,250000,1,w2_1,882,5.809459,1.0,10,,scalar_first_exact
pg-hnsw,250000,1,w2_1,272,6.042917,1.0,10,,scalar_first_exact
pg-hnsw,250000,1,w2_1,453,5.581208,1.0,10,,scalar_first_exact
pg-hnsw,250000,1,w2_1,105,6.475084,1.0,10,,scalar_first_exact
pg-hnsw,250000,1,w2_1,417,6.380541,1.0,10,,scalar_first_exact
pg-hnsw,250000,1,w2_1,347,6.364834,1.0,10,,scalar_first_exact
pg-hnsw,250000,1,w2_1,254,5.4055,1.0,10,,scalar_first_exact
pg-hnsw,250000,1,w2_1,844,8.0435,1.0,10,,scalar_first_exact
pg-hnsw,250000,1,w2_1,506,6.796583,1.0,10,,scalar_first_exact
pg-hnsw,250000,1,w2_1,589,8.300917,1.0,10,,scalar_first_exact
pg-hnsw,250000,1,w2_1,880,7.6545,1.0,10,,scalar_first_exact
pg-hnsw,250000,1,w2_1,276,7.842625,1.0,10,,scalar_first_exact
pg-hnsw,250000,1,w2_1,106,7.90325,1.0,10,,scalar_first_exact
pg-hnsw,250000,1,w2_1,485,5.418542,1.0,10,,scalar_first_exact
pg-hnsw,250000,1,w2_1,676,6.462833,1.0,10,,scalar_first_exact
pg-hnsw,250000,1,w2_1,987,7.418541,1.0,10,,scalar_first_exact
pg-hnsw,250000,1,w2_1,728,5.581083,1.0,10,,scalar_first_exact
pg-hnsw,250000,1,w2_1,718,5.722667,1.0,10,,scalar_first_exact
pg-hnsw,250000,1,w2_1,772,5.13425,1.0,10,,scalar_first_exact
pg-hnsw,250000,1,w2_1,544,5.01175,1.0,10,,scalar_first_exact
pg-hnsw,250000,1,w2_1,796,6.422333,1.0,10,,scalar_first_exact
pg-hnsw,250000,1,w2_1,835,5.2675,1.0,10,,scalar_first_exact
pg-hnsw,250000,1,w2_1,967,6.540041,1.0,10,,scalar_first_exact
pg-hnsw,250000,1,w2_1,384,7.442209,1.0,10,,scalar_first_exact
pg-hnsw,250000,1,w2_1,710,5.302375,1.0,10,,scalar_first_exact
pg-hnsw,250000,1,w2_1,617,5.769375,1.0,10,,scalar_first_exact
pg-hnsw,250000,1,w2_1,525,6.369958,1.0,10,,scalar_first_exact
pg-hnsw,250000,1,w2_1,232,5.428583,1.0,10,,scalar_first_exact
pg-hnsw,250000,1,w2_1,625,5.949875,1.0,10,,scalar_first_exact
pg-hnsw,250000,1,w2_1,117,6.126625,1.0,10,,scalar_first_exact
pg-hnsw,250000,1,w2_1,682,6.204459,1.0,10,,scalar_first_exact
pg-hnsw,250000,1,w2_1,874,5.885542,1.0,10,,scalar_first_exact
pg-hnsw,250000,1,w2_1,903,6.098166,1.0,10,,scalar_first_exact
pg-hnsw,250000,1,w2_1,174,5.454875,1.0,10,,scalar_first_exact
pg-hnsw,250000,1,w2_1,945,9.226459,1.0,10,,scalar_first_exact
pg-hnsw,250000,1,w2_1,992,5.388417,1.0,10,,scalar_first_exact
pg-hnsw,250000,1,w2_1,597,6.038333,1.0,10,,scalar_first_exact
pg-hnsw,250000,1,w2_1,431,6.082875,1.0,10,,scalar_first_exact
pg-hnsw,250000,1,w2_1,182,5.789542,1.0,10,,scalar_first_exact
pg-hnsw,250000,1,w2_1,673,7.301209,1.0,10,,scalar_first_exact
pg-hnsw,250000,1,w2_1,181,6.867666,1.0,10,,scalar_first_exact
pg-hnsw,250000,1,w2_1,184,5.60075,1.0,10,,scalar_first_exact
pg-hnsw,250000,1,w2_1,249,5.745292,1.0,10,,scalar_first_exact
pg-hnsw,250000,1,w2_1,915,7.9965,1.0,10,,scalar_first_exact
pg-hnsw,250000,1,w2_1,331,5.725583,1.0,10,,scalar_first_exact
pg-hnsw,250000,1,w2_1,740,5.312625,1.0,10,,scalar_first_exact
pg-hnsw,250000,1,w2_1,371,6.225625,1.0,10,,scalar_first_exact
pg-hnsw,250000,1,w2_1,978,7.1985,1.0,10,,scalar_first_exact
pg-hnsw,250000,1,w2_1,427,5.935833,1.0,10,,scalar_first_exact
pg-hnsw,250000,1,w2_1,373,5.5185,1.0,10,,scalar_first_exact
pg-hnsw,250000,1,w2_1,399,5.918208,1.0,10,,scalar_first_exact
pg-hnsw,250000,1,w2_1,407,5.519208,1.0,10,,scalar_first_exact
pg-hnsw,250000,1,w2_1,815,5.79475,1.0,10,,scalar_first_exact
pg-hnsw,250000,1,w2_1,738,6.129041,1.0,10,,scalar_first_exact
pg-hnsw,250000,1,w2_1,327,5.789959,1.0,10,,scalar_first_exact
pg-hnsw,250000,1,w2_1,546,6.445916,1.0,10,,scalar_first_exact
pg-hnsw,250000,1,w2_1,750,6.174708,1.0,10,,scalar_first_exact
pg-hnsw,250000,1,w2_1,386,5.741625,1.0,10,,scalar_first_exact
pg-hnsw,250000,1,w2_1,763,6.209292,1.0,10,,scalar_first_exact
pg-hnsw,250000,1,w2_1,366,5.756625,1.0,10,,scalar_first_exact
pg-hnsw,250000,1,w2_1,467,8.324667,1.0,10,,scalar_first_exact
pg-hnsw,250000,1,w2_1,408,5.997375,1.0,10,,scalar_first_exact
pg-hnsw,250000,1,w2_1,691,6.322958,1.0,10,,scalar_first_exact
pg-hnsw,250000,1,w2_1,604,6.074083,1.0,10,,scalar_first_exact
pg-hnsw,250000,1,w2_1,317,6.089708,1.0,10,,scalar_first_exact
pg-hnsw,250000,1,w2_1,812,6.54175,1.0,10,,scalar_first_exact
pg-hnsw,250000,1,w2_1,858,6.067041,1.0,10,,scalar_first_exact
pg-hnsw,250000,1,w2_1,568,6.386875,1.0,10,,scalar_first_exact
pg-hnsw,250000,1,w2_1,121,5.801959,1.0,10,,scalar_first_exact
pg-hnsw,250000,1,w2_1,224,5.788334,1.0,10,,scalar_first_exact
pg-hnsw,250000,1,w2_1,150,8.708542,1.0,10,,scalar_first_exact
pg-hnsw,250000,1,w2_1,928,6.609042,1.0,10,,scalar_first_exact
pg-hnsw,250000,1,w2_1,993,9.706041,1.0,10,,scalar_first_exact
pg-hnsw,250000,1,w2_1,346,6.928625,1.0,10,,scalar_first_exact
pg-hnsw,250000,1,w2_1,667,10.041083,1.0,10,,scalar_first_exact
pg-hnsw,250000,1,w2_1,370,6.339667,1.0,10,,scalar_first_exact
pg-hnsw,250000,1,w2_1,426,5.831,1.0,10,,scalar_first_exact
pg-hnsw,250000,1,w2_1,586,5.268,1.0,10,,scalar_first_exact
pg-hnsw,250000,1,w2_1,924,8.252,1.0,10,,scalar_first_exact
pg-hnsw,250000,1,w2_1,725,5.775542,1.0,10,,scalar_first_exact
pg-hnsw,250000,1,w2_1,475,5.875584,1.0,10,,scalar_first_exact
pg-hnsw,250000,1,w2_1,428,5.809542,1.0,10,,scalar_first_exact
pg-hnsw,250000,1,w2_1,811,6.538625,1.0,10,,scalar_first_exact
pg-hnsw,250000,1,w2_1,345,6.497917,1.0,10,,scalar_first_exact
pg-hnsw,250000,1,w2_1,262,6.92525,1.0,10,,scalar_first_exact
pg-hnsw,250000,1,w2_1,418,5.792708,1.0,10,,scalar_first_exact
pg-hnsw,250000,1,w2_1,709,6.654166,1.0,10,,scalar_first_exact
pg-hnsw,250000,1,w2_1,869,5.72,1.0,10,,scalar_first_exact
pg-hnsw,250000,1,w2_1,465,6.567541,1.0,10,,scalar_first_exact
pg-hnsw,250000,1,w2_1,257,6.555917,1.0,10,,scalar_first_exact
pg-hnsw,250000,1,w2_1,827,6.04575,1.0,10,,scalar_first_exact
pg-hnsw,250000,1,w2_1,102,5.721583,1.0,10,,scalar_first_exact
pg-hnsw,250000,1,w2_1,456,9.940917,1.0,10,,scalar_first_exact
pg-hnsw,250000,1,w2_1,245,6.913667,1.0,10,,scalar_first_exact
pg-hnsw,250000,1,w2_1,970,5.870458,1.0,10,,scalar_first_exact
pg-hnsw,250000,1,w2_1,911,6.579792,1.0,10,,scalar_first_exact
pg-hnsw,250000,1,w2_1,278,5.407417,1.0,10,,scalar_first_exact
pg-hnsw,250000,1,w2_1,816,6.220875,1.0,10,,scalar_first_exact
pg-hnsw,250000,1,w2_1,234,6.477417,1.0,10,,scalar_first_exact
pg-hnsw,250000,1,w2_1,460,5.270708,1.0,10,,scalar_first_exact
pg-hnsw,250000,1,w2_1,436,6.871375,1.0,10,,scalar_first_exact
pg-hnsw,250000,1,w2_1,697,5.9885,1.0,10,,scalar_first_exact
pg-hnsw,250000,1,w2_1,545,6.226166,1.0,10,,scalar_first_exact
pg-hnsw,250000,1,w2_1,588,6.186042,1.0,10,,scalar_first_exact
pg-hnsw,250000,1,w2_1,329,6.290041,1.0,10,,scalar_first_exact
pg-hnsw,250000,1,w2_1,321,5.914625,1.0,10,,scalar_first_exact
pg-hnsw,250000,1,w2_1,606,6.166791,1.0,10,,scalar_first_exact
pg-hnsw,250000,1,w2_1,228,5.933083,1.0,10,,scalar_first_exact
pg-hnsw,250000,1,w2_1,300,5.724292,1.0,10,,scalar_first_exact
pg-hnsw,250000,1,w2_1,395,11.42975,1.0,10,,scalar_first_exact
pg-hnsw,250000,1,w2_1,680,5.199041,1.0,10,,scalar_first_exact
pg-hnsw,250000,1,w2_1,421,6.178917,1.0,10,,scalar_first_exact
pg-hnsw,250000,1,w2_1,611,6.174416,1.0,10,,scalar_first_exact
pg-hnsw,250000,1,w2_1,746,5.840667,1.0,10,,scalar_first_exact
pg-hnsw,250000,1,w2_1,526,6.017459,1.0,10,,scalar_first_exact
pg-hnsw,250000,1,w2_1,843,6.2735,1.0,10,,scalar_first_exact
pg-hnsw,250000,1,w2_1,707,6.142041,1.0,10,,scalar_first_exact
pg-hnsw,250000,1,w2_1,547,4.694334,1.0,10,,scalar_first_exact
pg-hnsw,250000,1,w2_1,537,6.316667,1.0,10,,scalar_first_exact
pg-hnsw,250000,1,w2_1,164,6.450792,1.0,10,,scalar_first_exact
pg-hnsw,250000,1,w2_1,478,9.073583,1.0,10,,scalar_first_exact
pg-hnsw,250000,1,w2_1,462,5.676833,1.0,10,,scalar_first_exact
pg-hnsw,250000,1,w2_1,842,7.170375,1.0,10,,scalar_first_exact
pg-hnsw,250000,1,w2_1,311,7.995291,1.0,10,,scalar_first_exact
pg-hnsw,250000,1,w2_1,142,5.674458,1.0,10,,scalar_first_exact
pg-hnsw,250000,1,w2_1,789,6.203458,1.0,10,,scalar_first_exact
pg-hnsw,250000,1,w2_1,569,5.698458,1.0,10,,scalar_first_exact
pg-hnsw,250000,1,w2_1,152,5.632042,1.0,10,,scalar_first_exact
pg-hnsw,250000,1,w2_1,966,5.37725,1.0,10,,scalar_first_exact
pg-hnsw,250000,1,w2_1,653,6.596333,1.0,10,,scalar_first_exact
pg-hnsw,250000,1,w2_1,365,6.21325,1.0,10,,scalar_first_exact
pg-hnsw,250000,1,w2_1,666,9.199459,1.0,10,,scalar_first_exact
pg-hnsw,250000,1,w2_1,294,6.706541,1.0,10,,scalar_first_exact
pg-hnsw,250000,1,w2_1,505,6.024833,1.0,10,,scalar_first_exact
pg-hnsw,250000,1,w2_1,343,8.605917,1.0,10,,scalar_first_exact
pg-hnsw,250000,1,w2_1,296,5.556958,1.0,10,,scalar_first_exact
pg-hnsw,250000,1,w2_1,361,5.611708,1.0,10,,scalar_first_exact
pg-hnsw,250000,1,w2_1,953,7.004666,1.0,10,,scalar_first_exact
pg-hnsw,250000,1,w2_1,242,6.098417,1.0,10,,scalar_first_exact
pg-hnsw,250000,1,w2_1,503,6.171375,1.0,10,,scalar_first_exact
pg-hnsw,250000,1,w2_1,919,5.806583,1.0,10,,scalar_first_exact
pg-hnsw,250000,1,w2_1,222,5.954333,1.0,10,,scalar_first_exact
pg-hnsw,250000,1,w2_1,318,5.725792,1.0,10,,scalar_first_exact
pg-hnsw,250000,1,w2_0_1,257,0.937791,1.0,10,,planner_filtered_query_scalar_expected
pg-hnsw,250000,1,w2_0_1,788,0.803917,1.0,10,,planner_filtered_query_scalar_expected
pg-hnsw,250000,1,w2_0_1,521,1.875042,1.0,10,,planner_filtered_query_scalar_expected
pg-hnsw,250000,1,w2_0_1,449,1.162292,1.0,10,,planner_filtered_query_scalar_expected
pg-hnsw,250000,1,w2_0_1,606,0.794542,1.0,10,,planner_filtered_query_scalar_expected
pg-hnsw,250000,1,w2_0_1,194,0.768084,1.0,10,,planner_filtered_query_scalar_expected
pg-hnsw,250000,1,w2_0_1,817,0.915792,1.0,10,,planner_filtered_query_scalar_expected
pg-hnsw,250000,1,w2_0_1,860,0.760833,1.0,10,,planner_filtered_query_scalar_expected
pg-hnsw,250000,1,w2_0_1,318,0.720166,1.0,10,,planner_filtered_query_scalar_expected
pg-hnsw,250000,1,w2_0_1,744,0.796583,1.0,10,,planner_filtered_query_scalar_expected
pg-hnsw,250000,1,w2_0_1,103,3.29075,1.0,10,,planner_filtered_query_scalar_expected
pg-hnsw,250000,1,w2_0_1,690,1.059208,1.0,10,,planner_filtered_query_scalar_expected
pg-hnsw,250000,1,w2_0_1,518,0.893667,1.0,10,,planner_filtered_query_scalar_expected
pg-hnsw,250000,1,w2_0_1,236,0.771959,1.0,10,,planner_filtered_query_scalar_expected
pg-hnsw,250000,1,w2_0_1,238,0.734625,1.0,10,,planner_filtered_query_scalar_expected
pg-hnsw,250000,1,w2_0_1,391,0.832875,1.0,10,,planner_filtered_query_scalar_expected
pg-hnsw,250000,1,w2_0_1,775,0.76075,1.0,10,,planner_filtered_query_scalar_expected
pg-hnsw,250000,1,w2_0_1,768,1.90675,1.0,10,,planner_filtered_query_scalar_expected
pg-hnsw,250000,1,w2_0_1,448,1.239125,1.0,10,,planner_filtered_query_scalar_expected
pg-hnsw,250000,1,w2_0_1,442,1.04975,1.0,10,,planner_filtered_query_scalar_expected
pg-hnsw,250000,1,w2_0_1,480,0.890083,1.0,10,,planner_filtered_query_scalar_expected
pg-hnsw,250000,1,w2_0_1,846,0.753,1.0,10,,planner_filtered_query_scalar_expected
pg-hnsw,250000,1,w2_0_1,112,0.763875,1.0,10,,planner_filtered_query_scalar_expected
pg-hnsw,250000,1,w2_0_1,354,0.70375,1.0,10,,planner_filtered_query_scalar_expected
pg-hnsw,250000,1,w2_0_1,246,0.864916,1.0,10,,planner_filtered_query_scalar_expected
pg-hnsw,250000,1,w2_0_1,263,2.024583,1.0,10,,planner_filtered_query_scalar_expected
pg-hnsw,250000,1,w2_0_1,385,2.022709,1.0,10,,planner_filtered_query_scalar_expected
pg-hnsw,250000,1,w2_0_1,611,0.898375,1.0,10,,planner_filtered_query_scalar_expected
pg-hnsw,250000,1,w2_0_1,651,0.982791,1.0,10,,planner_filtered_query_scalar_expected
pg-hnsw,250000,1,w2_0_1,972,0.92675,1.0,10,,planner_filtered_query_scalar_expected
pg-hnsw,250000,1,w2_0_1,978,3.743875,1.0,10,,planner_filtered_query_scalar_expected
pg-hnsw,250000,1,w2_0_1,995,1.113667,1.0,10,,planner_filtered_query_scalar_expected
pg-hnsw,250000,1,w2_0_1,825,1.0855,1.0,10,,planner_filtered_query_scalar_expected
pg-hnsw,250000,1,w2_0_1,855,1.079125,1.0,10,,planner_filtered_query_scalar_expected
pg-hnsw,250000,1,w2_0_1,137,0.744833,1.0,10,,planner_filtered_query_scalar_expected
pg-hnsw,250000,1,w2_0_1,642,0.824041,1.0,10,,planner_filtered_query_scalar_expected
pg-hnsw,250000,1,w2_0_1,714,0.974333,1.0,10,,planner_filtered_query_scalar_expected
pg-hnsw,250000,1,w2_0_1,180,1.064042,1.0,10,,planner_filtered_query_scalar_expected
pg-hnsw,250000,1,w2_0_1,401,1.058792,1.0,10,,planner_filtered_query_scalar_expected
pg-hnsw,250000,1,w2_0_1,159,1.285542,1.0,10,,planner_filtered_query_scalar_expected
pg-hnsw,250000,1,w2_0_1,687,1.156459,1.0,10,,planner_filtered_query_scalar_expected
pg-hnsw,250000,1,w2_0_1,835,0.946125,1.0,10,,planner_filtered_query_scalar_expected
pg-hnsw,250000,1,w2_0_1,616,0.937209,1.0,10,,planner_filtered_query_scalar_expected
pg-hnsw,250000,1,w2_0_1,157,0.915083,1.0,10,,planner_filtered_query_scalar_expected
pg-hnsw,250000,1,w2_0_1,410,1.091167,1.0,10,,planner_filtered_query_scalar_expected
pg-hnsw,250000,1,w2_0_1,801,1.072625,1.0,10,,planner_filtered_query_scalar_expected
pg-hnsw,250000,1,w2_0_1,816,0.809959,1.0,10,,planner_filtered_query_scalar_expected
pg-hnsw,250000,1,w2_0_1,924,0.9095,1.0,10,,planner_filtered_query_scalar_expected
pg-hnsw,250000,1,w2_0_1,711,1.533584,1.0,10,,planner_filtered_query_scalar_expected
pg-hnsw,250000,1,w2_0_1,222,0.834459,1.0,10,,planner_filtered_query_scalar_expected
pg-hnsw,250000,1,w2_0_1,139,0.783,1.0,10,,planner_filtered_query_scalar_expected
pg-hnsw,250000,1,w2_0_1,810,0.745166,1.0,10,,planner_filtered_query_scalar_expected
pg-hnsw,250000,1,w2_0_1,293,3.401709,1.0,10,,planner_filtered_query_scalar_expected
pg-hnsw,250000,1,w2_0_1,718,0.924875,1.0,10,,planner_filtered_query_scalar_expected
pg-hnsw,250000,1,w2_0_1,906,0.916083,1.0,10,,planner_filtered_query_scalar_expected
pg-hnsw,250000,1,w2_0_1,258,0.927833,1.0,10,,planner_filtered_query_scalar_expected
pg-hnsw,250000,1,w2_0_1,818,0.928583,1.0,10,,planner_filtered_query_scalar_expected
pg-hnsw,250000,1,w2_0_1,667,0.793417,1.0,10,,planner_filtered_query_scalar_expected
pg-hnsw,250000,1,w2_0_1,347,0.747333,1.0,10,,planner_filtered_query_scalar_expected
pg-hnsw,250000,1,w2_0_1,228,0.730625,1.0,10,,planner_filtered_query_scalar_expected
pg-hnsw,250000,1,w2_0_1,764,0.812333,1.0,10,,planner_filtered_query_scalar_expected
pg-hnsw,250000,1,w2_0_1,249,0.955333,1.0,10,,planner_filtered_query_scalar_expected
pg-hnsw,250000,1,w2_0_1,392,1.162666,1.0,10,,planner_filtered_query_scalar_expected
pg-hnsw,250000,1,w2_0_1,633,0.879959,1.0,10,,planner_filtered_query_scalar_expected
pg-hnsw,250000,1,w2_0_1,758,0.871417,1.0,10,,planner_filtered_query_scalar_expected
pg-hnsw,250000,1,w2_0_1,837,0.992,1.0,10,,planner_filtered_query_scalar_expected
pg-hnsw,250000,1,w2_0_1,467,0.928542,1.0,10,,planner_filtered_query_scalar_expected
pg-hnsw,250000,1,w2_0_1,790,1.01775,1.0,10,,planner_filtered_query_scalar_expected
pg-hnsw,250000,1,w2_0_1,513,4.524458,1.0,10,,planner_filtered_query_scalar_expected
pg-hnsw,250000,1,w2_0_1,430,1.131791,1.0,10,,planner_filtered_query_scalar_expected
pg-hnsw,250000,1,w2_0_1,141,0.818875,1.0,10,,planner_filtered_query_scalar_expected
pg-hnsw,250000,1,w2_0_1,398,0.700834,1.0,10,,planner_filtered_query_scalar_expected
pg-hnsw,250000,1,w2_0_1,771,0.803083,1.0,10,,planner_filtered_query_scalar_expected
pg-hnsw,250000,1,w2_0_1,179,0.809,1.0,10,,planner_filtered_query_scalar_expected
pg-hnsw,250000,1,w2_0_1,186,0.786,1.0,10,,planner_filtered_query_scalar_expected
pg-hnsw,250000,1,w2_0_1,944,1.085958,1.0,10,,planner_filtered_query_scalar_expected
pg-hnsw,250000,1,w2_0_1,502,1.013291,1.0,10,,planner_filtered_query_scalar_expected
pg-hnsw,250000,1,w2_0_1,155,0.937375,1.0,10,,planner_filtered_query_scalar_expected
pg-hnsw,250000,1,w2_0_1,635,0.918042,1.0,10,,planner_filtered_query_scalar_expected
pg-hnsw,250000,1,w2_0_1,733,0.812834,1.0,10,,planner_filtered_query_scalar_expected
pg-hnsw,250000,1,w2_0_1,798,1.009875,1.0,10,,planner_filtered_query_scalar_expected
pg-hnsw,250000,1,w2_0_1,140,0.907166,1.0,10,,planner_filtered_query_scalar_expected
pg-hnsw,250000,1,w2_0_1,200,2.100375,1.0,10,,planner_filtered_query_scalar_expected
pg-hnsw,250000,1,w2_0_1,196,1.026792,1.0,10,,planner_filtered_query_scalar_expected
pg-hnsw,250000,1,w2_0_1,659,0.87775,1.0,10,,planner_filtered_query_scalar_expected
pg-hnsw,250000,1,w2_0_1,285,0.733958,1.0,10,,planner_filtered_query_scalar_expected
pg-hnsw,250000,1,w2_0_1,920,0.676416,1.0,10,,planner_filtered_query_scalar_expected
pg-hnsw,250000,1,w2_0_1,184,1.086959,1.0,10,,planner_filtered_query_scalar_expected
pg-hnsw,250000,1,w2_0_1,665,0.96075,1.0,10,,planner_filtered_query_scalar_expected
pg-hnsw,250000,1,w2_0_1,997,1.975291,1.0,10,,planner_filtered_query_scalar_expected
pg-hnsw,250000,1,w2_0_1,322,2.80475,1.0,10,,planner_filtered_query_scalar_expected
pg-hnsw,250000,1,w2_0_1,421,0.869708,1.0,10,,planner_filtered_query_scalar_expected
pg-hnsw,250000,1,w2_0_1,591,0.8535,1.0,10,,planner_filtered_query_scalar_expected
pg-hnsw,250000,1,w2_0_1,255,0.866,1.0,10,,planner_filtered_query_scalar_expected
pg-hnsw,250000,1,w2_0_1,767,0.750375,1.0,10,,planner_filtered_query_scalar_expected
pg-hnsw,250000,1,w2_0_1,934,0.767666,1.0,10,,planner_filtered_query_scalar_expected
pg-hnsw,250000,1,w2_0_1,850,0.78725,1.0,10,,planner_filtered_query_scalar_expected
pg-hnsw,250000,1,w2_0_1,376,0.802041,1.0,10,,planner_filtered_query_scalar_expected
pg-hnsw,250000,1,w2_0_1,858,1.720792,1.0,10,,planner_filtered_query_scalar_expected
pg-hnsw,250000,1,w2_0_1,406,1.423,1.0,10,,planner_filtered_query_scalar_expected
pg-hnsw,250000,1,w2_0_1,287,0.969209,1.0,10,,planner_filtered_query_scalar_expected
pg-hnsw,250000,1,w2_0_1,797,0.933417,1.0,10,,planner_filtered_query_scalar_expected
pg-hnsw,250000,1,w2_0_1,822,0.793708,1.0,10,,planner_filtered_query_scalar_expected
pg-hnsw,250000,1,w2_0_1,821,1.811917,1.0,10,,planner_filtered_query_scalar_expected
pg-hnsw,250000,1,w2_0_1,732,1.388042,1.0,10,,planner_filtered_query_scalar_expected
pg-hnsw,250000,1,w2_0_1,178,0.870541,1.0,10,,planner_filtered_query_scalar_expected
pg-hnsw,250000,1,w2_0_1,248,0.873375,1.0,10,,planner_filtered_query_scalar_expected
pg-hnsw,250000,1,w2_0_1,853,0.750125,1.0,10,,planner_filtered_query_scalar_expected
pg-hnsw,250000,1,w2_0_1,969,0.908917,1.0,10,,planner_filtered_query_scalar_expected
pg-hnsw,250000,1,w2_0_1,913,0.706375,1.0,10,,planner_filtered_query_scalar_expected
pg-hnsw,250000,1,w2_0_1,940,0.793875,1.0,10,,planner_filtered_query_scalar_expected
pg-hnsw,250000,1,w2_0_1,736,0.776459,1.0,10,,planner_filtered_query_scalar_expected
pg-hnsw,250000,1,w2_0_1,992,0.74675,1.0,10,,planner_filtered_query_scalar_expected
pg-hnsw,250000,1,w2_0_1,231,0.717125,1.0,10,,planner_filtered_query_scalar_expected
pg-hnsw,250000,1,w2_0_1,172,1.864125,1.0,10,,planner_filtered_query_scalar_expected
pg-hnsw,250000,1,w2_0_1,512,1.435458,1.0,10,,planner_filtered_query_scalar_expected
pg-hnsw,250000,1,w2_0_1,802,1.102666,1.0,10,,planner_filtered_query_scalar_expected
pg-hnsw,250000,1,w2_0_1,302,1.035917,1.0,10,,planner_filtered_query_scalar_expected
pg-hnsw,250000,1,w2_0_1,205,0.855,1.0,10,,planner_filtered_query_scalar_expected
pg-hnsw,250000,1,w2_0_1,603,0.778125,1.0,10,,planner_filtered_query_scalar_expected
pg-hnsw,250000,1,w2_0_1,563,0.71675,1.0,10,,planner_filtered_query_scalar_expected
pg-hnsw,250000,1,w2_0_1,793,3.354541,1.0,10,,planner_filtered_query_scalar_expected
pg-hnsw,250000,1,w2_0_1,516,1.070041,1.0,10,,planner_filtered_query_scalar_expected
pg-hnsw,250000,1,w2_0_1,507,0.853458,1.0,10,,planner_filtered_query_scalar_expected
pg-hnsw,250000,1,w2_0_1,680,0.833459,1.0,10,,planner_filtered_query_scalar_expected
pg-hnsw,250000,1,w2_0_1,983,0.738875,1.0,10,,planner_filtered_query_scalar_expected
pg-hnsw,250000,1,w2_0_1,356,0.82125,1.0,10,,planner_filtered_query_scalar_expected
pg-hnsw,250000,1,w2_0_1,314,0.772583,1.0,10,,planner_filtered_query_scalar_expected
pg-hnsw,250000,1,w2_0_1,358,3.5,1.0,10,,planner_filtered_query_scalar_expected
pg-hnsw,250000,1,w2_0_1,540,1.023667,1.0,10,,planner_filtered_query_scalar_expected
pg-hnsw,250000,1,w2_0_1,670,1.013208,1.0,10,,planner_filtered_query_scalar_expected
pg-hnsw,250000,1,w2_0_1,149,0.835792,1.0,10,,planner_filtered_query_scalar_expected
pg-hnsw,250000,1,w2_0_1,331,0.931375,1.0,10,,planner_filtered_query_scalar_expected
pg-hnsw,250000,1,w2_0_1,520,0.884916,1.0,10,,planner_filtered_query_scalar_expected
pg-hnsw,250000,1,w2_0_1,737,1.132291,1.0,10,,planner_filtered_query_scalar_expected
pg-hnsw,250000,1,w2_0_1,462,1.056583,1.0,10,,planner_filtered_query_scalar_expected
pg-hnsw,250000,1,w2_0_1,438,0.836625,1.0,10,,planner_filtered_query_scalar_expected
pg-hnsw,250000,1,w2_0_1,652,0.844583,1.0,10,,planner_filtered_query_scalar_expected
pg-hnsw,250000,1,w2_0_1,372,0.951959,1.0,10,,planner_filtered_query_scalar_expected
pg-hnsw,250000,1,w2_0_1,648,0.913625,1.0,10,,planner_filtered_query_scalar_expected
pg-hnsw,250000,1,w2_0_1,443,0.820541,1.0,10,,planner_filtered_query_scalar_expected
pg-hnsw,250000,1,w2_0_1,677,0.669875,1.0,10,,planner_filtered_query_scalar_expected
pg-hnsw,250000,1,w2_0_1,374,0.738458,1.0,10,,planner_filtered_query_scalar_expected
pg-hnsw,250000,1,w2_0_1,933,3.418375,1.0,10,,planner_filtered_query_scalar_expected
pg-hnsw,250000,1,w2_0_1,213,0.869584,1.0,10,,planner_filtered_query_scalar_expected
pg-hnsw,250000,1,w2_0_1,350,0.92975,1.0,10,,planner_filtered_query_scalar_expected
pg-hnsw,250000,1,w2_0_1,959,0.916,1.0,10,,planner_filtered_query_scalar_expected
pg-hnsw,250000,1,w2_0_1,984,0.852375,1.0,10,,planner_filtered_query_scalar_expected
pg-hnsw,250000,1,w2_0_1,932,0.845625,1.0,10,,planner_filtered_query_scalar_expected
pg-hnsw,250000,1,w2_0_1,419,0.698458,1.0,10,,planner_filtered_query_scalar_expected
pg-hnsw,250000,1,w2_0_1,193,0.826084,1.0,10,,planner_filtered_query_scalar_expected
pg-hnsw,250000,1,w2_0_1,658,0.9415,1.0,10,,planner_filtered_query_scalar_expected
pg-hnsw,250000,1,w2_0_1,340,0.95475,1.0,10,,planner_filtered_query_scalar_expected
pg-hnsw,250000,1,w2_0_1,576,1.036416,1.0,10,,planner_filtered_query_scalar_expected
pg-hnsw,250000,1,w2_0_1,282,0.919042,1.0,10,,planner_filtered_query_scalar_expected
pg-hnsw,250000,1,w2_0_1,826,0.813083,1.0,10,,planner_filtered_query_scalar_expected
pg-hnsw,250000,1,w2_0_1,887,0.940709,1.0,10,,planner_filtered_query_scalar_expected
pg-hnsw,250000,1,w2_0_1,702,0.873541,1.0,10,,planner_filtered_query_scalar_expected
pg-hnsw,250000,1,w2_0_1,567,1.108416,1.0,10,,planner_filtered_query_scalar_expected
pg-hnsw,250000,1,w2_0_1,871,1.274125,1.0,10,,planner_filtered_query_scalar_expected
pg-hnsw,250000,1,w2_0_1,710,0.873333,1.0,10,,planner_filtered_query_scalar_expected
pg-hnsw,250000,1,w2_0_1,106,0.987125,1.0,10,,planner_filtered_query_scalar_expected
pg-hnsw,250000,1,w2_0_1,275,1.049667,1.0,10,,planner_filtered_query_scalar_expected
pg-hnsw,250000,1,w2_0_1,915,1.168125,1.0,10,,planner_filtered_query_scalar_expected
pg-hnsw,250000,1,w2_0_1,854,1.015542,1.0,10,,planner_filtered_query_scalar_expected
pg-hnsw,250000,1,w2_0_1,235,2.041833,1.0,10,,planner_filtered_query_scalar_expected
pg-hnsw,250000,1,w2_0_1,773,1.589625,1.0,10,,planner_filtered_query_scalar_expected
pg-hnsw,250000,1,w2_0_1,724,0.910417,1.0,10,,planner_filtered_query_scalar_expected
pg-hnsw,250000,1,w2_0_1,508,1.032542,1.0,10,,planner_filtered_query_scalar_expected
pg-hnsw,250000,1,w2_0_1,613,0.914166,1.0,10,,planner_filtered_query_scalar_expected
pg-hnsw,250000,1,w2_0_1,673,1.069417,1.0,10,,planner_filtered_query_scalar_expected
pg-hnsw,250000,1,w2_0_1,371,0.842959,1.0,10,,planner_filtered_query_scalar_expected
pg-hnsw,250000,1,w2_0_1,199,4.757584,1.0,10,,planner_filtered_query_scalar_expected
pg-hnsw,250000,1,w2_0_1,878,1.087375,1.0,10,,planner_filtered_query_scalar_expected
pg-hnsw,250000,1,w2_0_1,203,1.089,1.0,10,,planner_filtered_query_scalar_expected
pg-hnsw,250000,1,w2_0_1,428,0.942667,1.0,10,,planner_filtered_query_scalar_expected
pg-hnsw,250000,1,w2_0_1,416,0.973875,1.0,10,,planner_filtered_query_scalar_expected
pg-hnsw,250000,1,w2_0_1,147,0.989,1.0,10,,planner_filtered_query_scalar_expected
pg-hnsw,250000,1,w2_0_1,679,2.96125,1.0,10,,planner_filtered_query_scalar_expected
pg-hnsw,250000,1,w2_0_1,365,1.3615,1.0,10,,planner_filtered_query_scalar_expected
pg-hnsw,250000,1,w2_0_1,253,0.917166,1.0,10,,planner_filtered_query_scalar_expected
pg-hnsw,250000,1,w2_0_1,375,1.179541,1.0,10,,planner_filtered_query_scalar_expected
pg-hnsw,250000,1,w2_0_1,907,1.17625,1.0,10,,planner_filtered_query_scalar_expected
pg-hnsw,250000,1,w2_0_1,638,1.204333,1.0,10,,planner_filtered_query_scalar_expected
pg-hnsw,250000,1,w2_0_1,892,1.277958,1.0,10,,planner_filtered_query_scalar_expected
pg-hnsw,250000,1,w2_0_1,918,1.097542,1.0,10,,planner_filtered_query_scalar_expected
pg-hnsw,250000,1,w2_0_1,729,1.129083,1.0,10,,planner_filtered_query_scalar_expected
pg-hnsw,250000,1,w2_0_1,169,0.887292,1.0,10,,planner_filtered_query_scalar_expected
pg-hnsw,250000,1,w2_0_1,195,0.824375,1.0,10,,planner_filtered_query_scalar_expected
pg-hnsw,250000,1,w2_0_1,221,1.078042,1.0,10,,planner_filtered_query_scalar_expected
pg-hnsw,250000,1,w2_0_1,547,6.421791,1.0,10,,planner_filtered_query_scalar_expected
pg-hnsw,250000,1,w2_0_1,215,1.260291,1.0,10,,planner_filtered_query_scalar_expected
pg-hnsw,250000,1,w2_0_1,114,0.876833,1.0,10,,planner_filtered_query_scalar_expected
pg-hnsw,250000,1,w2_0_1,669,0.823,1.0,10,,planner_filtered_query_scalar_expected
pg-hnsw,250000,1,w2_0_1,489,0.801,1.0,10,,planner_filtered_query_scalar_expected
pg-hnsw,250000,1,w2_0_1,126,0.995375,1.0,10,,planner_filtered_query_scalar_expected
pg-hnsw,250000,1,w2_0_1,128,1.057209,1.0,10,,planner_filtered_query_scalar_expected
pg-hnsw,250000,1,w2_0_1,210,0.992292,1.0,10,,planner_filtered_query_scalar_expected
pg-hnsw,250000,1,w2_0_1,891,0.919833,1.0,10,,planner_filtered_query_scalar_expected
pg-hnsw,250000,1,w2_0_1,730,0.799375,1.0,10,,planner_filtered_query_scalar_expected
pg-hnsw,250000,1,w2_0_1,223,0.785708,1.0,10,,planner_filtered_query_scalar_expected
pg-hnsw,250000,1,w2_0_1,532,0.81525,1.0,10,,planner_filtered_query_scalar_expected
pg-hnsw,250000,1,w2_0_1,597,1.14975,1.0,10,,planner_filtered_query_scalar_expected
pg-hnsw,250000,1,w2_0_1,927,1.189459,1.0,10,,planner_filtered_query_scalar_expected
pg-hnsw,250000,1,w2_0_1,765,0.956875,1.0,10,,planner_filtered_query_scalar_expected
pg-hnsw,250000,1,w2_0_1,390,0.904583,1.0,10,,planner_filtered_query_scalar_expected
pg-hnsw,250000,1,w2_0_1,968,0.907875,1.0,10,,planner_filtered_query_scalar_expected
pg-hnsw,250000,1,w2_0_1,173,1.082416,1.0,10,,planner_filtered_query_scalar_expected
pg-hnsw,250000,1,w2_0_1,961,1.114542,1.0,10,,planner_filtered_query_scalar_expected
pg-hnsw,250000,1,w2_0_1,596,1.102209,1.0,10,,planner_filtered_query_scalar_expected
pg-hnsw,250000,1,w2_0_1,156,1.062958,1.0,10,,planner_filtered_query_scalar_expected
pg-hnsw,250000,1,w2_0_1,538,1.128541,1.0,10,,planner_filtered_query_scalar_expected
pg-hnsw,250000,1,w2_0_1,333,1.120875,1.0,10,,planner_filtered_query_scalar_expected
pg-hnsw,250000,1,w2_0_1,931,1.130292,1.0,10,,planner_filtered_query_scalar_expected
pg-hnsw,250000,1,w2_0_1,298,1.0075,1.0,10,,planner_filtered_query_scalar_expected
pg-hnsw,250000,1,w2_0_1,450,0.868791,1.0,10,,planner_filtered_query_scalar_expected
pg-hnsw,250000,1,w2_0_1,383,1.180792,1.0,10,,planner_filtered_query_scalar_expected
pg-hnsw,250000,1,w2_0_1,325,1.018625,1.0,10,,planner_filtered_query_scalar_expected
pg-hnsw,250000,1,w2_0_1,522,1.121291,1.0,10,,planner_filtered_query_scalar_expected
pg-hnsw,250000,1,w2_0_1,609,1.555208,1.0,10,,planner_filtered_query_scalar_expected
pg-hnsw,250000,1,w2_0_1,589,1.089833,1.0,10,,planner_filtered_query_scalar_expected
pg-hnsw,250000,1,w2_0_1,400,0.90025,1.0,10,,planner_filtered_query_scalar_expected
pg-hnsw,250000,1,w2_0_1,942,0.82825,1.0,10,,planner_filtered_query_scalar_expected
pg-hnsw,250000,1,w2_0_1,703,0.766292,1.0,10,,planner_filtered_query_scalar_expected
pg-hnsw,250000,1,w2_0_1,181,0.978625,1.0,10,,planner_filtered_query_scalar_expected
pg-hnsw,250000,1,w2_0_1,981,1.085708,1.0,10,,planner_filtered_query_scalar_expected
pg-hnsw,250000,1,w2_0_1,614,1.056167,1.0,10,,planner_filtered_query_scalar_expected
pg-hnsw,250000,1,w2_0_1,754,1.02975,1.0,10,,planner_filtered_query_scalar_expected
pg-hnsw,250000,1,w2_0_1,938,0.978292,1.0,10,,planner_filtered_query_scalar_expected
pg-hnsw,250000,1,w2_0_1,117,1.060541,1.0,10,,planner_filtered_query_scalar_expected
pg-hnsw,250000,1,w2_0_1,468,1.034041,1.0,10,,planner_filtered_query_scalar_expected
pg-hnsw,250000,1,w2_0_1,330,1.094417,1.0,10,,planner_filtered_query_scalar_expected
pg-hnsw,250000,1,w2_0_1,644,1.142667,1.0,10,,planner_filtered_query_scalar_expected
pg-hnsw,250000,1,w2_0_1,671,1.09275,1.0,10,,planner_filtered_query_scalar_expected
pg-hnsw,250000,1,w2_0_1,582,1.224292,1.0,10,,planner_filtered_query_scalar_expected
pg-hnsw,250000,1,w2_0_1,483,0.982334,1.0,10,,planner_filtered_query_scalar_expected
pg-hnsw,250000,1,w2_0_1,704,0.955458,1.0,10,,planner_filtered_query_scalar_expected
pg-hnsw,250000,1,w2_0_1,856,0.993792,1.0,10,,planner_filtered_query_scalar_expected
pg-hnsw,250000,1,w2_0_1,399,0.982625,1.0,10,,planner_filtered_query_scalar_expected
pg-hnsw,250000,1,w2_0_1,484,0.918667,1.0,10,,planner_filtered_query_scalar_expected
pg-hnsw,250000,1,w2_0_1,976,0.989375,1.0,10,,planner_filtered_query_scalar_expected
pg-hnsw,250000,1,w2_0_1,313,1.185959,1.0,10,,planner_filtered_query_scalar_expected
pg-hnsw,250000,1,w2_0_1,284,1.184458,1.0,10,,planner_filtered_query_scalar_expected
pg-hnsw,250000,1,w2_0_1,581,0.915042,1.0,10,,planner_filtered_query_scalar_expected
pg-hnsw,250000,1,w2_0_1,770,0.846416,1.0,10,,planner_filtered_query_scalar_expected
pg-hnsw,250000,1,w2_0_1,882,0.964083,1.0,10,,planner_filtered_query_scalar_expected
pg-hnsw,250000,1,w2_0_1,505,0.999042,1.0,10,,planner_filtered_query_scalar_expected
pg-hnsw,250000,1,w2_0_1,682,1.172958,1.0,10,,planner_filtered_query_scalar_expected
pg-hnsw,250000,1,w2_0_1,784,1.084375,1.0,10,,planner_filtered_query_scalar_expected
pg-hnsw,250000,1,w2_0_1,668,0.985208,1.0,10,,planner_filtered_query_scalar_expected
pg-hnsw,250000,1,w2_0_1,782,5.93175,1.0,10,,planner_filtered_query_scalar_expected
pg-hnsw,250000,1,w2_0_1,363,1.086,1.0,10,,planner_filtered_query_scalar_expected
pg-hnsw,250000,1,w2_0_1,963,1.009083,1.0,10,,planner_filtered_query_scalar_expected
pg-hnsw,250000,1,w2_0_1,761,0.974667,1.0,10,,planner_filtered_query_scalar_expected
pg-hnsw,250000,1,w2_0_1,823,1.152375,1.0,10,,planner_filtered_query_scalar_expected
pg-hnsw,250000,1,w2_0_1,479,0.952875,1.0,10,,planner_filtered_query_scalar_expected
pg-hnsw,250000,1,w2_0_1,214,1.009667,1.0,10,,planner_filtered_query_scalar_expected
pg-hnsw,250000,1,w2_0_1,422,0.841959,1.0,10,,planner_filtered_query_scalar_expected
pg-hnsw,250000,1,w2_0_1,557,0.818459,1.0,10,,planner_filtered_query_scalar_expected
pg-hnsw,250000,1,w2_0_1,686,0.86225,1.0,10,,planner_filtered_query_scalar_expected
pg-hnsw,250000,1,w2_0_1,329,0.738333,1.0,10,,planner_filtered_query_scalar_expected
pg-hnsw,250000,1,w2_0_1,845,1.385417,1.0,10,,planner_filtered_query_scalar_expected
pg-hnsw,250000,1,w2_0_1,994,1.236333,1.0,10,,planner_filtered_query_scalar_expected
pg-hnsw,250000,1,w2_0_1,941,1.102708,1.0,10,,planner_filtered_query_scalar_expected
pg-hnsw,250000,1,w2_0_1,820,0.948209,1.0,10,,planner_filtered_query_scalar_expected
pg-hnsw,250000,1,w2_0_1,664,0.909625,1.0,10,,planner_filtered_query_scalar_expected
pg-hnsw,250000,1,w2_0_1,404,0.820292,1.0,10,,planner_filtered_query_scalar_expected
pg-hnsw,250000,1,w2_0_1,310,1.092,1.0,10,,planner_filtered_query_scalar_expected
pg-hnsw,250000,1,w2_0_1,872,1.147291,1.0,10,,planner_filtered_query_scalar_expected
pg-hnsw,250000,1,w2_0_1,952,0.924625,1.0,10,,planner_filtered_query_scalar_expected
pg-hnsw,250000,1,w2_0_1,528,1.263542,1.0,10,,planner_filtered_query_scalar_expected
pg-hnsw,250000,1,w2_0_1,654,0.901416,1.0,10,,planner_filtered_query_scalar_expected
pg-hnsw,250000,1,w2_0_1,477,1.036833,1.0,10,,planner_filtered_query_scalar_expected
pg-hnsw,250000,1,w2_0_1,473,0.915041,1.0,10,,planner_filtered_query_scalar_expected
pg-hnsw,250000,1,w2_0_1,663,1.15325,1.0,10,,planner_filtered_query_scalar_expected
pg-hnsw,250000,1,w2_0_1,280,1.070667,1.0,10,,planner_filtered_query_scalar_expected
pg-hnsw,250000,1,w2_0_1,452,0.977375,1.0,10,,planner_filtered_query_scalar_expected
pg-hnsw,250000,1,w2_0_1,645,0.997583,1.0,10,,planner_filtered_query_scalar_expected
pg-hnsw,250000,1,w2_0_1,254,1.355708,1.0,10,,planner_filtered_query_scalar_expected
pg-hnsw,250000,1,w2_0_1,967,1.01225,1.0,10,,planner_filtered_query_scalar_expected
pg-hnsw,250000,1,w2_0_1,548,0.803625,1.0,10,,planner_filtered_query_scalar_expected
pg-hnsw,250000,1,w2_0_1,362,0.868708,1.0,10,,planner_filtered_query_scalar_expected
pg-hnsw,250000,1,w2_0_1,136,0.966541,1.0,10,,planner_filtered_query_scalar_expected
pg-hnsw,250000,1,w2_0_1,158,1.126292,1.0,10,,planner_filtered_query_scalar_expected
pg-hnsw,250000,1,w2_0_1,919,4.960208,1.0,10,,planner_filtered_query_scalar_expected
pg-hnsw,250000,1,w2_0_1,928,1.089375,1.0,10,,planner_filtered_query_scalar_expected
pg-hnsw,250000,1,w2_0_1,813,1.115458,1.0,10,,planner_filtered_query_scalar_expected
pg-hnsw,250000,1,w2_0_1,433,1.006292,1.0,10,,planner_filtered_query_scalar_expected
pg-hnsw,250000,1,w2_0_1,270,0.851291,1.0,10,,planner_filtered_query_scalar_expected
pg-hnsw,250000,1,w2_0_1,317,1.166959,1.0,10,,planner_filtered_query_scalar_expected
pg-hnsw,250000,1,w2_0_1,612,0.849541,1.0,10,,planner_filtered_query_scalar_expected
pg-hnsw,250000,1,w2_0_1,879,1.05375,1.0,10,,planner_filtered_query_scalar_expected
pg-hnsw,250000,1,w2_0_1,948,0.743917,1.0,10,,planner_filtered_query_scalar_expected
pg-hnsw,250000,1,w2_0_1,218,1.06,1.0,10,,planner_filtered_query_scalar_expected
pg-hnsw,250000,1,w2_0_1,503,1.012333,1.0,10,,planner_filtered_query_scalar_expected
pg-hnsw,250000,1,w2_0_1,551,0.942834,1.0,10,,planner_filtered_query_scalar_expected
pg-hnsw,250000,1,w2_0_1,434,1.019458,1.0,10,,planner_filtered_query_scalar_expected
pg-hnsw,250000,1,w2_0_1,545,0.841417,1.0,10,,planner_filtered_query_scalar_expected
pg-hnsw,250000,1,w2_0_1,865,0.977459,1.0,10,,planner_filtered_query_scalar_expected
pg-hnsw,250000,1,w2_0_1,476,1.31775,1.0,10,,planner_filtered_query_scalar_expected
pg-hnsw,250000,1,w2_0_1,839,1.101916,1.0,10,,planner_filtered_query_scalar_expected
pg-hnsw,250000,1,w2_0_1,646,1.200792,1.0,10,,planner_filtered_query_scalar_expected
pg-hnsw,250000,1,w2_0_1,953,1.075167,1.0,10,,planner_filtered_query_scalar_expected
pg-hnsw,250000,1,w2_0_1,303,1.046083,1.0,10,,planner_filtered_query_scalar_expected
pg-hnsw,250000,1,w2_0_1,116,1.196583,1.0,10,,planner_filtered_query_scalar_expected
pg-hnsw,250000,1,w2_0_1,549,1.089375,1.0,10,,planner_filtered_query_scalar_expected
pg-hnsw,250000,1,w2_0_1,382,1.12575,1.0,10,,planner_filtered_query_scalar_expected
pg-hnsw,250000,1,w2_0_1,165,1.361292,1.0,10,,planner_filtered_query_scalar_expected
pg-hnsw,250000,1,w2_0_1,594,1.151416,1.0,10,,planner_filtered_query_scalar_expected
pg-hnsw,250000,1,w2_0_1,337,0.960708,1.0,10,,planner_filtered_query_scalar_expected
pg-hnsw,250000,1,w2_0_1,867,0.976333,1.0,10,,planner_filtered_query_scalar_expected
pg-hnsw,250000,1,w2_0_1,220,1.017083,1.0,10,,planner_filtered_query_scalar_expected
pg-hnsw,250000,1,w2_0_1,260,1.022042,1.0,10,,planner_filtered_query_scalar_expected
pg-hnsw,250000,1,w2_0_1,757,1.067125,1.0,10,,planner_filtered_query_scalar_expected
pg-hnsw,250000,1,w2_0_1,734,1.220916,1.0,10,,planner_filtered_query_scalar_expected
pg-hnsw,250000,1,w2_0_1,639,0.941916,1.0,10,,planner_filtered_query_scalar_expected
pg-hnsw,250000,1,w2_0_1,604,0.858666,1.0,10,,planner_filtered_query_scalar_expected
pg-hnsw,250000,1,w2_0_1,266,0.930583,1.0,10,,planner_filtered_query_scalar_expected
pg-hnsw,250000,1,w2_0_1,987,1.255917,1.0,10,,planner_filtered_query_scalar_expected
pg-hnsw,250000,1,w2_0_1,960,0.989625,1.0,10,,planner_filtered_query_scalar_expected
pg-hnsw,250000,1,w2_0_1,276,1.005667,1.0,10,,planner_filtered_query_scalar_expected
pg-hnsw,250000,1,w2_0_1,580,1.10425,1.0,10,,planner_filtered_query_scalar_expected
pg-hnsw,250000,1,w2_0_1,916,0.842541,1.0,10,,planner_filtered_query_scalar_expected
pg-hnsw,250000,1,w2_0_1,349,0.828542,1.0,10,,planner_filtered_query_scalar_expected
pg-hnsw,250000,1,w2_0_1,312,0.876666,1.0,10,,planner_filtered_query_scalar_expected
pg-hnsw,250000,1,w2_0_1,344,0.954417,1.0,10,,planner_filtered_query_scalar_expected
pg-hnsw,250000,1,w2_0_1,599,0.901542,1.0,10,,planner_filtered_query_scalar_expected
pg-hnsw,250000,1,w2_0_1,824,1.085166,1.0,10,,planner_filtered_query_scalar_expected
pg-hnsw,250000,1,w2_0_1,847,1.068708,1.0,10,,planner_filtered_query_scalar_expected
pg-hnsw,250000,1,w2_0_1,649,1.063791,1.0,10,,planner_filtered_query_scalar_expected
pg-hnsw,250000,1,w2_0_1,832,1.144334,1.0,10,,planner_filtered_query_scalar_expected
pg-hnsw,250000,1,w2_0_1,903,0.985709,1.0,10,,planner_filtered_query_scalar_expected
pg-hnsw,250000,1,w2_0_1,588,1.091125,1.0,10,,planner_filtered_query_scalar_expected
pg-hnsw,250000,1,w2_0_1,678,1.051166,1.0,10,,planner_filtered_query_scalar_expected
pg-hnsw,250000,1,w2_0_1,755,0.93075,1.0,10,,planner_filtered_query_scalar_expected
pg-hnsw,250000,1,w2_0_1,407,0.95225,1.0,10,,planner_filtered_query_scalar_expected
pg-hnsw,250000,1,w2_0_1,848,1.245375,1.0,10,,planner_filtered_query_scalar_expected
pg-hnsw,250000,1,w2_0_1,628,5.575666,1.0,10,,planner_filtered_query_scalar_expected
pg-hnsw,250000,1,w2_0_1,681,1.195459,1.0,10,,planner_filtered_query_scalar_expected
pg-hnsw,250000,1,w2_0_1,745,0.824208,1.0,10,,planner_filtered_query_scalar_expected
pg-hnsw,250000,1,w2_0_1,380,2.70075,1.0,10,,planner_filtered_query_scalar_expected
pg-hnsw,250000,1,w2_0_1,229,1.240208,1.0,10,,planner_filtered_query_scalar_expected
pg-hnsw,250000,1,w2_0_1,420,0.861125,1.0,10,,planner_filtered_query_scalar_expected
pg-hnsw,250000,1,w2_0_1,146,0.801083,1.0,10,,planner_filtered_query_scalar_expected
pg-hnsw,250000,1,w2_0_1,783,0.892333,1.0,10,,planner_filtered_query_scalar_expected
pg-hnsw,250000,1,w2_0_1,108,1.00525,1.0,10,,planner_filtered_query_scalar_expected
pg-hnsw,250000,1,w2_0_1,432,3.767125,1.0,10,,planner_filtered_query_scalar_expected
pg-hnsw,250000,1,w2_0_1,866,1.299416,1.0,10,,planner_filtered_query_scalar_expected
pg-hnsw,250000,1,w2_0_1,295,0.823959,1.0,10,,planner_filtered_query_scalar_expected
pg-hnsw,250000,1,w2_0_1,672,1.072042,1.0,10,,planner_filtered_query_scalar_expected
pg-hnsw,250000,1,w2_0_1,446,0.991167,1.0,10,,planner_filtered_query_scalar_expected
pg-hnsw,250000,1,w2_0_1,875,1.112458,1.0,10,,planner_filtered_query_scalar_expected
pg-hnsw,250000,1,w2_0_1,305,1.092166,1.0,10,,planner_filtered_query_scalar_expected
pg-hnsw,250000,1,w2_0_1,145,1.154,1.0,10,,planner_filtered_query_scalar_expected
pg-hnsw,250000,1,w2_0_1,281,1.122958,1.0,10,,planner_filtered_query_scalar_expected
pg-hnsw,250000,1,w2_0_1,590,1.115792,1.0,10,,planner_filtered_query_scalar_expected
pg-hnsw,250000,1,w2_0_1,288,0.925916,1.0,10,,planner_filtered_query_scalar_expected
pg-hnsw,250000,1,w2_0_1,841,0.8135,1.0,10,,planner_filtered_query_scalar_expected
pg-hnsw,250000,1,w2_0_1,527,0.850208,1.0,10,,planner_filtered_query_scalar_expected
pg-hnsw,250000,1,w2_0_1,498,4.176209,1.0,10,,planner_filtered_query_scalar_expected
pg-hnsw,250000,1,w2_0_1,699,1.358958,1.0,10,,planner_filtered_query_scalar_expected
pg-hnsw,250000,1,w2_0_1,445,1.019958,1.0,10,,planner_filtered_query_scalar_expected
pg-hnsw,250000,1,w2_0_1,110,0.927334,1.0,10,,planner_filtered_query_scalar_expected
pg-hnsw,250000,1,w2_0_1,320,0.97575,1.0,10,,planner_filtered_query_scalar_expected
pg-hnsw,250000,1,w2_0_1,727,0.846375,1.0,10,,planner_filtered_query_scalar_expected
pg-hnsw,250000,1,w2_0_1,339,3.113125,1.0,10,,planner_filtered_query_scalar_expected
pg-hnsw,250000,1,w2_0_1,441,1.100583,1.0,10,,planner_filtered_query_scalar_expected
pg-hnsw,250000,1,w2_0_1,105,1.107959,1.0,10,,planner_filtered_query_scalar_expected
pg-hnsw,250000,1,w2_0_1,796,0.994875,1.0,10,,planner_filtered_query_scalar_expected
pg-hnsw,250000,1,w2_0_1,746,0.7985,1.0,10,,planner_filtered_query_scalar_expected
pg-hnsw,250000,1,w2_0_1,234,0.907875,1.0,10,,planner_filtered_query_scalar_expected
pg-hnsw,250000,1,w2_0_1,880,3.681542,1.0,10,,planner_filtered_query_scalar_expected
pg-hnsw,250000,1,w2_0_1,617,1.061042,1.0,10,,planner_filtered_query_scalar_expected
pg-hnsw,250000,1,w2_0_1,427,0.94025,1.0,10,,planner_filtered_query_scalar_expected
pg-hnsw,250000,1,w2_0_1,240,0.778375,1.0,10,,planner_filtered_query_scalar_expected
pg-hnsw,250000,1,w2_0_1,831,0.894166,1.0,10,,planner_filtered_query_scalar_expected
pg-hnsw,250000,1,w2_0_1,902,0.766583,1.0,10,,planner_filtered_query_scalar_expected
pg-hnsw,250000,1,w2_0_1,171,0.800541,1.0,10,,planner_filtered_query_scalar_expected
pg-hnsw,250000,1,w2_0_1,929,0.879458,1.0,10,,planner_filtered_query_scalar_expected
pg-hnsw,250000,1,w2_0_1,552,1.270875,1.0,10,,planner_filtered_query_scalar_expected
pg-hnsw,250000,1,w2_0_1,719,1.559292,1.0,10,,planner_filtered_query_scalar_expected
pg-hnsw,250000,1,w2_0_1,261,0.936416,1.0,10,,planner_filtered_query_scalar_expected
pg-hnsw,250000,1,w2_0_1,786,0.970708,1.0,10,,planner_filtered_query_scalar_expected
pg-hnsw,250000,1,w2_0_1,264,1.092125,1.0,10,,planner_filtered_query_scalar_expected
pg-hnsw,250000,1,w2_0_1,554,1.022083,1.0,10,,planner_filtered_query_scalar_expected
pg-hnsw,250000,1,w2_0_1,583,0.995583,1.0,10,,planner_filtered_query_scalar_expected
pg-hnsw,250000,1,w2_0_1,908,1.081833,1.0,10,,planner_filtered_query_scalar_expected
pg-hnsw,250000,1,w2_0_1,772,0.861208,1.0,10,,planner_filtered_query_scalar_expected
pg-hnsw,250000,1,w2_0_1,877,0.97675,1.0,10,,planner_filtered_query_scalar_expected
pg-hnsw,250000,1,w2_0_1,827,0.934375,1.0,10,,planner_filtered_query_scalar_expected
pg-hnsw,250000,1,w2_0_1,308,0.751375,1.0,10,,planner_filtered_query_scalar_expected
pg-hnsw,250000,1,w2_0_1,286,0.84,1.0,10,,planner_filtered_query_scalar_expected
pg-hnsw,250000,1,w2_0_1,945,0.66925,1.0,10,,planner_filtered_query_scalar_expected
pg-hnsw,250000,1,w2_0_1,685,3.959458,1.0,10,,planner_filtered_query_scalar_expected
pg-hnsw,250000,1,w2_0_1,346,1.174208,1.0,10,,planner_filtered_query_scalar_expected
pg-hnsw,250000,1,w2_0_1,409,0.935209,1.0,10,,planner_filtered_query_scalar_expected
pg-hnsw,250000,1,w2_0_1,469,0.779917,1.0,10,,planner_filtered_query_scalar_expected
pg-hnsw,250000,1,w2_0_1,247,0.970292,1.0,10,,planner_filtered_query_scalar_expected
pg-hnsw,250000,1,w2_0_1,857,3.512166,1.0,10,,planner_filtered_query_scalar_expected
pg-hnsw,250000,1,w2_0_1,490,0.861958,1.0,10,,planner_filtered_query_scalar_expected
pg-hnsw,250000,1,w2_0_1,844,1.109833,1.0,10,,planner_filtered_query_scalar_expected
pg-hnsw,250000,1,w2_0_1,411,0.97975,1.0,10,,planner_filtered_query_scalar_expected
pg-hnsw,250000,1,w2_0_1,726,0.89225,1.0,10,,planner_filtered_query_scalar_expected
pg-hnsw,250000,1,w2_0_1,488,0.69475,1.0,10,,planner_filtered_query_scalar_expected
pg-hnsw,250000,1,w2_0_1,307,4.148542,1.0,10,,planner_filtered_query_scalar_expected
pg-hnsw,250000,1,w2_0_1,225,1.622958,1.0,10,,planner_filtered_query_scalar_expected
pg-hnsw,250000,1,w2_0_1,814,1.392916,1.0,10,,planner_filtered_query_scalar_expected
pg-hnsw,250000,1,w2_0_1,251,1.053334,1.0,10,,planner_filtered_query_scalar_expected
pg-hnsw,250000,1,w2_0_1,661,1.054166,1.0,10,,planner_filtered_query_scalar_expected
pg-hnsw,250000,1,w2_0_1,101,3.8215,1.0,10,,planner_filtered_query_scalar_expected
pg-hnsw,250000,1,w2_0_1,986,1.144834,1.0,10,,planner_filtered_query_scalar_expected
pg-hnsw,250000,1,w2_0_1,550,1.239667,1.0,10,,planner_filtered_query_scalar_expected
pg-hnsw,250000,1,w2_0_1,301,1.30975,1.0,10,,planner_filtered_query_scalar_expected
pg-hnsw,250000,1,w2_0_1,546,1.219125,1.0,10,,planner_filtered_query_scalar_expected
pg-hnsw,250000,1,w2_0_1,695,2.600166,1.0,10,,planner_filtered_query_scalar_expected
pg-hnsw,250000,1,w2_0_1,722,2.090042,1.0,10,,planner_filtered_query_scalar_expected
pg-hnsw,250000,1,w2_0_1,168,1.020833,1.0,10,,planner_filtered_query_scalar_expected
pg-hnsw,250000,1,w2_0_1,394,3.462792,1.0,10,,planner_filtered_query_scalar_expected
pg-hnsw,250000,1,w2_0_1,640,1.153292,1.0,10,,planner_filtered_query_scalar_expected
pg-hnsw,250000,1,w2_0_1,120,1.003,1.0,10,,planner_filtered_query_scalar_expected
pg-hnsw,250000,1,w2_0_1,957,0.861459,1.0,10,,planner_filtered_query_scalar_expected
pg-hnsw,250000,1,w2_0_1,361,1.034208,1.0,10,,planner_filtered_query_scalar_expected
pg-hnsw,250000,1,w2_0_1,412,1.142625,1.0,10,,planner_filtered_query_scalar_expected
pg-hnsw,250000,1,w2_0_1,327,0.950375,1.0,10,,planner_filtered_query_scalar_expected
pg-hnsw,250000,1,w2_0_1,998,1.037209,1.0,10,,planner_filtered_query_scalar_expected
pg-hnsw,250000,1,w2_0_1,111,1.006625,1.0,10,,planner_filtered_query_scalar_expected
pg-hnsw,250000,1,w2_0_1,655,0.8425,1.0,10,,planner_filtered_query_scalar_expected
pg-hnsw,250000,1,w2_0_1,429,0.821959,1.0,10,,planner_filtered_query_scalar_expected
pg-hnsw,250000,1,w2_0_1,708,1.059375,1.0,10,,planner_filtered_query_scalar_expected
pg-hnsw,250000,1,w2_0_1,104,0.9555,1.0,10,,planner_filtered_query_scalar_expected
pg-hnsw,250000,1,w2_0_1,935,0.878458,1.0,10,,planner_filtered_query_scalar_expected
pg-hnsw,250000,1,w2_0_1,176,0.961959,1.0,10,,planner_filtered_query_scalar_expected
pg-hnsw,250000,1,w2_0_1,807,1.14775,1.0,10,,planner_filtered_query_scalar_expected
pg-hnsw,250000,1,w2_0_1,701,1.212292,1.0,10,,planner_filtered_query_scalar_expected
pg-hnsw,250000,1,w2_0_1,650,0.946667,1.0,10,,planner_filtered_query_scalar_expected
pg-hnsw,250000,1,w2_0_1,470,0.814917,1.0,10,,planner_filtered_query_scalar_expected
pg-hnsw,250000,1,w2_0_1,899,0.902667,1.0,10,,planner_filtered_query_scalar_expected
pg-hnsw,250000,1,w2_0_1,900,0.829833,1.0,10,,planner_filtered_query_scalar_expected
pg-hnsw,250000,1,w2_0_1,951,0.972417,1.0,10,,planner_filtered_query_scalar_expected
pg-hnsw,250000,1,w2_0_1,897,1.017666,1.0,10,,planner_filtered_query_scalar_expected
pg-hnsw,250000,1,w2_0_1,676,3.9925,1.0,10,,planner_filtered_query_scalar_expected
pg-hnsw,250000,1,w2_0_1,964,3.67325,1.0,10,,planner_filtered_query_scalar_expected
pg-hnsw,250000,1,w2_0_1,437,0.825917,1.0,10,,planner_filtered_query_scalar_expected
pg-hnsw,250000,1,w2_0_1,188,0.721084,1.0,10,,planner_filtered_query_scalar_expected
pg-hnsw,250000,1,w2_0_1,585,0.838167,1.0,10,,planner_filtered_query_scalar_expected
pg-hnsw,250000,1,w2_0_1,574,1.216667,1.0,10,,planner_filtered_query_scalar_expected
pg-hnsw,250000,1,w2_0_1,328,1.21,1.0,10,,planner_filtered_query_scalar_expected
pg-hnsw,250000,1,w2_0_1,571,0.781541,1.0,10,,planner_filtered_query_scalar_expected
pg-hnsw,250000,1,w2_0_1,321,0.905583,1.0,10,,planner_filtered_query_scalar_expected
pg-hnsw,250000,1,w2_0_1,894,0.938375,1.0,10,,planner_filtered_query_scalar_expected
pg-hnsw,250000,1,w2_0_1,152,1.186542,1.0,10,,planner_filtered_query_scalar_expected
pg-hnsw,250000,1,w2_0_1,517,0.894417,1.0,10,,planner_filtered_query_scalar_expected
pg-hnsw,250000,1,w2_0_1,148,0.864583,1.0,10,,planner_filtered_query_scalar_expected
pg-hnsw,250000,1,w2_0_1,250,1.176708,1.0,10,,planner_filtered_query_scalar_expected
pg-hnsw,250000,1,w2_0_1,216,1.092459,1.0,10,,planner_filtered_query_scalar_expected
pg-hnsw,250000,1,w2_0_1,435,0.924375,1.0,10,,planner_filtered_query_scalar_expected
pg-hnsw,250000,1,w2_0_1,367,0.958,1.0,10,,planner_filtered_query_scalar_expected
pg-hnsw,250000,1,w2_0_1,211,0.855291,1.0,10,,planner_filtered_query_scalar_expected
pg-hnsw,250000,1,w2_0_1,895,0.8265,1.0,10,,planner_filtered_query_scalar_expected
pg-hnsw,250000,1,w2_0_1,623,0.775208,1.0,10,,planner_filtered_query_scalar_expected
pg-hnsw,250000,1,w2_0_1,153,0.708792,1.0,10,,planner_filtered_query_scalar_expected
pg-hnsw,250000,1,w2_0_1,619,3.789708,1.0,10,,planner_filtered_query_scalar_expected
pg-hnsw,250000,1,w2_0_1,683,1.727375,1.0,10,,planner_filtered_query_scalar_expected
pg-hnsw,250000,1,w2_0_1,464,0.935333,1.0,10,,planner_filtered_query_scalar_expected
pg-hnsw,250000,1,w2_0_1,424,1.134083,1.0,10,,planner_filtered_query_scalar_expected
pg-hnsw,250000,1,w2_0_1,242,0.85,1.0,10,,planner_filtered_query_scalar_expected
pg-hnsw,250000,1,w2_0_1,471,0.892667,1.0,10,,planner_filtered_query_scalar_expected
pg-hnsw,250000,1,w2_0_1,815,0.99975,1.0,10,,planner_filtered_query_scalar_expected
pg-hnsw,250000,1,w2_0_1,958,0.983417,1.0,10,,planner_filtered_query_scalar_expected
pg-hnsw,250000,1,w2_0_1,482,1.105083,1.0,10,,planner_filtered_query_scalar_expected
pg-hnsw,250000,1,w2_0_1,209,0.846792,1.0,10,,planner_filtered_query_scalar_expected
pg-hnsw,250000,1,w2_0_1,455,0.775958,1.0,10,,planner_filtered_query_scalar_expected
pg-hnsw,250000,1,w2_0_1,368,0.931959,1.0,10,,planner_filtered_query_scalar_expected
pg-hnsw,250000,1,w2_0_1,870,0.858875,1.0,10,,planner_filtered_query_scalar_expected
pg-hnsw,250000,1,w2_0_1,506,3.711167,1.0,10,,planner_filtered_query_scalar_expected
pg-hnsw,250000,1,w2_0_1,403,1.081958,1.0,10,,planner_filtered_query_scalar_expected
pg-hnsw,250000,1,w2_0_1,565,1.209583,1.0,10,,planner_filtered_query_scalar_expected
pg-hnsw,250000,1,w2_0_1,166,0.99475,1.0,10,,planner_filtered_query_scalar_expected
pg-hnsw,250000,1,w2_0_1,943,1.045625,1.0,10,,planner_filtered_query_scalar_expected
pg-hnsw,250000,1,w2_0_1,883,0.905666,1.0,10,,planner_filtered_query_scalar_expected
pg-hnsw,250000,1,w2_0_1,299,0.791875,1.0,10,,planner_filtered_query_scalar_expected
pg-hnsw,250000,1,w2_0_1,713,0.928083,1.0,10,,planner_filtered_query_scalar_expected
pg-hnsw,250000,1,w2_0_1,849,0.983542,1.0,10,,planner_filtered_query_scalar_expected
pg-hnsw,250000,1,w2_0_1,306,0.972625,1.0,10,,planner_filtered_query_scalar_expected
pg-hnsw,250000,1,w2_0_1,366,1.076375,1.0,10,,planner_filtered_query_scalar_expected
pg-hnsw,250000,1,w2_0_1,379,0.992,1.0,10,,planner_filtered_query_scalar_expected
pg-hnsw,250000,1,w2_0_1,684,0.8665,1.0,10,,planner_filtered_query_scalar_expected
pg-hnsw,250000,1,w2_0_1,523,1.148042,1.0,10,,planner_filtered_query_scalar_expected
pg-hnsw,250000,1,w2_0_1,999,1.279417,1.0,10,,planner_filtered_query_scalar_expected
pg-hnsw,250000,1,w2_0_1,631,1.009417,1.0,10,,planner_filtered_query_scalar_expected
pg-hnsw,250000,1,w2_0_1,890,0.810583,1.0,10,,planner_filtered_query_scalar_expected
pg-hnsw,250000,1,w2_0_1,360,0.809875,1.0,10,,planner_filtered_query_scalar_expected
pg-hnsw,250000,1,w2_0_1,851,1.028,1.0,10,,planner_filtered_query_scalar_expected
pg-hnsw,250000,1,w2_0_1,355,0.92,1.0,10,,planner_filtered_query_scalar_expected
pg-hnsw,250000,1,w2_0_1,909,1.146292,1.0,10,,planner_filtered_query_scalar_expected
pg-hnsw,250000,1,w2_0_1,584,0.955458,1.0,10,,planner_filtered_query_scalar_expected
pg-hnsw,250000,1,w2_0_1,454,1.044042,1.0,10,,planner_filtered_query_scalar_expected
pg-hnsw,250000,1,w2_0_1,541,1.095083,1.0,10,,planner_filtered_query_scalar_expected
pg-hnsw,250000,1,w2_0_1,776,0.923125,1.0,10,,planner_filtered_query_scalar_expected
pg-hnsw,250000,1,w2_0_1,107,0.893833,1.0,10,,planner_filtered_query_scalar_expected
pg-hnsw,250000,1,w2_0_1,100,0.903959,1.0,10,,planner_filtered_query_scalar_expected
pg-hnsw,250000,1,w2_0_1,290,0.924416,1.0,10,,planner_filtered_query_scalar_expected
pg-hnsw,250000,1,w2_0_1,874,0.756208,1.0,10,,planner_filtered_query_scalar_expected
pg-hnsw,250000,1,w2_0_1,130,0.933083,1.0,10,,planner_filtered_query_scalar_expected
pg-hnsw,250000,1,w2_0_1,949,0.821958,1.0,10,,planner_filtered_query_scalar_expected
pg-hnsw,250000,1,w2_0_1,224,0.888208,1.0,10,,planner_filtered_query_scalar_expected
pg-hnsw,250000,1,w2_0_1,881,0.937042,1.0,10,,planner_filtered_query_scalar_expected
pg-hnsw,250000,1,w2_0_1,587,1.286708,1.0,10,,planner_filtered_query_scalar_expected
pg-hnsw,250000,1,w2_0_1,657,0.745125,1.0,10,,planner_filtered_query_scalar_expected
pg-hnsw,250000,1,w2_0_1,766,0.934375,1.0,10,,planner_filtered_query_scalar_expected
pg-hnsw,250000,1,w2_0_1,256,0.912708,1.0,10,,planner_filtered_query_scalar_expected
pg-hnsw,250000,1,w2_0_1,869,0.807084,1.0,10,,planner_filtered_query_scalar_expected
pg-hnsw,250000,1,w2_0_1,206,0.882792,1.0,10,,planner_filtered_query_scalar_expected
pg-hnsw,250000,1,w2_0_1,125,4.578042,1.0,10,,planner_filtered_query_scalar_expected
pg-hnsw,250000,1,w2_0_1,653,1.132375,1.0,10,,planner_filtered_query_scalar_expected
pg-hnsw,250000,1,w2_0_1,543,0.836667,1.0,10,,planner_filtered_query_scalar_expected
pg-hnsw,250000,1,w2_0_1,656,1.01975,1.0,10,,planner_filtered_query_scalar_expected
pg-hnsw,250000,1,w2_0_1,102,0.915541,1.0,10,,planner_filtered_query_scalar_expected
pg-hnsw,250000,1,w2_0_1,243,0.87225,1.0,10,,planner_filtered_query_scalar_expected
pg-hnsw,250000,1,w2_0_1,415,0.770667,1.0,10,,planner_filtered_query_scalar_expected
pg-hnsw,250000,1,w2_0_1,544,2.680208,1.0,10,,planner_filtered_query_scalar_expected
pg-hnsw,250000,1,w2_0_1,629,0.968875,1.0,10,,planner_filtered_query_scalar_expected
pg-hnsw,250000,1,w2_0_1,626,1.020042,1.0,10,,planner_filtered_query_scalar_expected
pg-hnsw,250000,1,w2_0_1,190,1.003292,1.0,10,,planner_filtered_query_scalar_expected
pg-hnsw,250000,1,w2_0_1,910,0.984042,1.0,10,,planner_filtered_query_scalar_expected
pg-hnsw,250000,1,w2_0_1,408,0.869333,1.0,10,,planner_filtered_query_scalar_expected
pg-hnsw,250000,1,w2_0_1,896,0.757334,1.0,10,,planner_filtered_query_scalar_expected
pg-hnsw,250000,1,w2_0_1,643,0.929417,1.0,10,,planner_filtered_query_scalar_expected
pg-hnsw,250000,1,w2_0_1,115,0.994,1.0,10,,planner_filtered_query_scalar_expected
pg-hnsw,250000,1,w2_0_1,666,0.99125,1.0,10,,planner_filtered_query_scalar_expected
pg-hnsw,250000,1,w2_0_1,601,4.227,1.0,10,,planner_filtered_query_scalar_expected
pg-hnsw,250000,1,w2_0_1,336,1.12475,1.0,10,,planner_filtered_query_scalar_expected
pg-hnsw,250000,1,w2_0_1,364,1.207459,1.0,10,,planner_filtered_query_scalar_expected
pg-hnsw,250000,1,w2_0_1,921,1.1625,1.0,10,,planner_filtered_query_scalar_expected
pg-hnsw,250000,1,w2_0_1,183,0.80825,1.0,10,,planner_filtered_query_scalar_expected
pg-hnsw,250000,1,w2_0_1,475,0.746458,1.0,10,,planner_filtered_query_scalar_expected
pg-hnsw,250000,1,w2_0_1,359,0.8605,1.0,10,,planner_filtered_query_scalar_expected
pg-hnsw,250000,1,w2_0_1,630,0.911458,1.0,10,,planner_filtered_query_scalar_expected
pg-hnsw,250000,1,w2_0_1,763,1.065542,1.0,10,,planner_filtered_query_scalar_expected
pg-hnsw,250000,1,w2_0_1,602,0.890959,1.0,10,,planner_filtered_query_scalar_expected
pg-hnsw,250000,1,w2_0_1,840,0.951541,1.0,10,,planner_filtered_query_scalar_expected
pg-hnsw,250000,1,w2_0_1,118,1.1005,1.0,10,,planner_filtered_query_scalar_expected
pg-hnsw,250000,1,w2_0_1,345,0.779167,1.0,10,,planner_filtered_query_scalar_expected
pg-hnsw,250000,1,w2_0_1,352,0.888084,1.0,10,,planner_filtered_query_scalar_expected
pg-hnsw,250000,1,w2_0_1,514,0.812958,1.0,10,,planner_filtered_query_scalar_expected
pg-hnsw,250000,1,w2_0_1,965,0.802958,1.0,10,,planner_filtered_query_scalar_expected
pg-hnsw,250000,1,w2_0_1,561,0.955291,1.0,10,,planner_filtered_query_scalar_expected
pg-hnsw,250000,1,w2_0_1,720,0.986,1.0,10,,planner_filtered_query_scalar_expected
pg-hnsw,250000,1,w2_0_1,278,3.700958,1.0,10,,planner_filtered_query_scalar_expected
pg-hnsw,250000,1,w2_0_1,272,1.123,1.0,10,,planner_filtered_query_scalar_expected
pg-hnsw,250000,1,w2_0_1,524,0.949417,1.0,10,,planner_filtered_query_scalar_expected
pg-hnsw,250000,1,w2_0_1,439,0.926958,1.0,10,,planner_filtered_query_scalar_expected
pg-hnsw,250000,1,w2_0_1,636,1.117375,1.0,10,,planner_filtered_query_scalar_expected
pg-hnsw,250000,1,w2_0_1,426,1.071833,1.0,10,,planner_filtered_query_scalar_expected
pg-hnsw,250000,1,w2_0_1,947,0.768917,1.0,10,,planner_filtered_query_scalar_expected
pg-hnsw,250000,1,w2_0_1,700,0.771333,1.0,10,,planner_filtered_query_scalar_expected
pg-hnsw,250000,1,w2_0_1,785,0.96975,1.0,10,,planner_filtered_query_scalar_expected
pg-hnsw,250000,1,w2_0_1,863,1.205459,1.0,10,,planner_filtered_query_scalar_expected
pg-hnsw,250000,1,w2_0_1,777,0.914458,1.0,10,,planner_filtered_query_scalar_expected
pg-hnsw,250000,1,w2_0_1,558,0.92625,1.0,10,,planner_filtered_query_scalar_expected
pg-hnsw,250000,1,w2_0_1,529,0.871459,1.0,10,,planner_filtered_query_scalar_expected
pg-hnsw,250000,1,w2_0_1,799,0.998375,1.0,10,,planner_filtered_query_scalar_expected
pg-hnsw,250000,1,w2_0_1,955,0.785625,1.0,10,,planner_filtered_query_scalar_expected
pg-hnsw,250000,1,w2_0_1,259,0.901292,1.0,10,,planner_filtered_query_scalar_expected
pg-hnsw,250000,1,w2_0_1,712,1.244458,1.0,10,,planner_filtered_query_scalar_expected
pg-hnsw,250000,1,w2_0_1,901,0.944917,1.0,10,,planner_filtered_query_scalar_expected
pg-hnsw,250000,1,w2_0_1,283,0.89825,1.0,10,,planner_filtered_query_scalar_expected
pg-hnsw,250000,1,w2_0_1,610,0.719125,1.0,10,,planner_filtered_query_scalar_expected
pg-hnsw,250000,1,w2_0_1,332,0.904417,1.0,10,,planner_filtered_query_scalar_expected
pg-hnsw,250000,1,w2_0_1,525,0.984334,1.0,10,,planner_filtered_query_scalar_expected
pg-hnsw,250000,1,w2_0_1,323,0.890875,1.0,10,,planner_filtered_query_scalar_expected
pg-hnsw,250000,1,w2_0_1,946,0.891583,1.0,10,,planner_filtered_query_scalar_expected
pg-hnsw,250000,1,w2_0_1,579,0.977084,1.0,10,,planner_filtered_query_scalar_expected
pg-hnsw,250000,1,w2_0_1,662,0.890541,1.0,10,,planner_filtered_query_scalar_expected
pg-hnsw,250000,1,w2_0_1,509,1.23525,1.0,10,,planner_filtered_query_scalar_expected
pg-hnsw,250000,1,w2_0_1,926,0.883333,1.0,10,,planner_filtered_query_scalar_expected
pg-hnsw,250000,1,w2_0_1,456,0.9715,1.0,10,,planner_filtered_query_scalar_expected
pg-hnsw,250000,1,w2_0_1,436,0.93425,1.0,10,,planner_filtered_query_scalar_expected
pg-hnsw,250000,1,w2_0_1,811,1.737167,1.0,10,,planner_filtered_query_scalar_expected
pg-hnsw,250000,1,w2_0_1,418,1.30675,1.0,10,,planner_filtered_query_scalar_expected
pg-hnsw,250000,1,w2_0_1,956,1.361458,1.0,10,,planner_filtered_query_scalar_expected
pg-hnsw,250000,1,w2_0_1,497,1.028959,1.0,10,,planner_filtered_query_scalar_expected
pg-hnsw,250000,1,w2_0_1,387,1.061917,1.0,10,,planner_filtered_query_scalar_expected
pg-hnsw,250000,1,w2_0_1,425,1.007667,1.0,10,,planner_filtered_query_scalar_expected
pg-hnsw,250000,1,w2_0_1,296,1.039,1.0,10,,planner_filtered_query_scalar_expected
pg-hnsw,250000,1,w2_0_1,829,1.018042,1.0,10,,planner_filtered_query_scalar_expected
pg-hnsw,250000,1,w2_0_1,985,1.006375,1.0,10,,planner_filtered_query_scalar_expected
pg-hnsw,250000,1,w2_0_1,268,4.936083,1.0,10,,planner_filtered_query_scalar_expected
pg-hnsw,250000,1,w2_0_1,460,1.017541,1.0,10,,planner_filtered_query_scalar_expected
pg-hnsw,250000,1,w2_0_1,413,1.0435,1.0,10,,planner_filtered_query_scalar_expected
pg-hnsw,250000,1,w2_0_1,319,0.864958,1.0,10,,planner_filtered_query_scalar_expected
pg-hnsw,250000,1,w2_0_1,868,0.896334,1.0,10,,planner_filtered_query_scalar_expected
pg-hnsw,250000,1,w2_0_1,647,1.082084,1.0,10,,planner_filtered_query_scalar_expected
pg-hnsw,250000,1,w2_0_1,182,1.006125,1.0,10,,planner_filtered_query_scalar_expected
pg-hnsw,250000,1,w2_0_1,778,0.803875,1.0,10,,planner_filtered_query_scalar_expected
pg-hnsw,250000,1,w2_0_1,595,0.895375,1.0,10,,planner_filtered_query_scalar_expected
pg-hnsw,250000,1,w2_0_1,274,0.950417,1.0,10,,planner_filtered_query_scalar_expected
pg-hnsw,250000,1,w2_0_1,674,0.9515,1.0,10,,planner_filtered_query_scalar_expected
pg-hnsw,250000,1,w2_0_1,334,0.947166,1.0,10,,planner_filtered_query_scalar_expected
pg-hnsw,250000,1,w2_0_1,697,0.981791,1.0,10,,planner_filtered_query_scalar_expected
pg-hnsw,250000,1,w2_0_1,493,1.16825,1.0,10,,planner_filtered_query_scalar_expected
pg-hnsw,250000,1,w2_0_1,912,1.048584,1.0,10,,planner_filtered_query_scalar_expected
pg-hnsw,250000,1,w2_0_1,496,0.861708,1.0,10,,planner_filtered_query_scalar_expected
pg-hnsw,250000,1,w2_0_1,747,0.869875,1.0,10,,planner_filtered_query_scalar_expected
pg-hnsw,250000,1,w2_0_1,787,0.942708,1.0,10,,planner_filtered_query_scalar_expected
pg-hnsw,250000,1,w2_0_1,760,0.84925,1.0,10,,planner_filtered_query_scalar_expected
pg-hnsw,250000,1,w2_0_1,388,0.857791,1.0,10,,planner_filtered_query_scalar_expected
pg-hnsw,250000,1,w2_0_1,338,0.739916,1.0,10,,planner_filtered_query_scalar_expected
pg-hnsw,250000,1,w2_0_1,536,0.915833,1.0,10,,planner_filtered_query_scalar_expected
pg-hnsw,250000,1,w2_0_1,988,1.001875,1.0,10,,planner_filtered_query_scalar_expected
pg-hnsw,250000,1,w2_0_1,608,1.082083,1.0,10,,planner_filtered_query_scalar_expected
pg-hnsw,250000,1,w2_0_1,511,0.917625,1.0,10,,planner_filtered_query_scalar_expected
pg-hnsw,250000,1,w2_0_1,461,0.876708,1.0,10,,planner_filtered_query_scalar_expected
pg-hnsw,250000,1,w2_0_1,792,0.787708,1.0,10,,planner_filtered_query_scalar_expected
pg-hnsw,250000,1,w2_0_1,806,0.930875,1.0,10,,planner_filtered_query_scalar_expected
pg-hnsw,250000,1,w2_0_1,922,1.087708,1.0,10,,planner_filtered_query_scalar_expected
pg-hnsw,250000,1,w2_0_1,828,1.116459,1.0,10,,planner_filtered_query_scalar_expected
pg-hnsw,250000,1,w2_0_1,753,0.985375,1.0,10,,planner_filtered_query_scalar_expected
pg-hnsw,250000,1,w2_0_1,440,1.114875,1.0,10,,planner_filtered_query_scalar_expected
pg-hnsw,250000,1,w2_0_1,923,1.009083,1.0,10,,planner_filtered_query_scalar_expected
pg-hnsw,250000,1,w2_0_1,774,0.864417,1.0,10,,planner_filtered_query_scalar_expected
pg-hnsw,250000,1,w2_0_1,423,1.009958,1.0,10,,planner_filtered_query_scalar_expected
pg-hnsw,250000,1,w2_0_1,696,1.10975,1.0,10,,planner_filtered_query_scalar_expected
pg-hnsw,250000,1,w2_0_1,348,1.058167,1.0,10,,planner_filtered_query_scalar_expected
pg-hnsw,250000,1,w2_0_1,979,0.835042,1.0,10,,planner_filtered_query_scalar_expected
pg-hnsw,250000,1,w2_0_1,804,1.19725,1.0,10,,planner_filtered_query_scalar_expected
pg-hnsw,250000,1,w2_0_1,463,0.9695,1.0,10,,planner_filtered_query_scalar_expected
pg-hnsw,250000,1,w2_0_1,121,0.901333,1.0,10,,planner_filtered_query_scalar_expected
pg-hnsw,250000,1,w2_0_1,444,0.878708,1.0,10,,planner_filtered_query_scalar_expected
pg-hnsw,250000,1,w2_0_1,127,1.10125,1.0,10,,planner_filtered_query_scalar_expected
pg-hnsw,250000,1,w2_0_1,593,0.932,1.0,10,,planner_filtered_query_scalar_expected
pg-hnsw,250000,1,w2_0_1,977,1.023416,1.0,10,,planner_filtered_query_scalar_expected
pg-hnsw,250000,1,w2_0_1,741,1.002917,1.0,10,,planner_filtered_query_scalar_expected
pg-hnsw,250000,1,w2_0_1,904,3.541583,1.0,10,,planner_filtered_query_scalar_expected
pg-hnsw,250000,1,w2_0_1,265,1.449583,1.0,10,,planner_filtered_query_scalar_expected
pg-hnsw,250000,1,w2_0_1,191,1.02125,1.0,10,,planner_filtered_query_scalar_expected
pg-hnsw,250000,1,w2_0_1,575,0.840667,1.0,10,,planner_filtered_query_scalar_expected
pg-hnsw,250000,1,w2_0_1,559,1.091459,1.0,10,,planner_filtered_query_scalar_expected
pg-hnsw,250000,1,w2_0_1,123,0.865917,1.0,10,,planner_filtered_query_scalar_expected
pg-hnsw,250000,1,w2_0_1,982,0.717958,1.0,10,,planner_filtered_query_scalar_expected
pg-hnsw,250000,1,w2_0_1,297,0.821459,1.0,10,,planner_filtered_query_scalar_expected
pg-hnsw,250000,1,w2_0_1,888,1.159084,1.0,10,,planner_filtered_query_scalar_expected
pg-hnsw,250000,1,w2_0_1,202,1.177458,1.0,10,,planner_filtered_query_scalar_expected
pg-hnsw,250000,1,w2_0_1,405,0.816125,1.0,10,,planner_filtered_query_scalar_expected
pg-hnsw,250000,1,w2_0_1,693,0.902041,1.0,10,,planner_filtered_query_scalar_expected
pg-hnsw,250000,1,w2_0_1,519,0.92325,1.0,10,,planner_filtered_query_scalar_expected
pg-hnsw,250000,1,w2_0_1,914,0.911292,1.0,10,,planner_filtered_query_scalar_expected
pg-hnsw,250000,1,w2_0_1,954,0.832792,1.0,10,,planner_filtered_query_scalar_expected
pg-hnsw,250000,1,w2_0_1,962,1.199625,1.0,10,,planner_filtered_query_scalar_expected
pg-hnsw,250000,1,w2_0_1,316,1.115584,1.0,10,,planner_filtered_query_scalar_expected
pg-hnsw,250000,1,w2_0_1,377,0.976917,1.0,10,,planner_filtered_query_scalar_expected
pg-hnsw,250000,1,w2_0_1,389,1.052792,1.0,10,,planner_filtered_query_scalar_expected
pg-hnsw,250000,1,w2_0_1,212,0.930333,1.0,10,,planner_filtered_query_scalar_expected
pg-hnsw,250000,1,w2_0_1,138,0.776292,1.0,10,,planner_filtered_query_scalar_expected
pg-hnsw,250000,1,w2_0_1,315,0.85275,1.0,10,,planner_filtered_query_scalar_expected
pg-hnsw,250000,1,w2_0_1,830,1.104583,1.0,10,,planner_filtered_query_scalar_expected
pg-hnsw,250000,1,w2_0_1,568,1.168541,1.0,10,,planner_filtered_query_scalar_expected
pg-hnsw,250000,1,w2_0_1,738,1.237417,1.0,10,,planner_filtered_query_scalar_expected
pg-hnsw,250000,1,w2_0_1,748,0.992083,1.0,10,,planner_filtered_query_scalar_expected
pg-hnsw,250000,1,w2_0_1,162,1.080209,1.0,10,,planner_filtered_query_scalar_expected
pg-hnsw,250000,1,w2_0_1,743,0.982542,1.0,10,,planner_filtered_query_scalar_expected
pg-hnsw,250000,1,w2_0_1,267,1.220292,1.0,10,,planner_filtered_query_scalar_expected
pg-hnsw,250000,1,w2_0_1,641,0.918542,1.0,10,,planner_filtered_query_scalar_expected
pg-hnsw,250000,1,w2_0_1,185,0.879583,1.0,10,,planner_filtered_query_scalar_expected
pg-hnsw,250000,1,w2_0_1,397,1.233833,1.0,10,,planner_filtered_query_scalar_expected
pg-hnsw,250000,1,w2_0_1,515,1.197417,1.0,10,,planner_filtered_query_scalar_expected
pg-hnsw,250000,1,w2_0_1,625,1.060416,1.0,10,,planner_filtered_query_scalar_expected
pg-hnsw,250000,1,w2_0_1,351,1.303209,1.0,10,,planner_filtered_query_scalar_expected
pg-hnsw,250000,1,w2_0_1,537,0.873958,1.0,10,,planner_filtered_query_scalar_expected
pg-hnsw,250000,1,w2_0_1,993,0.713541,1.0,10,,planner_filtered_query_scalar_expected
pg-hnsw,250000,1,w2_0_1,192,0.784875,1.0,10,,planner_filtered_query_scalar_expected
pg-hnsw,250000,1,w2_0_1,472,4.967541,1.0,10,,planner_filtered_query_scalar_expected
pg-hnsw,250000,1,w2_0_1,873,1.245292,1.0,10,,planner_filtered_query_scalar_expected
pg-hnsw,250000,1,w2_0_1,494,0.888958,1.0,10,,planner_filtered_query_scalar_expected
pg-hnsw,250000,1,w2_0_1,705,0.781125,1.0,10,,planner_filtered_query_scalar_expected
pg-hnsw,250000,1,w2_0_1,876,0.729,1.0,10,,planner_filtered_query_scalar_expected
pg-hnsw,250000,1,w2_0_1,605,0.905875,1.0,10,,planner_filtered_query_scalar_expected
pg-hnsw,250000,1,w2_0_1,402,1.108708,1.0,10,,planner_filtered_query_scalar_expected
pg-hnsw,250000,1,w2_0_1,237,1.005041,1.0,10,,planner_filtered_query_scalar_expected
pg-hnsw,250000,1,w2_0_1,759,0.930333,1.0,10,,planner_filtered_query_scalar_expected
pg-hnsw,250000,1,w2_0_1,572,0.849875,1.0,10,,planner_filtered_query_scalar_expected
pg-hnsw,250000,1,w2_0_1,740,0.877917,1.0,10,,planner_filtered_query_scalar_expected
pg-hnsw,250000,1,w2_0_1,973,0.847084,1.0,10,,planner_filtered_query_scalar_expected
pg-hnsw,250000,1,w2_0_1,232,0.957,1.0,10,,planner_filtered_query_scalar_expected
pg-hnsw,250000,1,w2_0_1,304,0.948208,1.0,10,,planner_filtered_query_scalar_expected
pg-hnsw,250000,1,w2_0_1,271,0.839875,1.0,10,,planner_filtered_query_scalar_expected
pg-hnsw,250000,1,w2_0_1,122,1.153666,1.0,10,,planner_filtered_query_scalar_expected
pg-hnsw,250000,1,w2_0_1,731,0.91075,1.0,10,,planner_filtered_query_scalar_expected
pg-hnsw,250000,1,w2_0_1,170,0.968334,1.0,10,,planner_filtered_query_scalar_expected
pg-hnsw,250000,1,w2_0_1,447,0.8075,1.0,10,,planner_filtered_query_scalar_expected
pg-hnsw,250000,1,w2_0_1,217,0.93925,1.0,10,,planner_filtered_query_scalar_expected
pg-hnsw,250000,1,w2_0_1,262,1.12075,1.0,10,,planner_filtered_query_scalar_expected
pg-hnsw,250000,1,w2_0_1,819,1.137208,1.0,10,,planner_filtered_query_scalar_expected
pg-hnsw,250000,1,w2_0_1,233,0.834291,1.0,10,,planner_filtered_query_scalar_expected
pg-hnsw,250000,1,w2_0_1,239,1.218125,1.0,10,,planner_filtered_query_scalar_expected
pg-hnsw,250000,1,w2_0_1,808,1.255584,1.0,10,,planner_filtered_query_scalar_expected
pg-hnsw,250000,1,w2_0_1,226,1.110417,1.0,10,,planner_filtered_query_scalar_expected
pg-hnsw,250000,1,w2_0_1,980,1.034375,1.0,10,,planner_filtered_query_scalar_expected
pg-hnsw,250000,1,w2_0_1,132,1.07875,1.0,10,,planner_filtered_query_scalar_expected
pg-hnsw,250000,1,w2_0_1,800,1.113666,1.0,10,,planner_filtered_query_scalar_expected
pg-hnsw,250000,1,w2_0_1,709,1.039667,1.0,10,,planner_filtered_query_scalar_expected
pg-hnsw,250000,1,w2_0_1,607,1.379792,1.0,10,,planner_filtered_query_scalar_expected
pg-hnsw,250000,1,w2_0_1,453,1.009958,1.0,10,,planner_filtered_query_scalar_expected
pg-hnsw,250000,1,w2_0_1,911,0.987208,1.0,10,,planner_filtered_query_scalar_expected
pg-hnsw,250000,1,w2_0_1,970,1.097792,1.0,10,,planner_filtered_query_scalar_expected
pg-hnsw,250000,1,w2_0_1,386,1.038459,1.0,10,,planner_filtered_query_scalar_expected
pg-hnsw,250000,1,w2_0_1,177,1.017292,1.0,10,,planner_filtered_query_scalar_expected
pg-hnsw,250000,1,w2_0_1,624,1.07275,1.0,10,,planner_filtered_query_scalar_expected
pg-hnsw,250000,1,w2_0_1,706,1.067958,1.0,10,,planner_filtered_query_scalar_expected
pg-hnsw,250000,1,w2_0_1,277,0.790625,1.0,10,,planner_filtered_query_scalar_expected
pg-hnsw,250000,1,w2_0_1,723,1.011083,1.0,10,,planner_filtered_query_scalar_expected
pg-hnsw,250000,1,w2_0_1,692,0.98675,1.0,10,,planner_filtered_query_scalar_expected
pg-hnsw,250000,1,w2_0_1,556,0.883834,1.0,10,,planner_filtered_query_scalar_expected
pg-hnsw,250000,1,w2_0_1,341,0.777667,1.0,10,,planner_filtered_query_scalar_expected
pg-hnsw,250000,1,w2_0_1,154,1.067917,1.0,10,,planner_filtered_query_scalar_expected
pg-hnsw,250000,1,w2_0_1,842,0.793875,1.0,10,,planner_filtered_query_scalar_expected
pg-hnsw,250000,1,w2_0_1,885,0.89675,1.0,10,,planner_filtered_query_scalar_expected
pg-hnsw,250000,1,w2_0_1,675,0.97625,1.0,10,,planner_filtered_query_scalar_expected
pg-hnsw,250000,1,w2_0_1,795,1.211125,1.0,10,,planner_filtered_query_scalar_expected
pg-hnsw,250000,1,w2_0_1,495,1.003167,1.0,10,,planner_filtered_query_scalar_expected
pg-hnsw,250000,1,w2_0_1,500,0.855417,1.0,10,,planner_filtered_query_scalar_expected
pg-hnsw,250000,1,w2_0_1,937,0.862875,1.0,10,,planner_filtered_query_scalar_expected
pg-hnsw,250000,1,w2_0_1,562,0.774416,1.0,10,,planner_filtered_query_scalar_expected
pg-hnsw,250000,1,w2_0_1,917,0.804833,1.0,10,,planner_filtered_query_scalar_expected
pg-hnsw,250000,1,w2_0_1,135,0.834083,1.0,10,,planner_filtered_query_scalar_expected
pg-hnsw,250000,1,w2_0_1,175,4.5125,1.0,10,,planner_filtered_query_scalar_expected
pg-hnsw,250000,1,w2_0_1,966,1.012292,1.0,10,,planner_filtered_query_scalar_expected
pg-hnsw,250000,1,w2_0_1,530,0.999208,1.0,10,,planner_filtered_query_scalar_expected
pg-hnsw,250000,1,w2_0_1,119,1.0695,1.0,10,,planner_filtered_query_scalar_expected
pg-hnsw,250000,1,w2_0_1,451,0.8935,1.0,10,,planner_filtered_query_scalar_expected
pg-hnsw,250000,1,w2_0_1,615,0.862542,1.0,10,,planner_filtered_query_scalar_expected
pg-hnsw,250000,1,w2_0_1,201,0.822917,1.0,10,,planner_filtered_query_scalar_expected
pg-hnsw,250000,1,w2_0_1,721,0.994584,1.0,10,,planner_filtered_query_scalar_expected
pg-hnsw,250000,1,w2_0_1,750,1.204416,1.0,10,,planner_filtered_query_scalar_expected
pg-hnsw,250000,1,w2_0_1,739,1.092542,1.0,10,,planner_filtered_query_scalar_expected
pg-hnsw,250000,1,w2_0_1,357,0.780875,1.0,10,,planner_filtered_query_scalar_expected
pg-hnsw,250000,1,w2_0_1,566,0.917583,1.0,10,,planner_filtered_query_scalar_expected
pg-hnsw,250000,1,w2_0_1,627,0.703167,1.0,10,,planner_filtered_query_scalar_expected
pg-hnsw,250000,1,w2_0_1,717,0.852708,1.0,10,,planner_filtered_query_scalar_expected
pg-hnsw,250000,1,w2_0_1,886,0.777,1.0,10,,planner_filtered_query_scalar_expected
pg-hnsw,250000,1,w2_0_1,335,0.915292,1.0,10,,planner_filtered_query_scalar_expected
pg-hnsw,250000,1,w2_0_1,535,1.024042,1.0,10,,planner_filtered_query_scalar_expected
pg-hnsw,250000,1,w2_0_1,862,0.936583,1.0,10,,planner_filtered_query_scalar_expected
pg-hnsw,250000,1,w2_0_1,660,0.886708,1.0,10,,planner_filtered_query_scalar_expected
pg-hnsw,250000,1,w2_0_1,326,0.782417,1.0,10,,planner_filtered_query_scalar_expected
pg-hnsw,250000,1,w2_0_1,996,0.813875,1.0,10,,planner_filtered_query_scalar_expected
pg-hnsw,250000,1,w2_0_1,600,0.741375,1.0,10,,planner_filtered_query_scalar_expected
pg-hnsw,250000,1,w2_0_1,751,0.928083,1.0,10,,planner_filtered_query_scalar_expected
pg-hnsw,250000,1,w2_0_1,393,1.162167,1.0,10,,planner_filtered_query_scalar_expected
pg-hnsw,250000,1,w2_0_1,241,3.748291,1.0,10,,planner_filtered_query_scalar_expected
pg-hnsw,250000,1,w2_0_1,431,1.106167,1.0,10,,planner_filtered_query_scalar_expected
pg-hnsw,250000,1,w2_0_1,809,1.010292,1.0,10,,planner_filtered_query_scalar_expected
pg-hnsw,250000,1,w2_0_1,384,1.079625,1.0,10,,planner_filtered_query_scalar_expected
pg-hnsw,250000,1,w2_0_1,689,0.979166,1.0,10,,planner_filtered_query_scalar_expected
pg-hnsw,250000,1,w2_0_1,486,0.956833,1.0,10,,planner_filtered_query_scalar_expected
pg-hnsw,250000,1,w2_0_1,905,1.154708,1.0,10,,planner_filtered_query_scalar_expected
pg-hnsw,250000,1,w2_0_1,925,0.839834,1.0,10,,planner_filtered_query_scalar_expected
pg-hnsw,250000,1,w2_0_1,289,0.836917,1.0,10,,planner_filtered_query_scalar_expected
pg-hnsw,250000,1,w2_0_1,504,1.031125,1.0,10,,planner_filtered_query_scalar_expected
pg-hnsw,250000,1,w2_0_1,725,0.783917,1.0,10,,planner_filtered_query_scalar_expected
pg-hnsw,250000,1,w2_0_1,161,0.844958,1.0,10,,planner_filtered_query_scalar_expected
pg-hnsw,250000,1,w2_0_1,113,0.766208,1.0,10,,planner_filtered_query_scalar_expected
pg-hnsw,250000,1,w2_0_1,752,0.813042,1.0,10,,planner_filtered_query_scalar_expected
pg-hnsw,250000,1,w2_0_1,481,3.881084,1.0,10,,planner_filtered_query_scalar_expected
pg-hnsw,250000,1,w2_0_1,781,1.187167,1.0,10,,planner_filtered_query_scalar_expected
pg-hnsw,250000,1,w2_0_1,707,0.861875,1.0,10,,planner_filtered_query_scalar_expected
pg-hnsw,250000,1,w2_0_1,803,0.885333,1.0,10,,planner_filtered_query_scalar_expected
pg-hnsw,250000,1,w2_0_1,838,1.10775,1.0,10,,planner_filtered_query_scalar_expected
pg-hnsw,250000,1,w2_0_1,279,0.806625,1.0,10,,planner_filtered_query_scalar_expected
pg-hnsw,250000,1,w2_0_1,131,2.933375,1.0,10,,planner_filtered_query_scalar_expected
pg-hnsw,250000,1,w2_0_1,728,1.023292,1.0,10,,planner_filtered_query_scalar_expected
pg-hnsw,250000,1,w2_0_1,526,0.894417,1.0,10,,planner_filtered_query_scalar_expected
pg-hnsw,250000,1,w2_0_1,698,0.9345,1.0,10,,planner_filtered_query_scalar_expected
pg-hnsw,250000,1,w2_0_1,143,0.752666,1.0,10,,planner_filtered_query_scalar_expected
pg-hnsw,250000,1,w2_0_1,510,0.99825,1.0,10,,planner_filtered_query_scalar_expected
pg-hnsw,250000,1,w2_0_1,291,0.922375,1.0,10,,planner_filtered_query_scalar_expected
pg-hnsw,250000,1,w2_0_1,939,3.220917,1.0,10,,planner_filtered_query_scalar_expected
pg-hnsw,250000,1,w2_0_1,294,1.0495,1.0,10,,planner_filtered_query_scalar_expected
pg-hnsw,250000,1,w2_0_1,971,0.891583,1.0,10,,planner_filtered_query_scalar_expected
pg-hnsw,250000,1,w2_0_1,950,0.92525,1.0,10,,planner_filtered_query_scalar_expected
pg-hnsw,250000,1,w2_0_1,151,1.100583,1.0,10,,planner_filtered_query_scalar_expected
pg-hnsw,250000,1,w2_0_1,292,0.824083,1.0,10,,planner_filtered_query_scalar_expected
pg-hnsw,250000,1,w2_0_1,478,0.871584,1.0,10,,planner_filtered_query_scalar_expected
pg-hnsw,250000,1,w2_0_1,779,2.856041,1.0,10,,planner_filtered_query_scalar_expected
pg-hnsw,250000,1,w2_0_1,975,1.279125,1.0,10,,planner_filtered_query_scalar_expected
pg-hnsw,250000,1,w2_0_1,564,0.94025,1.0,10,,planner_filtered_query_scalar_expected
pg-hnsw,250000,1,w2_0_1,485,0.87375,1.0,10,,planner_filtered_query_scalar_expected
pg-hnsw,250000,1,w2_0_1,204,0.979916,1.0,10,,planner_filtered_query_scalar_expected
pg-hnsw,250000,1,w2_0_1,273,0.913834,1.0,10,,planner_filtered_query_scalar_expected
pg-hnsw,250000,1,w2_0_1,144,3.554791,1.0,10,,planner_filtered_query_scalar_expected
pg-hnsw,250000,1,w2_0_1,370,1.213208,1.0,10,,planner_filtered_query_scalar_expected
pg-hnsw,250000,1,w2_0_1,208,0.855625,1.0,10,,planner_filtered_query_scalar_expected
pg-hnsw,250000,1,w2_0_1,577,0.989041,1.0,10,,planner_filtered_query_scalar_expected
pg-hnsw,250000,1,w2_0_1,124,0.793583,1.0,10,,planner_filtered_query_scalar_expected
pg-hnsw,250000,1,w2_0_1,207,0.779166,1.0,10,,planner_filtered_query_scalar_expected
pg-hnsw,250000,1,w2_0_1,164,0.988,1.0,10,,planner_filtered_query_scalar_expected
pg-hnsw,250000,1,w2_0_1,570,1.853916,1.0,10,,planner_filtered_query_scalar_expected
pg-hnsw,250000,1,w2_0_1,499,1.061541,1.0,10,,planner_filtered_query_scalar_expected
pg-hnsw,250000,1,w2_0_1,187,1.187167,1.0,10,,planner_filtered_query_scalar_expected
pg-hnsw,250000,1,w2_0_1,227,0.754375,1.0,10,,planner_filtered_query_scalar_expected
pg-hnsw,250000,1,w2_0_1,843,1.147375,1.0,10,,planner_filtered_query_scalar_expected
pg-hnsw,250000,1,w2_0_1,622,0.8315,1.0,10,,planner_filtered_query_scalar_expected
pg-hnsw,250000,1,w2_0_1,694,1.096917,1.0,10,,planner_filtered_query_scalar_expected
pg-hnsw,250000,1,w2_0_1,836,0.99125,1.0,10,,planner_filtered_query_scalar_expected
pg-hnsw,250000,1,w2_0_1,414,0.930541,1.0,10,,planner_filtered_query_scalar_expected
pg-hnsw,250000,1,w2_0_1,749,0.991833,1.0,10,,planner_filtered_query_scalar_expected
pg-hnsw,250000,1,w2_0_1,884,0.837209,1.0,10,,planner_filtered_query_scalar_expected
pg-hnsw,250000,1,w2_0_1,742,0.96825,1.0,10,,planner_filtered_query_scalar_expected
pg-hnsw,250000,1,w2_0_1,539,0.943667,1.0,10,,planner_filtered_query_scalar_expected
pg-hnsw,250000,1,w2_0_1,560,0.864209,1.0,10,,planner_filtered_query_scalar_expected
pg-hnsw,250000,1,w2_0_1,989,4.316584,1.0,10,,planner_filtered_query_scalar_expected
pg-hnsw,250000,1,w2_0_1,852,1.058625,1.0,10,,planner_filtered_query_scalar_expected
pg-hnsw,250000,1,w2_0_1,474,1.037625,1.0,10,,planner_filtered_query_scalar_expected
pg-hnsw,250000,1,w2_0_1,974,1.074833,1.0,10,,planner_filtered_query_scalar_expected
pg-hnsw,250000,1,w2_0_1,378,0.772416,1.0,10,,planner_filtered_query_scalar_expected
pg-hnsw,250000,1,w2_0_1,150,0.807916,1.0,10,,planner_filtered_query_scalar_expected
pg-hnsw,250000,1,w2_0_1,133,1.006792,1.0,10,,planner_filtered_query_scalar_expected
pg-hnsw,250000,1,w2_0_1,300,1.342833,1.0,10,,planner_filtered_query_scalar_expected
pg-hnsw,250000,1,w2_0_1,780,0.871083,1.0,10,,planner_filtered_query_scalar_expected
pg-hnsw,250000,1,w2_0_1,189,0.834083,1.0,10,,planner_filtered_query_scalar_expected
pg-hnsw,250000,1,w2_0_1,688,0.849667,1.0,10,,planner_filtered_query_scalar_expected
pg-hnsw,250000,1,w2_0_1,501,0.798583,1.0,10,,planner_filtered_query_scalar_expected
pg-hnsw,250000,1,w2_0_1,990,0.77925,1.0,10,,planner_filtered_query_scalar_expected
pg-hnsw,250000,1,w2_0_1,252,0.89,1.0,10,,planner_filtered_query_scalar_expected
pg-hnsw,250000,1,w2_0_1,716,3.921792,1.0,10,,planner_filtered_query_scalar_expected
pg-hnsw,250000,1,w2_0_1,553,1.03825,1.0,10,,planner_filtered_query_scalar_expected
pg-hnsw,250000,1,w2_0_1,691,1.047417,1.0,10,,planner_filtered_query_scalar_expected
pg-hnsw,250000,1,w2_0_1,311,1.055167,1.0,10,,planner_filtered_query_scalar_expected
pg-hnsw,250000,1,w2_0_1,586,0.952167,1.0,10,,planner_filtered_query_scalar_expected
pg-hnsw,250000,1,w2_0_1,592,0.867625,1.0,10,,planner_filtered_query_scalar_expected
pg-hnsw,250000,1,w2_0_1,197,0.762,1.0,10,,planner_filtered_query_scalar_expected
pg-hnsw,250000,1,w2_0_1,491,1.05925,1.0,10,,planner_filtered_query_scalar_expected
pg-hnsw,250000,1,w2_0_1,353,1.182791,1.0,10,,planner_filtered_query_scalar_expected
pg-hnsw,250000,1,w2_0_1,794,0.944542,1.0,10,,planner_filtered_query_scalar_expected
pg-hnsw,250000,1,w2_0_1,309,0.985167,1.0,10,,planner_filtered_query_scalar_expected
pg-hnsw,250000,1,w2_0_1,109,1.014959,1.0,10,,planner_filtered_query_scalar_expected
pg-hnsw,250000,1,w2_0_1,269,0.876792,1.0,10,,planner_filtered_query_scalar_expected
pg-hnsw,250000,1,w2_0_1,756,0.863125,1.0,10,,planner_filtered_query_scalar_expected
pg-hnsw,250000,1,w2_0_1,160,0.987792,1.0,10,,planner_filtered_query_scalar_expected
pg-hnsw,250000,1,w2_0_1,457,1.208917,1.0,10,,planner_filtered_query_scalar_expected
pg-hnsw,250000,1,w2_0_1,621,0.837,1.0,10,,planner_filtered_query_scalar_expected
pg-hnsw,250000,1,w2_0_1,620,0.944708,1.0,10,,planner_filtered_query_scalar_expected
pg-hnsw,250000,1,w2_0_1,864,0.772292,1.0,10,,planner_filtered_query_scalar_expected
pg-hnsw,250000,1,w2_0_1,578,0.889375,1.0,10,,planner_filtered_query_scalar_expected
pg-hnsw,250000,1,w2_0_1,861,0.852875,1.0,10,,planner_filtered_query_scalar_expected
pg-hnsw,250000,1,w2_0_1,395,0.99775,1.0,10,,planner_filtered_query_scalar_expected
pg-hnsw,250000,1,w2_0_1,812,0.980708,1.0,10,,planner_filtered_query_scalar_expected
pg-hnsw,250000,1,w2_0_1,492,1.022334,1.0,10,,planner_filtered_query_scalar_expected
pg-hnsw,250000,1,w2_0_1,417,0.95025,1.0,10,,planner_filtered_query_scalar_expected
pg-hnsw,250000,1,w2_0_1,573,0.997833,1.0,10,,planner_filtered_query_scalar_expected
pg-hnsw,250000,1,w2_0_1,142,0.791667,1.0,10,,planner_filtered_query_scalar_expected
pg-hnsw,250000,1,w2_0_1,219,0.907,1.0,10,,planner_filtered_query_scalar_expected
pg-hnsw,250000,1,w2_0_1,991,0.926167,1.0,10,,planner_filtered_query_scalar_expected
pg-hnsw,250000,1,w2_0_1,396,0.724833,1.0,10,,planner_filtered_query_scalar_expected
pg-hnsw,250000,1,w2_0_1,342,0.753041,1.0,10,,planner_filtered_query_scalar_expected
pg-hnsw,250000,1,w2_0_1,791,0.805,1.0,10,,planner_filtered_query_scalar_expected
pg-hnsw,250000,1,w2_0_1,230,0.967916,1.0,10,,planner_filtered_query_scalar_expected
pg-hnsw,250000,1,w2_0_1,533,1.068708,1.0,10,,planner_filtered_query_scalar_expected
pg-hnsw,250000,1,w2_0_1,542,0.937459,1.0,10,,planner_filtered_query_scalar_expected
pg-hnsw,250000,1,w2_0_1,889,0.977875,1.0,10,,planner_filtered_query_scalar_expected
pg-hnsw,250000,1,w2_0_1,369,0.983625,1.0,10,,planner_filtered_query_scalar_expected
pg-hnsw,250000,1,w2_0_1,324,1.003917,1.0,10,,planner_filtered_query_scalar_expected
pg-hnsw,250000,1,w2_0_1,618,0.966792,1.0,10,,planner_filtered_query_scalar_expected
pg-hnsw,250000,1,w2_0_1,893,0.8115,1.0,10,,planner_filtered_query_scalar_expected
pg-hnsw,250000,1,w2_0_1,129,3.312833,1.0,10,,planner_filtered_query_scalar_expected
pg-hnsw,250000,1,w2_0_1,459,1.003917,1.0,10,,planner_filtered_query_scalar_expected
pg-hnsw,250000,1,w2_0_1,789,0.873166,1.0,10,,planner_filtered_query_scalar_expected
pg-hnsw,250000,1,w2_0_1,833,0.818583,1.0,10,,planner_filtered_query_scalar_expected
pg-hnsw,250000,1,w2_0_1,244,0.930542,1.0,10,,planner_filtered_query_scalar_expected
pg-hnsw,250000,1,w2_0_1,343,0.785458,1.0,10,,planner_filtered_query_scalar_expected
pg-hnsw,250000,1,w2_0_1,466,0.780458,1.0,10,,planner_filtered_query_scalar_expected
pg-hnsw,250000,1,w2_0_1,487,0.792666,1.0,10,,planner_filtered_query_scalar_expected
pg-hnsw,250000,1,w2_0_1,569,0.793125,1.0,10,,planner_filtered_query_scalar_expected
pg-hnsw,250000,1,w2_0_1,134,1.939125,1.0,10,,planner_filtered_query_scalar_expected
pg-hnsw,250000,1,w2_0_1,762,1.692292,1.0,10,,planner_filtered_query_scalar_expected
pg-hnsw,250000,1,w2_0_1,769,0.9855,1.0,10,,planner_filtered_query_scalar_expected
pg-hnsw,250000,1,w2_0_1,198,0.7885,1.0,10,,planner_filtered_query_scalar_expected
pg-hnsw,250000,1,w2_0_1,632,0.702834,1.0,10,,planner_filtered_query_scalar_expected
pg-hnsw,250000,1,w2_0_1,637,0.727667,1.0,10,,planner_filtered_query_scalar_expected
pg-hnsw,250000,1,w2_0_1,458,0.896542,1.0,10,,planner_filtered_query_scalar_expected
pg-hnsw,250000,1,w2_0_1,930,0.932958,1.0,10,,planner_filtered_query_scalar_expected
pg-hnsw,250000,1,w2_0_1,534,0.970084,1.0,10,,planner_filtered_query_scalar_expected
pg-hnsw,250000,1,w2_0_1,598,1.233833,1.0,10,,planner_filtered_query_scalar_expected
pg-hnsw,250000,1,w2_0_1,859,0.961666,1.0,10,,planner_filtered_query_scalar_expected
pg-hnsw,250000,1,w2_0_1,167,0.923208,1.0,10,,planner_filtered_query_scalar_expected
pg-hnsw,250000,1,w2_0_1,936,1.043834,1.0,10,,planner_filtered_query_scalar_expected
pg-hnsw,250000,1,w2_0_1,245,0.838292,1.0,10,,planner_filtered_query_scalar_expected
pg-hnsw,250000,1,w2_0_1,465,0.884666,1.0,10,,planner_filtered_query_scalar_expected
pg-hnsw,250000,1,w2_0_1,834,2.739875,1.0,10,,planner_filtered_query_scalar_expected
pg-hnsw,250000,1,w2_0_1,163,0.884042,1.0,10,,planner_filtered_query_scalar_expected
pg-hnsw,250000,1,w2_0_1,634,1.019625,1.0,10,,planner_filtered_query_scalar_expected
pg-hnsw,250000,1,w2_0_1,373,1.060833,1.0,10,,planner_filtered_query_scalar_expected
pg-hnsw,250000,1,w2_0_1,735,0.80875,1.0,10,,planner_filtered_query_scalar_expected
pg-hnsw,250000,1,w2_0_1,555,0.814667,1.0,10,,planner_filtered_query_scalar_expected
pg-hnsw,250000,1,w2_0_1,381,0.788541,1.0,10,,planner_filtered_query_scalar_expected
pg-hnsw,250000,1,w2_0_1,805,0.668708,1.0,10,,planner_filtered_query_scalar_expected
pg-hnsw,250000,1,w2_0_1,531,3.753416,1.0,10,,planner_filtered_query_scalar_expected
pg-hnsw,250000,1,w2_0_1,898,1.194541,1.0,10,,planner_filtered_query_scalar_expected
pg-hnsw,250000,1,w2_0_1,715,0.973334,1.0,10,,planner_filtered_query_scalar_expected
pg-hnsw,250000,1,w2_0_1,174,0.8025,1.0,10,,planner_filtered_query_scalar_expected
pg-hnsw,250000,1,w3,676,62.377042,1.0,10,,scalar_first_exact
pg-hnsw,250000,1,w3,535,62.573458,1.0,10,,scalar_first_exact
pg-hnsw,250000,1,w3,235,61.918875,1.0,10,,scalar_first_exact
pg-hnsw,250000,1,w3,570,64.881625,1.0,10,,scalar_first_exact
pg-hnsw,250000,1,w3,651,60.708458,1.0,10,,scalar_first_exact
pg-hnsw,250000,1,w3,898,60.326625,1.0,10,,scalar_first_exact
pg-hnsw,250000,1,w3,396,61.604,1.0,10,,scalar_first_exact
pg-hnsw,250000,1,w3,992,58.890375,1.0,10,,scalar_first_exact
pg-hnsw,250000,1,w3,138,60.798084,1.0,10,,scalar_first_exact
pg-hnsw,250000,1,w3,909,63.635083,1.0,10,,scalar_first_exact
pg-hnsw,250000,1,w3,937,61.929459,1.0,10,,scalar_first_exact
pg-hnsw,250000,1,w3,352,61.553875,1.0,10,,scalar_first_exact
pg-hnsw,250000,1,w3,639,59.819625,1.0,10,,scalar_first_exact
pg-hnsw,250000,1,w3,634,60.229666,1.0,10,,scalar_first_exact
pg-hnsw,250000,1,w3,835,59.355416,1.0,10,,scalar_first_exact
pg-hnsw,250000,1,w3,919,59.45125,1.0,10,,scalar_first_exact
pg-hnsw,250000,1,w3,949,61.021875,1.0,10,,scalar_first_exact
pg-hnsw,250000,1,w3,419,60.84325,1.0,10,,scalar_first_exact
pg-hnsw,250000,1,w3,546,61.178417,1.0,10,,scalar_first_exact
pg-hnsw,250000,1,w3,760,61.170791,1.0,10,,scalar_first_exact
pg-hnsw,250000,1,w3,428,59.7315,1.0,10,,scalar_first_exact
pg-hnsw,250000,1,w3,786,60.31225,1.0,10,,scalar_first_exact
pg-hnsw,250000,1,w3,900,63.169,1.0,10,,scalar_first_exact
pg-hnsw,250000,1,w3,531,59.760875,1.0,10,,scalar_first_exact
pg-hnsw,250000,1,w3,489,59.502417,1.0,10,,scalar_first_exact
pg-hnsw,250000,1,w3,121,60.48125,1.0,10,,scalar_first_exact
pg-hnsw,250000,1,w3,367,61.826125,1.0,10,,scalar_first_exact
pg-hnsw,250000,1,w3,827,61.873875,1.0,10,,scalar_first_exact
pg-hnsw,250000,1,w3,454,59.185583,1.0,10,,scalar_first_exact
pg-hnsw,250000,1,w3,340,61.724583,1.0,10,,scalar_first_exact
pg-hnsw,250000,1,w3,414,59.919333,1.0,10,,scalar_first_exact
pg-hnsw,250000,1,w3,794,61.873625,1.0,10,,scalar_first_exact
pg-hnsw,250000,1,w3,469,62.068125,1.0,10,,scalar_first_exact
pg-hnsw,250000,1,w3,645,66.185791,1.0,10,,scalar_first_exact
pg-hnsw,250000,1,w3,343,60.209334,1.0,10,,scalar_first_exact
pg-hnsw,250000,1,w3,797,64.172542,1.0,10,,scalar_first_exact
pg-hnsw,250000,1,w3,233,59.474208,1.0,10,,scalar_first_exact
pg-hnsw,250000,1,w3,545,61.00475,1.0,10,,scalar_first_exact
pg-hnsw,250000,1,w3,461,60.169292,1.0,10,,scalar_first_exact
pg-hnsw,250000,1,w3,270,59.619333,1.0,10,,scalar_first_exact
pg-hnsw,250000,1,w3,896,61.517541,1.0,10,,scalar_first_exact
pg-hnsw,250000,1,w3,406,60.475541,1.0,10,,scalar_first_exact
pg-hnsw,250000,1,w3,863,59.923666,1.0,10,,scalar_first_exact
pg-hnsw,250000,1,w3,692,59.906542,1.0,10,,scalar_first_exact
pg-hnsw,250000,1,w3,689,58.957167,1.0,10,,scalar_first_exact
pg-hnsw,250000,1,w3,717,59.6305,1.0,10,,scalar_first_exact
pg-hnsw,250000,1,w3,288,60.183666,1.0,10,,scalar_first_exact
pg-hnsw,250000,1,w3,865,61.538667,1.0,10,,scalar_first_exact
pg-hnsw,250000,1,w3,505,61.037417,1.0,10,,scalar_first_exact
pg-hnsw,250000,1,w3,478,60.476584,1.0,10,,scalar_first_exact
pg-hnsw,250000,1,w3,588,60.904,1.0,10,,scalar_first_exact
pg-hnsw,250000,1,w3,658,64.203084,1.0,10,,scalar_first_exact
pg-hnsw,250000,1,w3,547,60.917542,1.0,10,,scalar_first_exact
pg-hnsw,250000,1,w3,662,60.864375,1.0,10,,scalar_first_exact
pg-hnsw,250000,1,w3,509,59.697417,1.0,10,,scalar_first_exact
pg-hnsw,250000,1,w3,490,62.804667,1.0,10,,scalar_first_exact
pg-hnsw,250000,1,w3,186,60.672166,1.0,10,,scalar_first_exact
pg-hnsw,250000,1,w3,263,60.7065,1.0,10,,scalar_first_exact
pg-hnsw,250000,1,w3,945,60.371541,1.0,10,,scalar_first_exact
pg-hnsw,250000,1,w3,954,65.959333,1.0,10,,scalar_first_exact
pg-hnsw,250000,1,w3,955,61.654917,1.0,10,,scalar_first_exact
pg-hnsw,250000,1,w3,199,60.380667,1.0,10,,scalar_first_exact
pg-hnsw,250000,1,w3,758,61.930833,1.0,10,,scalar_first_exact
pg-hnsw,250000,1,w3,938,58.629584,1.0,10,,scalar_first_exact
pg-hnsw,250000,1,w3,979,62.71425,1.0,10,,scalar_first_exact
pg-hnsw,250000,1,w3,193,63.426042,1.0,10,,scalar_first_exact
pg-hnsw,250000,1,w3,663,61.858458,1.0,10,,scalar_first_exact
pg-hnsw,250000,1,w3,240,62.134166,1.0,10,,scalar_first_exact
pg-hnsw,250000,1,w3,921,61.535792,1.0,10,,scalar_first_exact
pg-hnsw,250000,1,w3,631,60.127208,1.0,10,,scalar_first_exact
pg-hnsw,250000,1,w3,622,59.726583,1.0,10,,scalar_first_exact
pg-hnsw,250000,1,w3,678,62.539833,1.0,10,,scalar_first_exact
pg-hnsw,250000,1,w3,917,61.495291,1.0,10,,scalar_first_exact
pg-hnsw,250000,1,w3,300,59.444583,1.0,10,,scalar_first_exact
pg-hnsw,250000,1,w3,802,61.319625,1.0,10,,scalar_first_exact
pg-hnsw,250000,1,w3,700,60.432375,1.0,10,,scalar_first_exact
pg-hnsw,250000,1,w3,541,58.935125,1.0,10,,scalar_first_exact
pg-hnsw,250000,1,w3,576,59.489458,1.0,10,,scalar_first_exact
pg-hnsw,250000,1,w3,914,60.506167,1.0,10,,scalar_first_exact
pg-hnsw,250000,1,w3,132,58.337625,1.0,10,,scalar_first_exact
pg-hnsw,250000,1,w3,205,61.156208,1.0,10,,scalar_first_exact
pg-hnsw,250000,1,w3,333,65.089125,1.0,10,,scalar_first_exact
pg-hnsw,250000,1,w3,324,62.233875,1.0,10,,scalar_first_exact
pg-hnsw,250000,1,w3,762,61.360375,1.0,10,,scalar_first_exact
pg-hnsw,250000,1,w3,239,74.174584,1.0,10,,scalar_first_exact
pg-hnsw,250000,1,w3,616,71.461959,1.0,10,,scalar_first_exact
pg-hnsw,250000,1,w3,335,66.670041,1.0,10,,scalar_first_exact
pg-hnsw,250000,1,w3,982,63.180333,1.0,10,,scalar_first_exact
pg-hnsw,250000,1,w3,539,63.023083,1.0,10,,scalar_first_exact
pg-hnsw,250000,1,w3,913,60.511209,1.0,10,,scalar_first_exact
pg-hnsw,250000,1,w3,217,60.806,1.0,10,,scalar_first_exact
pg-hnsw,250000,1,w3,768,62.412834,1.0,10,,scalar_first_exact
pg-hnsw,250000,1,w3,679,59.564667,1.0,10,,scalar_first_exact
pg-hnsw,250000,1,w3,232,59.261458,1.0,10,,scalar_first_exact
pg-hnsw,250000,1,w3,736,61.399917,1.0,10,,scalar_first_exact
pg-hnsw,250000,1,w3,471,58.186459,1.0,10,,scalar_first_exact
pg-hnsw,250000,1,w3,750,60.630375,1.0,10,,scalar_first_exact
pg-hnsw,250000,1,w3,362,60.597458,1.0,10,,scalar_first_exact
pg-hnsw,250000,1,w3,556,63.586416,1.0,10,,scalar_first_exact
pg-hnsw,250000,1,w3,855,62.434417,1.0,10,,scalar_first_exact
pg-hnsw,250000,1,w3,255,62.875,1.0,10,,scalar_first_exact
pg-hnsw,250000,1,w3,620,65.575541,1.0,10,,scalar_first_exact
pg-hnsw,250000,1,w3,817,61.792833,1.0,10,,scalar_first_exact
pg-hnsw,250000,1,w3,780,59.50975,1.0,10,,scalar_first_exact
pg-hnsw,250000,1,w3,299,62.408667,1.0,10,,scalar_first_exact
pg-hnsw,250000,1,w3,466,65.180708,1.0,10,,scalar_first_exact
pg-hnsw,250000,1,w3,526,61.168666,1.0,10,,scalar_first_exact
pg-hnsw,250000,1,w3,664,67.563875,1.0,10,,scalar_first_exact
pg-hnsw,250000,1,w3,453,63.48675,1.0,10,,scalar_first_exact
pg-hnsw,250000,1,w3,304,60.63,1.0,10,,scalar_first_exact
pg-hnsw,250000,1,w3,820,59.210333,1.0,10,,scalar_first_exact
pg-hnsw,250000,1,w3,632,58.154,1.0,10,,scalar_first_exact
pg-hnsw,250000,1,w3,409,60.501416,1.0,10,,scalar_first_exact
pg-hnsw,250000,1,w3,738,61.074,1.0,10,,scalar_first_exact
pg-hnsw,250000,1,w3,966,62.120042,1.0,10,,scalar_first_exact
pg-hnsw,250000,1,w3,445,63.037833,1.0,10,,scalar_first_exact
pg-hnsw,250000,1,w3,561,59.17225,1.0,10,,scalar_first_exact
pg-hnsw,250000,1,w3,103,60.0075,1.0,10,,scalar_first_exact
pg-hnsw,250000,1,w3,842,60.226833,1.0,10,,scalar_first_exact
pg-hnsw,250000,1,w3,411,62.333208,1.0,10,,scalar_first_exact
pg-hnsw,250000,1,w3,211,68.377208,1.0,10,,scalar_first_exact
pg-hnsw,250000,1,w3,259,62.670708,1.0,10,,scalar_first_exact
pg-hnsw,250000,1,w3,642,60.014958,1.0,10,,scalar_first_exact
pg-hnsw,250000,1,w3,401,61.577583,1.0,10,,scalar_first_exact
pg-hnsw,250000,1,w3,167,60.231917,1.0,10,,scalar_first_exact
pg-hnsw,250000,1,w3,719,57.779,1.0,10,,scalar_first_exact
pg-hnsw,250000,1,w3,470,58.802125,1.0,10,,scalar_first_exact
pg-hnsw,250000,1,w3,653,60.1395,1.0,10,,scalar_first_exact
pg-hnsw,250000,1,w3,682,80.14625,1.0,10,,scalar_first_exact
pg-hnsw,250000,1,w3,852,61.634083,1.0,10,,scalar_first_exact
pg-hnsw,250000,1,w3,930,60.946916,1.0,10,,scalar_first_exact
pg-hnsw,250000,1,w3,510,61.532833,1.0,10,,scalar_first_exact
pg-hnsw,250000,1,w3,277,63.550333,1.0,10,,scalar_first_exact
pg-hnsw,250000,1,w3,112,58.742666,1.0,10,,scalar_first_exact
pg-hnsw,250000,1,w3,260,60.518625,1.0,10,,scalar_first_exact
pg-hnsw,250000,1,w3,353,59.604875,1.0,10,,scalar_first_exact
pg-hnsw,250000,1,w3,252,60.178542,1.0,10,,scalar_first_exact
pg-hnsw,250000,1,w3,503,59.5685,1.0,10,,scalar_first_exact
pg-hnsw,250000,1,w3,209,60.122125,1.0,10,,scalar_first_exact
pg-hnsw,250000,1,w3,511,61.797208,1.0,10,,scalar_first_exact
pg-hnsw,250000,1,w3,564,58.536667,1.0,10,,scalar_first_exact
pg-hnsw,250000,1,w3,101,60.57025,1.0,10,,scalar_first_exact
pg-hnsw,250000,1,w3,500,59.573666,1.0,10,,scalar_first_exact
pg-hnsw,250000,1,w3,285,63.965041,1.0,10,,scalar_first_exact
pg-hnsw,250000,1,w3,775,60.306416,1.0,10,,scalar_first_exact
pg-hnsw,250000,1,w3,659,60.531417,1.0,10,,scalar_first_exact
pg-hnsw,250000,1,w3,819,59.752667,1.0,10,,scalar_first_exact
pg-hnsw,250000,1,w3,734,61.812666,1.0,10,,scalar_first_exact
pg-hnsw,250000,1,w3,779,60.424875,1.0,10,,scalar_first_exact
pg-hnsw,250000,1,w3,236,60.109625,1.0,10,,scalar_first_exact
pg-hnsw,250000,1,w3,674,60.896333,1.0,10,,scalar_first_exact
pg-hnsw,250000,1,w3,472,60.846709,1.0,10,,scalar_first_exact
pg-hnsw,250000,1,w3,824,60.670917,1.0,10,,scalar_first_exact
pg-hnsw,250000,1,w3,808,64.585792,1.0,10,,scalar_first_exact
pg-hnsw,250000,1,w3,814,66.67875,1.0,10,,scalar_first_exact
pg-hnsw,250000,1,w3,356,61.736875,1.0,10,,scalar_first_exact
pg-hnsw,250000,1,w3,136,61.52375,1.0,10,,scalar_first_exact
pg-hnsw,250000,1,w3,120,58.932167,1.0,10,,scalar_first_exact
pg-hnsw,250000,1,w3,191,59.25975,1.0,10,,scalar_first_exact
pg-hnsw,250000,1,w3,843,58.694083,1.0,10,,scalar_first_exact
pg-hnsw,250000,1,w3,309,59.177459,1.0,10,,scalar_first_exact
pg-hnsw,250000,1,w3,307,65.306417,1.0,10,,scalar_first_exact
pg-hnsw,250000,1,w3,641,78.186666,1.0,10,,scalar_first_exact
pg-hnsw,250000,1,w3,421,63.005833,1.0,10,,scalar_first_exact
pg-hnsw,250000,1,w3,727,62.078875,1.0,10,,scalar_first_exact
pg-hnsw,250000,1,w3,683,61.658166,1.0,10,,scalar_first_exact
pg-hnsw,250000,1,w3,640,64.554459,1.0,10,,scalar_first_exact
pg-hnsw,250000,1,w3,969,59.793208,1.0,10,,scalar_first_exact
pg-hnsw,250000,1,w3,715,61.631917,1.0,10,,scalar_first_exact
pg-hnsw,250000,1,w3,765,61.490416,1.0,10,,scalar_first_exact
pg-hnsw,250000,1,w3,158,62.249208,1.0,10,,scalar_first_exact
pg-hnsw,250000,1,w3,442,59.343208,1.0,10,,scalar_first_exact
pg-hnsw,250000,1,w3,102,60.01075,1.0,10,,scalar_first_exact
pg-hnsw,250000,1,w3,380,59.912125,1.0,10,,scalar_first_exact
pg-hnsw,250000,1,w3,210,61.369333,1.0,10,,scalar_first_exact
pg-hnsw,250000,1,w3,155,59.087625,1.0,10,,scalar_first_exact
pg-hnsw,250000,1,w3,952,58.458375,1.0,10,,scalar_first_exact
pg-hnsw,250000,1,w3,672,59.17925,1.0,10,,scalar_first_exact
pg-hnsw,250000,1,w3,475,61.305917,1.0,10,,scalar_first_exact
pg-hnsw,250000,1,w3,107,63.063417,1.0,10,,scalar_first_exact
pg-hnsw,250000,1,w3,161,61.019833,1.0,10,,scalar_first_exact
pg-hnsw,250000,1,w3,597,61.170292,1.0,10,,scalar_first_exact
pg-hnsw,250000,1,w3,390,60.125666,1.0,10,,scalar_first_exact
pg-hnsw,250000,1,w3,908,60.012417,1.0,10,,scalar_first_exact
pg-hnsw,250000,1,w3,918,61.708667,1.0,10,,scalar_first_exact
pg-hnsw,250000,1,w3,626,60.699292,1.0,10,,scalar_first_exact
pg-hnsw,250000,1,w3,967,63.118166,1.0,10,,scalar_first_exact
pg-hnsw,250000,1,w3,712,62.646709,1.0,10,,scalar_first_exact
pg-hnsw,250000,1,w3,604,60.535833,1.0,10,,scalar_first_exact
pg-hnsw,250000,1,w3,404,60.524125,1.0,10,,scalar_first_exact
pg-hnsw,250000,1,w3,153,58.651667,1.0,10,,scalar_first_exact
pg-hnsw,250000,1,w3,943,59.853542,1.0,10,,scalar_first_exact
pg-hnsw,250000,1,w3,571,59.327416,1.0,10,,scalar_first_exact
pg-hnsw,250000,1,w3,397,59.717084,1.0,10,,scalar_first_exact
pg-hnsw,250000,1,w3,438,60.105417,1.0,10,,scalar_first_exact
pg-hnsw,250000,1,w3,172,60.456917,1.0,10,,scalar_first_exact
pg-hnsw,250000,1,w3,131,64.605875,1.0,10,,scalar_first_exact
pg-hnsw,250000,1,w3,139,61.173625,1.0,10,,scalar_first_exact
pg-hnsw,250000,1,w3,425,61.492833,1.0,10,,scalar_first_exact
pg-hnsw,250000,1,w3,251,61.187458,1.0,10,,scalar_first_exact
pg-hnsw,250000,1,w3,371,60.373583,1.0,10,,scalar_first_exact
pg-hnsw,250000,1,w3,688,61.664542,1.0,10,,scalar_first_exact
pg-hnsw,250000,1,w3,543,60.104834,1.0,10,,scalar_first_exact
pg-hnsw,250000,1,w3,848,65.517125,1.0,10,,scalar_first_exact
pg-hnsw,250000,1,w3,322,61.728417,1.0,10,,scalar_first_exact
pg-hnsw,250000,1,w3,699,61.038042,1.0,10,,scalar_first_exact
pg-hnsw,250000,1,w3,492,59.721458,1.0,10,,scalar_first_exact
pg-hnsw,250000,1,w3,387,60.568417,1.0,10,,scalar_first_exact
pg-hnsw,250000,1,w3,825,60.614917,1.0,10,,scalar_first_exact
pg-hnsw,250000,1,w3,983,62.765375,1.0,10,,scalar_first_exact
pg-hnsw,250000,1,w3,669,59.960959,1.0,10,,scalar_first_exact
pg-hnsw,250000,1,w3,962,58.748417,1.0,10,,scalar_first_exact
pg-hnsw,250000,1,w3,578,59.154375,1.0,10,,scalar_first_exact
pg-hnsw,250000,1,w3,999,63.021916,1.0,10,,scalar_first_exact
pg-hnsw,250000,1,w3,878,60.591,1.0,10,,scalar_first_exact
pg-hnsw,250000,1,w3,916,63.081417,1.0,10,,scalar_first_exact
pg-hnsw,250000,1,w3,150,59.084917,1.0,10,,scalar_first_exact
pg-hnsw,250000,1,w3,696,60.475333,1.0,10,,scalar_first_exact
pg-hnsw,250000,1,w3,716,61.269333,1.0,10,,scalar_first_exact
pg-hnsw,250000,1,w3,845,61.629041,1.0,10,,scalar_first_exact
pg-hnsw,250000,1,w3,146,59.612625,1.0,10,,scalar_first_exact
pg-hnsw,250000,1,w3,555,60.476959,1.0,10,,scalar_first_exact
pg-hnsw,250000,1,w3,369,61.117958,1.0,10,,scalar_first_exact
pg-hnsw,250000,1,w3,374,60.062125,1.0,10,,scalar_first_exact
pg-hnsw,250000,1,w3,168,59.282542,1.0,10,,scalar_first_exact
pg-hnsw,250000,1,w3,805,58.945834,1.0,10,,scalar_first_exact
pg-hnsw,250000,1,w3,455,63.365542,1.0,10,,scalar_first_exact
pg-hnsw,250000,1,w3,851,60.206208,1.0,10,,scalar_first_exact
pg-hnsw,250000,1,w3,792,59.93525,1.0,10,,scalar_first_exact
pg-hnsw,250000,1,w3,986,60.259583,1.0,10,,scalar_first_exact
pg-hnsw,250000,1,w3,355,60.640292,1.0,10,,scalar_first_exact
pg-hnsw,250000,1,w3,567,63.154,1.0,10,,scalar_first_exact
pg-hnsw,250000,1,w3,289,60.582458,1.0,10,,scalar_first_exact
pg-hnsw,250000,1,w3,698,60.048709,1.0,10,,scalar_first_exact
pg-hnsw,250000,1,w3,225,62.079875,1.0,10,,scalar_first_exact
pg-hnsw,250000,1,w3,680,60.367958,1.0,10,,scalar_first_exact
pg-hnsw,250000,1,w3,144,60.114167,1.0,10,,scalar_first_exact
pg-hnsw,250000,1,w3,234,60.781583,1.0,10,,scalar_first_exact
pg-hnsw,250000,1,w3,906,64.448125,1.0,10,,scalar_first_exact
pg-hnsw,250000,1,w3,464,59.119,1.0,10,,scalar_first_exact
pg-hnsw,250000,1,w3,840,59.715959,1.0,10,,scalar_first_exact
pg-hnsw,250000,1,w3,746,57.952208,1.0,10,,scalar_first_exact
pg-hnsw,250000,1,w3,296,59.796292,1.0,10,,scalar_first_exact
pg-hnsw,250000,1,w3,872,58.04075,1.0,10,,scalar_first_exact
pg-hnsw,250000,1,w3,947,59.947375,1.0,10,,scalar_first_exact
pg-hnsw,250000,1,w3,457,61.328708,1.0,10,,scalar_first_exact
pg-hnsw,250000,1,w3,365,61.318209,1.0,10,,scalar_first_exact
pg-hnsw,250000,1,w3,882,60.321292,1.0,10,,scalar_first_exact
pg-hnsw,250000,1,w3,432,59.049125,1.0,10,,scalar_first_exact
pg-hnsw,250000,1,w3,295,59.775792,1.0,10,,scalar_first_exact
pg-hnsw,250000,1,w3,612,60.402833,1.0,10,,scalar_first_exact
pg-hnsw,250000,1,w3,281,60.61475,1.0,10,,scalar_first_exact
pg-hnsw,250000,1,w3,384,60.699458,1.0,10,,scalar_first_exact
pg-hnsw,250000,1,w3,887,63.8545,1.0,10,,scalar_first_exact
pg-hnsw,250000,1,w3,643,59.3195,1.0,10,,scalar_first_exact
pg-hnsw,250000,1,w3,668,60.452625,1.0,10,,scalar_first_exact
pg-hnsw,250000,1,w3,426,60.970375,1.0,10,,scalar_first_exact
pg-hnsw,250000,1,w3,156,59.816083,1.0,10,,scalar_first_exact
pg-hnsw,250000,1,w3,200,57.820042,1.0,10,,scalar_first_exact
pg-hnsw,250000,1,w3,767,63.560291,1.0,10,,scalar_first_exact
pg-hnsw,250000,1,w3,400,60.65625,1.0,10,,scalar_first_exact
pg-hnsw,250000,1,w3,886,61.960791,1.0,10,,scalar_first_exact
pg-hnsw,250000,1,w3,731,60.503917,1.0,10,,scalar_first_exact
pg-hnsw,250000,1,w3,311,59.616875,1.0,10,,scalar_first_exact
pg-hnsw,250000,1,w3,410,61.439791,1.0,10,,scalar_first_exact
pg-hnsw,250000,1,w3,713,64.257541,1.0,10,,scalar_first_exact
pg-hnsw,250000,1,w3,318,60.636834,1.0,10,,scalar_first_exact
pg-hnsw,250000,1,w3,551,63.770583,1.0,10,,scalar_first_exact
pg-hnsw,250000,1,w3,875,61.317417,1.0,10,,scalar_first_exact
pg-hnsw,250000,1,w3,729,59.638041,1.0,10,,scalar_first_exact
pg-hnsw,250000,1,w3,815,62.863125,1.0,10,,scalar_first_exact
pg-hnsw,250000,1,w3,743,61.859,1.0,10,,scalar_first_exact
pg-hnsw,250000,1,w3,325,59.032416,1.0,10,,scalar_first_exact
pg-hnsw,250000,1,w3,174,59.745417,1.0,10,,scalar_first_exact
pg-hnsw,250000,1,w3,130,58.346417,1.0,10,,scalar_first_exact
pg-hnsw,250000,1,w3,412,58.364458,1.0,10,,scalar_first_exact
pg-hnsw,250000,1,w3,656,59.599875,1.0,10,,scalar_first_exact
pg-hnsw,250000,1,w3,968,60.666875,1.0,10,,scalar_first_exact
pg-hnsw,250000,1,w3,230,63.356333,1.0,10,,scalar_first_exact
pg-hnsw,250000,1,w3,118,61.373125,1.0,10,,scalar_first_exact
pg-hnsw,250000,1,w3,931,60.764708,1.0,10,,scalar_first_exact
pg-hnsw,250000,1,w3,198,61.736625,1.0,10,,scalar_first_exact
pg-hnsw,250000,1,w3,706,69.341375,1.0,10,,scalar_first_exact
pg-hnsw,250000,1,w3,357,60.582875,1.0,10,,scalar_first_exact
pg-hnsw,250000,1,w3,520,61.36925,1.0,10,,scalar_first_exact
pg-hnsw,250000,1,w3,430,58.914,1.0,10,,scalar_first_exact
pg-hnsw,250000,1,w3,718,61.499375,1.0,10,,scalar_first_exact
pg-hnsw,250000,1,w3,517,60.959458,1.0,10,,scalar_first_exact
pg-hnsw,250000,1,w3,973,60.808,1.0,10,,scalar_first_exact
pg-hnsw,250000,1,w3,901,58.772625,1.0,10,,scalar_first_exact
pg-hnsw,250000,1,w3,115,59.873708,1.0,10,,scalar_first_exact
pg-hnsw,250000,1,w3,364,63.641,1.0,10,,scalar_first_exact
pg-hnsw,250000,1,w3,537,61.654542,1.0,10,,scalar_first_exact
pg-hnsw,250000,1,w3,895,59.681042,1.0,10,,scalar_first_exact
pg-hnsw,250000,1,w3,550,59.632,1.0,10,,scalar_first_exact
pg-hnsw,250000,1,w3,963,60.818958,1.0,10,,scalar_first_exact
pg-hnsw,250000,1,w3,123,62.206,1.0,10,,scalar_first_exact
pg-hnsw,250000,1,w3,327,60.627916,1.0,10,,scalar_first_exact
pg-hnsw,250000,1,w3,257,62.336209,1.0,10,,scalar_first_exact
pg-hnsw,250000,1,w3,504,59.737666,1.0,10,,scalar_first_exact
pg-hnsw,250000,1,w3,559,61.049709,1.0,10,,scalar_first_exact
pg-hnsw,250000,1,w3,657,60.637334,1.0,10,,scalar_first_exact
pg-hnsw,250000,1,w3,856,60.004167,1.0,10,,scalar_first_exact
pg-hnsw,250000,1,w3,129,60.7195,1.0,10,,scalar_first_exact
pg-hnsw,250000,1,w3,493,60.899167,1.0,10,,scalar_first_exact
pg-hnsw,250000,1,w3,391,57.994,1.0,10,,scalar_first_exact
pg-hnsw,250000,1,w3,618,59.57425,1.0,10,,scalar_first_exact
pg-hnsw,250000,1,w3,995,60.698125,1.0,10,,scalar_first_exact
pg-hnsw,250000,1,w3,194,60.522666,1.0,10,,scalar_first_exact
pg-hnsw,250000,1,w3,723,61.087458,1.0,10,,scalar_first_exact
pg-hnsw,250000,1,w3,769,60.071292,1.0,10,,scalar_first_exact
pg-hnsw,250000,1,w3,927,60.623208,1.0,10,,scalar_first_exact
pg-hnsw,250000,1,w3,957,63.412583,1.0,10,,scalar_first_exact
pg-hnsw,250000,1,w3,961,59.787458,1.0,10,,scalar_first_exact
pg-hnsw,250000,1,w3,606,60.360958,1.0,10,,scalar_first_exact
pg-hnsw,250000,1,w3,280,66.056417,1.0,10,,scalar_first_exact
pg-hnsw,250000,1,w3,960,63.089833,1.0,10,,scalar_first_exact
pg-hnsw,250000,1,w3,748,60.673042,1.0,10,,scalar_first_exact
pg-hnsw,250000,1,w3,347,61.372042,1.0,10,,scalar_first_exact
pg-hnsw,250000,1,w3,711,60.630625,1.0,10,,scalar_first_exact
pg-hnsw,250000,1,w3,615,59.121167,1.0,10,,scalar_first_exact
pg-hnsw,250000,1,w3,487,60.537375,1.0,10,,scalar_first_exact
pg-hnsw,250000,1,w3,368,83.309375,1.0,10,,scalar_first_exact
pg-hnsw,250000,1,w3,439,73.6475,1.0,10,,scalar_first_exact
pg-hnsw,250000,1,w3,625,60.241417,1.0,10,,scalar_first_exact
pg-hnsw,250000,1,w3,256,63.251875,1.0,10,,scalar_first_exact
pg-hnsw,250000,1,w3,219,60.098583,1.0,10,,scalar_first_exact
pg-hnsw,250000,1,w3,922,60.073083,1.0,10,,scalar_first_exact
pg-hnsw,250000,1,w3,757,62.218708,1.0,10,,scalar_first_exact
pg-hnsw,250000,1,w3,163,60.362416,1.0,10,,scalar_first_exact
pg-hnsw,250000,1,w3,601,59.734417,1.0,10,,scalar_first_exact
pg-hnsw,250000,1,w3,444,60.753375,1.0,10,,scalar_first_exact
pg-hnsw,250000,1,w3,392,58.504041,1.0,10,,scalar_first_exact
pg-hnsw,250000,1,w3,816,60.020958,1.0,10,,scalar_first_exact
pg-hnsw,250000,1,w3,297,61.798292,1.0,10,,scalar_first_exact
pg-hnsw,250000,1,w3,197,63.5115,1.0,10,,scalar_first_exact
pg-hnsw,250000,1,w3,744,60.081792,1.0,10,,scalar_first_exact
pg-hnsw,250000,1,w3,745,59.035917,1.0,10,,scalar_first_exact
pg-hnsw,250000,1,w3,486,59.627541,1.0,10,,scalar_first_exact
pg-hnsw,250000,1,w3,137,60.528834,1.0,10,,scalar_first_exact
pg-hnsw,250000,1,w3,313,60.19075,1.0,10,,scalar_first_exact
pg-hnsw,250000,1,w3,479,59.86775,1.0,10,,scalar_first_exact
pg-hnsw,250000,1,w3,603,59.189792,1.0,10,,scalar_first_exact
pg-hnsw,250000,1,w3,610,58.994417,1.0,10,,scalar_first_exact
pg-hnsw,250000,1,w3,386,61.777625,1.0,10,,scalar_first_exact
pg-hnsw,250000,1,w3,709,60.287125,1.0,10,,scalar_first_exact
pg-hnsw,250000,1,w3,331,59.288708,1.0,10,,scalar_first_exact
pg-hnsw,250000,1,w3,125,65.233333,1.0,10,,scalar_first_exact
pg-hnsw,250000,1,w3,671,58.821209,1.0,10,,scalar_first_exact
pg-hnsw,250000,1,w3,673,61.019333,1.0,10,,scalar_first_exact
pg-hnsw,250000,1,w3,113,59.954042,1.0,10,,scalar_first_exact
pg-hnsw,250000,1,w3,222,60.788625,1.0,10,,scalar_first_exact
pg-hnsw,250000,1,w3,877,62.031125,1.0,10,,scalar_first_exact
pg-hnsw,250000,1,w3,544,61.495208,1.0,10,,scalar_first_exact
pg-hnsw,250000,1,w3,637,62.13675,1.0,10,,scalar_first_exact
pg-hnsw,250000,1,w3,650,63.452375,1.0,10,,scalar_first_exact
pg-hnsw,250000,1,w3,415,63.290333,1.0,10,,scalar_first_exact
pg-hnsw,250000,1,w3,348,61.230292,1.0,10,,scalar_first_exact
pg-hnsw,250000,1,w3,939,68.3915,1.0,10,,scalar_first_exact
pg-hnsw,250000,1,w3,572,63.852042,1.0,10,,scalar_first_exact
pg-hnsw,250000,1,w3,697,73.540334,1.0,10,,scalar_first_exact
pg-hnsw,250000,1,w3,600,61.448416,1.0,10,,scalar_first_exact
pg-hnsw,250000,1,w3,298,60.026542,1.0,10,,scalar_first_exact
pg-hnsw,250000,1,w3,218,60.246416,1.0,10,,scalar_first_exact
pg-hnsw,250000,1,w3,104,59.683709,1.0,10,,scalar_first_exact
pg-hnsw,250000,1,w3,203,60.396083,1.0,10,,scalar_first_exact
pg-hnsw,250000,1,w3,766,59.254208,1.0,10,,scalar_first_exact
pg-hnsw,250000,1,w3,596,60.963333,1.0,10,,scalar_first_exact
pg-hnsw,250000,1,w3,143,59.117792,1.0,10,,scalar_first_exact
pg-hnsw,250000,1,w3,630,59.9485,1.0,10,,scalar_first_exact
pg-hnsw,250000,1,w3,892,60.008292,1.0,10,,scalar_first_exact
pg-hnsw,250000,1,w3,532,62.230416,1.0,10,,scalar_first_exact
pg-hnsw,250000,1,w3,874,60.045459,1.0,10,,scalar_first_exact
pg-hnsw,250000,1,w3,859,58.848084,1.0,10,,scalar_first_exact
pg-hnsw,250000,1,w3,301,58.683292,1.0,10,,scalar_first_exact
pg-hnsw,250000,1,w3,573,60.126084,1.0,10,,scalar_first_exact
pg-hnsw,250000,1,w3,448,61.062333,1.0,10,,scalar_first_exact
pg-hnsw,250000,1,w3,491,59.253917,1.0,10,,scalar_first_exact
pg-hnsw,250000,1,w3,149,62.380375,1.0,10,,scalar_first_exact
pg-hnsw,250000,1,w3,105,61.560167,1.0,10,,scalar_first_exact
pg-hnsw,250000,1,w3,714,59.250667,1.0,10,,scalar_first_exact
pg-hnsw,250000,1,w3,903,60.742167,1.0,10,,scalar_first_exact
pg-hnsw,250000,1,w3,873,60.441375,1.0,10,,scalar_first_exact
pg-hnsw,250000,1,w3,268,61.233584,1.0,10,,scalar_first_exact
pg-hnsw,250000,1,w3,730,59.993833,1.0,10,,scalar_first_exact
pg-hnsw,250000,1,w3,694,60.74425,1.0,10,,scalar_first_exact
pg-hnsw,250000,1,w3,250,60.117708,1.0,10,,scalar_first_exact
pg-hnsw,250000,1,w3,456,60.866959,1.0,10,,scalar_first_exact
pg-hnsw,250000,1,w3,703,59.189958,1.0,10,,scalar_first_exact
pg-hnsw,250000,1,w3,613,59.127584,1.0,10,,scalar_first_exact
pg-hnsw,250000,1,w3,180,64.710334,1.0,10,,scalar_first_exact
pg-hnsw,250000,1,w3,212,60.1695,1.0,10,,scalar_first_exact
pg-hnsw,250000,1,w3,142,60.7825,1.0,10,,scalar_first_exact
pg-hnsw,250000,1,w3,358,62.237208,1.0,10,,scalar_first_exact
pg-hnsw,250000,1,w3,514,59.982583,1.0,10,,scalar_first_exact
pg-hnsw,250000,1,w3,160,58.811917,1.0,10,,scalar_first_exact
pg-hnsw,250000,1,w3,850,60.488459,1.0,10,,scalar_first_exact
pg-hnsw,250000,1,w3,923,60.797209,1.0,10,,scalar_first_exact
pg-hnsw,250000,1,w3,959,60.127041,1.0,10,,scalar_first_exact
pg-hnsw,250000,1,w3,989,60.706,1.0,10,,scalar_first_exact
pg-hnsw,250000,1,w3,929,65.519333,1.0,10,,scalar_first_exact
pg-hnsw,250000,1,w3,170,60.716375,1.0,10,,scalar_first_exact
pg-hnsw,250000,1,w3,644,59.154125,1.0,10,,scalar_first_exact
pg-hnsw,250000,1,w3,332,60.523833,1.0,10,,scalar_first_exact
pg-hnsw,250000,1,w3,165,59.641417,1.0,10,,scalar_first_exact
pg-hnsw,250000,1,w3,528,58.6005,1.0,10,,scalar_first_exact
pg-hnsw,250000,1,w3,636,60.340417,1.0,10,,scalar_first_exact
pg-hnsw,250000,1,w3,890,59.351875,1.0,10,,scalar_first_exact
pg-hnsw,250000,1,w3,223,61.953333,1.0,10,,scalar_first_exact
pg-hnsw,250000,1,w3,345,59.896459,1.0,10,,scalar_first_exact
pg-hnsw,250000,1,w3,147,62.422208,1.0,10,,scalar_first_exact
pg-hnsw,250000,1,w3,598,59.893084,1.0,10,,scalar_first_exact
pg-hnsw,250000,1,w3,806,59.985125,1.0,10,,scalar_first_exact
pg-hnsw,250000,1,w3,100,59.165541,1.0,10,,scalar_first_exact
pg-hnsw,250000,1,w3,140,60.000125,1.0,10,,scalar_first_exact
pg-hnsw,250000,1,w3,638,59.849833,1.0,10,,scalar_first_exact
pg-hnsw,250000,1,w3,501,59.337625,1.0,10,,scalar_first_exact
pg-hnsw,250000,1,w3,557,60.940917,1.0,10,,scalar_first_exact
pg-hnsw,250000,1,w3,907,60.021209,1.0,10,,scalar_first_exact
pg-hnsw,250000,1,w3,241,62.080083,1.0,10,,scalar_first_exact
pg-hnsw,250000,1,w3,753,59.487916,1.0,10,,scalar_first_exact
pg-hnsw,250000,1,w3,830,58.178208,1.0,10,,scalar_first_exact
pg-hnsw,250000,1,w3,784,59.265084,1.0,10,,scalar_first_exact
pg-hnsw,250000,1,w3,258,59.946875,1.0,10,,scalar_first_exact
pg-hnsw,250000,1,w3,778,59.473292,1.0,10,,scalar_first_exact
pg-hnsw,250000,1,w3,614,61.479791,1.0,10,,scalar_first_exact
pg-hnsw,250000,1,w3,879,59.633042,1.0,10,,scalar_first_exact
pg-hnsw,250000,1,w3,675,60.320833,1.0,10,,scalar_first_exact
pg-hnsw,250000,1,w3,376,59.918333,1.0,10,,scalar_first_exact
pg-hnsw,250000,1,w3,722,58.60025,1.0,10,,scalar_first_exact
pg-hnsw,250000,1,w3,416,59.213625,1.0,10,,scalar_first_exact
pg-hnsw,250000,1,w3,226,60.128459,1.0,10,,scalar_first_exact
pg-hnsw,250000,1,w3,339,60.060292,1.0,10,,scalar_first_exact
pg-hnsw,250000,1,w3,695,61.671375,1.0,10,,scalar_first_exact
pg-hnsw,250000,1,w3,482,62.64325,1.0,10,,scalar_first_exact
pg-hnsw,250000,1,w3,441,60.641792,1.0,10,,scalar_first_exact
pg-hnsw,250000,1,w3,169,58.081375,1.0,10,,scalar_first_exact
pg-hnsw,250000,1,w3,803,58.744333,1.0,10,,scalar_first_exact
pg-hnsw,250000,1,w3,354,58.20975,1.0,10,,scalar_first_exact
pg-hnsw,250000,1,w3,733,59.899667,1.0,10,,scalar_first_exact
pg-hnsw,250000,1,w3,893,62.119458,1.0,10,,scalar_first_exact
pg-hnsw,250000,1,w3,752,58.493584,1.0,10,,scalar_first_exact
pg-hnsw,250000,1,w3,525,60.63775,1.0,10,,scalar_first_exact
pg-hnsw,250000,1,w3,522,58.696875,1.0,10,,scalar_first_exact
pg-hnsw,250000,1,w3,148,61.855375,1.0,10,,scalar_first_exact
pg-hnsw,250000,1,w3,599,62.633292,1.0,10,,scalar_first_exact
pg-hnsw,250000,1,w3,996,59.7335,1.0,10,,scalar_first_exact
pg-hnsw,250000,1,w3,869,59.043083,1.0,10,,scalar_first_exact
pg-hnsw,250000,1,w3,151,59.201,1.0,10,,scalar_first_exact
pg-hnsw,250000,1,w3,290,58.952917,1.0,10,,scalar_first_exact
pg-hnsw,250000,1,w3,785,60.63325,1.0,10,,scalar_first_exact
pg-hnsw,250000,1,w3,207,60.779875,1.0,10,,scalar_first_exact
pg-hnsw,250000,1,w3,589,61.698375,1.0,10,,scalar_first_exact
pg-hnsw,250000,1,w3,704,59.862584,1.0,10,,scalar_first_exact
pg-hnsw,250000,1,w3,228,58.666333,1.0,10,,scalar_first_exact
pg-hnsw,250000,1,w3,164,59.356709,1.0,10,,scalar_first_exact
pg-hnsw,250000,1,w3,884,58.705959,1.0,10,,scalar_first_exact
pg-hnsw,250000,1,w3,534,60.97075,1.0,10,,scalar_first_exact
pg-hnsw,250000,1,w3,708,60.635667,1.0,10,,scalar_first_exact
pg-hnsw,250000,1,w3,800,61.80625,1.0,10,,scalar_first_exact
pg-hnsw,250000,1,w3,176,60.827125,1.0,10,,scalar_first_exact
pg-hnsw,250000,1,w3,910,58.709166,1.0,10,,scalar_first_exact
pg-hnsw,250000,1,w3,399,59.3335,1.0,10,,scalar_first_exact
pg-hnsw,250000,1,w3,154,61.313125,1.0,10,,scalar_first_exact
pg-hnsw,250000,1,w3,998,60.822417,1.0,10,,scalar_first_exact
pg-hnsw,250000,1,w3,763,59.070709,1.0,10,,scalar_first_exact
pg-hnsw,250000,1,w3,793,61.939167,1.0,10,,scalar_first_exact
pg-hnsw,250000,1,w3,127,61.539875,1.0,10,,scalar_first_exact
pg-hnsw,250000,1,w3,214,59.752209,1.0,10,,scalar_first_exact
pg-hnsw,250000,1,w3,707,59.637958,1.0,10,,scalar_first_exact
pg-hnsw,250000,1,w3,602,57.896416,1.0,10,,scalar_first_exact
pg-hnsw,250000,1,w3,956,60.154709,1.0,10,,scalar_first_exact
pg-hnsw,250000,1,w3,920,59.933209,1.0,10,,scalar_first_exact
pg-hnsw,250000,1,w3,477,60.877084,1.0,10,,scalar_first_exact
pg-hnsw,250000,1,w3,897,60.723375,1.0,10,,scalar_first_exact
pg-hnsw,250000,1,w3,790,59.9425,1.0,10,,scalar_first_exact
pg-hnsw,250000,1,w3,912,61.446166,1.0,10,,scalar_first_exact
pg-hnsw,250000,1,w3,249,59.818583,1.0,10,,scalar_first_exact
pg-hnsw,250000,1,w3,761,63.493834,1.0,10,,scalar_first_exact
pg-hnsw,250000,1,w3,242,59.104,1.0,10,,scalar_first_exact
pg-hnsw,250000,1,w3,370,59.252,1.0,10,,scalar_first_exact
pg-hnsw,250000,1,w3,460,59.477167,1.0,10,,scalar_first_exact
pg-hnsw,250000,1,w3,381,59.546334,1.0,10,,scalar_first_exact
pg-hnsw,250000,1,w3,795,61.497667,1.0,10,,scalar_first_exact
pg-hnsw,250000,1,w3,838,59.042625,1.0,10,,scalar_first_exact
pg-hnsw,250000,1,w3,175,59.679584,1.0,10,,scalar_first_exact
pg-hnsw,250000,1,w3,823,57.687375,1.0,10,,scalar_first_exact
pg-hnsw,250000,1,w3,853,59.137667,1.0,10,,scalar_first_exact
pg-hnsw,250000,1,w3,443,58.660042,1.0,10,,scalar_first_exact
pg-hnsw,250000,1,w3,726,59.960583,1.0,10,,scalar_first_exact
pg-hnsw,250000,1,w3,424,61.403375,1.0,10,,scalar_first_exact
pg-hnsw,250000,1,w3,269,59.868208,1.0,10,,scalar_first_exact
pg-hnsw,250000,1,w3,553,59.51775,1.0,10,,scalar_first_exact
pg-hnsw,250000,1,w3,791,59.459583,1.0,10,,scalar_first_exact
pg-hnsw,250000,1,w3,867,60.501167,1.0,10,,scalar_first_exact
pg-hnsw,250000,1,w3,624,61.071375,1.0,10,,scalar_first_exact
pg-hnsw,250000,1,w3,166,61.109875,1.0,10,,scalar_first_exact
pg-hnsw,250000,1,w3,187,61.238583,1.0,10,,scalar_first_exact
pg-hnsw,250000,1,w3,124,61.38275,1.0,10,,scalar_first_exact
pg-hnsw,250000,1,w3,429,59.43425,1.0,10,,scalar_first_exact
pg-hnsw,250000,1,w3,388,60.333958,1.0,10,,scalar_first_exact
pg-hnsw,250000,1,w3,771,59.644166,1.0,10,,scalar_first_exact
pg-hnsw,250000,1,w3,433,58.534833,1.0,10,,scalar_first_exact
pg-hnsw,250000,1,w3,408,62.229541,1.0,10,,scalar_first_exact
pg-hnsw,250000,1,w3,764,58.265458,1.0,10,,scalar_first_exact
pg-hnsw,250000,1,w3,135,60.617,1.0,10,,scalar_first_exact
pg-hnsw,250000,1,w3,759,60.5095,1.0,10,,scalar_first_exact
pg-hnsw,250000,1,w3,623,60.983708,1.0,10,,scalar_first_exact
pg-hnsw,250000,1,w3,246,60.746167,1.0,10,,scalar_first_exact
pg-hnsw,250000,1,w3,756,60.035458,1.0,10,,scalar_first_exact
pg-hnsw,250000,1,w3,372,57.623167,1.0,10,,scalar_first_exact
pg-hnsw,250000,1,w3,690,59.500042,1.0,10,,scalar_first_exact
pg-hnsw,250000,1,w3,740,58.138,1.0,10,,scalar_first_exact
pg-hnsw,250000,1,w3,519,60.684875,1.0,10,,scalar_first_exact
pg-hnsw,250000,1,w3,846,60.449166,1.0,10,,scalar_first_exact
pg-hnsw,250000,1,w3,652,60.709709,1.0,10,,scalar_first_exact
pg-hnsw,250000,1,w3,536,60.676417,1.0,10,,scalar_first_exact
pg-hnsw,250000,1,w3,141,60.162167,1.0,10,,scalar_first_exact
pg-hnsw,250000,1,w3,306,60.6035,1.0,10,,scalar_first_exact
pg-hnsw,250000,1,w3,977,61.106709,1.0,10,,scalar_first_exact
pg-hnsw,250000,1,w3,159,61.298417,1.0,10,,scalar_first_exact
pg-hnsw,250000,1,w3,934,59.0375,1.0,10,,scalar_first_exact
pg-hnsw,250000,1,w3,117,62.026041,1.0,10,,scalar_first_exact
pg-hnsw,250000,1,w3,876,60.92325,1.0,10,,scalar_first_exact
pg-hnsw,250000,1,w3,188,61.33925,1.0,10,,scalar_first_exact
pg-hnsw,250000,1,w3,635,58.801833,1.0,10,,scalar_first_exact
pg-hnsw,250000,1,w3,899,60.078458,1.0,10,,scalar_first_exact
pg-hnsw,250000,1,w3,383,60.6945,1.0,10,,scalar_first_exact
pg-hnsw,250000,1,w3,883,60.890125,1.0,10,,scalar_first_exact
pg-hnsw,250000,1,w3,330,63.236458,1.0,10,,scalar_first_exact
pg-hnsw,250000,1,w3,985,61.519083,1.0,10,,scalar_first_exact
pg-hnsw,250000,1,w3,284,61.33625,1.0,10,,scalar_first_exact
pg-hnsw,250000,1,w3,402,59.564417,1.0,10,,scalar_first_exact
pg-hnsw,250000,1,w3,592,60.969833,1.0,10,,scalar_first_exact
pg-hnsw,250000,1,w3,502,59.767125,1.0,10,,scalar_first_exact
pg-hnsw,250000,1,w3,810,59.808167,1.0,10,,scalar_first_exact
pg-hnsw,250000,1,w3,936,59.569834,1.0,10,,scalar_first_exact
pg-hnsw,250000,1,w3,958,59.657666,1.0,10,,scalar_first_exact
pg-hnsw,250000,1,w3,607,65.331458,1.0,10,,scalar_first_exact
pg-hnsw,250000,1,w3,145,60.956583,1.0,10,,scalar_first_exact
pg-hnsw,250000,1,w3,583,59.245666,1.0,10,,scalar_first_exact
pg-hnsw,250000,1,w3,582,60.764209,1.0,10,,scalar_first_exact
pg-hnsw,250000,1,w3,321,59.696458,1.0,10,,scalar_first_exact
pg-hnsw,250000,1,w3,515,59.5925,1.0,10,,scalar_first_exact
pg-hnsw,250000,1,w3,647,59.731083,1.0,10,,scalar_first_exact
pg-hnsw,250000,1,w3,413,60.399583,1.0,10,,scalar_first_exact
pg-hnsw,250000,1,w3,498,59.47075,1.0,10,,scalar_first_exact
pg-hnsw,250000,1,w3,940,60.546125,1.0,10,,scalar_first_exact
pg-hnsw,250000,1,w3,565,60.527084,1.0,10,,scalar_first_exact
pg-hnsw,250000,1,w3,182,61.401875,1.0,10,,scalar_first_exact
pg-hnsw,250000,1,w3,633,61.819209,1.0,10,,scalar_first_exact
pg-hnsw,250000,1,w3,849,60.188208,1.0,10,,scalar_first_exact
pg-hnsw,250000,1,w3,693,59.201875,1.0,10,,scalar_first_exact
pg-hnsw,250000,1,w3,382,61.230292,1.0,10,,scalar_first_exact
pg-hnsw,250000,1,w3,941,59.247667,1.0,10,,scalar_first_exact
pg-hnsw,250000,1,w3,521,61.459625,1.0,10,,scalar_first_exact
pg-hnsw,250000,1,w3,773,63.580541,1.0,10,,scalar_first_exact
pg-hnsw,250000,1,w3,177,59.926667,1.0,10,,scalar_first_exact
pg-hnsw,250000,1,w3,904,60.750542,1.0,10,,scalar_first_exact
pg-hnsw,250000,1,w3,809,62.172417,1.0,10,,scalar_first_exact
pg-hnsw,250000,1,w3,991,60.926709,1.0,10,,scalar_first_exact
pg-hnsw,250000,1,w3,184,58.923041,1.0,10,,scalar_first_exact
pg-hnsw,250000,1,w3,508,59.937292,1.0,10,,scalar_first_exact
pg-hnsw,250000,1,w3,449,60.503542,1.0,10,,scalar_first_exact
pg-hnsw,250000,1,w3,747,60.315542,1.0,10,,scalar_first_exact
pg-hnsw,250000,1,w3,359,60.40225,1.0,10,,scalar_first_exact
pg-hnsw,250000,1,w3,667,64.517875,1.0,10,,scalar_first_exact
pg-hnsw,250000,1,w3,881,60.117334,1.0,10,,scalar_first_exact
pg-hnsw,250000,1,w3,829,58.572583,1.0,10,,scalar_first_exact
pg-hnsw,250000,1,w3,990,58.482875,1.0,10,,scalar_first_exact
pg-hnsw,250000,1,w3,206,59.105417,1.0,10,,scalar_first_exact
pg-hnsw,250000,1,w3,951,59.333084,1.0,10,,scalar_first_exact
pg-hnsw,250000,1,w3,530,61.3145,1.0,10,,scalar_first_exact
pg-hnsw,250000,1,w3,568,59.914333,1.0,10,,scalar_first_exact
pg-hnsw,250000,1,w3,202,58.608333,1.0,10,,scalar_first_exact
pg-hnsw,250000,1,w3,363,60.500625,1.0,10,,scalar_first_exact
pg-hnsw,250000,1,w3,566,60.40525,1.0,10,,scalar_first_exact
pg-hnsw,250000,1,w3,971,59.671041,1.0,10,,scalar_first_exact
pg-hnsw,250000,1,w3,192,59.087125,1.0,10,,scalar_first_exact
pg-hnsw,250000,1,w3,282,59.637125,1.0,10,,scalar_first_exact
pg-hnsw,250000,1,w3,933,58.260875,1.0,10,,scalar_first_exact
pg-hnsw,250000,1,w3,720,60.072542,1.0,10,,scalar_first_exact
pg-hnsw,250000,1,w3,238,65.800584,1.0,10,,scalar_first_exact
pg-hnsw,250000,1,w3,427,61.2335,1.0,10,,scalar_first_exact
pg-hnsw,250000,1,w3,431,60.088625,1.0,10,,scalar_first_exact
pg-hnsw,250000,1,w3,310,59.834292,1.0,10,,scalar_first_exact
pg-hnsw,250000,1,w3,173,60.527,1.0,10,,scalar_first_exact
pg-hnsw,250000,1,w3,621,60.938959,1.0,10,,scalar_first_exact
pg-hnsw,250000,1,w3,254,59.52925,1.0,10,,scalar_first_exact
pg-hnsw,250000,1,w3,685,60.641875,1.0,10,,scalar_first_exact
pg-hnsw,250000,1,w3,420,59.931125,1.0,10,,scalar_first_exact
pg-hnsw,250000,1,w3,294,60.429917,1.0,10,,scalar_first_exact
pg-hnsw,250000,1,w3,617,61.262,1.0,10,,scalar_first_exact
pg-hnsw,250000,1,w3,844,60.923375,1.0,10,,scalar_first_exact
pg-hnsw,250000,1,w3,336,65.097083,1.0,10,,scalar_first_exact
pg-hnsw,250000,1,w3,379,60.279541,1.0,10,,scalar_first_exact
pg-hnsw,250000,1,w3,422,59.345084,1.0,10,,scalar_first_exact
pg-hnsw,250000,1,w3,389,60.232875,1.0,10,,scalar_first_exact
pg-hnsw,250000,1,w3,495,60.426333,1.0,10,,scalar_first_exact
pg-hnsw,250000,1,w3,789,60.128917,1.0,10,,scalar_first_exact
pg-hnsw,250000,1,w3,755,60.469708,1.0,10,,scalar_first_exact
pg-hnsw,250000,1,w3,418,60.033667,1.0,10,,scalar_first_exact
pg-hnsw,250000,1,w3,394,58.990125,1.0,10,,scalar_first_exact
pg-hnsw,250000,1,w3,868,59.730958,1.0,10,,scalar_first_exact
pg-hnsw,250000,1,w3,462,58.016167,1.0,10,,scalar_first_exact
pg-hnsw,250000,1,w3,474,60.574292,1.0,10,,scalar_first_exact
pg-hnsw,250000,1,w3,807,61.006916,1.0,10,,scalar_first_exact
pg-hnsw,250000,1,w3,271,60.856834,1.0,10,,scalar_first_exact
pg-hnsw,250000,1,w3,497,61.649333,1.0,10,,scalar_first_exact
pg-hnsw,250000,1,w3,276,60.263792,1.0,10,,scalar_first_exact
pg-hnsw,250000,1,w3,575,60.050917,1.0,10,,scalar_first_exact
pg-hnsw,250000,1,w3,262,61.3715,1.0,10,,scalar_first_exact
pg-hnsw,250000,1,w3,980,61.778792,1.0,10,,scalar_first_exact
pg-hnsw,250000,1,w3,836,59.498208,1.0,10,,scalar_first_exact
pg-hnsw,250000,1,w3,549,60.258375,1.0,10,,scalar_first_exact
pg-hnsw,250000,1,w3,248,60.577917,1.0,10,,scalar_first_exact
pg-hnsw,250000,1,w3,303,59.947292,1.0,10,,scalar_first_exact
pg-hnsw,250000,1,w3,594,60.184,1.0,10,,scalar_first_exact
pg-hnsw,250000,1,w3,974,58.420333,1.0,10,,scalar_first_exact
pg-hnsw,250000,1,w3,346,59.919792,1.0,10,,scalar_first_exact
pg-hnsw,250000,1,w3,798,60.571208,1.0,10,,scalar_first_exact
pg-hnsw,250000,1,w3,337,60.533583,1.0,10,,scalar_first_exact
pg-hnsw,250000,1,w3,770,63.534833,1.0,10,,scalar_first_exact
pg-hnsw,250000,1,w3,499,59.933292,1.0,10,,scalar_first_exact
pg-hnsw,250000,1,w3,317,62.635333,1.0,10,,scalar_first_exact
pg-hnsw,250000,1,w3,950,59.732792,1.0,10,,scalar_first_exact
pg-hnsw,250000,1,w3,629,59.825,1.0,10,,scalar_first_exact
pg-hnsw,250000,1,w3,398,60.9725,1.0,10,,scalar_first_exact
pg-hnsw,250000,1,w3,465,60.060041,1.0,10,,scalar_first_exact
pg-hnsw,250000,1,w3,776,60.180917,1.0,10,,scalar_first_exact
pg-hnsw,250000,1,w3,434,59.762958,1.0,10,,scalar_first_exact
pg-hnsw,250000,1,w3,987,64.902291,1.0,10,,scalar_first_exact
pg-hnsw,250000,1,w3,818,60.449583,1.0,10,,scalar_first_exact
pg-hnsw,250000,1,w3,788,64.218458,1.0,10,,scalar_first_exact
pg-hnsw,250000,1,w3,291,59.175167,1.0,10,,scalar_first_exact
pg-hnsw,250000,1,w3,152,58.018167,1.0,10,,scalar_first_exact
pg-hnsw,250000,1,w3,308,60.26975,1.0,10,,scalar_first_exact
pg-hnsw,250000,1,w3,275,59.12,1.0,10,,scalar_first_exact
pg-hnsw,250000,1,w3,861,58.81625,1.0,10,,scalar_first_exact
pg-hnsw,250000,1,w3,314,60.937834,1.0,10,,scalar_first_exact
pg-hnsw,250000,1,w3,777,61.930334,1.0,10,,scalar_first_exact
pg-hnsw,250000,1,w3,862,58.546959,1.0,10,,scalar_first_exact
pg-hnsw,250000,1,w3,866,60.978958,1.0,10,,scalar_first_exact
pg-hnsw,250000,1,w3,342,60.721292,1.0,10,,scalar_first_exact
pg-hnsw,250000,1,w3,811,59.34925,1.0,10,,scalar_first_exact
pg-hnsw,250000,1,w3,253,59.2795,1.0,10,,scalar_first_exact
pg-hnsw,250000,1,w3,247,61.314,1.0,10,,scalar_first_exact
pg-hnsw,250000,1,w3,595,62.691041,1.0,10,,scalar_first_exact
pg-hnsw,250000,1,w3,267,59.25675,1.0,10,,scalar_first_exact
pg-hnsw,250000,1,w3,801,60.026791,1.0,10,,scalar_first_exact
pg-hnsw,250000,1,w3,538,63.633,1.0,10,,scalar_first_exact
pg-hnsw,250000,1,w3,201,58.310792,1.0,10,,scalar_first_exact
pg-hnsw,250000,1,w3,739,57.831709,1.0,10,,scalar_first_exact
pg-hnsw,250000,1,w3,905,58.613917,1.0,10,,scalar_first_exact
pg-hnsw,250000,1,w3,831,59.302041,1.0,10,,scalar_first_exact
pg-hnsw,250000,1,w3,293,61.339125,1.0,10,,scalar_first_exact
pg-hnsw,250000,1,w3,783,60.336083,1.0,10,,scalar_first_exact
pg-hnsw,250000,1,w3,965,61.013583,1.0,10,,scalar_first_exact
pg-hnsw,250000,1,w3,507,63.440792,1.0,10,,scalar_first_exact
pg-hnsw,250000,1,w3,860,62.241084,1.0,10,,scalar_first_exact
pg-hnsw,250000,1,w3,467,61.143584,1.0,10,,scalar_first_exact
pg-hnsw,250000,1,w3,244,60.938583,1.0,10,,scalar_first_exact
pg-hnsw,250000,1,w3,481,59.363166,1.0,10,,scalar_first_exact
pg-hnsw,250000,1,w3,728,59.723791,1.0,10,,scalar_first_exact
pg-hnsw,250000,1,w3,512,57.644708,1.0,10,,scalar_first_exact
pg-hnsw,250000,1,w3,378,59.235375,1.0,10,,scalar_first_exact
pg-hnsw,250000,1,w3,577,62.026375,1.0,10,,scalar_first_exact
pg-hnsw,250000,1,w3,574,60.333791,1.0,10,,scalar_first_exact
pg-hnsw,250000,1,w3,932,58.171542,1.0,10,,scalar_first_exact
pg-hnsw,250000,1,w3,837,62.939042,1.0,10,,scalar_first_exact
pg-hnsw,250000,1,w3,157,59.359084,1.0,10,,scalar_first_exact
pg-hnsw,250000,1,w3,403,61.847125,1.0,10,,scalar_first_exact
pg-hnsw,250000,1,w3,804,60.087833,1.0,10,,scalar_first_exact
pg-hnsw,250000,1,w3,552,62.525041,1.0,10,,scalar_first_exact
pg-hnsw,250000,1,w3,134,60.732292,1.0,10,,scalar_first_exact
pg-hnsw,250000,1,w3,227,61.647375,1.0,10,,scalar_first_exact
pg-hnsw,250000,1,w3,628,64.894458,1.0,10,,scalar_first_exact
pg-hnsw,250000,1,w3,648,65.57975,1.0,10,,scalar_first_exact
pg-hnsw,250000,1,w3,772,59.704,1.0,10,,scalar_first_exact
pg-hnsw,250000,1,w3,183,60.053792,1.0,10,,scalar_first_exact
pg-hnsw,250000,1,w3,627,63.932125,1.0,10,,scalar_first_exact
pg-hnsw,250000,1,w3,978,60.732084,1.0,10,,scalar_first_exact
pg-hnsw,250000,1,w3,323,59.907625,1.0,10,,scalar_first_exact
pg-hnsw,250000,1,w3,665,62.500083,1.0,10,,scalar_first_exact
pg-hnsw,250000,1,w3,518,58.423167,1.0,10,,scalar_first_exact
pg-hnsw,250000,1,w3,608,59.41925,1.0,10,,scalar_first_exact
pg-hnsw,250000,1,w3,435,58.693625,1.0,10,,scalar_first_exact
pg-hnsw,250000,1,w3,523,64.609916,1.0,10,,scalar_first_exact
pg-hnsw,250000,1,w3,774,61.116917,1.0,10,,scalar_first_exact
pg-hnsw,250000,1,w3,858,60.944,1.0,10,,scalar_first_exact
pg-hnsw,250000,1,w3,587,60.896291,1.0,10,,scalar_first_exact
pg-hnsw,250000,1,w3,591,58.613791,1.0,10,,scalar_first_exact
pg-hnsw,250000,1,w3,231,60.033584,1.0,10,,scalar_first_exact
pg-hnsw,250000,1,w3,735,59.919792,1.0,10,,scalar_first_exact
pg-hnsw,250000,1,w3,283,60.020667,1.0,10,,scalar_first_exact
pg-hnsw,250000,1,w3,661,60.503834,1.0,10,,scalar_first_exact
pg-hnsw,250000,1,w3,190,59.612208,1.0,10,,scalar_first_exact
pg-hnsw,250000,1,w3,925,60.6675,1.0,10,,scalar_first_exact
pg-hnsw,250000,1,w3,319,61.176667,1.0,10,,scalar_first_exact
pg-hnsw,250000,1,w3,196,61.069208,1.0,10,,scalar_first_exact
pg-hnsw,250000,1,w3,609,62.755791,1.0,10,,scalar_first_exact
pg-hnsw,250000,1,w3,513,60.498083,1.0,10,,scalar_first_exact
pg-hnsw,250000,1,w3,605,64.227083,1.0,10,,scalar_first_exact
pg-hnsw,250000,1,w3,684,61.29425,1.0,10,,scalar_first_exact
pg-hnsw,250000,1,w3,533,59.804709,1.0,10,,scalar_first_exact
pg-hnsw,250000,1,w3,108,60.529125,1.0,10,,scalar_first_exact
pg-hnsw,250000,1,w3,834,61.308833,1.0,10,,scalar_first_exact
pg-hnsw,250000,1,w3,273,60.547959,1.0,10,,scalar_first_exact
pg-hnsw,250000,1,w3,506,61.193042,1.0,10,,scalar_first_exact
pg-hnsw,250000,1,w3,220,60.784292,1.0,10,,scalar_first_exact
pg-hnsw,250000,1,w3,114,60.446292,1.0,10,,scalar_first_exact
pg-hnsw,250000,1,w3,312,59.548333,1.0,10,,scalar_first_exact
pg-hnsw,250000,1,w3,654,59.332417,1.0,10,,scalar_first_exact
pg-hnsw,250000,1,w3,796,60.726875,1.0,10,,scalar_first_exact
pg-hnsw,250000,1,w3,366,61.689583,1.0,10,,scalar_first_exact
pg-hnsw,250000,1,w3,710,60.479083,1.0,10,,scalar_first_exact
pg-hnsw,250000,1,w3,924,58.9585,1.0,10,,scalar_first_exact
pg-hnsw,250000,1,w3,286,62.321417,1.0,10,,scalar_first_exact
pg-hnsw,250000,1,w3,891,57.416917,1.0,10,,scalar_first_exact
pg-hnsw,250000,1,w3,213,58.705792,1.0,10,,scalar_first_exact
pg-hnsw,250000,1,w3,447,67.298208,1.0,10,,scalar_first_exact
pg-hnsw,250000,1,w3,480,64.337375,1.0,10,,scalar_first_exact
pg-hnsw,250000,1,w3,915,64.61575,1.0,10,,scalar_first_exact
pg-hnsw,250000,1,w3,451,59.966333,1.0,10,,scalar_first_exact
pg-hnsw,250000,1,w3,274,61.091583,1.0,10,,scalar_first_exact
pg-hnsw,250000,1,w3,619,60.649375,1.0,10,,scalar_first_exact
pg-hnsw,250000,1,w3,215,60.500333,1.0,10,,scalar_first_exact
pg-hnsw,250000,1,w3,611,61.687584,1.0,10,,scalar_first_exact
pg-hnsw,250000,1,w3,586,60.324416,1.0,10,,scalar_first_exact
pg-hnsw,250000,1,w3,705,61.360666,1.0,10,,scalar_first_exact
pg-hnsw,250000,1,w3,821,60.990208,1.0,10,,scalar_first_exact
pg-hnsw,250000,1,w3,423,62.438667,1.0,10,,scalar_first_exact
pg-hnsw,250000,1,w3,496,61.532125,1.0,10,,scalar_first_exact
pg-hnsw,250000,1,w3,320,59.482667,1.0,10,,scalar_first_exact
pg-hnsw,250000,1,w3,524,59.903709,1.0,10,,scalar_first_exact
pg-hnsw,250000,1,w3,494,57.317083,1.0,10,,scalar_first_exact
pg-hnsw,250000,1,w3,264,60.509292,1.0,10,,scalar_first_exact
pg-hnsw,250000,1,w3,473,66.504,1.0,10,,scalar_first_exact
pg-hnsw,250000,1,w3,670,61.6215,1.0,10,,scalar_first_exact
pg-hnsw,250000,1,w3,841,63.658,1.0,10,,scalar_first_exact
pg-hnsw,250000,1,w3,975,62.961625,1.0,10,,scalar_first_exact
pg-hnsw,250000,1,w3,854,60.595875,1.0,10,,scalar_first_exact
pg-hnsw,250000,1,w3,944,59.818125,1.0,10,,scalar_first_exact
pg-hnsw,250000,1,w3,265,59.850708,1.0,10,,scalar_first_exact
pg-hnsw,250000,1,w3,417,64.118083,1.0,10,,scalar_first_exact
pg-hnsw,250000,1,w3,721,60.1935,1.0,10,,scalar_first_exact
pg-hnsw,250000,1,w3,701,58.809459,1.0,10,,scalar_first_exact
pg-hnsw,250000,1,w3,385,61.617375,1.0,10,,scalar_first_exact
pg-hnsw,250000,1,w3,224,59.416,1.0,10,,scalar_first_exact
pg-hnsw,250000,1,w3,953,58.842291,1.0,10,,scalar_first_exact
pg-hnsw,250000,1,w3,116,60.034375,1.0,10,,scalar_first_exact
pg-hnsw,250000,1,w3,360,57.560667,1.0,10,,scalar_first_exact
pg-hnsw,250000,1,w3,894,60.478459,1.0,10,,scalar_first_exact
pg-hnsw,250000,1,w3,334,60.664542,1.0,10,,scalar_first_exact
pg-hnsw,250000,1,w3,287,61.640959,1.0,10,,scalar_first_exact
pg-hnsw,250000,1,w3,315,60.127833,1.0,10,,scalar_first_exact
pg-hnsw,250000,1,w3,245,62.440375,1.0,10,,scalar_first_exact
pg-hnsw,250000,1,w3,948,60.183375,1.0,10,,scalar_first_exact
pg-hnsw,250000,1,w3,660,59.909959,1.0,10,,scalar_first_exact
pg-hnsw,250000,1,w3,548,60.09025,1.0,10,,scalar_first_exact
pg-hnsw,250000,1,w3,988,60.308458,1.0,10,,scalar_first_exact
pg-hnsw,250000,1,w3,458,62.633833,1.0,10,,scalar_first_exact
pg-hnsw,250000,1,w3,375,64.83025,1.0,10,,scalar_first_exact
pg-hnsw,250000,1,w3,781,59.710708,1.0,10,,scalar_first_exact
pg-hnsw,250000,1,w3,171,60.123625,1.0,10,,scalar_first_exact
pg-hnsw,250000,1,w3,450,64.27475,1.0,10,,scalar_first_exact
pg-hnsw,250000,1,w3,782,58.369125,1.0,10,,scalar_first_exact
pg-hnsw,250000,1,w3,106,60.179,1.0,10,,scalar_first_exact
pg-hnsw,250000,1,w3,279,57.699291,1.0,10,,scalar_first_exact
pg-hnsw,250000,1,w3,195,59.353708,1.0,10,,scalar_first_exact
pg-hnsw,250000,1,w3,732,60.4735,1.0,10,,scalar_first_exact
pg-hnsw,250000,1,w3,649,60.559167,1.0,10,,scalar_first_exact
pg-hnsw,250000,1,w3,395,60.510583,1.0,10,,scalar_first_exact
pg-hnsw,250000,1,w3,109,59.866,1.0,10,,scalar_first_exact
pg-hnsw,250000,1,w3,373,61.068542,1.0,10,,scalar_first_exact
pg-hnsw,250000,1,w3,885,61.244583,1.0,10,,scalar_first_exact
pg-hnsw,250000,1,w3,305,60.948083,1.0,10,,scalar_first_exact
pg-hnsw,250000,1,w3,935,60.252041,1.0,10,,scalar_first_exact
pg-hnsw,250000,1,w3,221,61.199667,1.0,10,,scalar_first_exact
pg-hnsw,250000,1,w3,436,61.223042,1.0,10,,scalar_first_exact
pg-hnsw,250000,1,w3,839,60.142292,1.0,10,,scalar_first_exact
pg-hnsw,250000,1,w3,554,61.532417,1.0,10,,scalar_first_exact
pg-hnsw,250000,1,w3,993,58.763708,1.0,10,,scalar_first_exact
pg-hnsw,250000,1,w3,162,58.088958,1.0,10,,scalar_first_exact
pg-hnsw,250000,1,w3,926,61.288458,1.0,10,,scalar_first_exact
pg-hnsw,250000,1,w3,338,60.542916,1.0,10,,scalar_first_exact
pg-hnsw,250000,1,w3,751,71.658625,1.0,10,,scalar_first_exact
pg-hnsw,250000,1,w3,459,63.277875,1.0,10,,scalar_first_exact
pg-hnsw,250000,1,w3,405,60.736584,1.0,10,,scalar_first_exact
pg-hnsw,250000,1,w3,440,61.677125,1.0,10,,scalar_first_exact
pg-hnsw,250000,1,w3,828,60.68875,1.0,10,,scalar_first_exact
pg-hnsw,250000,1,w3,351,60.711291,1.0,10,,scalar_first_exact
pg-hnsw,250000,1,w3,558,59.866542,1.0,10,,scalar_first_exact
pg-hnsw,250000,1,w3,516,60.793583,1.0,10,,scalar_first_exact
pg-hnsw,250000,1,w3,261,61.030041,1.0,10,,scalar_first_exact
pg-hnsw,250000,1,w3,681,60.597625,1.0,10,,scalar_first_exact
pg-hnsw,250000,1,w3,110,59.987,1.0,10,,scalar_first_exact
pg-hnsw,250000,1,w3,911,61.562042,1.0,10,,scalar_first_exact
pg-hnsw,250000,1,w3,407,61.022125,1.0,10,,scalar_first_exact
pg-hnsw,250000,1,w3,302,57.755875,1.0,10,,scalar_first_exact
pg-hnsw,250000,1,w3,560,59.837791,1.0,10,,scalar_first_exact
pg-hnsw,250000,1,w3,189,59.166833,1.0,10,,scalar_first_exact
pg-hnsw,250000,1,w3,542,60.228875,1.0,10,,scalar_first_exact
pg-hnsw,250000,1,w3,880,59.815667,1.0,10,,scalar_first_exact
pg-hnsw,250000,1,w3,133,61.364292,1.0,10,,scalar_first_exact
pg-hnsw,250000,1,w3,590,62.480584,1.0,10,,scalar_first_exact
pg-hnsw,250000,1,w3,813,60.477208,1.0,10,,scalar_first_exact
pg-hnsw,250000,1,w3,749,60.11,1.0,10,,scalar_first_exact
pg-hnsw,250000,1,w3,857,60.399959,1.0,10,,scalar_first_exact
pg-hnsw,250000,1,w3,204,62.025417,1.0,10,,scalar_first_exact
pg-hnsw,250000,1,w3,585,61.167917,1.0,10,,scalar_first_exact
pg-hnsw,250000,1,w3,185,62.807292,1.0,10,,scalar_first_exact
pg-hnsw,250000,1,w3,902,59.410333,1.0,10,,scalar_first_exact
pg-hnsw,250000,1,w3,361,59.301625,1.0,10,,scalar_first_exact
pg-hnsw,250000,1,w3,981,59.620875,1.0,10,,scalar_first_exact
pg-hnsw,250000,1,w3,871,57.919292,1.0,10,,scalar_first_exact
pg-hnsw,250000,1,w3,691,59.82475,1.0,10,,scalar_first_exact
pg-hnsw,250000,1,w3,341,57.857166,1.0,10,,scalar_first_exact
pg-hnsw,250000,1,w3,485,59.86975,1.0,10,,scalar_first_exact
pg-hnsw,250000,1,w3,889,62.728375,1.0,10,,scalar_first_exact
pg-hnsw,250000,1,w3,272,59.8925,1.0,10,,scalar_first_exact
pg-hnsw,250000,1,w3,326,59.086875,1.0,10,,scalar_first_exact
pg-hnsw,250000,1,w3,686,59.881958,1.0,10,,scalar_first_exact
pg-hnsw,250000,1,w3,483,61.004583,1.0,10,,scalar_first_exact
pg-hnsw,250000,1,w3,529,59.242458,1.0,10,,scalar_first_exact
pg-hnsw,250000,1,w3,237,60.567875,1.0,10,,scalar_first_exact
pg-hnsw,250000,1,w3,278,59.537208,1.0,10,,scalar_first_exact
pg-hnsw,250000,1,w3,725,62.569292,1.0,10,,scalar_first_exact
pg-hnsw,250000,1,w3,126,59.744833,1.0,10,,scalar_first_exact
pg-hnsw,250000,1,w3,179,59.944333,1.0,10,,scalar_first_exact
pg-hnsw,250000,1,w3,488,60.539292,1.0,10,,scalar_first_exact
pg-hnsw,250000,1,w3,579,59.504708,1.0,10,,scalar_first_exact
pg-hnsw,250000,1,w3,377,61.701209,1.0,10,,scalar_first_exact
pg-hnsw,250000,1,w3,787,59.64725,1.0,10,,scalar_first_exact
pg-hnsw,250000,1,w3,870,58.229208,1.0,10,,scalar_first_exact
pg-hnsw,250000,1,w3,350,59.8565,1.0,10,,scalar_first_exact
pg-hnsw,250000,1,w3,452,58.397,1.0,10,,scalar_first_exact
pg-hnsw,250000,1,w3,976,61.439458,1.0,10,,scalar_first_exact
pg-hnsw,250000,1,w3,468,68.048791,1.0,10,,scalar_first_exact
pg-hnsw,250000,1,w3,484,59.889875,1.0,10,,scalar_first_exact
pg-hnsw,250000,1,w3,964,61.046125,1.0,10,,scalar_first_exact
pg-hnsw,250000,1,w3,229,60.439,1.0,10,,scalar_first_exact
pg-hnsw,250000,1,w3,393,59.98275,1.0,10,,scalar_first_exact
pg-hnsw,250000,1,w3,822,59.568167,1.0,10,,scalar_first_exact
pg-hnsw,250000,1,w3,742,58.868667,1.0,10,,scalar_first_exact
pg-hnsw,250000,1,w3,328,59.888625,1.0,10,,scalar_first_exact
pg-hnsw,250000,1,w3,208,62.162375,1.0,10,,scalar_first_exact
pg-hnsw,250000,1,w3,812,60.269917,1.0,10,,scalar_first_exact
pg-hnsw,250000,1,w3,754,58.788458,1.0,10,,scalar_first_exact
pg-hnsw,250000,1,w3,666,59.943791,1.0,10,,scalar_first_exact
pg-hnsw,250000,1,w3,994,60.002167,1.0,10,,scalar_first_exact
pg-hnsw,250000,1,w3,799,59.981958,1.0,10,,scalar_first_exact
pg-hnsw,250000,1,w3,741,59.204458,1.0,10,,scalar_first_exact
pg-hnsw,250000,1,w3,329,60.160166,1.0,10,,scalar_first_exact
pg-hnsw,250000,1,w3,527,62.491667,1.0,10,,scalar_first_exact
pg-hnsw,250000,1,w3,316,60.651792,1.0,10,,scalar_first_exact
pg-hnsw,250000,1,w3,128,61.246708,1.0,10,,scalar_first_exact
pg-hnsw,250000,1,w3,446,60.269458,1.0,10,,scalar_first_exact
pg-hnsw,250000,1,w3,864,61.045667,1.0,10,,scalar_first_exact
pg-hnsw,250000,1,w3,349,61.471083,1.0,10,,scalar_first_exact
pg-hnsw,250000,1,w3,437,60.334458,1.0,10,,scalar_first_exact
pg-hnsw,250000,1,w3,942,62.463708,1.0,10,,scalar_first_exact
pg-hnsw,250000,1,w3,243,61.328834,1.0,10,,scalar_first_exact
pg-hnsw,250000,1,w3,970,58.964541,1.0,10,,scalar_first_exact
pg-hnsw,250000,1,w3,928,59.169667,1.0,10,,scalar_first_exact
pg-hnsw,250000,1,w3,984,60.672917,1.0,10,,scalar_first_exact
pg-hnsw,250000,1,w3,463,59.372584,1.0,10,,scalar_first_exact
pg-hnsw,250000,1,w3,702,58.610916,1.0,10,,scalar_first_exact
pg-hnsw,250000,1,w3,562,58.695625,1.0,10,,scalar_first_exact
pg-hnsw,250000,1,w3,540,59.209125,1.0,10,,scalar_first_exact
pg-hnsw,250000,1,w3,111,61.193,1.0,10,,scalar_first_exact
pg-hnsw,250000,1,w3,832,59.225583,1.0,10,,scalar_first_exact
pg-hnsw,250000,1,w3,178,59.752875,1.0,10,,scalar_first_exact
pg-hnsw,250000,1,w3,593,61.642125,1.0,10,,scalar_first_exact
pg-hnsw,250000,1,w3,687,60.11975,1.0,10,,scalar_first_exact
pg-hnsw,250000,1,w3,292,59.294084,1.0,10,,scalar_first_exact
pg-hnsw,250000,1,w3,888,59.497625,1.0,10,,scalar_first_exact
pg-hnsw,250000,1,w3,563,60.424542,1.0,10,,scalar_first_exact
pg-hnsw,250000,1,w3,122,59.642709,1.0,10,,scalar_first_exact
pg-hnsw,250000,1,w3,181,59.948083,1.0,10,,scalar_first_exact
pg-hnsw,250000,1,w3,581,60.034834,1.0,10,,scalar_first_exact
pg-hnsw,250000,1,w3,580,61.243833,1.0,10,,scalar_first_exact
pg-hnsw,250000,1,w3,847,61.437375,1.0,10,,scalar_first_exact
pg-hnsw,250000,1,w3,826,62.305875,1.0,10,,scalar_first_exact
pg-hnsw,250000,1,w3,216,59.030416,1.0,10,,scalar_first_exact
pg-hnsw,250000,1,w3,266,61.476334,1.0,10,,scalar_first_exact
pg-hnsw,250000,1,w3,344,70.58525,1.0,10,,scalar_first_exact
pg-hnsw,250000,1,w3,119,60.688583,1.0,10,,scalar_first_exact
pg-hnsw,250000,1,w3,584,59.785833,1.0,10,,scalar_first_exact
pg-hnsw,250000,1,w3,677,60.819125,1.0,10,,scalar_first_exact
pg-hnsw,250000,1,w3,655,61.205875,1.0,10,,scalar_first_exact
pg-hnsw,250000,1,w3,997,60.717667,1.0,10,,scalar_first_exact
pg-hnsw,250000,1,w3,946,59.943375,1.0,10,,scalar_first_exact
pg-hnsw,250000,1,w3,833,60.099292,1.0,10,,scalar_first_exact
pg-hnsw,250000,1,w3,724,60.701833,1.0,10,,scalar_first_exact
pg-hnsw,250000,1,w3,569,59.900083,1.0,10,,scalar_first_exact
pg-hnsw,250000,1,w3,737,60.823042,1.0,10,,scalar_first_exact
pg-hnsw,250000,1,w3,476,58.976958,1.0,10,,scalar_first_exact
pg-hnsw,250000,1,w3,646,63.242958,1.0,10,,scalar_first_exact
pg-hnsw,250000,1,w3,972,58.98775,1.0,10,,scalar_first_exact
pg-hnsw,250000,1,w4_acl,635,5.972042,1.0,10,,planner_acl_scalar_expected
pg-hnsw,250000,1,w4_acl,256,5.302292,1.0,10,,planner_acl_scalar_expected
pg-hnsw,250000,1,w4_acl,912,5.62025,1.0,10,,planner_acl_scalar_expected
pg-hnsw,250000,1,w4_acl,804,5.192667,1.0,10,,planner_acl_scalar_expected
pg-hnsw,250000,1,w4_acl,909,5.748125,1.0,10,,planner_acl_scalar_expected
pg-hnsw,250000,1,w4_acl,351,5.835917,1.0,10,,planner_acl_scalar_expected
pg-hnsw,250000,1,w4_acl,814,10.261417,1.0,10,,planner_acl_scalar_expected
pg-hnsw,250000,1,w4_acl,485,8.017042,1.0,10,,planner_acl_scalar_expected
pg-hnsw,250000,1,w4_acl,990,6.051042,1.0,10,,planner_acl_scalar_expected
pg-hnsw,250000,1,w4_acl,272,5.029,1.0,10,,planner_acl_scalar_expected
pg-hnsw,250000,1,w4_acl,894,5.671958,1.0,10,,planner_acl_scalar_expected
pg-hnsw,250000,1,w4_acl,464,6.402333,1.0,10,,planner_acl_scalar_expected
pg-hnsw,250000,1,w4_acl,860,5.928833,1.0,10,,planner_acl_scalar_expected
pg-hnsw,250000,1,w4_acl,417,6.112083,1.0,10,,planner_acl_scalar_expected
pg-hnsw,250000,1,w4_acl,541,6.215292,1.0,10,,planner_acl_scalar_expected
pg-hnsw,250000,1,w4_acl,803,5.453667,1.0,10,,planner_acl_scalar_expected
pg-hnsw,250000,1,w4_acl,349,5.768,1.0,10,,planner_acl_scalar_expected
pg-hnsw,250000,1,w4_acl,808,5.424042,1.0,10,,planner_acl_scalar_expected
pg-hnsw,250000,1,w4_acl,717,6.080916,1.0,10,,planner_acl_scalar_expected
pg-hnsw,250000,1,w4_acl,135,5.339959,1.0,10,,planner_acl_scalar_expected
pg-hnsw,250000,1,w4_acl,283,5.231833,1.0,10,,planner_acl_scalar_expected
pg-hnsw,250000,1,w4_acl,962,6.300959,1.0,10,,planner_acl_scalar_expected
pg-hnsw,250000,1,w4_acl,336,10.918417,1.0,10,,planner_acl_scalar_expected
pg-hnsw,250000,1,w4_acl,503,6.450042,1.0,10,,planner_acl_scalar_expected
pg-hnsw,250000,1,w4_acl,611,6.240291,1.0,10,,planner_acl_scalar_expected
pg-hnsw,250000,1,w4_acl,444,5.86025,1.0,10,,planner_acl_scalar_expected
pg-hnsw,250000,1,w4_acl,678,5.28625,1.0,10,,planner_acl_scalar_expected
pg-hnsw,250000,1,w4_acl,193,7.212375,1.0,10,,planner_acl_scalar_expected
pg-hnsw,250000,1,w4_acl,302,5.17675,1.0,10,,planner_acl_scalar_expected
pg-hnsw,250000,1,w4_acl,783,6.111958,1.0,10,,planner_acl_scalar_expected
pg-hnsw,250000,1,w4_acl,127,6.016416,1.0,10,,planner_acl_scalar_expected
pg-hnsw,250000,1,w4_acl,114,6.014791,1.0,10,,planner_acl_scalar_expected
pg-hnsw,250000,1,w4_acl,433,9.735709,1.0,10,,planner_acl_scalar_expected
pg-hnsw,250000,1,w4_acl,911,6.736208,1.0,10,,planner_acl_scalar_expected
pg-hnsw,250000,1,w4_acl,950,6.117958,1.0,10,,planner_acl_scalar_expected
pg-hnsw,250000,1,w4_acl,867,6.968542,1.0,10,,planner_acl_scalar_expected
pg-hnsw,250000,1,w4_acl,730,5.511583,1.0,10,,planner_acl_scalar_expected
pg-hnsw,250000,1,w4_acl,174,6.003334,1.0,10,,planner_acl_scalar_expected
pg-hnsw,250000,1,w4_acl,612,5.4735,1.0,10,,planner_acl_scalar_expected
pg-hnsw,250000,1,w4_acl,742,5.489167,1.0,10,,planner_acl_scalar_expected
pg-hnsw,250000,1,w4_acl,225,10.06625,1.0,10,,planner_acl_scalar_expected
pg-hnsw,250000,1,w4_acl,758,5.688458,1.0,10,,planner_acl_scalar_expected
pg-hnsw,250000,1,w4_acl,301,7.47625,1.0,10,,planner_acl_scalar_expected
pg-hnsw,250000,1,w4_acl,767,5.243833,1.0,10,,planner_acl_scalar_expected
pg-hnsw,250000,1,w4_acl,170,5.788792,1.0,10,,planner_acl_scalar_expected
pg-hnsw,250000,1,w4_acl,575,5.99025,1.0,10,,planner_acl_scalar_expected
pg-hnsw,250000,1,w4_acl,587,11.430125,1.0,10,,planner_acl_scalar_expected
pg-hnsw,250000,1,w4_acl,489,6.416542,1.0,10,,planner_acl_scalar_expected
pg-hnsw,250000,1,w4_acl,688,6.493709,1.0,10,,planner_acl_scalar_expected
pg-hnsw,250000,1,w4_acl,260,6.185542,1.0,10,,planner_acl_scalar_expected
pg-hnsw,250000,1,w4_acl,628,5.4695,1.0,10,,planner_acl_scalar_expected
pg-hnsw,250000,1,w4_acl,458,5.499709,1.0,10,,planner_acl_scalar_expected
pg-hnsw,250000,1,w4_acl,784,5.871875,1.0,10,,planner_acl_scalar_expected
pg-hnsw,250000,1,w4_acl,337,5.6645,1.0,10,,planner_acl_scalar_expected
pg-hnsw,250000,1,w4_acl,439,5.604917,1.0,10,,planner_acl_scalar_expected
pg-hnsw,250000,1,w4_acl,532,5.335333,1.0,10,,planner_acl_scalar_expected
pg-hnsw,250000,1,w4_acl,164,6.478459,1.0,10,,planner_acl_scalar_expected
pg-hnsw,250000,1,w4_acl,942,5.527,1.0,10,,planner_acl_scalar_expected
pg-hnsw,250000,1,w4_acl,422,6.00075,1.0,10,,planner_acl_scalar_expected
pg-hnsw,250000,1,w4_acl,939,9.55475,1.0,10,,planner_acl_scalar_expected
pg-hnsw,250000,1,w4_acl,707,6.345584,1.0,10,,planner_acl_scalar_expected
pg-hnsw,250000,1,w4_acl,504,6.205917,1.0,10,,planner_acl_scalar_expected
pg-hnsw,250000,1,w4_acl,388,5.645375,1.0,10,,planner_acl_scalar_expected
pg-hnsw,250000,1,w4_acl,932,4.956833,1.0,10,,planner_acl_scalar_expected
pg-hnsw,250000,1,w4_acl,313,6.465708,1.0,10,,planner_acl_scalar_expected
pg-hnsw,250000,1,w4_acl,468,5.495083,1.0,10,,planner_acl_scalar_expected
pg-hnsw,250000,1,w4_acl,188,8.217166,1.0,10,,planner_acl_scalar_expected
pg-hnsw,250000,1,w4_acl,371,5.283084,1.0,10,,planner_acl_scalar_expected
pg-hnsw,250000,1,w4_acl,534,6.321125,1.0,10,,planner_acl_scalar_expected
pg-hnsw,250000,1,w4_acl,773,5.411667,1.0,10,,planner_acl_scalar_expected
pg-hnsw,250000,1,w4_acl,429,5.602334,1.0,10,,planner_acl_scalar_expected
pg-hnsw,250000,1,w4_acl,762,5.660084,1.0,10,,planner_acl_scalar_expected
pg-hnsw,250000,1,w4_acl,460,5.170375,1.0,10,,planner_acl_scalar_expected
pg-hnsw,250000,1,w4_acl,471,6.156417,1.0,10,,planner_acl_scalar_expected
pg-hnsw,250000,1,w4_acl,810,5.63825,1.0,10,,planner_acl_scalar_expected
pg-hnsw,250000,1,w4_acl,818,5.593791,1.0,10,,planner_acl_scalar_expected
pg-hnsw,250000,1,w4_acl,581,5.940292,1.0,10,,planner_acl_scalar_expected
pg-hnsw,250000,1,w4_acl,408,8.112,1.0,10,,planner_acl_scalar_expected
pg-hnsw,250000,1,w4_acl,116,6.173459,1.0,10,,planner_acl_scalar_expected
pg-hnsw,250000,1,w4_acl,647,5.410583,1.0,10,,planner_acl_scalar_expected
pg-hnsw,250000,1,w4_acl,232,5.297625,1.0,10,,planner_acl_scalar_expected
pg-hnsw,250000,1,w4_acl,822,6.103709,1.0,10,,planner_acl_scalar_expected
pg-hnsw,250000,1,w4_acl,570,6.081917,1.0,10,,planner_acl_scalar_expected
pg-hnsw,250000,1,w4_acl,835,4.89125,1.0,10,,planner_acl_scalar_expected
pg-hnsw,250000,1,w4_acl,416,5.328416,1.0,10,,planner_acl_scalar_expected
pg-hnsw,250000,1,w4_acl,674,5.486125,1.0,10,,planner_acl_scalar_expected
pg-hnsw,250000,1,w4_acl,940,4.691834,1.0,10,,planner_acl_scalar_expected
pg-hnsw,250000,1,w4_acl,801,9.436042,1.0,10,,planner_acl_scalar_expected
pg-hnsw,250000,1,w4_acl,859,5.114792,1.0,10,,planner_acl_scalar_expected
pg-hnsw,250000,1,w4_acl,645,5.902458,1.0,10,,planner_acl_scalar_expected
pg-hnsw,250000,1,w4_acl,407,5.193708,1.0,10,,planner_acl_scalar_expected
pg-hnsw,250000,1,w4_acl,725,5.222959,1.0,10,,planner_acl_scalar_expected
pg-hnsw,250000,1,w4_acl,308,5.827584,1.0,10,,planner_acl_scalar_expected
pg-hnsw,250000,1,w4_acl,121,5.113584,1.0,10,,planner_acl_scalar_expected
pg-hnsw,250000,1,w4_acl,289,5.977458,1.0,10,,planner_acl_scalar_expected
pg-hnsw,250000,1,w4_acl,526,5.51775,1.0,10,,planner_acl_scalar_expected
pg-hnsw,250000,1,w4_acl,263,5.323959,1.0,10,,planner_acl_scalar_expected
pg-hnsw,250000,1,w4_acl,186,5.526417,1.0,10,,planner_acl_scalar_expected
pg-hnsw,250000,1,w4_acl,247,5.29675,1.0,10,,planner_acl_scalar_expected
pg-hnsw,250000,1,w4_acl,785,6.048917,1.0,10,,planner_acl_scalar_expected
pg-hnsw,250000,1,w4_acl,937,7.1315,1.0,10,,planner_acl_scalar_expected
pg-hnsw,250000,1,w4_acl,339,6.488083,1.0,10,,planner_acl_scalar_expected
pg-hnsw,250000,1,w4_acl,228,5.266542,1.0,10,,planner_acl_scalar_expected
pg-hnsw,250000,1,w4_acl,560,4.878875,1.0,10,,planner_acl_scalar_expected
pg-hnsw,250000,1,w4_acl,284,5.92425,1.0,10,,planner_acl_scalar_expected
pg-hnsw,250000,1,w4_acl,754,5.29375,1.0,10,,planner_acl_scalar_expected
pg-hnsw,250000,1,w4_acl,734,5.889458,1.0,10,,planner_acl_scalar_expected
pg-hnsw,250000,1,w4_acl,557,7.088334,1.0,10,,planner_acl_scalar_expected
pg-hnsw,250000,1,w4_acl,941,7.607041,1.0,10,,planner_acl_scalar_expected
pg-hnsw,250000,1,w4_acl,562,5.785917,1.0,10,,planner_acl_scalar_expected
pg-hnsw,250000,1,w4_acl,169,5.832709,1.0,10,,planner_acl_scalar_expected
pg-hnsw,250000,1,w4_acl,973,5.691125,1.0,10,,planner_acl_scalar_expected
pg-hnsw,250000,1,w4_acl,102,9.9875,1.0,10,,planner_acl_scalar_expected
pg-hnsw,250000,1,w4_acl,689,5.636459,1.0,10,,planner_acl_scalar_expected
pg-hnsw,250000,1,w4_acl,275,5.97675,1.0,10,,planner_acl_scalar_expected
pg-hnsw,250000,1,w4_acl,614,5.592833,1.0,10,,planner_acl_scalar_expected
pg-hnsw,250000,1,w4_acl,841,5.59525,1.0,10,,planner_acl_scalar_expected
pg-hnsw,250000,1,w4_acl,788,5.507,1.0,10,,planner_acl_scalar_expected
pg-hnsw,250000,1,w4_acl,177,6.101917,1.0,10,,planner_acl_scalar_expected
pg-hnsw,250000,1,w4_acl,443,5.533458,1.0,10,,planner_acl_scalar_expected
pg-hnsw,250000,1,w4_acl,616,6.3165,1.0,10,,planner_acl_scalar_expected
pg-hnsw,250000,1,w4_acl,928,10.362375,1.0,10,,planner_acl_scalar_expected
pg-hnsw,250000,1,w4_acl,303,5.665875,1.0,10,,planner_acl_scalar_expected
pg-hnsw,250000,1,w4_acl,105,5.215375,1.0,10,,planner_acl_scalar_expected
pg-hnsw,250000,1,w4_acl,651,5.405833,1.0,10,,planner_acl_scalar_expected
pg-hnsw,250000,1,w4_acl,509,5.562917,1.0,10,,planner_acl_scalar_expected
pg-hnsw,250000,1,w4_acl,241,5.980833,1.0,10,,planner_acl_scalar_expected
pg-hnsw,250000,1,w4_acl,454,6.127542,1.0,10,,planner_acl_scalar_expected
pg-hnsw,250000,1,w4_acl,977,5.637916,1.0,10,,planner_acl_scalar_expected
pg-hnsw,250000,1,w4_acl,830,6.285166,1.0,10,,planner_acl_scalar_expected
pg-hnsw,250000,1,w4_acl,463,5.3435,1.0,10,,planner_acl_scalar_expected
pg-hnsw,250000,1,w4_acl,248,11.586084,1.0,10,,planner_acl_scalar_expected
pg-hnsw,250000,1,w4_acl,636,5.5335,1.0,10,,planner_acl_scalar_expected
pg-hnsw,250000,1,w4_acl,959,6.093792,1.0,10,,planner_acl_scalar_expected
pg-hnsw,250000,1,w4_acl,987,6.176084,1.0,10,,planner_acl_scalar_expected
pg-hnsw,250000,1,w4_acl,367,5.800208,1.0,10,,planner_acl_scalar_expected
pg-hnsw,250000,1,w4_acl,520,5.629584,1.0,10,,planner_acl_scalar_expected
pg-hnsw,250000,1,w4_acl,782,6.135375,1.0,10,,planner_acl_scalar_expected
pg-hnsw,250000,1,w4_acl,673,5.3985,1.0,10,,planner_acl_scalar_expected
pg-hnsw,250000,1,w4_acl,154,5.453417,1.0,10,,planner_acl_scalar_expected
pg-hnsw,250000,1,w4_acl,726,5.156667,1.0,10,,planner_acl_scalar_expected
pg-hnsw,250000,1,w4_acl,641,5.938584,1.0,10,,planner_acl_scalar_expected
pg-hnsw,250000,1,w4_acl,100,5.393708,1.0,10,,planner_acl_scalar_expected
pg-hnsw,250000,1,w4_acl,533,6.344666,1.0,10,,planner_acl_scalar_expected
pg-hnsw,250000,1,w4_acl,775,8.991,1.0,10,,planner_acl_scalar_expected
pg-hnsw,250000,1,w4_acl,791,5.575625,1.0,10,,planner_acl_scalar_expected
pg-hnsw,250000,1,w4_acl,144,5.164375,1.0,10,,planner_acl_scalar_expected
pg-hnsw,250000,1,w4_acl,765,6.676208,1.0,10,,planner_acl_scalar_expected
pg-hnsw,250000,1,w4_acl,971,5.344041,1.0,10,,planner_acl_scalar_expected
pg-hnsw,250000,1,w4_acl,229,9.686917,1.0,10,,planner_acl_scalar_expected
pg-hnsw,250000,1,w4_acl,692,8.965875,1.0,10,,planner_acl_scalar_expected
pg-hnsw,250000,1,w4_acl,252,5.84325,1.0,10,,planner_acl_scalar_expected
pg-hnsw,250000,1,w4_acl,265,6.071208,1.0,10,,planner_acl_scalar_expected
pg-hnsw,250000,1,w4_acl,985,5.041834,1.0,10,,planner_acl_scalar_expected
pg-hnsw,250000,1,w4_acl,393,5.897959,1.0,10,,planner_acl_scalar_expected
pg-hnsw,250000,1,w4_acl,721,5.150875,1.0,10,,planner_acl_scalar_expected
pg-hnsw,250000,1,w4_acl,542,5.558208,1.0,10,,planner_acl_scalar_expected
pg-hnsw,250000,1,w4_acl,268,5.89875,1.0,10,,planner_acl_scalar_expected
pg-hnsw,250000,1,w4_acl,507,6.139083,1.0,10,,planner_acl_scalar_expected
pg-hnsw,250000,1,w4_acl,621,5.322916,1.0,10,,planner_acl_scalar_expected
pg-hnsw,250000,1,w4_acl,539,5.576791,1.0,10,,planner_acl_scalar_expected
pg-hnsw,250000,1,w4_acl,851,5.839833,1.0,10,,planner_acl_scalar_expected
pg-hnsw,250000,1,w4_acl,266,5.641291,1.0,10,,planner_acl_scalar_expected
pg-hnsw,250000,1,w4_acl,126,5.673333,1.0,10,,planner_acl_scalar_expected
pg-hnsw,250000,1,w4_acl,173,6.054084,1.0,10,,planner_acl_scalar_expected
pg-hnsw,250000,1,w4_acl,952,5.768209,1.0,10,,planner_acl_scalar_expected
pg-hnsw,250000,1,w4_acl,624,5.157584,1.0,10,,planner_acl_scalar_expected
pg-hnsw,250000,1,w4_acl,598,6.137458,1.0,10,,planner_acl_scalar_expected
pg-hnsw,250000,1,w4_acl,825,5.373417,1.0,10,,planner_acl_scalar_expected
pg-hnsw,250000,1,w4_acl,318,6.9615,1.0,10,,planner_acl_scalar_expected
pg-hnsw,250000,1,w4_acl,619,5.672167,1.0,10,,planner_acl_scalar_expected
pg-hnsw,250000,1,w4_acl,607,5.489416,1.0,10,,planner_acl_scalar_expected
pg-hnsw,250000,1,w4_acl,974,5.331792,1.0,10,,planner_acl_scalar_expected
pg-hnsw,250000,1,w4_acl,495,6.552958,1.0,10,,planner_acl_scalar_expected
pg-hnsw,250000,1,w4_acl,935,5.718416,1.0,10,,planner_acl_scalar_expected
pg-hnsw,250000,1,w4_acl,138,5.141416,1.0,10,,planner_acl_scalar_expected
pg-hnsw,250000,1,w4_acl,573,6.298292,1.0,10,,planner_acl_scalar_expected
pg-hnsw,250000,1,w4_acl,654,5.864,1.0,10,,planner_acl_scalar_expected
pg-hnsw,250000,1,w4_acl,360,5.569,1.0,10,,planner_acl_scalar_expected
pg-hnsw,250000,1,w4_acl,450,5.606,1.0,10,,planner_acl_scalar_expected
pg-hnsw,250000,1,w4_acl,893,6.590334,1.0,10,,planner_acl_scalar_expected
pg-hnsw,250000,1,w4_acl,160,5.977666,1.0,10,,planner_acl_scalar_expected
pg-hnsw,250000,1,w4_acl,771,5.285292,1.0,10,,planner_acl_scalar_expected
pg-hnsw,250000,1,w4_acl,432,6.695375,1.0,10,,planner_acl_scalar_expected
pg-hnsw,250000,1,w4_acl,845,5.872416,1.0,10,,planner_acl_scalar_expected
pg-hnsw,250000,1,w4_acl,554,5.863625,1.0,10,,planner_acl_scalar_expected
pg-hnsw,250000,1,w4_acl,310,5.5455,1.0,10,,planner_acl_scalar_expected
pg-hnsw,250000,1,w4_acl,101,5.800833,1.0,10,,planner_acl_scalar_expected
pg-hnsw,250000,1,w4_acl,190,9.367416,1.0,10,,planner_acl_scalar_expected
pg-hnsw,250000,1,w4_acl,746,6.144708,1.0,10,,planner_acl_scalar_expected
pg-hnsw,250000,1,w4_acl,976,5.400792,1.0,10,,planner_acl_scalar_expected
pg-hnsw,250000,1,w4_acl,921,8.146375,1.0,10,,planner_acl_scalar_expected
pg-hnsw,250000,1,w4_acl,516,5.753125,1.0,10,,planner_acl_scalar_expected
pg-hnsw,250000,1,w4_acl,888,6.394083,1.0,10,,planner_acl_scalar_expected
pg-hnsw,250000,1,w4_acl,194,6.066875,1.0,10,,planner_acl_scalar_expected
pg-hnsw,250000,1,w4_acl,690,5.650792,1.0,10,,planner_acl_scalar_expected
pg-hnsw,250000,1,w4_acl,564,5.611083,1.0,10,,planner_acl_scalar_expected
pg-hnsw,250000,1,w4_acl,779,9.020208,1.0,10,,planner_acl_scalar_expected
pg-hnsw,250000,1,w4_acl,980,5.657708,1.0,10,,planner_acl_scalar_expected
pg-hnsw,250000,1,w4_acl,998,6.137959,1.0,10,,planner_acl_scalar_expected
pg-hnsw,250000,1,w4_acl,237,5.4815,1.0,10,,planner_acl_scalar_expected
pg-hnsw,250000,1,w4_acl,242,6.4495,1.0,10,,planner_acl_scalar_expected
pg-hnsw,250000,1,w4_acl,770,5.972625,1.0,10,,planner_acl_scalar_expected
pg-hnsw,250000,1,w4_acl,321,5.356625,1.0,10,,planner_acl_scalar_expected
pg-hnsw,250000,1,w4_acl,295,6.077833,1.0,10,,planner_acl_scalar_expected
pg-hnsw,250000,1,w4_acl,864,5.003916,1.0,10,,planner_acl_scalar_expected
pg-hnsw,250000,1,w4_acl,181,6.440458,1.0,10,,planner_acl_scalar_expected
pg-hnsw,250000,1,w4_acl,234,5.778666,1.0,10,,planner_acl_scalar_expected
pg-hnsw,250000,1,w4_acl,556,6.812,1.0,10,,planner_acl_scalar_expected
pg-hnsw,250000,1,w4_acl,763,5.565208,1.0,10,,planner_acl_scalar_expected
pg-hnsw,250000,1,w4_acl,329,5.854625,1.0,10,,planner_acl_scalar_expected
pg-hnsw,250000,1,w4_acl,198,5.914209,1.0,10,,planner_acl_scalar_expected
pg-hnsw,250000,1,w4_acl,110,5.267333,1.0,10,,planner_acl_scalar_expected
pg-hnsw,250000,1,w4_acl,572,5.195167,1.0,10,,planner_acl_scalar_expected
pg-hnsw,250000,1,w4_acl,257,6.407375,1.0,10,,planner_acl_scalar_expected
pg-hnsw,250000,1,w4_acl,979,5.982541,1.0,10,,planner_acl_scalar_expected
pg-hnsw,250000,1,w4_acl,589,6.044833,1.0,10,,planner_acl_scalar_expected
pg-hnsw,250000,1,w4_acl,446,5.653084,1.0,10,,planner_acl_scalar_expected
pg-hnsw,250000,1,w4_acl,885,6.399541,1.0,10,,planner_acl_scalar_expected
pg-hnsw,250000,1,w4_acl,343,6.537292,1.0,10,,planner_acl_scalar_expected
pg-hnsw,250000,1,w4_acl,374,6.080291,1.0,10,,planner_acl_scalar_expected
pg-hnsw,250000,1,w4_acl,141,5.705666,1.0,10,,planner_acl_scalar_expected
pg-hnsw,250000,1,w4_acl,538,5.953958,1.0,10,,planner_acl_scalar_expected
pg-hnsw,250000,1,w4_acl,968,9.068208,1.0,10,,planner_acl_scalar_expected
pg-hnsw,250000,1,w4_acl,869,8.832625,1.0,10,,planner_acl_scalar_expected
pg-hnsw,250000,1,w4_acl,806,5.800625,1.0,10,,planner_acl_scalar_expected
pg-hnsw,250000,1,w4_acl,597,5.831333,1.0,10,,planner_acl_scalar_expected
pg-hnsw,250000,1,w4_acl,724,5.710708,1.0,10,,planner_acl_scalar_expected
pg-hnsw,250000,1,w4_acl,676,6.096958,1.0,10,,planner_acl_scalar_expected
pg-hnsw,250000,1,w4_acl,300,5.240792,1.0,10,,planner_acl_scalar_expected
pg-hnsw,250000,1,w4_acl,497,5.614584,1.0,10,,planner_acl_scalar_expected
pg-hnsw,250000,1,w4_acl,355,6.113375,1.0,10,,planner_acl_scalar_expected
pg-hnsw,250000,1,w4_acl,457,11.829042,1.0,10,,planner_acl_scalar_expected
pg-hnsw,250000,1,w4_acl,279,6.178083,1.0,10,,planner_acl_scalar_expected
pg-hnsw,250000,1,w4_acl,945,6.628458,1.0,10,,planner_acl_scalar_expected
pg-hnsw,250000,1,w4_acl,781,5.780125,1.0,10,,planner_acl_scalar_expected
pg-hnsw,250000,1,w4_acl,633,5.553166,1.0,10,,planner_acl_scalar_expected
pg-hnsw,250000,1,w4_acl,180,5.898667,1.0,10,,planner_acl_scalar_expected
pg-hnsw,250000,1,w4_acl,766,5.499084,1.0,10,,planner_acl_scalar_expected
pg-hnsw,250000,1,w4_acl,544,5.505042,1.0,10,,planner_acl_scalar_expected
pg-hnsw,250000,1,w4_acl,777,5.439042,1.0,10,,planner_acl_scalar_expected
pg-hnsw,250000,1,w4_acl,354,9.890792,1.0,10,,planner_acl_scalar_expected
pg-hnsw,250000,1,w4_acl,695,5.888208,1.0,10,,planner_acl_scalar_expected
pg-hnsw,250000,1,w4_acl,493,5.944458,1.0,10,,planner_acl_scalar_expected
pg-hnsw,250000,1,w4_acl,172,5.27475,1.0,10,,planner_acl_scalar_expected
pg-hnsw,250000,1,w4_acl,786,5.983333,1.0,10,,planner_acl_scalar_expected
pg-hnsw,250000,1,w4_acl,168,5.778958,1.0,10,,planner_acl_scalar_expected
pg-hnsw,250000,1,w4_acl,753,6.790875,1.0,10,,planner_acl_scalar_expected
pg-hnsw,250000,1,w4_acl,419,5.227709,1.0,10,,planner_acl_scalar_expected
pg-hnsw,250000,1,w4_acl,133,6.666333,1.0,10,,planner_acl_scalar_expected
pg-hnsw,250000,1,w4_acl,494,5.757417,1.0,10,,planner_acl_scalar_expected
pg-hnsw,250000,1,w4_acl,847,5.335208,1.0,10,,planner_acl_scalar_expected
pg-hnsw,250000,1,w4_acl,522,5.351375,1.0,10,,planner_acl_scalar_expected
pg-hnsw,250000,1,w4_acl,662,5.84175,1.0,10,,planner_acl_scalar_expected
pg-hnsw,250000,1,w4_acl,151,5.319625,1.0,10,,planner_acl_scalar_expected
pg-hnsw,250000,1,w4_acl,634,5.768667,1.0,10,,planner_acl_scalar_expected
pg-hnsw,250000,1,w4_acl,278,5.579916,1.0,10,,planner_acl_scalar_expected
pg-hnsw,250000,1,w4_acl,335,5.838875,1.0,10,,planner_acl_scalar_expected
pg-hnsw,250000,1,w4_acl,743,5.175875,1.0,10,,planner_acl_scalar_expected
pg-hnsw,250000,1,w4_acl,518,5.021917,1.0,10,,planner_acl_scalar_expected
pg-hnsw,250000,1,w4_acl,713,5.287166,1.0,10,,planner_acl_scalar_expected
pg-hnsw,250000,1,w4_acl,352,7.138417,1.0,10,,planner_acl_scalar_expected
pg-hnsw,250000,1,w4_acl,357,6.215125,1.0,10,,planner_acl_scalar_expected
pg-hnsw,250000,1,w4_acl,179,6.313833,1.0,10,,planner_acl_scalar_expected
pg-hnsw,250000,1,w4_acl,420,5.608167,1.0,10,,planner_acl_scalar_expected
pg-hnsw,250000,1,w4_acl,192,5.150417,1.0,10,,planner_acl_scalar_expected
pg-hnsw,250000,1,w4_acl,916,6.430084,1.0,10,,planner_acl_scalar_expected
pg-hnsw,250000,1,w4_acl,604,5.04525,1.0,10,,planner_acl_scalar_expected
pg-hnsw,250000,1,w4_acl,626,6.038625,1.0,10,,planner_acl_scalar_expected
pg-hnsw,250000,1,w4_acl,632,4.991334,1.0,10,,planner_acl_scalar_expected
pg-hnsw,250000,1,w4_acl,224,5.163917,1.0,10,,planner_acl_scalar_expected
pg-hnsw,250000,1,w4_acl,107,5.870916,1.0,10,,planner_acl_scalar_expected
pg-hnsw,250000,1,w4_acl,305,5.673333,1.0,10,,planner_acl_scalar_expected
pg-hnsw,250000,1,w4_acl,599,4.807292,1.0,10,,planner_acl_scalar_expected
pg-hnsw,250000,1,w4_acl,582,8.03125,1.0,10,,planner_acl_scalar_expected
pg-hnsw,250000,1,w4_acl,456,5.28925,1.0,10,,planner_acl_scalar_expected
pg-hnsw,250000,1,w4_acl,483,4.985,1.0,10,,planner_acl_scalar_expected
pg-hnsw,250000,1,w4_acl,874,7.375584,1.0,10,,planner_acl_scalar_expected
pg-hnsw,250000,1,w4_acl,908,5.075959,1.0,10,,planner_acl_scalar_expected
pg-hnsw,250000,1,w4_acl,166,5.051833,1.0,10,,planner_acl_scalar_expected
pg-hnsw,250000,1,w4_acl,954,5.474166,1.0,10,,planner_acl_scalar_expected
pg-hnsw,250000,1,w4_acl,738,5.570083,1.0,10,,planner_acl_scalar_expected
pg-hnsw,250000,1,w4_acl,220,5.082125,1.0,10,,planner_acl_scalar_expected
pg-hnsw,250000,1,w4_acl,363,5.460458,1.0,10,,planner_acl_scalar_expected
pg-hnsw,250000,1,w4_acl,423,6.329875,1.0,10,,planner_acl_scalar_expected
pg-hnsw,250000,1,w4_acl,719,5.604416,1.0,10,,planner_acl_scalar_expected
pg-hnsw,250000,1,w4_acl,297,5.51675,1.0,10,,planner_acl_scalar_expected
pg-hnsw,250000,1,w4_acl,583,9.278375,1.0,10,,planner_acl_scalar_expected
pg-hnsw,250000,1,w4_acl,153,5.434208,1.0,10,,planner_acl_scalar_expected
pg-hnsw,250000,1,w4_acl,322,5.823208,1.0,10,,planner_acl_scalar_expected
pg-hnsw,250000,1,w4_acl,250,5.7715,1.0,10,,planner_acl_scalar_expected
pg-hnsw,250000,1,w4_acl,891,5.935959,1.0,10,,planner_acl_scalar_expected
pg-hnsw,250000,1,w4_acl,740,5.769292,1.0,10,,planner_acl_scalar_expected
pg-hnsw,250000,1,w4_acl,657,5.601292,1.0,10,,planner_acl_scalar_expected
pg-hnsw,250000,1,w4_acl,112,5.183667,1.0,10,,planner_acl_scalar_expected
pg-hnsw,250000,1,w4_acl,623,5.346125,1.0,10,,planner_acl_scalar_expected
pg-hnsw,250000,1,w4_acl,280,5.934459,1.0,10,,planner_acl_scalar_expected
pg-hnsw,250000,1,w4_acl,875,5.071917,1.0,10,,planner_acl_scalar_expected
pg-hnsw,250000,1,w4_acl,490,5.213208,1.0,10,,planner_acl_scalar_expected
pg-hnsw,250000,1,w4_acl,789,5.550667,1.0,10,,planner_acl_scalar_expected
pg-hnsw,250000,1,w4_acl,866,6.21925,1.0,10,,planner_acl_scalar_expected
pg-hnsw,250000,1,w4_acl,568,6.27575,1.0,10,,planner_acl_scalar_expected
pg-hnsw,250000,1,w4_acl,221,6.163167,1.0,10,,planner_acl_scalar_expected
pg-hnsw,250000,1,w4_acl,214,5.681208,1.0,10,,planner_acl_scalar_expected
pg-hnsw,250000,1,w4_acl,512,5.545291,1.0,10,,planner_acl_scalar_expected
pg-hnsw,250000,1,w4_acl,819,6.144125,1.0,10,,planner_acl_scalar_expected
pg-hnsw,250000,1,w4_acl,370,6.365208,1.0,10,,planner_acl_scalar_expected
pg-hnsw,250000,1,w4_acl,359,6.825084,1.0,10,,planner_acl_scalar_expected
pg-hnsw,250000,1,w4_acl,205,6.551167,1.0,10,,planner_acl_scalar_expected
pg-hnsw,250000,1,w4_acl,482,6.567083,1.0,10,,planner_acl_scalar_expected
pg-hnsw,250000,1,w4_acl,361,9.848542,1.0,10,,planner_acl_scalar_expected
pg-hnsw,250000,1,w4_acl,525,6.236417,1.0,10,,planner_acl_scalar_expected
pg-hnsw,250000,1,w4_acl,176,5.884625,1.0,10,,planner_acl_scalar_expected
pg-hnsw,250000,1,w4_acl,401,5.898667,1.0,10,,planner_acl_scalar_expected
pg-hnsw,250000,1,w4_acl,461,5.93675,1.0,10,,planner_acl_scalar_expected
pg-hnsw,250000,1,w4_acl,129,5.427291,1.0,10,,planner_acl_scalar_expected
pg-hnsw,250000,1,w4_acl,659,6.397417,1.0,10,,planner_acl_scalar_expected
pg-hnsw,250000,1,w4_acl,854,5.810709,1.0,10,,planner_acl_scalar_expected
pg-hnsw,250000,1,w4_acl,524,5.180125,1.0,10,,planner_acl_scalar_expected
pg-hnsw,250000,1,w4_acl,501,5.928541,1.0,10,,planner_acl_scalar_expected
pg-hnsw,250000,1,w4_acl,146,9.7645,1.0,10,,planner_acl_scalar_expected
pg-hnsw,250000,1,w4_acl,682,6.429625,1.0,10,,planner_acl_scalar_expected
pg-hnsw,250000,1,w4_acl,537,6.09125,1.0,10,,planner_acl_scalar_expected
pg-hnsw,250000,1,w4_acl,514,5.685458,1.0,10,,planner_acl_scalar_expected
pg-hnsw,250000,1,w4_acl,381,5.950792,1.0,10,,planner_acl_scalar_expected
pg-hnsw,250000,1,w4_acl,376,5.94475,1.0,10,,planner_acl_scalar_expected
pg-hnsw,250000,1,w4_acl,772,5.629125,1.0,10,,planner_acl_scalar_expected
pg-hnsw,250000,1,w4_acl,953,5.666417,1.0,10,,planner_acl_scalar_expected
pg-hnsw,250000,1,w4_acl,203,5.772209,1.0,10,,planner_acl_scalar_expected
pg-hnsw,250000,1,w4_acl,630,5.218125,1.0,10,,planner_acl_scalar_expected
pg-hnsw,250000,1,w4_acl,243,8.078583,1.0,10,,planner_acl_scalar_expected
pg-hnsw,250000,1,w4_acl,923,5.371333,1.0,10,,planner_acl_scalar_expected
pg-hnsw,250000,1,w4_acl,111,5.948167,1.0,10,,planner_acl_scalar_expected
pg-hnsw,250000,1,w4_acl,617,6.344834,1.0,10,,planner_acl_scalar_expected
pg-hnsw,250000,1,w4_acl,201,5.258459,1.0,10,,planner_acl_scalar_expected
pg-hnsw,250000,1,w4_acl,427,5.657708,1.0,10,,planner_acl_scalar_expected
pg-hnsw,250000,1,w4_acl,751,6.17375,1.0,10,,planner_acl_scalar_expected
pg-hnsw,250000,1,w4_acl,399,5.05825,1.0,10,,planner_acl_scalar_expected
pg-hnsw,250000,1,w4_acl,152,5.160834,1.0,10,,planner_acl_scalar_expected
pg-hnsw,250000,1,w4_acl,708,6.108333,1.0,10,,planner_acl_scalar_expected
pg-hnsw,250000,1,w4_acl,131,9.452625,1.0,10,,planner_acl_scalar_expected
pg-hnsw,250000,1,w4_acl,778,5.775958,1.0,10,,planner_acl_scalar_expected
pg-hnsw,250000,1,w4_acl,718,5.694833,1.0,10,,planner_acl_scalar_expected
pg-hnsw,250000,1,w4_acl,448,6.235375,1.0,10,,planner_acl_scalar_expected
pg-hnsw,250000,1,w4_acl,868,6.093375,1.0,10,,planner_acl_scalar_expected
pg-hnsw,250000,1,w4_acl,813,5.329125,1.0,10,,planner_acl_scalar_expected
pg-hnsw,250000,1,w4_acl,603,6.56325,1.0,10,,planner_acl_scalar_expected
pg-hnsw,250000,1,w4_acl,638,5.466666,1.0,10,,planner_acl_scalar_expected
pg-hnsw,250000,1,w4_acl,470,5.520583,1.0,10,,planner_acl_scalar_expected
pg-hnsw,250000,1,w4_acl,774,7.4005,1.0,10,,planner_acl_scalar_expected
pg-hnsw,250000,1,w4_acl,120,5.553458,1.0,10,,planner_acl_scalar_expected
pg-hnsw,250000,1,w4_acl,380,6.349417,1.0,10,,planner_acl_scalar_expected
pg-hnsw,250000,1,w4_acl,760,7.036625,1.0,10,,planner_acl_scalar_expected
pg-hnsw,250000,1,w4_acl,836,5.79175,1.0,10,,planner_acl_scalar_expected
pg-hnsw,250000,1,w4_acl,963,5.832875,1.0,10,,planner_acl_scalar_expected
pg-hnsw,250000,1,w4_acl,745,5.160709,1.0,10,,planner_acl_scalar_expected
pg-hnsw,250000,1,w4_acl,686,5.221583,1.0,10,,planner_acl_scalar_expected
pg-hnsw,250000,1,w4_acl,551,7.529791,1.0,10,,planner_acl_scalar_expected
pg-hnsw,250000,1,w4_acl,223,6.799417,1.0,10,,planner_acl_scalar_expected
pg-hnsw,250000,1,w4_acl,658,5.366917,1.0,10,,planner_acl_scalar_expected
pg-hnsw,250000,1,w4_acl,157,5.568791,1.0,10,,planner_acl_scalar_expected
pg-hnsw,250000,1,w4_acl,227,6.885959,1.0,10,,planner_acl_scalar_expected
pg-hnsw,250000,1,w4_acl,693,5.940292,1.0,10,,planner_acl_scalar_expected
pg-hnsw,250000,1,w4_acl,964,5.958,1.0,10,,planner_acl_scalar_expected
pg-hnsw,250000,1,w4_acl,523,5.326417,1.0,10,,planner_acl_scalar_expected
pg-hnsw,250000,1,w4_acl,492,5.401959,1.0,10,,planner_acl_scalar_expected
pg-hnsw,250000,1,w4_acl,756,6.1785,1.0,10,,planner_acl_scalar_expected
pg-hnsw,250000,1,w4_acl,488,5.474375,1.0,10,,planner_acl_scalar_expected
pg-hnsw,250000,1,w4_acl,375,5.337166,1.0,10,,planner_acl_scalar_expected
pg-hnsw,250000,1,w4_acl,967,9.780292,1.0,10,,planner_acl_scalar_expected
pg-hnsw,250000,1,w4_acl,296,6.659958,1.0,10,,planner_acl_scalar_expected
pg-hnsw,250000,1,w4_acl,441,5.697417,1.0,10,,planner_acl_scalar_expected
pg-hnsw,250000,1,w4_acl,703,5.420625,1.0,10,,planner_acl_scalar_expected
pg-hnsw,250000,1,w4_acl,946,6.127959,1.0,10,,planner_acl_scalar_expected
pg-hnsw,250000,1,w4_acl,298,5.577667,1.0,10,,planner_acl_scalar_expected
pg-hnsw,250000,1,w4_acl,750,5.322333,1.0,10,,planner_acl_scalar_expected
pg-hnsw,250000,1,w4_acl,817,5.764125,1.0,10,,planner_acl_scalar_expected
pg-hnsw,250000,1,w4_acl,606,6.136458,1.0,10,,planner_acl_scalar_expected
pg-hnsw,250000,1,w4_acl,340,6.202125,1.0,10,,planner_acl_scalar_expected
pg-hnsw,250000,1,w4_acl,991,5.58925,1.0,10,,planner_acl_scalar_expected
pg-hnsw,250000,1,w4_acl,216,5.519,1.0,10,,planner_acl_scalar_expected
pg-hnsw,250000,1,w4_acl,484,6.204459,1.0,10,,planner_acl_scalar_expected
pg-hnsw,250000,1,w4_acl,802,5.957792,1.0,10,,planner_acl_scalar_expected
pg-hnsw,250000,1,w4_acl,881,7.987625,1.0,10,,planner_acl_scalar_expected
pg-hnsw,250000,1,w4_acl,608,5.986375,1.0,10,,planner_acl_scalar_expected
pg-hnsw,250000,1,w4_acl,104,6.181166,1.0,10,,planner_acl_scalar_expected
pg-hnsw,250000,1,w4_acl,844,5.310875,1.0,10,,planner_acl_scalar_expected
pg-hnsw,250000,1,w4_acl,966,5.72125,1.0,10,,planner_acl_scalar_expected
pg-hnsw,250000,1,w4_acl,230,6.2665,1.0,10,,planner_acl_scalar_expected
pg-hnsw,250000,1,w4_acl,926,4.996459,1.0,10,,planner_acl_scalar_expected
pg-hnsw,250000,1,w4_acl,675,5.513542,1.0,10,,planner_acl_scalar_expected
pg-hnsw,250000,1,w4_acl,794,5.646292,1.0,10,,planner_acl_scalar_expected
pg-hnsw,250000,1,w4_acl,644,6.125041,1.0,10,,planner_acl_scalar_expected
pg-hnsw,250000,1,w4_acl,812,5.66775,1.0,10,,planner_acl_scalar_expected
pg-hnsw,250000,1,w4_acl,271,5.891084,1.0,10,,planner_acl_scalar_expected
pg-hnsw,250000,1,w4_acl,442,5.869333,1.0,10,,planner_acl_scalar_expected
pg-hnsw,250000,1,w4_acl,936,9.3455,1.0,10,,planner_acl_scalar_expected
pg-hnsw,250000,1,w4_acl,545,6.595541,1.0,10,,planner_acl_scalar_expected
pg-hnsw,250000,1,w4_acl,425,8.39375,1.0,10,,planner_acl_scalar_expected
pg-hnsw,250000,1,w4_acl,716,5.82275,1.0,10,,planner_acl_scalar_expected
pg-hnsw,250000,1,w4_acl,462,5.680708,1.0,10,,planner_acl_scalar_expected
pg-hnsw,250000,1,w4_acl,969,5.989875,1.0,10,,planner_acl_scalar_expected
pg-hnsw,250000,1,w4_acl,549,7.091459,1.0,10,,planner_acl_scalar_expected
pg-hnsw,250000,1,w4_acl,304,7.755583,1.0,10,,planner_acl_scalar_expected
pg-hnsw,250000,1,w4_acl,445,6.366583,1.0,10,,planner_acl_scalar_expected
pg-hnsw,250000,1,w4_acl,338,5.340584,1.0,10,,planner_acl_scalar_expected
pg-hnsw,250000,1,w4_acl,749,7.464916,1.0,10,,planner_acl_scalar_expected
pg-hnsw,250000,1,w4_acl,769,5.198375,1.0,10,,planner_acl_scalar_expected
pg-hnsw,250000,1,w4_acl,115,6.054292,1.0,10,,planner_acl_scalar_expected
pg-hnsw,250000,1,w4_acl,981,5.371042,1.0,10,,planner_acl_scalar_expected
pg-hnsw,250000,1,w4_acl,150,5.422584,1.0,10,,planner_acl_scalar_expected
pg-hnsw,250000,1,w4_acl,593,5.590666,1.0,10,,planner_acl_scalar_expected
pg-hnsw,250000,1,w4_acl,699,6.375791,1.0,10,,planner_acl_scalar_expected
pg-hnsw,250000,1,w4_acl,972,5.976958,1.0,10,,planner_acl_scalar_expected
pg-hnsw,250000,1,w4_acl,499,6.078792,1.0,10,,planner_acl_scalar_expected
pg-hnsw,250000,1,w4_acl,715,5.340417,1.0,10,,planner_acl_scalar_expected
pg-hnsw,250000,1,w4_acl,709,5.607292,1.0,10,,planner_acl_scalar_expected
pg-hnsw,250000,1,w4_acl,478,5.941042,1.0,10,,planner_acl_scalar_expected
pg-hnsw,250000,1,w4_acl,424,5.206708,1.0,10,,planner_acl_scalar_expected
pg-hnsw,250000,1,w4_acl,255,5.575875,1.0,10,,planner_acl_scalar_expected
pg-hnsw,250000,1,w4_acl,892,8.469958,1.0,10,,planner_acl_scalar_expected
pg-hnsw,250000,1,w4_acl,649,5.761625,1.0,10,,planner_acl_scalar_expected
pg-hnsw,250000,1,w4_acl,696,8.183708,1.0,10,,planner_acl_scalar_expected
pg-hnsw,250000,1,w4_acl,167,5.109959,1.0,10,,planner_acl_scalar_expected
pg-hnsw,250000,1,w4_acl,475,4.759792,1.0,10,,planner_acl_scalar_expected
pg-hnsw,250000,1,w4_acl,677,6.698583,1.0,10,,planner_acl_scalar_expected
pg-hnsw,250000,1,w4_acl,215,6.202708,1.0,10,,planner_acl_scalar_expected
pg-hnsw,250000,1,w4_acl,521,7.296583,1.0,10,,planner_acl_scalar_expected
pg-hnsw,250000,1,w4_acl,639,5.294583,1.0,10,,planner_acl_scalar_expected
pg-hnsw,250000,1,w4_acl,290,5.939958,1.0,10,,planner_acl_scalar_expected
pg-hnsw,250000,1,w4_acl,413,9.099833,1.0,10,,planner_acl_scalar_expected
pg-hnsw,250000,1,w4_acl,384,5.244083,1.0,10,,planner_acl_scalar_expected
pg-hnsw,250000,1,w4_acl,602,5.374,1.0,10,,planner_acl_scalar_expected
pg-hnsw,250000,1,w4_acl,396,5.61275,1.0,10,,planner_acl_scalar_expected
pg-hnsw,250000,1,w4_acl,332,5.902834,1.0,10,,planner_acl_scalar_expected
pg-hnsw,250000,1,w4_acl,261,6.071209,1.0,10,,planner_acl_scalar_expected
pg-hnsw,250000,1,w4_acl,815,5.437166,1.0,10,,planner_acl_scalar_expected
pg-hnsw,250000,1,w4_acl,878,9.199416,1.0,10,,planner_acl_scalar_expected
pg-hnsw,250000,1,w4_acl,986,5.335541,1.0,10,,planner_acl_scalar_expected
pg-hnsw,250000,1,w4_acl,395,5.951083,1.0,10,,planner_acl_scalar_expected
pg-hnsw,250000,1,w4_acl,282,5.472333,1.0,10,,planner_acl_scalar_expected
pg-hnsw,250000,1,w4_acl,899,6.017041,1.0,10,,planner_acl_scalar_expected
pg-hnsw,250000,1,w4_acl,578,5.795208,1.0,10,,planner_acl_scalar_expected
pg-hnsw,250000,1,w4_acl,739,5.228375,1.0,10,,planner_acl_scalar_expected
pg-hnsw,250000,1,w4_acl,627,6.191542,1.0,10,,planner_acl_scalar_expected
pg-hnsw,250000,1,w4_acl,861,6.014791,1.0,10,,planner_acl_scalar_expected
pg-hnsw,250000,1,w4_acl,906,6.721542,1.0,10,,planner_acl_scalar_expected
pg-hnsw,250000,1,w4_acl,620,5.210958,1.0,10,,planner_acl_scalar_expected
pg-hnsw,250000,1,w4_acl,334,5.86275,1.0,10,,planner_acl_scalar_expected
pg-hnsw,250000,1,w4_acl,768,5.987416,1.0,10,,planner_acl_scalar_expected
pg-hnsw,250000,1,w4_acl,694,6.104208,1.0,10,,planner_acl_scalar_expected
pg-hnsw,250000,1,w4_acl,837,6.172208,1.0,10,,planner_acl_scalar_expected
pg-hnsw,250000,1,w4_acl,809,6.17025,1.0,10,,planner_acl_scalar_expected
pg-hnsw,250000,1,w4_acl,920,5.57575,1.0,10,,planner_acl_scalar_expected
pg-hnsw,250000,1,w4_acl,311,5.668292,1.0,10,,planner_acl_scalar_expected
pg-hnsw,250000,1,w4_acl,238,8.964916,1.0,10,,planner_acl_scalar_expected
pg-hnsw,250000,1,w4_acl,389,6.238542,1.0,10,,planner_acl_scalar_expected
pg-hnsw,250000,1,w4_acl,307,6.498458,1.0,10,,planner_acl_scalar_expected
pg-hnsw,250000,1,w4_acl,752,5.264083,1.0,10,,planner_acl_scalar_expected
pg-hnsw,250000,1,w4_acl,992,4.215458,1.0,10,,planner_acl_scalar_expected
pg-hnsw,250000,1,w4_acl,956,6.029708,1.0,10,,planner_acl_scalar_expected
pg-hnsw,250000,1,w4_acl,735,5.419542,1.0,10,,planner_acl_scalar_expected
pg-hnsw,250000,1,w4_acl,905,5.578583,1.0,10,,planner_acl_scalar_expected
pg-hnsw,250000,1,w4_acl,285,5.905417,1.0,10,,planner_acl_scalar_expected
pg-hnsw,250000,1,w4_acl,267,5.543417,1.0,10,,planner_acl_scalar_expected
pg-hnsw,250000,1,w4_acl,364,7.880666,1.0,10,,planner_acl_scalar_expected
pg-hnsw,250000,1,w4_acl,191,5.22825,1.0,10,,planner_acl_scalar_expected
pg-hnsw,250000,1,w4_acl,466,9.062125,1.0,10,,planner_acl_scalar_expected
pg-hnsw,250000,1,w4_acl,438,7.2935,1.0,10,,planner_acl_scalar_expected
pg-hnsw,250000,1,w4_acl,655,6.163917,1.0,10,,planner_acl_scalar_expected
pg-hnsw,250000,1,w4_acl,930,6.391292,1.0,10,,planner_acl_scalar_expected
pg-hnsw,250000,1,w4_acl,477,6.582125,1.0,10,,planner_acl_scalar_expected
pg-hnsw,250000,1,w4_acl,855,5.606458,1.0,10,,planner_acl_scalar_expected
pg-hnsw,250000,1,w4_acl,491,5.497292,1.0,10,,planner_acl_scalar_expected
pg-hnsw,250000,1,w4_acl,993,5.883417,1.0,10,,planner_acl_scalar_expected
pg-hnsw,250000,1,w4_acl,398,5.178042,1.0,10,,planner_acl_scalar_expected
pg-hnsw,250000,1,w4_acl,858,6.171542,1.0,10,,planner_acl_scalar_expected
pg-hnsw,250000,1,w4_acl,117,5.781542,1.0,10,,planner_acl_scalar_expected
pg-hnsw,250000,1,w4_acl,270,5.956291,1.0,10,,planner_acl_scalar_expected
pg-hnsw,250000,1,w4_acl,755,9.226958,1.0,10,,planner_acl_scalar_expected
pg-hnsw,250000,1,w4_acl,863,5.722417,1.0,10,,planner_acl_scalar_expected
pg-hnsw,250000,1,w4_acl,665,10.15975,1.0,10,,planner_acl_scalar_expected
pg-hnsw,250000,1,w4_acl,415,6.700875,1.0,10,,planner_acl_scalar_expected
pg-hnsw,250000,1,w4_acl,722,5.210792,1.0,10,,planner_acl_scalar_expected
pg-hnsw,250000,1,w4_acl,843,5.87975,1.0,10,,planner_acl_scalar_expected
pg-hnsw,250000,1,w4_acl,500,5.784875,1.0,10,,planner_acl_scalar_expected
pg-hnsw,250000,1,w4_acl,344,5.879333,1.0,10,,planner_acl_scalar_expected
pg-hnsw,250000,1,w4_acl,546,5.724708,1.0,10,,planner_acl_scalar_expected
pg-hnsw,250000,1,w4_acl,369,5.697625,1.0,10,,planner_acl_scalar_expected
pg-hnsw,250000,1,w4_acl,109,5.62325,1.0,10,,planner_acl_scalar_expected
pg-hnsw,250000,1,w4_acl,671,5.501792,1.0,10,,planner_acl_scalar_expected
pg-hnsw,250000,1,w4_acl,185,5.4045,1.0,10,,planner_acl_scalar_expected
pg-hnsw,250000,1,w4_acl,235,5.369,1.0,10,,planner_acl_scalar_expected
pg-hnsw,250000,1,w4_acl,712,5.342667,1.0,10,,planner_acl_scalar_expected
pg-hnsw,250000,1,w4_acl,996,5.783958,1.0,10,,planner_acl_scalar_expected
pg-hnsw,250000,1,w4_acl,274,6.245291,1.0,10,,planner_acl_scalar_expected
pg-hnsw,250000,1,w4_acl,113,5.341291,1.0,10,,planner_acl_scalar_expected
pg-hnsw,250000,1,w4_acl,934,6.578292,1.0,10,,planner_acl_scalar_expected
pg-hnsw,250000,1,w4_acl,459,10.191084,1.0,10,,planner_acl_scalar_expected
pg-hnsw,250000,1,w4_acl,727,5.594875,1.0,10,,planner_acl_scalar_expected
pg-hnsw,250000,1,w4_acl,233,5.231958,1.0,10,,planner_acl_scalar_expected
pg-hnsw,250000,1,w4_acl,287,5.200041,1.0,10,,planner_acl_scalar_expected
pg-hnsw,250000,1,w4_acl,831,5.663667,1.0,10,,planner_acl_scalar_expected
pg-hnsw,250000,1,w4_acl,211,9.535667,1.0,10,,planner_acl_scalar_expected
pg-hnsw,250000,1,w4_acl,292,5.074542,1.0,10,,planner_acl_scalar_expected
pg-hnsw,250000,1,w4_acl,687,5.405084,1.0,10,,planner_acl_scalar_expected
pg-hnsw,250000,1,w4_acl,821,13.284375,1.0,10,,planner_acl_scalar_expected
pg-hnsw,250000,1,w4_acl,306,6.380042,1.0,10,,planner_acl_scalar_expected
pg-hnsw,250000,1,w4_acl,106,6.061875,1.0,10,,planner_acl_scalar_expected
pg-hnsw,250000,1,w4_acl,949,5.623333,1.0,10,,planner_acl_scalar_expected
pg-hnsw,250000,1,w4_acl,528,6.04125,1.0,10,,planner_acl_scalar_expected
pg-hnsw,250000,1,w4_acl,910,6.159917,1.0,10,,planner_acl_scalar_expected
pg-hnsw,250000,1,w4_acl,566,5.058958,1.0,10,,planner_acl_scalar_expected
pg-hnsw,250000,1,w4_acl,122,6.00725,1.0,10,,planner_acl_scalar_expected
pg-hnsw,250000,1,w4_acl,943,12.270209,1.0,10,,planner_acl_scalar_expected
pg-hnsw,250000,1,w4_acl,857,5.732208,1.0,10,,planner_acl_scalar_expected
pg-hnsw,250000,1,w4_acl,159,5.72375,1.0,10,,planner_acl_scalar_expected
pg-hnsw,250000,1,w4_acl,790,6.753625,1.0,10,,planner_acl_scalar_expected
pg-hnsw,250000,1,w4_acl,798,5.30225,1.0,10,,planner_acl_scalar_expected
pg-hnsw,250000,1,w4_acl,918,5.815083,1.0,10,,planner_acl_scalar_expected
pg-hnsw,250000,1,w4_acl,123,5.950667,1.0,10,,planner_acl_scalar_expected
pg-hnsw,250000,1,w4_acl,613,6.157667,1.0,10,,planner_acl_scalar_expected
pg-hnsw,250000,1,w4_acl,124,5.814291,1.0,10,,planner_acl_scalar_expected
pg-hnsw,250000,1,w4_acl,404,6.272083,1.0,10,,planner_acl_scalar_expected
pg-hnsw,250000,1,w4_acl,741,6.173,1.0,10,,planner_acl_scalar_expected
pg-hnsw,250000,1,w4_acl,947,8.554292,1.0,10,,planner_acl_scalar_expected
pg-hnsw,250000,1,w4_acl,453,9.013208,1.0,10,,planner_acl_scalar_expected
pg-hnsw,250000,1,w4_acl,622,5.466209,1.0,10,,planner_acl_scalar_expected
pg-hnsw,250000,1,w4_acl,392,5.756375,1.0,10,,planner_acl_scalar_expected
pg-hnsw,250000,1,w4_acl,346,5.698417,1.0,10,,planner_acl_scalar_expected
pg-hnsw,250000,1,w4_acl,576,5.846875,1.0,10,,planner_acl_scalar_expected
pg-hnsw,250000,1,w4_acl,550,5.790667,1.0,10,,planner_acl_scalar_expected
pg-hnsw,250000,1,w4_acl,517,6.449958,1.0,10,,planner_acl_scalar_expected
pg-hnsw,250000,1,w4_acl,210,5.700208,1.0,10,,planner_acl_scalar_expected
pg-hnsw,250000,1,w4_acl,358,6.240917,1.0,10,,planner_acl_scalar_expected
pg-hnsw,250000,1,w4_acl,130,5.862459,1.0,10,,planner_acl_scalar_expected
pg-hnsw,250000,1,w4_acl,585,5.502625,1.0,10,,planner_acl_scalar_expected
pg-hnsw,250000,1,w4_acl,137,5.972084,1.0,10,,planner_acl_scalar_expected
pg-hnsw,250000,1,w4_acl,663,5.845,1.0,10,,planner_acl_scalar_expected
pg-hnsw,250000,1,w4_acl,319,5.563417,1.0,10,,planner_acl_scalar_expected
pg-hnsw,250000,1,w4_acl,871,6.2645,1.0,10,,planner_acl_scalar_expected
pg-hnsw,250000,1,w4_acl,922,5.383667,1.0,10,,planner_acl_scalar_expected
pg-hnsw,250000,1,w4_acl,978,5.978625,1.0,10,,planner_acl_scalar_expected
pg-hnsw,250000,1,w4_acl,640,6.198833,1.0,10,,planner_acl_scalar_expected
pg-hnsw,250000,1,w4_acl,684,5.858875,1.0,10,,planner_acl_scalar_expected
pg-hnsw,250000,1,w4_acl,913,6.16175,1.0,10,,planner_acl_scalar_expected
pg-hnsw,250000,1,w4_acl,366,5.389875,1.0,10,,planner_acl_scalar_expected
pg-hnsw,250000,1,w4_acl,902,6.046209,1.0,10,,planner_acl_scalar_expected
pg-hnsw,250000,1,w4_acl,625,10.563333,1.0,10,,planner_acl_scalar_expected
pg-hnsw,250000,1,w4_acl,605,9.616083,1.0,10,,planner_acl_scalar_expected
pg-hnsw,250000,1,w4_acl,149,6.161375,1.0,10,,planner_acl_scalar_expected
pg-hnsw,250000,1,w4_acl,796,6.4075,1.0,10,,planner_acl_scalar_expected
pg-hnsw,250000,1,w4_acl,379,5.715208,1.0,10,,planner_acl_scalar_expected
pg-hnsw,250000,1,w4_acl,883,5.36675,1.0,10,,planner_acl_scalar_expected
pg-hnsw,250000,1,w4_acl,646,5.120625,1.0,10,,planner_acl_scalar_expected
pg-hnsw,250000,1,w4_acl,723,5.892959,1.0,10,,planner_acl_scalar_expected
pg-hnsw,250000,1,w4_acl,206,7.232167,1.0,10,,planner_acl_scalar_expected
pg-hnsw,250000,1,w4_acl,807,5.60025,1.0,10,,planner_acl_scalar_expected
pg-hnsw,250000,1,w4_acl,820,5.8635,1.0,10,,planner_acl_scalar_expected
pg-hnsw,250000,1,w4_acl,853,6.12575,1.0,10,,planner_acl_scalar_expected
pg-hnsw,250000,1,w4_acl,842,5.800416,1.0,10,,planner_acl_scalar_expected
pg-hnsw,250000,1,w4_acl,148,5.870208,1.0,10,,planner_acl_scalar_expected
pg-hnsw,250000,1,w4_acl,584,5.604875,1.0,10,,planner_acl_scalar_expected
pg-hnsw,250000,1,w4_acl,437,6.066583,1.0,10,,planner_acl_scalar_expected
pg-hnsw,250000,1,w4_acl,315,5.80475,1.0,10,,planner_acl_scalar_expected
pg-hnsw,250000,1,w4_acl,162,5.6205,1.0,10,,planner_acl_scalar_expected
pg-hnsw,250000,1,w4_acl,387,5.809458,1.0,10,,planner_acl_scalar_expected
pg-hnsw,250000,1,w4_acl,531,5.273375,1.0,10,,planner_acl_scalar_expected
pg-hnsw,250000,1,w4_acl,886,5.026667,1.0,10,,planner_acl_scalar_expected
pg-hnsw,250000,1,w4_acl,218,4.964417,1.0,10,,planner_acl_scalar_expected
pg-hnsw,250000,1,w4_acl,997,5.681209,1.0,10,,planner_acl_scalar_expected
pg-hnsw,250000,1,w4_acl,426,5.280291,1.0,10,,planner_acl_scalar_expected
pg-hnsw,250000,1,w4_acl,701,4.763709,1.0,10,,planner_acl_scalar_expected
pg-hnsw,250000,1,w4_acl,702,8.545959,1.0,10,,planner_acl_scalar_expected
pg-hnsw,250000,1,w4_acl,629,7.488125,1.0,10,,planner_acl_scalar_expected
pg-hnsw,250000,1,w4_acl,571,5.35875,1.0,10,,planner_acl_scalar_expected
pg-hnsw,250000,1,w4_acl,535,4.910292,1.0,10,,planner_acl_scalar_expected
pg-hnsw,250000,1,w4_acl,586,5.424917,1.0,10,,planner_acl_scalar_expected
pg-hnsw,250000,1,w4_acl,277,10.591834,1.0,10,,planner_acl_scalar_expected
pg-hnsw,250000,1,w4_acl,729,5.43225,1.0,10,,planner_acl_scalar_expected
pg-hnsw,250000,1,w4_acl,508,5.106166,1.0,10,,planner_acl_scalar_expected
pg-hnsw,250000,1,w4_acl,513,5.30125,1.0,10,,planner_acl_scalar_expected
pg-hnsw,250000,1,w4_acl,331,5.460834,1.0,10,,planner_acl_scalar_expected
pg-hnsw,250000,1,w4_acl,547,5.344167,1.0,10,,planner_acl_scalar_expected
pg-hnsw,250000,1,w4_acl,653,5.221542,1.0,10,,planner_acl_scalar_expected
pg-hnsw,250000,1,w4_acl,914,5.672042,1.0,10,,planner_acl_scalar_expected
pg-hnsw,250000,1,w4_acl,314,4.905584,1.0,10,,planner_acl_scalar_expected
pg-hnsw,250000,1,w4_acl,811,5.436,1.0,10,,planner_acl_scalar_expected
pg-hnsw,250000,1,w4_acl,984,5.923167,1.0,10,,planner_acl_scalar_expected
pg-hnsw,250000,1,w4_acl,406,5.701875,1.0,10,,planner_acl_scalar_expected
pg-hnsw,250000,1,w4_acl,312,4.955417,1.0,10,,planner_acl_scalar_expected
pg-hnsw,250000,1,w4_acl,316,5.183167,1.0,10,,planner_acl_scalar_expected
pg-hnsw,250000,1,w4_acl,840,4.886459,1.0,10,,planner_acl_scalar_expected
pg-hnsw,250000,1,w4_acl,832,5.40325,1.0,10,,planner_acl_scalar_expected
pg-hnsw,250000,1,w4_acl,829,4.9905,1.0,10,,planner_acl_scalar_expected
pg-hnsw,250000,1,w4_acl,955,5.018416,1.0,10,,planner_acl_scalar_expected
pg-hnsw,250000,1,w4_acl,933,5.635292,1.0,10,,planner_acl_scalar_expected
pg-hnsw,250000,1,w4_acl,264,5.052666,1.0,10,,planner_acl_scalar_expected
pg-hnsw,250000,1,w4_acl,999,5.228334,1.0,10,,planner_acl_scalar_expected
pg-hnsw,250000,1,w4_acl,293,5.74325,1.0,10,,planner_acl_scalar_expected
pg-hnsw,250000,1,w4_acl,683,4.933292,1.0,10,,planner_acl_scalar_expected
pg-hnsw,250000,1,w4_acl,333,5.882334,1.0,10,,planner_acl_scalar_expected
pg-hnsw,250000,1,w4_acl,326,5.75725,1.0,10,,planner_acl_scalar_expected
pg-hnsw,250000,1,w4_acl,418,5.143708,1.0,10,,planner_acl_scalar_expected
pg-hnsw,250000,1,w4_acl,904,5.524292,1.0,10,,planner_acl_scalar_expected
pg-hnsw,250000,1,w4_acl,827,5.724208,1.0,10,,planner_acl_scalar_expected
pg-hnsw,250000,1,w4_acl,320,5.386792,1.0,10,,planner_acl_scalar_expected
pg-hnsw,250000,1,w4_acl,187,5.685833,1.0,10,,planner_acl_scalar_expected
pg-hnsw,250000,1,w4_acl,736,5.18025,1.0,10,,planner_acl_scalar_expected
pg-hnsw,250000,1,w4_acl,824,5.832,1.0,10,,planner_acl_scalar_expected
pg-hnsw,250000,1,w4_acl,895,6.2015,1.0,10,,planner_acl_scalar_expected
pg-hnsw,250000,1,w4_acl,175,4.868833,1.0,10,,planner_acl_scalar_expected
pg-hnsw,250000,1,w4_acl,873,6.354209,1.0,10,,planner_acl_scalar_expected
pg-hnsw,250000,1,w4_acl,391,5.922625,1.0,10,,planner_acl_scalar_expected
pg-hnsw,250000,1,w4_acl,799,6.001958,1.0,10,,planner_acl_scalar_expected
pg-hnsw,250000,1,w4_acl,259,5.663541,1.0,10,,planner_acl_scalar_expected
pg-hnsw,250000,1,w4_acl,288,5.918791,1.0,10,,planner_acl_scalar_expected
pg-hnsw,250000,1,w4_acl,792,5.498625,1.0,10,,planner_acl_scalar_expected
pg-hnsw,250000,1,w4_acl,720,5.999458,1.0,10,,planner_acl_scalar_expected
pg-hnsw,250000,1,w4_acl,213,5.312875,1.0,10,,planner_acl_scalar_expected
pg-hnsw,250000,1,w4_acl,728,5.536667,1.0,10,,planner_acl_scalar_expected
pg-hnsw,250000,1,w4_acl,147,6.643833,1.0,10,,planner_acl_scalar_expected
pg-hnsw,250000,1,w4_acl,286,6.403916,1.0,10,,planner_acl_scalar_expected
pg-hnsw,250000,1,w4_acl,880,5.646958,1.0,10,,planner_acl_scalar_expected
pg-hnsw,250000,1,w4_acl,975,5.963291,1.0,10,,planner_acl_scalar_expected
pg-hnsw,250000,1,w4_acl,390,5.004709,1.0,10,,planner_acl_scalar_expected
pg-hnsw,250000,1,w4_acl,226,5.358459,1.0,10,,planner_acl_scalar_expected
pg-hnsw,250000,1,w4_acl,631,5.2695,1.0,10,,planner_acl_scalar_expected
pg-hnsw,250000,1,w4_acl,472,5.091792,1.0,10,,planner_acl_scalar_expected
pg-hnsw,250000,1,w4_acl,385,5.899708,1.0,10,,planner_acl_scalar_expected
pg-hnsw,250000,1,w4_acl,414,5.013167,1.0,10,,planner_acl_scalar_expected
pg-hnsw,250000,1,w4_acl,882,5.107833,1.0,10,,planner_acl_scalar_expected
pg-hnsw,250000,1,w4_acl,240,5.401625,1.0,10,,planner_acl_scalar_expected
pg-hnsw,250000,1,w4_acl,183,6.438833,1.0,10,,planner_acl_scalar_expected
pg-hnsw,250000,1,w4_acl,965,5.53375,1.0,10,,planner_acl_scalar_expected
pg-hnsw,250000,1,w4_acl,615,5.460625,1.0,10,,planner_acl_scalar_expected
pg-hnsw,250000,1,w4_acl,666,6.243834,1.0,10,,planner_acl_scalar_expected
pg-hnsw,250000,1,w4_acl,944,4.946875,1.0,10,,planner_acl_scalar_expected
pg-hnsw,250000,1,w4_acl,455,6.294125,1.0,10,,planner_acl_scalar_expected
pg-hnsw,250000,1,w4_acl,548,6.652459,1.0,10,,planner_acl_scalar_expected
pg-hnsw,250000,1,w4_acl,697,6.511958,1.0,10,,planner_acl_scalar_expected
pg-hnsw,250000,1,w4_acl,251,6.286625,1.0,10,,planner_acl_scalar_expected
pg-hnsw,250000,1,w4_acl,498,5.295625,1.0,10,,planner_acl_scalar_expected
pg-hnsw,250000,1,w4_acl,668,6.354,1.0,10,,planner_acl_scalar_expected
pg-hnsw,250000,1,w4_acl,563,5.3715,1.0,10,,planner_acl_scalar_expected
pg-hnsw,250000,1,w4_acl,511,5.4925,1.0,10,,planner_acl_scalar_expected
pg-hnsw,250000,1,w4_acl,907,5.854958,1.0,10,,planner_acl_scalar_expected
pg-hnsw,250000,1,w4_acl,594,6.215375,1.0,10,,planner_acl_scalar_expected
pg-hnsw,250000,1,w4_acl,245,5.234083,1.0,10,,planner_acl_scalar_expected
pg-hnsw,250000,1,w4_acl,705,5.660167,1.0,10,,planner_acl_scalar_expected
pg-hnsw,250000,1,w4_acl,431,6.315458,1.0,10,,planner_acl_scalar_expected
pg-hnsw,250000,1,w4_acl,348,5.96225,1.0,10,,planner_acl_scalar_expected
pg-hnsw,250000,1,w4_acl,565,5.545917,1.0,10,,planner_acl_scalar_expected
pg-hnsw,250000,1,w4_acl,330,5.697541,1.0,10,,planner_acl_scalar_expected
pg-hnsw,250000,1,w4_acl,377,6.424042,1.0,10,,planner_acl_scalar_expected
pg-hnsw,250000,1,w4_acl,342,5.525583,1.0,10,,planner_acl_scalar_expected
pg-hnsw,250000,1,w4_acl,669,5.652541,1.0,10,,planner_acl_scalar_expected
pg-hnsw,250000,1,w4_acl,487,5.535542,1.0,10,,planner_acl_scalar_expected
pg-hnsw,250000,1,w4_acl,757,5.943458,1.0,10,,planner_acl_scalar_expected
pg-hnsw,250000,1,w4_acl,924,5.492042,1.0,10,,planner_acl_scalar_expected
pg-hnsw,250000,1,w4_acl,435,5.968417,1.0,10,,planner_acl_scalar_expected
pg-hnsw,250000,1,w4_acl,382,6.040625,1.0,10,,planner_acl_scalar_expected
pg-hnsw,250000,1,w4_acl,222,5.3965,1.0,10,,planner_acl_scalar_expected
pg-hnsw,250000,1,w4_acl,529,9.019917,1.0,10,,planner_acl_scalar_expected
pg-hnsw,250000,1,w4_acl,373,5.897666,1.0,10,,planner_acl_scalar_expected
pg-hnsw,250000,1,w4_acl,793,8.468417,1.0,10,,planner_acl_scalar_expected
pg-hnsw,250000,1,w4_acl,368,5.660791,1.0,10,,planner_acl_scalar_expected
pg-hnsw,250000,1,w4_acl,919,8.608166,1.0,10,,planner_acl_scalar_expected
pg-hnsw,250000,1,w4_acl,103,5.440792,1.0,10,,planner_acl_scalar_expected
pg-hnsw,250000,1,w4_acl,481,5.928708,1.0,10,,planner_acl_scalar_expected
pg-hnsw,250000,1,w4_acl,163,5.187667,1.0,10,,planner_acl_scalar_expected
pg-hnsw,250000,1,w4_acl,733,5.676666,1.0,10,,planner_acl_scalar_expected
pg-hnsw,250000,1,w4_acl,372,5.350291,1.0,10,,planner_acl_scalar_expected
pg-hnsw,250000,1,w4_acl,140,5.881875,1.0,10,,planner_acl_scalar_expected
pg-hnsw,250000,1,w4_acl,428,5.73975,1.0,10,,planner_acl_scalar_expected
pg-hnsw,250000,1,w4_acl,989,5.705583,1.0,10,,planner_acl_scalar_expected
pg-hnsw,250000,1,w4_acl,656,5.271083,1.0,10,,planner_acl_scalar_expected
pg-hnsw,250000,1,w4_acl,838,5.823792,1.0,10,,planner_acl_scalar_expected
pg-hnsw,250000,1,w4_acl,217,5.558292,1.0,10,,planner_acl_scalar_expected
pg-hnsw,250000,1,w4_acl,134,6.428334,1.0,10,,planner_acl_scalar_expected
pg-hnsw,250000,1,w4_acl,931,6.4215,1.0,10,,planner_acl_scalar_expected
pg-hnsw,250000,1,w4_acl,714,6.62425,1.0,10,,planner_acl_scalar_expected
pg-hnsw,250000,1,w4_acl,744,5.824625,1.0,10,,planner_acl_scalar_expected
pg-hnsw,250000,1,w4_acl,108,6.081667,1.0,10,,planner_acl_scalar_expected
pg-hnsw,250000,1,w4_acl,948,6.513334,1.0,10,,planner_acl_scalar_expected
pg-hnsw,250000,1,w4_acl,849,5.732708,1.0,10,,planner_acl_scalar_expected
pg-hnsw,250000,1,w4_acl,195,5.412917,1.0,10,,planner_acl_scalar_expected
pg-hnsw,250000,1,w4_acl,596,9.413125,1.0,10,,planner_acl_scalar_expected
pg-hnsw,250000,1,w4_acl,128,6.419708,1.0,10,,planner_acl_scalar_expected
pg-hnsw,250000,1,w4_acl,747,5.788917,1.0,10,,planner_acl_scalar_expected
pg-hnsw,250000,1,w4_acl,540,5.16275,1.0,10,,planner_acl_scalar_expected
pg-hnsw,250000,1,w4_acl,189,6.570084,1.0,10,,planner_acl_scalar_expected
pg-hnsw,250000,1,w4_acl,365,5.259958,1.0,10,,planner_acl_scalar_expected
pg-hnsw,250000,1,w4_acl,161,5.0575,1.0,10,,planner_acl_scalar_expected
pg-hnsw,250000,1,w4_acl,995,5.520375,1.0,10,,planner_acl_scalar_expected
pg-hnsw,250000,1,w4_acl,856,6.170791,1.0,10,,planner_acl_scalar_expected
pg-hnsw,250000,1,w4_acl,643,5.892291,1.0,10,,planner_acl_scalar_expected
pg-hnsw,250000,1,w4_acl,588,5.678583,1.0,10,,planner_acl_scalar_expected
pg-hnsw,250000,1,w4_acl,710,5.984542,1.0,10,,planner_acl_scalar_expected
pg-hnsw,250000,1,w4_acl,409,5.932917,1.0,10,,planner_acl_scalar_expected
pg-hnsw,250000,1,w4_acl,197,5.947541,1.0,10,,planner_acl_scalar_expected
pg-hnsw,250000,1,w4_acl,618,5.787625,1.0,10,,planner_acl_scalar_expected
pg-hnsw,250000,1,w4_acl,436,6.153083,1.0,10,,planner_acl_scalar_expected
pg-hnsw,250000,1,w4_acl,706,5.611167,1.0,10,,planner_acl_scalar_expected
pg-hnsw,250000,1,w4_acl,378,5.564125,1.0,10,,planner_acl_scalar_expected
pg-hnsw,250000,1,w4_acl,402,5.21475,1.0,10,,planner_acl_scalar_expected
pg-hnsw,250000,1,w4_acl,664,6.566875,1.0,10,,planner_acl_scalar_expected
pg-hnsw,250000,1,w4_acl,184,5.170958,1.0,10,,planner_acl_scalar_expected
pg-hnsw,250000,1,w4_acl,199,5.634709,1.0,10,,planner_acl_scalar_expected
pg-hnsw,250000,1,w4_acl,353,5.746625,1.0,10,,planner_acl_scalar_expected
pg-hnsw,250000,1,w4_acl,823,6.030333,1.0,10,,planner_acl_scalar_expected
pg-hnsw,250000,1,w4_acl,592,5.4315,1.0,10,,planner_acl_scalar_expected
pg-hnsw,250000,1,w4_acl,897,6.202583,1.0,10,,planner_acl_scalar_expected
pg-hnsw,250000,1,w4_acl,236,5.289167,1.0,10,,planner_acl_scalar_expected
pg-hnsw,250000,1,w4_acl,887,5.710916,1.0,10,,planner_acl_scalar_expected
pg-hnsw,250000,1,w4_acl,281,8.632,1.0,10,,planner_acl_scalar_expected
pg-hnsw,250000,1,w4_acl,447,6.090792,1.0,10,,planner_acl_scalar_expected
pg-hnsw,250000,1,w4_acl,816,5.631208,1.0,10,,planner_acl_scalar_expected
pg-hnsw,250000,1,w4_acl,797,6.657958,1.0,10,,planner_acl_scalar_expected
pg-hnsw,250000,1,w4_acl,510,5.482959,1.0,10,,planner_acl_scalar_expected
pg-hnsw,250000,1,w4_acl,698,5.356333,1.0,10,,planner_acl_scalar_expected
pg-hnsw,250000,1,w4_acl,852,4.96375,1.0,10,,planner_acl_scalar_expected
pg-hnsw,250000,1,w4_acl,737,5.422917,1.0,10,,planner_acl_scalar_expected
pg-hnsw,250000,1,w4_acl,202,6.198584,1.0,10,,planner_acl_scalar_expected
pg-hnsw,250000,1,w4_acl,325,5.569584,1.0,10,,planner_acl_scalar_expected
pg-hnsw,250000,1,w4_acl,430,6.567584,1.0,10,,planner_acl_scalar_expected
pg-hnsw,250000,1,w4_acl,324,5.513833,1.0,10,,planner_acl_scalar_expected
pg-hnsw,250000,1,w4_acl,927,5.256541,1.0,10,,planner_acl_scalar_expected
pg-hnsw,250000,1,w4_acl,929,5.387792,1.0,10,,planner_acl_scalar_expected
pg-hnsw,250000,1,w4_acl,839,8.261208,1.0,10,,planner_acl_scalar_expected
pg-hnsw,250000,1,w4_acl,917,8.738917,1.0,10,,planner_acl_scalar_expected
pg-hnsw,250000,1,w4_acl,610,5.64225,1.0,10,,planner_acl_scalar_expected
pg-hnsw,250000,1,w4_acl,704,7.342083,1.0,10,,planner_acl_scalar_expected
pg-hnsw,250000,1,w4_acl,440,5.244875,1.0,10,,planner_acl_scalar_expected
pg-hnsw,250000,1,w4_acl,776,5.765292,1.0,10,,planner_acl_scalar_expected
pg-hnsw,250000,1,w4_acl,258,5.588375,1.0,10,,planner_acl_scalar_expected
pg-hnsw,250000,1,w4_acl,171,5.219791,1.0,10,,planner_acl_scalar_expected
pg-hnsw,250000,1,w4_acl,231,5.909833,1.0,10,,planner_acl_scalar_expected
pg-hnsw,250000,1,w4_acl,915,5.710125,1.0,10,,planner_acl_scalar_expected
pg-hnsw,250000,1,w4_acl,411,4.501583,1.0,10,,planner_acl_scalar_expected
pg-hnsw,250000,1,w4_acl,652,4.911125,1.0,10,,planner_acl_scalar_expected
pg-hnsw,250000,1,w4_acl,239,4.825459,1.0,10,,planner_acl_scalar_expected
pg-hnsw,250000,1,w4_acl,872,6.561208,1.0,10,,planner_acl_scalar_expected
pg-hnsw,250000,1,w4_acl,650,6.8095,1.0,10,,planner_acl_scalar_expected
pg-hnsw,250000,1,w4_acl,679,7.766583,1.0,10,,planner_acl_scalar_expected
pg-hnsw,250000,1,w4_acl,506,5.521208,1.0,10,,planner_acl_scalar_expected
pg-hnsw,250000,1,w4_acl,341,5.245666,1.0,10,,planner_acl_scalar_expected
pg-hnsw,250000,1,w4_acl,951,6.023083,1.0,10,,planner_acl_scalar_expected
pg-hnsw,250000,1,w4_acl,496,5.336083,1.0,10,,planner_acl_scalar_expected
pg-hnsw,250000,1,w4_acl,469,5.507792,1.0,10,,planner_acl_scalar_expected
pg-hnsw,250000,1,w4_acl,561,6.529209,1.0,10,,planner_acl_scalar_expected
pg-hnsw,250000,1,w4_acl,711,5.508084,1.0,10,,planner_acl_scalar_expected
pg-hnsw,250000,1,w4_acl,903,5.11575,1.0,10,,planner_acl_scalar_expected
pg-hnsw,250000,1,w4_acl,410,6.305292,1.0,10,,planner_acl_scalar_expected
pg-hnsw,250000,1,w4_acl,901,5.785167,1.0,10,,planner_acl_scalar_expected
pg-hnsw,250000,1,w4_acl,209,5.563959,1.0,10,,planner_acl_scalar_expected
pg-hnsw,250000,1,w4_acl,158,5.683209,1.0,10,,planner_acl_scalar_expected
pg-hnsw,250000,1,w4_acl,759,5.2105,1.0,10,,planner_acl_scalar_expected
pg-hnsw,250000,1,w4_acl,204,5.033834,1.0,10,,planner_acl_scalar_expected
pg-hnsw,250000,1,w4_acl,577,5.9435,1.0,10,,planner_acl_scalar_expected
pg-hnsw,250000,1,w4_acl,246,5.306625,1.0,10,,planner_acl_scalar_expected
pg-hnsw,250000,1,w4_acl,994,5.405125,1.0,10,,planner_acl_scalar_expected
pg-hnsw,250000,1,w4_acl,434,4.178458,1.0,10,,planner_acl_scalar_expected
pg-hnsw,250000,1,w4_acl,591,5.342959,1.0,10,,planner_acl_scalar_expected
pg-hnsw,250000,1,w4_acl,208,5.357792,1.0,10,,planner_acl_scalar_expected
pg-hnsw,250000,1,w4_acl,877,9.4125,1.0,10,,planner_acl_scalar_expected
pg-hnsw,250000,1,w4_acl,862,6.478167,1.0,10,,planner_acl_scalar_expected
pg-hnsw,250000,1,w4_acl,700,5.333542,1.0,10,,planner_acl_scalar_expected
pg-hnsw,250000,1,w4_acl,156,5.158209,1.0,10,,planner_acl_scalar_expected
pg-hnsw,250000,1,w4_acl,970,9.165541,1.0,10,,planner_acl_scalar_expected
pg-hnsw,250000,1,w4_acl,119,5.50275,1.0,10,,planner_acl_scalar_expected
pg-hnsw,250000,1,w4_acl,178,6.178417,1.0,10,,planner_acl_scalar_expected
pg-hnsw,250000,1,w4_acl,555,5.655375,1.0,10,,planner_acl_scalar_expected
pg-hnsw,250000,1,w4_acl,356,6.134083,1.0,10,,planner_acl_scalar_expected
pg-hnsw,250000,1,w4_acl,850,5.935083,1.0,10,,planner_acl_scalar_expected
pg-hnsw,250000,1,w4_acl,139,5.858792,1.0,10,,planner_acl_scalar_expected
pg-hnsw,250000,1,w4_acl,879,5.28775,1.0,10,,planner_acl_scalar_expected
pg-hnsw,250000,1,w4_acl,884,5.996917,1.0,10,,planner_acl_scalar_expected
pg-hnsw,250000,1,w4_acl,386,6.809667,1.0,10,,planner_acl_scalar_expected
pg-hnsw,250000,1,w4_acl,890,5.378917,1.0,10,,planner_acl_scalar_expected
pg-hnsw,250000,1,w4_acl,327,6.157,1.0,10,,planner_acl_scalar_expected
pg-hnsw,250000,1,w4_acl,958,5.10275,1.0,10,,planner_acl_scalar_expected
pg-hnsw,250000,1,w4_acl,480,5.793542,1.0,10,,planner_acl_scalar_expected
pg-hnsw,250000,1,w4_acl,294,5.555708,1.0,10,,planner_acl_scalar_expected
pg-hnsw,250000,1,w4_acl,795,5.792083,1.0,10,,planner_acl_scalar_expected
pg-hnsw,250000,1,w4_acl,672,12.054875,1.0,10,,planner_acl_scalar_expected
pg-hnsw,250000,1,w4_acl,276,5.644833,1.0,10,,planner_acl_scalar_expected
pg-hnsw,250000,1,w4_acl,637,6.282417,1.0,10,,planner_acl_scalar_expected
pg-hnsw,250000,1,w4_acl,865,5.758875,1.0,10,,planner_acl_scalar_expected
pg-hnsw,250000,1,w4_acl,136,6.17875,1.0,10,,planner_acl_scalar_expected
pg-hnsw,250000,1,w4_acl,467,6.028125,1.0,10,,planner_acl_scalar_expected
pg-hnsw,250000,1,w4_acl,833,5.797166,1.0,10,,planner_acl_scalar_expected
pg-hnsw,250000,1,w4_acl,553,5.576583,1.0,10,,planner_acl_scalar_expected
pg-hnsw,250000,1,w4_acl,219,5.41225,1.0,10,,planner_acl_scalar_expected
pg-hnsw,250000,1,w4_acl,383,9.491,1.0,10,,planner_acl_scalar_expected
pg-hnsw,250000,1,w4_acl,896,5.996875,1.0,10,,planner_acl_scalar_expected
pg-hnsw,250000,1,w4_acl,405,5.962875,1.0,10,,planner_acl_scalar_expected
pg-hnsw,250000,1,w4_acl,580,8.295959,1.0,10,,planner_acl_scalar_expected
pg-hnsw,250000,1,w4_acl,530,5.772459,1.0,10,,planner_acl_scalar_expected
pg-hnsw,250000,1,w4_acl,207,6.226583,1.0,10,,planner_acl_scalar_expected
pg-hnsw,250000,1,w4_acl,685,6.123584,1.0,10,,planner_acl_scalar_expected
pg-hnsw,250000,1,w4_acl,846,5.067375,1.0,10,,planner_acl_scalar_expected
pg-hnsw,250000,1,w4_acl,362,5.751042,1.0,10,,planner_acl_scalar_expected
pg-hnsw,250000,1,w4_acl,449,6.160208,1.0,10,,planner_acl_scalar_expected
pg-hnsw,250000,1,w4_acl,249,5.3235,1.0,10,,planner_acl_scalar_expected
pg-hnsw,250000,1,w4_acl,474,5.907458,1.0,10,,planner_acl_scalar_expected
pg-hnsw,250000,1,w4_acl,476,7.56675,1.0,10,,planner_acl_scalar_expected
pg-hnsw,250000,1,w4_acl,731,6.110334,1.0,10,,planner_acl_scalar_expected
pg-hnsw,250000,1,w4_acl,834,5.977792,1.0,10,,planner_acl_scalar_expected
pg-hnsw,250000,1,w4_acl,982,5.619834,1.0,10,,planner_acl_scalar_expected
pg-hnsw,250000,1,w4_acl,680,9.013542,1.0,10,,planner_acl_scalar_expected
pg-hnsw,250000,1,w4_acl,661,6.3865,1.0,10,,planner_acl_scalar_expected
pg-hnsw,250000,1,w4_acl,848,8.0855,1.0,10,,planner_acl_scalar_expected
pg-hnsw,250000,1,w4_acl,660,5.333083,1.0,10,,planner_acl_scalar_expected
pg-hnsw,250000,1,w4_acl,165,5.256,1.0,10,,planner_acl_scalar_expected
pg-hnsw,250000,1,w4_acl,787,6.417833,1.0,10,,planner_acl_scalar_expected
pg-hnsw,250000,1,w4_acl,309,5.6075,1.0,10,,planner_acl_scalar_expected
pg-hnsw,250000,1,w4_acl,479,5.908709,1.0,10,,planner_acl_scalar_expected
pg-hnsw,250000,1,w4_acl,273,5.50675,1.0,10,,planner_acl_scalar_expected
pg-hnsw,250000,1,w4_acl,876,5.253417,1.0,10,,planner_acl_scalar_expected
pg-hnsw,250000,1,w4_acl,925,5.416333,1.0,10,,planner_acl_scalar_expected
pg-hnsw,250000,1,w4_acl,515,5.822625,1.0,10,,planner_acl_scalar_expected
pg-hnsw,250000,1,w4_acl,938,6.465958,1.0,10,,planner_acl_scalar_expected
pg-hnsw,250000,1,w4_acl,473,5.978917,1.0,10,,planner_acl_scalar_expected
pg-hnsw,250000,1,w4_acl,691,6.354666,1.0,10,,planner_acl_scalar_expected
pg-hnsw,250000,1,w4_acl,957,5.473833,1.0,10,,planner_acl_scalar_expected
pg-hnsw,250000,1,w4_acl,143,8.934583,1.0,10,,planner_acl_scalar_expected
pg-hnsw,250000,1,w4_acl,670,6.256875,1.0,10,,planner_acl_scalar_expected
pg-hnsw,250000,1,w4_acl,125,9.515458,1.0,10,,planner_acl_scalar_expected
pg-hnsw,250000,1,w4_acl,452,6.586708,1.0,10,,planner_acl_scalar_expected
pg-hnsw,250000,1,w4_acl,748,5.776125,1.0,10,,planner_acl_scalar_expected
pg-hnsw,250000,1,w4_acl,397,5.461333,1.0,10,,planner_acl_scalar_expected
pg-hnsw,250000,1,w4_acl,132,6.110375,1.0,10,,planner_acl_scalar_expected
pg-hnsw,250000,1,w4_acl,595,5.467875,1.0,10,,planner_acl_scalar_expected
pg-hnsw,250000,1,w4_acl,269,5.199333,1.0,10,,planner_acl_scalar_expected
pg-hnsw,250000,1,w4_acl,732,6.477125,1.0,10,,planner_acl_scalar_expected
pg-hnsw,250000,1,w4_acl,200,4.823833,1.0,10,,planner_acl_scalar_expected
pg-hnsw,250000,1,w4_acl,826,5.6115,1.0,10,,planner_acl_scalar_expected
pg-hnsw,250000,1,w4_acl,900,6.24875,1.0,10,,planner_acl_scalar_expected
pg-hnsw,250000,1,w4_acl,145,6.996333,1.0,10,,planner_acl_scalar_expected
pg-hnsw,250000,1,w4_acl,323,5.97725,1.0,10,,planner_acl_scalar_expected
pg-hnsw,250000,1,w4_acl,486,5.270584,1.0,10,,planner_acl_scalar_expected
pg-hnsw,250000,1,w4_acl,403,8.606667,1.0,10,,planner_acl_scalar_expected
pg-hnsw,250000,1,w4_acl,299,5.535959,1.0,10,,planner_acl_scalar_expected
pg-hnsw,250000,1,w4_acl,244,4.968583,1.0,10,,planner_acl_scalar_expected
pg-hnsw,250000,1,w4_acl,870,6.091833,1.0,10,,planner_acl_scalar_expected
pg-hnsw,250000,1,w4_acl,345,5.303208,1.0,10,,planner_acl_scalar_expected
pg-hnsw,250000,1,w4_acl,421,5.0955,1.0,10,,planner_acl_scalar_expected
pg-hnsw,250000,1,w4_acl,527,5.084875,1.0,10,,planner_acl_scalar_expected
pg-hnsw,250000,1,w4_acl,328,5.741583,1.0,10,,planner_acl_scalar_expected
pg-hnsw,250000,1,w4_acl,667,5.771,1.0,10,,planner_acl_scalar_expected
pg-hnsw,250000,1,w4_acl,764,5.459917,1.0,10,,planner_acl_scalar_expected
pg-hnsw,250000,1,w4_acl,569,7.224292,1.0,10,,planner_acl_scalar_expected
pg-hnsw,250000,1,w4_acl,574,5.805959,1.0,10,,planner_acl_scalar_expected
pg-hnsw,250000,1,w4_acl,559,5.988167,1.0,10,,planner_acl_scalar_expected
pg-hnsw,250000,1,w4_acl,780,5.114166,1.0,10,,planner_acl_scalar_expected
pg-hnsw,250000,1,w4_acl,988,5.6615,1.0,10,,planner_acl_scalar_expected
pg-hnsw,250000,1,w4_acl,254,5.356292,1.0,10,,planner_acl_scalar_expected
pg-hnsw,250000,1,w4_acl,983,5.665209,1.0,10,,planner_acl_scalar_expected
pg-hnsw,250000,1,w4_acl,960,5.866875,1.0,10,,planner_acl_scalar_expected
pg-hnsw,250000,1,w4_acl,502,6.234208,1.0,10,,planner_acl_scalar_expected
pg-hnsw,250000,1,w4_acl,412,10.551791,1.0,10,,planner_acl_scalar_expected
pg-hnsw,250000,1,w4_acl,681,5.761084,1.0,10,,planner_acl_scalar_expected
pg-hnsw,250000,1,w4_acl,142,5.640125,1.0,10,,planner_acl_scalar_expected
pg-hnsw,250000,1,w4_acl,291,7.767166,1.0,10,,planner_acl_scalar_expected
pg-hnsw,250000,1,w4_acl,552,5.213792,1.0,10,,planner_acl_scalar_expected
pg-hnsw,250000,1,w4_acl,519,5.033042,1.0,10,,planner_acl_scalar_expected
pg-hnsw,250000,1,w4_acl,642,5.631125,1.0,10,,planner_acl_scalar_expected
pg-hnsw,250000,1,w4_acl,262,5.955458,1.0,10,,planner_acl_scalar_expected
pg-hnsw,250000,1,w4_acl,196,5.869541,1.0,10,,planner_acl_scalar_expected
pg-hnsw,250000,1,w4_acl,155,5.563208,1.0,10,,planner_acl_scalar_expected
pg-hnsw,250000,1,w4_acl,212,4.88225,1.0,10,,planner_acl_scalar_expected
pg-hnsw,250000,1,w4_acl,800,4.891625,1.0,10,,planner_acl_scalar_expected
pg-hnsw,250000,1,w4_acl,350,8.591583,1.0,10,,planner_acl_scalar_expected
pg-hnsw,250000,1,w4_acl,600,5.230416,1.0,10,,planner_acl_scalar_expected
pg-hnsw,250000,1,w4_acl,609,5.700042,1.0,10,,planner_acl_scalar_expected
pg-hnsw,250000,1,w4_acl,451,5.66525,1.0,10,,planner_acl_scalar_expected
pg-hnsw,250000,1,w4_acl,567,5.349125,1.0,10,,planner_acl_scalar_expected
pg-hnsw,250000,1,w4_acl,761,6.08675,1.0,10,,planner_acl_scalar_expected
pg-hnsw,250000,1,w4_acl,536,9.914458,1.0,10,,planner_acl_scalar_expected
pg-hnsw,250000,1,w4_acl,347,10.156917,1.0,10,,planner_acl_scalar_expected
pg-hnsw,250000,1,w4_acl,805,5.929083,1.0,10,,planner_acl_scalar_expected
pg-hnsw,250000,1,w4_acl,118,5.290542,1.0,10,,planner_acl_scalar_expected
pg-hnsw,250000,1,w4_acl,505,5.950584,1.0,10,,planner_acl_scalar_expected
pg-hnsw,250000,1,w4_acl,465,5.801125,1.0,10,,planner_acl_scalar_expected
pg-hnsw,250000,1,w4_acl,394,9.576333,1.0,10,,planner_acl_scalar_expected
pg-hnsw,250000,1,w4_acl,400,5.246417,1.0,10,,planner_acl_scalar_expected
pg-hnsw,250000,1,w4_acl,961,6.069417,1.0,10,,planner_acl_scalar_expected
pg-hnsw,250000,1,w4_acl,601,6.762167,1.0,10,,planner_acl_scalar_expected
pg-hnsw,250000,1,w4_acl,898,5.389458,1.0,10,,planner_acl_scalar_expected
pg-hnsw,250000,1,w4_acl,558,5.497416,1.0,10,,planner_acl_scalar_expected
pg-hnsw,250000,1,w4_acl,253,6.640041,1.0,10,,planner_acl_scalar_expected
pg-hnsw,250000,1,w4_acl,182,5.901291,1.0,10,,planner_acl_scalar_expected
pg-hnsw,250000,1,w4_acl,648,8.3625,1.0,10,,planner_acl_scalar_expected
pg-hnsw,250000,1,w4_acl,317,6.124125,1.0,10,,planner_acl_scalar_expected
pg-hnsw,250000,1,w4_acl,543,5.964042,1.0,10,,planner_acl_scalar_expected
pg-hnsw,250000,1,w4_acl,889,6.097167,1.0,10,,planner_acl_scalar_expected
pg-hnsw,250000,1,w4_acl,579,5.741041,1.0,10,,planner_acl_scalar_expected
pg-hnsw,250000,1,w4_acl,590,8.545833,1.0,10,,planner_acl_scalar_expected
pg-hnsw,250000,1,w4_acl,828,6.204417,1.0,10,,planner_acl_scalar_expected
