engine,dataset_size,repetition,workload,query_rank,latency_ms,recall10,returned_count,candidate_count,execution_path
qdrant,250000,2,w1,633,9.464125,1.0,10,10,approx
qdrant,250000,2,w1,986,6.233875,1.0,10,10,approx
qdrant,250000,2,w1,746,10.52475,1.0,10,10,approx
qdrant,250000,2,w1,221,7.220291,1.0,10,10,approx
qdrant,250000,2,w1,328,6.570959,1.0,10,10,approx
qdrant,250000,2,w1,944,5.899042,0.8,10,10,approx
qdrant,250000,2,w1,731,6.36825,1.0,10,10,approx
qdrant,250000,2,w1,464,6.656125,0.9,10,10,approx
qdrant,250000,2,w1,218,6.646833,1.0,10,10,approx
qdrant,250000,2,w1,165,6.336459,1.0,10,10,approx
qdrant,250000,2,w1,795,10.939292,1.0,10,10,approx
qdrant,250000,2,w1,895,6.871416,1.0,10,10,approx
qdrant,250000,2,w1,533,16.319542,1.0,10,10,approx
qdrant,250000,2,w1,463,5.7485,1.0,10,10,approx
qdrant,250000,2,w1,180,5.768875,1.0,10,10,approx
qdrant,250000,2,w1,470,5.187625,1.0,10,10,approx
qdrant,250000,2,w1,709,9.705,1.0,10,10,approx
qdrant,250000,2,w1,551,8.185292,1.0,10,10,approx
qdrant,250000,2,w1,884,7.1235,1.0,10,10,approx
qdrant,250000,2,w1,240,6.839958,1.0,10,10,approx
qdrant,250000,2,w1,449,6.083209,1.0,10,10,approx
qdrant,250000,2,w1,400,6.596833,0.9,10,10,approx
qdrant,250000,2,w1,759,6.596958,1.0,10,10,approx
qdrant,250000,2,w1,734,7.988,0.8,10,10,approx
qdrant,250000,2,w1,544,9.45125,1.0,10,10,approx
qdrant,250000,2,w1,366,6.609917,0.9,10,10,approx
qdrant,250000,2,w1,503,6.299041,0.9,10,10,approx
qdrant,250000,2,w1,390,6.701792,1.0,10,10,approx
qdrant,250000,2,w1,816,9.17125,1.0,10,10,approx
qdrant,250000,2,w1,645,6.93,1.0,10,10,approx
qdrant,250000,2,w1,266,13.748834,1.0,10,10,approx
qdrant,250000,2,w1,547,7.828667,1.0,10,10,approx
qdrant,250000,2,w1,972,9.139,1.0,10,10,approx
qdrant,250000,2,w1,755,7.160125,1.0,10,10,approx
qdrant,250000,2,w1,321,9.885084,1.0,10,10,approx
qdrant,250000,2,w1,227,6.479625,1.0,10,10,approx
qdrant,250000,2,w1,954,7.327291,1.0,10,10,approx
qdrant,250000,2,w1,386,7.148,0.8,10,10,approx
qdrant,250000,2,w1,670,7.601167,1.0,10,10,approx
qdrant,250000,2,w1,476,8.57925,1.0,10,10,approx
qdrant,250000,2,w1,316,9.920042,1.0,10,10,approx
qdrant,250000,2,w1,987,8.152833,1.0,10,10,approx
qdrant,250000,2,w1,362,16.091792,1.0,10,10,approx
qdrant,250000,2,w1,237,6.939292,1.0,10,10,approx
qdrant,250000,2,w1,894,6.296458,1.0,10,10,approx
qdrant,250000,2,w1,367,6.510084,1.0,10,10,approx
qdrant,250000,2,w1,671,6.589167,0.9,10,10,approx
qdrant,250000,2,w1,800,9.791625,1.0,10,10,approx
qdrant,250000,2,w1,867,6.908042,1.0,10,10,approx
qdrant,250000,2,w1,611,7.463291,1.0,10,10,approx
qdrant,250000,2,w1,158,10.091083,1.0,10,10,approx
qdrant,250000,2,w1,823,7.059625,1.0,10,10,approx
qdrant,250000,2,w1,715,7.51375,1.0,10,10,approx
qdrant,250000,2,w1,819,7.655375,1.0,10,10,approx
qdrant,250000,2,w1,985,6.345458,1.0,10,10,approx
qdrant,250000,2,w1,236,7.203833,1.0,10,10,approx
qdrant,250000,2,w1,382,7.65025,1.0,10,10,approx
qdrant,250000,2,w1,705,7.332583,0.8,10,10,approx
qdrant,250000,2,w1,901,7.0435,0.8,10,10,approx
qdrant,250000,2,w1,907,7.122042,0.9,10,10,approx
qdrant,250000,2,w1,809,10.724458,1.0,10,10,approx
qdrant,250000,2,w1,687,8.025584,0.8,10,10,approx
qdrant,250000,2,w1,672,8.177709,1.0,10,10,approx
qdrant,250000,2,w1,203,6.472125,1.0,10,10,approx
qdrant,250000,2,w1,517,10.059834,1.0,10,10,approx
qdrant,250000,2,w1,121,11.157,0.9,10,10,approx
qdrant,250000,2,w1,704,11.05075,1.0,10,10,approx
qdrant,250000,2,w1,940,7.460042,1.0,10,10,approx
qdrant,250000,2,w1,864,7.199167,1.0,10,10,approx
qdrant,250000,2,w1,851,10.120042,1.0,10,10,approx
qdrant,250000,2,w1,294,6.157167,1.0,10,10,approx
qdrant,250000,2,w1,724,6.199083,1.0,10,10,approx
qdrant,250000,2,w1,161,6.036625,1.0,10,10,approx
qdrant,250000,2,w1,979,8.676625,0.9,10,10,approx
qdrant,250000,2,w1,931,9.514041,1.0,10,10,approx
qdrant,250000,2,w1,930,6.549291,0.9,10,10,approx
qdrant,250000,2,w1,262,5.575542,1.0,10,10,approx
qdrant,250000,2,w1,974,5.935667,1.0,10,10,approx
qdrant,250000,2,w1,230,5.557208,1.0,10,10,approx
qdrant,250000,2,w1,625,6.473709,1.0,10,10,approx
qdrant,250000,2,w1,675,6.504,1.0,10,10,approx
qdrant,250000,2,w1,419,11.457459,1.0,10,10,approx
qdrant,250000,2,w1,344,12.89625,1.0,10,10,approx
qdrant,250000,2,w1,812,8.43525,1.0,10,10,approx
qdrant,250000,2,w1,921,7.7135,1.0,10,10,approx
qdrant,250000,2,w1,958,8.441083,1.0,10,10,approx
qdrant,250000,2,w1,849,9.347292,1.0,10,10,approx
qdrant,250000,2,w1,186,6.051292,1.0,10,10,approx
qdrant,250000,2,w1,857,6.401417,1.0,10,10,approx
qdrant,250000,2,w1,697,9.644917,1.0,10,10,approx
qdrant,250000,2,w1,786,6.930333,1.0,10,10,approx
qdrant,250000,2,w1,855,10.100375,1.0,10,10,approx
qdrant,250000,2,w1,350,10.638666,0.9,10,10,approx
qdrant,250000,2,w1,588,6.05575,0.7,10,10,approx
qdrant,250000,2,w1,530,5.926125,0.9,10,10,approx
qdrant,250000,2,w1,916,9.272209,1.0,10,10,approx
qdrant,250000,2,w1,767,11.770875,1.0,10,10,approx
qdrant,250000,2,w1,311,6.834083,1.0,10,10,approx
qdrant,250000,2,w1,922,6.8435,1.0,10,10,approx
qdrant,250000,2,w1,393,7.227083,1.0,10,10,approx
qdrant,250000,2,w1,681,12.309375,0.9,10,10,approx
qdrant,250000,2,w1,134,7.528542,1.0,10,10,approx
qdrant,250000,2,w1,415,7.799667,1.0,10,10,approx
qdrant,250000,2,w1,641,11.118333,1.0,10,10,approx
qdrant,250000,2,w1,437,12.807292,1.0,10,10,approx
qdrant,250000,2,w1,111,7.192334,1.0,10,10,approx
qdrant,250000,2,w1,554,7.031,1.0,10,10,approx
qdrant,250000,2,w1,231,7.321625,1.0,10,10,approx
qdrant,250000,2,w1,951,9.848084,1.0,10,10,approx
qdrant,250000,2,w1,885,7.331125,1.0,10,10,approx
qdrant,250000,2,w1,920,6.808708,1.0,10,10,approx
qdrant,250000,2,w1,431,5.694459,1.0,10,10,approx
qdrant,250000,2,w1,522,6.239875,1.0,10,10,approx
qdrant,250000,2,w1,679,7.314833,1.0,10,10,approx
qdrant,250000,2,w1,657,9.339,1.0,10,10,approx
qdrant,250000,2,w1,630,6.457042,1.0,10,10,approx
qdrant,250000,2,w1,181,11.5095,0.6,10,10,approx
qdrant,250000,2,w1,660,5.657875,1.0,10,10,approx
qdrant,250000,2,w1,428,7.368916,1.0,10,10,approx
qdrant,250000,2,w1,927,6.702833,1.0,10,10,approx
qdrant,250000,2,w1,827,5.984292,1.0,10,10,approx
qdrant,250000,2,w1,775,5.041584,1.0,10,10,approx
qdrant,250000,2,w1,228,8.7505,1.0,10,10,approx
qdrant,250000,2,w1,928,5.156959,1.0,10,10,approx
qdrant,250000,2,w1,557,5.018292,1.0,10,10,approx
qdrant,250000,2,w1,559,8.934875,1.0,10,10,approx
qdrant,250000,2,w1,821,4.651708,1.0,10,10,approx
qdrant,250000,2,w1,251,4.936667,1.0,10,10,approx
qdrant,250000,2,w1,359,5.248584,1.0,10,10,approx
qdrant,250000,2,w1,375,4.819042,1.0,10,10,approx
qdrant,250000,2,w1,178,4.780041,1.0,10,10,approx
qdrant,250000,2,w1,790,4.774375,1.0,10,10,approx
qdrant,250000,2,w1,378,4.606541,1.0,10,10,approx
qdrant,250000,2,w1,309,4.996917,1.0,10,10,approx
qdrant,250000,2,w1,991,5.127708,1.0,10,10,approx
qdrant,250000,2,w1,329,5.10825,1.0,10,10,approx
qdrant,250000,2,w1,284,5.287625,1.0,10,10,approx
qdrant,250000,2,w1,572,9.653875,1.0,10,10,approx
qdrant,250000,2,w1,374,6.118667,1.0,10,10,approx
qdrant,250000,2,w1,797,6.41975,1.0,10,10,approx
qdrant,250000,2,w1,183,7.662417,0.9,10,10,approx
qdrant,250000,2,w1,766,6.375042,1.0,10,10,approx
qdrant,250000,2,w1,447,5.902708,1.0,10,10,approx
qdrant,250000,2,w1,956,11.757791,1.0,10,10,approx
qdrant,250000,2,w1,205,8.942125,1.0,10,10,approx
qdrant,250000,2,w1,525,8.400292,1.0,10,10,approx
qdrant,250000,2,w1,829,6.211041,1.0,10,10,approx
qdrant,250000,2,w1,131,9.678916,1.0,10,10,approx
qdrant,250000,2,w1,585,9.529417,0.8,10,10,approx
qdrant,250000,2,w1,305,7.447792,1.0,10,10,approx
qdrant,250000,2,w1,891,8.078792,1.0,10,10,approx
qdrant,250000,2,w1,513,6.453625,1.0,10,10,approx
qdrant,250000,2,w1,511,9.624916,1.0,10,10,approx
qdrant,250000,2,w1,364,9.224208,1.0,10,10,approx
qdrant,250000,2,w1,118,6.818334,1.0,10,10,approx
qdrant,250000,2,w1,175,6.693084,1.0,10,10,approx
qdrant,250000,2,w1,826,6.260458,1.0,10,10,approx
qdrant,250000,2,w1,306,9.700792,0.9,10,10,approx
qdrant,250000,2,w1,138,6.480875,1.0,10,10,approx
qdrant,250000,2,w1,700,7.052542,1.0,10,10,approx
qdrant,250000,2,w1,104,7.011792,1.0,10,10,approx
qdrant,250000,2,w1,302,9.254583,1.0,10,10,approx
qdrant,250000,2,w1,658,8.72825,1.0,10,10,approx
qdrant,250000,2,w1,540,7.21925,0.9,10,10,approx
qdrant,250000,2,w1,440,9.648875,1.0,10,10,approx
qdrant,250000,2,w1,122,6.17675,1.0,10,10,approx
qdrant,250000,2,w1,632,7.851667,1.0,10,10,approx
qdrant,250000,2,w1,261,6.393084,1.0,10,10,approx
qdrant,250000,2,w1,577,6.780417,1.0,10,10,approx
qdrant,250000,2,w1,804,6.834375,1.0,10,10,approx
qdrant,250000,2,w1,327,13.706375,1.0,10,10,approx
qdrant,250000,2,w1,833,7.920708,0.7,10,10,approx
qdrant,250000,2,w1,147,6.081209,1.0,10,10,approx
qdrant,250000,2,w1,592,7.259375,0.8,10,10,approx
qdrant,250000,2,w1,301,10.869542,1.0,10,10,approx
qdrant,250000,2,w1,495,9.378166,0.9,10,10,approx
qdrant,250000,2,w1,747,8.321292,1.0,10,10,approx
qdrant,250000,2,w1,229,9.998916,1.0,10,10,approx
qdrant,250000,2,w1,726,6.686458,1.0,10,10,approx
qdrant,250000,2,w1,276,7.001,0.9,10,10,approx
qdrant,250000,2,w1,460,6.642083,1.0,10,10,approx
qdrant,250000,2,w1,488,6.672292,1.0,10,10,approx
qdrant,250000,2,w1,159,6.649708,1.0,10,10,approx
qdrant,250000,2,w1,677,10.018459,1.0,10,10,approx
qdrant,250000,2,w1,883,12.314917,1.0,10,10,approx
qdrant,250000,2,w1,574,8.685375,1.0,10,10,approx
qdrant,250000,2,w1,219,8.2015,1.0,10,10,approx
qdrant,250000,2,w1,806,6.85825,1.0,10,10,approx
qdrant,250000,2,w1,113,9.444042,1.0,10,10,approx
qdrant,250000,2,w1,394,8.709708,0.9,10,10,approx
qdrant,250000,2,w1,561,6.878958,1.0,10,10,approx
qdrant,250000,2,w1,361,6.552042,1.0,10,10,approx
qdrant,250000,2,w1,130,6.913333,1.0,10,10,approx
qdrant,250000,2,w1,556,12.696625,0.7,10,10,approx
qdrant,250000,2,w1,254,6.30025,1.0,10,10,approx
qdrant,250000,2,w1,128,7.286625,1.0,10,10,approx
qdrant,250000,2,w1,992,5.545208,1.0,10,10,approx
qdrant,250000,2,w1,337,6.751166,1.0,10,10,approx
qdrant,250000,2,w1,248,6.606917,1.0,10,10,approx
qdrant,250000,2,w1,501,11.554291,1.0,10,10,approx
qdrant,250000,2,w1,865,5.868667,1.0,10,10,approx
qdrant,250000,2,w1,149,6.959625,1.0,10,10,approx
qdrant,250000,2,w1,115,9.034,1.0,10,10,approx
qdrant,250000,2,w1,738,6.735209,1.0,10,10,approx
qdrant,250000,2,w1,409,7.496458,1.0,10,10,approx
qdrant,250000,2,w1,351,7.031,1.0,10,10,approx
qdrant,250000,2,w1,212,11.832458,1.0,10,10,approx
qdrant,250000,2,w1,480,5.856333,1.0,10,10,approx
qdrant,250000,2,w1,461,6.195458,0.9,10,10,approx
qdrant,250000,2,w1,346,6.816375,1.0,10,10,approx
qdrant,250000,2,w1,338,6.592334,0.9,10,10,approx
qdrant,250000,2,w1,750,6.454709,1.0,10,10,approx
qdrant,250000,2,w1,562,6.015625,1.0,10,10,approx
qdrant,250000,2,w1,260,6.006125,1.0,10,10,approx
qdrant,250000,2,w1,727,5.839958,1.0,10,10,approx
qdrant,250000,2,w1,553,8.498791,0.9,10,10,approx
qdrant,250000,2,w1,842,6.954167,1.0,10,10,approx
qdrant,250000,2,w1,319,6.056791,1.0,10,10,approx
qdrant,250000,2,w1,807,6.170084,1.0,10,10,approx
qdrant,250000,2,w1,844,7.111125,1.0,10,10,approx
qdrant,250000,2,w1,383,6.162875,1.0,10,10,approx
qdrant,250000,2,w1,220,6.407709,0.9,10,10,approx
qdrant,250000,2,w1,968,6.4935,1.0,10,10,approx
qdrant,250000,2,w1,371,6.363458,1.0,10,10,approx
qdrant,250000,2,w1,777,6.071667,1.0,10,10,approx
qdrant,250000,2,w1,783,5.5135,0.9,10,10,approx
qdrant,250000,2,w1,193,6.221458,1.0,10,10,approx
qdrant,250000,2,w1,650,5.553833,1.0,10,10,approx
qdrant,250000,2,w1,966,5.725333,1.0,10,10,approx
qdrant,250000,2,w1,799,5.043166,1.0,10,10,approx
qdrant,250000,2,w1,109,5.736833,1.0,10,10,approx
qdrant,250000,2,w1,798,6.087291,1.0,10,10,approx
qdrant,250000,2,w1,837,7.101375,1.0,10,10,approx
qdrant,250000,2,w1,890,7.08525,1.0,10,10,approx
qdrant,250000,2,w1,177,7.009708,1.0,10,10,approx
qdrant,250000,2,w1,701,7.055625,1.0,10,10,approx
qdrant,250000,2,w1,265,7.160084,1.0,10,10,approx
qdrant,250000,2,w1,106,6.830417,1.0,10,10,approx
qdrant,250000,2,w1,381,6.86125,1.0,10,10,approx
qdrant,250000,2,w1,961,6.588875,1.0,10,10,approx
qdrant,250000,2,w1,223,7.236083,1.0,10,10,approx
qdrant,250000,2,w1,729,10.137291,1.0,10,10,approx
qdrant,250000,2,w1,639,6.2975,1.0,10,10,approx
qdrant,250000,2,w1,531,6.476833,1.0,10,10,approx
qdrant,250000,2,w1,882,6.152834,1.0,10,10,approx
qdrant,250000,2,w1,334,6.659167,1.0,10,10,approx
qdrant,250000,2,w1,914,7.532,1.0,10,10,approx
qdrant,250000,2,w1,695,6.908667,0.8,10,10,approx
qdrant,250000,2,w1,211,7.489875,0.6,10,10,approx
qdrant,250000,2,w1,597,6.825916,1.0,10,10,approx
qdrant,250000,2,w1,246,6.192125,0.8,10,10,approx
qdrant,250000,2,w1,989,8.576041,1.0,10,10,approx
qdrant,250000,2,w1,714,6.531958,0.9,10,10,approx
qdrant,250000,2,w1,791,6.397166,1.0,10,10,approx
qdrant,250000,2,w1,479,6.961167,1.0,10,10,approx
qdrant,250000,2,w1,673,6.058958,1.0,10,10,approx
qdrant,250000,2,w1,482,6.018167,1.0,10,10,approx
qdrant,250000,2,w1,185,6.625083,1.0,10,10,approx
qdrant,250000,2,w1,835,6.966333,1.0,10,10,approx
qdrant,250000,2,w1,454,7.399875,1.0,10,10,approx
qdrant,250000,2,w1,194,6.884792,1.0,10,10,approx
qdrant,250000,2,w1,333,6.344625,1.0,10,10,approx
qdrant,250000,2,w1,768,6.186375,0.9,10,10,approx
qdrant,250000,2,w1,575,6.439875,1.0,10,10,approx
qdrant,250000,2,w1,735,6.466125,1.0,10,10,approx
qdrant,250000,2,w1,668,6.451166,1.0,10,10,approx
qdrant,250000,2,w1,988,7.439042,1.0,10,10,approx
qdrant,250000,2,w1,172,7.47225,1.0,10,10,approx
qdrant,250000,2,w1,748,6.928291,0.9,10,10,approx
qdrant,250000,2,w1,331,7.50675,1.0,10,10,approx
qdrant,250000,2,w1,818,7.721209,1.0,10,10,approx
qdrant,250000,2,w1,270,6.703834,0.9,10,10,approx
qdrant,250000,2,w1,272,7.163,1.0,10,10,approx
qdrant,250000,2,w1,617,6.500334,1.0,10,10,approx
qdrant,250000,2,w1,275,6.498292,1.0,10,10,approx
qdrant,250000,2,w1,924,6.961917,1.0,10,10,approx
qdrant,250000,2,w1,693,6.300791,1.0,10,10,approx
qdrant,250000,2,w1,406,6.681,1.0,10,10,approx
qdrant,250000,2,w1,435,7.113167,1.0,10,10,approx
qdrant,250000,2,w1,336,6.288833,1.0,10,10,approx
qdrant,250000,2,w1,937,6.205959,1.0,10,10,approx
qdrant,250000,2,w1,811,6.415666,1.0,10,10,approx
qdrant,250000,2,w1,312,6.749416,1.0,10,10,approx
qdrant,250000,2,w1,713,6.898833,1.0,10,10,approx
qdrant,250000,2,w1,678,6.648125,1.0,10,10,approx
qdrant,250000,2,w1,926,6.323875,1.0,10,10,approx
qdrant,250000,2,w1,696,6.377083,0.9,10,10,approx
qdrant,250000,2,w1,368,6.852917,1.0,10,10,approx
qdrant,250000,2,w1,737,6.838708,1.0,10,10,approx
qdrant,250000,2,w1,847,6.379709,1.0,10,10,approx
qdrant,250000,2,w1,776,6.562125,1.0,10,10,approx
qdrant,250000,2,w1,505,7.141458,1.0,10,10,approx
qdrant,250000,2,w1,796,10.124541,0.9,10,10,approx
qdrant,250000,2,w1,215,10.90275,1.0,10,10,approx
qdrant,250000,2,w1,352,9.513959,1.0,10,10,approx
qdrant,250000,2,w1,491,8.747375,1.0,10,10,approx
qdrant,250000,2,w1,298,6.969917,1.0,10,10,approx
qdrant,250000,2,w1,458,6.535542,1.0,10,10,approx
qdrant,250000,2,w1,586,7.094917,1.0,10,10,approx
qdrant,250000,2,w1,453,11.69575,1.0,10,10,approx
qdrant,250000,2,w1,412,6.255042,1.0,10,10,approx
qdrant,250000,2,w1,860,7.350333,0.8,10,10,approx
qdrant,250000,2,w1,280,9.682375,1.0,10,10,approx
qdrant,250000,2,w1,707,6.415625,1.0,10,10,approx
qdrant,250000,2,w1,250,13.641917,1.0,10,10,approx
qdrant,250000,2,w1,663,6.827667,1.0,10,10,approx
qdrant,250000,2,w1,932,10.008292,1.0,10,10,approx
qdrant,250000,2,w1,528,6.08675,1.0,10,10,approx
qdrant,250000,2,w1,939,9.627958,1.0,10,10,approx
qdrant,250000,2,w1,252,8.035459,1.0,10,10,approx
qdrant,250000,2,w1,315,7.220875,0.8,10,10,approx
qdrant,250000,2,w1,489,6.520084,1.0,10,10,approx
qdrant,250000,2,w1,769,7.015834,1.0,10,10,approx
qdrant,250000,2,w1,628,10.3515,1.0,10,10,approx
qdrant,250000,2,w1,443,11.516167,1.0,10,10,approx
qdrant,250000,2,w1,758,6.479208,1.0,10,10,approx
qdrant,250000,2,w1,430,10.3255,1.0,10,10,approx
qdrant,250000,2,w1,411,6.22625,0.9,10,10,approx
qdrant,250000,2,w1,206,5.969917,0.7,10,10,approx
qdrant,250000,2,w1,355,6.512334,1.0,10,10,approx
qdrant,250000,2,w1,615,13.268416,1.0,10,10,approx
qdrant,250000,2,w1,356,9.305291,1.0,10,10,approx
qdrant,250000,2,w1,308,6.105333,1.0,10,10,approx
qdrant,250000,2,w1,124,6.536125,1.0,10,10,approx
qdrant,250000,2,w1,429,7.404833,1.0,10,10,approx
qdrant,250000,2,w1,896,6.564833,0.9,10,10,approx
qdrant,250000,2,w1,101,9.75175,1.0,10,10,approx
qdrant,250000,2,w1,918,15.623958,1.0,10,10,approx
qdrant,250000,2,w1,599,7.152666,0.9,10,10,approx
qdrant,250000,2,w1,999,7.983458,1.0,10,10,approx
qdrant,250000,2,w1,529,6.852666,1.0,10,10,approx
qdrant,250000,2,w1,117,6.569208,1.0,10,10,approx
qdrant,250000,2,w1,877,6.681334,1.0,10,10,approx
qdrant,250000,2,w1,683,6.290042,1.0,10,10,approx
qdrant,250000,2,w1,765,6.295583,1.0,10,10,approx
qdrant,250000,2,w1,805,7.19225,1.0,10,10,approx
qdrant,250000,2,w1,184,7.745416,1.0,10,10,approx
qdrant,250000,2,w1,609,6.402,1.0,10,10,approx
qdrant,250000,2,w1,452,6.516708,1.0,10,10,approx
qdrant,250000,2,w1,904,7.02175,0.9,10,10,approx
qdrant,250000,2,w1,845,12.219583,1.0,10,10,approx
qdrant,250000,2,w1,558,8.416625,1.0,10,10,approx
qdrant,250000,2,w1,498,8.055542,1.0,10,10,approx
qdrant,250000,2,w1,566,5.91275,0.9,10,10,approx
qdrant,250000,2,w1,469,9.530333,1.0,10,10,approx
qdrant,250000,2,w1,736,6.004417,1.0,10,10,approx
qdrant,250000,2,w1,358,12.161417,1.0,10,10,approx
qdrant,250000,2,w1,396,6.062875,1.0,10,10,approx
qdrant,250000,2,w1,674,6.477333,1.0,10,10,approx
qdrant,250000,2,w1,856,6.264167,1.0,10,10,approx
qdrant,250000,2,w1,335,6.027917,0.8,10,10,approx
qdrant,250000,2,w1,278,9.185,1.0,10,10,approx
qdrant,250000,2,w1,912,6.871584,1.0,10,10,approx
qdrant,250000,2,w1,665,8.880791,1.0,10,10,approx
qdrant,250000,2,w1,475,5.766917,1.0,10,10,approx
qdrant,250000,2,w1,820,6.95975,1.0,10,10,approx
qdrant,250000,2,w1,471,9.201333,1.0,10,10,approx
qdrant,250000,2,w1,142,6.2325,1.0,10,10,approx
qdrant,250000,2,w1,917,6.487541,1.0,10,10,approx
qdrant,250000,2,w1,274,7.021375,1.0,10,10,approx
qdrant,250000,2,w1,983,7.202792,1.0,10,10,approx
qdrant,250000,2,w1,492,5.943459,1.0,10,10,approx
qdrant,250000,2,w1,136,6.692333,1.0,10,10,approx
qdrant,250000,2,w1,289,5.97,1.0,10,10,approx
qdrant,250000,2,w1,710,7.986917,1.0,10,10,approx
qdrant,250000,2,w1,264,6.451292,1.0,10,10,approx
qdrant,250000,2,w1,200,7.27025,1.0,10,10,approx
qdrant,250000,2,w1,950,10.908916,1.0,10,10,approx
qdrant,250000,2,w1,964,8.712042,1.0,10,10,approx
qdrant,250000,2,w1,581,8.387166,0.9,10,10,approx
qdrant,250000,2,w1,910,6.864791,1.0,10,10,approx
qdrant,250000,2,w1,232,10.0385,1.0,10,10,approx
qdrant,250000,2,w1,685,7.888958,1.0,10,10,approx
qdrant,250000,2,w1,680,7.564875,1.0,10,10,approx
qdrant,250000,2,w1,297,10.553625,0.8,10,10,approx
qdrant,250000,2,w1,155,6.865334,1.0,10,10,approx
qdrant,250000,2,w1,760,6.2945,1.0,10,10,approx
qdrant,250000,2,w1,225,8.855625,1.0,10,10,approx
qdrant,250000,2,w1,108,8.582541,1.0,10,10,approx
qdrant,250000,2,w1,242,10.24125,1.0,10,10,approx
qdrant,250000,2,w1,810,6.059917,0.9,10,10,approx
qdrant,250000,2,w1,224,10.033542,1.0,10,10,approx
qdrant,250000,2,w1,946,6.876542,1.0,10,10,approx
qdrant,250000,2,w1,317,6.549125,1.0,10,10,approx
qdrant,250000,2,w1,519,6.253958,1.0,10,10,approx
qdrant,250000,2,w1,226,6.458167,1.0,10,10,approx
qdrant,250000,2,w1,156,10.128208,1.0,10,10,approx
qdrant,250000,2,w1,446,6.6945,1.0,10,10,approx
qdrant,250000,2,w1,267,6.358,1.0,10,10,approx
qdrant,250000,2,w1,945,7.240542,0.8,10,10,approx
qdrant,250000,2,w1,116,11.112708,0.8,10,10,approx
qdrant,250000,2,w1,739,9.455792,1.0,10,10,approx
qdrant,250000,2,w1,971,9.215584,1.0,10,10,approx
qdrant,250000,2,w1,141,6.94375,0.9,10,10,approx
qdrant,250000,2,w1,801,9.425333,1.0,10,10,approx
qdrant,250000,2,w1,782,6.574916,1.0,10,10,approx
qdrant,250000,2,w1,651,6.493166,1.0,10,10,approx
qdrant,250000,2,w1,201,6.977125,1.0,10,10,approx
qdrant,250000,2,w1,436,6.982084,0.8,10,10,approx
qdrant,250000,2,w1,287,11.704708,1.0,10,10,approx
qdrant,250000,2,w1,549,7.878041,1.0,10,10,approx
qdrant,250000,2,w1,640,7.112958,0.9,10,10,approx
qdrant,250000,2,w1,160,6.481208,0.9,10,10,approx
qdrant,250000,2,w1,423,7.13825,1.0,10,10,approx
qdrant,250000,2,w1,112,9.477,1.0,10,10,approx
qdrant,250000,2,w1,706,6.348125,1.0,10,10,approx
qdrant,250000,2,w1,167,11.300667,1.0,10,10,approx
qdrant,250000,2,w1,527,8.885166,1.0,10,10,approx
qdrant,250000,2,w1,210,7.999,1.0,10,10,approx
qdrant,250000,2,w1,862,6.038625,1.0,10,10,approx
qdrant,250000,2,w1,582,6.53225,1.0,10,10,approx
qdrant,250000,2,w1,154,11.590708,1.0,10,10,approx
qdrant,250000,2,w1,214,6.378625,1.0,10,10,approx
qdrant,250000,2,w1,192,6.6245,0.7,10,10,approx
qdrant,250000,2,w1,486,6.420083,1.0,10,10,approx
qdrant,250000,2,w1,948,6.304417,1.0,10,10,approx
qdrant,250000,2,w1,504,9.753875,1.0,10,10,approx
qdrant,250000,2,w1,712,7.774166,0.7,10,10,approx
qdrant,250000,2,w1,969,8.736791,1.0,10,10,approx
qdrant,250000,2,w1,975,7.277625,1.0,10,10,approx
qdrant,250000,2,w1,483,6.381459,1.0,10,10,approx
qdrant,250000,2,w1,780,12.996709,1.0,10,10,approx
qdrant,250000,2,w1,263,6.298584,0.5,10,10,approx
qdrant,250000,2,w1,162,8.101666,1.0,10,10,approx
qdrant,250000,2,w1,892,6.752708,0.9,10,10,approx
qdrant,250000,2,w1,598,11.032875,1.0,10,10,approx
qdrant,250000,2,w1,257,6.853916,1.0,10,10,approx
qdrant,250000,2,w1,552,6.319791,1.0,10,10,approx
qdrant,250000,2,w1,339,7.171458,1.0,10,10,approx
qdrant,250000,2,w1,649,7.52175,1.0,10,10,approx
qdrant,250000,2,w1,191,11.431042,1.0,10,10,approx
qdrant,250000,2,w1,925,6.971459,1.0,10,10,approx
qdrant,250000,2,w1,596,9.907959,1.0,10,10,approx
qdrant,250000,2,w1,813,7.285542,1.0,10,10,approx
qdrant,250000,2,w1,490,10.32325,1.0,10,10,approx
qdrant,250000,2,w1,416,7.053,1.0,10,10,approx
qdrant,250000,2,w1,569,6.667833,1.0,10,10,approx
qdrant,250000,2,w1,532,8.483041,0.9,10,10,approx
qdrant,250000,2,w1,718,7.245333,1.0,10,10,approx
qdrant,250000,2,w1,541,7.774042,0.9,10,10,approx
qdrant,250000,2,w1,978,9.5055,1.0,10,10,approx
qdrant,250000,2,w1,408,11.493875,1.0,10,10,approx
qdrant,250000,2,w1,345,7.43,1.0,10,10,approx
qdrant,250000,2,w1,936,6.567416,1.0,10,10,approx
qdrant,250000,2,w1,546,6.326875,1.0,10,10,approx
qdrant,250000,2,w1,959,7.112625,1.0,10,10,approx
qdrant,250000,2,w1,253,7.458542,1.0,10,10,approx
qdrant,250000,2,w1,893,6.91725,1.0,10,10,approx
qdrant,250000,2,w1,719,11.428542,1.0,10,10,approx
qdrant,250000,2,w1,733,9.773791,1.0,10,10,approx
qdrant,250000,2,w1,652,9.559041,1.0,10,10,approx
qdrant,250000,2,w1,587,6.538208,1.0,10,10,approx
qdrant,250000,2,w1,472,9.792875,1.0,10,10,approx
qdrant,250000,2,w1,163,7.2875,1.0,10,10,approx
qdrant,250000,2,w1,943,6.708209,1.0,10,10,approx
qdrant,250000,2,w1,565,6.287042,0.8,10,10,approx
qdrant,250000,2,w1,684,6.70425,1.0,10,10,approx
qdrant,250000,2,w1,208,7.005375,1.0,10,10,approx
qdrant,250000,2,w1,243,6.720917,1.0,10,10,approx
qdrant,250000,2,w1,692,12.930334,1.0,10,10,approx
qdrant,250000,2,w1,349,7.451125,0.9,10,10,approx
qdrant,250000,2,w1,947,6.581791,1.0,10,10,approx
qdrant,250000,2,w1,370,7.796584,1.0,10,10,approx
qdrant,250000,2,w1,151,8.074375,1.0,10,10,approx
qdrant,250000,2,w1,608,9.8595,1.0,10,10,approx
qdrant,250000,2,w1,831,6.248334,1.0,10,10,approx
qdrant,250000,2,w1,631,9.520792,1.0,10,10,approx
qdrant,250000,2,w1,152,7.716959,1.0,10,10,approx
qdrant,250000,2,w1,841,6.416667,0.9,10,10,approx
qdrant,250000,2,w1,984,6.135334,1.0,10,10,approx
qdrant,250000,2,w1,911,9.42,1.0,10,10,approx
qdrant,250000,2,w1,624,5.998375,1.0,10,10,approx
qdrant,250000,2,w1,686,6.258708,1.0,10,10,approx
qdrant,250000,2,w1,340,11.484791,1.0,10,10,approx
qdrant,250000,2,w1,694,6.175125,1.0,10,10,approx
qdrant,250000,2,w1,467,6.284917,1.0,10,10,approx
qdrant,250000,2,w1,179,8.481167,1.0,10,10,approx
qdrant,250000,2,w1,238,8.489333,1.0,10,10,approx
qdrant,250000,2,w1,990,8.316708,1.0,10,10,approx
qdrant,250000,2,w1,702,9.382542,1.0,10,10,approx
qdrant,250000,2,w1,164,7.639834,0.9,10,10,approx
qdrant,250000,2,w1,605,7.823708,1.0,10,10,approx
qdrant,250000,2,w1,392,12.114875,0.9,10,10,approx
qdrant,250000,2,w1,282,8.658916,1.0,10,10,approx
qdrant,250000,2,w1,949,6.756875,1.0,10,10,approx
qdrant,250000,2,w1,898,9.466291,1.0,10,10,approx
qdrant,250000,2,w1,793,10.4405,1.0,10,10,approx
qdrant,250000,2,w1,157,7.108458,1.0,10,10,approx
qdrant,250000,2,w1,690,13.433,1.0,10,10,approx
qdrant,250000,2,w1,808,6.884625,1.0,10,10,approx
qdrant,250000,2,w1,583,7.4775,1.0,10,10,approx
qdrant,250000,2,w1,103,6.854042,1.0,10,10,approx
qdrant,250000,2,w1,365,6.534333,1.0,10,10,approx
qdrant,250000,2,w1,691,7.757166,1.0,10,10,approx
qdrant,250000,2,w1,637,11.712458,1.0,10,10,approx
qdrant,250000,2,w1,169,6.658166,1.0,10,10,approx
qdrant,250000,2,w1,994,7.266833,1.0,10,10,approx
qdrant,250000,2,w1,874,8.235166,0.9,10,10,approx
qdrant,250000,2,w1,281,6.654959,0.9,10,10,approx
qdrant,250000,2,w1,477,6.740208,1.0,10,10,approx
qdrant,250000,2,w1,424,6.737042,1.0,10,10,approx
qdrant,250000,2,w1,398,6.786791,1.0,10,10,approx
qdrant,250000,2,w1,955,13.763583,1.0,10,10,approx
qdrant,250000,2,w1,957,7.057209,1.0,10,10,approx
qdrant,250000,2,w1,627,10.387375,1.0,10,10,approx
qdrant,250000,2,w1,444,6.3215,1.0,10,10,approx
qdrant,250000,2,w1,742,7.453542,0.9,10,10,approx
qdrant,250000,2,w1,869,7.549916,1.0,10,10,approx
qdrant,250000,2,w1,662,6.865209,1.0,10,10,approx
qdrant,250000,2,w1,871,6.889,1.0,10,10,approx
qdrant,250000,2,w1,960,10.5775,1.0,10,10,approx
qdrant,250000,2,w1,455,8.919042,1.0,10,10,approx
qdrant,250000,2,w1,410,9.78,1.0,10,10,approx
qdrant,250000,2,w1,293,10.245542,1.0,10,10,approx
qdrant,250000,2,w1,814,8.383,1.0,10,10,approx
qdrant,250000,2,w1,836,10.107917,1.0,10,10,approx
qdrant,250000,2,w1,494,6.847541,1.0,10,10,approx
qdrant,250000,2,w1,749,6.86275,1.0,10,10,approx
qdrant,250000,2,w1,863,6.695625,1.0,10,10,approx
qdrant,250000,2,w1,439,6.500792,1.0,10,10,approx
qdrant,250000,2,w1,269,6.45475,0.9,10,10,approx
qdrant,250000,2,w1,997,9.264708,1.0,10,10,approx
qdrant,250000,2,w1,642,11.801625,1.0,10,10,approx
qdrant,250000,2,w1,839,7.000375,1.0,10,10,approx
qdrant,250000,2,w1,868,7.7515,1.0,10,10,approx
qdrant,250000,2,w1,313,9.156291,1.0,10,10,approx
qdrant,250000,2,w1,140,7.17875,1.0,10,10,approx
qdrant,250000,2,w1,604,6.7,1.0,10,10,approx
qdrant,250000,2,w1,137,7.320958,1.0,10,10,approx
qdrant,250000,2,w1,941,11.177834,1.0,10,10,approx
qdrant,250000,2,w1,314,7.0065,1.0,10,10,approx
qdrant,250000,2,w1,752,8.8075,1.0,10,10,approx
qdrant,250000,2,w1,296,8.182042,1.0,10,10,approx
qdrant,250000,2,w1,373,8.586916,1.0,10,10,approx
qdrant,250000,2,w1,438,9.560167,1.0,10,10,approx
qdrant,250000,2,w1,268,7.993542,1.0,10,10,approx
qdrant,250000,2,w1,741,6.452875,0.9,10,10,approx
qdrant,250000,2,w1,725,10.733417,1.0,10,10,approx
qdrant,250000,2,w1,133,6.225583,1.0,10,10,approx
qdrant,250000,2,w1,770,10.105,0.9,10,10,approx
qdrant,250000,2,w1,825,7.336583,1.0,10,10,approx
qdrant,250000,2,w1,996,6.92225,0.9,10,10,approx
qdrant,250000,2,w1,421,6.481792,1.0,10,10,approx
qdrant,250000,2,w1,507,21.692875,1.0,10,10,approx
qdrant,250000,2,w1,568,5.982833,1.0,10,10,approx
qdrant,250000,2,w1,127,9.23575,0.9,10,10,approx
qdrant,250000,2,w1,481,6.147416,1.0,10,10,approx
qdrant,250000,2,w1,235,11.747083,1.0,10,10,approx
qdrant,250000,2,w1,148,7.755,1.0,10,10,approx
qdrant,250000,2,w1,953,6.832583,0.6,10,10,approx
qdrant,250000,2,w1,258,6.687583,0.9,10,10,approx
qdrant,250000,2,w1,190,7.136166,1.0,10,10,approx
qdrant,250000,2,w1,548,8.701875,1.0,10,10,approx
qdrant,250000,2,w1,762,7.013416,1.0,10,10,approx
qdrant,250000,2,w1,607,8.046791,1.0,10,10,approx
qdrant,250000,2,w1,656,10.495125,1.0,10,10,approx
qdrant,250000,2,w1,233,6.023042,0.7,10,10,approx
qdrant,250000,2,w1,129,5.8495,1.0,10,10,approx
qdrant,250000,2,w1,666,6.104083,0.9,10,10,approx
qdrant,250000,2,w1,923,6.838375,1.0,10,10,approx
qdrant,250000,2,w1,247,6.864084,0.9,10,10,approx
qdrant,250000,2,w1,188,6.695833,1.0,10,10,approx
qdrant,250000,2,w1,938,10.678709,1.0,10,10,approx
qdrant,250000,2,w1,779,6.709375,1.0,10,10,approx
qdrant,250000,2,w1,621,6.404291,1.0,10,10,approx
qdrant,250000,2,w1,426,6.435041,1.0,10,10,approx
qdrant,250000,2,w1,785,6.942625,1.0,10,10,approx
qdrant,250000,2,w1,897,12.2875,1.0,10,10,approx
qdrant,250000,2,w1,967,14.643292,1.0,10,10,approx
qdrant,250000,2,w1,132,11.155958,0.9,10,10,approx
qdrant,250000,2,w1,512,6.291958,0.7,10,10,approx
qdrant,250000,2,w1,174,6.518959,1.0,10,10,approx
qdrant,250000,2,w1,555,6.559875,0.9,10,10,approx
qdrant,250000,2,w1,357,9.863833,1.0,10,10,approx
qdrant,250000,2,w1,217,6.424791,1.0,10,10,approx
qdrant,250000,2,w1,377,6.532542,1.0,10,10,approx
qdrant,250000,2,w1,516,6.666917,1.0,10,10,approx
qdrant,250000,2,w1,324,6.770584,0.7,10,10,approx
qdrant,250000,2,w1,279,12.750292,1.0,10,10,approx
qdrant,250000,2,w1,388,6.956584,1.0,10,10,approx
qdrant,250000,2,w1,600,6.536875,1.0,10,10,approx
qdrant,250000,2,w1,881,6.640125,1.0,10,10,approx
qdrant,250000,2,w1,935,7.648417,1.0,10,10,approx
qdrant,250000,2,w1,514,7.0555,1.0,10,10,approx
qdrant,250000,2,w1,965,13.654542,1.0,10,10,approx
qdrant,250000,2,w1,859,7.135584,1.0,10,10,approx
qdrant,250000,2,w1,384,7.669125,1.0,10,10,approx
qdrant,250000,2,w1,852,9.389416,1.0,10,10,approx
qdrant,250000,2,w1,209,6.064291,1.0,10,10,approx
qdrant,250000,2,w1,445,5.374,1.0,10,10,approx
qdrant,250000,2,w1,934,5.923875,1.0,10,10,approx
qdrant,250000,2,w1,716,6.914667,1.0,10,10,approx
qdrant,250000,2,w1,669,5.376833,1.0,10,10,approx
qdrant,250000,2,w1,508,8.452084,1.0,10,10,approx
qdrant,250000,2,w1,509,11.507792,1.0,10,10,approx
qdrant,250000,2,w1,539,10.288083,1.0,10,10,approx
qdrant,250000,2,w1,699,6.816417,1.0,10,10,approx
qdrant,250000,2,w1,273,8.635333,1.0,10,10,approx
qdrant,250000,2,w1,448,5.872083,1.0,10,10,approx
qdrant,250000,2,w1,644,5.346416,1.0,10,10,approx
qdrant,250000,2,w1,952,9.464917,1.0,10,10,approx
qdrant,250000,2,w1,451,6.419917,0.8,10,10,approx
qdrant,250000,2,w1,761,6.337292,1.0,10,10,approx
qdrant,250000,2,w1,170,6.666208,0.9,10,10,approx
qdrant,250000,2,w1,873,12.114583,1.0,10,10,approx
qdrant,250000,2,w1,413,6.263083,1.0,10,10,approx
qdrant,250000,2,w1,524,6.7205,1.0,10,10,approx
qdrant,250000,2,w1,515,6.752375,1.0,10,10,approx
qdrant,250000,2,w1,304,8.942333,1.0,10,10,approx
qdrant,250000,2,w1,291,9.850167,0.9,10,10,approx
qdrant,250000,2,w1,404,5.901542,1.0,10,10,approx
qdrant,250000,2,w1,433,8.794166,1.0,10,10,approx
qdrant,250000,2,w1,376,7.051125,1.0,10,10,approx
qdrant,250000,2,w1,407,6.825,1.0,10,10,approx
qdrant,250000,2,w1,886,7.55325,1.0,10,10,approx
qdrant,250000,2,w1,422,11.331166,1.0,10,10,approx
qdrant,250000,2,w1,962,7.863792,1.0,10,10,approx
qdrant,250000,2,w1,590,11.436667,1.0,10,10,approx
qdrant,250000,2,w1,792,7.698291,1.0,10,10,approx
qdrant,250000,2,w1,788,8.861375,1.0,10,10,approx
qdrant,250000,2,w1,830,9.330084,1.0,10,10,approx
qdrant,250000,2,w1,468,6.60925,1.0,10,10,approx
qdrant,250000,2,w1,403,10.711958,1.0,10,10,approx
qdrant,250000,2,w1,698,8.215917,1.0,10,10,approx
qdrant,250000,2,w1,638,11.438125,1.0,10,10,approx
qdrant,250000,2,w1,399,6.582375,1.0,10,10,approx
qdrant,250000,2,w1,622,10.671875,1.0,10,10,approx
qdrant,250000,2,w1,171,6.378334,1.0,10,10,approx
qdrant,250000,2,w1,295,6.356291,1.0,10,10,approx
qdrant,250000,2,w1,870,7.647208,1.0,10,10,approx
qdrant,250000,2,w1,199,9.144334,1.0,10,10,approx
qdrant,250000,2,w1,876,6.694125,1.0,10,10,approx
qdrant,250000,2,w1,542,6.221167,0.8,10,10,approx
qdrant,250000,2,w1,802,7.600667,1.0,10,10,approx
qdrant,250000,2,w1,271,10.746083,0.8,10,10,approx
qdrant,250000,2,w1,889,6.430542,0.3,10,10,approx
qdrant,250000,2,w1,107,6.446375,1.0,10,10,approx
qdrant,250000,2,w1,643,6.301583,0.9,10,10,approx
qdrant,250000,2,w1,150,7.084041,1.0,10,10,approx
qdrant,250000,2,w1,578,6.511542,1.0,10,10,approx
qdrant,250000,2,w1,584,5.8735,1.0,10,10,approx
qdrant,250000,2,w1,815,10.155666,1.0,10,10,approx
qdrant,250000,2,w1,576,8.687375,1.0,10,10,approx
qdrant,250000,2,w1,182,10.594833,1.0,10,10,approx
qdrant,250000,2,w1,629,7.857417,1.0,10,10,approx
qdrant,250000,2,w1,612,6.91125,1.0,10,10,approx
qdrant,250000,2,w1,322,6.010959,1.0,10,10,approx
qdrant,250000,2,w1,720,6.541542,1.0,10,10,approx
qdrant,250000,2,w1,560,6.259667,1.0,10,10,approx
qdrant,250000,2,w1,207,6.601709,1.0,10,10,approx
qdrant,250000,2,w1,655,7.808959,1.0,10,10,approx
qdrant,250000,2,w1,506,8.660583,0.8,10,10,approx
qdrant,250000,2,w1,290,7.336458,1.0,10,10,approx
qdrant,250000,2,w1,764,7.723416,1.0,10,10,approx
qdrant,250000,2,w1,143,6.938667,1.0,10,10,approx
qdrant,250000,2,w1,102,10.471125,1.0,10,10,approx
qdrant,250000,2,w1,977,8.213459,1.0,10,10,approx
qdrant,250000,2,w1,114,8.208125,1.0,10,10,approx
qdrant,250000,2,w1,526,6.573792,1.0,10,10,approx
qdrant,250000,2,w1,606,7.436166,1.0,10,10,approx
qdrant,250000,2,w1,245,6.894125,1.0,10,10,approx
qdrant,250000,2,w1,389,6.753375,0.9,10,10,approx
qdrant,250000,2,w1,369,13.380375,1.0,10,10,approx
qdrant,250000,2,w1,347,7.36,1.0,10,10,approx
qdrant,250000,2,w1,980,9.265792,1.0,10,10,approx
qdrant,250000,2,w1,909,6.178959,0.9,10,10,approx
qdrant,250000,2,w1,708,9.890458,1.0,10,10,approx
qdrant,250000,2,w1,875,7.066,1.0,10,10,approx
qdrant,250000,2,w1,834,6.570208,0.9,10,10,approx
qdrant,250000,2,w1,484,6.526791,1.0,10,10,approx
qdrant,250000,2,w1,462,14.440584,1.0,10,10,approx
qdrant,250000,2,w1,234,7.426375,1.0,10,10,approx
qdrant,250000,2,w1,913,7.35975,1.0,10,10,approx
qdrant,250000,2,w1,545,10.545875,1.0,10,10,approx
qdrant,250000,2,w1,145,6.225833,1.0,10,10,approx
qdrant,250000,2,w1,756,6.672,1.0,10,10,approx
qdrant,250000,2,w1,803,6.922041,0.9,10,10,approx
qdrant,250000,2,w1,286,5.880459,1.0,10,10,approx
qdrant,250000,2,w1,534,6.551416,1.0,10,10,approx
qdrant,250000,2,w1,222,6.913584,0.7,10,10,approx
qdrant,250000,2,w1,473,10.038875,1.0,10,10,approx
qdrant,250000,2,w1,360,7.66875,1.0,10,10,approx
qdrant,250000,2,w1,474,6.171708,1.0,10,10,approx
qdrant,250000,2,w1,879,6.722417,1.0,10,10,approx
qdrant,250000,2,w1,828,12.286708,1.0,10,10,approx
qdrant,250000,2,w1,843,7.679375,1.0,10,10,approx
qdrant,250000,2,w1,602,6.188333,1.0,10,10,approx
qdrant,250000,2,w1,537,6.979459,0.9,10,10,approx
qdrant,250000,2,w1,285,7.063375,1.0,10,10,approx
qdrant,250000,2,w1,387,10.754209,1.0,10,10,approx
qdrant,250000,2,w1,354,6.855917,1.0,10,10,approx
qdrant,250000,2,w1,743,7.503666,1.0,10,10,approx
qdrant,250000,2,w1,781,7.861084,1.0,10,10,approx
qdrant,250000,2,w1,241,6.835416,1.0,10,10,approx
qdrant,250000,2,w1,620,10.860166,1.0,10,10,approx
qdrant,250000,2,w1,123,6.861083,1.0,10,10,approx
qdrant,250000,2,w1,636,11.266625,0.9,10,10,approx
qdrant,250000,2,w1,457,6.675125,1.0,10,10,approx
qdrant,250000,2,w1,466,7.438625,1.0,10,10,approx
qdrant,250000,2,w1,502,12.5205,1.0,10,10,approx
qdrant,250000,2,w1,616,6.7705,0.7,10,10,approx
qdrant,250000,2,w1,728,6.216958,1.0,10,10,approx
qdrant,250000,2,w1,580,6.638125,1.0,10,10,approx
qdrant,250000,2,w1,789,6.694208,0.9,10,10,approx
qdrant,250000,2,w1,906,7.274,1.0,10,10,approx
qdrant,250000,2,w1,105,6.862958,1.0,10,10,approx
qdrant,250000,2,w1,603,9.064292,1.0,10,10,approx
qdrant,250000,2,w1,648,8.075334,1.0,10,10,approx
qdrant,250000,2,w1,703,9.50475,0.9,10,10,approx
qdrant,250000,2,w1,682,6.287166,1.0,10,10,approx
qdrant,250000,2,w1,858,6.310291,1.0,10,10,approx
qdrant,250000,2,w1,144,9.382125,1.0,10,10,approx
qdrant,250000,2,w1,456,6.173833,1.0,10,10,approx
qdrant,250000,2,w1,120,9.954375,1.0,10,10,approx
qdrant,250000,2,w1,626,9.146167,1.0,10,10,approx
qdrant,250000,2,w1,417,7.32475,1.0,10,10,approx
qdrant,250000,2,w1,902,8.298,1.0,10,10,approx
qdrant,250000,2,w1,380,6.337959,1.0,10,10,approx
qdrant,250000,2,w1,550,6.0035,1.0,10,10,approx
qdrant,250000,2,w1,771,9.374,1.0,10,10,approx
qdrant,250000,2,w1,848,8.716042,1.0,10,10,approx
qdrant,250000,2,w1,288,5.882917,1.0,10,10,approx
qdrant,250000,2,w1,676,6.251375,1.0,10,10,approx
qdrant,250000,2,w1,579,6.238209,1.0,10,10,approx
qdrant,250000,2,w1,307,6.4255,1.0,10,10,approx
qdrant,250000,2,w1,784,7.064791,1.0,10,10,approx
qdrant,250000,2,w1,661,7.062916,1.0,10,10,approx
qdrant,250000,2,w1,343,6.546417,1.0,10,10,approx
qdrant,250000,2,w1,751,6.219708,1.0,10,10,approx
qdrant,250000,2,w1,998,6.478916,1.0,10,10,approx
qdrant,250000,2,w1,850,6.1605,1.0,10,10,approx
qdrant,250000,2,w1,197,5.65625,1.0,10,10,approx
qdrant,250000,2,w1,973,6.048791,1.0,10,10,approx
qdrant,250000,2,w1,496,6.737834,1.0,10,10,approx
qdrant,250000,2,w1,450,7.165041,1.0,10,10,approx
qdrant,250000,2,w1,244,6.274625,1.0,10,10,approx
qdrant,250000,2,w1,256,6.694167,1.0,10,10,approx
qdrant,250000,2,w1,571,6.204458,1.0,10,10,approx
qdrant,250000,2,w1,100,5.955042,1.0,10,10,approx
qdrant,250000,2,w1,110,6.859042,1.0,10,10,approx
qdrant,250000,2,w1,427,6.754042,0.7,10,10,approx
qdrant,250000,2,w1,817,6.657334,1.0,10,10,approx
qdrant,250000,2,w1,405,6.487625,1.0,10,10,approx
qdrant,250000,2,w1,465,6.126458,0.9,10,10,approx
qdrant,250000,2,w1,634,7.277417,1.0,10,10,approx
qdrant,250000,2,w1,976,7.137458,1.0,10,10,approx
qdrant,250000,2,w1,753,7.128584,1.0,10,10,approx
qdrant,250000,2,w1,646,7.624333,1.0,10,10,approx
qdrant,250000,2,w1,432,7.203875,1.0,10,10,approx
qdrant,250000,2,w1,204,7.653416,1.0,10,10,approx
qdrant,250000,2,w1,499,7.622125,1.0,10,10,approx
qdrant,250000,2,w1,905,6.65,1.0,10,10,approx
qdrant,250000,2,w1,320,6.627958,1.0,10,10,approx
qdrant,250000,2,w1,535,6.88225,1.0,10,10,approx
qdrant,250000,2,w1,303,6.500584,1.0,10,10,approx
qdrant,250000,2,w1,323,6.570458,1.0,10,10,approx
qdrant,250000,2,w1,970,6.629417,1.0,10,10,approx
qdrant,250000,2,w1,653,6.834125,1.0,10,10,approx
qdrant,250000,2,w1,239,6.918667,1.0,10,10,approx
qdrant,250000,2,w1,176,6.748792,1.0,10,10,approx
qdrant,250000,2,w1,300,7.471958,1.0,10,10,approx
qdrant,250000,2,w1,153,8.425792,1.0,10,10,approx
qdrant,250000,2,w1,299,7.908125,1.0,10,10,approx
qdrant,250000,2,w1,744,7.333584,1.0,10,10,approx
qdrant,250000,2,w1,500,8.405166,1.0,10,10,approx
qdrant,250000,2,w1,318,6.641833,1.0,10,10,approx
qdrant,250000,2,w1,982,6.471542,0.9,10,10,approx
qdrant,250000,2,w1,442,6.293625,1.0,10,10,approx
qdrant,250000,2,w1,330,6.444,1.0,10,10,approx
qdrant,250000,2,w1,614,6.643583,1.0,10,10,approx
qdrant,250000,2,w1,564,7.204792,1.0,10,10,approx
qdrant,250000,2,w1,326,7.013583,1.0,10,10,approx
qdrant,250000,2,w1,259,7.160542,1.0,10,10,approx
qdrant,250000,2,w1,721,6.59,1.0,10,10,approx
qdrant,250000,2,w1,487,6.813,1.0,10,10,approx
qdrant,250000,2,w1,659,7.244709,1.0,10,10,approx
qdrant,250000,2,w1,363,7.041417,0.9,10,10,approx
qdrant,250000,2,w1,899,6.360708,0.9,10,10,approx
qdrant,250000,2,w1,485,7.172208,1.0,10,10,approx
qdrant,250000,2,w1,732,7.484708,1.0,10,10,approx
qdrant,250000,2,w1,173,6.462292,1.0,10,10,approx
qdrant,250000,2,w1,196,6.80325,1.0,10,10,approx
qdrant,250000,2,w1,822,6.6985,1.0,10,10,approx
qdrant,250000,2,w1,397,6.55225,1.0,10,10,approx
qdrant,250000,2,w1,664,7.173417,0.9,10,10,approx
qdrant,250000,2,w1,434,6.636375,1.0,10,10,approx
qdrant,250000,2,w1,601,6.757875,1.0,10,10,approx
qdrant,250000,2,w1,379,6.620125,1.0,10,10,approx
qdrant,250000,2,w1,401,7.776708,1.0,10,10,approx
qdrant,250000,2,w1,589,6.339083,1.0,10,10,approx
qdrant,250000,2,w1,757,6.93925,1.0,10,10,approx
qdrant,250000,2,w1,717,7.6985,1.0,10,10,approx
qdrant,250000,2,w1,613,6.664917,1.0,10,10,approx
qdrant,250000,2,w1,166,6.766125,1.0,10,10,approx
qdrant,250000,2,w1,794,7.488375,1.0,10,10,approx
qdrant,250000,2,w1,942,6.736958,1.0,10,10,approx
qdrant,250000,2,w1,249,10.945417,1.0,10,10,approx
qdrant,250000,2,w1,125,6.194292,1.0,10,10,approx
qdrant,250000,2,w1,618,10.386584,1.0,10,10,approx
qdrant,250000,2,w1,425,6.498667,0.8,10,10,approx
qdrant,250000,2,w1,332,10.380958,1.0,10,10,approx
qdrant,250000,2,w1,563,6.6605,1.0,10,10,approx
qdrant,250000,2,w1,888,13.571583,1.0,10,10,approx
qdrant,250000,2,w1,787,6.694833,1.0,10,10,approx
qdrant,250000,2,w1,711,6.829875,0.8,10,10,approx
qdrant,250000,2,w1,908,6.966709,1.0,10,10,approx
qdrant,250000,2,w1,773,6.913834,1.0,10,10,approx
qdrant,250000,2,w1,135,7.273416,1.0,10,10,approx
qdrant,250000,2,w1,853,6.930166,0.4,10,10,approx
qdrant,250000,2,w1,623,14.956167,1.0,10,10,approx
qdrant,250000,2,w1,521,7.942459,1.0,10,10,approx
qdrant,250000,2,w1,119,6.537625,1.0,10,10,approx
qdrant,250000,2,w1,478,7.381875,1.0,10,10,approx
qdrant,250000,2,w1,195,12.499833,1.0,10,10,approx
qdrant,250000,2,w1,647,7.444958,1.0,10,10,approx
qdrant,250000,2,w1,536,6.996958,1.0,10,10,approx
qdrant,250000,2,w1,283,10.236875,1.0,10,10,approx
qdrant,250000,2,w1,610,6.962625,1.0,10,10,approx
qdrant,250000,2,w1,981,6.914542,1.0,10,10,approx
qdrant,250000,2,w1,824,7.051375,1.0,10,10,approx
qdrant,250000,2,w1,414,6.945959,1.0,10,10,approx
qdrant,250000,2,w1,310,7.086917,0.9,10,10,approx
qdrant,250000,2,w1,929,12.173666,1.0,10,10,approx
qdrant,250000,2,w1,963,6.844584,1.0,10,10,approx
qdrant,250000,2,w1,402,7.407625,1.0,10,10,approx
qdrant,250000,2,w1,277,7.2735,1.0,10,10,approx
qdrant,250000,2,w1,216,7.193458,1.0,10,10,approx
qdrant,250000,2,w1,832,6.749875,1.0,10,10,approx
qdrant,250000,2,w1,840,6.802667,1.0,10,10,approx
qdrant,250000,2,w1,520,11.419333,1.0,10,10,approx
qdrant,250000,2,w1,391,7.533209,1.0,10,10,approx
qdrant,250000,2,w1,538,6.607666,1.0,10,10,approx
qdrant,250000,2,w1,518,6.864958,1.0,10,10,approx
qdrant,250000,2,w1,745,10.690208,1.0,10,10,approx
qdrant,250000,2,w1,838,6.900083,1.0,10,10,approx
qdrant,250000,2,w1,420,6.424167,1.0,10,10,approx
qdrant,250000,2,w1,385,7.393041,1.0,10,10,approx
qdrant,250000,2,w1,202,7.150209,1.0,10,10,approx
qdrant,250000,2,w1,887,6.675083,1.0,10,10,approx
qdrant,250000,2,w1,778,11.94225,1.0,10,10,approx
qdrant,250000,2,w1,441,7.074458,1.0,10,10,approx
qdrant,250000,2,w1,730,7.039916,1.0,10,10,approx
qdrant,250000,2,w1,740,6.502916,1.0,10,10,approx
qdrant,250000,2,w1,723,6.452958,0.8,10,10,approx
qdrant,250000,2,w1,342,9.791542,1.0,10,10,approx
qdrant,250000,2,w1,395,6.343583,1.0,10,10,approx
qdrant,250000,2,w1,993,7.060584,1.0,10,10,approx
qdrant,250000,2,w1,372,6.474833,1.0,10,10,approx
qdrant,250000,2,w1,146,6.848625,1.0,10,10,approx
qdrant,250000,2,w1,497,11.269708,1.0,10,10,approx
qdrant,250000,2,w1,255,6.23675,1.0,10,10,approx
qdrant,250000,2,w1,872,5.892917,1.0,10,10,approx
qdrant,250000,2,w1,593,7.020083,1.0,10,10,approx
qdrant,250000,2,w1,878,9.057375,1.0,10,10,approx
qdrant,250000,2,w1,903,6.751708,0.9,10,10,approx
qdrant,250000,2,w1,348,6.123958,1.0,10,10,approx
qdrant,250000,2,w1,594,5.914583,1.0,10,10,approx
qdrant,250000,2,w1,763,10.163542,1.0,10,10,approx
qdrant,250000,2,w1,900,6.826291,1.0,10,10,approx
qdrant,250000,2,w1,689,6.461667,1.0,10,10,approx
qdrant,250000,2,w1,591,6.986667,1.0,10,10,approx
qdrant,250000,2,w1,573,7.928416,1.0,10,10,approx
qdrant,250000,2,w1,567,6.354125,1.0,10,10,approx
qdrant,250000,2,w1,353,6.689,1.0,10,10,approx
qdrant,250000,2,w1,915,6.882042,1.0,10,10,approx
qdrant,250000,2,w1,919,8.60125,1.0,10,10,approx
qdrant,250000,2,w1,995,9.46275,1.0,10,10,approx
qdrant,250000,2,w1,866,9.685625,1.0,10,10,approx
qdrant,250000,2,w1,139,6.714875,1.0,10,10,approx
qdrant,250000,2,w1,688,12.603791,1.0,10,10,approx
qdrant,250000,2,w1,523,7.548416,1.0,10,10,approx
qdrant,250000,2,w1,854,8.199875,1.0,10,10,approx
qdrant,250000,2,w1,635,7.154959,1.0,10,10,approx
qdrant,250000,2,w1,543,9.508542,0.5,10,10,approx
qdrant,250000,2,w1,168,7.362083,1.0,10,10,approx
qdrant,250000,2,w1,772,7.721625,1.0,10,10,approx
qdrant,250000,2,w1,493,9.508458,1.0,10,10,approx
qdrant,250000,2,w1,880,8.488125,1.0,10,10,approx
qdrant,250000,2,w1,774,6.331833,1.0,10,10,approx
qdrant,250000,2,w1,198,8.527167,1.0,10,10,approx
qdrant,250000,2,w1,570,6.834041,1.0,10,10,approx
qdrant,250000,2,w1,292,6.886833,1.0,10,10,approx
qdrant,250000,2,w1,325,6.959666,1.0,10,10,approx
qdrant,250000,2,w1,187,6.881375,1.0,10,10,approx
qdrant,250000,2,w1,189,7.991167,1.0,10,10,approx
qdrant,250000,2,w1,861,8.50575,1.0,10,10,approx
qdrant,250000,2,w1,619,6.456125,1.0,10,10,approx
qdrant,250000,2,w1,654,9.3755,1.0,10,10,approx
qdrant,250000,2,w1,722,9.054792,1.0,10,10,approx
qdrant,250000,2,w1,341,7.933,1.0,10,10,approx
qdrant,250000,2,w1,667,7.803917,0.9,10,10,approx
qdrant,250000,2,w1,213,9.100208,0.9,10,10,approx
qdrant,250000,2,w1,459,6.412167,0.9,10,10,approx
qdrant,250000,2,w1,418,9.422833,1.0,10,10,approx
qdrant,250000,2,w1,595,7.645625,1.0,10,10,approx
qdrant,250000,2,w1,846,9.0125,1.0,10,10,approx
qdrant,250000,2,w1,754,9.842958,1.0,10,10,approx
qdrant,250000,2,w1,510,6.017,0.9,10,10,approx
qdrant,250000,2,w1,933,5.851709,1.0,10,10,approx
qdrant,250000,2,w1,126,10.831834,1.0,10,10,approx
qdrant,250000,2,w2_50,815,10.744625,1.0,10,10,filtered_approx
qdrant,250000,2,w2_50,331,8.483667,1.0,10,10,filtered_approx
qdrant,250000,2,w2_50,176,6.459834,1.0,10,10,filtered_approx
qdrant,250000,2,w2_50,744,7.079083,1.0,10,10,filtered_approx
qdrant,250000,2,w2_50,136,6.041458,0.8,10,10,filtered_approx
qdrant,250000,2,w2_50,845,6.28925,1.0,10,10,filtered_approx
qdrant,250000,2,w2_50,880,5.586709,1.0,10,10,filtered_approx
qdrant,250000,2,w2_50,235,6.298583,0.9,10,10,filtered_approx
qdrant,250000,2,w2_50,394,6.998125,0.8,10,10,filtered_approx
qdrant,250000,2,w2_50,533,8.867459,1.0,10,10,filtered_approx
qdrant,250000,2,w2_50,898,6.895,1.0,10,10,filtered_approx
qdrant,250000,2,w2_50,635,5.471041,1.0,10,10,filtered_approx
qdrant,250000,2,w2_50,771,5.683916,0.9,10,10,filtered_approx
qdrant,250000,2,w2_50,453,11.744208,1.0,10,10,filtered_approx
qdrant,250000,2,w2_50,132,6.27825,1.0,10,10,filtered_approx
qdrant,250000,2,w2_50,697,6.227083,1.0,10,10,filtered_approx
qdrant,250000,2,w2_50,614,6.8895,0.9,10,10,filtered_approx
qdrant,250000,2,w2_50,732,7.040958,1.0,10,10,filtered_approx
qdrant,250000,2,w2_50,143,6.65125,1.0,10,10,filtered_approx
qdrant,250000,2,w2_50,946,6.026625,1.0,10,10,filtered_approx
qdrant,250000,2,w2_50,728,5.979875,1.0,10,10,filtered_approx
qdrant,250000,2,w2_50,627,6.144,0.9,10,10,filtered_approx
qdrant,250000,2,w2_50,751,6.217666,1.0,10,10,filtered_approx
qdrant,250000,2,w2_50,352,10.857417,1.0,10,10,filtered_approx
qdrant,250000,2,w2_50,476,4.884542,0.8,10,10,filtered_approx
qdrant,250000,2,w2_50,721,7.06925,1.0,10,10,filtered_approx
qdrant,250000,2,w2_50,894,6.335959,1.0,10,10,filtered_approx
qdrant,250000,2,w2_50,595,6.051958,0.9,10,10,filtered_approx
qdrant,250000,2,w2_50,220,5.873791,0.6,10,10,filtered_approx
qdrant,250000,2,w2_50,642,7.732875,0.9,10,10,filtered_approx
qdrant,250000,2,w2_50,486,9.502958,1.0,10,10,filtered_approx
qdrant,250000,2,w2_50,895,8.798375,1.0,10,10,filtered_approx
qdrant,250000,2,w2_50,925,6.846334,0.8,10,10,filtered_approx
qdrant,250000,2,w2_50,806,11.540709,0.9,10,10,filtered_approx
qdrant,250000,2,w2_50,967,7.1135,0.9,10,10,filtered_approx
qdrant,250000,2,w2_50,232,7.41925,1.0,10,10,filtered_approx
qdrant,250000,2,w2_50,902,6.518541,0.9,10,10,filtered_approx
qdrant,250000,2,w2_50,256,7.134416,0.7,10,10,filtered_approx
qdrant,250000,2,w2_50,640,13.307792,0.9,10,10,filtered_approx
qdrant,250000,2,w2_50,479,6.9925,1.0,10,10,filtered_approx
qdrant,250000,2,w2_50,568,6.644209,1.0,10,10,filtered_approx
qdrant,250000,2,w2_50,140,6.694209,1.0,10,10,filtered_approx
qdrant,250000,2,w2_50,841,6.805792,1.0,10,10,filtered_approx
qdrant,250000,2,w2_50,417,6.773709,1.0,10,10,filtered_approx
qdrant,250000,2,w2_50,862,9.319125,1.0,10,10,filtered_approx
qdrant,250000,2,w2_50,301,10.187167,1.0,10,10,filtered_approx
qdrant,250000,2,w2_50,639,6.687917,1.0,10,10,filtered_approx
qdrant,250000,2,w2_50,332,10.286625,1.0,10,10,filtered_approx
qdrant,250000,2,w2_50,680,6.358333,1.0,10,10,filtered_approx
qdrant,250000,2,w2_50,209,6.422583,1.0,10,10,filtered_approx
qdrant,250000,2,w2_50,961,6.8265,0.9,10,10,filtered_approx
qdrant,250000,2,w2_50,225,6.2815,1.0,10,10,filtered_approx
qdrant,250000,2,w2_50,236,6.278792,0.9,10,10,filtered_approx
qdrant,250000,2,w2_50,912,7.197916,1.0,10,10,filtered_approx
qdrant,250000,2,w2_50,731,12.292708,1.0,10,10,filtered_approx
qdrant,250000,2,w2_50,689,8.916292,1.0,10,10,filtered_approx
qdrant,250000,2,w2_50,403,8.835291,1.0,10,10,filtered_approx
qdrant,250000,2,w2_50,305,6.443917,1.0,10,10,filtered_approx
qdrant,250000,2,w2_50,754,6.464,1.0,10,10,filtered_approx
qdrant,250000,2,w2_50,830,7.1675,1.0,10,10,filtered_approx
qdrant,250000,2,w2_50,825,7.773625,0.8,10,10,filtered_approx
qdrant,250000,2,w2_50,458,12.095125,1.0,10,10,filtered_approx
qdrant,250000,2,w2_50,433,6.3155,1.0,10,10,filtered_approx
qdrant,250000,2,w2_50,376,6.690334,0.9,10,10,filtered_approx
qdrant,250000,2,w2_50,953,13.200708,0.9,10,10,filtered_approx
qdrant,250000,2,w2_50,427,10.300708,0.4,10,10,filtered_approx
qdrant,250000,2,w2_50,752,7.433958,1.0,10,10,filtered_approx
qdrant,250000,2,w2_50,347,6.44675,1.0,10,10,filtered_approx
qdrant,250000,2,w2_50,279,6.29525,1.0,10,10,filtered_approx
qdrant,250000,2,w2_50,756,7.012042,1.0,10,10,filtered_approx
qdrant,250000,2,w2_50,780,6.168,0.9,10,10,filtered_approx
qdrant,250000,2,w2_50,165,6.392,1.0,10,10,filtered_approx
qdrant,250000,2,w2_50,151,6.723666,1.0,10,10,filtered_approx
qdrant,250000,2,w2_50,315,11.195875,1.0,10,10,filtered_approx
qdrant,250000,2,w2_50,873,6.498875,0.9,10,10,filtered_approx
qdrant,250000,2,w2_50,929,6.640625,1.0,10,10,filtered_approx
qdrant,250000,2,w2_50,268,6.778791,1.0,10,10,filtered_approx
qdrant,250000,2,w2_50,388,6.835541,1.0,10,10,filtered_approx
qdrant,250000,2,w2_50,956,6.256417,1.0,10,10,filtered_approx
qdrant,250000,2,w2_50,354,14.62325,0.7,10,10,filtered_approx
qdrant,250000,2,w2_50,439,7.13525,1.0,10,10,filtered_approx
qdrant,250000,2,w2_50,539,9.41125,1.0,10,10,filtered_approx
qdrant,250000,2,w2_50,321,7.356917,1.0,10,10,filtered_approx
qdrant,250000,2,w2_50,353,11.379584,1.0,10,10,filtered_approx
qdrant,250000,2,w2_50,398,6.595417,0.7,10,10,filtered_approx
qdrant,250000,2,w2_50,758,5.72775,0.5,10,10,filtered_approx
qdrant,250000,2,w2_50,875,6.22675,1.0,10,10,filtered_approx
qdrant,250000,2,w2_50,885,9.741291,1.0,10,10,filtered_approx
qdrant,250000,2,w2_50,948,6.528167,1.0,10,10,filtered_approx
qdrant,250000,2,w2_50,391,10.587042,0.9,10,10,filtered_approx
qdrant,250000,2,w2_50,888,6.741583,0.8,10,10,filtered_approx
qdrant,250000,2,w2_50,615,10.761917,1.0,10,10,filtered_approx
qdrant,250000,2,w2_50,107,10.985875,1.0,10,10,filtered_approx
qdrant,250000,2,w2_50,588,7.644959,0.7,10,10,filtered_approx
qdrant,250000,2,w2_50,281,7.526083,0.9,10,10,filtered_approx
qdrant,250000,2,w2_50,928,9.6835,0.9,10,10,filtered_approx
qdrant,250000,2,w2_50,442,8.578958,1.0,10,10,filtered_approx
qdrant,250000,2,w2_50,161,7.655375,1.0,10,10,filtered_approx
qdrant,250000,2,w2_50,467,7.445875,0.9,10,10,filtered_approx
qdrant,250000,2,w2_50,843,9.18375,1.0,10,10,filtered_approx
qdrant,250000,2,w2_50,703,6.093875,1.0,10,10,filtered_approx
qdrant,250000,2,w2_50,101,9.427375,0.9,10,10,filtered_approx
qdrant,250000,2,w2_50,622,6.010042,0.9,10,10,filtered_approx
qdrant,250000,2,w2_50,562,6.467792,1.0,10,10,filtered_approx
qdrant,250000,2,w2_50,537,10.038125,0.9,10,10,filtered_approx
qdrant,250000,2,w2_50,104,6.02875,1.0,10,10,filtered_approx
qdrant,250000,2,w2_50,419,9.199625,1.0,10,10,filtered_approx
qdrant,250000,2,w2_50,759,6.974125,0.8,10,10,filtered_approx
qdrant,250000,2,w2_50,205,10.448208,0.9,10,10,filtered_approx
qdrant,250000,2,w2_50,657,6.498,1.0,10,10,filtered_approx
qdrant,250000,2,w2_50,446,7.3415,1.0,10,10,filtered_approx
qdrant,250000,2,w2_50,572,6.892417,0.9,10,10,filtered_approx
qdrant,250000,2,w2_50,919,7.145333,1.0,10,10,filtered_approx
qdrant,250000,2,w2_50,230,9.842792,0.9,10,10,filtered_approx
qdrant,250000,2,w2_50,857,6.487584,1.0,10,10,filtered_approx
qdrant,250000,2,w2_50,569,6.355208,1.0,10,10,filtered_approx
qdrant,250000,2,w2_50,718,6.613958,1.0,10,10,filtered_approx
qdrant,250000,2,w2_50,525,7.0125,1.0,10,10,filtered_approx
qdrant,250000,2,w2_50,350,10.033875,0.8,10,10,filtered_approx
qdrant,250000,2,w2_50,169,7.024208,1.0,10,10,filtered_approx
qdrant,250000,2,w2_50,866,10.669958,1.0,10,10,filtered_approx
qdrant,250000,2,w2_50,485,6.82275,1.0,10,10,filtered_approx
qdrant,250000,2,w2_50,861,6.427459,0.9,10,10,filtered_approx
qdrant,250000,2,w2_50,620,7.059416,1.0,10,10,filtered_approx
qdrant,250000,2,w2_50,463,7.766459,1.0,10,10,filtered_approx
qdrant,250000,2,w2_50,586,6.428459,1.0,10,10,filtered_approx
qdrant,250000,2,w2_50,701,9.224667,0.9,10,10,filtered_approx
qdrant,250000,2,w2_50,387,8.7295,1.0,10,10,filtered_approx
qdrant,250000,2,w2_50,910,8.157084,1.0,10,10,filtered_approx
qdrant,250000,2,w2_50,110,6.17125,1.0,10,10,filtered_approx
qdrant,250000,2,w2_50,371,5.977292,1.0,10,10,filtered_approx
qdrant,250000,2,w2_50,369,9.145875,1.0,10,10,filtered_approx
qdrant,250000,2,w2_50,699,11.005625,1.0,10,10,filtered_approx
qdrant,250000,2,w2_50,511,8.45925,1.0,10,10,filtered_approx
qdrant,250000,2,w2_50,297,8.828541,0.7,10,10,filtered_approx
qdrant,250000,2,w2_50,154,6.197208,1.0,10,10,filtered_approx
qdrant,250000,2,w2_50,119,5.956417,1.0,10,10,filtered_approx
qdrant,250000,2,w2_50,108,7.177167,1.0,10,10,filtered_approx
qdrant,250000,2,w2_50,241,9.148792,1.0,10,10,filtered_approx
qdrant,250000,2,w2_50,202,5.752375,1.0,10,10,filtered_approx
qdrant,250000,2,w2_50,360,5.962625,1.0,10,10,filtered_approx
qdrant,250000,2,w2_50,450,6.916375,1.0,10,10,filtered_approx
qdrant,250000,2,w2_50,670,7.855416,1.0,10,10,filtered_approx
qdrant,250000,2,w2_50,557,7.175125,0.9,10,10,filtered_approx
qdrant,250000,2,w2_50,435,5.399209,1.0,10,10,filtered_approx
qdrant,250000,2,w2_50,923,6.208625,0.8,10,10,filtered_approx
qdrant,250000,2,w2_50,396,6.041458,0.9,10,10,filtered_approx
qdrant,250000,2,w2_50,277,6.779709,1.0,10,10,filtered_approx
qdrant,250000,2,w2_50,231,5.618708,1.0,10,10,filtered_approx
qdrant,250000,2,w2_50,399,5.647542,0.8,10,10,filtered_approx
qdrant,250000,2,w2_50,924,5.669459,1.0,10,10,filtered_approx
qdrant,250000,2,w2_50,459,5.891708,1.0,10,10,filtered_approx
qdrant,250000,2,w2_50,155,5.3315,1.0,10,10,filtered_approx
qdrant,250000,2,w2_50,432,4.863834,0.8,10,10,filtered_approx
qdrant,250000,2,w2_50,943,5.651125,1.0,10,10,filtered_approx
qdrant,250000,2,w2_50,970,4.871208,1.0,10,10,filtered_approx
qdrant,250000,2,w2_50,619,4.619542,0.9,10,10,filtered_approx
qdrant,250000,2,w2_50,349,6.684083,1.0,10,10,filtered_approx
qdrant,250000,2,w2_50,199,5.843125,1.0,10,10,filtered_approx
qdrant,250000,2,w2_50,631,5.972875,1.0,10,10,filtered_approx
qdrant,250000,2,w2_50,900,6.176,0.6,10,10,filtered_approx
qdrant,250000,2,w2_50,661,6.524416,1.0,10,10,filtered_approx
qdrant,250000,2,w2_50,813,6.658458,1.0,10,10,filtered_approx
qdrant,250000,2,w2_50,115,6.553291,1.0,10,10,filtered_approx
qdrant,250000,2,w2_50,193,7.044875,0.9,10,10,filtered_approx
qdrant,250000,2,w2_50,598,6.265708,1.0,10,10,filtered_approx
qdrant,250000,2,w2_50,643,6.735209,0.9,10,10,filtered_approx
qdrant,250000,2,w2_50,306,6.766583,0.7,10,10,filtered_approx
qdrant,250000,2,w2_50,798,7.162417,1.0,10,10,filtered_approx
qdrant,250000,2,w2_50,775,8.008917,1.0,10,10,filtered_approx
qdrant,250000,2,w2_50,682,7.257458,1.0,10,10,filtered_approx
qdrant,250000,2,w2_50,295,6.483167,1.0,10,10,filtered_approx
qdrant,250000,2,w2_50,218,6.28375,1.0,10,10,filtered_approx
qdrant,250000,2,w2_50,570,7.030709,0.9,10,10,filtered_approx
qdrant,250000,2,w2_50,431,6.38025,1.0,10,10,filtered_approx
qdrant,250000,2,w2_50,842,5.837959,1.0,10,10,filtered_approx
qdrant,250000,2,w2_50,460,6.822042,1.0,10,10,filtered_approx
qdrant,250000,2,w2_50,452,6.621833,0.9,10,10,filtered_approx
qdrant,250000,2,w2_50,308,6.300584,1.0,10,10,filtered_approx
qdrant,250000,2,w2_50,401,5.901334,1.0,10,10,filtered_approx
qdrant,250000,2,w2_50,384,6.695459,0.9,10,10,filtered_approx
qdrant,250000,2,w2_50,702,6.192875,1.0,10,10,filtered_approx
qdrant,250000,2,w2_50,414,7.40525,1.0,10,10,filtered_approx
qdrant,250000,2,w2_50,916,6.685041,1.0,10,10,filtered_approx
qdrant,250000,2,w2_50,937,6.376916,1.0,10,10,filtered_approx
qdrant,250000,2,w2_50,358,5.200959,1.0,10,10,filtered_approx
qdrant,250000,2,w2_50,406,6.503458,1.0,10,10,filtered_approx
qdrant,250000,2,w2_50,507,6.124334,1.0,10,10,filtered_approx
qdrant,250000,2,w2_50,309,6.024959,1.0,10,10,filtered_approx
qdrant,250000,2,w2_50,647,6.008958,1.0,10,10,filtered_approx
qdrant,250000,2,w2_50,325,6.463917,0.8,10,10,filtered_approx
qdrant,250000,2,w2_50,362,6.702791,1.0,10,10,filtered_approx
qdrant,250000,2,w2_50,318,6.690083,0.9,10,10,filtered_approx
qdrant,250000,2,w2_50,227,6.487125,1.0,10,10,filtered_approx
qdrant,250000,2,w2_50,712,7.218334,0.8,10,10,filtered_approx
qdrant,250000,2,w2_50,616,6.91075,0.6,10,10,filtered_approx
qdrant,250000,2,w2_50,523,6.347833,1.0,10,10,filtered_approx
qdrant,250000,2,w2_50,869,6.742958,1.0,10,10,filtered_approx
qdrant,250000,2,w2_50,282,7.057875,1.0,10,10,filtered_approx
qdrant,250000,2,w2_50,609,7.155959,0.9,10,10,filtered_approx
qdrant,250000,2,w2_50,672,7.266834,1.0,10,10,filtered_approx
qdrant,250000,2,w2_50,930,6.408833,0.8,10,10,filtered_approx
qdrant,250000,2,w2_50,552,6.43025,0.9,10,10,filtered_approx
qdrant,250000,2,w2_50,655,7.221792,1.0,10,10,filtered_approx
qdrant,250000,2,w2_50,298,6.431834,1.0,10,10,filtered_approx
qdrant,250000,2,w2_50,597,6.315125,1.0,10,10,filtered_approx
qdrant,250000,2,w2_50,239,6.386458,0.9,10,10,filtered_approx
qdrant,250000,2,w2_50,950,6.537417,1.0,10,10,filtered_approx
qdrant,250000,2,w2_50,591,6.098834,1.0,10,10,filtered_approx
qdrant,250000,2,w2_50,939,6.579625,1.0,10,10,filtered_approx
qdrant,250000,2,w2_50,802,6.660125,1.0,10,10,filtered_approx
qdrant,250000,2,w2_50,564,6.6495,1.0,10,10,filtered_approx
qdrant,250000,2,w2_50,706,6.634666,1.0,10,10,filtered_approx
qdrant,250000,2,w2_50,795,7.098584,1.0,10,10,filtered_approx
qdrant,250000,2,w2_50,698,6.965292,0.8,10,10,filtered_approx
qdrant,250000,2,w2_50,410,7.057708,1.0,10,10,filtered_approx
qdrant,250000,2,w2_50,480,7.586166,0.9,10,10,filtered_approx
qdrant,250000,2,w2_50,612,6.759333,1.0,10,10,filtered_approx
qdrant,250000,2,w2_50,796,12.352166,0.9,10,10,filtered_approx
qdrant,250000,2,w2_50,120,8.640084,0.9,10,10,filtered_approx
qdrant,250000,2,w2_50,936,10.927583,0.8,10,10,filtered_approx
qdrant,250000,2,w2_50,351,9.602792,1.0,10,10,filtered_approx
qdrant,250000,2,w2_50,543,7.219625,0.2,10,10,filtered_approx
qdrant,250000,2,w2_50,262,6.597708,1.0,10,10,filtered_approx
qdrant,250000,2,w2_50,466,10.469417,1.0,10,10,filtered_approx
qdrant,250000,2,w2_50,983,7.223125,1.0,10,10,filtered_approx
qdrant,250000,2,w2_50,103,6.40925,1.0,10,10,filtered_approx
qdrant,250000,2,w2_50,733,12.25125,1.0,10,10,filtered_approx
qdrant,250000,2,w2_50,344,9.134792,0.9,10,10,filtered_approx
qdrant,250000,2,w2_50,587,7.875792,1.0,10,10,filtered_approx
qdrant,250000,2,w2_50,182,6.874167,1.0,10,10,filtered_approx
qdrant,250000,2,w2_50,487,10.65275,1.0,10,10,filtered_approx
qdrant,250000,2,w2_50,767,6.595375,0.8,10,10,filtered_approx
qdrant,250000,2,w2_50,872,7.101292,1.0,10,10,filtered_approx
qdrant,250000,2,w2_50,606,6.299167,1.0,10,10,filtered_approx
qdrant,250000,2,w2_50,473,6.963333,1.0,10,10,filtered_approx
qdrant,250000,2,w2_50,334,7.15825,0.9,10,10,filtered_approx
qdrant,250000,2,w2_50,287,6.975208,0.9,10,10,filtered_approx
qdrant,250000,2,w2_50,457,6.31325,1.0,10,10,filtered_approx
qdrant,250000,2,w2_50,740,11.220791,1.0,10,10,filtered_approx
qdrant,250000,2,w2_50,974,6.532208,1.0,10,10,filtered_approx
qdrant,250000,2,w2_50,846,6.07175,0.8,10,10,filtered_approx
qdrant,250000,2,w2_50,584,7.090208,1.0,10,10,filtered_approx
qdrant,250000,2,w2_50,246,6.9475,0.6,10,10,filtered_approx
qdrant,250000,2,w2_50,708,6.95025,1.0,10,10,filtered_approx
qdrant,250000,2,w2_50,711,6.785583,0.9,10,10,filtered_approx
qdrant,250000,2,w2_50,198,10.967917,1.0,10,10,filtered_approx
qdrant,250000,2,w2_50,128,6.391667,1.0,10,10,filtered_approx
qdrant,250000,2,w2_50,971,6.805792,0.8,10,10,filtered_approx
qdrant,250000,2,w2_50,886,10.25325,1.0,10,10,filtered_approx
qdrant,250000,2,w2_50,973,6.371125,0.9,10,10,filtered_approx
qdrant,250000,2,w2_50,554,5.487208,1.0,10,10,filtered_approx
qdrant,250000,2,w2_50,960,6.257208,1.0,10,10,filtered_approx
qdrant,250000,2,w2_50,542,6.663959,0.9,10,10,filtered_approx
qdrant,250000,2,w2_50,793,6.71575,0.7,10,10,filtered_approx
qdrant,250000,2,w2_50,879,8.131125,1.0,10,10,filtered_approx
qdrant,250000,2,w2_50,365,6.186083,1.0,10,10,filtered_approx
qdrant,250000,2,w2_50,146,7.126584,1.0,10,10,filtered_approx
qdrant,250000,2,w2_50,677,11.55125,1.0,10,10,filtered_approx
qdrant,250000,2,w2_50,998,8.805042,1.0,10,10,filtered_approx
qdrant,250000,2,w2_50,357,6.489875,1.0,10,10,filtered_approx
qdrant,250000,2,w2_50,389,9.964208,1.0,10,10,filtered_approx
qdrant,250000,2,w2_50,621,7.656167,1.0,10,10,filtered_approx
qdrant,250000,2,w2_50,904,6.844292,0.7,10,10,filtered_approx
qdrant,250000,2,w2_50,276,6.389583,0.9,10,10,filtered_approx
qdrant,250000,2,w2_50,437,11.5515,1.0,10,10,filtered_approx
qdrant,250000,2,w2_50,322,6.068792,1.0,10,10,filtered_approx
qdrant,250000,2,w2_50,355,6.756583,0.9,10,10,filtered_approx
qdrant,250000,2,w2_50,129,12.377834,0.8,10,10,filtered_approx
qdrant,250000,2,w2_50,516,6.63825,1.0,10,10,filtered_approx
qdrant,250000,2,w2_50,776,6.457417,1.0,10,10,filtered_approx
qdrant,250000,2,w2_50,814,12.667958,1.0,10,10,filtered_approx
qdrant,250000,2,w2_50,663,6.250042,0.9,10,10,filtered_approx
qdrant,250000,2,w2_50,177,5.127083,1.0,10,10,filtered_approx
qdrant,250000,2,w2_50,327,9.121042,0.9,10,10,filtered_approx
qdrant,250000,2,w2_50,852,8.2545,1.0,10,10,filtered_approx
qdrant,250000,2,w2_50,179,11.286958,1.0,10,10,filtered_approx
qdrant,250000,2,w2_50,638,9.291625,1.0,10,10,filtered_approx
qdrant,250000,2,w2_50,821,6.073666,1.0,10,10,filtered_approx
qdrant,250000,2,w2_50,669,6.264583,1.0,10,10,filtered_approx
qdrant,250000,2,w2_50,462,5.822042,1.0,10,10,filtered_approx
qdrant,250000,2,w2_50,320,6.908625,1.0,10,10,filtered_approx
qdrant,250000,2,w2_50,850,8.143084,1.0,10,10,filtered_approx
qdrant,250000,2,w2_50,456,6.866458,0.8,10,10,filtered_approx
qdrant,250000,2,w2_50,496,8.684167,1.0,10,10,filtered_approx
qdrant,250000,2,w2_50,148,8.137166,0.9,10,10,filtered_approx
qdrant,250000,2,w2_50,390,7.853166,1.0,10,10,filtered_approx
qdrant,250000,2,w2_50,944,8.727208,0.9,10,10,filtered_approx
qdrant,250000,2,w2_50,613,8.791791,1.0,10,10,filtered_approx
qdrant,250000,2,w2_50,472,5.887958,1.0,10,10,filtered_approx
qdrant,250000,2,w2_50,768,6.413959,0.9,10,10,filtered_approx
qdrant,250000,2,w2_50,518,8.010917,1.0,10,10,filtered_approx
qdrant,250000,2,w2_50,207,10.969291,1.0,10,10,filtered_approx
qdrant,250000,2,w2_50,750,6.879125,1.0,10,10,filtered_approx
qdrant,250000,2,w2_50,420,11.331625,1.0,10,10,filtered_approx
qdrant,250000,2,w2_50,753,6.848875,1.0,10,10,filtered_approx
qdrant,250000,2,w2_50,118,10.574,1.0,10,10,filtered_approx
qdrant,250000,2,w2_50,958,8.025708,0.9,10,10,filtered_approx
qdrant,250000,2,w2_50,687,8.520375,0.8,10,10,filtered_approx
qdrant,250000,2,w2_50,607,6.376041,1.0,10,10,filtered_approx
qdrant,250000,2,w2_50,411,10.7215,0.9,10,10,filtered_approx
qdrant,250000,2,w2_50,260,9.010625,0.9,10,10,filtered_approx
qdrant,250000,2,w2_50,343,7.555791,1.0,10,10,filtered_approx
qdrant,250000,2,w2_50,234,6.710208,1.0,10,10,filtered_approx
qdrant,250000,2,w2_50,871,6.802875,1.0,10,10,filtered_approx
qdrant,250000,2,w2_50,952,8.340209,0.9,10,10,filtered_approx
qdrant,250000,2,w2_50,492,6.926625,1.0,10,10,filtered_approx
qdrant,250000,2,w2_50,512,6.831875,0.8,10,10,filtered_approx
qdrant,250000,2,w2_50,743,7.45325,1.0,10,10,filtered_approx
qdrant,250000,2,w2_50,418,12.904791,1.0,10,10,filtered_approx
qdrant,250000,2,w2_50,599,6.509375,0.6,10,10,filtered_approx
qdrant,250000,2,w2_50,407,7.757125,1.0,10,10,filtered_approx
qdrant,250000,2,w2_50,313,7.391458,1.0,10,10,filtered_approx
qdrant,250000,2,w2_50,972,10.828125,1.0,10,10,filtered_approx
qdrant,250000,2,w2_50,292,5.821833,1.0,10,10,filtered_approx
qdrant,250000,2,w2_50,171,9.574792,1.0,10,10,filtered_approx
qdrant,250000,2,w2_50,764,9.447875,1.0,10,10,filtered_approx
qdrant,250000,2,w2_50,914,6.430292,1.0,10,10,filtered_approx
qdrant,250000,2,w2_50,160,7.2175,0.9,10,10,filtered_approx
qdrant,250000,2,w2_50,654,6.734125,1.0,10,10,filtered_approx
qdrant,250000,2,w2_50,172,11.452167,0.8,10,10,filtered_approx
qdrant,250000,2,w2_50,137,6.822542,1.0,10,10,filtered_approx
qdrant,250000,2,w2_50,797,6.775041,1.0,10,10,filtered_approx
qdrant,250000,2,w2_50,790,7.864291,1.0,10,10,filtered_approx
qdrant,250000,2,w2_50,931,9.166833,1.0,10,10,filtered_approx
qdrant,250000,2,w2_50,981,6.797917,1.0,10,10,filtered_approx
qdrant,250000,2,w2_50,317,9.501583,1.0,10,10,filtered_approx
qdrant,250000,2,w2_50,402,7.71925,1.0,10,10,filtered_approx
qdrant,250000,2,w2_50,908,6.6005,0.9,10,10,filtered_approx
qdrant,250000,2,w2_50,674,7.787125,0.7,10,10,filtered_approx
qdrant,250000,2,w2_50,379,10.393375,1.0,10,10,filtered_approx
qdrant,250000,2,w2_50,150,12.011792,1.0,10,10,filtered_approx
qdrant,250000,2,w2_50,206,7.546834,0.6,10,10,filtered_approx
qdrant,250000,2,w2_50,761,10.349459,0.8,10,10,filtered_approx
qdrant,250000,2,w2_50,178,6.223042,0.8,10,10,filtered_approx
qdrant,250000,2,w2_50,372,6.861542,1.0,10,10,filtered_approx
qdrant,250000,2,w2_50,482,6.260833,1.0,10,10,filtered_approx
qdrant,250000,2,w2_50,337,9.511541,1.0,10,10,filtered_approx
qdrant,250000,2,w2_50,538,7.620583,1.0,10,10,filtered_approx
qdrant,250000,2,w2_50,829,9.56225,1.0,10,10,filtered_approx
qdrant,250000,2,w2_50,255,7.926708,1.0,10,10,filtered_approx
qdrant,250000,2,w2_50,237,6.11925,1.0,10,10,filtered_approx
qdrant,250000,2,w2_50,415,10.166625,1.0,10,10,filtered_approx
qdrant,250000,2,w2_50,859,7.268375,0.9,10,10,filtered_approx
qdrant,250000,2,w2_50,505,6.908292,1.0,10,10,filtered_approx
qdrant,250000,2,w2_50,521,6.67325,1.0,10,10,filtered_approx
qdrant,250000,2,w2_50,891,6.400041,1.0,10,10,filtered_approx
qdrant,250000,2,w2_50,897,6.04025,1.0,10,10,filtered_approx
qdrant,250000,2,w2_50,499,9.369458,1.0,10,10,filtered_approx
qdrant,250000,2,w2_50,444,6.0385,1.0,10,10,filtered_approx
qdrant,250000,2,w2_50,636,7.129458,1.0,10,10,filtered_approx
qdrant,250000,2,w2_50,190,6.708625,1.0,10,10,filtered_approx
qdrant,250000,2,w2_50,968,10.476042,1.0,10,10,filtered_approx
qdrant,250000,2,w2_50,629,10.415,0.6,10,10,filtered_approx
qdrant,250000,2,w2_50,166,8.476958,1.0,10,10,filtered_approx
qdrant,250000,2,w2_50,393,5.764083,1.0,10,10,filtered_approx
qdrant,250000,2,w2_50,558,6.457084,1.0,10,10,filtered_approx
qdrant,250000,2,w2_50,269,9.840833,1.0,10,10,filtered_approx
qdrant,250000,2,w2_50,528,6.625708,1.0,10,10,filtered_approx
qdrant,250000,2,w2_50,330,12.413209,1.0,10,10,filtered_approx
qdrant,250000,2,w2_50,832,8.777959,1.0,10,10,filtered_approx
qdrant,250000,2,w2_50,710,7.726417,1.0,10,10,filtered_approx
qdrant,250000,2,w2_50,769,7.027042,0.9,10,10,filtered_approx
qdrant,250000,2,w2_50,429,6.645875,1.0,10,10,filtered_approx
qdrant,250000,2,w2_50,556,10.579833,0.9,10,10,filtered_approx
qdrant,250000,2,w2_50,623,6.436,1.0,10,10,filtered_approx
qdrant,250000,2,w2_50,377,6.757291,1.0,10,10,filtered_approx
qdrant,250000,2,w2_50,577,10.566375,0.9,10,10,filtered_approx
qdrant,250000,2,w2_50,660,12.448,1.0,10,10,filtered_approx
qdrant,250000,2,w2_50,139,6.338875,0.9,10,10,filtered_approx
qdrant,250000,2,w2_50,602,6.087542,1.0,10,10,filtered_approx
qdrant,250000,2,w2_50,957,7.539208,0.8,10,10,filtered_approx
qdrant,250000,2,w2_50,464,8.558667,1.0,10,10,filtered_approx
qdrant,250000,2,w2_50,249,7.1615,1.0,10,10,filtered_approx
qdrant,250000,2,w2_50,125,11.293833,1.0,10,10,filtered_approx
qdrant,250000,2,w2_50,451,6.870875,1.0,10,10,filtered_approx
qdrant,250000,2,w2_50,138,6.788833,0.9,10,10,filtered_approx
qdrant,250000,2,w2_50,868,10.230375,0.9,10,10,filtered_approx
qdrant,250000,2,w2_50,726,7.023208,1.0,10,10,filtered_approx
qdrant,250000,2,w2_50,645,9.405875,1.0,10,10,filtered_approx
qdrant,250000,2,w2_50,226,6.227,1.0,10,10,filtered_approx
qdrant,250000,2,w2_50,288,10.535834,1.0,10,10,filtered_approx
qdrant,250000,2,w2_50,304,5.420459,1.0,10,10,filtered_approx
qdrant,250000,2,w2_50,760,7.046791,1.0,10,10,filtered_approx
qdrant,250000,2,w2_50,356,6.824667,1.0,10,10,filtered_approx
qdrant,250000,2,w2_50,987,6.091958,1.0,10,10,filtered_approx
qdrant,250000,2,w2_50,302,6.448,1.0,10,10,filtered_approx
qdrant,250000,2,w2_50,183,7.160042,0.6,10,10,filtered_approx
qdrant,250000,2,w2_50,737,14.079458,1.0,10,10,filtered_approx
qdrant,250000,2,w2_50,540,6.944333,1.0,10,10,filtered_approx
qdrant,250000,2,w2_50,838,6.474959,0.9,10,10,filtered_approx
qdrant,250000,2,w2_50,566,6.405417,0.7,10,10,filtered_approx
qdrant,250000,2,w2_50,214,6.894458,0.8,10,10,filtered_approx
qdrant,250000,2,w2_50,174,6.222958,1.0,10,10,filtered_approx
qdrant,250000,2,w2_50,204,6.126625,1.0,10,10,filtered_approx
qdrant,250000,2,w2_50,285,9.3505,1.0,10,10,filtered_approx
qdrant,250000,2,w2_50,876,6.965042,0.8,10,10,filtered_approx
qdrant,250000,2,w2_50,289,7.392667,0.8,10,10,filtered_approx
qdrant,250000,2,w2_50,200,5.715833,1.0,10,10,filtered_approx
qdrant,250000,2,w2_50,338,6.1565,0.7,10,10,filtered_approx
qdrant,250000,2,w2_50,730,5.944209,1.0,10,10,filtered_approx
qdrant,250000,2,w2_50,990,5.66225,1.0,10,10,filtered_approx
qdrant,250000,2,w2_50,167,6.900917,0.9,10,10,filtered_approx
qdrant,250000,2,w2_50,428,13.605334,1.0,10,10,filtered_approx
qdrant,250000,2,w2_50,474,5.940583,1.0,10,10,filtered_approx
qdrant,250000,2,w2_50,468,6.606625,1.0,10,10,filtered_approx
qdrant,250000,2,w2_50,933,5.603,1.0,10,10,filtered_approx
qdrant,250000,2,w2_50,259,5.779666,1.0,10,10,filtered_approx
qdrant,250000,2,w2_50,808,5.964167,1.0,10,10,filtered_approx
qdrant,250000,2,w2_50,240,6.098834,1.0,10,10,filtered_approx
qdrant,250000,2,w2_50,448,8.712542,1.0,10,10,filtered_approx
qdrant,250000,2,w2_50,736,6.603875,1.0,10,10,filtered_approx
qdrant,250000,2,w2_50,545,6.110959,1.0,10,10,filtered_approx
qdrant,250000,2,w2_50,475,6.840584,1.0,10,10,filtered_approx
qdrant,250000,2,w2_50,836,6.085167,1.0,10,10,filtered_approx
qdrant,250000,2,w2_50,395,6.389958,1.0,10,10,filtered_approx
qdrant,250000,2,w2_50,405,7.096583,0.8,10,10,filtered_approx
qdrant,250000,2,w2_50,135,6.276834,1.0,10,10,filtered_approx
qdrant,250000,2,w2_50,773,5.518083,1.0,10,10,filtered_approx
qdrant,250000,2,w2_50,196,5.266792,0.6,10,10,filtered_approx
qdrant,250000,2,w2_50,109,6.58225,0.9,10,10,filtered_approx
qdrant,250000,2,w2_50,785,6.405709,0.8,10,10,filtered_approx
qdrant,250000,2,w2_50,791,11.190541,0.9,10,10,filtered_approx
qdrant,250000,2,w2_50,809,6.550834,1.0,10,10,filtered_approx
qdrant,250000,2,w2_50,997,7.513584,1.0,10,10,filtered_approx
qdrant,250000,2,w2_50,254,6.700125,0.8,10,10,filtered_approx
qdrant,250000,2,w2_50,116,5.936083,0.8,10,10,filtered_approx
qdrant,250000,2,w2_50,658,6.70925,1.0,10,10,filtered_approx
qdrant,250000,2,w2_50,257,9.88975,1.0,10,10,filtered_approx
qdrant,250000,2,w2_50,704,9.819542,1.0,10,10,filtered_approx
qdrant,250000,2,w2_50,903,11.267875,0.8,10,10,filtered_approx
qdrant,250000,2,w2_50,436,7.904917,0.5,10,10,filtered_approx
qdrant,250000,2,w2_50,409,10.649417,1.0,10,10,filtered_approx
qdrant,250000,2,w2_50,922,6.826083,1.0,10,10,filtered_approx
qdrant,250000,2,w2_50,483,6.387292,1.0,10,10,filtered_approx
qdrant,250000,2,w2_50,858,6.588541,1.0,10,10,filtered_approx
qdrant,250000,2,w2_50,864,6.94575,1.0,10,10,filtered_approx
qdrant,250000,2,w2_50,651,13.658666,1.0,10,10,filtered_approx
qdrant,250000,2,w2_50,574,8.064333,1.0,10,10,filtered_approx
qdrant,250000,2,w2_50,478,7.826375,0.9,10,10,filtered_approx
qdrant,250000,2,w2_50,679,7.352125,1.0,10,10,filtered_approx
qdrant,250000,2,w2_50,671,12.819041,0.9,10,10,filtered_approx
qdrant,250000,2,w2_50,729,6.293417,1.0,10,10,filtered_approx
qdrant,250000,2,w2_50,559,5.735375,1.0,10,10,filtered_approx
qdrant,250000,2,w2_50,149,8.25975,1.0,10,10,filtered_approx
qdrant,250000,2,w2_50,111,9.668166,1.0,10,10,filtered_approx
qdrant,250000,2,w2_50,560,8.470708,1.0,10,10,filtered_approx
qdrant,250000,2,w2_50,994,7.806041,1.0,10,10,filtered_approx
qdrant,250000,2,w2_50,113,9.347375,1.0,10,10,filtered_approx
qdrant,250000,2,w2_50,934,8.28825,1.0,10,10,filtered_approx
qdrant,250000,2,w2_50,834,6.5195,0.7,10,10,filtered_approx
qdrant,250000,2,w2_50,283,6.308125,1.0,10,10,filtered_approx
qdrant,250000,2,w2_50,312,6.80575,1.0,10,10,filtered_approx
qdrant,250000,2,w2_50,413,6.84525,1.0,10,10,filtered_approx
qdrant,250000,2,w2_50,787,10.493958,1.0,10,10,filtered_approx
qdrant,250000,2,w2_50,336,11.21825,1.0,10,10,filtered_approx
qdrant,250000,2,w2_50,229,10.012584,1.0,10,10,filtered_approx
qdrant,250000,2,w2_50,425,6.425,1.0,10,10,filtered_approx
qdrant,250000,2,w2_50,720,6.240625,0.8,10,10,filtered_approx
qdrant,250000,2,w2_50,782,6.814375,0.9,10,10,filtered_approx
qdrant,250000,2,w2_50,280,9.434833,1.0,10,10,filtered_approx
qdrant,250000,2,w2_50,491,6.353416,1.0,10,10,filtered_approx
qdrant,250000,2,w2_50,553,6.3615,0.8,10,10,filtered_approx
qdrant,250000,2,w2_50,927,6.523959,1.0,10,10,filtered_approx
qdrant,250000,2,w2_50,979,10.828,0.8,10,10,filtered_approx
qdrant,250000,2,w2_50,127,7.753458,0.7,10,10,filtered_approx
qdrant,250000,2,w2_50,824,6.97875,1.0,10,10,filtered_approx
qdrant,250000,2,w2_50,423,6.253125,1.0,10,10,filtered_approx
qdrant,250000,2,w2_50,662,5.158541,0.8,10,10,filtered_approx
qdrant,250000,2,w2_50,632,6.808333,1.0,10,10,filtered_approx
qdrant,250000,2,w2_50,738,6.630667,0.9,10,10,filtered_approx
qdrant,250000,2,w2_50,438,5.706084,0.9,10,10,filtered_approx
qdrant,250000,2,w2_50,102,11.661333,1.0,10,10,filtered_approx
qdrant,250000,2,w2_50,303,7.787083,1.0,10,10,filtered_approx
qdrant,250000,2,w2_50,481,6.412125,1.0,10,10,filtered_approx
qdrant,250000,2,w2_50,863,6.923167,1.0,10,10,filtered_approx
qdrant,250000,2,w2_50,839,6.400167,1.0,10,10,filtered_approx
qdrant,250000,2,w2_50,162,10.570708,1.0,10,10,filtered_approx
qdrant,250000,2,w2_50,488,7.688375,0.9,10,10,filtered_approx
qdrant,250000,2,w2_50,185,12.306416,1.0,10,10,filtered_approx
qdrant,250000,2,w2_50,265,7.631916,0.9,10,10,filtered_approx
qdrant,250000,2,w2_50,188,6.346584,1.0,10,10,filtered_approx
qdrant,250000,2,w2_50,152,9.439292,0.9,10,10,filtered_approx
qdrant,250000,2,w2_50,585,7.293917,0.9,10,10,filtered_approx
qdrant,250000,2,w2_50,117,10.78225,1.0,10,10,filtered_approx
qdrant,250000,2,w2_50,947,6.153208,0.9,10,10,filtered_approx
qdrant,250000,2,w2_50,299,7.24225,1.0,10,10,filtered_approx
qdrant,250000,2,w2_50,477,7.345666,1.0,10,10,filtered_approx
qdrant,250000,2,w2_50,637,9.588542,0.9,10,10,filtered_approx
qdrant,250000,2,w2_50,159,6.251833,0.9,10,10,filtered_approx
qdrant,250000,2,w2_50,430,8.171,1.0,10,10,filtered_approx
qdrant,250000,2,w2_50,735,11.930417,0.9,10,10,filtered_approx
qdrant,250000,2,w2_50,889,7.517917,0.9,10,10,filtered_approx
qdrant,250000,2,w2_50,579,7.071125,0.8,10,10,filtered_approx
qdrant,250000,2,w2_50,219,9.750084,0.9,10,10,filtered_approx
qdrant,250000,2,w2_50,319,6.88775,1.0,10,10,filtered_approx
qdrant,250000,2,w2_50,665,8.908042,0.9,10,10,filtered_approx
qdrant,250000,2,w2_50,273,5.968542,1.0,10,10,filtered_approx
qdrant,250000,2,w2_50,210,6.604875,0.9,10,10,filtered_approx
qdrant,250000,2,w2_50,685,6.746625,1.0,10,10,filtered_approx
qdrant,250000,2,w2_50,404,10.86625,1.0,10,10,filtered_approx
qdrant,250000,2,w2_50,892,6.889083,1.0,10,10,filtered_approx
qdrant,250000,2,w2_50,361,10.21325,1.0,10,10,filtered_approx
qdrant,250000,2,w2_50,781,7.760125,1.0,10,10,filtered_approx
qdrant,250000,2,w2_50,828,5.87375,1.0,10,10,filtered_approx
qdrant,250000,2,w2_50,673,5.905917,1.0,10,10,filtered_approx
qdrant,250000,2,w2_50,694,6.953208,0.8,10,10,filtered_approx
qdrant,250000,2,w2_50,374,10.947666,1.0,10,10,filtered_approx
qdrant,250000,2,w2_50,696,6.971375,0.8,10,10,filtered_approx
qdrant,250000,2,w2_50,412,5.909208,1.0,10,10,filtered_approx
qdrant,250000,2,w2_50,242,6.361625,1.0,10,10,filtered_approx
qdrant,250000,2,w2_50,848,6.217792,1.0,10,10,filtered_approx
qdrant,250000,2,w2_50,856,6.403625,1.0,10,10,filtered_approx
qdrant,250000,2,w2_50,271,6.577,0.9,10,10,filtered_approx
qdrant,250000,2,w2_50,147,6.198125,1.0,10,10,filtered_approx
qdrant,250000,2,w2_50,217,8.449291,0.9,10,10,filtered_approx
qdrant,250000,2,w2_50,692,6.880625,1.0,10,10,filtered_approx
qdrant,250000,2,w2_50,549,11.578333,0.9,10,10,filtered_approx
qdrant,250000,2,w2_50,145,16.424792,1.0,10,10,filtered_approx
qdrant,250000,2,w2_50,709,4.807167,0.9,10,10,filtered_approx
qdrant,250000,2,w2_50,224,7.86325,1.0,10,10,filtered_approx
qdrant,250000,2,w2_50,938,9.320541,1.0,10,10,filtered_approx
qdrant,250000,2,w2_50,676,10.524625,1.0,10,10,filtered_approx
qdrant,250000,2,w2_50,567,9.812541,1.0,10,10,filtered_approx
qdrant,250000,2,w2_50,995,5.924833,1.0,10,10,filtered_approx
qdrant,250000,2,w2_50,296,6.0135,1.0,10,10,filtered_approx
qdrant,250000,2,w2_50,258,7.352291,1.0,10,10,filtered_approx
qdrant,250000,2,w2_50,867,8.032459,0.8,10,10,filtered_approx
qdrant,250000,2,w2_50,749,5.257583,1.0,10,10,filtered_approx
qdrant,250000,2,w2_50,633,10.956083,1.0,10,10,filtered_approx
qdrant,250000,2,w2_50,608,7.123792,1.0,10,10,filtered_approx
qdrant,250000,2,w2_50,517,9.190167,0.8,10,10,filtered_approx
qdrant,250000,2,w2_50,778,6.940208,1.0,10,10,filtered_approx
qdrant,250000,2,w2_50,201,8.664833,1.0,10,10,filtered_approx
qdrant,250000,2,w2_50,986,6.182083,0.9,10,10,filtered_approx
qdrant,250000,2,w2_50,882,5.945875,1.0,10,10,filtered_approx
qdrant,250000,2,w2_50,106,6.424,1.0,10,10,filtered_approx
qdrant,250000,2,w2_50,877,5.455042,1.0,10,10,filtered_approx
qdrant,250000,2,w2_50,105,7.850041,1.0,10,10,filtered_approx
qdrant,250000,2,w2_50,335,5.260584,0.8,10,10,filtered_approx
qdrant,250000,2,w2_50,184,5.734041,1.0,10,10,filtered_approx
qdrant,250000,2,w2_50,653,6.755875,1.0,10,10,filtered_approx
qdrant,250000,2,w2_50,847,6.687042,1.0,10,10,filtered_approx
qdrant,250000,2,w2_50,175,6.530917,0.9,10,10,filtered_approx
qdrant,250000,2,w2_50,531,9.767584,1.0,10,10,filtered_approx
qdrant,250000,2,w2_50,993,8.279709,1.0,10,10,filtered_approx
qdrant,250000,2,w2_50,688,8.710333,1.0,10,10,filtered_approx
qdrant,250000,2,w2_50,490,9.388792,1.0,10,10,filtered_approx
qdrant,250000,2,w2_50,575,7.038042,0.8,10,10,filtered_approx
qdrant,250000,2,w2_50,378,11.41475,1.0,10,10,filtered_approx
qdrant,250000,2,w2_50,881,6.016875,1.0,10,10,filtered_approx
qdrant,250000,2,w2_50,541,9.830708,0.6,10,10,filtered_approx
qdrant,250000,2,w2_50,896,7.80925,0.6,10,10,filtered_approx
qdrant,250000,2,w2_50,666,7.160458,1.0,10,10,filtered_approx
qdrant,250000,2,w2_50,746,7.38,1.0,10,10,filtered_approx
qdrant,250000,2,w2_50,965,6.496458,1.0,10,10,filtered_approx
qdrant,250000,2,w2_50,323,6.252208,1.0,10,10,filtered_approx
qdrant,250000,2,w2_50,705,12.498125,1.0,10,10,filtered_approx
qdrant,250000,2,w2_50,959,6.48125,1.0,10,10,filtered_approx
qdrant,250000,2,w2_50,424,5.533208,0.5,10,10,filtered_approx
qdrant,250000,2,w2_50,589,6.453833,0.9,10,10,filtered_approx
qdrant,250000,2,w2_50,820,6.360209,0.8,10,10,filtered_approx
qdrant,250000,2,w2_50,203,6.64925,1.0,10,10,filtered_approx
qdrant,250000,2,w2_50,840,7.338334,1.0,10,10,filtered_approx
qdrant,250000,2,w2_50,526,6.453041,0.9,10,10,filtered_approx
qdrant,250000,2,w2_50,222,10.9415,0.7,10,10,filtered_approx
qdrant,250000,2,w2_50,978,6.830292,0.9,10,10,filtered_approx
qdrant,250000,2,w2_50,700,6.246416,1.0,10,10,filtered_approx
qdrant,250000,2,w2_50,592,14.360083,1.0,10,10,filtered_approx
qdrant,250000,2,w2_50,851,6.93825,1.0,10,10,filtered_approx
qdrant,250000,2,w2_50,134,6.487416,0.9,10,10,filtered_approx
qdrant,250000,2,w2_50,375,7.137708,1.0,10,10,filtered_approx
qdrant,250000,2,w2_50,368,6.2455,1.0,10,10,filtered_approx
qdrant,250000,2,w2_50,164,11.158792,1.0,10,10,filtered_approx
qdrant,250000,2,w2_50,261,9.279916,1.0,10,10,filtered_approx
qdrant,250000,2,w2_50,656,5.985459,0.8,10,10,filtered_approx
qdrant,250000,2,w2_50,158,6.620333,1.0,10,10,filtered_approx
qdrant,250000,2,w2_50,992,6.250958,0.9,10,10,filtered_approx
qdrant,250000,2,w2_50,659,7.588333,0.8,10,10,filtered_approx
qdrant,250000,2,w2_50,977,6.640791,1.0,10,10,filtered_approx
qdrant,250000,2,w2_50,502,9.950875,1.0,10,10,filtered_approx
qdrant,250000,2,w2_50,985,6.61275,1.0,10,10,filtered_approx
qdrant,250000,2,w2_50,484,9.181583,1.0,10,10,filtered_approx
qdrant,250000,2,w2_50,314,5.602666,0.8,10,10,filtered_approx
qdrant,250000,2,w2_50,596,11.381708,1.0,10,10,filtered_approx
qdrant,250000,2,w2_50,122,6.820708,1.0,10,10,filtered_approx
qdrant,250000,2,w2_50,799,7.940917,1.0,10,10,filtered_approx
qdrant,250000,2,w2_50,114,6.496584,1.0,10,10,filtered_approx
qdrant,250000,2,w2_50,555,6.63875,0.8,10,10,filtered_approx
qdrant,250000,2,w2_50,520,6.209667,1.0,10,10,filtered_approx
qdrant,250000,2,w2_50,181,15.430708,0.5,10,10,filtered_approx
qdrant,250000,2,w2_50,741,10.245042,1.0,10,10,filtered_approx
qdrant,250000,2,w2_50,707,13.136833,1.0,10,10,filtered_approx
qdrant,250000,2,w2_50,786,6.709709,1.0,10,10,filtered_approx
qdrant,250000,2,w2_50,250,10.63,1.0,10,10,filtered_approx
qdrant,250000,2,w2_50,173,6.122709,0.9,10,10,filtered_approx
qdrant,250000,2,w2_50,563,5.912084,1.0,10,10,filtered_approx
qdrant,250000,2,w2_50,310,6.892667,1.0,10,10,filtered_approx
qdrant,250000,2,w2_50,604,10.088,1.0,10,10,filtered_approx
qdrant,250000,2,w2_50,243,6.182375,1.0,10,10,filtered_approx
qdrant,250000,2,w2_50,561,13.366083,1.0,10,10,filtered_approx
qdrant,250000,2,w2_50,765,6.588959,1.0,10,10,filtered_approx
qdrant,250000,2,w2_50,339,6.15325,1.0,10,10,filtered_approx
qdrant,250000,2,w2_50,469,6.875959,1.0,10,10,filtered_approx
qdrant,250000,2,w2_50,100,9.359083,0.9,10,10,filtered_approx
qdrant,250000,2,w2_50,727,6.622209,1.0,10,10,filtered_approx
qdrant,250000,2,w2_50,266,7.550458,1.0,10,10,filtered_approx
qdrant,250000,2,w2_50,275,7.855375,0.9,10,10,filtered_approx
qdrant,250000,2,w2_50,208,6.430209,1.0,10,10,filtered_approx
qdrant,250000,2,w2_50,449,6.210084,1.0,10,10,filtered_approx
qdrant,250000,2,w2_50,333,7.700791,1.0,10,10,filtered_approx
qdrant,250000,2,w2_50,546,7.142125,0.9,10,10,filtered_approx
qdrant,250000,2,w2_50,975,13.903583,1.0,10,10,filtered_approx
qdrant,250000,2,w2_50,186,9.68,1.0,10,10,filtered_approx
qdrant,250000,2,w2_50,583,6.561083,1.0,10,10,filtered_approx
qdrant,250000,2,w2_50,141,7.395833,1.0,10,10,filtered_approx
qdrant,250000,2,w2_50,988,9.3645,1.0,10,10,filtered_approx
qdrant,250000,2,w2_50,408,6.167875,1.0,10,10,filtered_approx
qdrant,250000,2,w2_50,329,6.869166,1.0,10,10,filtered_approx
qdrant,250000,2,w2_50,370,7.239209,0.8,10,10,filtered_approx
qdrant,250000,2,w2_50,519,7.107792,1.0,10,10,filtered_approx
qdrant,250000,2,w2_50,935,7.800916,1.0,10,10,filtered_approx
qdrant,250000,2,w2_50,565,7.175958,0.7,10,10,filtered_approx
qdrant,250000,2,w2_50,163,12.545458,1.0,10,10,filtered_approx
qdrant,250000,2,w2_50,170,6.408,0.9,10,10,filtered_approx
qdrant,250000,2,w2_50,817,10.267916,0.9,10,10,filtered_approx
qdrant,250000,2,w2_50,447,6.017083,1.0,10,10,filtered_approx
qdrant,250000,2,w2_50,854,6.449417,1.0,10,10,filtered_approx
qdrant,250000,2,w2_50,917,6.241917,1.0,10,10,filtered_approx
qdrant,250000,2,w2_50,316,7.002792,1.0,10,10,filtered_approx
qdrant,250000,2,w2_50,576,6.503625,0.8,10,10,filtered_approx
qdrant,250000,2,w2_50,328,11.152917,0.9,10,10,filtered_approx
qdrant,250000,2,w2_50,878,6.793125,1.0,10,10,filtered_approx
qdrant,250000,2,w2_50,571,6.563167,0.9,10,10,filtered_approx
qdrant,250000,2,w2_50,810,6.401291,1.0,10,10,filtered_approx
qdrant,250000,2,w2_50,932,7.0555,1.0,10,10,filtered_approx
qdrant,250000,2,w2_50,294,5.69725,1.0,10,10,filtered_approx
qdrant,250000,2,w2_50,465,10.058667,1.0,10,10,filtered_approx
qdrant,250000,2,w2_50,286,7.055375,0.9,10,10,filtered_approx
qdrant,250000,2,w2_50,284,6.874041,1.0,10,10,filtered_approx
qdrant,250000,2,w2_50,819,9.832833,1.0,10,10,filtered_approx
qdrant,250000,2,w2_50,121,6.3095,1.0,10,10,filtered_approx
qdrant,250000,2,w2_50,646,6.53375,1.0,10,10,filtered_approx
qdrant,250000,2,w2_50,945,5.947667,0.7,10,10,filtered_approx
qdrant,250000,2,w2_50,941,7.448792,1.0,10,10,filtered_approx
qdrant,250000,2,w2_50,693,6.284875,1.0,10,10,filtered_approx
qdrant,250000,2,w2_50,779,10.141458,0.9,10,10,filtered_approx
qdrant,250000,2,w2_50,788,6.255084,0.7,10,10,filtered_approx
qdrant,250000,2,w2_50,153,13.05575,1.0,10,10,filtered_approx
qdrant,250000,2,w2_50,195,5.729917,1.0,10,10,filtered_approx
qdrant,250000,2,w2_50,789,6.556541,1.0,10,10,filtered_approx
qdrant,250000,2,w2_50,367,10.84075,0.9,10,10,filtered_approx
qdrant,250000,2,w2_50,168,6.1005,1.0,10,10,filtered_approx
qdrant,250000,2,w2_50,625,6.231625,1.0,10,10,filtered_approx
qdrant,250000,2,w2_50,757,5.7365,0.9,10,10,filtered_approx
qdrant,250000,2,w2_50,996,5.911458,0.9,10,10,filtered_approx
qdrant,250000,2,w2_50,835,5.971583,1.0,10,10,filtered_approx
qdrant,250000,2,w2_50,506,12.847834,0.9,10,10,filtered_approx
qdrant,250000,2,w2_50,513,6.043209,1.0,10,10,filtered_approx
qdrant,250000,2,w2_50,812,5.306375,1.0,10,10,filtered_approx
qdrant,250000,2,w2_50,534,6.184875,1.0,10,10,filtered_approx
qdrant,250000,2,w2_50,777,6.479583,0.9,10,10,filtered_approx
qdrant,250000,2,w2_50,684,5.384041,1.0,10,10,filtered_approx
qdrant,250000,2,w2_50,470,5.914792,1.0,10,10,filtered_approx
qdrant,250000,2,w2_50,913,5.799,0.9,10,10,filtered_approx
qdrant,250000,2,w2_50,455,5.985833,1.0,10,10,filtered_approx
qdrant,250000,2,w2_50,522,6.581667,1.0,10,10,filtered_approx
qdrant,250000,2,w2_50,248,5.5075,1.0,10,10,filtered_approx
qdrant,250000,2,w2_50,340,6.185209,1.0,10,10,filtered_approx
qdrant,250000,2,w2_50,668,5.753042,1.0,10,10,filtered_approx
qdrant,250000,2,w2_50,899,5.520541,0.9,10,10,filtered_approx
qdrant,250000,2,w2_50,535,5.120917,1.0,10,10,filtered_approx
qdrant,250000,2,w2_50,133,5.128,1.0,10,10,filtered_approx
qdrant,250000,2,w2_50,649,6.128375,1.0,10,10,filtered_approx
qdrant,250000,2,w2_50,641,5.74175,1.0,10,10,filtered_approx
qdrant,250000,2,w2_50,874,6.178333,0.9,10,10,filtered_approx
qdrant,250000,2,w2_50,445,5.623291,1.0,10,10,filtered_approx
qdrant,250000,2,w2_50,951,6.590291,1.0,10,10,filtered_approx
qdrant,250000,2,w2_50,497,7.424833,1.0,10,10,filtered_approx
qdrant,250000,2,w2_50,826,6.034959,1.0,10,10,filtered_approx
qdrant,250000,2,w2_50,581,5.937209,0.8,10,10,filtered_approx
qdrant,250000,2,w2_50,416,8.027209,1.0,10,10,filtered_approx
qdrant,250000,2,w2_50,573,6.392625,1.0,10,10,filtered_approx
qdrant,250000,2,w2_50,605,6.688958,1.0,10,10,filtered_approx
qdrant,250000,2,w2_50,823,7.810959,1.0,10,10,filtered_approx
qdrant,250000,2,w2_50,529,6.792167,1.0,10,10,filtered_approx
qdrant,250000,2,w2_50,954,6.976708,1.0,10,10,filtered_approx
qdrant,250000,2,w2_50,807,7.169084,0.9,10,10,filtered_approx
qdrant,250000,2,w2_50,724,6.342167,0.6,10,10,filtered_approx
qdrant,250000,2,w2_50,514,7.06075,1.0,10,10,filtered_approx
qdrant,250000,2,w2_50,421,6.592917,0.8,10,10,filtered_approx
qdrant,250000,2,w2_50,493,6.699,1.0,10,10,filtered_approx
qdrant,250000,2,w2_50,123,6.819875,1.0,10,10,filtered_approx
qdrant,250000,2,w2_50,853,6.681,0.7,10,10,filtered_approx
qdrant,250000,2,w2_50,678,6.397875,0.9,10,10,filtered_approx
qdrant,250000,2,w2_50,530,6.741875,0.7,10,10,filtered_approx
qdrant,250000,2,w2_50,837,6.585583,0.9,10,10,filtered_approx
qdrant,250000,2,w2_50,742,7.327125,0.9,10,10,filtered_approx
qdrant,250000,2,w2_50,766,8.08525,1.0,10,10,filtered_approx
qdrant,250000,2,w2_50,124,7.0615,1.0,10,10,filtered_approx
qdrant,250000,2,w2_50,156,6.711167,0.9,10,10,filtered_approx
qdrant,250000,2,w2_50,907,6.729375,1.0,10,10,filtered_approx
qdrant,250000,2,w2_50,278,7.730416,1.0,10,10,filtered_approx
qdrant,250000,2,w2_50,783,6.537792,1.0,10,10,filtered_approx
qdrant,250000,2,w2_50,801,6.211375,1.0,10,10,filtered_approx
qdrant,250000,2,w2_50,611,8.080458,1.0,10,10,filtered_approx
qdrant,250000,2,w2_50,792,6.881792,1.0,10,10,filtered_approx
qdrant,250000,2,w2_50,822,7.064708,1.0,10,10,filtered_approx
qdrant,250000,2,w2_50,955,6.269333,0.9,10,10,filtered_approx
qdrant,250000,2,w2_50,426,6.914625,1.0,10,10,filtered_approx
qdrant,250000,2,w2_50,385,6.591583,1.0,10,10,filtered_approx
qdrant,250000,2,w2_50,244,6.905292,1.0,10,10,filtered_approx
qdrant,250000,2,w2_50,818,6.564458,1.0,10,10,filtered_approx
qdrant,250000,2,w2_50,827,7.465333,1.0,10,10,filtered_approx
qdrant,250000,2,w2_50,551,7.18425,1.0,10,10,filtered_approx
qdrant,250000,2,w2_50,498,5.561125,1.0,10,10,filtered_approx
qdrant,250000,2,w2_50,532,6.688833,0.7,10,10,filtered_approx
qdrant,250000,2,w2_50,800,6.238375,1.0,10,10,filtered_approx
qdrant,250000,2,w2_50,251,5.804583,1.0,10,10,filtered_approx
qdrant,250000,2,w2_50,893,6.644417,0.9,10,10,filtered_approx
qdrant,250000,2,w2_50,544,6.395,1.0,10,10,filtered_approx
qdrant,250000,2,w2_50,713,6.535458,1.0,10,10,filtered_approx
qdrant,250000,2,w2_50,191,6.847042,0.9,10,10,filtered_approx
qdrant,250000,2,w2_50,686,6.690167,1.0,10,10,filtered_approx
qdrant,250000,2,w2_50,690,6.355458,0.9,10,10,filtered_approx
qdrant,250000,2,w2_50,382,7.107667,1.0,10,10,filtered_approx
qdrant,250000,2,w2_50,725,6.879667,1.0,10,10,filtered_approx
qdrant,250000,2,w2_50,397,6.486583,1.0,10,10,filtered_approx
qdrant,250000,2,w2_50,495,6.51475,0.9,10,10,filtered_approx
qdrant,250000,2,w2_50,748,6.195125,0.9,10,10,filtered_approx
qdrant,250000,2,w2_50,755,6.567292,1.0,10,10,filtered_approx
qdrant,250000,2,w2_50,695,6.671667,1.0,10,10,filtered_approx
qdrant,250000,2,w2_50,989,6.728708,1.0,10,10,filtered_approx
qdrant,250000,2,w2_50,884,6.229333,1.0,10,10,filtered_approx
qdrant,250000,2,w2_50,887,6.523833,0.9,10,10,filtered_approx
qdrant,250000,2,w2_50,745,6.423042,0.9,10,10,filtered_approx
qdrant,250000,2,w2_50,373,6.555584,1.0,10,10,filtered_approx
qdrant,250000,2,w2_50,245,9.418666,1.0,10,10,filtered_approx
qdrant,250000,2,w2_50,722,8.689625,1.0,10,10,filtered_approx
qdrant,250000,2,w2_50,683,9.272792,1.0,10,10,filtered_approx
qdrant,250000,2,w2_50,890,11.319458,1.0,10,10,filtered_approx
qdrant,250000,2,w2_50,252,10.503042,1.0,10,10,filtered_approx
qdrant,250000,2,w2_50,461,7.125209,0.9,10,10,filtered_approx
qdrant,250000,2,w2_50,440,9.619917,1.0,10,10,filtered_approx
qdrant,250000,2,w2_50,443,5.857666,1.0,10,10,filtered_approx
qdrant,250000,2,w2_50,716,5.049458,1.0,10,10,filtered_approx
qdrant,250000,2,w2_50,494,10.719292,1.0,10,10,filtered_approx
qdrant,250000,2,w2_50,346,6.303292,0.9,10,10,filtered_approx
qdrant,250000,2,w2_50,157,12.965333,0.9,10,10,filtered_approx
qdrant,250000,2,w2_50,223,6.557334,0.9,10,10,filtered_approx
qdrant,250000,2,w2_50,717,10.317292,1.0,10,10,filtered_approx
qdrant,250000,2,w2_50,949,6.807708,1.0,10,10,filtered_approx
qdrant,250000,2,w2_50,213,6.414291,1.0,10,10,filtered_approx
qdrant,250000,2,w2_50,617,7.373583,1.0,10,10,filtered_approx
qdrant,250000,2,w2_50,582,7.086916,0.6,10,10,filtered_approx
qdrant,250000,2,w2_50,590,6.823791,1.0,10,10,filtered_approx
qdrant,250000,2,w2_50,870,6.8955,1.0,10,10,filtered_approx
qdrant,250000,2,w2_50,603,10.524042,1.0,10,10,filtered_approx
qdrant,250000,2,w2_50,644,6.35075,1.0,10,10,filtered_approx
qdrant,250000,2,w2_50,803,8.011167,0.9,10,10,filtered_approx
qdrant,250000,2,w2_50,624,5.587542,0.9,10,10,filtered_approx
qdrant,250000,2,w2_50,192,5.86825,1.0,10,10,filtered_approx
qdrant,250000,2,w2_50,926,12.336375,0.8,10,10,filtered_approx
qdrant,250000,2,w2_50,980,8.896875,1.0,10,10,filtered_approx
qdrant,250000,2,w2_50,527,7.808708,1.0,10,10,filtered_approx
qdrant,250000,2,w2_50,772,6.876584,1.0,10,10,filtered_approx
qdrant,250000,2,w2_50,264,9.276167,1.0,10,10,filtered_approx
qdrant,250000,2,w2_50,131,6.466459,0.9,10,10,filtered_approx
qdrant,250000,2,w2_50,763,7.291458,0.9,10,10,filtered_approx
qdrant,250000,2,w2_50,454,6.429,1.0,10,10,filtered_approx
qdrant,250000,2,w2_50,714,7.059834,0.8,10,10,filtered_approx
qdrant,250000,2,w2_50,187,9.485166,1.0,10,10,filtered_approx
qdrant,250000,2,w2_50,664,9.614958,0.8,10,10,filtered_approx
qdrant,250000,2,w2_50,500,11.404833,1.0,10,10,filtered_approx
qdrant,250000,2,w2_50,942,6.700209,1.0,10,10,filtered_approx
qdrant,250000,2,w2_50,964,6.71225,1.0,10,10,filtered_approx
qdrant,250000,2,w2_50,865,12.618334,1.0,10,10,filtered_approx
qdrant,250000,2,w2_50,747,9.725417,1.0,10,10,filtered_approx
qdrant,250000,2,w2_50,610,7.198084,1.0,10,10,filtered_approx
qdrant,250000,2,w2_50,860,7.898333,0.6,10,10,filtered_approx
qdrant,250000,2,w2_50,359,6.444625,1.0,10,10,filtered_approx
qdrant,250000,2,w2_50,238,6.028792,1.0,10,10,filtered_approx
qdrant,250000,2,w2_50,918,10.187791,1.0,10,10,filtered_approx
qdrant,250000,2,w2_50,112,6.493084,1.0,10,10,filtered_approx
qdrant,250000,2,w2_50,504,10.650917,1.0,10,10,filtered_approx
qdrant,250000,2,w2_50,267,6.711916,1.0,10,10,filtered_approx
qdrant,250000,2,w2_50,311,6.229792,1.0,10,10,filtered_approx
qdrant,250000,2,w2_50,909,6.505917,0.9,10,10,filtered_approx
qdrant,250000,2,w2_50,966,6.707042,0.7,10,10,filtered_approx
qdrant,250000,2,w2_50,293,9.072417,1.0,10,10,filtered_approx
qdrant,250000,2,w2_50,804,6.538917,0.7,10,10,filtered_approx
qdrant,250000,2,w2_50,547,5.899708,1.0,10,10,filtered_approx
qdrant,250000,2,w2_50,594,6.081791,1.0,10,10,filtered_approx
qdrant,250000,2,w2_50,550,5.893333,1.0,10,10,filtered_approx
qdrant,250000,2,w2_50,762,7.888458,1.0,10,10,filtered_approx
qdrant,250000,2,w2_50,212,8.434416,1.0,10,10,filtered_approx
qdrant,250000,2,w2_50,578,7.777083,1.0,10,10,filtered_approx
qdrant,250000,2,w2_50,630,9.188542,1.0,10,10,filtered_approx
qdrant,250000,2,w2_50,348,8.615667,1.0,10,10,filtered_approx
qdrant,250000,2,w2_50,675,6.502125,1.0,10,10,filtered_approx
qdrant,250000,2,w2_50,969,6.37125,0.9,10,10,filtered_approx
qdrant,250000,2,w2_50,940,6.72125,0.4,10,10,filtered_approx
qdrant,250000,2,w2_50,274,8.977416,0.9,10,10,filtered_approx
qdrant,250000,2,w2_50,509,6.868792,0.8,10,10,filtered_approx
qdrant,250000,2,w2_50,144,6.0875,1.0,10,10,filtered_approx
qdrant,250000,2,w2_50,915,7.1975,1.0,10,10,filtered_approx
qdrant,250000,2,w2_50,906,5.950792,1.0,10,10,filtered_approx
qdrant,250000,2,w2_50,508,5.880209,1.0,10,10,filtered_approx
qdrant,250000,2,w2_50,189,8.477459,1.0,10,10,filtered_approx
qdrant,250000,2,w2_50,734,6.2745,0.8,10,10,filtered_approx
qdrant,250000,2,w2_50,363,9.754875,0.8,10,10,filtered_approx
qdrant,250000,2,w2_50,524,5.919833,0.8,10,10,filtered_approx
qdrant,250000,2,w2_50,905,5.689417,1.0,10,10,filtered_approx
qdrant,250000,2,w2_50,774,6.341541,1.0,10,10,filtered_approx
qdrant,250000,2,w2_50,364,7.235667,1.0,10,10,filtered_approx
qdrant,250000,2,w2_50,667,6.826458,0.9,10,10,filtered_approx
qdrant,250000,2,w2_50,831,8.530625,1.0,10,10,filtered_approx
qdrant,250000,2,w2_50,342,6.29075,0.7,10,10,filtered_approx
qdrant,250000,2,w2_50,291,6.065,1.0,10,10,filtered_approx
qdrant,250000,2,w2_50,784,6.553625,1.0,10,10,filtered_approx
qdrant,250000,2,w2_50,194,13.5045,1.0,10,10,filtered_approx
qdrant,250000,2,w2_50,976,6.141125,0.9,10,10,filtered_approx
qdrant,250000,2,w2_50,215,6.728542,1.0,10,10,filtered_approx
qdrant,250000,2,w2_50,999,6.241833,1.0,10,10,filtered_approx
qdrant,250000,2,w2_50,326,6.714917,1.0,10,10,filtered_approx
qdrant,250000,2,w2_50,489,12.268709,1.0,10,10,filtered_approx
qdrant,250000,2,w2_50,648,5.922875,0.7,10,10,filtered_approx
qdrant,250000,2,w2_50,601,8.953,1.0,10,10,filtered_approx
qdrant,250000,2,w2_50,691,6.015125,0.9,10,10,filtered_approx
qdrant,250000,2,w2_50,548,6.866125,1.0,10,10,filtered_approx
qdrant,250000,2,w2_50,216,7.884166,1.0,10,10,filtered_approx
qdrant,250000,2,w2_50,600,7.90325,0.8,10,10,filtered_approx
qdrant,250000,2,w2_50,501,7.986292,1.0,10,10,filtered_approx
qdrant,250000,2,w2_50,911,7.042417,0.9,10,10,filtered_approx
qdrant,250000,2,w2_50,628,6.432625,0.9,10,10,filtered_approx
qdrant,250000,2,w2_50,197,6.214625,1.0,10,10,filtered_approx
qdrant,250000,2,w2_50,142,10.05225,1.0,10,10,filtered_approx
qdrant,250000,2,w2_50,962,6.524125,1.0,10,10,filtered_approx
qdrant,250000,2,w2_50,849,6.73225,1.0,10,10,filtered_approx
qdrant,250000,2,w2_50,805,6.464,0.9,10,10,filtered_approx
qdrant,250000,2,w2_50,228,6.578708,1.0,10,10,filtered_approx
qdrant,250000,2,w2_50,422,6.496792,1.0,10,10,filtered_approx
qdrant,250000,2,w2_50,963,13.362083,1.0,10,10,filtered_approx
qdrant,250000,2,w2_50,441,6.123,0.9,10,10,filtered_approx
qdrant,250000,2,w2_50,921,6.229166,1.0,10,10,filtered_approx
qdrant,250000,2,w2_50,324,6.19225,0.7,10,10,filtered_approx
qdrant,250000,2,w2_50,383,9.864,1.0,10,10,filtered_approx
qdrant,250000,2,w2_50,341,6.654666,0.9,10,10,filtered_approx
qdrant,250000,2,w2_50,307,6.763542,1.0,10,10,filtered_approx
qdrant,250000,2,w2_50,844,8.516541,1.0,10,10,filtered_approx
qdrant,250000,2,w2_50,723,6.704459,1.0,10,10,filtered_approx
qdrant,250000,2,w2_50,400,12.092834,1.0,10,10,filtered_approx
qdrant,250000,2,w2_50,180,6.660625,1.0,10,10,filtered_approx
qdrant,250000,2,w2_50,715,7.887292,1.0,10,10,filtered_approx
qdrant,250000,2,w2_50,380,6.74225,0.9,10,10,filtered_approx
qdrant,250000,2,w2_50,618,6.005042,1.0,10,10,filtered_approx
qdrant,250000,2,w2_50,816,6.911083,1.0,10,10,filtered_approx
qdrant,250000,2,w2_50,300,6.65975,1.0,10,10,filtered_approx
qdrant,250000,2,w2_50,130,9.071833,1.0,10,10,filtered_approx
qdrant,250000,2,w2_50,211,8.683291,0.8,10,10,filtered_approx
qdrant,250000,2,w2_50,719,10.706917,1.0,10,10,filtered_approx
qdrant,250000,2,w2_50,984,10.125416,1.0,10,10,filtered_approx
qdrant,250000,2,w2_50,263,9.51325,0.9,10,10,filtered_approx
qdrant,250000,2,w2_50,503,7.394208,0.9,10,10,filtered_approx
qdrant,250000,2,w2_50,794,7.332834,1.0,10,10,filtered_approx
qdrant,250000,2,w2_50,855,8.062542,1.0,10,10,filtered_approx
qdrant,250000,2,w2_50,366,6.958292,1.0,10,10,filtered_approx
qdrant,250000,2,w2_50,392,6.834125,1.0,10,10,filtered_approx
qdrant,250000,2,w2_50,811,12.62525,1.0,10,10,filtered_approx
qdrant,250000,2,w2_50,681,6.507167,1.0,10,10,filtered_approx
qdrant,250000,2,w2_50,253,6.286125,1.0,10,10,filtered_approx
qdrant,250000,2,w2_50,991,6.679542,1.0,10,10,filtered_approx
qdrant,250000,2,w2_50,247,9.999458,0.9,10,10,filtered_approx
qdrant,250000,2,w2_50,982,6.692291,0.9,10,10,filtered_approx
qdrant,250000,2,w2_50,126,7.196167,1.0,10,10,filtered_approx
qdrant,250000,2,w2_50,833,6.311792,0.6,10,10,filtered_approx
qdrant,250000,2,w2_50,381,9.358584,1.0,10,10,filtered_approx
qdrant,250000,2,w2_50,510,6.783,0.9,10,10,filtered_approx
qdrant,250000,2,w2_50,650,7.387167,1.0,10,10,filtered_approx
qdrant,250000,2,w2_50,345,10.629583,1.0,10,10,filtered_approx
qdrant,250000,2,w2_50,901,6.051083,0.9,10,10,filtered_approx
qdrant,250000,2,w2_50,580,6.077167,0.9,10,10,filtered_approx
qdrant,250000,2,w2_50,652,6.628333,1.0,10,10,filtered_approx
qdrant,250000,2,w2_50,471,6.843791,1.0,10,10,filtered_approx
qdrant,250000,2,w2_50,536,14.388792,0.8,10,10,filtered_approx
qdrant,250000,2,w2_50,883,9.616875,1.0,10,10,filtered_approx
qdrant,250000,2,w2_50,593,8.193708,1.0,10,10,filtered_approx
qdrant,250000,2,w2_50,920,6.349083,1.0,10,10,filtered_approx
qdrant,250000,2,w2_50,434,5.87225,1.0,10,10,filtered_approx
qdrant,250000,2,w2_50,290,6.441834,1.0,10,10,filtered_approx
qdrant,250000,2,w2_50,626,6.830042,0.9,10,10,filtered_approx
qdrant,250000,2,w2_50,221,9.624667,1.0,10,10,filtered_approx
qdrant,250000,2,w2_50,770,6.817208,0.8,10,10,filtered_approx
qdrant,250000,2,w2_50,272,7.073667,1.0,10,10,filtered_approx
qdrant,250000,2,w2_50,270,6.355625,0.9,10,10,filtered_approx
qdrant,250000,2,w2_50,739,6.400542,1.0,10,10,filtered_approx
qdrant,250000,2,w2_50,515,7.819958,1.0,10,10,filtered_approx
qdrant,250000,2,w2_50,634,6.862291,0.9,10,10,filtered_approx
qdrant,250000,2,w2_50,386,13.081083,0.9,10,10,filtered_approx
qdrant,250000,2,w2_50,233,7.833833,0.9,10,10,filtered_approx
qdrant,250000,2,w2_10,765,11.696959,1.0,10,10,filtered_approx
qdrant,250000,2,w2_10,161,7.641916,1.0,10,10,filtered_approx
qdrant,250000,2,w2_10,773,7.956209,0.9,10,10,filtered_approx
qdrant,250000,2,w2_10,785,6.693417,0.9,10,10,filtered_approx
qdrant,250000,2,w2_10,452,7.283083,0.9,10,10,filtered_approx
qdrant,250000,2,w2_10,149,7.38525,1.0,10,10,filtered_approx
qdrant,250000,2,w2_10,938,4.658458,1.0,10,10,filtered_approx
qdrant,250000,2,w2_10,416,5.06525,1.0,10,10,filtered_approx
qdrant,250000,2,w2_10,582,5.65025,0.9,10,10,filtered_approx
qdrant,250000,2,w2_10,820,8.123791,0.8,10,10,filtered_approx
qdrant,250000,2,w2_10,285,7.845583,1.0,10,10,filtered_approx
qdrant,250000,2,w2_10,473,6.696541,1.0,10,10,filtered_approx
qdrant,250000,2,w2_10,441,6.072292,1.0,10,10,filtered_approx
qdrant,250000,2,w2_10,779,10.149,1.0,10,10,filtered_approx
qdrant,250000,2,w2_10,882,6.277084,1.0,10,10,filtered_approx
qdrant,250000,2,w2_10,399,6.169709,1.0,10,10,filtered_approx
qdrant,250000,2,w2_10,198,6.322459,1.0,10,10,filtered_approx
qdrant,250000,2,w2_10,824,8.248541,1.0,10,10,filtered_approx
qdrant,250000,2,w2_10,132,8.372416,1.0,10,10,filtered_approx
qdrant,250000,2,w2_10,134,13.759875,0.8,10,10,filtered_approx
qdrant,250000,2,w2_10,710,8.316625,1.0,10,10,filtered_approx
qdrant,250000,2,w2_10,965,7.633833,1.0,10,10,filtered_approx
qdrant,250000,2,w2_10,656,8.305584,1.0,10,10,filtered_approx
qdrant,250000,2,w2_10,821,5.652167,1.0,10,10,filtered_approx
qdrant,250000,2,w2_10,988,5.3645,1.0,10,10,filtered_approx
qdrant,250000,2,w2_10,558,6.221084,1.0,10,10,filtered_approx
qdrant,250000,2,w2_10,463,6.299375,1.0,10,10,filtered_approx
qdrant,250000,2,w2_10,401,6.0175,1.0,10,10,filtered_approx
qdrant,250000,2,w2_10,381,5.709667,1.0,10,10,filtered_approx
qdrant,250000,2,w2_10,718,7.308417,1.0,10,10,filtered_approx
qdrant,250000,2,w2_10,434,7.137833,1.0,10,10,filtered_approx
qdrant,250000,2,w2_10,828,6.312833,1.0,10,10,filtered_approx
qdrant,250000,2,w2_10,468,6.708792,1.0,10,10,filtered_approx
qdrant,250000,2,w2_10,859,6.79975,1.0,10,10,filtered_approx
qdrant,250000,2,w2_10,767,11.035333,1.0,10,10,filtered_approx
qdrant,250000,2,w2_10,652,6.468667,1.0,10,10,filtered_approx
qdrant,250000,2,w2_10,528,6.376167,1.0,10,10,filtered_approx
qdrant,250000,2,w2_10,419,6.461,1.0,10,10,filtered_approx
qdrant,250000,2,w2_10,165,7.016208,1.0,10,10,filtered_approx
qdrant,250000,2,w2_10,478,10.4475,1.0,10,10,filtered_approx
qdrant,250000,2,w2_10,185,6.576167,1.0,10,10,filtered_approx
qdrant,250000,2,w2_10,229,8.233792,1.0,10,10,filtered_approx
qdrant,250000,2,w2_10,146,5.933917,1.0,10,10,filtered_approx
qdrant,250000,2,w2_10,445,5.706417,1.0,10,10,filtered_approx
qdrant,250000,2,w2_10,910,12.825333,1.0,10,10,filtered_approx
qdrant,250000,2,w2_10,147,6.571125,1.0,10,10,filtered_approx
qdrant,250000,2,w2_10,654,6.758375,1.0,10,10,filtered_approx
qdrant,250000,2,w2_10,162,6.971084,1.0,10,10,filtered_approx
qdrant,250000,2,w2_10,510,10.504667,1.0,10,10,filtered_approx
qdrant,250000,2,w2_10,289,8.085666,1.0,10,10,filtered_approx
qdrant,250000,2,w2_10,550,8.29125,1.0,10,10,filtered_approx
qdrant,250000,2,w2_10,677,6.10575,1.0,10,10,filtered_approx
qdrant,250000,2,w2_10,616,7.927166,1.0,10,10,filtered_approx
qdrant,250000,2,w2_10,102,6.294167,1.0,10,10,filtered_approx
qdrant,250000,2,w2_10,641,8.118625,1.0,10,10,filtered_approx
qdrant,250000,2,w2_10,327,6.801292,1.0,10,10,filtered_approx
qdrant,250000,2,w2_10,360,9.127458,1.0,10,10,filtered_approx
qdrant,250000,2,w2_10,334,6.457709,0.9,10,10,filtered_approx
qdrant,250000,2,w2_10,655,5.819875,1.0,10,10,filtered_approx
qdrant,250000,2,w2_10,432,13.244833,1.0,10,10,filtered_approx
qdrant,250000,2,w2_10,733,5.903708,1.0,10,10,filtered_approx
qdrant,250000,2,w2_10,590,10.405792,1.0,10,10,filtered_approx
qdrant,250000,2,w2_10,752,9.162708,1.0,10,10,filtered_approx
qdrant,250000,2,w2_10,784,5.350209,1.0,10,10,filtered_approx
qdrant,250000,2,w2_10,347,5.96225,1.0,10,10,filtered_approx
qdrant,250000,2,w2_10,382,10.098375,1.0,10,10,filtered_approx
qdrant,250000,2,w2_10,560,6.068708,1.0,10,10,filtered_approx
qdrant,250000,2,w2_10,885,10.308584,1.0,10,10,filtered_approx
qdrant,250000,2,w2_10,772,5.948208,1.0,10,10,filtered_approx
qdrant,250000,2,w2_10,121,11.675708,1.0,10,10,filtered_approx
qdrant,250000,2,w2_10,735,6.02175,1.0,10,10,filtered_approx
qdrant,250000,2,w2_10,669,10.440666,1.0,10,10,filtered_approx
qdrant,250000,2,w2_10,954,4.820417,1.0,10,10,filtered_approx
qdrant,250000,2,w2_10,952,5.667333,1.0,10,10,filtered_approx
qdrant,250000,2,w2_10,395,5.71725,1.0,10,10,filtered_approx
qdrant,250000,2,w2_10,682,7.007959,1.0,10,10,filtered_approx
qdrant,250000,2,w2_10,970,5.439375,1.0,10,10,filtered_approx
qdrant,250000,2,w2_10,876,6.601042,0.9,10,10,filtered_approx
qdrant,250000,2,w2_10,490,7.913208,1.0,10,10,filtered_approx
qdrant,250000,2,w2_10,633,8.752875,1.0,10,10,filtered_approx
qdrant,250000,2,w2_10,987,4.900958,1.0,10,10,filtered_approx
qdrant,250000,2,w2_10,636,6.75075,1.0,10,10,filtered_approx
qdrant,250000,2,w2_10,500,7.035542,1.0,10,10,filtered_approx
qdrant,250000,2,w2_10,574,5.354208,1.0,10,10,filtered_approx
qdrant,250000,2,w2_10,553,5.477208,1.0,10,10,filtered_approx
qdrant,250000,2,w2_10,618,4.748417,1.0,10,10,filtered_approx
qdrant,250000,2,w2_10,928,6.34025,0.9,10,10,filtered_approx
qdrant,250000,2,w2_10,203,6.987333,1.0,10,10,filtered_approx
qdrant,250000,2,w2_10,680,6.433375,1.0,10,10,filtered_approx
qdrant,250000,2,w2_10,272,6.4145,1.0,10,10,filtered_approx
qdrant,250000,2,w2_10,963,5.763542,1.0,10,10,filtered_approx
qdrant,250000,2,w2_10,768,5.512,1.0,10,10,filtered_approx
qdrant,250000,2,w2_10,413,6.007958,1.0,10,10,filtered_approx
qdrant,250000,2,w2_10,151,5.81675,1.0,10,10,filtered_approx
qdrant,250000,2,w2_10,310,5.31,1.0,10,10,filtered_approx
qdrant,250000,2,w2_10,875,5.171791,1.0,10,10,filtered_approx
qdrant,250000,2,w2_10,253,5.303958,1.0,10,10,filtered_approx
qdrant,250000,2,w2_10,114,6.312083,1.0,10,10,filtered_approx
qdrant,250000,2,w2_10,262,6.291667,1.0,10,10,filtered_approx
qdrant,250000,2,w2_10,318,5.118209,1.0,10,10,filtered_approx
qdrant,250000,2,w2_10,717,5.57225,1.0,10,10,filtered_approx
qdrant,250000,2,w2_10,464,5.559417,1.0,10,10,filtered_approx
qdrant,250000,2,w2_10,990,6.775209,1.0,10,10,filtered_approx
qdrant,250000,2,w2_10,150,6.726875,1.0,10,10,filtered_approx
qdrant,250000,2,w2_10,226,7.232042,1.0,10,10,filtered_approx
qdrant,250000,2,w2_10,589,9.490917,1.0,10,10,filtered_approx
qdrant,250000,2,w2_10,323,5.193875,1.0,10,10,filtered_approx
qdrant,250000,2,w2_10,946,6.694208,1.0,10,10,filtered_approx
qdrant,250000,2,w2_10,171,5.687292,1.0,10,10,filtered_approx
qdrant,250000,2,w2_10,742,6.268833,0.8,10,10,filtered_approx
qdrant,250000,2,w2_10,962,6.004,1.0,10,10,filtered_approx
qdrant,250000,2,w2_10,239,6.278,1.0,10,10,filtered_approx
qdrant,250000,2,w2_10,126,24.866083,1.0,10,10,filtered_approx
qdrant,250000,2,w2_10,492,12.459042,1.0,10,10,filtered_approx
qdrant,250000,2,w2_10,922,12.360083,0.9,10,10,filtered_approx
qdrant,250000,2,w2_10,250,11.546167,1.0,10,10,filtered_approx
qdrant,250000,2,w2_10,743,6.903458,1.0,10,10,filtered_approx
qdrant,250000,2,w2_10,130,9.396292,1.0,10,10,filtered_approx
qdrant,250000,2,w2_10,726,7.887375,1.0,10,10,filtered_approx
qdrant,250000,2,w2_10,896,6.228166,1.0,10,10,filtered_approx
qdrant,250000,2,w2_10,911,6.209208,1.0,10,10,filtered_approx
qdrant,250000,2,w2_10,926,6.652834,1.0,10,10,filtered_approx
qdrant,250000,2,w2_10,645,6.544875,1.0,10,10,filtered_approx
qdrant,250000,2,w2_10,577,6.085375,1.0,10,10,filtered_approx
qdrant,250000,2,w2_10,242,5.597625,1.0,10,10,filtered_approx
qdrant,250000,2,w2_10,436,6.019625,0.7,10,10,filtered_approx
qdrant,250000,2,w2_10,535,4.370917,1.0,10,10,filtered_approx
qdrant,250000,2,w2_10,522,5.246667,1.0,10,10,filtered_approx
qdrant,250000,2,w2_10,977,6.034292,1.0,10,10,filtered_approx
qdrant,250000,2,w2_10,637,5.670875,1.0,10,10,filtered_approx
qdrant,250000,2,w2_10,671,5.89475,1.0,10,10,filtered_approx
qdrant,250000,2,w2_10,115,6.191083,1.0,10,10,filtered_approx
qdrant,250000,2,w2_10,913,6.71825,1.0,10,10,filtered_approx
qdrant,250000,2,w2_10,247,6.520916,1.0,10,10,filtered_approx
qdrant,250000,2,w2_10,927,5.645416,0.9,10,10,filtered_approx
qdrant,250000,2,w2_10,398,6.090667,1.0,10,10,filtered_approx
qdrant,250000,2,w2_10,796,6.000083,1.0,10,10,filtered_approx
qdrant,250000,2,w2_10,234,29.331834,1.0,10,10,filtered_approx
qdrant,250000,2,w2_10,929,8.792542,1.0,10,10,filtered_approx
qdrant,250000,2,w2_10,101,5.532333,1.0,10,10,filtered_approx
qdrant,250000,2,w2_10,967,11.081042,0.8,10,10,filtered_approx
qdrant,250000,2,w2_10,421,6.088042,1.0,10,10,filtered_approx
qdrant,250000,2,w2_10,766,5.304334,1.0,10,10,filtered_approx
qdrant,250000,2,w2_10,295,5.890792,1.0,10,10,filtered_approx
qdrant,250000,2,w2_10,703,6.446458,1.0,10,10,filtered_approx
qdrant,250000,2,w2_10,339,8.666166,1.0,10,10,filtered_approx
qdrant,250000,2,w2_10,666,7.459125,1.0,10,10,filtered_approx
qdrant,250000,2,w2_10,845,7.283416,1.0,10,10,filtered_approx
qdrant,250000,2,w2_10,329,7.050042,1.0,10,10,filtered_approx
qdrant,250000,2,w2_10,366,7.949958,1.0,10,10,filtered_approx
qdrant,250000,2,w2_10,639,7.170208,1.0,10,10,filtered_approx
qdrant,250000,2,w2_10,908,13.303667,1.0,10,10,filtered_approx
qdrant,250000,2,w2_10,541,8.584916,1.0,10,10,filtered_approx
qdrant,250000,2,w2_10,921,7.108625,1.0,10,10,filtered_approx
qdrant,250000,2,w2_10,847,7.408833,1.0,10,10,filtered_approx
qdrant,250000,2,w2_10,933,5.385375,1.0,10,10,filtered_approx
qdrant,250000,2,w2_10,330,5.707708,1.0,10,10,filtered_approx
qdrant,250000,2,w2_10,217,6.308167,1.0,10,10,filtered_approx
qdrant,250000,2,w2_10,619,7.08825,1.0,10,10,filtered_approx
qdrant,250000,2,w2_10,697,5.874959,1.0,10,10,filtered_approx
qdrant,250000,2,w2_10,284,6.17925,1.0,10,10,filtered_approx
qdrant,250000,2,w2_10,451,6.028833,1.0,10,10,filtered_approx
qdrant,250000,2,w2_10,895,6.574459,1.0,10,10,filtered_approx
qdrant,250000,2,w2_10,789,6.649625,0.8,10,10,filtered_approx
qdrant,250000,2,w2_10,995,6.271208,1.0,10,10,filtered_approx
qdrant,250000,2,w2_10,539,6.610334,1.0,10,10,filtered_approx
qdrant,250000,2,w2_10,902,6.2005,1.0,10,10,filtered_approx
qdrant,250000,2,w2_10,866,7.104541,1.0,10,10,filtered_approx
qdrant,250000,2,w2_10,621,5.576417,1.0,10,10,filtered_approx
qdrant,250000,2,w2_10,907,6.539333,1.0,10,10,filtered_approx
qdrant,250000,2,w2_10,504,6.787667,0.9,10,10,filtered_approx
qdrant,250000,2,w2_10,447,6.406917,1.0,10,10,filtered_approx
qdrant,250000,2,w2_10,841,6.879709,1.0,10,10,filtered_approx
qdrant,250000,2,w2_10,816,6.976667,1.0,10,10,filtered_approx
qdrant,250000,2,w2_10,509,6.442,1.0,10,10,filtered_approx
qdrant,250000,2,w2_10,337,6.223041,1.0,10,10,filtered_approx
qdrant,250000,2,w2_10,311,6.110375,1.0,10,10,filtered_approx
qdrant,250000,2,w2_10,811,7.982208,1.0,10,10,filtered_approx
qdrant,250000,2,w2_10,815,5.976,1.0,10,10,filtered_approx
qdrant,250000,2,w2_10,648,6.809084,1.0,10,10,filtered_approx
qdrant,250000,2,w2_10,723,6.139375,1.0,10,10,filtered_approx
qdrant,250000,2,w2_10,960,6.580792,1.0,10,10,filtered_approx
qdrant,250000,2,w2_10,267,6.011875,1.0,10,10,filtered_approx
qdrant,250000,2,w2_10,662,5.722667,1.0,10,10,filtered_approx
qdrant,250000,2,w2_10,701,7.947292,1.0,10,10,filtered_approx
qdrant,250000,2,w2_10,296,5.97775,1.0,10,10,filtered_approx
qdrant,250000,2,w2_10,548,6.962084,1.0,10,10,filtered_approx
qdrant,250000,2,w2_10,302,5.923542,1.0,10,10,filtered_approx
qdrant,250000,2,w2_10,520,5.899125,1.0,10,10,filtered_approx
qdrant,250000,2,w2_10,608,10.2315,1.0,10,10,filtered_approx
qdrant,250000,2,w2_10,213,5.967667,1.0,10,10,filtered_approx
qdrant,250000,2,w2_10,979,6.676709,0.9,10,10,filtered_approx
qdrant,250000,2,w2_10,110,7.243042,1.0,10,10,filtered_approx
qdrant,250000,2,w2_10,157,5.746667,1.0,10,10,filtered_approx
qdrant,250000,2,w2_10,778,6.119542,0.9,10,10,filtered_approx
qdrant,250000,2,w2_10,437,6.860667,1.0,10,10,filtered_approx
qdrant,250000,2,w2_10,563,6.817916,1.0,10,10,filtered_approx
qdrant,250000,2,w2_10,593,10.595792,1.0,10,10,filtered_approx
qdrant,250000,2,w2_10,829,6.249291,1.0,10,10,filtered_approx
qdrant,250000,2,w2_10,611,6.172875,1.0,10,10,filtered_approx
qdrant,250000,2,w2_10,676,5.892,1.0,10,10,filtered_approx
qdrant,250000,2,w2_10,211,5.854834,1.0,10,10,filtered_approx
qdrant,250000,2,w2_10,725,9.918375,1.0,10,10,filtered_approx
qdrant,250000,2,w2_10,276,7.362916,0.9,10,10,filtered_approx
qdrant,250000,2,w2_10,429,6.076417,1.0,10,10,filtered_approx
qdrant,250000,2,w2_10,940,6.073792,0.8,10,10,filtered_approx
qdrant,250000,2,w2_10,708,6.013,1.0,10,10,filtered_approx
qdrant,250000,2,w2_10,179,6.500916,0.9,10,10,filtered_approx
qdrant,250000,2,w2_10,408,10.965291,1.0,10,10,filtered_approx
qdrant,250000,2,w2_10,568,5.41825,1.0,10,10,filtered_approx
qdrant,250000,2,w2_10,899,9.429458,1.0,10,10,filtered_approx
qdrant,250000,2,w2_10,319,6.047792,1.0,10,10,filtered_approx
qdrant,250000,2,w2_10,950,6.761792,1.0,10,10,filtered_approx
qdrant,250000,2,w2_10,609,5.730333,1.0,10,10,filtered_approx
qdrant,250000,2,w2_10,842,5.266334,1.0,10,10,filtered_approx
qdrant,250000,2,w2_10,301,5.794917,1.0,10,10,filtered_approx
qdrant,250000,2,w2_10,144,5.826375,1.0,10,10,filtered_approx
qdrant,250000,2,w2_10,454,5.495625,1.0,10,10,filtered_approx
qdrant,250000,2,w2_10,889,11.670291,1.0,10,10,filtered_approx
qdrant,250000,2,w2_10,390,5.910292,1.0,10,10,filtered_approx
qdrant,250000,2,w2_10,140,5.8585,1.0,10,10,filtered_approx
qdrant,250000,2,w2_10,491,6.094667,1.0,10,10,filtered_approx
qdrant,250000,2,w2_10,279,5.7905,1.0,10,10,filtered_approx
qdrant,250000,2,w2_10,128,5.635875,1.0,10,10,filtered_approx
qdrant,250000,2,w2_10,274,12.764459,1.0,10,10,filtered_approx
qdrant,250000,2,w2_10,263,6.097166,0.9,10,10,filtered_approx
qdrant,250000,2,w2_10,638,9.281791,1.0,10,10,filtered_approx
qdrant,250000,2,w2_10,124,6.92225,1.0,10,10,filtered_approx
qdrant,250000,2,w2_10,300,6.693375,1.0,10,10,filtered_approx
qdrant,250000,2,w2_10,808,6.25625,1.0,10,10,filtered_approx
qdrant,250000,2,w2_10,333,7.640167,1.0,10,10,filtered_approx
qdrant,250000,2,w2_10,745,7.382459,1.0,10,10,filtered_approx
qdrant,250000,2,w2_10,208,7.186292,1.0,10,10,filtered_approx
qdrant,250000,2,w2_10,774,10.091417,1.0,10,10,filtered_approx
qdrant,250000,2,w2_10,269,8.50975,1.0,10,10,filtered_approx
qdrant,250000,2,w2_10,383,8.4925,1.0,10,10,filtered_approx
qdrant,250000,2,w2_10,690,8.098542,1.0,10,10,filtered_approx
qdrant,250000,2,w2_10,159,7.680583,1.0,10,10,filtered_approx
qdrant,250000,2,w2_10,755,10.039458,1.0,10,10,filtered_approx
qdrant,250000,2,w2_10,370,9.210333,1.0,10,10,filtered_approx
qdrant,250000,2,w2_10,966,8.060416,1.0,10,10,filtered_approx
qdrant,250000,2,w2_10,551,8.34475,1.0,10,10,filtered_approx
qdrant,250000,2,w2_10,369,12.073167,1.0,10,10,filtered_approx
qdrant,250000,2,w2_10,514,11.685875,1.0,10,10,filtered_approx
qdrant,250000,2,w2_10,481,6.462459,1.0,10,10,filtered_approx
qdrant,250000,2,w2_10,462,6.758,1.0,10,10,filtered_approx
qdrant,250000,2,w2_10,715,6.010584,1.0,10,10,filtered_approx
qdrant,250000,2,w2_10,567,5.532583,1.0,10,10,filtered_approx
qdrant,250000,2,w2_10,850,8.309041,1.0,10,10,filtered_approx
qdrant,250000,2,w2_10,984,6.202166,1.0,10,10,filtered_approx
qdrant,250000,2,w2_10,476,7.457667,0.9,10,10,filtered_approx
qdrant,250000,2,w2_10,874,6.135458,1.0,10,10,filtered_approx
qdrant,250000,2,w2_10,281,5.98925,1.0,10,10,filtered_approx
qdrant,250000,2,w2_10,704,7.370792,0.9,10,10,filtered_approx
qdrant,250000,2,w2_10,750,10.799917,1.0,10,10,filtered_approx
qdrant,250000,2,w2_10,599,11.931542,0.9,10,10,filtered_approx
qdrant,250000,2,w2_10,133,7.2085,1.0,10,10,filtered_approx
qdrant,250000,2,w2_10,968,5.817792,1.0,10,10,filtered_approx
qdrant,250000,2,w2_10,519,7.734375,1.0,10,10,filtered_approx
qdrant,250000,2,w2_10,501,8.654458,1.0,10,10,filtered_approx
qdrant,250000,2,w2_10,862,9.888834,1.0,10,10,filtered_approx
qdrant,250000,2,w2_10,103,6.661875,1.0,10,10,filtered_approx
qdrant,250000,2,w2_10,305,5.954667,1.0,10,10,filtered_approx
qdrant,250000,2,w2_10,787,5.72625,1.0,10,10,filtered_approx
qdrant,250000,2,w2_10,277,8.873625,1.0,10,10,filtered_approx
qdrant,250000,2,w2_10,187,8.149416,1.0,10,10,filtered_approx
qdrant,250000,2,w2_10,905,8.281083,1.0,10,10,filtered_approx
qdrant,250000,2,w2_10,643,6.185208,0.9,10,10,filtered_approx
qdrant,250000,2,w2_10,880,6.378958,0.9,10,10,filtered_approx
qdrant,250000,2,w2_10,573,6.512167,1.0,10,10,filtered_approx
qdrant,250000,2,w2_10,293,9.146834,1.0,10,10,filtered_approx
qdrant,250000,2,w2_10,835,6.40825,1.0,10,10,filtered_approx
qdrant,250000,2,w2_10,771,6.500542,1.0,10,10,filtered_approx
qdrant,250000,2,w2_10,737,6.098917,1.0,10,10,filtered_approx
qdrant,250000,2,w2_10,138,7.053916,1.0,10,10,filtered_approx
qdrant,250000,2,w2_10,674,6.152125,1.0,10,10,filtered_approx
qdrant,250000,2,w2_10,233,7.399333,1.0,10,10,filtered_approx
qdrant,250000,2,w2_10,872,6.290625,1.0,10,10,filtered_approx
qdrant,250000,2,w2_10,993,6.242375,1.0,10,10,filtered_approx
qdrant,250000,2,w2_10,675,6.160458,1.0,10,10,filtered_approx
qdrant,250000,2,w2_10,118,9.7755,1.0,10,10,filtered_approx
qdrant,250000,2,w2_10,775,11.527333,0.9,10,10,filtered_approx
qdrant,250000,2,w2_10,248,6.851709,1.0,10,10,filtered_approx
qdrant,250000,2,w2_10,547,9.958708,0.9,10,10,filtered_approx
qdrant,250000,2,w2_10,164,5.764916,1.0,10,10,filtered_approx
qdrant,250000,2,w2_10,455,6.593291,1.0,10,10,filtered_approx
qdrant,250000,2,w2_10,849,9.786917,1.0,10,10,filtered_approx
qdrant,250000,2,w2_10,579,7.215,1.0,10,10,filtered_approx
qdrant,250000,2,w2_10,877,6.247042,1.0,10,10,filtered_approx
qdrant,250000,2,w2_10,143,10.918958,1.0,10,10,filtered_approx
qdrant,250000,2,w2_10,972,6.736417,1.0,10,10,filtered_approx
qdrant,250000,2,w2_10,443,9.815292,1.0,10,10,filtered_approx
qdrant,250000,2,w2_10,724,6.357875,0.9,10,10,filtered_approx
qdrant,250000,2,w2_10,622,6.37425,1.0,10,10,filtered_approx
qdrant,250000,2,w2_10,651,12.183708,1.0,10,10,filtered_approx
qdrant,250000,2,w2_10,947,11.24625,0.9,10,10,filtered_approx
qdrant,250000,2,w2_10,214,7.621167,1.0,10,10,filtered_approx
qdrant,250000,2,w2_10,220,7.943167,1.0,10,10,filtered_approx
qdrant,250000,2,w2_10,830,7.82875,1.0,10,10,filtered_approx
qdrant,250000,2,w2_10,857,7.648541,1.0,10,10,filtered_approx
qdrant,250000,2,w2_10,971,8.19475,1.0,10,10,filtered_approx
qdrant,250000,2,w2_10,559,9.089666,1.0,10,10,filtered_approx
qdrant,250000,2,w2_10,612,7.330917,0.9,10,10,filtered_approx
qdrant,250000,2,w2_10,986,5.599541,1.0,10,10,filtered_approx
qdrant,250000,2,w2_10,403,8.981833,1.0,10,10,filtered_approx
qdrant,250000,2,w2_10,999,6.029958,1.0,10,10,filtered_approx
qdrant,250000,2,w2_10,956,6.715083,1.0,10,10,filtered_approx
qdrant,250000,2,w2_10,379,9.061,1.0,10,10,filtered_approx
qdrant,250000,2,w2_10,166,6.588458,1.0,10,10,filtered_approx
qdrant,250000,2,w2_10,994,6.550584,1.0,10,10,filtered_approx
qdrant,250000,2,w2_10,543,11.58875,0.9,10,10,filtered_approx
qdrant,250000,2,w2_10,488,6.488459,1.0,10,10,filtered_approx
qdrant,250000,2,w2_10,585,8.246916,1.0,10,10,filtered_approx
qdrant,250000,2,w2_10,925,8.902375,1.0,10,10,filtered_approx
qdrant,250000,2,w2_10,244,5.869292,1.0,10,10,filtered_approx
qdrant,250000,2,w2_10,870,5.397042,1.0,10,10,filtered_approx
qdrant,250000,2,w2_10,264,6.068292,1.0,10,10,filtered_approx
qdrant,250000,2,w2_10,252,7.442958,0.9,10,10,filtered_approx
qdrant,250000,2,w2_10,649,8.169416,1.0,10,10,filtered_approx
qdrant,250000,2,w2_10,827,5.130166,1.0,10,10,filtered_approx
qdrant,250000,2,w2_10,822,7.442291,1.0,10,10,filtered_approx
qdrant,250000,2,w2_10,215,6.218833,1.0,10,10,filtered_approx
qdrant,250000,2,w2_10,309,11.946042,1.0,10,10,filtered_approx
qdrant,250000,2,w2_10,840,6.319917,1.0,10,10,filtered_approx
qdrant,250000,2,w2_10,556,5.924625,0.9,10,10,filtered_approx
qdrant,250000,2,w2_10,985,5.542125,1.0,10,10,filtered_approx
qdrant,250000,2,w2_10,513,6.324917,1.0,10,10,filtered_approx
qdrant,250000,2,w2_10,552,7.138958,0.9,10,10,filtered_approx
qdrant,250000,2,w2_10,920,6.188542,1.0,10,10,filtered_approx
qdrant,250000,2,w2_10,564,10.295417,0.9,10,10,filtered_approx
qdrant,250000,2,w2_10,457,9.493625,1.0,10,10,filtered_approx
qdrant,250000,2,w2_10,951,6.644917,1.0,10,10,filtered_approx
qdrant,250000,2,w2_10,627,10.688084,1.0,10,10,filtered_approx
qdrant,250000,2,w2_10,596,6.715791,0.9,10,10,filtered_approx
qdrant,250000,2,w2_10,204,6.788625,1.0,10,10,filtered_approx
qdrant,250000,2,w2_10,155,6.546875,1.0,10,10,filtered_approx
qdrant,250000,2,w2_10,934,6.7955,0.9,10,10,filtered_approx
qdrant,250000,2,w2_10,113,6.627917,1.0,10,10,filtered_approx
qdrant,250000,2,w2_10,657,7.77375,1.0,10,10,filtered_approx
qdrant,250000,2,w2_10,836,7.042375,1.0,10,10,filtered_approx
qdrant,250000,2,w2_10,854,6.229042,1.0,10,10,filtered_approx
qdrant,250000,2,w2_10,525,6.722541,1.0,10,10,filtered_approx
qdrant,250000,2,w2_10,974,7.557417,1.0,10,10,filtered_approx
qdrant,250000,2,w2_10,734,8.876125,1.0,10,10,filtered_approx
qdrant,250000,2,w2_10,192,6.745167,1.0,10,10,filtered_approx
qdrant,250000,2,w2_10,371,9.477292,1.0,10,10,filtered_approx
qdrant,250000,2,w2_10,184,5.832333,1.0,10,10,filtered_approx
qdrant,250000,2,w2_10,286,6.516959,1.0,10,10,filtered_approx
qdrant,250000,2,w2_10,714,9.578792,1.0,10,10,filtered_approx
qdrant,250000,2,w2_10,385,5.68525,1.0,10,10,filtered_approx
qdrant,250000,2,w2_10,428,5.993625,1.0,10,10,filtered_approx
qdrant,250000,2,w2_10,256,7.081834,1.0,10,10,filtered_approx
qdrant,250000,2,w2_10,886,8.789167,1.0,10,10,filtered_approx
qdrant,250000,2,w2_10,362,7.865625,1.0,10,10,filtered_approx
qdrant,250000,2,w2_10,212,5.396,1.0,10,10,filtered_approx
qdrant,250000,2,w2_10,417,6.136292,1.0,10,10,filtered_approx
qdrant,250000,2,w2_10,365,9.01025,1.0,10,10,filtered_approx
qdrant,250000,2,w2_10,991,6.398458,1.0,10,10,filtered_approx
qdrant,250000,2,w2_10,265,7.343417,1.0,10,10,filtered_approx
qdrant,250000,2,w2_10,266,5.792875,1.0,10,10,filtered_approx
qdrant,250000,2,w2_10,873,6.612167,1.0,10,10,filtered_approx
qdrant,250000,2,w2_10,209,6.485292,0.9,10,10,filtered_approx
qdrant,250000,2,w2_10,261,8.514417,1.0,10,10,filtered_approx
qdrant,250000,2,w2_10,788,8.169791,0.9,10,10,filtered_approx
qdrant,250000,2,w2_10,667,8.081792,1.0,10,10,filtered_approx
qdrant,250000,2,w2_10,944,9.024958,0.8,10,10,filtered_approx
qdrant,250000,2,w2_10,178,9.696583,1.0,10,10,filtered_approx
qdrant,250000,2,w2_10,414,6.091333,1.0,10,10,filtered_approx
qdrant,250000,2,w2_10,693,5.150459,1.0,10,10,filtered_approx
qdrant,250000,2,w2_10,770,9.103041,1.0,10,10,filtered_approx
qdrant,250000,2,w2_10,160,7.194917,1.0,10,10,filtered_approx
qdrant,250000,2,w2_10,153,5.746584,1.0,10,10,filtered_approx
qdrant,250000,2,w2_10,412,11.746667,1.0,10,10,filtered_approx
qdrant,250000,2,w2_10,591,7.876667,1.0,10,10,filtered_approx
qdrant,250000,2,w2_10,894,8.405792,1.0,10,10,filtered_approx
qdrant,250000,2,w2_10,632,6.891666,1.0,10,10,filtered_approx
qdrant,250000,2,w2_10,668,5.995625,1.0,10,10,filtered_approx
qdrant,250000,2,w2_10,935,7.371375,1.0,10,10,filtered_approx
qdrant,250000,2,w2_10,660,11.955417,1.0,10,10,filtered_approx
qdrant,250000,2,w2_10,566,6.932375,0.9,10,10,filtered_approx
qdrant,250000,2,w2_10,299,6.688292,1.0,10,10,filtered_approx
qdrant,250000,2,w2_10,628,7.072625,1.0,10,10,filtered_approx
qdrant,250000,2,w2_10,891,9.960166,1.0,10,10,filtered_approx
qdrant,250000,2,w2_10,644,6.010167,1.0,10,10,filtered_approx
qdrant,250000,2,w2_10,291,7.228917,1.0,10,10,filtered_approx
qdrant,250000,2,w2_10,357,6.294083,1.0,10,10,filtered_approx
qdrant,250000,2,w2_10,978,6.643209,1.0,10,10,filtered_approx
qdrant,250000,2,w2_10,228,9.960917,1.0,10,10,filtered_approx
qdrant,250000,2,w2_10,943,6.095584,1.0,10,10,filtered_approx
qdrant,250000,2,w2_10,832,7.216916,1.0,10,10,filtered_approx
qdrant,250000,2,w2_10,610,7.0025,0.9,10,10,filtered_approx
qdrant,250000,2,w2_10,173,9.908584,0.8,10,10,filtered_approx
qdrant,250000,2,w2_10,992,9.894958,1.0,10,10,filtered_approx
qdrant,250000,2,w2_10,388,6.234833,1.0,10,10,filtered_approx
qdrant,250000,2,w2_10,782,9.344666,1.0,10,10,filtered_approx
qdrant,250000,2,w2_10,290,11.311292,1.0,10,10,filtered_approx
qdrant,250000,2,w2_10,186,7.418208,1.0,10,10,filtered_approx
qdrant,250000,2,w2_10,906,5.862291,1.0,10,10,filtered_approx
qdrant,250000,2,w2_10,533,5.8855,1.0,10,10,filtered_approx
qdrant,250000,2,w2_10,538,6.295042,1.0,10,10,filtered_approx
qdrant,250000,2,w2_10,686,7.938125,0.9,10,10,filtered_approx
qdrant,250000,2,w2_10,653,5.936792,1.0,10,10,filtered_approx
qdrant,250000,2,w2_10,145,5.719041,1.0,10,10,filtered_approx
qdrant,250000,2,w2_10,851,6.176541,1.0,10,10,filtered_approx
qdrant,250000,2,w2_10,467,5.97125,1.0,10,10,filtered_approx
qdrant,250000,2,w2_10,469,8.041042,0.9,10,10,filtered_approx
qdrant,250000,2,w2_10,720,6.0955,1.0,10,10,filtered_approx
qdrant,250000,2,w2_10,427,6.056834,0.7,10,10,filtered_approx
qdrant,250000,2,w2_10,754,10.224666,1.0,10,10,filtered_approx
qdrant,250000,2,w2_10,578,6.055,1.0,10,10,filtered_approx
qdrant,250000,2,w2_10,871,10.345542,0.9,10,10,filtered_approx
qdrant,250000,2,w2_10,104,5.9245,1.0,10,10,filtered_approx
qdrant,250000,2,w2_10,368,6.551125,1.0,10,10,filtered_approx
qdrant,250000,2,w2_10,461,8.560542,1.0,10,10,filtered_approx
qdrant,250000,2,w2_10,497,6.703083,1.0,10,10,filtered_approx
qdrant,250000,2,w2_10,172,6.048,0.9,10,10,filtered_approx
qdrant,250000,2,w2_10,530,7.346541,1.0,10,10,filtered_approx
qdrant,250000,2,w2_10,475,6.86375,0.6,10,10,filtered_approx
qdrant,250000,2,w2_10,868,7.013,1.0,10,10,filtered_approx
qdrant,250000,2,w2_10,722,6.640125,0.9,10,10,filtered_approx
qdrant,250000,2,w2_10,604,9.344042,1.0,10,10,filtered_approx
qdrant,250000,2,w2_10,603,5.837208,1.0,10,10,filtered_approx
qdrant,250000,2,w2_10,402,6.519959,1.0,10,10,filtered_approx
qdrant,250000,2,w2_10,139,6.429667,1.0,10,10,filtered_approx
qdrant,250000,2,w2_10,846,6.234791,1.0,10,10,filtered_approx
qdrant,250000,2,w2_10,719,5.572459,0.9,10,10,filtered_approx
qdrant,250000,2,w2_10,280,5.088083,1.0,10,10,filtered_approx
qdrant,250000,2,w2_10,397,6.106875,1.0,10,10,filtered_approx
qdrant,250000,2,w2_10,702,10.0245,1.0,10,10,filtered_approx
qdrant,250000,2,w2_10,799,5.402625,1.0,10,10,filtered_approx
qdrant,250000,2,w2_10,135,8.306375,1.0,10,10,filtered_approx
qdrant,250000,2,w2_10,615,5.474458,1.0,10,10,filtered_approx
qdrant,250000,2,w2_10,292,7.185959,1.0,10,10,filtered_approx
qdrant,250000,2,w2_10,312,7.9485,1.0,10,10,filtered_approx
qdrant,250000,2,w2_10,806,7.1025,1.0,10,10,filtered_approx
qdrant,250000,2,w2_10,757,6.49625,1.0,10,10,filtered_approx
qdrant,250000,2,w2_10,424,6.504917,1.0,10,10,filtered_approx
qdrant,250000,2,w2_10,856,11.001917,1.0,10,10,filtered_approx
qdrant,250000,2,w2_10,131,5.489875,1.0,10,10,filtered_approx
qdrant,250000,2,w2_10,532,5.608291,0.7,10,10,filtered_approx
qdrant,250000,2,w2_10,663,6.641875,0.9,10,10,filtered_approx
qdrant,250000,2,w2_10,897,10.104708,1.0,10,10,filtered_approx
qdrant,250000,2,w2_10,207,6.634208,0.9,10,10,filtered_approx
qdrant,250000,2,w2_10,848,11.324334,1.0,10,10,filtered_approx
qdrant,250000,2,w2_10,142,9.373375,1.0,10,10,filtered_approx
qdrant,250000,2,w2_10,485,7.309166,1.0,10,10,filtered_approx
qdrant,250000,2,w2_10,494,10.294583,0.9,10,10,filtered_approx
qdrant,250000,2,w2_10,903,7.116,1.0,10,10,filtered_approx
qdrant,250000,2,w2_10,839,10.82475,1.0,10,10,filtered_approx
qdrant,250000,2,w2_10,858,8.811708,1.0,10,10,filtered_approx
qdrant,250000,2,w2_10,665,9.284834,1.0,10,10,filtered_approx
qdrant,250000,2,w2_10,736,8.276041,1.0,10,10,filtered_approx
qdrant,250000,2,w2_10,340,8.933167,1.0,10,10,filtered_approx
qdrant,250000,2,w2_10,271,8.130708,1.0,10,10,filtered_approx
qdrant,250000,2,w2_10,375,9.101375,1.0,10,10,filtered_approx
qdrant,250000,2,w2_10,282,9.091792,1.0,10,10,filtered_approx
qdrant,250000,2,w2_10,521,10.673042,1.0,10,10,filtered_approx
qdrant,250000,2,w2_10,232,7.405416,1.0,10,10,filtered_approx
qdrant,250000,2,w2_10,367,5.84675,0.9,10,10,filtered_approx
qdrant,250000,2,w2_10,746,8.15425,1.0,10,10,filtered_approx
qdrant,250000,2,w2_10,466,8.059375,1.0,10,10,filtered_approx
qdrant,250000,2,w2_10,809,6.277708,1.0,10,10,filtered_approx
qdrant,250000,2,w2_10,595,10.54925,1.0,10,10,filtered_approx
qdrant,250000,2,w2_10,904,6.263542,0.9,10,10,filtered_approx
qdrant,250000,2,w2_10,199,6.768417,1.0,10,10,filtered_approx
qdrant,250000,2,w2_10,792,6.351417,1.0,10,10,filtered_approx
qdrant,250000,2,w2_10,201,10.962791,1.0,10,10,filtered_approx
qdrant,250000,2,w2_10,727,6.912875,1.0,10,10,filtered_approx
qdrant,250000,2,w2_10,512,6.711334,0.9,10,10,filtered_approx
qdrant,250000,2,w2_10,554,10.526875,1.0,10,10,filtered_approx
qdrant,250000,2,w2_10,738,5.751333,1.0,10,10,filtered_approx
qdrant,250000,2,w2_10,729,7.912625,1.0,10,10,filtered_approx
qdrant,250000,2,w2_10,410,7.856584,1.0,10,10,filtered_approx
qdrant,250000,2,w2_10,120,10.901292,0.8,10,10,filtered_approx
qdrant,250000,2,w2_10,158,6.437792,1.0,10,10,filtered_approx
qdrant,250000,2,w2_10,747,6.68525,1.0,10,10,filtered_approx
qdrant,250000,2,w2_10,805,5.413459,1.0,10,10,filtered_approx
qdrant,250000,2,w2_10,699,6.275083,0.9,10,10,filtered_approx
qdrant,250000,2,w2_10,460,7.729459,1.0,10,10,filtered_approx
qdrant,250000,2,w2_10,688,7.911583,1.0,10,10,filtered_approx
qdrant,250000,2,w2_10,878,9.156083,1.0,10,10,filtered_approx
qdrant,250000,2,w2_10,749,7.415958,1.0,10,10,filtered_approx
qdrant,250000,2,w2_10,446,7.559333,1.0,10,10,filtered_approx
qdrant,250000,2,w2_10,431,11.35875,1.0,10,10,filtered_approx
qdrant,250000,2,w2_10,354,13.178708,0.9,10,10,filtered_approx
qdrant,250000,2,w2_10,125,10.387084,1.0,10,10,filtered_approx
qdrant,250000,2,w2_10,218,10.918417,1.0,10,10,filtered_approx
qdrant,250000,2,w2_10,270,12.524,1.0,10,10,filtered_approx
qdrant,250000,2,w2_10,349,6.298084,1.0,10,10,filtered_approx
qdrant,250000,2,w2_10,515,6.232583,1.0,10,10,filtered_approx
qdrant,250000,2,w2_10,997,8.8575,1.0,10,10,filtered_approx
qdrant,250000,2,w2_10,561,7.976416,1.0,10,10,filtered_approx
qdrant,250000,2,w2_10,981,8.129291,1.0,10,10,filtered_approx
qdrant,250000,2,w2_10,834,8.934291,1.0,10,10,filtered_approx
qdrant,250000,2,w2_10,219,5.895459,1.0,10,10,filtered_approx
qdrant,250000,2,w2_10,721,6.555125,1.0,10,10,filtered_approx
qdrant,250000,2,w2_10,294,5.57525,1.0,10,10,filtered_approx
qdrant,250000,2,w2_10,517,6.30075,0.9,10,10,filtered_approx
qdrant,250000,2,w2_10,945,7.868166,0.8,10,10,filtered_approx
qdrant,250000,2,w2_10,888,7.353,1.0,10,10,filtered_approx
qdrant,250000,2,w2_10,624,10.582542,1.0,10,10,filtered_approx
qdrant,250000,2,w2_10,837,6.290666,1.0,10,10,filtered_approx
qdrant,250000,2,w2_10,919,12.000375,1.0,10,10,filtered_approx
qdrant,250000,2,w2_10,384,11.879542,0.9,10,10,filtered_approx
qdrant,250000,2,w2_10,112,7.17325,1.0,10,10,filtered_approx
qdrant,250000,2,w2_10,235,7.640917,1.0,10,10,filtered_approx
qdrant,250000,2,w2_10,353,6.012125,1.0,10,10,filtered_approx
qdrant,250000,2,w2_10,444,7.664375,0.9,10,10,filtered_approx
qdrant,250000,2,w2_10,387,6.920791,1.0,10,10,filtered_approx
qdrant,250000,2,w2_10,861,12.940708,1.0,10,10,filtered_approx
qdrant,250000,2,w2_10,893,6.930167,1.0,10,10,filtered_approx
qdrant,250000,2,w2_10,404,9.904458,1.0,10,10,filtered_approx
qdrant,250000,2,w2_10,709,9.181417,1.0,10,10,filtered_approx
qdrant,250000,2,w2_10,352,8.663,1.0,10,10,filtered_approx
qdrant,250000,2,w2_10,810,7.811083,1.0,10,10,filtered_approx
qdrant,250000,2,w2_10,361,8.1355,1.0,10,10,filtered_approx
qdrant,250000,2,w2_10,659,13.663042,0.8,10,10,filtered_approx
qdrant,250000,2,w2_10,843,9.376458,1.0,10,10,filtered_approx
qdrant,250000,2,w2_10,237,6.3755,1.0,10,10,filtered_approx
qdrant,250000,2,w2_10,629,9.592541,0.9,10,10,filtered_approx
qdrant,250000,2,w2_10,989,6.606708,1.0,10,10,filtered_approx
qdrant,250000,2,w2_10,507,6.347125,1.0,10,10,filtered_approx
qdrant,250000,2,w2_10,758,10.64825,1.0,10,10,filtered_approx
qdrant,250000,2,w2_10,255,6.499833,1.0,10,10,filtered_approx
qdrant,250000,2,w2_10,751,9.367125,1.0,10,10,filtered_approx
qdrant,250000,2,w2_10,914,6.266375,1.0,10,10,filtered_approx
qdrant,250000,2,w2_10,479,5.873167,1.0,10,10,filtered_approx
qdrant,250000,2,w2_10,607,7.737709,1.0,10,10,filtered_approx
qdrant,250000,2,w2_10,489,5.865,1.0,10,10,filtered_approx
qdrant,250000,2,w2_10,728,6.566875,1.0,10,10,filtered_approx
qdrant,250000,2,w2_10,325,6.103208,1.0,10,10,filtered_approx
qdrant,250000,2,w2_10,838,9.990042,1.0,10,10,filtered_approx
qdrant,250000,2,w2_10,156,6.189125,1.0,10,10,filtered_approx
qdrant,250000,2,w2_10,486,10.078208,1.0,10,10,filtered_approx
qdrant,250000,2,w2_10,246,8.995,0.9,10,10,filtered_approx
qdrant,250000,2,w2_10,683,7.678292,1.0,10,10,filtered_approx
qdrant,250000,2,w2_10,600,10.551542,0.9,10,10,filtered_approx
qdrant,250000,2,w2_10,380,8.052583,1.0,10,10,filtered_approx
qdrant,250000,2,w2_10,672,6.319458,1.0,10,10,filtered_approx
qdrant,250000,2,w2_10,975,11.839334,1.0,10,10,filtered_approx
qdrant,250000,2,w2_10,176,6.133791,1.0,10,10,filtered_approx
qdrant,250000,2,w2_10,493,8.177625,1.0,10,10,filtered_approx
qdrant,250000,2,w2_10,803,7.220167,0.9,10,10,filtered_approx
qdrant,250000,2,w2_10,315,10.680792,1.0,10,10,filtered_approx
qdrant,250000,2,w2_10,909,9.483541,1.0,10,10,filtered_approx
qdrant,250000,2,w2_10,780,6.723666,1.0,10,10,filtered_approx
qdrant,250000,2,w2_10,344,6.156208,0.9,10,10,filtered_approx
qdrant,250000,2,w2_10,430,10.215125,1.0,10,10,filtered_approx
qdrant,250000,2,w2_10,762,6.172584,1.0,10,10,filtered_approx
qdrant,250000,2,w2_10,297,9.996584,1.0,10,10,filtered_approx
qdrant,250000,2,w2_10,826,7.227333,1.0,10,10,filtered_approx
qdrant,250000,2,w2_10,236,7.080917,0.9,10,10,filtered_approx
qdrant,250000,2,w2_10,764,13.840875,1.0,10,10,filtered_approx
qdrant,250000,2,w2_10,571,5.739792,1.0,10,10,filtered_approx
qdrant,250000,2,w2_10,342,7.493208,0.9,10,10,filtered_approx
qdrant,250000,2,w2_10,127,7.15325,1.0,10,10,filtered_approx
qdrant,250000,2,w2_10,807,6.750084,1.0,10,10,filtered_approx
qdrant,250000,2,w2_10,482,14.825417,0.9,10,10,filtered_approx
qdrant,250000,2,w2_10,346,5.942583,1.0,10,10,filtered_approx
qdrant,250000,2,w2_10,316,5.934083,1.0,10,10,filtered_approx
qdrant,250000,2,w2_10,642,5.975334,1.0,10,10,filtered_approx
qdrant,250000,2,w2_10,890,9.166459,1.0,10,10,filtered_approx
qdrant,250000,2,w2_10,175,6.527834,1.0,10,10,filtered_approx
qdrant,250000,2,w2_10,863,7.290959,1.0,10,10,filtered_approx
qdrant,250000,2,w2_10,860,7.7915,0.9,10,10,filtered_approx
qdrant,250000,2,w2_10,753,6.936208,1.0,10,10,filtered_approx
qdrant,250000,2,w2_10,898,6.039583,1.0,10,10,filtered_approx
qdrant,250000,2,w2_10,407,6.387625,1.0,10,10,filtered_approx
qdrant,250000,2,w2_10,181,7.023542,0.7,10,10,filtered_approx
qdrant,250000,2,w2_10,425,6.709917,0.9,10,10,filtered_approx
qdrant,250000,2,w2_10,216,9.759709,1.0,10,10,filtered_approx
qdrant,250000,2,w2_10,498,6.713291,1.0,10,10,filtered_approx
qdrant,250000,2,w2_10,998,10.440792,1.0,10,10,filtered_approx
qdrant,250000,2,w2_10,518,7.568416,0.9,10,10,filtered_approx
qdrant,250000,2,w2_10,613,7.851709,1.0,10,10,filtered_approx
qdrant,250000,2,w2_10,338,6.681708,1.0,10,10,filtered_approx
qdrant,250000,2,w2_10,587,8.701125,1.0,10,10,filtered_approx
qdrant,250000,2,w2_10,268,9.478667,1.0,10,10,filtered_approx
qdrant,250000,2,w2_10,245,6.045959,1.0,10,10,filtered_approx
qdrant,250000,2,w2_10,781,5.317875,1.0,10,10,filtered_approx
qdrant,250000,2,w2_10,193,6.472,1.0,10,10,filtered_approx
qdrant,250000,2,w2_10,324,6.277375,1.0,10,10,filtered_approx
qdrant,250000,2,w2_10,450,8.814333,0.9,10,10,filtered_approx
qdrant,250000,2,w2_10,505,8.722708,1.0,10,10,filtered_approx
qdrant,250000,2,w2_10,664,7.152958,1.0,10,10,filtered_approx
qdrant,250000,2,w2_10,625,6.1615,1.0,10,10,filtered_approx
qdrant,250000,2,w2_10,374,6.201833,1.0,10,10,filtered_approx
qdrant,250000,2,w2_10,400,7.546375,1.0,10,10,filtered_approx
qdrant,250000,2,w2_10,761,10.405416,1.0,10,10,filtered_approx
qdrant,250000,2,w2_10,373,6.561209,0.9,10,10,filtered_approx
qdrant,250000,2,w2_10,892,6.484125,0.9,10,10,filtered_approx
qdrant,250000,2,w2_10,386,6.506291,0.8,10,10,filtered_approx
qdrant,250000,2,w2_10,136,5.919792,0.9,10,10,filtered_approx
qdrant,250000,2,w2_10,393,6.870792,1.0,10,10,filtered_approx
qdrant,250000,2,w2_10,739,12.355709,1.0,10,10,filtered_approx
qdrant,250000,2,w2_10,959,6.649583,0.9,10,10,filtered_approx
qdrant,250000,2,w2_10,363,6.774333,1.0,10,10,filtered_approx
qdrant,250000,2,w2_10,287,6.411541,0.9,10,10,filtered_approx
qdrant,250000,2,w2_10,790,8.795625,0.8,10,10,filtered_approx
qdrant,250000,2,w2_10,298,6.605166,1.0,10,10,filtered_approx
qdrant,250000,2,w2_10,865,6.631791,1.0,10,10,filtered_approx
qdrant,250000,2,w2_10,116,6.945334,1.0,10,10,filtered_approx
qdrant,250000,2,w2_10,440,9.9805,1.0,10,10,filtered_approx
qdrant,250000,2,w2_10,238,8.646,1.0,10,10,filtered_approx
qdrant,250000,2,w2_10,129,8.808541,1.0,10,10,filtered_approx
qdrant,250000,2,w2_10,243,7.360333,1.0,10,10,filtered_approx
qdrant,250000,2,w2_10,322,12.251916,1.0,10,10,filtered_approx
qdrant,250000,2,w2_10,818,9.661417,1.0,10,10,filtered_approx
qdrant,250000,2,w2_10,188,12.998208,1.0,10,10,filtered_approx
qdrant,250000,2,w2_10,536,8.086916,1.0,10,10,filtered_approx
qdrant,250000,2,w2_10,508,5.35975,1.0,10,10,filtered_approx
qdrant,250000,2,w2_10,306,5.348875,0.9,10,10,filtered_approx
qdrant,250000,2,w2_10,883,5.516833,1.0,10,10,filtered_approx
qdrant,250000,2,w2_10,575,5.542875,1.0,10,10,filtered_approx
qdrant,250000,2,w2_10,392,5.57825,1.0,10,10,filtered_approx
qdrant,250000,2,w2_10,948,5.979083,1.0,10,10,filtered_approx
qdrant,250000,2,w2_10,372,6.607125,1.0,10,10,filtered_approx
qdrant,250000,2,w2_10,760,5.769666,1.0,10,10,filtered_approx
qdrant,250000,2,w2_10,273,5.189208,1.0,10,10,filtered_approx
qdrant,250000,2,w2_10,783,4.969041,0.9,10,10,filtered_approx
qdrant,250000,2,w2_10,516,4.537583,1.0,10,10,filtered_approx
qdrant,250000,2,w2_10,222,5.279333,0.7,10,10,filtered_approx
qdrant,250000,2,w2_10,376,5.054875,1.0,10,10,filtered_approx
qdrant,250000,2,w2_10,802,5.188291,1.0,10,10,filtered_approx
qdrant,250000,2,w2_10,260,5.530917,1.0,10,10,filtered_approx
qdrant,250000,2,w2_10,249,5.105417,1.0,10,10,filtered_approx
qdrant,250000,2,w2_10,961,5.550959,1.0,10,10,filtered_approx
qdrant,250000,2,w2_10,189,5.176083,1.0,10,10,filtered_approx
qdrant,250000,2,w2_10,661,5.0965,0.8,10,10,filtered_approx
qdrant,250000,2,w2_10,206,5.741667,0.9,10,10,filtered_approx
qdrant,250000,2,w2_10,241,5.7485,1.0,10,10,filtered_approx
qdrant,250000,2,w2_10,348,8.112917,1.0,10,10,filtered_approx
qdrant,250000,2,w2_10,304,6.974875,1.0,10,10,filtered_approx
qdrant,250000,2,w2_10,529,6.664209,0.9,10,10,filtered_approx
qdrant,250000,2,w2_10,673,5.359334,1.0,10,10,filtered_approx
qdrant,250000,2,w2_10,617,5.660083,1.0,10,10,filtered_approx
qdrant,250000,2,w2_10,540,5.715208,1.0,10,10,filtered_approx
qdrant,250000,2,w2_10,917,5.395,1.0,10,10,filtered_approx
qdrant,250000,2,w2_10,524,5.759291,0.9,10,10,filtered_approx
qdrant,250000,2,w2_10,259,6.245625,1.0,10,10,filtered_approx
qdrant,250000,2,w2_10,800,6.264791,1.0,10,10,filtered_approx
qdrant,250000,2,w2_10,389,5.5255,0.9,10,10,filtered_approx
qdrant,250000,2,w2_10,317,5.494833,1.0,10,10,filtered_approx
qdrant,250000,2,w2_10,183,4.699833,0.8,10,10,filtered_approx
qdrant,250000,2,w2_10,606,5.421458,1.0,10,10,filtered_approx
qdrant,250000,2,w2_10,744,5.711917,1.0,10,10,filtered_approx
qdrant,250000,2,w2_10,953,5.824584,0.9,10,10,filtered_approx
qdrant,250000,2,w2_10,748,7.024584,1.0,10,10,filtered_approx
qdrant,250000,2,w2_10,924,6.08,1.0,10,10,filtered_approx
qdrant,250000,2,w2_10,601,6.043083,1.0,10,10,filtered_approx
qdrant,250000,2,w2_10,141,7.155833,1.0,10,10,filtered_approx
qdrant,250000,2,w2_10,931,6.668459,1.0,10,10,filtered_approx
qdrant,250000,2,w2_10,438,6.639125,1.0,10,10,filtered_approx
qdrant,250000,2,w2_10,109,6.182292,1.0,10,10,filtered_approx
qdrant,250000,2,w2_10,326,6.99625,1.0,10,10,filtered_approx
qdrant,250000,2,w2_10,817,6.491583,1.0,10,10,filtered_approx
qdrant,250000,2,w2_10,422,6.074625,1.0,10,10,filtered_approx
qdrant,250000,2,w2_10,572,6.20025,1.0,10,10,filtered_approx
qdrant,250000,2,w2_10,108,7.185875,1.0,10,10,filtered_approx
qdrant,250000,2,w2_10,502,6.098292,1.0,10,10,filtered_approx
qdrant,250000,2,w2_10,730,6.499333,1.0,10,10,filtered_approx
qdrant,250000,2,w2_10,706,6.005042,1.0,10,10,filtered_approx
qdrant,250000,2,w2_10,418,7.255,0.9,10,10,filtered_approx
qdrant,250000,2,w2_10,583,5.849625,1.0,10,10,filtered_approx
qdrant,250000,2,w2_10,592,5.520125,1.0,10,10,filtered_approx
qdrant,250000,2,w2_10,152,6.054,0.8,10,10,filtered_approx
qdrant,250000,2,w2_10,869,5.543875,1.0,10,10,filtered_approx
qdrant,250000,2,w2_10,756,5.702,1.0,10,10,filtered_approx
qdrant,250000,2,w2_10,542,5.875166,0.9,10,10,filtered_approx
qdrant,250000,2,w2_10,394,6.795167,0.9,10,10,filtered_approx
qdrant,250000,2,w2_10,531,5.738667,1.0,10,10,filtered_approx
qdrant,250000,2,w2_10,798,5.973125,1.0,10,10,filtered_approx
qdrant,250000,2,w2_10,658,7.519042,1.0,10,10,filtered_approx
qdrant,250000,2,w2_10,786,6.676666,1.0,10,10,filtered_approx
qdrant,250000,2,w2_10,678,6.03825,1.0,10,10,filtered_approx
qdrant,250000,2,w2_10,584,6.236333,1.0,10,10,filtered_approx
qdrant,250000,2,w2_10,534,6.417,1.0,10,10,filtered_approx
qdrant,250000,2,w2_10,257,6.490333,1.0,10,10,filtered_approx
qdrant,250000,2,w2_10,453,5.7545,1.0,10,10,filtered_approx
qdrant,250000,2,w2_10,426,6.342083,0.9,10,10,filtered_approx
qdrant,250000,2,w2_10,168,6.536791,1.0,10,10,filtered_approx
qdrant,250000,2,w2_10,631,6.08725,1.0,10,10,filtered_approx
qdrant,250000,2,w2_10,716,4.839125,1.0,10,10,filtered_approx
qdrant,250000,2,w2_10,471,6.190333,1.0,10,10,filtered_approx
qdrant,250000,2,w2_10,223,5.932042,0.9,10,10,filtered_approx
qdrant,250000,2,w2_10,852,6.148834,1.0,10,10,filtered_approx
qdrant,250000,2,w2_10,576,6.076958,0.8,10,10,filtered_approx
qdrant,250000,2,w2_10,391,5.160917,1.0,10,10,filtered_approx
qdrant,250000,2,w2_10,456,5.395375,1.0,10,10,filtered_approx
qdrant,250000,2,w2_10,106,5.862083,1.0,10,10,filtered_approx
qdrant,250000,2,w2_10,912,6.239167,1.0,10,10,filtered_approx
qdrant,250000,2,w2_10,555,6.642292,1.0,10,10,filtered_approx
qdrant,250000,2,w2_10,154,6.748125,1.0,10,10,filtered_approx
qdrant,250000,2,w2_10,200,6.243583,0.9,10,10,filtered_approx
qdrant,250000,2,w2_10,813,6.430375,1.0,10,10,filtered_approx
qdrant,250000,2,w2_10,448,6.06,0.9,10,10,filtered_approx
qdrant,250000,2,w2_10,459,6.225417,0.9,10,10,filtered_approx
qdrant,250000,2,w2_10,696,5.6915,1.0,10,10,filtered_approx
qdrant,250000,2,w2_10,581,5.776208,1.0,10,10,filtered_approx
qdrant,250000,2,w2_10,795,4.958125,1.0,10,10,filtered_approx
qdrant,250000,2,w2_10,420,5.563875,0.8,10,10,filtered_approx
qdrant,250000,2,w2_10,942,8.923833,1.0,10,10,filtered_approx
qdrant,250000,2,w2_10,634,9.579958,1.0,10,10,filtered_approx
qdrant,250000,2,w2_10,195,8.741625,1.0,10,10,filtered_approx
qdrant,250000,2,w2_10,694,6.588333,1.0,10,10,filtered_approx
qdrant,250000,2,w2_10,569,5.887292,1.0,10,10,filtered_approx
qdrant,250000,2,w2_10,969,6.03575,1.0,10,10,filtered_approx
qdrant,250000,2,w2_10,122,6.669666,1.0,10,10,filtered_approx
qdrant,250000,2,w2_10,523,8.061958,1.0,10,10,filtered_approx
qdrant,250000,2,w2_10,964,6.204166,1.0,10,10,filtered_approx
qdrant,250000,2,w2_10,801,10.8075,1.0,10,10,filtered_approx
qdrant,250000,2,w2_10,196,6.738541,1.0,10,10,filtered_approx
qdrant,250000,2,w2_10,958,6.323208,1.0,10,10,filtered_approx
qdrant,250000,2,w2_10,251,6.827792,1.0,10,10,filtered_approx
qdrant,250000,2,w2_10,313,6.262083,1.0,10,10,filtered_approx
qdrant,250000,2,w2_10,712,7.124333,0.9,10,10,filtered_approx
qdrant,250000,2,w2_10,864,5.980875,1.0,10,10,filtered_approx
qdrant,250000,2,w2_10,614,6.641167,1.0,10,10,filtered_approx
qdrant,250000,2,w2_10,258,11.032583,1.0,10,10,filtered_approx
qdrant,250000,2,w2_10,472,9.264584,1.0,10,10,filtered_approx
qdrant,250000,2,w2_10,180,7.292292,1.0,10,10,filtered_approx
qdrant,250000,2,w2_10,732,5.248125,1.0,10,10,filtered_approx
qdrant,250000,2,w2_10,647,12.103583,1.0,10,10,filtered_approx
qdrant,250000,2,w2_10,137,6.245917,1.0,10,10,filtered_approx
qdrant,250000,2,w2_10,923,9.805208,1.0,10,10,filtered_approx
qdrant,250000,2,w2_10,477,6.101834,1.0,10,10,filtered_approx
qdrant,250000,2,w2_10,983,6.09675,1.0,10,10,filtered_approx
qdrant,250000,2,w2_10,741,6.069125,0.9,10,10,filtered_approx
qdrant,250000,2,w2_10,123,6.577417,1.0,10,10,filtered_approx
qdrant,250000,2,w2_10,314,6.327709,1.0,10,10,filtered_approx
qdrant,250000,2,w2_10,230,6.071208,1.0,10,10,filtered_approx
qdrant,250000,2,w2_10,288,10.677375,1.0,10,10,filtered_approx
qdrant,250000,2,w2_10,503,6.262458,1.0,10,10,filtered_approx
qdrant,250000,2,w2_10,527,9.914334,1.0,10,10,filtered_approx
qdrant,250000,2,w2_10,955,6.739417,1.0,10,10,filtered_approx
qdrant,250000,2,w2_10,949,10.588791,1.0,10,10,filtered_approx
qdrant,250000,2,w2_10,433,6.474083,1.0,10,10,filtered_approx
qdrant,250000,2,w2_10,713,9.375459,1.0,10,10,filtered_approx
qdrant,250000,2,w2_10,565,6.233667,0.9,10,10,filtered_approx
qdrant,250000,2,w2_10,483,10.202542,1.0,10,10,filtered_approx
qdrant,250000,2,w2_10,670,6.338708,1.0,10,10,filtered_approx
qdrant,250000,2,w2_10,763,6.834541,0.9,10,10,filtered_approx
qdrant,250000,2,w2_10,996,9.277416,0.9,10,10,filtered_approx
qdrant,250000,2,w2_10,598,10.349041,1.0,10,10,filtered_approx
qdrant,250000,2,w2_10,167,6.614833,0.9,10,10,filtered_approx
qdrant,250000,2,w2_10,588,6.660417,0.9,10,10,filtered_approx
qdrant,250000,2,w2_10,345,6.256,1.0,10,10,filtered_approx
qdrant,250000,2,w2_10,791,10.215583,1.0,10,10,filtered_approx
qdrant,250000,2,w2_10,205,6.629625,1.0,10,10,filtered_approx
qdrant,250000,2,w2_10,759,6.094417,1.0,10,10,filtered_approx
qdrant,250000,2,w2_10,976,8.040959,1.0,10,10,filtered_approx
qdrant,250000,2,w2_10,544,6.345083,1.0,10,10,filtered_approx
qdrant,250000,2,w2_10,711,9.541083,0.9,10,10,filtered_approx
qdrant,250000,2,w2_10,814,6.435583,1.0,10,10,filtered_approx
qdrant,250000,2,w2_10,570,8.41725,1.0,10,10,filtered_approx
qdrant,250000,2,w2_10,887,8.31625,1.0,10,10,filtered_approx
qdrant,250000,2,w2_10,174,5.399292,1.0,10,10,filtered_approx
qdrant,250000,2,w2_10,769,8.077166,1.0,10,10,filtered_approx
qdrant,250000,2,w2_10,546,7.846333,1.0,10,10,filtered_approx
qdrant,250000,2,w2_10,937,8.236125,1.0,10,10,filtered_approx
qdrant,250000,2,w2_10,777,9.136458,1.0,10,10,filtered_approx
qdrant,250000,2,w2_10,191,5.754125,1.0,10,10,filtered_approx
qdrant,250000,2,w2_10,689,4.8525,1.0,10,10,filtered_approx
qdrant,250000,2,w2_10,170,5.234,0.9,10,10,filtered_approx
qdrant,250000,2,w2_10,331,5.211125,1.0,10,10,filtered_approx
qdrant,250000,2,w2_10,812,5.731792,1.0,10,10,filtered_approx
qdrant,250000,2,w2_10,107,7.140959,1.0,10,10,filtered_approx
qdrant,250000,2,w2_10,190,6.991291,1.0,10,10,filtered_approx
qdrant,250000,2,w2_10,117,4.769083,1.0,10,10,filtered_approx
qdrant,250000,2,w2_10,797,10.863334,1.0,10,10,filtered_approx
qdrant,250000,2,w2_10,941,5.837084,1.0,10,10,filtered_approx
qdrant,250000,2,w2_10,163,5.028292,1.0,10,10,filtered_approx
qdrant,250000,2,w2_10,731,4.78,1.0,10,10,filtered_approx
qdrant,250000,2,w2_10,982,4.77125,1.0,10,10,filtered_approx
qdrant,250000,2,w2_10,415,8.082917,1.0,10,10,filtered_approx
qdrant,250000,2,w2_10,221,5.43975,1.0,10,10,filtered_approx
qdrant,250000,2,w2_10,119,7.921125,1.0,10,10,filtered_approx
qdrant,250000,2,w2_10,405,9.482083,1.0,10,10,filtered_approx
qdrant,250000,2,w2_10,526,6.480167,1.0,10,10,filtered_approx
qdrant,250000,2,w2_10,100,9.753625,1.0,10,10,filtered_approx
qdrant,250000,2,w2_10,687,7.227916,0.9,10,10,filtered_approx
qdrant,250000,2,w2_10,435,6.746333,1.0,10,10,filtered_approx
qdrant,250000,2,w2_10,879,8.147292,1.0,10,10,filtered_approx
qdrant,250000,2,w2_10,378,7.277083,1.0,10,10,filtered_approx
qdrant,250000,2,w2_10,620,6.671958,1.0,10,10,filtered_approx
qdrant,250000,2,w2_10,900,10.697958,0.9,10,10,filtered_approx
qdrant,250000,2,w2_10,465,6.408917,1.0,10,10,filtered_approx
qdrant,250000,2,w2_10,487,12.504375,1.0,10,10,filtered_approx
qdrant,250000,2,w2_10,740,8.933875,1.0,10,10,filtered_approx
qdrant,250000,2,w2_10,411,6.304459,1.0,10,10,filtered_approx
qdrant,250000,2,w2_10,626,9.134208,0.9,10,10,filtered_approx
qdrant,250000,2,w2_10,605,6.677541,1.0,10,10,filtered_approx
qdrant,250000,2,w2_10,470,6.377125,1.0,10,10,filtered_approx
qdrant,250000,2,w2_10,635,7.757125,1.0,10,10,filtered_approx
qdrant,250000,2,w2_10,506,9.672667,1.0,10,10,filtered_approx
qdrant,250000,2,w2_10,343,6.021625,0.9,10,10,filtered_approx
qdrant,250000,2,w2_10,458,8.387542,1.0,10,10,filtered_approx
qdrant,250000,2,w2_10,511,6.5195,1.0,10,10,filtered_approx
qdrant,250000,2,w2_10,105,5.70225,1.0,10,10,filtered_approx
qdrant,250000,2,w2_10,918,5.826667,1.0,10,10,filtered_approx
qdrant,250000,2,w2_10,442,9.275958,1.0,10,10,filtered_approx
qdrant,250000,2,w2_10,364,5.904041,1.0,10,10,filtered_approx
qdrant,250000,2,w2_10,194,6.29225,1.0,10,10,filtered_approx
qdrant,250000,2,w2_10,692,5.515125,1.0,10,10,filtered_approx
qdrant,250000,2,w2_10,278,5.863709,1.0,10,10,filtered_approx
qdrant,250000,2,w2_10,341,6.363125,1.0,10,10,filtered_approx
qdrant,250000,2,w2_10,853,4.636584,0.8,10,10,filtered_approx
qdrant,250000,2,w2_10,973,6.883791,1.0,10,10,filtered_approx
qdrant,250000,2,w2_10,359,5.901167,1.0,10,10,filtered_approx
qdrant,250000,2,w2_10,225,6.427875,1.0,10,10,filtered_approx
qdrant,250000,2,w2_10,484,6.944042,1.0,10,10,filtered_approx
qdrant,250000,2,w2_10,867,11.364417,1.0,10,10,filtered_approx
qdrant,250000,2,w2_10,423,5.500417,1.0,10,10,filtered_approx
qdrant,250000,2,w2_10,439,8.181833,1.0,10,10,filtered_approx
qdrant,250000,2,w2_10,684,5.597875,0.9,10,10,filtered_approx
qdrant,250000,2,w2_10,936,8.974666,1.0,10,10,filtered_approx
qdrant,250000,2,w2_10,939,8.620292,1.0,10,10,filtered_approx
qdrant,250000,2,w2_10,700,5.954917,1.0,10,10,filtered_approx
qdrant,250000,2,w2_10,881,9.042667,1.0,10,10,filtered_approx
qdrant,250000,2,w2_10,224,6.532209,1.0,10,10,filtered_approx
qdrant,250000,2,w2_10,177,6.857041,0.9,10,10,filtered_approx
qdrant,250000,2,w2_10,495,7.972709,1.0,10,10,filtered_approx
qdrant,250000,2,w2_10,474,8.418417,1.0,10,10,filtered_approx
qdrant,250000,2,w2_10,275,5.690542,1.0,10,10,filtered_approx
qdrant,250000,2,w2_10,231,5.925125,1.0,10,10,filtered_approx
qdrant,250000,2,w2_10,901,6.288292,1.0,10,10,filtered_approx
qdrant,250000,2,w2_10,303,6.021084,1.0,10,10,filtered_approx
qdrant,250000,2,w2_10,240,9.320084,1.0,10,10,filtered_approx
qdrant,250000,2,w2_10,332,5.274959,1.0,10,10,filtered_approx
qdrant,250000,2,w2_10,855,5.12075,1.0,10,10,filtered_approx
qdrant,250000,2,w2_10,111,9.929875,1.0,10,10,filtered_approx
qdrant,250000,2,w2_10,227,6.015167,1.0,10,10,filtered_approx
qdrant,250000,2,w2_10,377,6.0135,0.9,10,10,filtered_approx
qdrant,250000,2,w2_10,825,5.770875,1.0,10,10,filtered_approx
qdrant,250000,2,w2_10,197,6.189875,1.0,10,10,filtered_approx
qdrant,250000,2,w2_10,831,10.647709,1.0,10,10,filtered_approx
qdrant,250000,2,w2_10,930,6.366083,0.9,10,10,filtered_approx
qdrant,250000,2,w2_10,776,9.611,1.0,10,10,filtered_approx
qdrant,250000,2,w2_10,350,5.101459,1.0,10,10,filtered_approx
qdrant,250000,2,w2_10,336,8.710084,1.0,10,10,filtered_approx
qdrant,250000,2,w2_10,819,6.084875,1.0,10,10,filtered_approx
qdrant,250000,2,w2_10,449,5.2545,1.0,10,10,filtered_approx
qdrant,250000,2,w2_10,202,5.176291,1.0,10,10,filtered_approx
qdrant,250000,2,w2_10,328,7.660833,1.0,10,10,filtered_approx
qdrant,250000,2,w2_10,545,13.082625,1.0,10,10,filtered_approx
qdrant,250000,2,w2_10,597,6.754583,1.0,10,10,filtered_approx
qdrant,250000,2,w2_10,698,6.501375,0.9,10,10,filtered_approx
qdrant,250000,2,w2_10,355,6.690459,0.9,10,10,filtered_approx
qdrant,250000,2,w2_10,396,6.085834,1.0,10,10,filtered_approx
qdrant,250000,2,w2_10,480,5.538042,0.9,10,10,filtered_approx
qdrant,250000,2,w2_10,169,7.4215,1.0,10,10,filtered_approx
qdrant,250000,2,w2_10,707,6.874792,1.0,10,10,filtered_approx
qdrant,250000,2,w2_10,254,10.954333,0.9,10,10,filtered_approx
qdrant,250000,2,w2_10,916,6.326083,1.0,10,10,filtered_approx
qdrant,250000,2,w2_10,695,9.111792,1.0,10,10,filtered_approx
qdrant,250000,2,w2_10,932,5.957667,1.0,10,10,filtered_approx
qdrant,250000,2,w2_10,884,6.1815,0.9,10,10,filtered_approx
qdrant,250000,2,w2_10,833,9.969208,1.0,10,10,filtered_approx
qdrant,250000,2,w2_10,679,5.263,1.0,10,10,filtered_approx
qdrant,250000,2,w2_10,409,4.917333,1.0,10,10,filtered_approx
qdrant,250000,2,w2_10,499,9.738167,1.0,10,10,filtered_approx
qdrant,250000,2,w2_10,646,6.091708,1.0,10,10,filtered_approx
qdrant,250000,2,w2_10,630,9.5955,1.0,10,10,filtered_approx
qdrant,250000,2,w2_10,681,6.18925,1.0,10,10,filtered_approx
qdrant,250000,2,w2_10,562,6.532042,1.0,10,10,filtered_approx
qdrant,250000,2,w2_10,320,9.590333,1.0,10,10,filtered_approx
qdrant,250000,2,w2_10,549,5.635208,1.0,10,10,filtered_approx
qdrant,250000,2,w2_10,804,4.775542,1.0,10,10,filtered_approx
qdrant,250000,2,w2_10,650,9.755792,1.0,10,10,filtered_approx
qdrant,250000,2,w2_10,640,6.206375,0.9,10,10,filtered_approx
qdrant,250000,2,w2_10,496,9.65125,1.0,10,10,filtered_approx
qdrant,250000,2,w2_10,844,6.687417,1.0,10,10,filtered_approx
qdrant,250000,2,w2_10,406,9.475875,1.0,10,10,filtered_approx
qdrant,250000,2,w2_10,283,6.24225,1.0,10,10,filtered_approx
qdrant,250000,2,w2_10,321,9.590333,1.0,10,10,filtered_approx
qdrant,250000,2,w2_10,358,6.6775,1.0,10,10,filtered_approx
qdrant,250000,2,w2_10,794,6.523625,1.0,10,10,filtered_approx
qdrant,250000,2,w2_10,182,5.852542,1.0,10,10,filtered_approx
qdrant,250000,2,w2_10,586,6.061875,1.0,10,10,filtered_approx
qdrant,250000,2,w2_10,594,10.38175,1.0,10,10,filtered_approx
qdrant,250000,2,w2_10,823,7.297459,1.0,10,10,filtered_approx
qdrant,250000,2,w2_10,335,7.02475,1.0,10,10,filtered_approx
qdrant,250000,2,w2_10,308,12.557083,1.0,10,10,filtered_approx
qdrant,250000,2,w2_10,957,6.630458,1.0,10,10,filtered_approx
qdrant,250000,2,w2_10,307,7.317208,1.0,10,10,filtered_approx
qdrant,250000,2,w2_10,537,7.160208,0.9,10,10,filtered_approx
qdrant,250000,2,w2_10,602,6.221458,1.0,10,10,filtered_approx
qdrant,250000,2,w2_10,351,6.891959,1.0,10,10,filtered_approx
qdrant,250000,2,w2_10,623,6.184542,1.0,10,10,filtered_approx
qdrant,250000,2,w2_10,705,5.935042,1.0,10,10,filtered_approx
qdrant,250000,2,w2_10,915,6.482833,1.0,10,10,filtered_approx
qdrant,250000,2,w2_10,557,6.338416,1.0,10,10,filtered_approx
qdrant,250000,2,w2_10,210,8.496375,0.9,10,10,filtered_approx
qdrant,250000,2,w2_10,980,6.017125,1.0,10,10,filtered_approx
qdrant,250000,2,w2_10,691,5.909209,1.0,10,10,filtered_approx
qdrant,250000,2,w2_10,356,5.673458,1.0,10,10,filtered_approx
qdrant,250000,2,w2_10,793,7.701459,1.0,10,10,filtered_approx
qdrant,250000,2,w2_10,148,8.957959,1.0,10,10,filtered_approx
qdrant,250000,2,w2_10,580,10.775875,1.0,10,10,filtered_approx
qdrant,250000,2,w2_10,685,8.147083,1.0,10,10,filtered_approx
qdrant,250000,2,w2_1,335,6.448958,1.0,10,10,filtered_approx
qdrant,250000,2,w2_1,674,7.380667,1.0,10,10,filtered_approx
qdrant,250000,2,w2_1,932,7.000625,1.0,10,10,filtered_approx
qdrant,250000,2,w2_1,612,6.909792,1.0,10,10,filtered_approx
qdrant,250000,2,w2_1,183,7.539042,1.0,10,10,filtered_approx
qdrant,250000,2,w2_1,280,13.660875,1.0,10,10,filtered_approx
qdrant,250000,2,w2_1,584,6.685959,1.0,10,10,filtered_approx
qdrant,250000,2,w2_1,658,6.25275,1.0,10,10,filtered_approx
qdrant,250000,2,w2_1,880,6.424458,1.0,10,10,filtered_approx
qdrant,250000,2,w2_1,983,6.682667,1.0,10,10,filtered_approx
qdrant,250000,2,w2_1,207,6.126167,1.0,10,10,filtered_approx
qdrant,250000,2,w2_1,616,12.961166,1.0,10,10,filtered_approx
qdrant,250000,2,w2_1,564,6.701917,1.0,10,10,filtered_approx
qdrant,250000,2,w2_1,359,6.565125,1.0,10,10,filtered_approx
qdrant,250000,2,w2_1,170,6.564166,1.0,10,10,filtered_approx
qdrant,250000,2,w2_1,811,9.022833,1.0,10,10,filtered_approx
qdrant,250000,2,w2_1,726,6.581959,1.0,10,10,filtered_approx
qdrant,250000,2,w2_1,818,5.789375,1.0,10,10,filtered_approx
qdrant,250000,2,w2_1,881,6.996459,1.0,10,10,filtered_approx
qdrant,250000,2,w2_1,646,10.462542,1.0,10,10,filtered_approx
qdrant,250000,2,w2_1,162,9.569125,1.0,10,10,filtered_approx
qdrant,250000,2,w2_1,861,6.82175,1.0,10,10,filtered_approx
qdrant,250000,2,w2_1,292,6.486917,1.0,10,10,filtered_approx
qdrant,250000,2,w2_1,592,9.37075,1.0,10,10,filtered_approx
qdrant,250000,2,w2_1,538,10.274458,1.0,10,10,filtered_approx
qdrant,250000,2,w2_1,875,7.523583,1.0,10,10,filtered_approx
qdrant,250000,2,w2_1,925,8.686667,1.0,10,10,filtered_approx
qdrant,250000,2,w2_1,535,6.997041,1.0,10,10,filtered_approx
qdrant,250000,2,w2_1,362,12.661417,1.0,10,10,filtered_approx
qdrant,250000,2,w2_1,879,6.45225,1.0,10,10,filtered_approx
qdrant,250000,2,w2_1,542,10.322625,1.0,10,10,filtered_approx
qdrant,250000,2,w2_1,330,8.253833,1.0,10,10,filtered_approx
qdrant,250000,2,w2_1,891,8.439084,1.0,10,10,filtered_approx
qdrant,250000,2,w2_1,849,9.118958,1.0,10,10,filtered_approx
qdrant,250000,2,w2_1,221,6.550042,1.0,10,10,filtered_approx
qdrant,250000,2,w2_1,635,6.264125,1.0,10,10,filtered_approx
qdrant,250000,2,w2_1,931,5.678375,1.0,10,10,filtered_approx
qdrant,250000,2,w2_1,759,5.346292,1.0,10,10,filtered_approx
qdrant,250000,2,w2_1,391,6.204,1.0,10,10,filtered_approx
qdrant,250000,2,w2_1,122,5.126166,1.0,10,10,filtered_approx
qdrant,250000,2,w2_1,420,5.24925,1.0,10,10,filtered_approx
qdrant,250000,2,w2_1,740,5.755834,1.0,10,10,filtered_approx
qdrant,250000,2,w2_1,753,5.217875,1.0,10,10,filtered_approx
qdrant,250000,2,w2_1,449,5.407542,1.0,10,10,filtered_approx
qdrant,250000,2,w2_1,160,4.951,1.0,10,10,filtered_approx
qdrant,250000,2,w2_1,735,8.009083,1.0,10,10,filtered_approx
qdrant,250000,2,w2_1,515,5.39175,1.0,10,10,filtered_approx
qdrant,250000,2,w2_1,397,5.9505,1.0,10,10,filtered_approx
qdrant,250000,2,w2_1,202,5.008542,1.0,10,10,filtered_approx
qdrant,250000,2,w2_1,227,5.617541,1.0,10,10,filtered_approx
qdrant,250000,2,w2_1,474,5.743292,1.0,10,10,filtered_approx
qdrant,250000,2,w2_1,129,5.986,1.0,10,10,filtered_approx
qdrant,250000,2,w2_1,444,5.627958,1.0,10,10,filtered_approx
qdrant,250000,2,w2_1,503,6.328459,1.0,10,10,filtered_approx
qdrant,250000,2,w2_1,154,8.565667,1.0,10,10,filtered_approx
qdrant,250000,2,w2_1,992,7.587042,1.0,10,10,filtered_approx
qdrant,250000,2,w2_1,706,10.361875,1.0,10,10,filtered_approx
qdrant,250000,2,w2_1,245,6.392792,1.0,10,10,filtered_approx
qdrant,250000,2,w2_1,757,5.587583,1.0,10,10,filtered_approx
qdrant,250000,2,w2_1,331,7.937667,1.0,10,10,filtered_approx
qdrant,250000,2,w2_1,319,6.849458,1.0,10,10,filtered_approx
qdrant,250000,2,w2_1,776,8.327916,1.0,10,10,filtered_approx
qdrant,250000,2,w2_1,353,5.005042,1.0,10,10,filtered_approx
qdrant,250000,2,w2_1,704,6.477875,1.0,10,10,filtered_approx
qdrant,250000,2,w2_1,581,8.899,1.0,10,10,filtered_approx
qdrant,250000,2,w2_1,413,5.043958,1.0,10,10,filtered_approx
qdrant,250000,2,w2_1,667,5.612667,1.0,10,10,filtered_approx
qdrant,250000,2,w2_1,125,5.946167,1.0,10,10,filtered_approx
qdrant,250000,2,w2_1,151,5.74625,1.0,10,10,filtered_approx
qdrant,250000,2,w2_1,805,5.889041,1.0,10,10,filtered_approx
qdrant,250000,2,w2_1,652,6.178,1.0,10,10,filtered_approx
qdrant,250000,2,w2_1,516,7.5015,1.0,10,10,filtered_approx
qdrant,250000,2,w2_1,739,6.348583,1.0,10,10,filtered_approx
qdrant,250000,2,w2_1,386,5.971875,1.0,10,10,filtered_approx
qdrant,250000,2,w2_1,758,6.925541,1.0,10,10,filtered_approx
qdrant,250000,2,w2_1,681,7.592042,1.0,10,10,filtered_approx
qdrant,250000,2,w2_1,678,9.286709,1.0,10,10,filtered_approx
qdrant,250000,2,w2_1,455,6.409667,1.0,10,10,filtered_approx
qdrant,250000,2,w2_1,935,7.0255,1.0,10,10,filtered_approx
qdrant,250000,2,w2_1,396,5.80075,1.0,10,10,filtered_approx
qdrant,250000,2,w2_1,904,6.146041,1.0,10,10,filtered_approx
qdrant,250000,2,w2_1,970,7.028666,1.0,10,10,filtered_approx
qdrant,250000,2,w2_1,393,6.292334,1.0,10,10,filtered_approx
qdrant,250000,2,w2_1,599,6.16025,1.0,10,10,filtered_approx
qdrant,250000,2,w2_1,527,6.961583,1.0,10,10,filtered_approx
qdrant,250000,2,w2_1,804,6.432375,1.0,10,10,filtered_approx
qdrant,250000,2,w2_1,512,6.868542,1.0,10,10,filtered_approx
qdrant,250000,2,w2_1,506,6.72075,1.0,10,10,filtered_approx
qdrant,250000,2,w2_1,639,6.845458,1.0,10,10,filtered_approx
qdrant,250000,2,w2_1,201,7.179125,1.0,10,10,filtered_approx
qdrant,250000,2,w2_1,288,6.989667,1.0,10,10,filtered_approx
qdrant,250000,2,w2_1,305,6.60725,1.0,10,10,filtered_approx
qdrant,250000,2,w2_1,600,6.563875,1.0,10,10,filtered_approx
qdrant,250000,2,w2_1,996,6.379041,1.0,10,10,filtered_approx
qdrant,250000,2,w2_1,380,6.135333,1.0,10,10,filtered_approx
qdrant,250000,2,w2_1,817,7.275334,1.0,10,10,filtered_approx
qdrant,250000,2,w2_1,346,7.921,1.0,10,10,filtered_approx
qdrant,250000,2,w2_1,854,7.447208,1.0,10,10,filtered_approx
qdrant,250000,2,w2_1,348,9.058583,1.0,10,10,filtered_approx
qdrant,250000,2,w2_1,899,6.406916,1.0,10,10,filtered_approx
qdrant,250000,2,w2_1,883,6.133834,1.0,10,10,filtered_approx
qdrant,250000,2,w2_1,241,6.852291,1.0,10,10,filtered_approx
qdrant,250000,2,w2_1,509,5.965667,1.0,10,10,filtered_approx
qdrant,250000,2,w2_1,282,6.081292,1.0,10,10,filtered_approx
qdrant,250000,2,w2_1,354,6.50975,1.0,10,10,filtered_approx
qdrant,250000,2,w2_1,566,6.214708,1.0,10,10,filtered_approx
qdrant,250000,2,w2_1,604,5.308042,1.0,10,10,filtered_approx
qdrant,250000,2,w2_1,588,6.140208,1.0,10,10,filtered_approx
qdrant,250000,2,w2_1,732,6.358917,1.0,10,10,filtered_approx
qdrant,250000,2,w2_1,253,6.236833,1.0,10,10,filtered_approx
qdrant,250000,2,w2_1,384,6.070458,1.0,10,10,filtered_approx
qdrant,250000,2,w2_1,149,6.396333,1.0,10,10,filtered_approx
qdrant,250000,2,w2_1,836,7.163,1.0,10,10,filtered_approx
qdrant,250000,2,w2_1,410,6.797792,1.0,10,10,filtered_approx
qdrant,250000,2,w2_1,920,6.698583,1.0,10,10,filtered_approx
qdrant,250000,2,w2_1,744,6.465917,1.0,10,10,filtered_approx
qdrant,250000,2,w2_1,412,6.431833,1.0,10,10,filtered_approx
qdrant,250000,2,w2_1,579,6.719167,1.0,10,10,filtered_approx
qdrant,250000,2,w2_1,246,6.18525,1.0,10,10,filtered_approx
qdrant,250000,2,w2_1,219,6.205458,1.0,10,10,filtered_approx
qdrant,250000,2,w2_1,851,6.4555,1.0,10,10,filtered_approx
qdrant,250000,2,w2_1,389,6.608667,1.0,10,10,filtered_approx
qdrant,250000,2,w2_1,679,5.971708,1.0,10,10,filtered_approx
qdrant,250000,2,w2_1,431,5.750417,1.0,10,10,filtered_approx
qdrant,250000,2,w2_1,342,5.514292,1.0,10,10,filtered_approx
qdrant,250000,2,w2_1,788,5.943541,1.0,10,10,filtered_approx
qdrant,250000,2,w2_1,273,5.226375,1.0,10,10,filtered_approx
qdrant,250000,2,w2_1,236,5.782792,1.0,10,10,filtered_approx
qdrant,250000,2,w2_1,265,6.725958,1.0,10,10,filtered_approx
qdrant,250000,2,w2_1,722,6.894542,1.0,10,10,filtered_approx
qdrant,250000,2,w2_1,908,6.090875,1.0,10,10,filtered_approx
qdrant,250000,2,w2_1,630,8.528583,1.0,10,10,filtered_approx
qdrant,250000,2,w2_1,928,11.579708,1.0,10,10,filtered_approx
qdrant,250000,2,w2_1,368,6.7845,1.0,10,10,filtered_approx
qdrant,250000,2,w2_1,715,5.626167,1.0,10,10,filtered_approx
qdrant,250000,2,w2_1,546,9.171917,1.0,10,10,filtered_approx
qdrant,250000,2,w2_1,651,5.947459,1.0,10,10,filtered_approx
qdrant,250000,2,w2_1,439,10.793833,1.0,10,10,filtered_approx
qdrant,250000,2,w2_1,102,6.680125,1.0,10,10,filtered_approx
qdrant,250000,2,w2_1,473,12.824084,1.0,10,10,filtered_approx
qdrant,250000,2,w2_1,730,9.594291,1.0,10,10,filtered_approx
qdrant,250000,2,w2_1,487,6.328875,1.0,10,10,filtered_approx
qdrant,250000,2,w2_1,329,7.185417,1.0,10,10,filtered_approx
qdrant,250000,2,w2_1,627,6.450584,1.0,10,10,filtered_approx
qdrant,250000,2,w2_1,761,6.164791,1.0,10,10,filtered_approx
qdrant,250000,2,w2_1,989,7.063125,1.0,10,10,filtered_approx
qdrant,250000,2,w2_1,409,8.0605,1.0,10,10,filtered_approx
qdrant,250000,2,w2_1,632,8.408667,1.0,10,10,filtered_approx
qdrant,250000,2,w2_1,438,8.191667,1.0,10,10,filtered_approx
qdrant,250000,2,w2_1,235,5.959,1.0,10,10,filtered_approx
qdrant,250000,2,w2_1,827,6.569459,1.0,10,10,filtered_approx
qdrant,250000,2,w2_1,448,6.147417,1.0,10,10,filtered_approx
qdrant,250000,2,w2_1,419,10.067,1.0,10,10,filtered_approx
qdrant,250000,2,w2_1,497,6.661125,1.0,10,10,filtered_approx
qdrant,250000,2,w2_1,255,8.487334,1.0,10,10,filtered_approx
qdrant,250000,2,w2_1,210,6.005542,1.0,10,10,filtered_approx
qdrant,250000,2,w2_1,418,7.372208,1.0,10,10,filtered_approx
qdrant,250000,2,w2_1,882,6.325459,1.0,10,10,filtered_approx
qdrant,250000,2,w2_1,424,10.70625,1.0,10,10,filtered_approx
qdrant,250000,2,w2_1,440,6.479666,1.0,10,10,filtered_approx
qdrant,250000,2,w2_1,980,5.65875,1.0,10,10,filtered_approx
qdrant,250000,2,w2_1,137,6.089375,1.0,10,10,filtered_approx
qdrant,250000,2,w2_1,641,6.165167,1.0,10,10,filtered_approx
qdrant,250000,2,w2_1,428,5.904166,1.0,10,10,filtered_approx
qdrant,250000,2,w2_1,370,6.6515,1.0,10,10,filtered_approx
qdrant,250000,2,w2_1,540,11.8585,1.0,10,10,filtered_approx
qdrant,250000,2,w2_1,835,5.887666,1.0,10,10,filtered_approx
qdrant,250000,2,w2_1,906,5.577083,1.0,10,10,filtered_approx
qdrant,250000,2,w2_1,445,6.151709,1.0,10,10,filtered_approx
qdrant,250000,2,w2_1,689,6.120542,1.0,10,10,filtered_approx
qdrant,250000,2,w2_1,402,5.449375,1.0,10,10,filtered_approx
qdrant,250000,2,w2_1,701,8.446667,1.0,10,10,filtered_approx
qdrant,250000,2,w2_1,112,8.1215,1.0,10,10,filtered_approx
qdrant,250000,2,w2_1,400,9.45025,1.0,10,10,filtered_approx
qdrant,250000,2,w2_1,517,7.046959,1.0,10,10,filtered_approx
qdrant,250000,2,w2_1,887,7.618542,1.0,10,10,filtered_approx
qdrant,250000,2,w2_1,585,6.157166,1.0,10,10,filtered_approx
qdrant,250000,2,w2_1,511,8.811208,1.0,10,10,filtered_approx
qdrant,250000,2,w2_1,423,6.322542,1.0,10,10,filtered_approx
qdrant,250000,2,w2_1,234,6.599834,1.0,10,10,filtered_approx
qdrant,250000,2,w2_1,644,7.122583,1.0,10,10,filtered_approx
qdrant,250000,2,w2_1,274,6.97775,1.0,10,10,filtered_approx
qdrant,250000,2,w2_1,178,6.407792,1.0,10,10,filtered_approx
qdrant,250000,2,w2_1,778,6.61125,1.0,10,10,filtered_approx
qdrant,250000,2,w2_1,242,6.345958,1.0,10,10,filtered_approx
qdrant,250000,2,w2_1,244,6.522542,1.0,10,10,filtered_approx
qdrant,250000,2,w2_1,530,12.349209,1.0,10,10,filtered_approx
qdrant,250000,2,w2_1,892,7.917791,1.0,10,10,filtered_approx
qdrant,250000,2,w2_1,565,7.762,1.0,10,10,filtered_approx
qdrant,250000,2,w2_1,869,8.016459,1.0,10,10,filtered_approx
qdrant,250000,2,w2_1,682,8.324292,1.0,10,10,filtered_approx
qdrant,250000,2,w2_1,951,8.275167,1.0,10,10,filtered_approx
qdrant,250000,2,w2_1,696,8.660083,1.0,10,10,filtered_approx
qdrant,250000,2,w2_1,987,5.702542,1.0,10,10,filtered_approx
qdrant,250000,2,w2_1,372,6.273959,1.0,10,10,filtered_approx
qdrant,250000,2,w2_1,743,14.7045,1.0,10,10,filtered_approx
qdrant,250000,2,w2_1,286,8.348458,1.0,10,10,filtered_approx
qdrant,250000,2,w2_1,385,8.410458,1.0,10,10,filtered_approx
qdrant,250000,2,w2_1,712,9.806666,1.0,10,10,filtered_approx
qdrant,250000,2,w2_1,432,12.577333,1.0,10,10,filtered_approx
qdrant,250000,2,w2_1,375,9.935542,1.0,10,10,filtered_approx
qdrant,250000,2,w2_1,276,11.203791,1.0,10,10,filtered_approx
qdrant,250000,2,w2_1,171,8.86775,1.0,10,10,filtered_approx
qdrant,250000,2,w2_1,144,8.267625,1.0,10,10,filtered_approx
qdrant,250000,2,w2_1,574,10.112708,1.0,10,10,filtered_approx
qdrant,250000,2,w2_1,838,11.325583,1.0,10,10,filtered_approx
qdrant,250000,2,w2_1,832,7.43475,1.0,10,10,filtered_approx
qdrant,250000,2,w2_1,451,10.421292,1.0,10,10,filtered_approx
qdrant,250000,2,w2_1,179,6.536042,1.0,10,10,filtered_approx
qdrant,250000,2,w2_1,724,6.11275,1.0,10,10,filtered_approx
qdrant,250000,2,w2_1,878,9.193625,1.0,10,10,filtered_approx
qdrant,250000,2,w2_1,690,7.527875,1.0,10,10,filtered_approx
qdrant,250000,2,w2_1,860,7.080416,1.0,10,10,filtered_approx
qdrant,250000,2,w2_1,791,7.732042,1.0,10,10,filtered_approx
qdrant,250000,2,w2_1,395,5.237958,1.0,10,10,filtered_approx
qdrant,250000,2,w2_1,187,6.429834,1.0,10,10,filtered_approx
qdrant,250000,2,w2_1,344,5.896167,1.0,10,10,filtered_approx
qdrant,250000,2,w2_1,101,8.252375,1.0,10,10,filtered_approx
qdrant,250000,2,w2_1,901,6.628542,1.0,10,10,filtered_approx
qdrant,250000,2,w2_1,317,6.44375,1.0,10,10,filtered_approx
qdrant,250000,2,w2_1,923,6.406792,1.0,10,10,filtered_approx
qdrant,250000,2,w2_1,366,6.533125,1.0,10,10,filtered_approx
qdrant,250000,2,w2_1,844,6.210416,1.0,10,10,filtered_approx
qdrant,250000,2,w2_1,905,13.4385,1.0,10,10,filtered_approx
qdrant,250000,2,w2_1,708,7.429417,1.0,10,10,filtered_approx
qdrant,250000,2,w2_1,302,6.275375,1.0,10,10,filtered_approx
qdrant,250000,2,w2_1,966,10.725166,1.0,10,10,filtered_approx
qdrant,250000,2,w2_1,997,6.561042,1.0,10,10,filtered_approx
qdrant,250000,2,w2_1,211,5.703417,1.0,10,10,filtered_approx
qdrant,250000,2,w2_1,307,5.714667,1.0,10,10,filtered_approx
qdrant,250000,2,w2_1,942,6.319417,1.0,10,10,filtered_approx
qdrant,250000,2,w2_1,575,6.11175,1.0,10,10,filtered_approx
qdrant,250000,2,w2_1,488,11.182917,1.0,10,10,filtered_approx
qdrant,250000,2,w2_1,471,7.092,1.0,10,10,filtered_approx
qdrant,250000,2,w2_1,266,7.013084,1.0,10,10,filtered_approx
qdrant,250000,2,w2_1,447,5.853625,1.0,10,10,filtered_approx
qdrant,250000,2,w2_1,703,6.250333,1.0,10,10,filtered_approx
qdrant,250000,2,w2_1,525,8.569459,1.0,10,10,filtered_approx
qdrant,250000,2,w2_1,464,6.240292,1.0,10,10,filtered_approx
qdrant,250000,2,w2_1,633,5.667709,1.0,10,10,filtered_approx
qdrant,250000,2,w2_1,481,5.037,1.0,10,10,filtered_approx
qdrant,250000,2,w2_1,969,7.68025,1.0,10,10,filtered_approx
qdrant,250000,2,w2_1,536,9.991,1.0,10,10,filtered_approx
qdrant,250000,2,w2_1,866,6.232417,1.0,10,10,filtered_approx
qdrant,250000,2,w2_1,539,9.219916,1.0,10,10,filtered_approx
qdrant,250000,2,w2_1,463,6.33175,1.0,10,10,filtered_approx
qdrant,250000,2,w2_1,498,8.604167,1.0,10,10,filtered_approx
qdrant,250000,2,w2_1,321,6.680791,1.0,10,10,filtered_approx
qdrant,250000,2,w2_1,605,8.990584,1.0,10,10,filtered_approx
qdrant,250000,2,w2_1,387,6.391083,1.0,10,10,filtered_approx
qdrant,250000,2,w2_1,316,9.559792,1.0,10,10,filtered_approx
qdrant,250000,2,w2_1,261,7.355875,1.0,10,10,filtered_approx
qdrant,250000,2,w2_1,930,8.442541,1.0,10,10,filtered_approx
qdrant,250000,2,w2_1,917,6.430917,1.0,10,10,filtered_approx
qdrant,250000,2,w2_1,834,6.4255,1.0,10,10,filtered_approx
qdrant,250000,2,w2_1,998,9.404917,1.0,10,10,filtered_approx
qdrant,250000,2,w2_1,845,6.562166,1.0,10,10,filtered_approx
qdrant,250000,2,w2_1,524,6.61075,1.0,10,10,filtered_approx
qdrant,250000,2,w2_1,225,7.245667,1.0,10,10,filtered_approx
qdrant,250000,2,w2_1,167,8.479167,1.0,10,10,filtered_approx
qdrant,250000,2,w2_1,894,6.304708,1.0,10,10,filtered_approx
qdrant,250000,2,w2_1,716,8.344416,1.0,10,10,filtered_approx
qdrant,250000,2,w2_1,773,9.561791,1.0,10,10,filtered_approx
qdrant,250000,2,w2_1,304,6.043292,1.0,10,10,filtered_approx
qdrant,250000,2,w2_1,808,4.98575,1.0,10,10,filtered_approx
qdrant,250000,2,w2_1,196,6.598417,1.0,10,10,filtered_approx
qdrant,250000,2,w2_1,454,7.695167,1.0,10,10,filtered_approx
qdrant,250000,2,w2_1,714,9.37275,1.0,10,10,filtered_approx
qdrant,250000,2,w2_1,950,5.618583,1.0,10,10,filtered_approx
qdrant,250000,2,w2_1,531,8.98225,1.0,10,10,filtered_approx
qdrant,250000,2,w2_1,700,8.859833,1.0,10,10,filtered_approx
qdrant,250000,2,w2_1,284,6.15475,1.0,10,10,filtered_approx
qdrant,250000,2,w2_1,442,6.972667,1.0,10,10,filtered_approx
qdrant,250000,2,w2_1,373,6.747417,1.0,10,10,filtered_approx
qdrant,250000,2,w2_1,453,11.026792,1.0,10,10,filtered_approx
qdrant,250000,2,w2_1,146,6.233708,1.0,10,10,filtered_approx
qdrant,250000,2,w2_1,141,12.000125,1.0,10,10,filtered_approx
qdrant,250000,2,w2_1,510,7.256875,1.0,10,10,filtered_approx
qdrant,250000,2,w2_1,334,6.129875,1.0,10,10,filtered_approx
qdrant,250000,2,w2_1,248,7.227583,1.0,10,10,filtered_approx
qdrant,250000,2,w2_1,105,8.939291,1.0,10,10,filtered_approx
qdrant,250000,2,w2_1,128,11.384958,1.0,10,10,filtered_approx
qdrant,250000,2,w2_1,937,6.052875,1.0,10,10,filtered_approx
qdrant,250000,2,w2_1,855,6.143708,1.0,10,10,filtered_approx
qdrant,250000,2,w2_1,941,10.259583,1.0,10,10,filtered_approx
qdrant,250000,2,w2_1,505,6.113958,1.0,10,10,filtered_approx
qdrant,250000,2,w2_1,841,9.387625,1.0,10,10,filtered_approx
qdrant,250000,2,w2_1,483,6.650458,1.0,10,10,filtered_approx
qdrant,250000,2,w2_1,727,10.190291,1.0,10,10,filtered_approx
qdrant,250000,2,w2_1,484,6.160833,1.0,10,10,filtered_approx
qdrant,250000,2,w2_1,318,10.541459,1.0,10,10,filtered_approx
qdrant,250000,2,w2_1,576,6.56575,1.0,10,10,filtered_approx
qdrant,250000,2,w2_1,900,10.369084,1.0,10,10,filtered_approx
qdrant,250000,2,w2_1,993,7.071041,1.0,10,10,filtered_approx
qdrant,250000,2,w2_1,279,11.149166,1.0,10,10,filtered_approx
qdrant,250000,2,w2_1,699,10.189167,1.0,10,10,filtered_approx
qdrant,250000,2,w2_1,833,7.2935,1.0,10,10,filtered_approx
qdrant,250000,2,w2_1,508,6.832208,1.0,10,10,filtered_approx
qdrant,250000,2,w2_1,960,7.134833,1.0,10,10,filtered_approx
qdrant,250000,2,w2_1,848,7.163583,1.0,10,10,filtered_approx
qdrant,250000,2,w2_1,709,9.209125,1.0,10,10,filtered_approx
qdrant,250000,2,w2_1,666,6.340125,1.0,10,10,filtered_approx
qdrant,250000,2,w2_1,425,9.146875,1.0,10,10,filtered_approx
qdrant,250000,2,w2_1,437,9.656166,1.0,10,10,filtered_approx
qdrant,250000,2,w2_1,620,7.793083,1.0,10,10,filtered_approx
qdrant,250000,2,w2_1,134,6.277292,1.0,10,10,filtered_approx
qdrant,250000,2,w2_1,847,7.568875,1.0,10,10,filtered_approx
qdrant,250000,2,w2_1,267,6.509709,1.0,10,10,filtered_approx
qdrant,250000,2,w2_1,741,9.444291,1.0,10,10,filtered_approx
qdrant,250000,2,w2_1,608,7.338542,1.0,10,10,filtered_approx
qdrant,250000,2,w2_1,840,6.913333,1.0,10,10,filtered_approx
qdrant,250000,2,w2_1,823,12.469292,1.0,10,10,filtered_approx
qdrant,250000,2,w2_1,956,8.171875,1.0,10,10,filtered_approx
qdrant,250000,2,w2_1,955,11.272792,1.0,10,10,filtered_approx
qdrant,250000,2,w2_1,226,11.448875,1.0,10,10,filtered_approx
qdrant,250000,2,w2_1,177,10.203167,1.0,10,10,filtered_approx
qdrant,250000,2,w2_1,157,9.827334,1.0,10,10,filtered_approx
qdrant,250000,2,w2_1,659,12.991375,1.0,10,10,filtered_approx
qdrant,250000,2,w2_1,867,9.942208,1.0,10,10,filtered_approx
qdrant,250000,2,w2_1,205,6.528416,1.0,10,10,filtered_approx
qdrant,250000,2,w2_1,660,6.291958,1.0,10,10,filtered_approx
qdrant,250000,2,w2_1,388,5.316333,1.0,10,10,filtered_approx
qdrant,250000,2,w2_1,379,10.288833,1.0,10,10,filtered_approx
qdrant,250000,2,w2_1,858,6.059,1.0,10,10,filtered_approx
qdrant,250000,2,w2_1,341,5.403083,1.0,10,10,filtered_approx
qdrant,250000,2,w2_1,426,4.81525,1.0,10,10,filtered_approx
qdrant,250000,2,w2_1,460,8.102667,1.0,10,10,filtered_approx
qdrant,250000,2,w2_1,963,11.490709,1.0,10,10,filtered_approx
qdrant,250000,2,w2_1,810,5.663542,1.0,10,10,filtered_approx
qdrant,250000,2,w2_1,166,5.811209,1.0,10,10,filtered_approx
qdrant,250000,2,w2_1,625,5.63725,1.0,10,10,filtered_approx
qdrant,250000,2,w2_1,973,5.082125,1.0,10,10,filtered_approx
qdrant,250000,2,w2_1,135,5.464375,1.0,10,10,filtered_approx
qdrant,250000,2,w2_1,877,12.775083,1.0,10,10,filtered_approx
qdrant,250000,2,w2_1,436,6.095959,1.0,10,10,filtered_approx
qdrant,250000,2,w2_1,793,8.543583,1.0,10,10,filtered_approx
qdrant,250000,2,w2_1,217,7.50425,1.0,10,10,filtered_approx
qdrant,250000,2,w2_1,470,8.833292,1.0,10,10,filtered_approx
qdrant,250000,2,w2_1,127,11.050375,1.0,10,10,filtered_approx
qdrant,250000,2,w2_1,953,7.422667,1.0,10,10,filtered_approx
qdrant,250000,2,w2_1,233,10.809292,1.0,10,10,filtered_approx
qdrant,250000,2,w2_1,777,7.830667,1.0,10,10,filtered_approx
qdrant,250000,2,w2_1,192,6.777833,1.0,10,10,filtered_approx
qdrant,250000,2,w2_1,326,10.26725,1.0,10,10,filtered_approx
qdrant,250000,2,w2_1,407,7.807667,1.0,10,10,filtered_approx
qdrant,250000,2,w2_1,174,6.681542,1.0,10,10,filtered_approx
qdrant,250000,2,w2_1,693,6.614625,1.0,10,10,filtered_approx
qdrant,250000,2,w2_1,952,6.7165,1.0,10,10,filtered_approx
qdrant,250000,2,w2_1,927,5.912459,1.0,10,10,filtered_approx
qdrant,250000,2,w2_1,408,6.19925,1.0,10,10,filtered_approx
qdrant,250000,2,w2_1,961,6.081542,1.0,10,10,filtered_approx
qdrant,250000,2,w2_1,548,10.110584,1.0,10,10,filtered_approx
qdrant,250000,2,w2_1,618,8.316,1.0,10,10,filtered_approx
qdrant,250000,2,w2_1,597,9.275875,1.0,10,10,filtered_approx
qdrant,250000,2,w2_1,467,6.151417,1.0,10,10,filtered_approx
qdrant,250000,2,w2_1,126,5.598334,1.0,10,10,filtered_approx
qdrant,250000,2,w2_1,792,6.363,1.0,10,10,filtered_approx
qdrant,250000,2,w2_1,910,7.836708,1.0,10,10,filtered_approx
qdrant,250000,2,w2_1,648,6.95625,1.0,10,10,filtered_approx
qdrant,250000,2,w2_1,621,9.968458,1.0,10,10,filtered_approx
qdrant,250000,2,w2_1,212,5.944667,1.0,10,10,filtered_approx
qdrant,250000,2,w2_1,216,5.350834,1.0,10,10,filtered_approx
qdrant,250000,2,w2_1,671,6.524208,1.0,10,10,filtered_approx
qdrant,250000,2,w2_1,830,9.374709,1.0,10,10,filtered_approx
qdrant,250000,2,w2_1,824,8.701166,1.0,10,10,filtered_approx
qdrant,250000,2,w2_1,200,6.497291,1.0,10,10,filtered_approx
qdrant,250000,2,w2_1,206,10.099208,1.0,10,10,filtered_approx
qdrant,250000,2,w2_1,914,8.576542,1.0,10,10,filtered_approx
qdrant,250000,2,w2_1,477,6.02825,1.0,10,10,filtered_approx
qdrant,250000,2,w2_1,298,7.476291,1.0,10,10,filtered_approx
qdrant,250000,2,w2_1,220,6.341666,1.0,10,10,filtered_approx
qdrant,250000,2,w2_1,783,7.411833,1.0,10,10,filtered_approx
qdrant,250000,2,w2_1,176,9.320834,1.0,10,10,filtered_approx
qdrant,250000,2,w2_1,856,6.637625,1.0,10,10,filtered_approx
qdrant,250000,2,w2_1,796,7.05875,1.0,10,10,filtered_approx
qdrant,250000,2,w2_1,323,7.211167,1.0,10,10,filtered_approx
qdrant,250000,2,w2_1,636,11.070209,1.0,10,10,filtered_approx
qdrant,250000,2,w2_1,995,6.532916,1.0,10,10,filtered_approx
qdrant,250000,2,w2_1,184,7.599125,1.0,10,10,filtered_approx
qdrant,250000,2,w2_1,569,8.940958,1.0,10,10,filtered_approx
qdrant,250000,2,w2_1,594,6.682625,1.0,10,10,filtered_approx
qdrant,250000,2,w2_1,893,6.555083,1.0,10,10,filtered_approx
qdrant,250000,2,w2_1,104,6.711,1.0,10,10,filtered_approx
qdrant,250000,2,w2_1,958,16.728666,1.0,10,10,filtered_approx
qdrant,250000,2,w2_1,688,8.42375,1.0,10,10,filtered_approx
qdrant,250000,2,w2_1,528,6.280833,1.0,10,10,filtered_approx
qdrant,250000,2,w2_1,675,7.059292,1.0,10,10,filtered_approx
qdrant,250000,2,w2_1,120,7.957667,1.0,10,10,filtered_approx
qdrant,250000,2,w2_1,913,7.838208,1.0,10,10,filtered_approx
qdrant,250000,2,w2_1,774,6.247833,1.0,10,10,filtered_approx
qdrant,250000,2,w2_1,974,10.619666,1.0,10,10,filtered_approx
qdrant,250000,2,w2_1,534,6.373375,1.0,10,10,filtered_approx
qdrant,250000,2,w2_1,583,11.015959,1.0,10,10,filtered_approx
qdrant,250000,2,w2_1,268,6.593959,1.0,10,10,filtered_approx
qdrant,250000,2,w2_1,339,5.238167,1.0,10,10,filtered_approx
qdrant,250000,2,w2_1,725,6.811625,1.0,10,10,filtered_approx
qdrant,250000,2,w2_1,842,8.412042,1.0,10,10,filtered_approx
qdrant,250000,2,w2_1,493,7.436791,1.0,10,10,filtered_approx
qdrant,250000,2,w2_1,770,6.287833,1.0,10,10,filtered_approx
qdrant,250000,2,w2_1,885,11.80775,1.0,10,10,filtered_approx
qdrant,250000,2,w2_1,291,8.599708,1.0,10,10,filtered_approx
qdrant,250000,2,w2_1,164,7.087375,1.0,10,10,filtered_approx
qdrant,250000,2,w2_1,519,10.984875,1.0,10,10,filtered_approx
qdrant,250000,2,w2_1,702,10.550917,1.0,10,10,filtered_approx
qdrant,250000,2,w2_1,843,6.251792,1.0,10,10,filtered_approx
qdrant,250000,2,w2_1,929,6.313041,1.0,10,10,filtered_approx
qdrant,250000,2,w2_1,371,6.655541,1.0,10,10,filtered_approx
qdrant,250000,2,w2_1,349,7.070625,1.0,10,10,filtered_approx
qdrant,250000,2,w2_1,607,9.370583,1.0,10,10,filtered_approx
qdrant,250000,2,w2_1,915,6.190958,1.0,10,10,filtered_approx
qdrant,250000,2,w2_1,766,6.52825,1.0,10,10,filtered_approx
qdrant,250000,2,w2_1,568,5.643625,1.0,10,10,filtered_approx
qdrant,250000,2,w2_1,755,6.467083,1.0,10,10,filtered_approx
qdrant,250000,2,w2_1,478,6.472166,1.0,10,10,filtered_approx
qdrant,250000,2,w2_1,232,10.468334,1.0,10,10,filtered_approx
qdrant,250000,2,w2_1,573,6.442375,1.0,10,10,filtered_approx
qdrant,250000,2,w2_1,560,9.383583,1.0,10,10,filtered_approx
qdrant,250000,2,w2_1,239,6.239917,1.0,10,10,filtered_approx
qdrant,250000,2,w2_1,617,10.017834,1.0,10,10,filtered_approx
qdrant,250000,2,w2_1,180,7.619625,1.0,10,10,filtered_approx
qdrant,250000,2,w2_1,784,6.57125,1.0,10,10,filtered_approx
qdrant,250000,2,w2_1,215,6.106084,1.0,10,10,filtered_approx
qdrant,250000,2,w2_1,541,7.299,1.0,10,10,filtered_approx
qdrant,250000,2,w2_1,351,9.165958,1.0,10,10,filtered_approx
qdrant,250000,2,w2_1,256,6.411042,1.0,10,10,filtered_approx
qdrant,250000,2,w2_1,764,8.925,1.0,10,10,filtered_approx
qdrant,250000,2,w2_1,324,6.327584,1.0,10,10,filtered_approx
qdrant,250000,2,w2_1,767,6.254708,1.0,10,10,filtered_approx
qdrant,250000,2,w2_1,977,9.54175,1.0,10,10,filtered_approx
qdrant,250000,2,w2_1,543,8.025959,1.0,10,10,filtered_approx
qdrant,250000,2,w2_1,363,7.261541,1.0,10,10,filtered_approx
qdrant,250000,2,w2_1,188,8.676292,1.0,10,10,filtered_approx
qdrant,250000,2,w2_1,645,6.214166,1.0,10,10,filtered_approx
qdrant,250000,2,w2_1,748,11.211209,1.0,10,10,filtered_approx
qdrant,250000,2,w2_1,556,6.68975,1.0,10,10,filtered_approx
qdrant,250000,2,w2_1,361,9.017,1.0,10,10,filtered_approx
qdrant,250000,2,w2_1,864,8.605875,1.0,10,10,filtered_approx
qdrant,250000,2,w2_1,186,5.13575,1.0,10,10,filtered_approx
qdrant,250000,2,w2_1,338,7.801375,1.0,10,10,filtered_approx
qdrant,250000,2,w2_1,376,6.265333,1.0,10,10,filtered_approx
qdrant,250000,2,w2_1,133,9.187,1.0,10,10,filtered_approx
qdrant,250000,2,w2_1,978,6.228792,1.0,10,10,filtered_approx
qdrant,250000,2,w2_1,458,7.202625,1.0,10,10,filtered_approx
qdrant,250000,2,w2_1,654,7.81075,1.0,10,10,filtered_approx
qdrant,250000,2,w2_1,293,11.750459,1.0,10,10,filtered_approx
qdrant,250000,2,w2_1,934,6.212666,1.0,10,10,filtered_approx
qdrant,250000,2,w2_1,837,6.46225,1.0,10,10,filtered_approx
qdrant,250000,2,w2_1,430,6.15225,1.0,10,10,filtered_approx
qdrant,250000,2,w2_1,734,6.210666,1.0,10,10,filtered_approx
qdrant,250000,2,w2_1,640,9.483792,1.0,10,10,filtered_approx
qdrant,250000,2,w2_1,390,5.720333,1.0,10,10,filtered_approx
qdrant,250000,2,w2_1,799,4.941708,1.0,10,10,filtered_approx
qdrant,250000,2,w2_1,461,5.757208,1.0,10,10,filtered_approx
qdrant,250000,2,w2_1,271,7.991,1.0,10,10,filtered_approx
qdrant,250000,2,w2_1,312,8.035084,1.0,10,10,filtered_approx
qdrant,250000,2,w2_1,545,8.46475,1.0,10,10,filtered_approx
qdrant,250000,2,w2_1,116,9.222666,1.0,10,10,filtered_approx
qdrant,250000,2,w2_1,825,6.076459,1.0,10,10,filtered_approx
qdrant,250000,2,w2_1,781,8.291417,1.0,10,10,filtered_approx
qdrant,250000,2,w2_1,862,8.983583,1.0,10,10,filtered_approx
qdrant,250000,2,w2_1,381,7.947666,1.0,10,10,filtered_approx
qdrant,250000,2,w2_1,820,11.648792,1.0,10,10,filtered_approx
qdrant,250000,2,w2_1,957,9.612333,1.0,10,10,filtered_approx
qdrant,250000,2,w2_1,462,8.399375,1.0,10,10,filtered_approx
qdrant,250000,2,w2_1,340,9.418209,1.0,10,10,filtered_approx
qdrant,250000,2,w2_1,874,8.881375,1.0,10,10,filtered_approx
qdrant,250000,2,w2_1,629,7.758083,1.0,10,10,filtered_approx
qdrant,250000,2,w2_1,550,9.529292,1.0,10,10,filtered_approx
qdrant,250000,2,w2_1,986,6.847209,1.0,10,10,filtered_approx
qdrant,250000,2,w2_1,609,7.990084,1.0,10,10,filtered_approx
qdrant,250000,2,w2_1,686,6.777167,1.0,10,10,filtered_approx
qdrant,250000,2,w2_1,297,11.798708,1.0,10,10,filtered_approx
qdrant,250000,2,w2_1,247,6.76325,1.0,10,10,filtered_approx
qdrant,250000,2,w2_1,491,6.1125,1.0,10,10,filtered_approx
qdrant,250000,2,w2_1,130,6.457583,1.0,10,10,filtered_approx
qdrant,250000,2,w2_1,756,6.750625,1.0,10,10,filtered_approx
qdrant,250000,2,w2_1,710,6.889083,1.0,10,10,filtered_approx
qdrant,250000,2,w2_1,984,6.887625,1.0,10,10,filtered_approx
qdrant,250000,2,w2_1,562,8.914875,1.0,10,10,filtered_approx
qdrant,250000,2,w2_1,713,6.561208,1.0,10,10,filtered_approx
qdrant,250000,2,w2_1,959,5.711959,1.0,10,10,filtered_approx
qdrant,250000,2,w2_1,772,8.628959,1.0,10,10,filtered_approx
qdrant,250000,2,w2_1,343,8.55025,1.0,10,10,filtered_approx
qdrant,250000,2,w2_1,876,6.714667,1.0,10,10,filtered_approx
qdrant,250000,2,w2_1,763,11.345208,1.0,10,10,filtered_approx
qdrant,250000,2,w2_1,327,5.647084,1.0,10,10,filtered_approx
qdrant,250000,2,w2_1,131,6.238,1.0,10,10,filtered_approx
qdrant,250000,2,w2_1,988,6.2245,1.0,10,10,filtered_approx
qdrant,250000,2,w2_1,147,6.245042,1.0,10,10,filtered_approx
qdrant,250000,2,w2_1,661,6.925333,1.0,10,10,filtered_approx
qdrant,250000,2,w2_1,547,6.004791,1.0,10,10,filtered_approx
qdrant,250000,2,w2_1,250,6.670916,1.0,10,10,filtered_approx
qdrant,250000,2,w2_1,705,9.588666,1.0,10,10,filtered_approx
qdrant,250000,2,w2_1,857,7.414,1.0,10,10,filtered_approx
qdrant,250000,2,w2_1,806,6.743667,1.0,10,10,filtered_approx
qdrant,250000,2,w2_1,692,5.502833,1.0,10,10,filtered_approx
qdrant,250000,2,w2_1,197,7.252,1.0,10,10,filtered_approx
qdrant,250000,2,w2_1,281,6.131042,1.0,10,10,filtered_approx
qdrant,250000,2,w2_1,417,6.282375,1.0,10,10,filtered_approx
qdrant,250000,2,w2_1,965,8.832625,1.0,10,10,filtered_approx
qdrant,250000,2,w2_1,303,6.328208,1.0,10,10,filtered_approx
qdrant,250000,2,w2_1,606,8.305875,1.0,10,10,filtered_approx
qdrant,250000,2,w2_1,537,9.532708,1.0,10,10,filtered_approx
qdrant,250000,2,w2_1,114,6.206583,1.0,10,10,filtered_approx
qdrant,250000,2,w2_1,518,7.612125,1.0,10,10,filtered_approx
qdrant,250000,2,w2_1,401,5.799833,1.0,10,10,filtered_approx
qdrant,250000,2,w2_1,859,10.114416,1.0,10,10,filtered_approx
qdrant,250000,2,w2_1,863,6.447292,1.0,10,10,filtered_approx
qdrant,250000,2,w2_1,896,6.233375,1.0,10,10,filtered_approx
qdrant,250000,2,w2_1,707,6.204083,1.0,10,10,filtered_approx
qdrant,250000,2,w2_1,513,10.8035,1.0,10,10,filtered_approx
qdrant,250000,2,w2_1,798,5.774167,1.0,10,10,filtered_approx
qdrant,250000,2,w2_1,115,5.730667,1.0,10,10,filtered_approx
qdrant,250000,2,w2_1,779,5.425792,1.0,10,10,filtered_approx
qdrant,250000,2,w2_1,230,6.596417,1.0,10,10,filtered_approx
qdrant,250000,2,w2_1,398,8.436875,1.0,10,10,filtered_approx
qdrant,250000,2,w2_1,502,6.134875,1.0,10,10,filtered_approx
qdrant,250000,2,w2_1,623,5.236666,1.0,10,10,filtered_approx
qdrant,250000,2,w2_1,782,10.8345,1.0,10,10,filtered_approx
qdrant,250000,2,w2_1,829,6.065792,1.0,10,10,filtered_approx
qdrant,250000,2,w2_1,846,10.82075,1.0,10,10,filtered_approx
qdrant,250000,2,w2_1,169,9.699583,1.0,10,10,filtered_approx
qdrant,250000,2,w2_1,406,8.648167,1.0,10,10,filtered_approx
qdrant,250000,2,w2_1,590,7.488041,1.0,10,10,filtered_approx
qdrant,250000,2,w2_1,507,7.225833,1.0,10,10,filtered_approx
qdrant,250000,2,w2_1,677,6.477291,1.0,10,10,filtered_approx
qdrant,250000,2,w2_1,172,8.531709,1.0,10,10,filtered_approx
qdrant,250000,2,w2_1,884,7.198125,1.0,10,10,filtered_approx
qdrant,250000,2,w2_1,559,11.004666,1.0,10,10,filtered_approx
qdrant,250000,2,w2_1,479,6.616625,1.0,10,10,filtered_approx
qdrant,250000,2,w2_1,251,6.085875,1.0,10,10,filtered_approx
qdrant,250000,2,w2_1,165,6.691708,1.0,10,10,filtered_approx
qdrant,250000,2,w2_1,731,6.390167,1.0,10,10,filtered_approx
qdrant,250000,2,w2_1,947,9.476167,1.0,10,10,filtered_approx
qdrant,250000,2,w2_1,968,5.825416,1.0,10,10,filtered_approx
qdrant,250000,2,w2_1,853,10.087166,1.0,10,10,filtered_approx
qdrant,250000,2,w2_1,586,9.182542,1.0,10,10,filtered_approx
qdrant,250000,2,w2_1,683,8.203792,1.0,10,10,filtered_approx
qdrant,250000,2,w2_1,108,6.709875,1.0,10,10,filtered_approx
qdrant,250000,2,w2_1,991,6.600416,1.0,10,10,filtered_approx
qdrant,250000,2,w2_1,283,6.302291,1.0,10,10,filtered_approx
qdrant,250000,2,w2_1,814,6.703,1.0,10,10,filtered_approx
qdrant,250000,2,w2_1,946,10.520416,1.0,10,10,filtered_approx
qdrant,250000,2,w2_1,254,5.875875,1.0,10,10,filtered_approx
qdrant,250000,2,w2_1,768,9.755167,1.0,10,10,filtered_approx
qdrant,250000,2,w2_1,938,6.493375,1.0,10,10,filtered_approx
qdrant,250000,2,w2_1,760,6.325625,1.0,10,10,filtered_approx
qdrant,250000,2,w2_1,738,11.023583,1.0,10,10,filtered_approx
qdrant,250000,2,w2_1,888,5.670625,1.0,10,10,filtered_approx
qdrant,250000,2,w2_1,557,9.228542,1.0,10,10,filtered_approx
qdrant,250000,2,w2_1,662,6.143917,1.0,10,10,filtered_approx
qdrant,250000,2,w2_1,272,6.688875,1.0,10,10,filtered_approx
qdrant,250000,2,w2_1,595,6.302042,1.0,10,10,filtered_approx
qdrant,250000,2,w2_1,136,6.342542,1.0,10,10,filtered_approx
qdrant,250000,2,w2_1,694,6.252292,1.0,10,10,filtered_approx
qdrant,250000,2,w2_1,229,9.411875,1.0,10,10,filtered_approx
qdrant,250000,2,w2_1,532,9.119875,1.0,10,10,filtered_approx
qdrant,250000,2,w2_1,949,8.095041,1.0,10,10,filtered_approx
qdrant,250000,2,w2_1,520,6.12925,1.0,10,10,filtered_approx
qdrant,250000,2,w2_1,148,5.47475,1.0,10,10,filtered_approx
qdrant,250000,2,w2_1,223,8.430333,1.0,10,10,filtered_approx
qdrant,250000,2,w2_1,638,6.722125,1.0,10,10,filtered_approx
qdrant,250000,2,w2_1,626,10.667208,1.0,10,10,filtered_approx
qdrant,250000,2,w2_1,656,6.5605,1.0,10,10,filtered_approx
qdrant,250000,2,w2_1,263,10.796667,1.0,10,10,filtered_approx
qdrant,250000,2,w2_1,698,6.274375,1.0,10,10,filtered_approx
qdrant,250000,2,w2_1,427,12.32875,1.0,10,10,filtered_approx
qdrant,250000,2,w2_1,924,8.354875,1.0,10,10,filtered_approx
qdrant,250000,2,w2_1,113,8.511833,1.0,10,10,filtered_approx
qdrant,250000,2,w2_1,378,9.104583,1.0,10,10,filtered_approx
qdrant,250000,2,w2_1,181,7.09125,1.0,10,10,filtered_approx
qdrant,250000,2,w2_1,752,5.129292,1.0,10,10,filtered_approx
qdrant,250000,2,w2_1,310,7.996917,1.0,10,10,filtered_approx
qdrant,250000,2,w2_1,190,6.572583,1.0,10,10,filtered_approx
qdrant,250000,2,w2_1,405,7.577292,1.0,10,10,filtered_approx
qdrant,250000,2,w2_1,287,6.222333,1.0,10,10,filtered_approx
qdrant,250000,2,w2_1,771,9.45475,1.0,10,10,filtered_approx
qdrant,250000,2,w2_1,270,7.252417,1.0,10,10,filtered_approx
qdrant,250000,2,w2_1,182,5.849833,1.0,10,10,filtered_approx
qdrant,250000,2,w2_1,921,5.415458,1.0,10,10,filtered_approx
qdrant,250000,2,w2_1,655,5.309292,1.0,10,10,filtered_approx
qdrant,250000,2,w2_1,717,6.5895,1.0,10,10,filtered_approx
qdrant,250000,2,w2_1,109,5.541375,1.0,10,10,filtered_approx
qdrant,250000,2,w2_1,601,5.490417,1.0,10,10,filtered_approx
qdrant,250000,2,w2_1,816,6.328417,1.0,10,10,filtered_approx
qdrant,250000,2,w2_1,603,5.627292,1.0,10,10,filtered_approx
qdrant,250000,2,w2_1,364,5.664792,1.0,10,10,filtered_approx
qdrant,250000,2,w2_1,967,6.29925,1.0,10,10,filtered_approx
qdrant,250000,2,w2_1,718,6.140166,1.0,10,10,filtered_approx
qdrant,250000,2,w2_1,352,5.308583,1.0,10,10,filtered_approx
qdrant,250000,2,w2_1,720,5.327583,1.0,10,10,filtered_approx
qdrant,250000,2,w2_1,450,5.464958,1.0,10,10,filtered_approx
qdrant,250000,2,w2_1,795,5.232833,1.0,10,10,filtered_approx
qdrant,250000,2,w2_1,762,5.137875,1.0,10,10,filtered_approx
qdrant,250000,2,w2_1,193,5.438083,1.0,10,10,filtered_approx
qdrant,250000,2,w2_1,944,5.45925,1.0,10,10,filtered_approx
qdrant,250000,2,w2_1,486,6.115417,1.0,10,10,filtered_approx
qdrant,250000,2,w2_1,649,5.36775,1.0,10,10,filtered_approx
qdrant,250000,2,w2_1,337,5.400375,1.0,10,10,filtered_approx
qdrant,250000,2,w2_1,981,5.397625,1.0,10,10,filtered_approx
qdrant,250000,2,w2_1,999,5.852833,1.0,10,10,filtered_approx
qdrant,250000,2,w2_1,786,6.259666,1.0,10,10,filtered_approx
qdrant,250000,2,w2_1,277,7.014666,1.0,10,10,filtered_approx
qdrant,250000,2,w2_1,737,7.427083,1.0,10,10,filtered_approx
qdrant,250000,2,w2_1,591,6.652791,1.0,10,10,filtered_approx
qdrant,250000,2,w2_1,469,7.660708,1.0,10,10,filtered_approx
qdrant,250000,2,w2_1,294,6.593916,1.0,10,10,filtered_approx
qdrant,250000,2,w2_1,269,6.838959,1.0,10,10,filtered_approx
qdrant,250000,2,w2_1,456,6.491583,1.0,10,10,filtered_approx
qdrant,250000,2,w2_1,382,6.854125,1.0,10,10,filtered_approx
qdrant,250000,2,w2_1,580,6.672209,1.0,10,10,filtered_approx
qdrant,250000,2,w2_1,976,6.712125,1.0,10,10,filtered_approx
qdrant,250000,2,w2_1,643,6.248625,1.0,10,10,filtered_approx
qdrant,250000,2,w2_1,809,5.69925,1.0,10,10,filtered_approx
qdrant,250000,2,w2_1,224,5.013583,1.0,10,10,filtered_approx
qdrant,250000,2,w2_1,521,5.814292,1.0,10,10,filtered_approx
qdrant,250000,2,w2_1,647,6.495584,1.0,10,10,filtered_approx
qdrant,250000,2,w2_1,680,6.742375,1.0,10,10,filtered_approx
qdrant,250000,2,w2_1,185,5.58,1.0,10,10,filtered_approx
qdrant,250000,2,w2_1,228,5.817542,1.0,10,10,filtered_approx
qdrant,250000,2,w2_1,100,6.186167,1.0,10,10,filtered_approx
qdrant,250000,2,w2_1,150,5.567375,1.0,10,10,filtered_approx
qdrant,250000,2,w2_1,476,6.360375,1.0,10,10,filtered_approx
qdrant,250000,2,w2_1,936,6.015083,1.0,10,10,filtered_approx
qdrant,250000,2,w2_1,315,5.967542,1.0,10,10,filtered_approx
qdrant,250000,2,w2_1,475,5.883916,1.0,10,10,filtered_approx
qdrant,250000,2,w2_1,561,6.344708,1.0,10,10,filtered_approx
qdrant,250000,2,w2_1,602,6.136792,1.0,10,10,filtered_approx
qdrant,250000,2,w2_1,411,6.80325,1.0,10,10,filtered_approx
qdrant,250000,2,w2_1,728,6.617083,1.0,10,10,filtered_approx
qdrant,250000,2,w2_1,711,6.432167,1.0,10,10,filtered_approx
qdrant,250000,2,w2_1,123,6.406375,1.0,10,10,filtered_approx
qdrant,250000,2,w2_1,208,6.128125,1.0,10,10,filtered_approx
qdrant,250000,2,w2_1,198,5.991458,1.0,10,10,filtered_approx
qdrant,250000,2,w2_1,124,6.118708,1.0,10,10,filtered_approx
qdrant,250000,2,w2_1,243,6.749875,1.0,10,10,filtered_approx
qdrant,250000,2,w2_1,982,6.327583,1.0,10,10,filtered_approx
qdrant,250000,2,w2_1,990,5.884292,1.0,10,10,filtered_approx
qdrant,250000,2,w2_1,587,6.367083,1.0,10,10,filtered_approx
qdrant,250000,2,w2_1,852,6.231083,1.0,10,10,filtered_approx
qdrant,250000,2,w2_1,676,7.079792,1.0,10,10,filtered_approx
qdrant,250000,2,w2_1,501,6.964333,1.0,10,10,filtered_approx
qdrant,250000,2,w2_1,812,6.103958,1.0,10,10,filtered_approx
qdrant,250000,2,w2_1,238,5.747542,1.0,10,10,filtered_approx
qdrant,250000,2,w2_1,775,5.985542,1.0,10,10,filtered_approx
qdrant,250000,2,w2_1,240,6.271375,1.0,10,10,filtered_approx
qdrant,250000,2,w2_1,610,6.08375,1.0,10,10,filtered_approx
qdrant,250000,2,w2_1,275,5.631708,1.0,10,10,filtered_approx
qdrant,250000,2,w2_1,204,6.036292,1.0,10,10,filtered_approx
qdrant,250000,2,w2_1,985,6.316042,1.0,10,10,filtered_approx
qdrant,250000,2,w2_1,868,6.951084,1.0,10,10,filtered_approx
qdrant,250000,2,w2_1,933,5.795459,1.0,10,10,filtered_approx
qdrant,250000,2,w2_1,529,6.038292,1.0,10,10,filtered_approx
qdrant,250000,2,w2_1,865,5.893375,1.0,10,10,filtered_approx
qdrant,250000,2,w2_1,118,5.622375,1.0,10,10,filtered_approx
qdrant,250000,2,w2_1,801,5.540625,1.0,10,10,filtered_approx
qdrant,250000,2,w2_1,544,6.639958,1.0,10,10,filtered_approx
qdrant,250000,2,w2_1,729,5.703084,1.0,10,10,filtered_approx
qdrant,250000,2,w2_1,103,5.272209,1.0,10,10,filtered_approx
qdrant,250000,2,w2_1,195,4.778333,1.0,10,10,filtered_approx
qdrant,250000,2,w2_1,203,5.700875,1.0,10,10,filtered_approx
qdrant,250000,2,w2_1,421,5.022542,1.0,10,10,filtered_approx
qdrant,250000,2,w2_1,898,5.822416,1.0,10,10,filtered_approx
qdrant,250000,2,w2_1,422,5.678125,1.0,10,10,filtered_approx
qdrant,250000,2,w2_1,754,4.857916,1.0,10,10,filtered_approx
qdrant,250000,2,w2_1,119,8.067125,1.0,10,10,filtered_approx
qdrant,250000,2,w2_1,747,5.830583,1.0,10,10,filtered_approx
qdrant,250000,2,w2_1,598,5.15275,1.0,10,10,filtered_approx
qdrant,250000,2,w2_1,369,6.076083,1.0,10,10,filtered_approx
qdrant,250000,2,w2_1,156,6.919791,1.0,10,10,filtered_approx
qdrant,250000,2,w2_1,964,5.05025,1.0,10,10,filtered_approx
qdrant,250000,2,w2_1,954,8.596458,1.0,10,10,filtered_approx
qdrant,250000,2,w2_1,567,5.794666,1.0,10,10,filtered_approx
qdrant,250000,2,w2_1,789,9.267,1.0,10,10,filtered_approx
qdrant,250000,2,w2_1,383,7.710042,1.0,10,10,filtered_approx
qdrant,250000,2,w2_1,262,8.028666,1.0,10,10,filtered_approx
qdrant,250000,2,w2_1,480,9.948,1.0,10,10,filtered_approx
qdrant,250000,2,w2_1,797,10.553625,1.0,10,10,filtered_approx
qdrant,250000,2,w2_1,194,6.719208,1.0,10,10,filtered_approx
qdrant,250000,2,w2_1,117,6.860375,1.0,10,10,filtered_approx
qdrant,250000,2,w2_1,533,6.382375,1.0,10,10,filtered_approx
qdrant,250000,2,w2_1,466,6.338958,1.0,10,10,filtered_approx
qdrant,250000,2,w2_1,819,5.633959,1.0,10,10,filtered_approx
qdrant,250000,2,w2_1,912,6.486625,1.0,10,10,filtered_approx
qdrant,250000,2,w2_1,392,7.078417,1.0,10,10,filtered_approx
qdrant,250000,2,w2_1,571,11.502333,1.0,10,10,filtered_approx
qdrant,250000,2,w2_1,578,9.556542,1.0,10,10,filtered_approx
qdrant,250000,2,w2_1,940,8.809375,1.0,10,10,filtered_approx
qdrant,250000,2,w2_1,589,6.04625,1.0,10,10,filtered_approx
qdrant,250000,2,w2_1,433,6.332667,1.0,10,10,filtered_approx
qdrant,250000,2,w2_1,258,6.811667,1.0,10,10,filtered_approx
qdrant,250000,2,w2_1,175,9.945916,1.0,10,10,filtered_approx
qdrant,250000,2,w2_1,257,9.5765,1.0,10,10,filtered_approx
qdrant,250000,2,w2_1,237,6.160333,1.0,10,10,filtered_approx
qdrant,250000,2,w2_1,285,6.168417,1.0,10,10,filtered_approx
qdrant,250000,2,w2_1,972,8.826792,1.0,10,10,filtered_approx
qdrant,250000,2,w2_1,158,7.2305,1.0,10,10,filtered_approx
qdrant,250000,2,w2_1,919,7.46825,1.0,10,10,filtered_approx
qdrant,250000,2,w2_1,657,6.823791,1.0,10,10,filtered_approx
qdrant,250000,2,w2_1,918,8.630792,1.0,10,10,filtered_approx
qdrant,250000,2,w2_1,313,7.297125,1.0,10,10,filtered_approx
qdrant,250000,2,w2_1,650,10.463458,1.0,10,10,filtered_approx
qdrant,250000,2,w2_1,803,7.479667,1.0,10,10,filtered_approx
qdrant,250000,2,w2_1,821,7.27325,1.0,10,10,filtered_approx
qdrant,250000,2,w2_1,452,6.854,1.0,10,10,filtered_approx
qdrant,250000,2,w2_1,684,7.742125,1.0,10,10,filtered_approx
qdrant,250000,2,w2_1,664,8.501125,1.0,10,10,filtered_approx
qdrant,250000,2,w2_1,642,12.772208,1.0,10,10,filtered_approx
qdrant,250000,2,w2_1,637,10.109459,1.0,10,10,filtered_approx
qdrant,250000,2,w2_1,790,13.68525,1.0,10,10,filtered_approx
qdrant,250000,2,w2_1,214,11.495083,1.0,10,10,filtered_approx
qdrant,250000,2,w2_1,787,12.571125,1.0,10,10,filtered_approx
qdrant,250000,2,w2_1,159,11.446625,1.0,10,10,filtered_approx
qdrant,250000,2,w2_1,110,13.098459,1.0,10,10,filtered_approx
qdrant,250000,2,w2_1,457,8.860583,1.0,10,10,filtered_approx
qdrant,250000,2,w2_1,500,10.023541,1.0,10,10,filtered_approx
qdrant,250000,2,w2_1,522,8.684667,1.0,10,10,filtered_approx
qdrant,250000,2,w2_1,314,8.1985,1.0,10,10,filtered_approx
qdrant,250000,2,w2_1,499,8.066458,1.0,10,10,filtered_approx
qdrant,250000,2,w2_1,813,7.897334,1.0,10,10,filtered_approx
qdrant,250000,2,w2_1,434,7.585209,1.0,10,10,filtered_approx
qdrant,250000,2,w2_1,663,8.975333,1.0,10,10,filtered_approx
qdrant,250000,2,w2_1,624,6.102375,1.0,10,10,filtered_approx
qdrant,250000,2,w2_1,907,5.489917,1.0,10,10,filtered_approx
qdrant,250000,2,w2_1,614,6.354916,1.0,10,10,filtered_approx
qdrant,250000,2,w2_1,213,6.141625,1.0,10,10,filtered_approx
qdrant,250000,2,w2_1,468,8.955667,1.0,10,10,filtered_approx
qdrant,250000,2,w2_1,347,7.347833,1.0,10,10,filtered_approx
qdrant,250000,2,w2_1,945,7.670042,1.0,10,10,filtered_approx
qdrant,250000,2,w2_1,962,7.667125,1.0,10,10,filtered_approx
qdrant,250000,2,w2_1,943,5.353208,1.0,10,10,filtered_approx
qdrant,250000,2,w2_1,721,9.142292,1.0,10,10,filtered_approx
qdrant,250000,2,w2_1,553,6.270959,1.0,10,10,filtered_approx
qdrant,250000,2,w2_1,570,6.599,1.0,10,10,filtered_approx
qdrant,250000,2,w2_1,264,7.517125,1.0,10,10,filtered_approx
qdrant,250000,2,w2_1,336,7.896667,1.0,10,10,filtered_approx
qdrant,250000,2,w2_1,189,5.33325,1.0,10,10,filtered_approx
qdrant,250000,2,w2_1,765,6.895666,1.0,10,10,filtered_approx
qdrant,250000,2,w2_1,897,9.4005,1.0,10,10,filtered_approx
qdrant,250000,2,w2_1,309,6.93075,1.0,10,10,filtered_approx
qdrant,250000,2,w2_1,482,6.542458,1.0,10,10,filtered_approx
qdrant,250000,2,w2_1,746,10.363667,1.0,10,10,filtered_approx
qdrant,250000,2,w2_1,555,6.2415,1.0,10,10,filtered_approx
qdrant,250000,2,w2_1,922,5.651792,1.0,10,10,filtered_approx
qdrant,250000,2,w2_1,800,6.291917,1.0,10,10,filtered_approx
qdrant,250000,2,w2_1,490,6.61,1.0,10,10,filtered_approx
qdrant,250000,2,w2_1,723,10.485834,1.0,10,10,filtered_approx
qdrant,250000,2,w2_1,231,6.869292,1.0,10,10,filtered_approx
qdrant,250000,2,w2_1,916,6.756875,1.0,10,10,filtered_approx
qdrant,250000,2,w2_1,873,6.731667,1.0,10,10,filtered_approx
qdrant,250000,2,w2_1,416,9.762958,1.0,10,10,filtered_approx
qdrant,250000,2,w2_1,815,7.169916,1.0,10,10,filtered_approx
qdrant,250000,2,w2_1,367,6.587125,1.0,10,10,filtered_approx
qdrant,250000,2,w2_1,670,7.404375,1.0,10,10,filtered_approx
qdrant,250000,2,w2_1,365,10.598,1.0,10,10,filtered_approx
qdrant,250000,2,w2_1,826,6.629375,1.0,10,10,filtered_approx
qdrant,250000,2,w2_1,615,6.289458,1.0,10,10,filtered_approx
qdrant,250000,2,w2_1,356,6.319459,1.0,10,10,filtered_approx
qdrant,250000,2,w2_1,850,6.186083,1.0,10,10,filtered_approx
qdrant,250000,2,w2_1,653,10.609708,1.0,10,10,filtered_approx
qdrant,250000,2,w2_1,152,6.572625,1.0,10,10,filtered_approx
qdrant,250000,2,w2_1,558,7.385584,1.0,10,10,filtered_approx
qdrant,250000,2,w2_1,628,6.8155,1.0,10,10,filtered_approx
qdrant,250000,2,w2_1,668,6.183125,1.0,10,10,filtered_approx
qdrant,250000,2,w2_1,994,6.833583,1.0,10,10,filtered_approx
qdrant,250000,2,w2_1,145,7.518875,1.0,10,10,filtered_approx
qdrant,250000,2,w2_1,939,12.646917,1.0,10,10,filtered_approx
qdrant,250000,2,w2_1,308,7.558708,1.0,10,10,filtered_approx
qdrant,250000,2,w2_1,870,9.292125,1.0,10,10,filtered_approx
qdrant,250000,2,w2_1,886,6.239417,1.0,10,10,filtered_approx
qdrant,250000,2,w2_1,403,5.51275,1.0,10,10,filtered_approx
qdrant,250000,2,w2_1,911,9.812791,1.0,10,10,filtered_approx
qdrant,250000,2,w2_1,106,6.949959,1.0,10,10,filtered_approx
qdrant,250000,2,w2_1,745,14.715875,1.0,10,10,filtered_approx
qdrant,250000,2,w2_1,155,8.653,1.0,10,10,filtered_approx
qdrant,250000,2,w2_1,807,7.97875,1.0,10,10,filtered_approx
qdrant,250000,2,w2_1,563,8.835792,1.0,10,10,filtered_approx
qdrant,250000,2,w2_1,111,6.212042,1.0,10,10,filtered_approx
qdrant,250000,2,w2_1,161,4.687958,1.0,10,10,filtered_approx
qdrant,250000,2,w2_1,132,7.095458,1.0,10,10,filtered_approx
qdrant,250000,2,w2_1,414,5.874958,1.0,10,10,filtered_approx
qdrant,250000,2,w2_1,719,7.542917,1.0,10,10,filtered_approx
qdrant,250000,2,w2_1,325,5.958917,1.0,10,10,filtered_approx
qdrant,250000,2,w2_1,492,9.5985,1.0,10,10,filtered_approx
qdrant,250000,2,w2_1,909,6.346167,1.0,10,10,filtered_approx
qdrant,250000,2,w2_1,153,6.188792,1.0,10,10,filtered_approx
qdrant,250000,2,w2_1,249,6.308291,1.0,10,10,filtered_approx
qdrant,250000,2,w2_1,872,10.25275,1.0,10,10,filtered_approx
qdrant,250000,2,w2_1,360,5.906583,1.0,10,10,filtered_approx
qdrant,250000,2,w2_1,121,9.460958,1.0,10,10,filtered_approx
qdrant,250000,2,w2_1,139,6.500625,1.0,10,10,filtered_approx
qdrant,250000,2,w2_1,357,8.242625,1.0,10,10,filtered_approx
qdrant,250000,2,w2_1,769,5.301334,1.0,10,10,filtered_approx
qdrant,250000,2,w2_1,472,4.941334,1.0,10,10,filtered_approx
qdrant,250000,2,w2_1,889,9.629916,1.0,10,10,filtered_approx
qdrant,250000,2,w2_1,697,7.004041,1.0,10,10,filtered_approx
qdrant,250000,2,w2_1,260,6.392833,1.0,10,10,filtered_approx
qdrant,250000,2,w2_1,871,5.772083,1.0,10,10,filtered_approx
qdrant,250000,2,w2_1,742,5.454917,1.0,10,10,filtered_approx
qdrant,250000,2,w2_1,289,10.996084,1.0,10,10,filtered_approx
qdrant,250000,2,w2_1,551,6.785916,1.0,10,10,filtered_approx
qdrant,250000,2,w2_1,459,6.314042,1.0,10,10,filtered_approx
qdrant,250000,2,w2_1,350,10.561875,1.0,10,10,filtered_approx
qdrant,250000,2,w2_1,142,9.995917,1.0,10,10,filtered_approx
qdrant,250000,2,w2_1,399,7.170416,1.0,10,10,filtered_approx
qdrant,250000,2,w2_1,374,6.327458,1.0,10,10,filtered_approx
qdrant,250000,2,w2_1,278,7.489916,1.0,10,10,filtered_approx
qdrant,250000,2,w2_1,140,10.138417,1.0,10,10,filtered_approx
qdrant,250000,2,w2_1,311,6.732834,1.0,10,10,filtered_approx
qdrant,250000,2,w2_1,926,7.082167,1.0,10,10,filtered_approx
qdrant,250000,2,w2_1,514,10.63375,1.0,10,10,filtered_approx
qdrant,250000,2,w2_1,685,8.33975,1.0,10,10,filtered_approx
qdrant,250000,2,w2_1,218,7.374875,1.0,10,10,filtered_approx
qdrant,250000,2,w2_1,485,10.929625,1.0,10,10,filtered_approx
qdrant,250000,2,w2_1,554,9.170709,1.0,10,10,filtered_approx
qdrant,250000,2,w2_1,634,8.896084,1.0,10,10,filtered_approx
qdrant,250000,2,w2_1,828,8.950125,1.0,10,10,filtered_approx
qdrant,250000,2,w2_1,890,6.731416,1.0,10,10,filtered_approx
qdrant,250000,2,w2_1,619,8.776084,1.0,10,10,filtered_approx
qdrant,250000,2,w2_1,736,8.908083,1.0,10,10,filtered_approx
qdrant,250000,2,w2_1,613,5.61625,1.0,10,10,filtered_approx
qdrant,250000,2,w2_1,295,6.764708,1.0,10,10,filtered_approx
qdrant,250000,2,w2_1,465,5.983667,1.0,10,10,filtered_approx
qdrant,250000,2,w2_1,429,6.475875,1.0,10,10,filtered_approx
qdrant,250000,2,w2_1,669,8.757583,1.0,10,10,filtered_approx
qdrant,250000,2,w2_1,259,6.646417,1.0,10,10,filtered_approx
qdrant,250000,2,w2_1,751,5.710166,1.0,10,10,filtered_approx
qdrant,250000,2,w2_1,345,7.1555,1.0,10,10,filtered_approx
qdrant,250000,2,w2_1,549,6.857625,1.0,10,10,filtered_approx
qdrant,250000,2,w2_1,572,6.192583,1.0,10,10,filtered_approx
qdrant,250000,2,w2_1,358,6.909084,1.0,10,10,filtered_approx
qdrant,250000,2,w2_1,971,10.748333,1.0,10,10,filtered_approx
qdrant,250000,2,w2_1,494,5.425416,1.0,10,10,filtered_approx
qdrant,250000,2,w2_1,582,11.245583,1.0,10,10,filtered_approx
qdrant,250000,2,w2_1,593,6.513708,1.0,10,10,filtered_approx
qdrant,250000,2,w2_1,377,6.430375,1.0,10,10,filtered_approx
qdrant,250000,2,w2_1,895,7.065292,1.0,10,10,filtered_approx
qdrant,250000,2,w2_1,631,6.280917,1.0,10,10,filtered_approx
qdrant,250000,2,w2_1,296,6.416,1.0,10,10,filtered_approx
qdrant,250000,2,w2_1,504,7.785,1.0,10,10,filtered_approx
qdrant,250000,2,w2_1,322,8.915,1.0,10,10,filtered_approx
qdrant,250000,2,w2_1,489,7.069792,1.0,10,10,filtered_approx
qdrant,250000,2,w2_1,822,8.348166,1.0,10,10,filtered_approx
qdrant,250000,2,w2_1,839,7.799417,1.0,10,10,filtered_approx
qdrant,250000,2,w2_1,975,6.748209,1.0,10,10,filtered_approx
qdrant,250000,2,w2_1,902,10.116416,1.0,10,10,filtered_approx
qdrant,250000,2,w2_1,903,6.499417,1.0,10,10,filtered_approx
qdrant,250000,2,w2_1,596,5.894375,1.0,10,10,filtered_approx
qdrant,250000,2,w2_1,300,5.649833,1.0,10,10,filtered_approx
qdrant,250000,2,w2_1,577,5.410125,1.0,10,10,filtered_approx
qdrant,250000,2,w2_1,622,5.113,1.0,10,10,filtered_approx
qdrant,250000,2,w2_1,290,13.057125,1.0,10,10,filtered_approx
qdrant,250000,2,w2_1,199,8.449416,1.0,10,10,filtered_approx
qdrant,250000,2,w2_1,785,9.341834,1.0,10,10,filtered_approx
qdrant,250000,2,w2_1,435,6.010084,1.0,10,10,filtered_approx
qdrant,250000,2,w2_1,979,8.453791,1.0,10,10,filtered_approx
qdrant,250000,2,w2_1,404,6.946875,1.0,10,10,filtered_approx
qdrant,250000,2,w2_1,394,5.627458,1.0,10,10,filtered_approx
qdrant,250000,2,w2_1,526,7.804167,1.0,10,10,filtered_approx
qdrant,250000,2,w2_1,495,10.0995,1.0,10,10,filtered_approx
qdrant,250000,2,w2_1,496,12.92525,1.0,10,10,filtered_approx
qdrant,250000,2,w2_1,222,8.307625,1.0,10,10,filtered_approx
qdrant,250000,2,w2_1,687,7.822584,1.0,10,10,filtered_approx
qdrant,250000,2,w2_1,138,9.819792,1.0,10,10,filtered_approx
qdrant,250000,2,w2_1,441,7.639667,1.0,10,10,filtered_approx
qdrant,250000,2,w2_1,443,8.56875,1.0,10,10,filtered_approx
qdrant,250000,2,w2_1,191,14.723334,1.0,10,10,filtered_approx
qdrant,250000,2,w2_1,173,9.731833,1.0,10,10,filtered_approx
qdrant,250000,2,w2_1,750,10.211,1.0,10,10,filtered_approx
qdrant,250000,2,w2_1,168,14.87825,1.0,10,10,filtered_approx
qdrant,250000,2,w2_1,780,10.368166,1.0,10,10,filtered_approx
qdrant,250000,2,w2_1,355,9.578667,1.0,10,10,filtered_approx
qdrant,250000,2,w2_1,611,8.273667,1.0,10,10,filtered_approx
qdrant,250000,2,w2_1,831,6.504292,1.0,10,10,filtered_approx
qdrant,250000,2,w2_1,143,6.421625,1.0,10,10,filtered_approx
qdrant,250000,2,w2_1,446,7.738667,1.0,10,10,filtered_approx
qdrant,250000,2,w2_1,209,6.391875,1.0,10,10,filtered_approx
qdrant,250000,2,w2_1,332,6.683375,1.0,10,10,filtered_approx
qdrant,250000,2,w2_1,523,6.013917,1.0,10,10,filtered_approx
qdrant,250000,2,w2_1,749,10.124458,1.0,10,10,filtered_approx
qdrant,250000,2,w2_1,299,6.132667,1.0,10,10,filtered_approx
qdrant,250000,2,w2_1,733,9.845416,1.0,10,10,filtered_approx
qdrant,250000,2,w2_1,665,8.388667,1.0,10,10,filtered_approx
qdrant,250000,2,w2_1,163,8.769583,1.0,10,10,filtered_approx
qdrant,250000,2,w2_1,552,8.512,1.0,10,10,filtered_approx
qdrant,250000,2,w2_1,252,5.637625,1.0,10,10,filtered_approx
qdrant,250000,2,w2_1,415,9.471125,1.0,10,10,filtered_approx
qdrant,250000,2,w2_1,328,5.9975,1.0,10,10,filtered_approx
qdrant,250000,2,w2_1,802,5.855542,1.0,10,10,filtered_approx
qdrant,250000,2,w2_1,673,5.918917,1.0,10,10,filtered_approx
qdrant,250000,2,w2_1,948,5.867792,1.0,10,10,filtered_approx
qdrant,250000,2,w2_1,794,5.902708,1.0,10,10,filtered_approx
qdrant,250000,2,w2_1,306,10.802791,1.0,10,10,filtered_approx
qdrant,250000,2,w2_1,691,7.960542,1.0,10,10,filtered_approx
qdrant,250000,2,w2_1,301,6.181292,1.0,10,10,filtered_approx
qdrant,250000,2,w2_1,672,5.071041,1.0,10,10,filtered_approx
qdrant,250000,2,w2_1,695,10.541875,1.0,10,10,filtered_approx
qdrant,250000,2,w2_1,320,7.049083,1.0,10,10,filtered_approx
qdrant,250000,2,w2_1,107,6.043583,1.0,10,10,filtered_approx
qdrant,250000,2,w2_1,333,6.397958,1.0,10,10,filtered_approx
qdrant,250000,2,w2_0_1,892,9.482167,1.0,10,10,filtered_approx
qdrant,250000,2,w2_0_1,518,8.102208,1.0,10,10,filtered_approx
qdrant,250000,2,w2_0_1,511,7.616167,1.0,10,10,filtered_approx
qdrant,250000,2,w2_0_1,162,6.930209,1.0,10,10,filtered_approx
qdrant,250000,2,w2_0_1,184,7.724708,1.0,10,10,filtered_approx
qdrant,250000,2,w2_0_1,638,6.503708,1.0,10,10,filtered_approx
qdrant,250000,2,w2_0_1,255,5.734167,1.0,10,10,filtered_approx
qdrant,250000,2,w2_0_1,369,5.961375,1.0,10,10,filtered_approx
qdrant,250000,2,w2_0_1,906,6.90675,1.0,10,10,filtered_approx
qdrant,250000,2,w2_0_1,341,6.243708,1.0,10,10,filtered_approx
qdrant,250000,2,w2_0_1,493,6.018958,1.0,10,10,filtered_approx
qdrant,250000,2,w2_0_1,890,12.859833,1.0,10,10,filtered_approx
qdrant,250000,2,w2_0_1,460,9.758917,1.0,10,10,filtered_approx
qdrant,250000,2,w2_0_1,647,9.129708,1.0,10,10,filtered_approx
qdrant,250000,2,w2_0_1,928,11.694958,1.0,10,10,filtered_approx
qdrant,250000,2,w2_0_1,248,7.437625,1.0,10,10,filtered_approx
qdrant,250000,2,w2_0_1,549,5.240542,1.0,10,10,filtered_approx
qdrant,250000,2,w2_0_1,318,6.750167,1.0,10,10,filtered_approx
qdrant,250000,2,w2_0_1,154,4.467375,1.0,10,10,filtered_approx
qdrant,250000,2,w2_0_1,869,7.591125,1.0,10,10,filtered_approx
qdrant,250000,2,w2_0_1,545,7.745334,1.0,10,10,filtered_approx
qdrant,250000,2,w2_0_1,123,4.783583,1.0,10,10,filtered_approx
qdrant,250000,2,w2_0_1,189,4.77875,1.0,10,10,filtered_approx
qdrant,250000,2,w2_0_1,671,5.617458,1.0,10,10,filtered_approx
qdrant,250000,2,w2_0_1,841,4.67875,1.0,10,10,filtered_approx
qdrant,250000,2,w2_0_1,152,7.247334,1.0,10,10,filtered_approx
qdrant,250000,2,w2_0_1,980,4.783375,1.0,10,10,filtered_approx
qdrant,250000,2,w2_0_1,731,4.320917,1.0,10,10,filtered_approx
qdrant,250000,2,w2_0_1,315,3.329541,1.0,10,10,filtered_approx
qdrant,250000,2,w2_0_1,438,3.848708,1.0,10,10,filtered_approx
qdrant,250000,2,w2_0_1,570,4.19575,1.0,10,10,filtered_approx
qdrant,250000,2,w2_0_1,223,4.1515,1.0,10,10,filtered_approx
qdrant,250000,2,w2_0_1,499,4.990875,1.0,10,10,filtered_approx
qdrant,250000,2,w2_0_1,558,8.484209,1.0,10,10,filtered_approx
qdrant,250000,2,w2_0_1,924,5.847166,1.0,10,10,filtered_approx
qdrant,250000,2,w2_0_1,472,6.398708,1.0,10,10,filtered_approx
qdrant,250000,2,w2_0_1,641,5.106167,1.0,10,10,filtered_approx
qdrant,250000,2,w2_0_1,655,4.993833,1.0,10,10,filtered_approx
qdrant,250000,2,w2_0_1,896,5.139708,1.0,10,10,filtered_approx
qdrant,250000,2,w2_0_1,589,8.269959,1.0,10,10,filtered_approx
qdrant,250000,2,w2_0_1,262,5.873,1.0,10,10,filtered_approx
qdrant,250000,2,w2_0_1,659,5.472208,1.0,10,10,filtered_approx
qdrant,250000,2,w2_0_1,685,5.857458,1.0,10,10,filtered_approx
qdrant,250000,2,w2_0_1,714,4.941125,1.0,10,10,filtered_approx
qdrant,250000,2,w2_0_1,876,5.282417,1.0,10,10,filtered_approx
qdrant,250000,2,w2_0_1,969,5.528417,1.0,10,10,filtered_approx
qdrant,250000,2,w2_0_1,346,4.671875,1.0,10,10,filtered_approx
qdrant,250000,2,w2_0_1,930,4.944833,1.0,10,10,filtered_approx
qdrant,250000,2,w2_0_1,859,7.353916,1.0,10,10,filtered_approx
qdrant,250000,2,w2_0_1,305,4.680708,1.0,10,10,filtered_approx
qdrant,250000,2,w2_0_1,199,7.891709,1.0,10,10,filtered_approx
qdrant,250000,2,w2_0_1,805,4.938834,1.0,10,10,filtered_approx
qdrant,250000,2,w2_0_1,221,3.842541,1.0,10,10,filtered_approx
qdrant,250000,2,w2_0_1,412,4.710666,1.0,10,10,filtered_approx
qdrant,250000,2,w2_0_1,360,4.494459,1.0,10,10,filtered_approx
qdrant,250000,2,w2_0_1,114,6.657458,1.0,10,10,filtered_approx
qdrant,250000,2,w2_0_1,485,7.364041,1.0,10,10,filtered_approx
qdrant,250000,2,w2_0_1,734,6.495458,1.0,10,10,filtered_approx
qdrant,250000,2,w2_0_1,541,6.327083,1.0,10,10,filtered_approx
qdrant,250000,2,w2_0_1,867,4.829583,1.0,10,10,filtered_approx
qdrant,250000,2,w2_0_1,783,4.383,1.0,10,10,filtered_approx
qdrant,250000,2,w2_0_1,203,4.976667,1.0,10,10,filtered_approx
qdrant,250000,2,w2_0_1,461,5.18375,1.0,10,10,filtered_approx
qdrant,250000,2,w2_0_1,618,6.82125,1.0,10,10,filtered_approx
qdrant,250000,2,w2_0_1,216,5.352375,1.0,10,10,filtered_approx
qdrant,250000,2,w2_0_1,414,5.353792,1.0,10,10,filtered_approx
qdrant,250000,2,w2_0_1,390,4.568166,1.0,10,10,filtered_approx
qdrant,250000,2,w2_0_1,423,4.431542,1.0,10,10,filtered_approx
qdrant,250000,2,w2_0_1,968,4.727875,1.0,10,10,filtered_approx
qdrant,250000,2,w2_0_1,452,3.901083,1.0,10,10,filtered_approx
qdrant,250000,2,w2_0_1,436,4.229375,1.0,10,10,filtered_approx
qdrant,250000,2,w2_0_1,190,4.056166,1.0,10,10,filtered_approx
qdrant,250000,2,w2_0_1,507,4.101167,1.0,10,10,filtered_approx
qdrant,250000,2,w2_0_1,800,4.174916,1.0,10,10,filtered_approx
qdrant,250000,2,w2_0_1,316,4.248125,1.0,10,10,filtered_approx
qdrant,250000,2,w2_0_1,778,4.593167,1.0,10,10,filtered_approx
qdrant,250000,2,w2_0_1,494,3.877417,1.0,10,10,filtered_approx
qdrant,250000,2,w2_0_1,796,3.204166,1.0,10,10,filtered_approx
qdrant,250000,2,w2_0_1,993,4.220083,1.0,10,10,filtered_approx
qdrant,250000,2,w2_0_1,486,4.442917,1.0,10,10,filtered_approx
qdrant,250000,2,w2_0_1,413,4.084291,1.0,10,10,filtered_approx
qdrant,250000,2,w2_0_1,241,4.300667,1.0,10,10,filtered_approx
qdrant,250000,2,w2_0_1,787,4.302083,1.0,10,10,filtered_approx
qdrant,250000,2,w2_0_1,880,4.39875,1.0,10,10,filtered_approx
qdrant,250000,2,w2_0_1,725,4.234416,1.0,10,10,filtered_approx
qdrant,250000,2,w2_0_1,853,3.720083,1.0,10,10,filtered_approx
qdrant,250000,2,w2_0_1,850,3.973292,1.0,10,10,filtered_approx
qdrant,250000,2,w2_0_1,504,4.269083,1.0,10,10,filtered_approx
qdrant,250000,2,w2_0_1,328,3.801375,1.0,10,10,filtered_approx
qdrant,250000,2,w2_0_1,576,3.281458,1.0,10,10,filtered_approx
qdrant,250000,2,w2_0_1,191,4.999167,1.0,10,10,filtered_approx
qdrant,250000,2,w2_0_1,470,4.35525,1.0,10,10,filtered_approx
qdrant,250000,2,w2_0_1,826,5.194917,1.0,10,10,filtered_approx
qdrant,250000,2,w2_0_1,931,4.869791,1.0,10,10,filtered_approx
qdrant,250000,2,w2_0_1,920,4.490375,1.0,10,10,filtered_approx
qdrant,250000,2,w2_0_1,926,7.346542,1.0,10,10,filtered_approx
qdrant,250000,2,w2_0_1,728,4.838459,1.0,10,10,filtered_approx
qdrant,250000,2,w2_0_1,870,5.284541,1.0,10,10,filtered_approx
qdrant,250000,2,w2_0_1,503,5.254958,1.0,10,10,filtered_approx
qdrant,250000,2,w2_0_1,211,4.690333,1.0,10,10,filtered_approx
qdrant,250000,2,w2_0_1,732,8.211417,1.0,10,10,filtered_approx
qdrant,250000,2,w2_0_1,512,4.209417,1.0,10,10,filtered_approx
qdrant,250000,2,w2_0_1,687,4.688167,1.0,10,10,filtered_approx
qdrant,250000,2,w2_0_1,137,3.45725,1.0,10,10,filtered_approx
qdrant,250000,2,w2_0_1,276,3.714666,1.0,10,10,filtered_approx
qdrant,250000,2,w2_0_1,304,4.535458,1.0,10,10,filtered_approx
qdrant,250000,2,w2_0_1,308,3.129959,1.0,10,10,filtered_approx
qdrant,250000,2,w2_0_1,565,5.33775,1.0,10,10,filtered_approx
qdrant,250000,2,w2_0_1,983,3.289625,1.0,10,10,filtered_approx
qdrant,250000,2,w2_0_1,277,3.791084,1.0,10,10,filtered_approx
qdrant,250000,2,w2_0_1,505,4.765625,1.0,10,10,filtered_approx
qdrant,250000,2,w2_0_1,606,3.66375,1.0,10,10,filtered_approx
qdrant,250000,2,w2_0_1,124,4.357667,1.0,10,10,filtered_approx
qdrant,250000,2,w2_0_1,403,5.0745,1.0,10,10,filtered_approx
qdrant,250000,2,w2_0_1,285,4.569292,1.0,10,10,filtered_approx
qdrant,250000,2,w2_0_1,546,4.263167,1.0,10,10,filtered_approx
qdrant,250000,2,w2_0_1,979,4.877417,1.0,10,10,filtered_approx
qdrant,250000,2,w2_0_1,989,5.127208,1.0,10,10,filtered_approx
qdrant,250000,2,w2_0_1,109,4.61125,1.0,10,10,filtered_approx
qdrant,250000,2,w2_0_1,560,5.039083,1.0,10,10,filtered_approx
qdrant,250000,2,w2_0_1,791,5.40975,1.0,10,10,filtered_approx
qdrant,250000,2,w2_0_1,443,4.617333,1.0,10,10,filtered_approx
qdrant,250000,2,w2_0_1,489,4.880417,1.0,10,10,filtered_approx
qdrant,250000,2,w2_0_1,544,5.239833,1.0,10,10,filtered_approx
qdrant,250000,2,w2_0_1,680,5.183167,1.0,10,10,filtered_approx
qdrant,250000,2,w2_0_1,387,6.629959,1.0,10,10,filtered_approx
qdrant,250000,2,w2_0_1,402,4.846875,1.0,10,10,filtered_approx
qdrant,250000,2,w2_0_1,257,4.570292,1.0,10,10,filtered_approx
qdrant,250000,2,w2_0_1,602,5.029333,1.0,10,10,filtered_approx
qdrant,250000,2,w2_0_1,409,4.28925,1.0,10,10,filtered_approx
qdrant,250000,2,w2_0_1,933,5.784959,1.0,10,10,filtered_approx
qdrant,250000,2,w2_0_1,158,4.49925,1.0,10,10,filtered_approx
qdrant,250000,2,w2_0_1,840,4.890667,1.0,10,10,filtered_approx
qdrant,250000,2,w2_0_1,338,4.358875,1.0,10,10,filtered_approx
qdrant,250000,2,w2_0_1,601,4.775541,1.0,10,10,filtered_approx
qdrant,250000,2,w2_0_1,525,4.460833,1.0,10,10,filtered_approx
qdrant,250000,2,w2_0_1,881,4.744083,1.0,10,10,filtered_approx
qdrant,250000,2,w2_0_1,471,4.681708,1.0,10,10,filtered_approx
qdrant,250000,2,w2_0_1,449,4.611209,1.0,10,10,filtered_approx
qdrant,250000,2,w2_0_1,609,5.937167,1.0,10,10,filtered_approx
qdrant,250000,2,w2_0_1,661,6.619083,1.0,10,10,filtered_approx
qdrant,250000,2,w2_0_1,738,5.973417,1.0,10,10,filtered_approx
qdrant,250000,2,w2_0_1,766,5.504917,1.0,10,10,filtered_approx
qdrant,250000,2,w2_0_1,563,5.369875,1.0,10,10,filtered_approx
qdrant,250000,2,w2_0_1,804,5.203417,1.0,10,10,filtered_approx
qdrant,250000,2,w2_0_1,681,5.326291,1.0,10,10,filtered_approx
qdrant,250000,2,w2_0_1,915,5.242875,1.0,10,10,filtered_approx
qdrant,250000,2,w2_0_1,976,4.800792,1.0,10,10,filtered_approx
qdrant,250000,2,w2_0_1,160,6.206875,1.0,10,10,filtered_approx
qdrant,250000,2,w2_0_1,998,7.636125,1.0,10,10,filtered_approx
qdrant,250000,2,w2_0_1,386,6.715583,1.0,10,10,filtered_approx
qdrant,250000,2,w2_0_1,348,6.25425,1.0,10,10,filtered_approx
qdrant,250000,2,w2_0_1,266,6.604042,1.0,10,10,filtered_approx
qdrant,250000,2,w2_0_1,320,6.6335,1.0,10,10,filtered_approx
qdrant,250000,2,w2_0_1,478,6.649167,1.0,10,10,filtered_approx
qdrant,250000,2,w2_0_1,286,7.800667,1.0,10,10,filtered_approx
qdrant,250000,2,w2_0_1,521,6.861333,1.0,10,10,filtered_approx
qdrant,250000,2,w2_0_1,966,6.984875,1.0,10,10,filtered_approx
qdrant,250000,2,w2_0_1,941,6.739417,1.0,10,10,filtered_approx
qdrant,250000,2,w2_0_1,492,6.2115,1.0,10,10,filtered_approx
qdrant,250000,2,w2_0_1,344,7.663292,1.0,10,10,filtered_approx
qdrant,250000,2,w2_0_1,368,7.503667,1.0,10,10,filtered_approx
qdrant,250000,2,w2_0_1,914,8.209583,1.0,10,10,filtered_approx
qdrant,250000,2,w2_0_1,917,8.318167,1.0,10,10,filtered_approx
qdrant,250000,2,w2_0_1,712,8.608625,1.0,10,10,filtered_approx
qdrant,250000,2,w2_0_1,809,7.912917,1.0,10,10,filtered_approx
qdrant,250000,2,w2_0_1,862,7.468167,1.0,10,10,filtered_approx
qdrant,250000,2,w2_0_1,650,8.08075,1.0,10,10,filtered_approx
qdrant,250000,2,w2_0_1,433,7.536083,1.0,10,10,filtered_approx
qdrant,250000,2,w2_0_1,991,7.428917,1.0,10,10,filtered_approx
qdrant,250000,2,w2_0_1,406,8.275334,1.0,10,10,filtered_approx
qdrant,250000,2,w2_0_1,807,6.634917,1.0,10,10,filtered_approx
qdrant,250000,2,w2_0_1,723,8.635292,1.0,10,10,filtered_approx
qdrant,250000,2,w2_0_1,959,8.812417,1.0,10,10,filtered_approx
qdrant,250000,2,w2_0_1,105,8.868292,1.0,10,10,filtered_approx
qdrant,250000,2,w2_0_1,961,9.157916,1.0,10,10,filtered_approx
qdrant,250000,2,w2_0_1,217,7.757917,1.0,10,10,filtered_approx
qdrant,250000,2,w2_0_1,432,6.390042,1.0,10,10,filtered_approx
qdrant,250000,2,w2_0_1,153,7.87875,1.0,10,10,filtered_approx
qdrant,250000,2,w2_0_1,847,6.357833,1.0,10,10,filtered_approx
qdrant,250000,2,w2_0_1,306,8.239542,1.0,10,10,filtered_approx
qdrant,250000,2,w2_0_1,755,8.237208,1.0,10,10,filtered_approx
qdrant,250000,2,w2_0_1,407,8.146625,1.0,10,10,filtered_approx
qdrant,250000,2,w2_0_1,366,7.011833,1.0,10,10,filtered_approx
qdrant,250000,2,w2_0_1,204,5.430375,1.0,10,10,filtered_approx
qdrant,250000,2,w2_0_1,762,4.556083,1.0,10,10,filtered_approx
qdrant,250000,2,w2_0_1,367,4.161167,1.0,10,10,filtered_approx
qdrant,250000,2,w2_0_1,947,4.638667,1.0,10,10,filtered_approx
qdrant,250000,2,w2_0_1,201,4.726375,1.0,10,10,filtered_approx
qdrant,250000,2,w2_0_1,372,4.882667,1.0,10,10,filtered_approx
qdrant,250000,2,w2_0_1,465,5.41675,1.0,10,10,filtered_approx
qdrant,250000,2,w2_0_1,721,5.117,1.0,10,10,filtered_approx
qdrant,250000,2,w2_0_1,428,4.522667,1.0,10,10,filtered_approx
qdrant,250000,2,w2_0_1,757,4.935042,1.0,10,10,filtered_approx
qdrant,250000,2,w2_0_1,636,4.709583,1.0,10,10,filtered_approx
qdrant,250000,2,w2_0_1,273,4.53225,1.0,10,10,filtered_approx
qdrant,250000,2,w2_0_1,595,5.51775,1.0,10,10,filtered_approx
qdrant,250000,2,w2_0_1,962,4.673959,1.0,10,10,filtered_approx
qdrant,250000,2,w2_0_1,679,4.984917,1.0,10,10,filtered_approx
qdrant,250000,2,w2_0_1,522,4.343292,1.0,10,10,filtered_approx
qdrant,250000,2,w2_0_1,381,5.423041,1.0,10,10,filtered_approx
qdrant,250000,2,w2_0_1,138,5.408833,1.0,10,10,filtered_approx
qdrant,250000,2,w2_0_1,946,4.919459,1.0,10,10,filtered_approx
qdrant,250000,2,w2_0_1,121,4.907375,1.0,10,10,filtered_approx
qdrant,250000,2,w2_0_1,583,4.794292,1.0,10,10,filtered_approx
qdrant,250000,2,w2_0_1,524,5.577958,1.0,10,10,filtered_approx
qdrant,250000,2,w2_0_1,852,5.9045,1.0,10,10,filtered_approx
qdrant,250000,2,w2_0_1,358,5.858291,1.0,10,10,filtered_approx
qdrant,250000,2,w2_0_1,918,5.13825,1.0,10,10,filtered_approx
qdrant,250000,2,w2_0_1,639,5.144541,1.0,10,10,filtered_approx
qdrant,250000,2,w2_0_1,586,4.901375,1.0,10,10,filtered_approx
qdrant,250000,2,w2_0_1,613,4.952667,1.0,10,10,filtered_approx
qdrant,250000,2,w2_0_1,894,5.1715,1.0,10,10,filtered_approx
qdrant,250000,2,w2_0_1,977,5.120458,1.0,10,10,filtered_approx
qdrant,250000,2,w2_0_1,496,5.63325,1.0,10,10,filtered_approx
qdrant,250000,2,w2_0_1,701,5.970208,1.0,10,10,filtered_approx
qdrant,250000,2,w2_0_1,415,4.741708,1.0,10,10,filtered_approx
qdrant,250000,2,w2_0_1,929,4.85675,1.0,10,10,filtered_approx
qdrant,250000,2,w2_0_1,715,5.028583,1.0,10,10,filtered_approx
qdrant,250000,2,w2_0_1,708,6.385875,1.0,10,10,filtered_approx
qdrant,250000,2,w2_0_1,821,6.737333,1.0,10,10,filtered_approx
qdrant,250000,2,w2_0_1,635,5.642334,1.0,10,10,filtered_approx
qdrant,250000,2,w2_0_1,209,4.939166,1.0,10,10,filtered_approx
qdrant,250000,2,w2_0_1,935,5.30875,1.0,10,10,filtered_approx
qdrant,250000,2,w2_0_1,831,5.271833,1.0,10,10,filtered_approx
qdrant,250000,2,w2_0_1,684,4.964,1.0,10,10,filtered_approx
qdrant,250000,2,w2_0_1,832,5.226125,1.0,10,10,filtered_approx
qdrant,250000,2,w2_0_1,466,4.868166,1.0,10,10,filtered_approx
qdrant,250000,2,w2_0_1,479,4.955834,1.0,10,10,filtered_approx
qdrant,250000,2,w2_0_1,739,4.951833,1.0,10,10,filtered_approx
qdrant,250000,2,w2_0_1,429,5.051958,1.0,10,10,filtered_approx
qdrant,250000,2,w2_0_1,574,4.889667,1.0,10,10,filtered_approx
qdrant,250000,2,w2_0_1,396,4.9765,1.0,10,10,filtered_approx
qdrant,250000,2,w2_0_1,654,5.243667,1.0,10,10,filtered_approx
qdrant,250000,2,w2_0_1,401,6.468083,1.0,10,10,filtered_approx
qdrant,250000,2,w2_0_1,171,4.691333,1.0,10,10,filtered_approx
qdrant,250000,2,w2_0_1,742,6.824083,1.0,10,10,filtered_approx
qdrant,250000,2,w2_0_1,288,8.572792,1.0,10,10,filtered_approx
qdrant,250000,2,w2_0_1,868,5.04425,1.0,10,10,filtered_approx
qdrant,250000,2,w2_0_1,176,6.227458,1.0,10,10,filtered_approx
qdrant,250000,2,w2_0_1,389,6.51025,1.0,10,10,filtered_approx
qdrant,250000,2,w2_0_1,202,9.66825,1.0,10,10,filtered_approx
qdrant,250000,2,w2_0_1,228,6.73125,1.0,10,10,filtered_approx
qdrant,250000,2,w2_0_1,643,6.70075,1.0,10,10,filtered_approx
qdrant,250000,2,w2_0_1,538,6.686042,1.0,10,10,filtered_approx
qdrant,250000,2,w2_0_1,801,12.41425,1.0,10,10,filtered_approx
qdrant,250000,2,w2_0_1,640,8.710417,1.0,10,10,filtered_approx
qdrant,250000,2,w2_0_1,765,7.664292,1.0,10,10,filtered_approx
qdrant,250000,2,w2_0_1,146,6.433292,1.0,10,10,filtered_approx
qdrant,250000,2,w2_0_1,272,6.9145,1.0,10,10,filtered_approx
qdrant,250000,2,w2_0_1,437,5.5435,1.0,10,10,filtered_approx
qdrant,250000,2,w2_0_1,310,7.846458,1.0,10,10,filtered_approx
qdrant,250000,2,w2_0_1,502,9.083292,1.0,10,10,filtered_approx
qdrant,250000,2,w2_0_1,326,6.847583,1.0,10,10,filtered_approx
qdrant,250000,2,w2_0_1,785,6.280958,1.0,10,10,filtered_approx
qdrant,250000,2,w2_0_1,726,7.177333,1.0,10,10,filtered_approx
qdrant,250000,2,w2_0_1,335,7.254584,1.0,10,10,filtered_approx
qdrant,250000,2,w2_0_1,879,9.88775,1.0,10,10,filtered_approx
qdrant,250000,2,w2_0_1,744,9.309333,1.0,10,10,filtered_approx
qdrant,250000,2,w2_0_1,388,8.65525,1.0,10,10,filtered_approx
qdrant,250000,2,w2_0_1,824,10.273875,1.0,10,10,filtered_approx
qdrant,250000,2,w2_0_1,675,10.755583,1.0,10,10,filtered_approx
qdrant,250000,2,w2_0_1,373,7.767209,1.0,10,10,filtered_approx
qdrant,250000,2,w2_0_1,416,7.553333,1.0,10,10,filtered_approx
qdrant,250000,2,w2_0_1,652,7.690584,1.0,10,10,filtered_approx
qdrant,250000,2,w2_0_1,106,9.230292,1.0,10,10,filtered_approx
qdrant,250000,2,w2_0_1,249,8.509459,1.0,10,10,filtered_approx
qdrant,250000,2,w2_0_1,185,8.177833,1.0,10,10,filtered_approx
qdrant,250000,2,w2_0_1,120,7.560959,1.0,10,10,filtered_approx
qdrant,250000,2,w2_0_1,960,6.48975,1.0,10,10,filtered_approx
qdrant,250000,2,w2_0_1,122,7.671583,1.0,10,10,filtered_approx
qdrant,250000,2,w2_0_1,745,8.176875,1.0,10,10,filtered_approx
qdrant,250000,2,w2_0_1,302,9.779584,1.0,10,10,filtered_approx
qdrant,250000,2,w2_0_1,274,9.050667,1.0,10,10,filtered_approx
qdrant,250000,2,w2_0_1,361,8.56125,1.0,10,10,filtered_approx
qdrant,250000,2,w2_0_1,117,6.737041,1.0,10,10,filtered_approx
qdrant,250000,2,w2_0_1,951,5.6375,1.0,10,10,filtered_approx
qdrant,250000,2,w2_0_1,112,5.3055,1.0,10,10,filtered_approx
qdrant,250000,2,w2_0_1,497,5.480792,1.0,10,10,filtered_approx
qdrant,250000,2,w2_0_1,884,5.524042,1.0,10,10,filtered_approx
qdrant,250000,2,w2_0_1,180,5.952917,1.0,10,10,filtered_approx
qdrant,250000,2,w2_0_1,812,6.031875,1.0,10,10,filtered_approx
qdrant,250000,2,w2_0_1,830,7.537958,1.0,10,10,filtered_approx
qdrant,250000,2,w2_0_1,311,5.141417,1.0,10,10,filtered_approx
qdrant,250000,2,w2_0_1,786,5.365334,1.0,10,10,filtered_approx
qdrant,250000,2,w2_0_1,487,5.376167,1.0,10,10,filtered_approx
qdrant,250000,2,w2_0_1,973,5.931958,1.0,10,10,filtered_approx
qdrant,250000,2,w2_0_1,351,5.685875,1.0,10,10,filtered_approx
qdrant,250000,2,w2_0_1,759,6.341125,1.0,10,10,filtered_approx
qdrant,250000,2,w2_0_1,844,5.747125,1.0,10,10,filtered_approx
qdrant,250000,2,w2_0_1,405,5.611334,1.0,10,10,filtered_approx
qdrant,250000,2,w2_0_1,206,5.577458,1.0,10,10,filtered_approx
qdrant,250000,2,w2_0_1,213,4.894875,1.0,10,10,filtered_approx
qdrant,250000,2,w2_0_1,873,5.225292,1.0,10,10,filtered_approx
qdrant,250000,2,w2_0_1,648,5.943042,1.0,10,10,filtered_approx
qdrant,250000,2,w2_0_1,794,6.009042,1.0,10,10,filtered_approx
qdrant,250000,2,w2_0_1,447,5.83975,1.0,10,10,filtered_approx
qdrant,250000,2,w2_0_1,116,5.700916,1.0,10,10,filtered_approx
qdrant,250000,2,w2_0_1,535,5.299791,1.0,10,10,filtered_approx
qdrant,250000,2,w2_0_1,411,5.158125,1.0,10,10,filtered_approx
qdrant,250000,2,w2_0_1,475,4.935959,1.0,10,10,filtered_approx
qdrant,250000,2,w2_0_1,458,4.89775,1.0,10,10,filtered_approx
qdrant,250000,2,w2_0_1,716,5.598,1.0,10,10,filtered_approx
qdrant,250000,2,w2_0_1,614,5.151541,1.0,10,10,filtered_approx
qdrant,250000,2,w2_0_1,674,5.191917,1.0,10,10,filtered_approx
qdrant,250000,2,w2_0_1,252,9.028125,1.0,10,10,filtered_approx
qdrant,250000,2,w2_0_1,179,6.909541,1.0,10,10,filtered_approx
qdrant,250000,2,w2_0_1,899,5.043083,1.0,10,10,filtered_approx
qdrant,250000,2,w2_0_1,938,4.859708,1.0,10,10,filtered_approx
qdrant,250000,2,w2_0_1,581,5.971042,1.0,10,10,filtered_approx
qdrant,250000,2,w2_0_1,971,6.394083,1.0,10,10,filtered_approx
qdrant,250000,2,w2_0_1,550,6.728208,1.0,10,10,filtered_approx
qdrant,250000,2,w2_0_1,656,6.78925,1.0,10,10,filtered_approx
qdrant,250000,2,w2_0_1,457,6.461333,1.0,10,10,filtered_approx
qdrant,250000,2,w2_0_1,519,11.693042,1.0,10,10,filtered_approx
qdrant,250000,2,w2_0_1,226,7.065125,1.0,10,10,filtered_approx
qdrant,250000,2,w2_0_1,169,12.33075,1.0,10,10,filtered_approx
qdrant,250000,2,w2_0_1,837,7.464666,1.0,10,10,filtered_approx
qdrant,250000,2,w2_0_1,111,5.773375,1.0,10,10,filtered_approx
qdrant,250000,2,w2_0_1,337,4.779416,1.0,10,10,filtered_approx
qdrant,250000,2,w2_0_1,727,6.160333,1.0,10,10,filtered_approx
qdrant,250000,2,w2_0_1,118,5.021125,1.0,10,10,filtered_approx
qdrant,250000,2,w2_0_1,653,5.466333,1.0,10,10,filtered_approx
qdrant,250000,2,w2_0_1,135,5.671125,1.0,10,10,filtered_approx
qdrant,250000,2,w2_0_1,495,5.493,1.0,10,10,filtered_approx
qdrant,250000,2,w2_0_1,724,4.953375,1.0,10,10,filtered_approx
qdrant,250000,2,w2_0_1,359,8.258791,1.0,10,10,filtered_approx
qdrant,250000,2,w2_0_1,779,5.394541,1.0,10,10,filtered_approx
qdrant,250000,2,w2_0_1,577,8.038584,1.0,10,10,filtered_approx
qdrant,250000,2,w2_0_1,256,5.497792,1.0,10,10,filtered_approx
qdrant,250000,2,w2_0_1,630,5.522125,1.0,10,10,filtered_approx
qdrant,250000,2,w2_0_1,132,9.602084,1.0,10,10,filtered_approx
qdrant,250000,2,w2_0_1,590,6.895042,1.0,10,10,filtered_approx
qdrant,250000,2,w2_0_1,174,6.468625,1.0,10,10,filtered_approx
qdrant,250000,2,w2_0_1,508,5.340208,1.0,10,10,filtered_approx
qdrant,250000,2,w2_0_1,572,5.786917,1.0,10,10,filtered_approx
qdrant,250000,2,w2_0_1,408,5.951709,1.0,10,10,filtered_approx
qdrant,250000,2,w2_0_1,663,7.249583,1.0,10,10,filtered_approx
qdrant,250000,2,w2_0_1,693,6.37,1.0,10,10,filtered_approx
qdrant,250000,2,w2_0_1,649,9.275125,1.0,10,10,filtered_approx
qdrant,250000,2,w2_0_1,446,8.28925,1.0,10,10,filtered_approx
qdrant,250000,2,w2_0_1,666,7.529416,1.0,10,10,filtered_approx
qdrant,250000,2,w2_0_1,803,7.626292,1.0,10,10,filtered_approx
qdrant,250000,2,w2_0_1,229,7.765667,1.0,10,10,filtered_approx
qdrant,250000,2,w2_0_1,562,9.329417,1.0,10,10,filtered_approx
qdrant,250000,2,w2_0_1,611,11.576541,1.0,10,10,filtered_approx
qdrant,250000,2,w2_0_1,754,8.3615,1.0,10,10,filtered_approx
qdrant,250000,2,w2_0_1,799,6.882834,1.0,10,10,filtered_approx
qdrant,250000,2,w2_0_1,540,10.011791,1.0,10,10,filtered_approx
qdrant,250000,2,w2_0_1,385,10.105334,1.0,10,10,filtered_approx
qdrant,250000,2,w2_0_1,275,9.867292,1.0,10,10,filtered_approx
qdrant,250000,2,w2_0_1,688,4.803709,1.0,10,10,filtered_approx
qdrant,250000,2,w2_0_1,539,3.863833,1.0,10,10,filtered_approx
qdrant,250000,2,w2_0_1,350,4.173083,1.0,10,10,filtered_approx
qdrant,250000,2,w2_0_1,897,3.782083,1.0,10,10,filtered_approx
qdrant,250000,2,w2_0_1,948,7.53225,1.0,10,10,filtered_approx
qdrant,250000,2,w2_0_1,212,7.174916,1.0,10,10,filtered_approx
qdrant,250000,2,w2_0_1,610,4.696125,1.0,10,10,filtered_approx
qdrant,250000,2,w2_0_1,645,3.80825,1.0,10,10,filtered_approx
qdrant,250000,2,w2_0_1,797,8.432542,1.0,10,10,filtered_approx
qdrant,250000,2,w2_0_1,419,4.856083,1.0,10,10,filtered_approx
qdrant,250000,2,w2_0_1,621,7.64775,1.0,10,10,filtered_approx
qdrant,250000,2,w2_0_1,988,4.385666,1.0,10,10,filtered_approx
qdrant,250000,2,w2_0_1,877,4.857083,1.0,10,10,filtered_approx
qdrant,250000,2,w2_0_1,756,4.82225,1.0,10,10,filtered_approx
qdrant,250000,2,w2_0_1,322,5.037709,1.0,10,10,filtered_approx
qdrant,250000,2,w2_0_1,214,5.048666,1.0,10,10,filtered_approx
qdrant,250000,2,w2_0_1,553,6.078041,1.0,10,10,filtered_approx
qdrant,250000,2,w2_0_1,163,5.339125,1.0,10,10,filtered_approx
qdrant,250000,2,w2_0_1,888,8.731375,1.0,10,10,filtered_approx
qdrant,250000,2,w2_0_1,806,7.206417,1.0,10,10,filtered_approx
qdrant,250000,2,w2_0_1,208,6.677125,1.0,10,10,filtered_approx
qdrant,250000,2,w2_0_1,678,7.249208,1.0,10,10,filtered_approx
qdrant,250000,2,w2_0_1,811,10.185084,1.0,10,10,filtered_approx
qdrant,250000,2,w2_0_1,925,8.506917,1.0,10,10,filtered_approx
qdrant,250000,2,w2_0_1,790,6.851833,1.0,10,10,filtered_approx
qdrant,250000,2,w2_0_1,175,6.50275,1.0,10,10,filtered_approx
qdrant,250000,2,w2_0_1,737,6.938,1.0,10,10,filtered_approx
qdrant,250000,2,w2_0_1,882,6.797667,1.0,10,10,filtered_approx
qdrant,250000,2,w2_0_1,157,7.158875,1.0,10,10,filtered_approx
qdrant,250000,2,w2_0_1,761,6.904125,1.0,10,10,filtered_approx
qdrant,250000,2,w2_0_1,901,5.570375,1.0,10,10,filtered_approx
qdrant,250000,2,w2_0_1,940,7.965042,1.0,10,10,filtered_approx
qdrant,250000,2,w2_0_1,921,7.662792,1.0,10,10,filtered_approx
qdrant,250000,2,w2_0_1,730,6.995625,1.0,10,10,filtered_approx
qdrant,250000,2,w2_0_1,100,6.733625,1.0,10,10,filtered_approx
qdrant,250000,2,w2_0_1,476,7.290167,1.0,10,10,filtered_approx
qdrant,250000,2,w2_0_1,828,9.492375,1.0,10,10,filtered_approx
qdrant,250000,2,w2_0_1,352,8.472042,1.0,10,10,filtered_approx
qdrant,250000,2,w2_0_1,982,7.459834,1.0,10,10,filtered_approx
qdrant,250000,2,w2_0_1,605,6.388167,1.0,10,10,filtered_approx
qdrant,250000,2,w2_0_1,768,4.489917,1.0,10,10,filtered_approx
qdrant,250000,2,w2_0_1,150,4.153833,1.0,10,10,filtered_approx
qdrant,250000,2,w2_0_1,261,4.469417,1.0,10,10,filtered_approx
qdrant,250000,2,w2_0_1,992,5.845458,1.0,10,10,filtered_approx
qdrant,250000,2,w2_0_1,834,6.711084,1.0,10,10,filtered_approx
qdrant,250000,2,w2_0_1,967,6.035042,1.0,10,10,filtered_approx
qdrant,250000,2,w2_0_1,269,4.898084,1.0,10,10,filtered_approx
qdrant,250000,2,w2_0_1,391,7.417459,1.0,10,10,filtered_approx
qdrant,250000,2,w2_0_1,349,5.789292,1.0,10,10,filtered_approx
qdrant,250000,2,w2_0_1,239,7.469916,1.0,10,10,filtered_approx
qdrant,250000,2,w2_0_1,626,4.946042,1.0,10,10,filtered_approx
qdrant,250000,2,w2_0_1,773,8.10375,1.0,10,10,filtered_approx
qdrant,250000,2,w2_0_1,950,10.587875,1.0,10,10,filtered_approx
qdrant,250000,2,w2_0_1,909,5.499125,1.0,10,10,filtered_approx
qdrant,250000,2,w2_0_1,143,5.05425,1.0,10,10,filtered_approx
qdrant,250000,2,w2_0_1,258,4.353791,1.0,10,10,filtered_approx
qdrant,250000,2,w2_0_1,131,6.753834,1.0,10,10,filtered_approx
qdrant,250000,2,w2_0_1,235,6.328292,1.0,10,10,filtered_approx
qdrant,250000,2,w2_0_1,698,5.915708,1.0,10,10,filtered_approx
qdrant,250000,2,w2_0_1,141,11.35625,1.0,10,10,filtered_approx
qdrant,250000,2,w2_0_1,283,8.669417,1.0,10,10,filtered_approx
qdrant,250000,2,w2_0_1,528,7.327041,1.0,10,10,filtered_approx
qdrant,250000,2,w2_0_1,573,7.103875,1.0,10,10,filtered_approx
qdrant,250000,2,w2_0_1,555,7.851833,1.0,10,10,filtered_approx
qdrant,250000,2,w2_0_1,970,9.623833,1.0,10,10,filtered_approx
qdrant,250000,2,w2_0_1,173,8.550917,1.0,10,10,filtered_approx
qdrant,250000,2,w2_0_1,284,5.833083,1.0,10,10,filtered_approx
qdrant,250000,2,w2_0_1,987,9.0785,1.0,10,10,filtered_approx
qdrant,250000,2,w2_0_1,127,5.906958,1.0,10,10,filtered_approx
qdrant,250000,2,w2_0_1,658,5.310583,1.0,10,10,filtered_approx
qdrant,250000,2,w2_0_1,784,5.249334,1.0,10,10,filtered_approx
qdrant,250000,2,w2_0_1,426,5.029834,1.0,10,10,filtered_approx
qdrant,250000,2,w2_0_1,253,4.908708,1.0,10,10,filtered_approx
qdrant,250000,2,w2_0_1,910,6.911834,1.0,10,10,filtered_approx
qdrant,250000,2,w2_0_1,246,8.1615,1.0,10,10,filtered_approx
qdrant,250000,2,w2_0_1,139,8.312916,1.0,10,10,filtered_approx
qdrant,250000,2,w2_0_1,282,5.596291,1.0,10,10,filtered_approx
qdrant,250000,2,w2_0_1,776,4.928417,1.0,10,10,filtered_approx
qdrant,250000,2,w2_0_1,676,6.519709,1.0,10,10,filtered_approx
qdrant,250000,2,w2_0_1,533,8.322041,1.0,10,10,filtered_approx
qdrant,250000,2,w2_0_1,722,7.522375,1.0,10,10,filtered_approx
qdrant,250000,2,w2_0_1,902,7.039708,1.0,10,10,filtered_approx
qdrant,250000,2,w2_0_1,905,7.004625,1.0,10,10,filtered_approx
qdrant,250000,2,w2_0_1,997,5.995042,1.0,10,10,filtered_approx
qdrant,250000,2,w2_0_1,696,7.299541,1.0,10,10,filtered_approx
qdrant,250000,2,w2_0_1,484,11.462916,1.0,10,10,filtered_approx
qdrant,250000,2,w2_0_1,232,7.990917,1.0,10,10,filtered_approx
qdrant,250000,2,w2_0_1,299,7.890167,1.0,10,10,filtered_approx
qdrant,250000,2,w2_0_1,750,8.0205,1.0,10,10,filtered_approx
qdrant,250000,2,w2_0_1,462,14.359417,1.0,10,10,filtered_approx
qdrant,250000,2,w2_0_1,469,9.583958,1.0,10,10,filtered_approx
qdrant,250000,2,w2_0_1,376,9.754166,1.0,10,10,filtered_approx
qdrant,250000,2,w2_0_1,677,9.799667,1.0,10,10,filtered_approx
qdrant,250000,2,w2_0_1,817,8.946083,1.0,10,10,filtered_approx
qdrant,250000,2,w2_0_1,473,8.094167,1.0,10,10,filtered_approx
qdrant,250000,2,w2_0_1,774,7.679042,1.0,10,10,filtered_approx
qdrant,250000,2,w2_0_1,615,7.994125,1.0,10,10,filtered_approx
qdrant,250000,2,w2_0_1,532,7.913542,1.0,10,10,filtered_approx
qdrant,250000,2,w2_0_1,672,8.152083,1.0,10,10,filtered_approx
qdrant,250000,2,w2_0_1,224,8.845708,1.0,10,10,filtered_approx
qdrant,250000,2,w2_0_1,294,9.179875,1.0,10,10,filtered_approx
qdrant,250000,2,w2_0_1,279,7.826916,1.0,10,10,filtered_approx
qdrant,250000,2,w2_0_1,534,8.502542,1.0,10,10,filtered_approx
qdrant,250000,2,w2_0_1,291,9.036708,1.0,10,10,filtered_approx
qdrant,250000,2,w2_0_1,777,8.513375,1.0,10,10,filtered_approx
qdrant,250000,2,w2_0_1,903,8.952792,1.0,10,10,filtered_approx
qdrant,250000,2,w2_0_1,477,8.489625,1.0,10,10,filtered_approx
qdrant,250000,2,w2_0_1,242,7.536584,1.0,10,10,filtered_approx
qdrant,250000,2,w2_0_1,735,6.594792,1.0,10,10,filtered_approx
qdrant,250000,2,w2_0_1,808,8.401583,1.0,10,10,filtered_approx
qdrant,250000,2,w2_0_1,113,9.217541,1.0,10,10,filtered_approx
qdrant,250000,2,w2_0_1,662,10.848625,1.0,10,10,filtered_approx
qdrant,250000,2,w2_0_1,733,7.915958,1.0,10,10,filtered_approx
qdrant,250000,2,w2_0_1,943,5.799792,1.0,10,10,filtered_approx
qdrant,250000,2,w2_0_1,908,5.23575,1.0,10,10,filtered_approx
qdrant,250000,2,w2_0_1,579,6.130917,1.0,10,10,filtered_approx
qdrant,250000,2,w2_0_1,965,6.695083,1.0,10,10,filtered_approx
qdrant,250000,2,w2_0_1,633,7.371459,1.0,10,10,filtered_approx
qdrant,250000,2,w2_0_1,612,5.239292,1.0,10,10,filtered_approx
qdrant,250000,2,w2_0_1,240,6.934208,1.0,10,10,filtered_approx
qdrant,250000,2,w2_0_1,703,5.277667,1.0,10,10,filtered_approx
qdrant,250000,2,w2_0_1,370,4.659375,1.0,10,10,filtered_approx
qdrant,250000,2,w2_0_1,705,5.002292,1.0,10,10,filtered_approx
qdrant,250000,2,w2_0_1,225,4.320792,1.0,10,10,filtered_approx
qdrant,250000,2,w2_0_1,668,4.986834,1.0,10,10,filtered_approx
qdrant,250000,2,w2_0_1,552,5.313875,1.0,10,10,filtered_approx
qdrant,250000,2,w2_0_1,398,5.138125,1.0,10,10,filtered_approx
qdrant,250000,2,w2_0_1,393,5.1245,1.0,10,10,filtered_approx
qdrant,250000,2,w2_0_1,193,6.593709,1.0,10,10,filtered_approx
qdrant,250000,2,w2_0_1,673,5.103083,1.0,10,10,filtered_approx
qdrant,250000,2,w2_0_1,782,4.47975,1.0,10,10,filtered_approx
qdrant,250000,2,w2_0_1,944,5.91525,1.0,10,10,filtered_approx
qdrant,250000,2,w2_0_1,343,7.200875,1.0,10,10,filtered_approx
qdrant,250000,2,w2_0_1,378,5.313041,1.0,10,10,filtered_approx
qdrant,250000,2,w2_0_1,670,12.800125,1.0,10,10,filtered_approx
qdrant,250000,2,w2_0_1,523,5.684166,1.0,10,10,filtered_approx
qdrant,250000,2,w2_0_1,748,5.798833,1.0,10,10,filtered_approx
qdrant,250000,2,w2_0_1,129,6.14575,1.0,10,10,filtered_approx
qdrant,250000,2,w2_0_1,957,4.346625,1.0,10,10,filtered_approx
qdrant,250000,2,w2_0_1,775,5.075375,1.0,10,10,filtered_approx
qdrant,250000,2,w2_0_1,287,5.276958,1.0,10,10,filtered_approx
qdrant,250000,2,w2_0_1,604,4.856292,1.0,10,10,filtered_approx
qdrant,250000,2,w2_0_1,183,5.839084,1.0,10,10,filtered_approx
qdrant,250000,2,w2_0_1,514,5.939208,1.0,10,10,filtered_approx
qdrant,250000,2,w2_0_1,999,6.056334,1.0,10,10,filtered_approx
qdrant,250000,2,w2_0_1,849,6.255,1.0,10,10,filtered_approx
qdrant,250000,2,w2_0_1,177,12.492709,1.0,10,10,filtered_approx
qdrant,250000,2,w2_0_1,219,5.108959,1.0,10,10,filtered_approx
qdrant,250000,2,w2_0_1,501,5.776,1.0,10,10,filtered_approx
qdrant,250000,2,w2_0_1,872,8.1985,1.0,10,10,filtered_approx
qdrant,250000,2,w2_0_1,434,7.063042,1.0,10,10,filtered_approx
qdrant,250000,2,w2_0_1,932,8.31125,1.0,10,10,filtered_approx
qdrant,250000,2,w2_0_1,594,6.805333,1.0,10,10,filtered_approx
qdrant,250000,2,w2_0_1,912,5.136792,1.0,10,10,filtered_approx
qdrant,250000,2,w2_0_1,548,9.641666,1.0,10,10,filtered_approx
qdrant,250000,2,w2_0_1,664,7.335792,1.0,10,10,filtered_approx
qdrant,250000,2,w2_0_1,818,7.9315,1.0,10,10,filtered_approx
qdrant,250000,2,w2_0_1,559,9.527,1.0,10,10,filtered_approx
qdrant,250000,2,w2_0_1,542,11.4595,1.0,10,10,filtered_approx
qdrant,250000,2,w2_0_1,682,7.955375,1.0,10,10,filtered_approx
qdrant,250000,2,w2_0_1,347,6.82125,1.0,10,10,filtered_approx
qdrant,250000,2,w2_0_1,891,5.734042,1.0,10,10,filtered_approx
qdrant,250000,2,w2_0_1,218,4.975834,1.0,10,10,filtered_approx
qdrant,250000,2,w2_0_1,510,5.970834,1.0,10,10,filtered_approx
qdrant,250000,2,w2_0_1,424,5.948792,1.0,10,10,filtered_approx
qdrant,250000,2,w2_0_1,270,7.718791,1.0,10,10,filtered_approx
qdrant,250000,2,w2_0_1,955,5.745542,1.0,10,10,filtered_approx
qdrant,250000,2,w2_0_1,981,7.831,1.0,10,10,filtered_approx
qdrant,250000,2,w2_0_1,307,5.464334,1.0,10,10,filtered_approx
qdrant,250000,2,w2_0_1,198,4.37125,1.0,10,10,filtered_approx
qdrant,250000,2,w2_0_1,836,5.246875,1.0,10,10,filtered_approx
qdrant,250000,2,w2_0_1,547,5.798542,1.0,10,10,filtered_approx
qdrant,250000,2,w2_0_1,332,11.413833,1.0,10,10,filtered_approx
qdrant,250000,2,w2_0_1,243,8.695334,1.0,10,10,filtered_approx
qdrant,250000,2,w2_0_1,220,9.49325,1.0,10,10,filtered_approx
qdrant,250000,2,w2_0_1,336,7.123625,1.0,10,10,filtered_approx
qdrant,250000,2,w2_0_1,490,8.376334,1.0,10,10,filtered_approx
qdrant,250000,2,w2_0_1,128,8.233584,1.0,10,10,filtered_approx
qdrant,250000,2,w2_0_1,564,7.110917,1.0,10,10,filtered_approx
qdrant,250000,2,w2_0_1,718,9.795958,1.0,10,10,filtered_approx
qdrant,250000,2,w2_0_1,585,14.352125,1.0,10,10,filtered_approx
qdrant,250000,2,w2_0_1,990,8.414959,1.0,10,10,filtered_approx
qdrant,250000,2,w2_0_1,789,7.036792,1.0,10,10,filtered_approx
qdrant,250000,2,w2_0_1,271,9.974791,1.0,10,10,filtered_approx
qdrant,250000,2,w2_0_1,686,10.150708,1.0,10,10,filtered_approx
qdrant,250000,2,w2_0_1,942,12.841708,1.0,10,10,filtered_approx
qdrant,250000,2,w2_0_1,866,9.425834,1.0,10,10,filtered_approx
qdrant,250000,2,w2_0_1,889,10.218917,1.0,10,10,filtered_approx
qdrant,250000,2,w2_0_1,222,9.25875,1.0,10,10,filtered_approx
qdrant,250000,2,w2_0_1,823,9.1815,1.0,10,10,filtered_approx
qdrant,250000,2,w2_0_1,710,8.402959,1.0,10,10,filtered_approx
qdrant,250000,2,w2_0_1,567,8.63,1.0,10,10,filtered_approx
qdrant,250000,2,w2_0_1,625,8.341125,1.0,10,10,filtered_approx
qdrant,250000,2,w2_0_1,900,10.340958,1.0,10,10,filtered_approx
qdrant,250000,2,w2_0_1,843,10.928125,1.0,10,10,filtered_approx
qdrant,250000,2,w2_0_1,617,5.759125,1.0,10,10,filtered_approx
qdrant,250000,2,w2_0_1,975,5.135459,1.0,10,10,filtered_approx
qdrant,250000,2,w2_0_1,237,6.440458,1.0,10,10,filtered_approx
qdrant,250000,2,w2_0_1,321,7.029916,1.0,10,10,filtered_approx
qdrant,250000,2,w2_0_1,846,5.672292,1.0,10,10,filtered_approx
qdrant,250000,2,w2_0_1,793,7.970416,1.0,10,10,filtered_approx
qdrant,250000,2,w2_0_1,556,5.381709,1.0,10,10,filtered_approx
qdrant,250000,2,w2_0_1,651,8.210292,1.0,10,10,filtered_approx
qdrant,250000,2,w2_0_1,631,5.462416,1.0,10,10,filtered_approx
qdrant,250000,2,w2_0_1,575,4.251875,1.0,10,10,filtered_approx
qdrant,250000,2,w2_0_1,345,4.956167,1.0,10,10,filtered_approx
qdrant,250000,2,w2_0_1,506,5.160291,1.0,10,10,filtered_approx
qdrant,250000,2,w2_0_1,281,6.786417,1.0,10,10,filtered_approx
qdrant,250000,2,w2_0_1,632,7.194375,1.0,10,10,filtered_approx
qdrant,250000,2,w2_0_1,593,8.22025,1.0,10,10,filtered_approx
qdrant,250000,2,w2_0_1,667,11.992042,1.0,10,10,filtered_approx
qdrant,250000,2,w2_0_1,149,6.964875,1.0,10,10,filtered_approx
qdrant,250000,2,w2_0_1,330,7.367167,1.0,10,10,filtered_approx
qdrant,250000,2,w2_0_1,646,12.470375,1.0,10,10,filtered_approx
qdrant,250000,2,w2_0_1,599,8.357708,1.0,10,10,filtered_approx
qdrant,250000,2,w2_0_1,760,9.761875,1.0,10,10,filtered_approx
qdrant,250000,2,w2_0_1,422,8.865583,1.0,10,10,filtered_approx
qdrant,250000,2,w2_0_1,814,7.534875,1.0,10,10,filtered_approx
qdrant,250000,2,w2_0_1,192,7.728334,1.0,10,10,filtered_approx
qdrant,250000,2,w2_0_1,513,7.207875,1.0,10,10,filtered_approx
qdrant,250000,2,w2_0_1,819,7.358417,1.0,10,10,filtered_approx
qdrant,250000,2,w2_0_1,871,8.680375,1.0,10,10,filtered_approx
qdrant,250000,2,w2_0_1,772,11.306875,1.0,10,10,filtered_approx
qdrant,250000,2,w2_0_1,690,7.722958,1.0,10,10,filtered_approx
qdrant,250000,2,w2_0_1,290,5.62875,1.0,10,10,filtered_approx
qdrant,250000,2,w2_0_1,263,4.981083,1.0,10,10,filtered_approx
qdrant,250000,2,w2_0_1,300,8.332083,1.0,10,10,filtered_approx
qdrant,250000,2,w2_0_1,247,5.817542,1.0,10,10,filtered_approx
qdrant,250000,2,w2_0_1,858,5.780917,1.0,10,10,filtered_approx
qdrant,250000,2,w2_0_1,166,4.788292,1.0,10,10,filtered_approx
qdrant,250000,2,w2_0_1,500,6.654708,1.0,10,10,filtered_approx
qdrant,250000,2,w2_0_1,904,6.902167,1.0,10,10,filtered_approx
qdrant,250000,2,w2_0_1,780,4.769417,1.0,10,10,filtered_approx
qdrant,250000,2,w2_0_1,334,5.497208,1.0,10,10,filtered_approx
qdrant,250000,2,w2_0_1,140,4.713958,1.0,10,10,filtered_approx
qdrant,250000,2,w2_0_1,995,3.945708,1.0,10,10,filtered_approx
qdrant,250000,2,w2_0_1,245,5.180542,1.0,10,10,filtered_approx
qdrant,250000,2,w2_0_1,692,4.68625,1.0,10,10,filtered_approx
qdrant,250000,2,w2_0_1,168,8.991083,1.0,10,10,filtered_approx
qdrant,250000,2,w2_0_1,293,5.203792,1.0,10,10,filtered_approx
qdrant,250000,2,w2_0_1,187,6.73675,1.0,10,10,filtered_approx
qdrant,250000,2,w2_0_1,781,5.88225,1.0,10,10,filtered_approx
qdrant,250000,2,w2_0_1,292,4.719292,1.0,10,10,filtered_approx
qdrant,250000,2,w2_0_1,483,5.589584,1.0,10,10,filtered_approx
qdrant,250000,2,w2_0_1,854,4.202375,1.0,10,10,filtered_approx
qdrant,250000,2,w2_0_1,333,5.046041,1.0,10,10,filtered_approx
qdrant,250000,2,w2_0_1,956,4.275,1.0,10,10,filtered_approx
qdrant,250000,2,w2_0_1,893,5.181417,1.0,10,10,filtered_approx
qdrant,250000,2,w2_0_1,454,5.629708,1.0,10,10,filtered_approx
qdrant,250000,2,w2_0_1,319,9.925584,1.0,10,10,filtered_approx
qdrant,250000,2,w2_0_1,916,6.898583,1.0,10,10,filtered_approx
qdrant,250000,2,w2_0_1,363,9.601584,1.0,10,10,filtered_approx
qdrant,250000,2,w2_0_1,669,7.31075,1.0,10,10,filtered_approx
qdrant,250000,2,w2_0_1,958,7.10625,1.0,10,10,filtered_approx
qdrant,250000,2,w2_0_1,251,6.508958,1.0,10,10,filtered_approx
qdrant,250000,2,w2_0_1,295,4.322542,1.0,10,10,filtered_approx
qdrant,250000,2,w2_0_1,974,4.098167,1.0,10,10,filtered_approx
qdrant,250000,2,w2_0_1,839,6.7165,1.0,10,10,filtered_approx
qdrant,250000,2,w2_0_1,155,5.335375,1.0,10,10,filtered_approx
qdrant,250000,2,w2_0_1,456,5.061083,1.0,10,10,filtered_approx
qdrant,250000,2,w2_0_1,895,5.61925,1.0,10,10,filtered_approx
qdrant,250000,2,w2_0_1,103,8.712125,1.0,10,10,filtered_approx
qdrant,250000,2,w2_0_1,597,5.175084,1.0,10,10,filtered_approx
qdrant,250000,2,w2_0_1,195,4.614333,1.0,10,10,filtered_approx
qdrant,250000,2,w2_0_1,551,7.0765,1.0,10,10,filtered_approx
qdrant,250000,2,w2_0_1,627,4.864125,1.0,10,10,filtered_approx
qdrant,250000,2,w2_0_1,771,5.044334,1.0,10,10,filtered_approx
qdrant,250000,2,w2_0_1,816,5.234084,1.0,10,10,filtered_approx
qdrant,250000,2,w2_0_1,936,5.067125,1.0,10,10,filtered_approx
qdrant,250000,2,w2_0_1,442,5.9705,1.0,10,10,filtered_approx
qdrant,250000,2,w2_0_1,861,4.993333,1.0,10,10,filtered_approx
qdrant,250000,2,w2_0_1,596,6.331,1.0,10,10,filtered_approx
qdrant,250000,2,w2_0_1,296,5.180083,1.0,10,10,filtered_approx
qdrant,250000,2,w2_0_1,364,4.528666,1.0,10,10,filtered_approx
qdrant,250000,2,w2_0_1,125,4.88625,1.0,10,10,filtered_approx
qdrant,250000,2,w2_0_1,711,4.345417,1.0,10,10,filtered_approx
qdrant,250000,2,w2_0_1,313,7.215208,1.0,10,10,filtered_approx
qdrant,250000,2,w2_0_1,231,4.905417,1.0,10,10,filtered_approx
qdrant,250000,2,w2_0_1,194,5.143,1.0,10,10,filtered_approx
qdrant,250000,2,w2_0_1,706,8.526416,1.0,10,10,filtered_approx
qdrant,250000,2,w2_0_1,450,5.598958,1.0,10,10,filtered_approx
qdrant,250000,2,w2_0_1,624,9.219417,1.0,10,10,filtered_approx
qdrant,250000,2,w2_0_1,439,6.960791,1.0,10,10,filtered_approx
qdrant,250000,2,w2_0_1,314,6.914708,1.0,10,10,filtered_approx
qdrant,250000,2,w2_0_1,587,6.68375,1.0,10,10,filtered_approx
qdrant,250000,2,w2_0_1,842,6.989792,1.0,10,10,filtered_approx
qdrant,250000,2,w2_0_1,104,7.054583,1.0,10,10,filtered_approx
qdrant,250000,2,w2_0_1,810,7.438666,1.0,10,10,filtered_approx
qdrant,250000,2,w2_0_1,683,5.969709,1.0,10,10,filtered_approx
qdrant,250000,2,w2_0_1,167,11.21425,1.0,10,10,filtered_approx
qdrant,250000,2,w2_0_1,815,6.402458,1.0,10,10,filtered_approx
qdrant,250000,2,w2_0_1,697,6.672291,1.0,10,10,filtered_approx
qdrant,250000,2,w2_0_1,425,5.686625,1.0,10,10,filtered_approx
qdrant,250000,2,w2_0_1,798,7.662125,1.0,10,10,filtered_approx
qdrant,250000,2,w2_0_1,835,4.769958,1.0,10,10,filtered_approx
qdrant,250000,2,w2_0_1,952,3.714875,1.0,10,10,filtered_approx
qdrant,250000,2,w2_0_1,377,8.15125,1.0,10,10,filtered_approx
qdrant,250000,2,w2_0_1,384,5.010375,1.0,10,10,filtered_approx
qdrant,250000,2,w2_0_1,719,4.58425,1.0,10,10,filtered_approx
qdrant,250000,2,w2_0_1,622,6.605375,1.0,10,10,filtered_approx
qdrant,250000,2,w2_0_1,230,7.61475,1.0,10,10,filtered_approx
qdrant,250000,2,w2_0_1,887,5.595458,1.0,10,10,filtered_approx
qdrant,250000,2,w2_0_1,468,6.8985,1.0,10,10,filtered_approx
qdrant,250000,2,w2_0_1,463,5.207333,1.0,10,10,filtered_approx
qdrant,250000,2,w2_0_1,919,8.825375,1.0,10,10,filtered_approx
qdrant,250000,2,w2_0_1,753,5.767416,1.0,10,10,filtered_approx
qdrant,250000,2,w2_0_1,529,5.008125,1.0,10,10,filtered_approx
qdrant,250000,2,w2_0_1,170,5.453167,1.0,10,10,filtered_approx
qdrant,250000,2,w2_0_1,327,6.694,1.0,10,10,filtered_approx
qdrant,250000,2,w2_0_1,864,4.26325,1.0,10,10,filtered_approx
qdrant,250000,2,w2_0_1,874,4.114584,1.0,10,10,filtered_approx
qdrant,250000,2,w2_0_1,151,4.792208,1.0,10,10,filtered_approx
qdrant,250000,2,w2_0_1,126,5.073583,1.0,10,10,filtered_approx
qdrant,250000,2,w2_0_1,637,7.240375,1.0,10,10,filtered_approx
qdrant,250000,2,w2_0_1,689,5.494209,1.0,10,10,filtered_approx
qdrant,250000,2,w2_0_1,395,5.565958,1.0,10,10,filtered_approx
qdrant,250000,2,w2_0_1,394,6.676042,1.0,10,10,filtered_approx
qdrant,250000,2,w2_0_1,440,6.01075,1.0,10,10,filtered_approx
qdrant,250000,2,w2_0_1,845,6.372542,1.0,10,10,filtered_approx
qdrant,250000,2,w2_0_1,331,6.153875,1.0,10,10,filtered_approx
qdrant,250000,2,w2_0_1,591,6.430042,1.0,10,10,filtered_approx
qdrant,250000,2,w2_0_1,196,6.911834,1.0,10,10,filtered_approx
qdrant,250000,2,w2_0_1,788,4.731875,1.0,10,10,filtered_approx
qdrant,250000,2,w2_0_1,329,4.738416,1.0,10,10,filtered_approx
qdrant,250000,2,w2_0_1,713,4.617875,1.0,10,10,filtered_approx
qdrant,250000,2,w2_0_1,181,5.220959,1.0,10,10,filtered_approx
qdrant,250000,2,w2_0_1,365,5.143667,1.0,10,10,filtered_approx
qdrant,250000,2,w2_0_1,623,5.578583,1.0,10,10,filtered_approx
qdrant,250000,2,w2_0_1,600,4.909417,1.0,10,10,filtered_approx
qdrant,250000,2,w2_0_1,353,5.462209,1.0,10,10,filtered_approx
qdrant,250000,2,w2_0_1,205,4.461417,1.0,10,10,filtered_approx
qdrant,250000,2,w2_0_1,584,4.59275,1.0,10,10,filtered_approx
qdrant,250000,2,w2_0_1,749,4.565666,1.0,10,10,filtered_approx
qdrant,250000,2,w2_0_1,267,4.945041,1.0,10,10,filtered_approx
qdrant,250000,2,w2_0_1,464,4.356167,1.0,10,10,filtered_approx
qdrant,250000,2,w2_0_1,324,4.120375,1.0,10,10,filtered_approx
qdrant,250000,2,w2_0_1,922,4.136917,1.0,10,10,filtered_approx
qdrant,250000,2,w2_0_1,421,4.804208,1.0,10,10,filtered_approx
qdrant,250000,2,w2_0_1,695,4.280208,1.0,10,10,filtered_approx
qdrant,250000,2,w2_0_1,444,3.9945,1.0,10,10,filtered_approx
qdrant,250000,2,w2_0_1,480,4.064375,1.0,10,10,filtered_approx
qdrant,250000,2,w2_0_1,927,4.212875,1.0,10,10,filtered_approx
qdrant,250000,2,w2_0_1,829,4.620541,1.0,10,10,filtered_approx
qdrant,250000,2,w2_0_1,996,4.743958,1.0,10,10,filtered_approx
qdrant,250000,2,w2_0_1,371,5.078417,1.0,10,10,filtered_approx
qdrant,250000,2,w2_0_1,325,4.782833,1.0,10,10,filtered_approx
qdrant,250000,2,w2_0_1,188,5.217916,1.0,10,10,filtered_approx
qdrant,250000,2,w2_0_1,130,5.005542,1.0,10,10,filtered_approx
qdrant,250000,2,w2_0_1,142,4.572875,1.0,10,10,filtered_approx
qdrant,250000,2,w2_0_1,312,3.382375,1.0,10,10,filtered_approx
qdrant,250000,2,w2_0_1,945,4.894292,1.0,10,10,filtered_approx
qdrant,250000,2,w2_0_1,244,5.003875,1.0,10,10,filtered_approx
qdrant,250000,2,w2_0_1,878,4.963958,1.0,10,10,filtered_approx
qdrant,250000,2,w2_0_1,145,4.188375,1.0,10,10,filtered_approx
qdrant,250000,2,w2_0_1,746,4.651583,1.0,10,10,filtered_approx
qdrant,250000,2,w2_0_1,467,4.721292,1.0,10,10,filtered_approx
qdrant,250000,2,w2_0_1,939,4.712625,1.0,10,10,filtered_approx
qdrant,250000,2,w2_0_1,699,4.518542,1.0,10,10,filtered_approx
qdrant,250000,2,w2_0_1,382,5.219833,1.0,10,10,filtered_approx
qdrant,250000,2,w2_0_1,260,5.401458,1.0,10,10,filtered_approx
qdrant,250000,2,w2_0_1,660,5.29275,1.0,10,10,filtered_approx
qdrant,250000,2,w2_0_1,374,5.197541,1.0,10,10,filtered_approx
qdrant,250000,2,w2_0_1,913,4.651959,1.0,10,10,filtered_approx
qdrant,250000,2,w2_0_1,259,4.703708,1.0,10,10,filtered_approx
qdrant,250000,2,w2_0_1,430,5.055667,1.0,10,10,filtered_approx
qdrant,250000,2,w2_0_1,833,4.509708,1.0,10,10,filtered_approx
qdrant,250000,2,w2_0_1,147,4.738958,1.0,10,10,filtered_approx
qdrant,250000,2,w2_0_1,537,4.761583,1.0,10,10,filtered_approx
qdrant,250000,2,w2_0_1,427,4.699375,1.0,10,10,filtered_approx
qdrant,250000,2,w2_0_1,431,4.887292,1.0,10,10,filtered_approx
qdrant,250000,2,w2_0_1,280,4.377958,1.0,10,10,filtered_approx
qdrant,250000,2,w2_0_1,736,4.73775,1.0,10,10,filtered_approx
qdrant,250000,2,w2_0_1,822,4.528167,1.0,10,10,filtered_approx
qdrant,250000,2,w2_0_1,578,4.843333,1.0,10,10,filtered_approx
qdrant,250000,2,w2_0_1,383,5.1545,1.0,10,10,filtered_approx
qdrant,250000,2,w2_0_1,144,4.779916,1.0,10,10,filtered_approx
qdrant,250000,2,w2_0_1,937,4.634583,1.0,10,10,filtered_approx
qdrant,250000,2,w2_0_1,536,4.622541,1.0,10,10,filtered_approx
qdrant,250000,2,w2_0_1,515,4.98825,1.0,10,10,filtered_approx
qdrant,250000,2,w2_0_1,665,4.394375,1.0,10,10,filtered_approx
qdrant,250000,2,w2_0_1,355,4.202791,1.0,10,10,filtered_approx
qdrant,250000,2,w2_0_1,455,4.558917,1.0,10,10,filtered_approx
qdrant,250000,2,w2_0_1,207,5.571916,1.0,10,10,filtered_approx
qdrant,250000,2,w2_0_1,838,3.606041,1.0,10,10,filtered_approx
qdrant,250000,2,w2_0_1,769,5.734,1.0,10,10,filtered_approx
qdrant,250000,2,w2_0_1,186,3.770917,1.0,10,10,filtered_approx
qdrant,250000,2,w2_0_1,964,5.142667,1.0,10,10,filtered_approx
qdrant,250000,2,w2_0_1,642,5.156209,1.0,10,10,filtered_approx
qdrant,250000,2,w2_0_1,592,5.065416,1.0,10,10,filtered_approx
qdrant,250000,2,w2_0_1,399,6.220333,1.0,10,10,filtered_approx
qdrant,250000,2,w2_0_1,136,5.446917,1.0,10,10,filtered_approx
qdrant,250000,2,w2_0_1,119,4.814458,1.0,10,10,filtered_approx
qdrant,250000,2,w2_0_1,254,4.984,1.0,10,10,filtered_approx
qdrant,250000,2,w2_0_1,886,5.237875,1.0,10,10,filtered_approx
qdrant,250000,2,w2_0_1,200,4.880083,1.0,10,10,filtered_approx
qdrant,250000,2,w2_0_1,984,4.803917,1.0,10,10,filtered_approx
qdrant,250000,2,w2_0_1,526,4.6185,1.0,10,10,filtered_approx
qdrant,250000,2,w2_0_1,227,4.51875,1.0,10,10,filtered_approx
qdrant,250000,2,w2_0_1,410,4.97225,1.0,10,10,filtered_approx
qdrant,250000,2,w2_0_1,110,5.029959,1.0,10,10,filtered_approx
qdrant,250000,2,w2_0_1,392,5.432917,1.0,10,10,filtered_approx
qdrant,250000,2,w2_0_1,603,5.557917,1.0,10,10,filtered_approx
qdrant,250000,2,w2_0_1,907,5.76125,1.0,10,10,filtered_approx
qdrant,250000,2,w2_0_1,580,6.1295,1.0,10,10,filtered_approx
qdrant,250000,2,w2_0_1,250,5.360833,1.0,10,10,filtered_approx
qdrant,250000,2,w2_0_1,691,4.816666,1.0,10,10,filtered_approx
qdrant,250000,2,w2_0_1,923,5.602417,1.0,10,10,filtered_approx
qdrant,250000,2,w2_0_1,743,5.108583,1.0,10,10,filtered_approx
qdrant,250000,2,w2_0_1,238,5.750375,1.0,10,10,filtered_approx
qdrant,250000,2,w2_0_1,115,7.122959,1.0,10,10,filtered_approx
qdrant,250000,2,w2_0_1,380,6.856625,1.0,10,10,filtered_approx
qdrant,250000,2,w2_0_1,323,6.367542,1.0,10,10,filtered_approx
qdrant,250000,2,w2_0_1,301,5.768792,1.0,10,10,filtered_approx
qdrant,250000,2,w2_0_1,356,7.285125,1.0,10,10,filtered_approx
qdrant,250000,2,w2_0_1,620,6.478459,1.0,10,10,filtered_approx
qdrant,250000,2,w2_0_1,561,7.199708,1.0,10,10,filtered_approx
qdrant,250000,2,w2_0_1,934,7.189583,1.0,10,10,filtered_approx
qdrant,250000,2,w2_0_1,210,7.675375,1.0,10,10,filtered_approx
qdrant,250000,2,w2_0_1,700,6.774833,1.0,10,10,filtered_approx
qdrant,250000,2,w2_0_1,963,7.548459,1.0,10,10,filtered_approx
qdrant,250000,2,w2_0_1,451,7.694625,1.0,10,10,filtered_approx
qdrant,250000,2,w2_0_1,582,7.312166,1.0,10,10,filtered_approx
qdrant,250000,2,w2_0_1,764,4.983625,1.0,10,10,filtered_approx
qdrant,250000,2,w2_0_1,234,4.427292,1.0,10,10,filtered_approx
qdrant,250000,2,w2_0_1,265,5.299375,1.0,10,10,filtered_approx
qdrant,250000,2,w2_0_1,644,5.159458,1.0,10,10,filtered_approx
qdrant,250000,2,w2_0_1,441,5.184834,1.0,10,10,filtered_approx
qdrant,250000,2,w2_0_1,488,5.8035,1.0,10,10,filtered_approx
qdrant,250000,2,w2_0_1,720,5.175042,1.0,10,10,filtered_approx
qdrant,250000,2,w2_0_1,598,6.368458,1.0,10,10,filtered_approx
qdrant,250000,2,w2_0_1,885,5.734333,1.0,10,10,filtered_approx
qdrant,250000,2,w2_0_1,634,5.821542,1.0,10,10,filtered_approx
qdrant,250000,2,w2_0_1,588,5.807875,1.0,10,10,filtered_approx
qdrant,250000,2,w2_0_1,530,5.08,1.0,10,10,filtered_approx
qdrant,250000,2,w2_0_1,298,5.505292,1.0,10,10,filtered_approx
qdrant,250000,2,w2_0_1,557,6.2455,1.0,10,10,filtered_approx
qdrant,250000,2,w2_0_1,362,6.612916,1.0,10,10,filtered_approx
qdrant,250000,2,w2_0_1,569,6.129459,1.0,10,10,filtered_approx
qdrant,250000,2,w2_0_1,704,5.42,1.0,10,10,filtered_approx
qdrant,250000,2,w2_0_1,985,5.340416,1.0,10,10,filtered_approx
qdrant,250000,2,w2_0_1,420,4.696375,1.0,10,10,filtered_approx
qdrant,250000,2,w2_0_1,108,4.527542,1.0,10,10,filtered_approx
qdrant,250000,2,w2_0_1,608,5.209,1.0,10,10,filtered_approx
qdrant,250000,2,w2_0_1,863,4.836667,1.0,10,10,filtered_approx
qdrant,250000,2,w2_0_1,857,3.916,1.0,10,10,filtered_approx
qdrant,250000,2,w2_0_1,133,5.856416,1.0,10,10,filtered_approx
qdrant,250000,2,w2_0_1,453,6.146833,1.0,10,10,filtered_approx
qdrant,250000,2,w2_0_1,264,5.28075,1.0,10,10,filtered_approx
qdrant,250000,2,w2_0_1,297,6.461459,1.0,10,10,filtered_approx
qdrant,250000,2,w2_0_1,445,4.911333,1.0,10,10,filtered_approx
qdrant,250000,2,w2_0_1,448,6.061084,1.0,10,10,filtered_approx
qdrant,250000,2,w2_0_1,517,5.827208,1.0,10,10,filtered_approx
qdrant,250000,2,w2_0_1,741,8.375583,1.0,10,10,filtered_approx
qdrant,250000,2,w2_0_1,134,21.543958,1.0,10,10,filtered_approx
qdrant,250000,2,w2_0_1,491,7.875584,1.0,10,10,filtered_approx
qdrant,250000,2,w2_0_1,898,12.776292,1.0,10,10,filtered_approx
qdrant,250000,2,w2_0_1,172,8.930833,1.0,10,10,filtered_approx
qdrant,250000,2,w2_0_1,303,8.148583,1.0,10,10,filtered_approx
qdrant,250000,2,w2_0_1,339,30.22125,1.0,10,10,filtered_approx
qdrant,250000,2,w2_0_1,289,9.152083,1.0,10,10,filtered_approx
qdrant,250000,2,w2_0_1,856,9.357541,1.0,10,10,filtered_approx
qdrant,250000,2,w2_0_1,986,8.411459,1.0,10,10,filtered_approx
qdrant,250000,2,w2_0_1,340,8.747541,1.0,10,10,filtered_approx
qdrant,250000,2,w2_0_1,629,7.786417,1.0,10,10,filtered_approx
qdrant,250000,2,w2_0_1,827,7.487375,1.0,10,10,filtered_approx
qdrant,250000,2,w2_0_1,379,8.691042,1.0,10,10,filtered_approx
qdrant,250000,2,w2_0_1,164,8.139209,1.0,10,10,filtered_approx
qdrant,250000,2,w2_0_1,156,7.482625,1.0,10,10,filtered_approx
qdrant,250000,2,w2_0_1,729,7.712166,1.0,10,10,filtered_approx
qdrant,250000,2,w2_0_1,758,7.453125,1.0,10,10,filtered_approx
qdrant,250000,2,w2_0_1,481,8.119791,1.0,10,10,filtered_approx
qdrant,250000,2,w2_0_1,418,8.241584,1.0,10,10,filtered_approx
qdrant,250000,2,w2_0_1,953,9.121958,1.0,10,10,filtered_approx
qdrant,250000,2,w2_0_1,527,8.377292,1.0,10,10,filtered_approx
qdrant,250000,2,w2_0_1,994,11.879833,1.0,10,10,filtered_approx
qdrant,250000,2,w2_0_1,509,9.13575,1.0,10,10,filtered_approx
qdrant,250000,2,w2_0_1,747,4.606334,1.0,10,10,filtered_approx
qdrant,250000,2,w2_0_1,165,4.570541,1.0,10,10,filtered_approx
qdrant,250000,2,w2_0_1,404,4.307,1.0,10,10,filtered_approx
qdrant,250000,2,w2_0_1,317,4.612834,1.0,10,10,filtered_approx
qdrant,250000,2,w2_0_1,197,4.597041,1.0,10,10,filtered_approx
qdrant,250000,2,w2_0_1,182,5.032792,1.0,10,10,filtered_approx
qdrant,250000,2,w2_0_1,607,4.581542,1.0,10,10,filtered_approx
qdrant,250000,2,w2_0_1,566,4.727125,1.0,10,10,filtered_approx
qdrant,250000,2,w2_0_1,354,4.393583,1.0,10,10,filtered_approx
qdrant,250000,2,w2_0_1,309,4.486125,1.0,10,10,filtered_approx
qdrant,250000,2,w2_0_1,865,5.06175,1.0,10,10,filtered_approx
qdrant,250000,2,w2_0_1,400,5.06125,1.0,10,10,filtered_approx
qdrant,250000,2,w2_0_1,820,5.574875,1.0,10,10,filtered_approx
qdrant,250000,2,w2_0_1,875,4.8025,1.0,10,10,filtered_approx
qdrant,250000,2,w2_0_1,342,6.067292,1.0,10,10,filtered_approx
qdrant,250000,2,w2_0_1,763,6.166083,1.0,10,10,filtered_approx
qdrant,250000,2,w2_0_1,978,5.806167,1.0,10,10,filtered_approx
qdrant,250000,2,w2_0_1,268,6.462625,1.0,10,10,filtered_approx
qdrant,250000,2,w2_0_1,795,9.309375,1.0,10,10,filtered_approx
qdrant,250000,2,w2_0_1,397,9.058333,1.0,10,10,filtered_approx
qdrant,250000,2,w2_0_1,357,6.571458,1.0,10,10,filtered_approx
qdrant,250000,2,w2_0_1,543,6.291542,1.0,10,10,filtered_approx
qdrant,250000,2,w2_0_1,855,4.597792,1.0,10,10,filtered_approx
qdrant,250000,2,w2_0_1,825,10.721708,1.0,10,10,filtered_approx
qdrant,250000,2,w2_0_1,707,7.273583,1.0,10,10,filtered_approx
qdrant,250000,2,w2_0_1,740,6.735958,1.0,10,10,filtered_approx
qdrant,250000,2,w2_0_1,520,6.963084,1.0,10,10,filtered_approx
qdrant,250000,2,w2_0_1,459,9.801083,1.0,10,10,filtered_approx
qdrant,250000,2,w2_0_1,792,8.084375,1.0,10,10,filtered_approx
qdrant,250000,2,w2_0_1,215,8.07525,1.0,10,10,filtered_approx
qdrant,250000,2,w2_0_1,568,7.721917,1.0,10,10,filtered_approx
qdrant,250000,2,w2_0_1,516,7.381042,1.0,10,10,filtered_approx
qdrant,250000,2,w2_0_1,752,7.693667,1.0,10,10,filtered_approx
qdrant,250000,2,w2_0_1,657,7.263,1.0,10,10,filtered_approx
qdrant,250000,2,w2_0_1,848,6.175083,1.0,10,10,filtered_approx
qdrant,250000,2,w2_0_1,233,5.616208,1.0,10,10,filtered_approx
qdrant,250000,2,w2_0_1,236,6.335708,1.0,10,10,filtered_approx
qdrant,250000,2,w2_0_1,435,6.776,1.0,10,10,filtered_approx
qdrant,250000,2,w2_0_1,802,5.990041,1.0,10,10,filtered_approx
qdrant,250000,2,w2_0_1,911,9.377667,1.0,10,10,filtered_approx
qdrant,250000,2,w2_0_1,619,7.475459,1.0,10,10,filtered_approx
qdrant,250000,2,w2_0_1,860,5.345209,1.0,10,10,filtered_approx
qdrant,250000,2,w2_0_1,717,4.426334,1.0,10,10,filtered_approx
qdrant,250000,2,w2_0_1,148,5.617292,1.0,10,10,filtered_approx
qdrant,250000,2,w2_0_1,417,5.81425,1.0,10,10,filtered_approx
qdrant,250000,2,w2_0_1,498,6.294791,1.0,10,10,filtered_approx
qdrant,250000,2,w2_0_1,161,7.154292,1.0,10,10,filtered_approx
qdrant,250000,2,w2_0_1,694,5.643792,1.0,10,10,filtered_approx
qdrant,250000,2,w2_0_1,709,6.101875,1.0,10,10,filtered_approx
qdrant,250000,2,w2_0_1,102,5.935583,1.0,10,10,filtered_approx
qdrant,250000,2,w2_0_1,751,6.221292,1.0,10,10,filtered_approx
qdrant,250000,2,w2_0_1,616,6.740375,1.0,10,10,filtered_approx
qdrant,250000,2,w2_0_1,571,6.237,1.0,10,10,filtered_approx
qdrant,250000,2,w2_0_1,159,5.146417,1.0,10,10,filtered_approx
qdrant,250000,2,w2_0_1,949,5.411208,1.0,10,10,filtered_approx
qdrant,250000,2,w2_0_1,278,5.287,1.0,10,10,filtered_approx
qdrant,250000,2,w2_0_1,767,5.163708,1.0,10,10,filtered_approx
qdrant,250000,2,w2_0_1,702,4.526625,1.0,10,10,filtered_approx
qdrant,250000,2,w2_0_1,375,6.128875,1.0,10,10,filtered_approx
qdrant,250000,2,w2_0_1,851,6.108625,1.0,10,10,filtered_approx
qdrant,250000,2,w2_0_1,531,5.86675,1.0,10,10,filtered_approx
qdrant,250000,2,w2_0_1,628,6.101708,1.0,10,10,filtered_approx
qdrant,250000,2,w2_0_1,107,6.25025,1.0,10,10,filtered_approx
qdrant,250000,2,w2_0_1,474,7.638333,1.0,10,10,filtered_approx
qdrant,250000,2,w2_0_1,770,7.183792,1.0,10,10,filtered_approx
qdrant,250000,2,w2_0_1,954,7.045958,1.0,10,10,filtered_approx
qdrant,250000,2,w2_0_1,482,5.764084,1.0,10,10,filtered_approx
qdrant,250000,2,w2_0_1,813,4.821833,1.0,10,10,filtered_approx
qdrant,250000,2,w2_0_1,101,5.108375,1.0,10,10,filtered_approx
qdrant,250000,2,w2_0_1,972,5.157584,1.0,10,10,filtered_approx
qdrant,250000,2,w2_0_1,883,5.137875,1.0,10,10,filtered_approx
qdrant,250000,2,w2_0_1,178,6.23975,1.0,10,10,filtered_approx
qdrant,250000,2,w2_0_1,554,5.02625,1.0,10,10,filtered_approx
qdrant,250000,2,w3,422,13.7,0.9,10,10,filtered_approx
qdrant,250000,2,w3,920,8.578333,0.9,10,10,filtered_approx
qdrant,250000,2,w3,829,8.615417,1.0,10,10,filtered_approx
qdrant,250000,2,w3,797,8.044459,0.9,10,10,filtered_approx
qdrant,250000,2,w3,483,8.370042,1.0,10,10,filtered_approx
qdrant,250000,2,w3,966,7.419917,0.8,10,10,filtered_approx
qdrant,250000,2,w3,651,10.019625,1.0,10,10,filtered_approx
qdrant,250000,2,w3,855,9.122792,1.0,10,10,filtered_approx
qdrant,250000,2,w3,324,8.87225,0.8,10,10,filtered_approx
qdrant,250000,2,w3,805,10.099292,0.9,10,10,filtered_approx
qdrant,250000,2,w3,309,12.722042,1.0,10,10,filtered_approx
qdrant,250000,2,w3,672,8.879709,1.0,10,10,filtered_approx
qdrant,250000,2,w3,563,8.464834,1.0,10,10,filtered_approx
qdrant,250000,2,w3,285,11.549542,1.0,10,10,filtered_approx
qdrant,250000,2,w3,615,8.915916,1.0,10,10,filtered_approx
qdrant,250000,2,w3,490,8.926125,1.0,10,10,filtered_approx
qdrant,250000,2,w3,375,11.739084,1.0,10,10,filtered_approx
qdrant,250000,2,w3,276,8.507667,0.9,10,10,filtered_approx
qdrant,250000,2,w3,996,8.086833,1.0,10,10,filtered_approx
qdrant,250000,2,w3,748,8.202,0.9,10,10,filtered_approx
qdrant,250000,2,w3,626,7.988625,1.0,10,10,filtered_approx
qdrant,250000,2,w3,175,9.079333,0.9,10,10,filtered_approx
qdrant,250000,2,w3,167,8.277667,1.0,10,10,filtered_approx
qdrant,250000,2,w3,878,8.666916,1.0,10,10,filtered_approx
qdrant,250000,2,w3,457,7.915417,1.0,10,10,filtered_approx
qdrant,250000,2,w3,398,8.101208,1.0,10,10,filtered_approx
qdrant,250000,2,w3,418,8.12525,0.9,10,10,filtered_approx
qdrant,250000,2,w3,844,11.466834,0.9,10,10,filtered_approx
qdrant,250000,2,w3,478,8.776708,1.0,10,10,filtered_approx
qdrant,250000,2,w3,995,10.101291,1.0,10,10,filtered_approx
qdrant,250000,2,w3,319,9.370417,1.0,10,10,filtered_approx
qdrant,250000,2,w3,937,8.081208,1.0,10,10,filtered_approx
qdrant,250000,2,w3,136,9.522334,1.0,10,10,filtered_approx
qdrant,250000,2,w3,125,8.58225,1.0,10,10,filtered_approx
qdrant,250000,2,w3,336,8.528584,1.0,10,10,filtered_approx
qdrant,250000,2,w3,248,8.635416,1.0,10,10,filtered_approx
qdrant,250000,2,w3,918,8.77775,1.0,10,10,filtered_approx
qdrant,250000,2,w3,310,8.497709,0.9,10,10,filtered_approx
qdrant,250000,2,w3,541,11.032542,0.9,10,10,filtered_approx
qdrant,250000,2,w3,525,12.486542,0.7,10,10,filtered_approx
qdrant,250000,2,w3,212,8.476416,1.0,10,10,filtered_approx
qdrant,250000,2,w3,732,8.084417,1.0,10,10,filtered_approx
qdrant,250000,2,w3,199,8.607917,1.0,10,10,filtered_approx
qdrant,250000,2,w3,102,8.839083,1.0,10,10,filtered_approx
qdrant,250000,2,w3,913,12.678375,1.0,10,10,filtered_approx
qdrant,250000,2,w3,830,8.423125,1.0,10,10,filtered_approx
qdrant,250000,2,w3,828,8.203625,0.9,10,10,filtered_approx
qdrant,250000,2,w3,772,13.790417,1.0,10,10,filtered_approx
qdrant,250000,2,w3,221,9.401709,1.0,10,10,filtered_approx
qdrant,250000,2,w3,582,13.507791,0.9,10,10,filtered_approx
qdrant,250000,2,w3,232,8.404334,0.8,10,10,filtered_approx
qdrant,250000,2,w3,239,8.666917,0.9,10,10,filtered_approx
qdrant,250000,2,w3,860,8.6975,1.0,10,10,filtered_approx
qdrant,250000,2,w3,930,8.098667,1.0,10,10,filtered_approx
qdrant,250000,2,w3,444,8.704042,0.8,10,10,filtered_approx
qdrant,250000,2,w3,900,8.119959,1.0,10,10,filtered_approx
qdrant,250000,2,w3,786,8.308292,1.0,10,10,filtered_approx
qdrant,250000,2,w3,469,21.888416,0.9,10,10,filtered_approx
qdrant,250000,2,w3,308,8.829208,1.0,10,10,filtered_approx
qdrant,250000,2,w3,233,10.923625,1.0,10,10,filtered_approx
qdrant,250000,2,w3,243,10.725708,1.0,10,10,filtered_approx
qdrant,250000,2,w3,846,8.968833,1.0,10,10,filtered_approx
qdrant,250000,2,w3,737,8.434875,1.0,10,10,filtered_approx
qdrant,250000,2,w3,576,8.667667,0.9,10,10,filtered_approx
qdrant,250000,2,w3,154,7.934,1.0,10,10,filtered_approx
qdrant,250000,2,w3,614,8.09575,1.0,10,10,filtered_approx
qdrant,250000,2,w3,631,8.646333,1.0,10,10,filtered_approx
qdrant,250000,2,w3,434,8.391167,1.0,10,10,filtered_approx
qdrant,250000,2,w3,172,7.987959,0.9,10,10,filtered_approx
qdrant,250000,2,w3,969,10.941542,1.0,10,10,filtered_approx
qdrant,250000,2,w3,161,8.317083,1.0,10,10,filtered_approx
qdrant,250000,2,w3,886,7.686917,1.0,10,10,filtered_approx
qdrant,250000,2,w3,879,7.504458,1.0,10,10,filtered_approx
qdrant,250000,2,w3,551,10.329208,0.8,10,10,filtered_approx
qdrant,250000,2,w3,741,8.608917,1.0,10,10,filtered_approx
qdrant,250000,2,w3,744,7.853833,1.0,10,10,filtered_approx
qdrant,250000,2,w3,980,7.7315,1.0,10,10,filtered_approx
qdrant,250000,2,w3,939,8.666958,1.0,10,10,filtered_approx
qdrant,250000,2,w3,729,7.998083,0.8,10,10,filtered_approx
qdrant,250000,2,w3,328,7.545292,1.0,10,10,filtered_approx
qdrant,250000,2,w3,723,7.982125,0.8,10,10,filtered_approx
qdrant,250000,2,w3,395,8.16675,1.0,10,10,filtered_approx
qdrant,250000,2,w3,413,8.140542,1.0,10,10,filtered_approx
qdrant,250000,2,w3,811,7.722167,0.8,10,10,filtered_approx
qdrant,250000,2,w3,450,8.297209,1.0,10,10,filtered_approx
qdrant,250000,2,w3,708,8.3985,1.0,10,10,filtered_approx
qdrant,250000,2,w3,777,8.120083,1.0,10,10,filtered_approx
qdrant,250000,2,w3,292,8.402875,1.0,10,10,filtered_approx
qdrant,250000,2,w3,304,7.928375,1.0,10,10,filtered_approx
qdrant,250000,2,w3,845,8.757375,1.0,10,10,filtered_approx
qdrant,250000,2,w3,632,8.166709,0.9,10,10,filtered_approx
qdrant,250000,2,w3,103,8.61325,1.0,10,10,filtered_approx
qdrant,250000,2,w3,259,9.429167,1.0,10,10,filtered_approx
qdrant,250000,2,w3,406,9.239833,1.0,10,10,filtered_approx
qdrant,250000,2,w3,916,8.697875,0.9,10,10,filtered_approx
qdrant,250000,2,w3,883,9.164834,0.9,10,10,filtered_approx
qdrant,250000,2,w3,421,9.165625,1.0,10,10,filtered_approx
qdrant,250000,2,w3,142,8.773875,1.0,10,10,filtered_approx
qdrant,250000,2,w3,562,11.321542,1.0,10,10,filtered_approx
qdrant,250000,2,w3,711,8.510875,1.0,10,10,filtered_approx
qdrant,250000,2,w3,736,8.5905,0.9,10,10,filtered_approx
qdrant,250000,2,w3,947,9.385875,1.0,10,10,filtered_approx
qdrant,250000,2,w3,500,9.175625,1.0,10,10,filtered_approx
qdrant,250000,2,w3,120,9.416291,0.8,10,10,filtered_approx
qdrant,250000,2,w3,193,9.090166,1.0,10,10,filtered_approx
qdrant,250000,2,w3,299,9.991667,1.0,10,10,filtered_approx
qdrant,250000,2,w3,146,8.453042,1.0,10,10,filtered_approx
qdrant,250000,2,w3,991,8.722334,0.9,10,10,filtered_approx
qdrant,250000,2,w3,825,8.562167,1.0,10,10,filtered_approx
qdrant,250000,2,w3,671,8.6085,1.0,10,10,filtered_approx
qdrant,250000,2,w3,726,8.760291,1.0,10,10,filtered_approx
qdrant,250000,2,w3,970,8.82075,0.9,10,10,filtered_approx
qdrant,250000,2,w3,512,8.235542,0.9,10,10,filtered_approx
qdrant,250000,2,w3,670,8.346375,1.0,10,10,filtered_approx
qdrant,250000,2,w3,556,7.892083,1.0,10,10,filtered_approx
qdrant,250000,2,w3,116,7.976834,0.9,10,10,filtered_approx
qdrant,250000,2,w3,443,8.780292,1.0,10,10,filtered_approx
qdrant,250000,2,w3,363,8.997958,1.0,10,10,filtered_approx
qdrant,250000,2,w3,716,9.327333,1.0,10,10,filtered_approx
qdrant,250000,2,w3,793,8.81075,1.0,10,10,filtered_approx
qdrant,250000,2,w3,783,8.178041,1.0,10,10,filtered_approx
qdrant,250000,2,w3,393,8.514875,0.9,10,10,filtered_approx
qdrant,250000,2,w3,246,8.95275,0.9,10,10,filtered_approx
qdrant,250000,2,w3,891,8.859834,1.0,10,10,filtered_approx
qdrant,250000,2,w3,989,8.971625,1.0,10,10,filtered_approx
qdrant,250000,2,w3,766,9.320792,1.0,10,10,filtered_approx
qdrant,250000,2,w3,831,8.766792,1.0,10,10,filtered_approx
qdrant,250000,2,w3,522,7.95475,1.0,10,10,filtered_approx
qdrant,250000,2,w3,337,8.171292,1.0,10,10,filtered_approx
qdrant,250000,2,w3,782,14.225416,1.0,10,10,filtered_approx
qdrant,250000,2,w3,689,8.292875,1.0,10,10,filtered_approx
qdrant,250000,2,w3,241,9.1915,1.0,10,10,filtered_approx
qdrant,250000,2,w3,150,8.320083,1.0,10,10,filtered_approx
qdrant,250000,2,w3,922,8.917375,1.0,10,10,filtered_approx
qdrant,250000,2,w3,333,14.637416,1.0,10,10,filtered_approx
qdrant,250000,2,w3,531,8.435584,0.9,10,10,filtered_approx
qdrant,250000,2,w3,784,9.337208,0.8,10,10,filtered_approx
qdrant,250000,2,w3,861,8.89025,0.9,10,10,filtered_approx
qdrant,250000,2,w3,692,8.8235,1.0,10,10,filtered_approx
qdrant,250000,2,w3,664,9.435167,0.9,10,10,filtered_approx
qdrant,250000,2,w3,152,14.239417,1.0,10,10,filtered_approx
qdrant,250000,2,w3,601,9.055125,1.0,10,10,filtered_approx
qdrant,250000,2,w3,332,8.603583,0.9,10,10,filtered_approx
qdrant,250000,2,w3,709,8.908334,1.0,10,10,filtered_approx
qdrant,250000,2,w3,514,12.331458,1.0,10,10,filtered_approx
qdrant,250000,2,w3,606,9.24025,1.0,10,10,filtered_approx
qdrant,250000,2,w3,297,10.122417,0.9,10,10,filtered_approx
qdrant,250000,2,w3,560,8.481375,0.9,10,10,filtered_approx
qdrant,250000,2,w3,683,9.08375,1.0,10,10,filtered_approx
qdrant,250000,2,w3,771,12.372291,1.0,10,10,filtered_approx
qdrant,250000,2,w3,529,11.427584,1.0,10,10,filtered_approx
qdrant,250000,2,w3,552,8.40375,0.8,10,10,filtered_approx
qdrant,250000,2,w3,341,8.542875,1.0,10,10,filtered_approx
qdrant,250000,2,w3,931,8.313458,0.9,10,10,filtered_approx
qdrant,250000,2,w3,902,8.880292,0.8,10,10,filtered_approx
qdrant,250000,2,w3,386,8.706709,0.9,10,10,filtered_approx
qdrant,250000,2,w3,558,12.80375,1.0,10,10,filtered_approx
qdrant,250000,2,w3,779,8.417708,0.9,10,10,filtered_approx
qdrant,250000,2,w3,135,8.427458,0.9,10,10,filtered_approx
qdrant,250000,2,w3,917,8.486459,1.0,10,10,filtered_approx
qdrant,250000,2,w3,275,11.339209,1.0,10,10,filtered_approx
qdrant,250000,2,w3,646,8.786584,1.0,10,10,filtered_approx
qdrant,250000,2,w3,287,8.885584,1.0,10,10,filtered_approx
qdrant,250000,2,w3,453,9.137542,1.0,10,10,filtered_approx
qdrant,250000,2,w3,590,13.541292,1.0,10,10,filtered_approx
qdrant,250000,2,w3,687,8.071667,1.0,10,10,filtered_approx
qdrant,250000,2,w3,170,8.120625,1.0,10,10,filtered_approx
qdrant,250000,2,w3,535,8.454708,0.8,10,10,filtered_approx
qdrant,250000,2,w3,848,8.643083,1.0,10,10,filtered_approx
qdrant,250000,2,w3,510,8.023208,0.9,10,10,filtered_approx
qdrant,250000,2,w3,459,7.816292,0.9,10,10,filtered_approx
qdrant,250000,2,w3,612,8.264791,0.9,10,10,filtered_approx
qdrant,250000,2,w3,638,10.162833,0.9,10,10,filtered_approx
qdrant,250000,2,w3,284,9.066042,1.0,10,10,filtered_approx
qdrant,250000,2,w3,555,14.345375,1.0,10,10,filtered_approx
qdrant,250000,2,w3,270,8.562208,1.0,10,10,filtered_approx
qdrant,250000,2,w3,813,9.1515,1.0,10,10,filtered_approx
qdrant,250000,2,w3,933,8.729375,1.0,10,10,filtered_approx
qdrant,250000,2,w3,718,8.277666,0.9,10,10,filtered_approx
qdrant,250000,2,w3,607,9.218334,1.0,10,10,filtered_approx
qdrant,250000,2,w3,506,11.905541,0.9,10,10,filtered_approx
qdrant,250000,2,w3,584,10.187458,1.0,10,10,filtered_approx
qdrant,250000,2,w3,735,8.471458,1.0,10,10,filtered_approx
qdrant,250000,2,w3,266,8.874459,0.9,10,10,filtered_approx
qdrant,250000,2,w3,394,8.683583,0.9,10,10,filtered_approx
qdrant,250000,2,w3,839,7.961333,1.0,10,10,filtered_approx
qdrant,250000,2,w3,462,8.0935,0.9,10,10,filtered_approx
qdrant,250000,2,w3,826,7.793375,0.9,10,10,filtered_approx
qdrant,250000,2,w3,429,8.953625,1.0,10,10,filtered_approx
qdrant,250000,2,w3,712,8.1415,0.8,10,10,filtered_approx
qdrant,250000,2,w3,501,8.465666,0.9,10,10,filtered_approx
qdrant,250000,2,w3,202,7.960542,0.9,10,10,filtered_approx
qdrant,250000,2,w3,641,7.878084,1.0,10,10,filtered_approx
qdrant,250000,2,w3,481,7.936875,1.0,10,10,filtered_approx
qdrant,250000,2,w3,909,8.585041,1.0,10,10,filtered_approx
qdrant,250000,2,w3,919,8.532833,1.0,10,10,filtered_approx
qdrant,250000,2,w3,808,7.912542,0.9,10,10,filtered_approx
qdrant,250000,2,w3,480,8.494833,0.9,10,10,filtered_approx
qdrant,250000,2,w3,666,8.988834,1.0,10,10,filtered_approx
qdrant,250000,2,w3,762,8.713083,0.9,10,10,filtered_approx
qdrant,250000,2,w3,466,19.072125,1.0,10,10,filtered_approx
qdrant,250000,2,w3,824,9.029333,0.9,10,10,filtered_approx
qdrant,250000,2,w3,679,9.32975,1.0,10,10,filtered_approx
qdrant,250000,2,w3,431,7.960125,1.0,10,10,filtered_approx
qdrant,250000,2,w3,972,12.267625,1.0,10,10,filtered_approx
qdrant,250000,2,w3,515,10.685209,1.0,10,10,filtered_approx
qdrant,250000,2,w3,237,8.830958,1.0,10,10,filtered_approx
qdrant,250000,2,w3,678,14.018625,1.0,10,10,filtered_approx
qdrant,250000,2,w3,231,8.875459,0.8,10,10,filtered_approx
qdrant,250000,2,w3,210,8.771833,0.9,10,10,filtered_approx
qdrant,250000,2,w3,780,8.453708,1.0,10,10,filtered_approx
qdrant,250000,2,w3,681,8.518875,0.8,10,10,filtered_approx
qdrant,250000,2,w3,677,8.9785,1.0,10,10,filtered_approx
qdrant,250000,2,w3,998,11.413666,1.0,10,10,filtered_approx
qdrant,250000,2,w3,265,9.0,0.8,10,10,filtered_approx
qdrant,250000,2,w3,650,11.491125,1.0,10,10,filtered_approx
qdrant,250000,2,w3,350,10.983167,1.0,10,10,filtered_approx
qdrant,250000,2,w3,230,8.158916,1.0,10,10,filtered_approx
qdrant,250000,2,w3,794,11.020709,0.9,10,10,filtered_approx
qdrant,250000,2,w3,376,11.782125,1.0,10,10,filtered_approx
qdrant,250000,2,w3,223,12.976666,1.0,10,10,filtered_approx
qdrant,250000,2,w3,385,9.888584,0.9,10,10,filtered_approx
qdrant,250000,2,w3,115,9.108916,1.0,10,10,filtered_approx
qdrant,250000,2,w3,871,8.549375,1.0,10,10,filtered_approx
qdrant,250000,2,w3,623,9.191042,1.0,10,10,filtered_approx
qdrant,250000,2,w3,128,8.355833,1.0,10,10,filtered_approx
qdrant,250000,2,w3,836,12.849708,0.9,10,10,filtered_approx
qdrant,250000,2,w3,866,8.856667,1.0,10,10,filtered_approx
qdrant,250000,2,w3,788,9.07725,0.9,10,10,filtered_approx
qdrant,250000,2,w3,151,9.414833,1.0,10,10,filtered_approx
qdrant,250000,2,w3,316,12.393833,1.0,10,10,filtered_approx
qdrant,250000,2,w3,355,13.193333,0.9,10,10,filtered_approx
qdrant,250000,2,w3,852,8.596958,1.0,10,10,filtered_approx
qdrant,250000,2,w3,114,8.427042,1.0,10,10,filtered_approx
qdrant,250000,2,w3,440,8.376375,1.0,10,10,filtered_approx
qdrant,250000,2,w3,197,9.595958,0.9,10,10,filtered_approx
qdrant,250000,2,w3,208,8.555083,0.9,10,10,filtered_approx
qdrant,250000,2,w3,617,8.735583,0.9,10,10,filtered_approx
qdrant,250000,2,w3,579,9.047833,1.0,10,10,filtered_approx
qdrant,250000,2,w3,573,12.757209,1.0,10,10,filtered_approx
qdrant,250000,2,w3,960,8.790209,1.0,10,10,filtered_approx
qdrant,250000,2,w3,496,10.558708,0.9,10,10,filtered_approx
qdrant,250000,2,w3,211,11.76825,0.9,10,10,filtered_approx
qdrant,250000,2,w3,277,9.208417,1.0,10,10,filtered_approx
qdrant,250000,2,w3,929,9.516916,1.0,10,10,filtered_approx
qdrant,250000,2,w3,158,9.139791,1.0,10,10,filtered_approx
qdrant,250000,2,w3,131,11.326542,1.0,10,10,filtered_approx
qdrant,250000,2,w3,492,12.259333,1.0,10,10,filtered_approx
qdrant,250000,2,w3,191,8.741709,0.9,10,10,filtered_approx
qdrant,250000,2,w3,540,11.279417,1.0,10,10,filtered_approx
qdrant,250000,2,w3,368,8.784542,1.0,10,10,filtered_approx
qdrant,250000,2,w3,435,12.488542,1.0,10,10,filtered_approx
qdrant,250000,2,w3,993,9.479042,1.0,10,10,filtered_approx
qdrant,250000,2,w3,994,11.401959,1.0,10,10,filtered_approx
qdrant,250000,2,w3,302,12.778417,0.9,10,10,filtered_approx
qdrant,250000,2,w3,288,8.824625,1.0,10,10,filtered_approx
qdrant,250000,2,w3,944,8.949709,0.9,10,10,filtered_approx
qdrant,250000,2,w3,415,10.695583,1.0,10,10,filtered_approx
qdrant,250000,2,w3,853,11.374875,0.9,10,10,filtered_approx
qdrant,250000,2,w3,927,8.67025,0.8,10,10,filtered_approx
qdrant,250000,2,w3,256,8.942166,1.0,10,10,filtered_approx
qdrant,250000,2,w3,629,8.507791,0.9,10,10,filtered_approx
qdrant,250000,2,w3,448,8.775875,1.0,10,10,filtered_approx
qdrant,250000,2,w3,479,10.419792,1.0,10,10,filtered_approx
qdrant,250000,2,w3,323,8.793625,1.0,10,10,filtered_approx
qdrant,250000,2,w3,934,13.825625,1.0,10,10,filtered_approx
qdrant,250000,2,w3,963,8.644167,1.0,10,10,filtered_approx
qdrant,250000,2,w3,599,10.433875,1.0,10,10,filtered_approx
qdrant,250000,2,w3,954,12.993291,1.0,10,10,filtered_approx
qdrant,250000,2,w3,905,9.461958,1.0,10,10,filtered_approx
qdrant,250000,2,w3,800,8.247,1.0,10,10,filtered_approx
qdrant,250000,2,w3,570,8.394875,1.0,10,10,filtered_approx
qdrant,250000,2,w3,987,8.613875,0.9,10,10,filtered_approx
qdrant,250000,2,w3,214,13.284708,1.0,10,10,filtered_approx
qdrant,250000,2,w3,345,11.902333,1.0,10,10,filtered_approx
qdrant,250000,2,w3,234,9.290125,1.0,10,10,filtered_approx
qdrant,250000,2,w3,162,8.713375,1.0,10,10,filtered_approx
qdrant,250000,2,w3,335,8.418375,0.8,10,10,filtered_approx
qdrant,250000,2,w3,516,8.13425,1.0,10,10,filtered_approx
qdrant,250000,2,w3,318,8.988375,1.0,10,10,filtered_approx
qdrant,250000,2,w3,367,9.715792,1.0,10,10,filtered_approx
qdrant,250000,2,w3,965,8.144667,0.9,10,10,filtered_approx
qdrant,250000,2,w3,697,8.5055,1.0,10,10,filtered_approx
qdrant,250000,2,w3,988,8.148291,0.9,10,10,filtered_approx
qdrant,250000,2,w3,690,8.382209,0.8,10,10,filtered_approx
qdrant,250000,2,w3,106,8.023084,1.0,10,10,filtered_approx
qdrant,250000,2,w3,695,10.0655,1.0,10,10,filtered_approx
qdrant,250000,2,w3,770,8.511417,1.0,10,10,filtered_approx
qdrant,250000,2,w3,890,7.928458,1.0,10,10,filtered_approx
qdrant,250000,2,w3,643,7.888292,0.9,10,10,filtered_approx
qdrant,250000,2,w3,533,8.035166,1.0,10,10,filtered_approx
qdrant,250000,2,w3,301,7.692458,1.0,10,10,filtered_approx
qdrant,250000,2,w3,787,8.249875,0.8,10,10,filtered_approx
qdrant,250000,2,w3,680,8.242667,1.0,10,10,filtered_approx
qdrant,250000,2,w3,897,8.577458,0.9,10,10,filtered_approx
qdrant,250000,2,w3,201,8.469875,1.0,10,10,filtered_approx
qdrant,250000,2,w3,621,8.307041,0.9,10,10,filtered_approx
qdrant,250000,2,w3,463,7.896959,1.0,10,10,filtered_approx
qdrant,250000,2,w3,495,7.383,1.0,10,10,filtered_approx
qdrant,250000,2,w3,110,8.081959,1.0,10,10,filtered_approx
qdrant,250000,2,w3,438,9.673,1.0,10,10,filtered_approx
qdrant,250000,2,w3,107,8.370125,1.0,10,10,filtered_approx
qdrant,250000,2,w3,587,9.909208,1.0,10,10,filtered_approx
qdrant,250000,2,w3,602,10.916458,1.0,10,10,filtered_approx
qdrant,250000,2,w3,143,9.566459,0.9,10,10,filtered_approx
qdrant,250000,2,w3,938,13.289209,1.0,10,10,filtered_approx
qdrant,250000,2,w3,351,8.469166,1.0,10,10,filtered_approx
qdrant,250000,2,w3,907,9.509542,1.0,10,10,filtered_approx
qdrant,250000,2,w3,705,10.382875,1.0,10,10,filtered_approx
qdrant,250000,2,w3,283,8.608084,1.0,10,10,filtered_approx
qdrant,250000,2,w3,177,13.437667,0.9,10,10,filtered_approx
qdrant,250000,2,w3,546,9.0965,1.0,10,10,filtered_approx
qdrant,250000,2,w3,295,8.659667,1.0,10,10,filtered_approx
qdrant,250000,2,w3,238,9.406708,1.0,10,10,filtered_approx
qdrant,250000,2,w3,153,8.658,0.9,10,10,filtered_approx
qdrant,250000,2,w3,565,8.254625,1.0,10,10,filtered_approx
qdrant,250000,2,w3,280,8.341667,1.0,10,10,filtered_approx
qdrant,250000,2,w3,286,11.7125,0.9,10,10,filtered_approx
qdrant,250000,2,w3,747,8.507375,1.0,10,10,filtered_approx
qdrant,250000,2,w3,129,8.156042,0.8,10,10,filtered_approx
qdrant,250000,2,w3,289,8.431334,1.0,10,10,filtered_approx
qdrant,250000,2,w3,807,8.610833,0.9,10,10,filtered_approx
qdrant,250000,2,w3,658,7.896416,1.0,10,10,filtered_approx
qdrant,250000,2,w3,428,12.330709,1.0,10,10,filtered_approx
qdrant,250000,2,w3,572,8.494584,0.8,10,10,filtered_approx
qdrant,250000,2,w3,756,8.476541,1.0,10,10,filtered_approx
qdrant,250000,2,w3,924,8.257958,0.9,10,10,filtered_approx
qdrant,250000,2,w3,634,12.017459,1.0,10,10,filtered_approx
qdrant,250000,2,w3,898,8.672,0.9,10,10,filtered_approx
qdrant,250000,2,w3,196,8.733541,0.9,10,10,filtered_approx
qdrant,250000,2,w3,675,14.330834,1.0,10,10,filtered_approx
qdrant,250000,2,w3,639,10.243125,1.0,10,10,filtered_approx
qdrant,250000,2,w3,731,8.92875,1.0,10,10,filtered_approx
qdrant,250000,2,w3,548,8.912583,0.8,10,10,filtered_approx
qdrant,250000,2,w3,881,8.6775,1.0,10,10,filtered_approx
qdrant,250000,2,w3,952,9.841041,1.0,10,10,filtered_approx
qdrant,250000,2,w3,530,13.323042,1.0,10,10,filtered_approx
qdrant,250000,2,w3,100,8.112583,1.0,10,10,filtered_approx
qdrant,250000,2,w3,594,8.2855,1.0,10,10,filtered_approx
qdrant,250000,2,w3,707,9.105708,1.0,10,10,filtered_approx
qdrant,250000,2,w3,436,10.540333,1.0,10,10,filtered_approx
qdrant,250000,2,w3,381,8.979708,1.0,10,10,filtered_approx
qdrant,250000,2,w3,348,13.440667,1.0,10,10,filtered_approx
qdrant,250000,2,w3,550,8.627041,0.8,10,10,filtered_approx
qdrant,250000,2,w3,517,11.393292,1.0,10,10,filtered_approx
qdrant,250000,2,w3,409,8.405042,1.0,10,10,filtered_approx
qdrant,250000,2,w3,290,11.513916,1.0,10,10,filtered_approx
qdrant,250000,2,w3,218,14.934833,1.0,10,10,filtered_approx
qdrant,250000,2,w3,870,10.826875,1.0,10,10,filtered_approx
qdrant,250000,2,w3,524,7.586958,1.0,10,10,filtered_approx
qdrant,250000,2,w3,118,9.074833,0.9,10,10,filtered_approx
qdrant,250000,2,w3,225,12.377542,1.0,10,10,filtered_approx
qdrant,250000,2,w3,249,11.434958,1.0,10,10,filtered_approx
qdrant,250000,2,w3,640,8.744209,1.0,10,10,filtered_approx
qdrant,250000,2,w3,419,8.701167,1.0,10,10,filtered_approx
qdrant,250000,2,w3,892,8.731625,1.0,10,10,filtered_approx
qdrant,250000,2,w3,498,8.501542,1.0,10,10,filtered_approx
qdrant,250000,2,w3,130,8.1485,1.0,10,10,filtered_approx
qdrant,250000,2,w3,449,15.921416,1.0,10,10,filtered_approx
qdrant,250000,2,w3,111,8.429875,1.0,10,10,filtered_approx
qdrant,250000,2,w3,769,8.208625,1.0,10,10,filtered_approx
qdrant,250000,2,w3,372,9.185583,1.0,10,10,filtered_approx
qdrant,250000,2,w3,691,8.997916,0.8,10,10,filtered_approx
qdrant,250000,2,w3,200,8.445208,1.0,10,10,filtered_approx
qdrant,250000,2,w3,534,13.546292,1.0,10,10,filtered_approx
qdrant,250000,2,w3,721,8.600209,1.0,10,10,filtered_approx
qdrant,250000,2,w3,465,8.225,0.8,10,10,filtered_approx
qdrant,250000,2,w3,408,9.019875,1.0,10,10,filtered_approx
qdrant,250000,2,w3,523,9.2515,0.9,10,10,filtered_approx
qdrant,250000,2,w3,588,11.195125,1.0,10,10,filtered_approx
qdrant,250000,2,w3,974,8.641,1.0,10,10,filtered_approx
qdrant,250000,2,w3,789,9.75825,1.0,10,10,filtered_approx
qdrant,250000,2,w3,387,8.496125,0.9,10,10,filtered_approx
qdrant,250000,2,w3,847,8.779208,0.9,10,10,filtered_approx
qdrant,250000,2,w3,880,8.250166,1.0,10,10,filtered_approx
qdrant,250000,2,w3,953,8.52,1.0,10,10,filtered_approx
qdrant,250000,2,w3,400,11.584167,1.0,10,10,filtered_approx
qdrant,250000,2,w3,155,9.602875,1.0,10,10,filtered_approx
qdrant,250000,2,w3,124,11.648167,1.0,10,10,filtered_approx
qdrant,250000,2,w3,412,8.920416,0.9,10,10,filtered_approx
qdrant,250000,2,w3,575,9.49075,1.0,10,10,filtered_approx
qdrant,250000,2,w3,978,8.776875,0.8,10,10,filtered_approx
qdrant,250000,2,w3,179,13.14925,1.0,10,10,filtered_approx
qdrant,250000,2,w3,159,8.72475,0.9,10,10,filtered_approx
qdrant,250000,2,w3,346,7.932917,1.0,10,10,filtered_approx
qdrant,250000,2,w3,144,9.29525,1.0,10,10,filtered_approx
qdrant,250000,2,w3,340,8.446042,1.0,10,10,filtered_approx
qdrant,250000,2,w3,742,9.605166,1.0,10,10,filtered_approx
qdrant,250000,2,w3,619,10.708416,1.0,10,10,filtered_approx
qdrant,250000,2,w3,968,11.677334,1.0,10,10,filtered_approx
qdrant,250000,2,w3,493,9.330292,1.0,10,10,filtered_approx
qdrant,250000,2,w3,186,8.106125,0.9,10,10,filtered_approx
qdrant,250000,2,w3,694,11.241958,0.9,10,10,filtered_approx
qdrant,250000,2,w3,198,8.124,1.0,10,10,filtered_approx
qdrant,250000,2,w3,693,11.211667,1.0,10,10,filtered_approx
qdrant,250000,2,w3,942,9.997458,1.0,10,10,filtered_approx
qdrant,250000,2,w3,557,9.075584,1.0,10,10,filtered_approx
qdrant,250000,2,w3,371,8.223083,0.9,10,10,filtered_approx
qdrant,250000,2,w3,567,7.811208,0.9,10,10,filtered_approx
qdrant,250000,2,w3,549,8.299375,1.0,10,10,filtered_approx
qdrant,250000,2,w3,257,8.163833,1.0,10,10,filtered_approx
qdrant,250000,2,w3,757,10.726792,1.0,10,10,filtered_approx
qdrant,250000,2,w3,876,14.114375,0.9,10,10,filtered_approx
qdrant,250000,2,w3,164,9.284417,1.0,10,10,filtered_approx
qdrant,250000,2,w3,706,8.566209,0.9,10,10,filtered_approx
qdrant,250000,2,w3,405,9.784333,0.9,10,10,filtered_approx
qdrant,250000,2,w3,488,13.908375,1.0,10,10,filtered_approx
qdrant,250000,2,w3,229,9.286625,1.0,10,10,filtered_approx
qdrant,250000,2,w3,104,8.7415,1.0,10,10,filtered_approx
qdrant,250000,2,w3,166,13.810417,1.0,10,10,filtered_approx
qdrant,250000,2,w3,178,9.842875,1.0,10,10,filtered_approx
qdrant,250000,2,w3,738,8.553584,0.9,10,10,filtered_approx
qdrant,250000,2,w3,986,8.356417,0.9,10,10,filtered_approx
qdrant,250000,2,w3,370,8.650459,0.9,10,10,filtered_approx
qdrant,250000,2,w3,611,8.771791,1.0,10,10,filtered_approx
qdrant,250000,2,w3,703,13.773916,0.9,10,10,filtered_approx
qdrant,250000,2,w3,447,9.665708,1.0,10,10,filtered_approx
qdrant,250000,2,w3,402,8.962292,0.9,10,10,filtered_approx
qdrant,250000,2,w3,622,8.501333,0.9,10,10,filtered_approx
qdrant,250000,2,w3,147,11.260625,1.0,10,10,filtered_approx
qdrant,250000,2,w3,182,8.711209,1.0,10,10,filtered_approx
qdrant,250000,2,w3,899,12.804625,0.8,10,10,filtered_approx
qdrant,250000,2,w3,358,8.375334,0.9,10,10,filtered_approx
qdrant,250000,2,w3,507,8.920875,0.9,10,10,filtered_approx
qdrant,250000,2,w3,157,13.012208,0.9,10,10,filtered_approx
qdrant,250000,2,w3,720,9.62625,0.9,10,10,filtered_approx
qdrant,250000,2,w3,174,8.679292,1.0,10,10,filtered_approx
qdrant,250000,2,w3,608,9.843542,1.0,10,10,filtered_approx
qdrant,250000,2,w3,872,8.409667,0.9,10,10,filtered_approx
qdrant,250000,2,w3,101,8.157959,0.8,10,10,filtered_approx
qdrant,250000,2,w3,928,13.800458,0.9,10,10,filtered_approx
qdrant,250000,2,w3,827,10.902625,1.0,10,10,filtered_approx
qdrant,250000,2,w3,564,8.857041,0.9,10,10,filtered_approx
qdrant,250000,2,w3,538,8.592041,0.8,10,10,filtered_approx
qdrant,250000,2,w3,222,15.579083,1.0,10,10,filtered_approx
qdrant,250000,2,w3,654,8.695708,1.0,10,10,filtered_approx
qdrant,250000,2,w3,727,8.6255,1.0,10,10,filtered_approx
qdrant,250000,2,w3,484,11.232125,1.0,10,10,filtered_approx
qdrant,250000,2,w3,722,12.906167,0.9,10,10,filtered_approx
qdrant,250000,2,w3,628,8.450625,1.0,10,10,filtered_approx
qdrant,250000,2,w3,242,13.048625,1.0,10,10,filtered_approx
qdrant,250000,2,w3,451,10.596708,0.9,10,10,filtered_approx
qdrant,250000,2,w3,730,8.2425,0.9,10,10,filtered_approx
qdrant,250000,2,w3,217,8.221584,0.9,10,10,filtered_approx
qdrant,250000,2,w3,240,9.403,1.0,10,10,filtered_approx
qdrant,250000,2,w3,840,9.388334,1.0,10,10,filtered_approx
qdrant,250000,2,w3,663,8.663459,1.0,10,10,filtered_approx
qdrant,250000,2,w3,580,9.129333,1.0,10,10,filtered_approx
qdrant,250000,2,w3,603,9.396375,0.7,10,10,filtered_approx
qdrant,250000,2,w3,127,14.814125,0.9,10,10,filtered_approx
qdrant,250000,2,w3,733,8.324291,0.9,10,10,filtered_approx
qdrant,250000,2,w3,668,11.518541,1.0,10,10,filtered_approx
qdrant,250000,2,w3,755,12.757875,1.0,10,10,filtered_approx
qdrant,250000,2,w3,633,8.607625,1.0,10,10,filtered_approx
qdrant,250000,2,w3,698,8.734041,0.9,10,10,filtered_approx
qdrant,250000,2,w3,914,8.4605,1.0,10,10,filtered_approx
qdrant,250000,2,w3,821,8.650167,1.0,10,10,filtered_approx
qdrant,250000,2,w3,536,8.600875,1.0,10,10,filtered_approx
qdrant,250000,2,w3,452,12.264209,1.0,10,10,filtered_approx
qdrant,250000,2,w3,908,9.611542,0.9,10,10,filtered_approx
qdrant,250000,2,w3,796,8.272209,0.9,10,10,filtered_approx
qdrant,250000,2,w3,467,8.867,1.0,10,10,filtered_approx
qdrant,250000,2,w3,331,8.610084,0.9,10,10,filtered_approx
qdrant,250000,2,w3,518,11.603542,0.9,10,10,filtered_approx
qdrant,250000,2,w3,717,12.169458,1.0,10,10,filtered_approx
qdrant,250000,2,w3,686,7.994542,1.0,10,10,filtered_approx
qdrant,250000,2,w3,950,8.691333,0.9,10,10,filtered_approx
qdrant,250000,2,w3,956,8.354916,0.9,10,10,filtered_approx
qdrant,250000,2,w3,390,9.440667,1.0,10,10,filtered_approx
qdrant,250000,2,w3,205,8.807708,1.0,10,10,filtered_approx
qdrant,250000,2,w3,411,9.00975,1.0,10,10,filtered_approx
qdrant,250000,2,w3,267,12.76425,0.9,10,10,filtered_approx
qdrant,250000,2,w3,520,9.51125,1.0,10,10,filtered_approx
qdrant,250000,2,w3,714,9.419209,1.0,10,10,filtered_approx
qdrant,250000,2,w3,875,8.6605,1.0,10,10,filtered_approx
qdrant,250000,2,w3,511,8.718167,0.9,10,10,filtered_approx
qdrant,250000,2,w3,294,10.690042,1.0,10,10,filtered_approx
qdrant,250000,2,w3,171,9.139666,1.0,10,10,filtered_approx
qdrant,250000,2,w3,964,14.012708,1.0,10,10,filtered_approx
qdrant,250000,2,w3,648,8.9925,1.0,10,10,filtered_approx
qdrant,250000,2,w3,745,9.188458,0.9,10,10,filtered_approx
qdrant,250000,2,w3,173,10.184625,1.0,10,10,filtered_approx
qdrant,250000,2,w3,630,12.175542,1.0,10,10,filtered_approx
qdrant,250000,2,w3,189,8.736458,1.0,10,10,filtered_approx
qdrant,250000,2,w3,526,10.124458,1.0,10,10,filtered_approx
qdrant,250000,2,w3,754,12.781792,1.0,10,10,filtered_approx
qdrant,250000,2,w3,595,8.317708,1.0,10,10,filtered_approx
qdrant,250000,2,w3,389,7.89075,1.0,10,10,filtered_approx
qdrant,250000,2,w3,841,8.36025,1.0,10,10,filtered_approx
qdrant,250000,2,w3,554,8.954584,1.0,10,10,filtered_approx
qdrant,250000,2,w3,268,8.887042,0.9,10,10,filtered_approx
qdrant,250000,2,w3,321,8.233916,1.0,10,10,filtered_approx
qdrant,250000,2,w3,977,8.0095,1.0,10,10,filtered_approx
qdrant,250000,2,w3,710,8.824333,1.0,10,10,filtered_approx
qdrant,250000,2,w3,306,10.32425,1.0,10,10,filtered_approx
qdrant,250000,2,w3,183,8.450792,0.8,10,10,filtered_approx
qdrant,250000,2,w3,945,8.015708,1.0,10,10,filtered_approx
qdrant,250000,2,w3,761,8.013291,1.0,10,10,filtered_approx
qdrant,250000,2,w3,356,7.787541,1.0,10,10,filtered_approx
qdrant,250000,2,w3,244,7.623625,1.0,10,10,filtered_approx
qdrant,250000,2,w3,279,7.750958,0.8,10,10,filtered_approx
qdrant,250000,2,w3,583,7.958875,0.9,10,10,filtered_approx
qdrant,250000,2,w3,849,7.655375,1.0,10,10,filtered_approx
qdrant,250000,2,w3,577,7.798041,0.8,10,10,filtered_approx
qdrant,250000,2,w3,571,7.5065,1.0,10,10,filtered_approx
qdrant,250000,2,w3,605,7.35375,1.0,10,10,filtered_approx
qdrant,250000,2,w3,798,8.686458,0.9,10,10,filtered_approx
qdrant,250000,2,w3,361,9.151875,1.0,10,10,filtered_approx
qdrant,250000,2,w3,113,8.872625,1.0,10,10,filtered_approx
qdrant,250000,2,w3,868,8.4865,1.0,10,10,filtered_approx
qdrant,250000,2,w3,596,8.752542,1.0,10,10,filtered_approx
qdrant,250000,2,w3,656,9.349875,0.9,10,10,filtered_approx
qdrant,250000,2,w3,765,9.947708,1.0,10,10,filtered_approx
qdrant,250000,2,w3,820,9.196,1.0,10,10,filtered_approx
qdrant,250000,2,w3,684,10.343833,0.9,10,10,filtered_approx
qdrant,250000,2,w3,790,11.09825,0.9,10,10,filtered_approx
qdrant,250000,2,w3,426,8.676459,1.0,10,10,filtered_approx
qdrant,250000,2,w3,553,8.785166,0.9,10,10,filtered_approx
qdrant,250000,2,w3,997,8.926875,1.0,10,10,filtered_approx
qdrant,250000,2,w3,360,9.065959,1.0,10,10,filtered_approx
qdrant,250000,2,w3,245,8.4215,1.0,10,10,filtered_approx
qdrant,250000,2,w3,543,8.457334,0.9,10,10,filtered_approx
qdrant,250000,2,w3,251,9.706334,1.0,10,10,filtered_approx
qdrant,250000,2,w3,951,8.6525,1.0,10,10,filtered_approx
qdrant,250000,2,w3,591,8.896291,1.0,10,10,filtered_approx
qdrant,250000,2,w3,935,8.315625,0.9,10,10,filtered_approx
qdrant,250000,2,w3,192,8.381792,1.0,10,10,filtered_approx
qdrant,250000,2,w3,822,8.683583,1.0,10,10,filtered_approx
qdrant,250000,2,w3,865,9.003292,1.0,10,10,filtered_approx
qdrant,250000,2,w3,545,8.078583,1.0,10,10,filtered_approx
qdrant,250000,2,w3,513,7.9485,1.0,10,10,filtered_approx
qdrant,250000,2,w3,888,8.819917,1.0,10,10,filtered_approx
qdrant,250000,2,w3,264,9.510291,1.0,10,10,filtered_approx
qdrant,250000,2,w3,851,8.409417,1.0,10,10,filtered_approx
qdrant,250000,2,w3,165,8.28575,1.0,10,10,filtered_approx
qdrant,250000,2,w3,569,8.429791,0.9,10,10,filtered_approx
qdrant,250000,2,w3,884,8.5265,1.0,10,10,filtered_approx
qdrant,250000,2,w3,959,8.06875,0.8,10,10,filtered_approx
qdrant,250000,2,w3,660,8.692292,1.0,10,10,filtered_approx
qdrant,250000,2,w3,985,9.077833,1.0,10,10,filtered_approx
qdrant,250000,2,w3,296,8.456209,1.0,10,10,filtered_approx
qdrant,250000,2,w3,456,7.883959,1.0,10,10,filtered_approx
qdrant,250000,2,w3,696,7.875042,0.9,10,10,filtered_approx
qdrant,250000,2,w3,725,8.091958,1.0,10,10,filtered_approx
qdrant,250000,2,w3,604,8.480791,1.0,10,10,filtered_approx
qdrant,250000,2,w3,220,7.7655,1.0,10,10,filtered_approx
qdrant,250000,2,w3,382,8.217083,1.0,10,10,filtered_approx
qdrant,250000,2,w3,213,8.763417,1.0,10,10,filtered_approx
qdrant,250000,2,w3,312,8.422209,1.0,10,10,filtered_approx
qdrant,250000,2,w3,532,8.331292,0.9,10,10,filtered_approx
qdrant,250000,2,w3,817,8.626458,1.0,10,10,filtered_approx
qdrant,250000,2,w3,561,8.23325,0.9,10,10,filtered_approx
qdrant,250000,2,w3,609,7.93,1.0,10,10,filtered_approx
qdrant,250000,2,w3,662,7.9615,0.9,10,10,filtered_approx
qdrant,250000,2,w3,620,8.34925,1.0,10,10,filtered_approx
qdrant,250000,2,w3,768,8.552625,1.0,10,10,filtered_approx
qdrant,250000,2,w3,397,9.167625,1.0,10,10,filtered_approx
qdrant,250000,2,w3,724,10.306458,0.9,10,10,filtered_approx
qdrant,250000,2,w3,645,8.548792,1.0,10,10,filtered_approx
qdrant,250000,2,w3,475,12.859292,1.0,10,10,filtered_approx
qdrant,250000,2,w3,990,10.33325,1.0,10,10,filtered_approx
qdrant,250000,2,w3,906,8.038791,0.8,10,10,filtered_approx
qdrant,250000,2,w3,598,7.871459,1.0,10,10,filtered_approx
qdrant,250000,2,w3,474,8.986458,1.0,10,10,filtered_approx
qdrant,250000,2,w3,399,8.185458,1.0,10,10,filtered_approx
qdrant,250000,2,w3,773,8.714708,1.0,10,10,filtered_approx
qdrant,250000,2,w3,374,12.808125,1.0,10,10,filtered_approx
qdrant,250000,2,w3,802,11.208667,1.0,10,10,filtered_approx
qdrant,250000,2,w3,362,8.603,1.0,10,10,filtered_approx
qdrant,250000,2,w3,625,8.753834,1.0,10,10,filtered_approx
qdrant,250000,2,w3,682,8.47675,1.0,10,10,filtered_approx
qdrant,250000,2,w3,948,8.687708,1.0,10,10,filtered_approx
qdrant,250000,2,w3,585,14.84125,1.0,10,10,filtered_approx
qdrant,250000,2,w3,298,8.637792,1.0,10,10,filtered_approx
qdrant,250000,2,w3,329,8.238584,1.0,10,10,filtered_approx
qdrant,250000,2,w3,778,8.586542,0.9,10,10,filtered_approx
qdrant,250000,2,w3,195,8.827833,1.0,10,10,filtered_approx
qdrant,250000,2,w3,652,9.1735,1.0,10,10,filtered_approx
qdrant,250000,2,w3,642,11.843209,0.9,10,10,filtered_approx
qdrant,250000,2,w3,702,8.703208,0.8,10,10,filtered_approx
qdrant,250000,2,w3,636,9.563084,1.0,10,10,filtered_approx
qdrant,250000,2,w3,226,10.856584,1.0,10,10,filtered_approx
qdrant,250000,2,w3,254,8.829125,1.0,10,10,filtered_approx
qdrant,250000,2,w3,910,12.637583,1.0,10,10,filtered_approx
qdrant,250000,2,w3,509,10.566375,0.9,10,10,filtered_approx
qdrant,250000,2,w3,126,8.559917,1.0,10,10,filtered_approx
qdrant,250000,2,w3,781,8.248458,1.0,10,10,filtered_approx
qdrant,250000,2,w3,326,9.080334,1.0,10,10,filtered_approx
qdrant,250000,2,w3,282,8.532375,1.0,10,10,filtered_approx
qdrant,250000,2,w3,799,8.333167,0.9,10,10,filtered_approx
qdrant,250000,2,w3,863,8.577875,1.0,10,10,filtered_approx
qdrant,250000,2,w3,334,12.196083,1.0,10,10,filtered_approx
qdrant,250000,2,w3,473,10.593541,1.0,10,10,filtered_approx
qdrant,250000,2,w3,364,8.828084,0.9,10,10,filtered_approx
qdrant,250000,2,w3,657,8.79025,1.0,10,10,filtered_approx
qdrant,250000,2,w3,508,8.24525,1.0,10,10,filtered_approx
qdrant,250000,2,w3,775,10.722667,1.0,10,10,filtered_approx
qdrant,250000,2,w3,458,12.371208,1.0,10,10,filtered_approx
qdrant,250000,2,w3,804,9.753916,1.0,10,10,filtered_approx
qdrant,250000,2,w3,262,8.703333,1.0,10,10,filtered_approx
qdrant,250000,2,w3,425,8.364875,0.7,10,10,filtered_approx
qdrant,250000,2,w3,366,8.448375,1.0,10,10,filtered_approx
qdrant,250000,2,w3,471,11.897542,1.0,10,10,filtered_approx
qdrant,250000,2,w3,843,11.724459,1.0,10,10,filtered_approx
qdrant,250000,2,w3,404,8.364541,1.0,10,10,filtered_approx
qdrant,250000,2,w3,354,8.994334,1.0,10,10,filtered_approx
qdrant,250000,2,w3,976,7.982042,1.0,10,10,filtered_approx
qdrant,250000,2,w3,903,9.802084,0.9,10,10,filtered_approx
qdrant,250000,2,w3,464,12.100584,0.9,10,10,filtered_approx
qdrant,250000,2,w3,291,12.281791,1.0,10,10,filtered_approx
qdrant,250000,2,w3,430,8.355625,1.0,10,10,filtered_approx
qdrant,250000,2,w3,423,8.274,1.0,10,10,filtered_approx
qdrant,250000,2,w3,344,8.795459,1.0,10,10,filtered_approx
qdrant,250000,2,w3,442,7.837833,1.0,10,10,filtered_approx
qdrant,250000,2,w3,885,8.343583,1.0,10,10,filtered_approx
qdrant,250000,2,w3,269,12.428291,1.0,10,10,filtered_approx
qdrant,250000,2,w3,746,13.930042,1.0,10,10,filtered_approx
qdrant,250000,2,w3,482,11.04475,1.0,10,10,filtered_approx
qdrant,250000,2,w3,597,10.027459,0.9,10,10,filtered_approx
qdrant,250000,2,w3,795,9.707042,1.0,10,10,filtered_approx
qdrant,250000,2,w3,751,8.704458,1.0,10,10,filtered_approx
qdrant,250000,2,w3,921,8.589458,1.0,10,10,filtered_approx
qdrant,250000,2,w3,958,15.998791,0.8,10,10,filtered_approx
qdrant,250000,2,w3,138,8.583917,1.0,10,10,filtered_approx
qdrant,250000,2,w3,616,8.968667,1.0,10,10,filtered_approx
qdrant,250000,2,w3,325,15.105458,0.8,10,10,filtered_approx
qdrant,250000,2,w3,314,8.777416,1.0,10,10,filtered_approx
qdrant,250000,2,w3,145,8.684667,1.0,10,10,filtered_approx
qdrant,250000,2,w3,188,8.557542,1.0,10,10,filtered_approx
qdrant,250000,2,w3,764,11.279791,0.9,10,10,filtered_approx
qdrant,250000,2,w3,377,12.258125,0.9,10,10,filtered_approx
qdrant,250000,2,w3,156,9.266,0.9,10,10,filtered_approx
qdrant,250000,2,w3,109,8.316167,1.0,10,10,filtered_approx
qdrant,250000,2,w3,850,10.101458,0.9,10,10,filtered_approx
qdrant,250000,2,w3,999,13.692375,1.0,10,10,filtered_approx
qdrant,250000,2,w3,547,8.839333,0.9,10,10,filtered_approx
qdrant,250000,2,w3,539,8.718542,1.0,10,10,filtered_approx
qdrant,250000,2,w3,132,9.229,1.0,10,10,filtered_approx
qdrant,250000,2,w3,521,14.23375,1.0,10,10,filtered_approx
qdrant,250000,2,w3,704,8.922333,0.8,10,10,filtered_approx
qdrant,250000,2,w3,528,8.773166,1.0,10,10,filtered_approx
qdrant,250000,2,w3,168,9.277417,1.0,10,10,filtered_approx
qdrant,250000,2,w3,760,8.779834,1.0,10,10,filtered_approx
qdrant,250000,2,w3,468,8.52575,1.0,10,10,filtered_approx
qdrant,250000,2,w3,912,14.57275,1.0,10,10,filtered_approx
qdrant,250000,2,w3,889,9.160458,0.7,10,10,filtered_approx
qdrant,250000,2,w3,882,9.396417,1.0,10,10,filtered_approx
qdrant,250000,2,w3,973,9.340042,1.0,10,10,filtered_approx
qdrant,250000,2,w3,983,14.013334,0.9,10,10,filtered_approx
qdrant,250000,2,w3,792,9.016125,0.9,10,10,filtered_approx
qdrant,250000,2,w3,949,8.463125,1.0,10,10,filtered_approx
qdrant,250000,2,w3,497,8.829666,1.0,10,10,filtered_approx
qdrant,250000,2,w3,806,9.340084,0.9,10,10,filtered_approx
qdrant,250000,2,w3,437,14.942792,1.0,10,10,filtered_approx
qdrant,250000,2,w3,250,8.227709,1.0,10,10,filtered_approx
qdrant,250000,2,w3,476,13.242166,0.9,10,10,filtered_approx
qdrant,250000,2,w3,204,11.296084,1.0,10,10,filtered_approx
qdrant,250000,2,w3,785,8.327542,1.0,10,10,filtered_approx
qdrant,250000,2,w3,117,9.72825,1.0,10,10,filtered_approx
qdrant,250000,2,w3,774,13.439417,1.0,10,10,filtered_approx
qdrant,250000,2,w3,139,8.595292,0.9,10,10,filtered_approx
qdrant,250000,2,w3,486,9.532583,1.0,10,10,filtered_approx
qdrant,250000,2,w3,661,8.267709,1.0,10,10,filtered_approx
qdrant,250000,2,w3,163,12.000166,1.0,10,10,filtered_approx
qdrant,250000,2,w3,378,9.172083,1.0,10,10,filtered_approx
qdrant,250000,2,w3,673,8.020208,0.9,10,10,filtered_approx
qdrant,250000,2,w3,655,13.795875,0.9,10,10,filtered_approx
qdrant,250000,2,w3,227,8.469208,1.0,10,10,filtered_approx
qdrant,250000,2,w3,812,13.115041,0.9,10,10,filtered_approx
qdrant,250000,2,w3,307,8.964083,0.9,10,10,filtered_approx
qdrant,250000,2,w3,470,8.345,0.9,10,10,filtered_approx
qdrant,250000,2,w3,185,8.77025,1.0,10,10,filtered_approx
qdrant,250000,2,w3,313,9.920834,1.0,10,10,filtered_approx
qdrant,250000,2,w3,527,8.350375,1.0,10,10,filtered_approx
qdrant,250000,2,w3,753,8.385208,1.0,10,10,filtered_approx
qdrant,250000,2,w3,854,8.313375,0.7,10,10,filtered_approx
qdrant,250000,2,w3,984,10.894834,0.9,10,10,filtered_approx
qdrant,250000,2,w3,715,12.44325,0.9,10,10,filtered_approx
qdrant,250000,2,w3,403,8.501667,1.0,10,10,filtered_approx
qdrant,250000,2,w3,311,8.913208,1.0,10,10,filtered_approx
qdrant,250000,2,w3,271,8.399084,0.9,10,10,filtered_approx
qdrant,250000,2,w3,837,11.065209,1.0,10,10,filtered_approx
qdrant,250000,2,w3,740,7.92075,1.0,10,10,filtered_approx
qdrant,250000,2,w3,814,12.148375,1.0,10,10,filtered_approx
qdrant,250000,2,w3,133,8.61875,0.9,10,10,filtered_approx
qdrant,250000,2,w3,228,7.942458,0.9,10,10,filtered_approx
qdrant,250000,2,w3,504,10.14175,0.8,10,10,filtered_approx
qdrant,250000,2,w3,108,8.686583,1.0,10,10,filtered_approx
qdrant,250000,2,w3,566,9.918875,0.9,10,10,filtered_approx
qdrant,250000,2,w3,858,13.672166,1.0,10,10,filtered_approx
qdrant,250000,2,w3,454,8.90225,1.0,10,10,filtered_approx
qdrant,250000,2,w3,776,8.460834,0.9,10,10,filtered_approx
qdrant,250000,2,w3,149,8.1205,1.0,10,10,filtered_approx
qdrant,250000,2,w3,896,8.518,0.7,10,10,filtered_approx
qdrant,250000,2,w3,253,9.778208,1.0,10,10,filtered_approx
qdrant,250000,2,w3,219,15.023542,1.0,10,10,filtered_approx
qdrant,250000,2,w3,303,10.225833,1.0,10,10,filtered_approx
qdrant,250000,2,w3,477,10.457917,1.0,10,10,filtered_approx
qdrant,250000,2,w3,834,10.946708,0.9,10,10,filtered_approx
qdrant,250000,2,w3,207,8.662583,0.9,10,10,filtered_approx
qdrant,250000,2,w3,613,8.54075,1.0,10,10,filtered_approx
qdrant,250000,2,w3,255,8.80475,1.0,10,10,filtered_approx
qdrant,250000,2,w3,926,8.336209,0.9,10,10,filtered_approx
qdrant,250000,2,w3,278,8.362833,1.0,10,10,filtered_approx
qdrant,250000,2,w3,365,12.760083,1.0,10,10,filtered_approx
qdrant,250000,2,w3,856,8.863792,1.0,10,10,filtered_approx
qdrant,250000,2,w3,967,8.115958,1.0,10,10,filtered_approx
qdrant,250000,2,w3,676,11.789875,1.0,10,10,filtered_approx
qdrant,250000,2,w3,685,7.949584,1.0,10,10,filtered_approx
qdrant,250000,2,w3,315,8.6945,1.0,10,10,filtered_approx
qdrant,250000,2,w3,862,8.37375,1.0,10,10,filtered_approx
qdrant,250000,2,w3,455,15.099458,1.0,10,10,filtered_approx
qdrant,250000,2,w3,962,8.541541,1.0,10,10,filtered_approx
qdrant,250000,2,w3,487,8.559,1.0,10,10,filtered_approx
qdrant,250000,2,w3,349,11.4555,1.0,10,10,filtered_approx
qdrant,250000,2,w3,169,13.844792,1.0,10,10,filtered_approx
qdrant,250000,2,w3,432,9.32525,0.9,10,10,filtered_approx
qdrant,250000,2,w3,519,8.695333,1.0,10,10,filtered_approx
qdrant,250000,2,w3,859,8.6145,1.0,10,10,filtered_approx
qdrant,250000,2,w3,819,10.894084,1.0,10,10,filtered_approx
qdrant,250000,2,w3,300,10.565292,1.0,10,10,filtered_approx
qdrant,250000,2,w3,420,9.360125,1.0,10,10,filtered_approx
qdrant,250000,2,w3,369,8.655375,1.0,10,10,filtered_approx
qdrant,250000,2,w3,713,9.836333,1.0,10,10,filtered_approx
qdrant,250000,2,w3,293,8.328458,1.0,10,10,filtered_approx
qdrant,250000,2,w3,343,8.976833,1.0,10,10,filtered_approx
qdrant,250000,2,w3,206,8.610708,1.0,10,10,filtered_approx
qdrant,250000,2,w3,410,9.029334,1.0,10,10,filtered_approx
qdrant,250000,2,w3,137,8.673625,0.9,10,10,filtered_approx
qdrant,250000,2,w3,719,8.448209,0.9,10,10,filtered_approx
qdrant,250000,2,w3,734,12.910417,1.0,10,10,filtered_approx
qdrant,250000,2,w3,272,8.997167,1.0,10,10,filtered_approx
qdrant,250000,2,w3,574,9.040334,0.9,10,10,filtered_approx
qdrant,250000,2,w3,176,8.70075,0.9,10,10,filtered_approx
qdrant,250000,2,w3,665,12.215041,0.9,10,10,filtered_approx
qdrant,250000,2,w3,810,10.860167,1.0,10,10,filtered_approx
qdrant,250000,2,w3,121,8.125375,1.0,10,10,filtered_approx
qdrant,250000,2,w3,273,8.537458,1.0,10,10,filtered_approx
qdrant,250000,2,w3,961,8.153042,1.0,10,10,filtered_approx
qdrant,250000,2,w3,955,13.240625,1.0,10,10,filtered_approx
qdrant,250000,2,w3,140,7.98575,1.0,10,10,filtered_approx
qdrant,250000,2,w3,391,8.656542,1.0,10,10,filtered_approx
qdrant,250000,2,w3,216,8.121208,0.9,10,10,filtered_approx
qdrant,250000,2,w3,869,9.523167,0.8,10,10,filtered_approx
qdrant,250000,2,w3,416,11.291042,1.0,10,10,filtered_approx
qdrant,250000,2,w3,877,19.506875,1.0,10,10,filtered_approx
qdrant,250000,2,w3,901,8.717,1.0,10,10,filtered_approx
qdrant,250000,2,w3,649,7.78125,0.9,10,10,filtered_approx
qdrant,250000,2,w3,544,8.234834,1.0,10,10,filtered_approx
qdrant,250000,2,w3,433,9.627792,0.9,10,10,filtered_approx
qdrant,250000,2,w3,384,9.414083,0.9,10,10,filtered_approx
qdrant,250000,2,w3,502,8.611209,1.0,10,10,filtered_approx
qdrant,250000,2,w3,624,11.113667,1.0,10,10,filtered_approx
qdrant,250000,2,w3,342,7.906917,1.0,10,10,filtered_approx
qdrant,250000,2,w3,489,8.656166,0.9,10,10,filtered_approx
qdrant,250000,2,w3,392,8.397625,1.0,10,10,filtered_approx
qdrant,250000,2,w3,842,8.403208,1.0,10,10,filtered_approx
qdrant,250000,2,w3,134,18.07325,0.8,10,10,filtered_approx
qdrant,250000,2,w3,895,8.039375,1.0,10,10,filtered_approx
qdrant,250000,2,w3,281,9.330917,1.0,10,10,filtered_approx
qdrant,250000,2,w3,894,9.983958,1.0,10,10,filtered_approx
qdrant,250000,2,w3,396,8.640084,0.9,10,10,filtered_approx
qdrant,250000,2,w3,586,8.86,1.0,10,10,filtered_approx
qdrant,250000,2,w3,940,12.559375,0.8,10,10,filtered_approx
qdrant,250000,2,w3,749,9.143209,1.0,10,10,filtered_approx
qdrant,250000,2,w3,209,9.236417,0.9,10,10,filtered_approx
qdrant,250000,2,w3,815,8.448875,1.0,10,10,filtered_approx
qdrant,250000,2,w3,461,8.8805,0.9,10,10,filtered_approx
qdrant,250000,2,w3,485,15.594958,1.0,10,10,filtered_approx
qdrant,250000,2,w3,330,9.618084,1.0,10,10,filtered_approx
qdrant,250000,2,w3,674,9.957875,1.0,10,10,filtered_approx
qdrant,250000,2,w3,148,14.615583,1.0,10,10,filtered_approx
qdrant,250000,2,w3,887,8.092417,1.0,10,10,filtered_approx
qdrant,250000,2,w3,857,9.185541,1.0,10,10,filtered_approx
qdrant,250000,2,w3,946,9.428334,1.0,10,10,filtered_approx
qdrant,250000,2,w3,568,11.186958,1.0,10,10,filtered_approx
qdrant,250000,2,w3,119,9.658875,1.0,10,10,filtered_approx
qdrant,250000,2,w3,559,8.222417,0.9,10,10,filtered_approx
qdrant,250000,2,w3,388,7.96125,1.0,10,10,filtered_approx
qdrant,250000,2,w3,873,8.541625,1.0,10,10,filtered_approx
qdrant,250000,2,w3,592,9.186083,0.9,10,10,filtered_approx
qdrant,250000,2,w3,728,16.105,1.0,10,10,filtered_approx
qdrant,250000,2,w3,981,8.979042,1.0,10,10,filtered_approx
qdrant,250000,2,w3,359,8.185208,1.0,10,10,filtered_approx
qdrant,250000,2,w3,992,8.735,1.0,10,10,filtered_approx
qdrant,250000,2,w3,414,8.326959,1.0,10,10,filtered_approx
qdrant,250000,2,w3,941,8.481167,1.0,10,10,filtered_approx
qdrant,250000,2,w3,659,12.741584,1.0,10,10,filtered_approx
qdrant,250000,2,w3,893,9.6985,1.0,10,10,filtered_approx
qdrant,250000,2,w3,835,8.501291,1.0,10,10,filtered_approx
qdrant,250000,2,w3,818,11.96175,1.0,10,10,filtered_approx
qdrant,250000,2,w3,803,12.654792,0.8,10,10,filtered_approx
qdrant,250000,2,w3,327,10.833417,1.0,10,10,filtered_approx
qdrant,250000,2,w3,867,9.254875,1.0,10,10,filtered_approx
qdrant,250000,2,w3,424,14.063917,1.0,10,10,filtered_approx
qdrant,250000,2,w3,407,8.763209,1.0,10,10,filtered_approx
qdrant,250000,2,w3,759,8.235625,0.9,10,10,filtered_approx
qdrant,250000,2,w3,352,8.198708,1.0,10,10,filtered_approx
qdrant,250000,2,w3,472,8.265541,1.0,10,10,filtered_approx
qdrant,250000,2,w3,258,9.353167,0.9,10,10,filtered_approx
qdrant,250000,2,w3,979,9.214666,0.9,10,10,filtered_approx
qdrant,250000,2,w3,832,14.985833,0.9,10,10,filtered_approx
qdrant,250000,2,w3,667,8.961,1.0,10,10,filtered_approx
qdrant,250000,2,w3,160,11.600667,1.0,10,10,filtered_approx
qdrant,250000,2,w3,700,11.106125,1.0,10,10,filtered_approx
qdrant,250000,2,w3,743,8.785416,0.9,10,10,filtered_approx
qdrant,250000,2,w3,701,8.751458,0.8,10,10,filtered_approx
qdrant,250000,2,w3,499,7.91275,1.0,10,10,filtered_approx
qdrant,250000,2,w3,181,8.53125,0.9,10,10,filtered_approx
qdrant,250000,2,w3,252,8.915042,1.0,10,10,filtered_approx
qdrant,250000,2,w3,112,8.259458,1.0,10,10,filtered_approx
qdrant,250000,2,w3,791,9.046083,0.9,10,10,filtered_approx
qdrant,250000,2,w3,247,8.175834,1.0,10,10,filtered_approx
qdrant,250000,2,w3,353,8.6075,1.0,10,10,filtered_approx
qdrant,250000,2,w3,936,12.9485,1.0,10,10,filtered_approx
qdrant,250000,2,w3,589,8.512416,0.9,10,10,filtered_approx
qdrant,250000,2,w3,688,7.165542,0.8,10,10,filtered_approx
qdrant,250000,2,w3,263,10.026458,0.9,10,10,filtered_approx
qdrant,250000,2,w3,739,9.428083,1.0,10,10,filtered_approx
qdrant,250000,2,w3,427,9.456208,0.8,10,10,filtered_approx
qdrant,250000,2,w3,823,9.493666,1.0,10,10,filtered_approx
qdrant,250000,2,w3,320,15.417958,1.0,10,10,filtered_approx
qdrant,250000,2,w3,699,8.480542,1.0,10,10,filtered_approx
qdrant,250000,2,w3,542,8.818041,1.0,10,10,filtered_approx
qdrant,250000,2,w3,618,8.973666,1.0,10,10,filtered_approx
qdrant,250000,2,w3,347,8.411042,1.0,10,10,filtered_approx
qdrant,250000,2,w3,801,13.276583,1.0,10,10,filtered_approx
qdrant,250000,2,w3,105,8.544292,0.9,10,10,filtered_approx
qdrant,250000,2,w3,503,9.20675,1.0,10,10,filtered_approx
qdrant,250000,2,w3,184,12.369083,1.0,10,10,filtered_approx
qdrant,250000,2,w3,123,11.3265,1.0,10,10,filtered_approx
qdrant,250000,2,w3,957,8.535333,1.0,10,10,filtered_approx
qdrant,250000,2,w3,864,8.171,1.0,10,10,filtered_approx
qdrant,250000,2,w3,494,8.636375,1.0,10,10,filtered_approx
qdrant,250000,2,w3,943,8.604542,1.0,10,10,filtered_approx
qdrant,250000,2,w3,578,8.153375,1.0,10,10,filtered_approx
qdrant,250000,2,w3,322,8.376083,1.0,10,10,filtered_approx
qdrant,250000,2,w3,215,8.880125,1.0,10,10,filtered_approx
qdrant,250000,2,w3,274,10.595,0.9,10,10,filtered_approx
qdrant,250000,2,w3,357,8.730375,1.0,10,10,filtered_approx
qdrant,250000,2,w3,338,11.636083,1.0,10,10,filtered_approx
qdrant,250000,2,w3,317,8.852458,0.9,10,10,filtered_approx
qdrant,250000,2,w3,647,8.478583,1.0,10,10,filtered_approx
qdrant,250000,2,w3,339,8.505791,0.9,10,10,filtered_approx
qdrant,250000,2,w3,971,9.005542,1.0,10,10,filtered_approx
qdrant,250000,2,w3,752,8.874333,1.0,10,10,filtered_approx
qdrant,250000,2,w3,383,8.741833,1.0,10,10,filtered_approx
qdrant,250000,2,w3,235,9.192458,1.0,10,10,filtered_approx
qdrant,250000,2,w3,911,8.916042,1.0,10,10,filtered_approx
qdrant,250000,2,w3,203,12.641416,1.0,10,10,filtered_approx
qdrant,250000,2,w3,904,9.168709,0.9,10,10,filtered_approx
qdrant,250000,2,w3,593,8.342417,0.9,10,10,filtered_approx
qdrant,250000,2,w3,581,11.511167,1.0,10,10,filtered_approx
qdrant,250000,2,w3,260,13.651125,0.9,10,10,filtered_approx
qdrant,250000,2,w3,305,8.593791,1.0,10,10,filtered_approx
qdrant,250000,2,w3,180,8.996,1.0,10,10,filtered_approx
qdrant,250000,2,w3,767,10.939917,0.9,10,10,filtered_approx
qdrant,250000,2,w3,261,12.698833,1.0,10,10,filtered_approx
qdrant,250000,2,w3,190,8.82625,1.0,10,10,filtered_approx
qdrant,250000,2,w3,923,9.046583,0.9,10,10,filtered_approx
qdrant,250000,2,w3,122,8.359958,1.0,10,10,filtered_approx
qdrant,250000,2,w3,838,12.412667,1.0,10,10,filtered_approx
qdrant,250000,2,w3,975,11.918,1.0,10,10,filtered_approx
qdrant,250000,2,w3,915,8.5755,1.0,10,10,filtered_approx
qdrant,250000,2,w3,833,8.333292,1.0,10,10,filtered_approx
qdrant,250000,2,w3,379,11.569625,0.9,10,10,filtered_approx
qdrant,250000,2,w3,417,12.80025,1.0,10,10,filtered_approx
qdrant,250000,2,w3,460,8.613833,0.9,10,10,filtered_approx
qdrant,250000,2,w3,637,8.484875,1.0,10,10,filtered_approx
qdrant,250000,2,w3,491,13.233041,1.0,10,10,filtered_approx
qdrant,250000,2,w3,982,12.664791,1.0,10,10,filtered_approx
qdrant,250000,2,w3,194,7.795666,1.0,10,10,filtered_approx
qdrant,250000,2,w3,874,8.646125,1.0,10,10,filtered_approx
qdrant,250000,2,w3,600,13.533417,1.0,10,10,filtered_approx
qdrant,250000,2,w3,445,8.7855,1.0,10,10,filtered_approx
qdrant,250000,2,w3,750,8.943875,1.0,10,10,filtered_approx
qdrant,250000,2,w3,635,8.699,1.0,10,10,filtered_approx
qdrant,250000,2,w3,441,8.757708,1.0,10,10,filtered_approx
qdrant,250000,2,w3,446,9.087667,0.9,10,10,filtered_approx
qdrant,250000,2,w3,537,17.581292,0.9,10,10,filtered_approx
qdrant,250000,2,w3,380,8.265625,1.0,10,10,filtered_approx
qdrant,250000,2,w3,401,8.668458,1.0,10,10,filtered_approx
qdrant,250000,2,w3,187,11.31475,0.9,10,10,filtered_approx
qdrant,250000,2,w3,763,8.613375,1.0,10,10,filtered_approx
qdrant,250000,2,w3,373,8.814,1.0,10,10,filtered_approx
qdrant,250000,2,w3,236,9.442417,1.0,10,10,filtered_approx
qdrant,250000,2,w3,758,9.237,1.0,10,10,filtered_approx
qdrant,250000,2,w3,439,8.434375,1.0,10,10,filtered_approx
qdrant,250000,2,w3,141,8.568125,1.0,10,10,filtered_approx
qdrant,250000,2,w3,669,8.479125,0.9,10,10,filtered_approx
qdrant,250000,2,w3,610,8.461875,0.9,10,10,filtered_approx
qdrant,250000,2,w3,816,12.479084,1.0,10,10,filtered_approx
qdrant,250000,2,w3,505,8.815458,0.8,10,10,filtered_approx
qdrant,250000,2,w3,644,9.465833,1.0,10,10,filtered_approx
qdrant,250000,2,w3,809,10.280625,1.0,10,10,filtered_approx
qdrant,250000,2,w3,653,8.668166,1.0,10,10,filtered_approx
qdrant,250000,2,w3,224,10.958291,1.0,10,10,filtered_approx
qdrant,250000,2,w3,932,12.413709,1.0,10,10,filtered_approx
qdrant,250000,2,w3,627,9.835333,1.0,10,10,filtered_approx
qdrant,250000,2,w3,925,8.6595,0.9,10,10,filtered_approx
qdrant,250000,2,w4_acl,910,13.835,1.0,10,128,qdrant_candidates_plus_postgres_acl
qdrant,250000,2,w4_acl,574,9.586917,1.0,10,128,qdrant_candidates_plus_postgres_acl
qdrant,250000,2,w4_acl,337,10.754583,1.0,10,128,qdrant_candidates_plus_postgres_acl
qdrant,250000,2,w4_acl,172,9.136292,1.0,10,128,qdrant_candidates_plus_postgres_acl
qdrant,250000,2,w4_acl,880,8.187208,1.0,10,128,qdrant_candidates_plus_postgres_acl
qdrant,250000,2,w4_acl,377,8.428,1.0,10,128,qdrant_candidates_plus_postgres_acl
qdrant,250000,2,w4_acl,559,12.708334,1.0,10,128,qdrant_candidates_plus_postgres_acl
qdrant,250000,2,w4_acl,393,8.510458,1.0,10,128,qdrant_candidates_plus_postgres_acl
qdrant,250000,2,w4_acl,804,9.586,1.0,10,128,qdrant_candidates_plus_postgres_acl
qdrant,250000,2,w4_acl,991,9.720083,1.0,10,128,qdrant_candidates_plus_postgres_acl
qdrant,250000,2,w4_acl,881,13.257084,1.0,10,128,qdrant_candidates_plus_postgres_acl
qdrant,250000,2,w4_acl,856,9.397167,1.0,10,128,qdrant_candidates_plus_postgres_acl
qdrant,250000,2,w4_acl,587,14.112917,1.0,10,128,qdrant_candidates_plus_postgres_acl
qdrant,250000,2,w4_acl,573,9.899542,1.0,10,128,qdrant_candidates_plus_postgres_acl
qdrant,250000,2,w4_acl,663,15.837834,1.0,10,128,qdrant_candidates_plus_postgres_acl
qdrant,250000,2,w4_acl,212,14.78275,1.0,10,128,qdrant_candidates_plus_postgres_acl
qdrant,250000,2,w4_acl,512,8.593542,1.0,10,128,qdrant_candidates_plus_postgres_acl
qdrant,250000,2,w4_acl,850,15.690375,1.0,10,128,qdrant_candidates_plus_postgres_acl
qdrant,250000,2,w4_acl,832,10.991583,1.0,10,128,qdrant_candidates_plus_postgres_acl
qdrant,250000,2,w4_acl,682,12.564125,1.0,10,128,qdrant_candidates_plus_postgres_acl
qdrant,250000,2,w4_acl,977,10.988125,1.0,10,128,qdrant_candidates_plus_postgres_acl
qdrant,250000,2,w4_acl,578,14.452542,1.0,10,128,qdrant_candidates_plus_postgres_acl
qdrant,250000,2,w4_acl,771,11.681417,1.0,10,128,qdrant_candidates_plus_postgres_acl
qdrant,250000,2,w4_acl,930,9.018292,1.0,10,128,qdrant_candidates_plus_postgres_acl
qdrant,250000,2,w4_acl,110,13.118625,1.0,10,128,qdrant_candidates_plus_postgres_acl
qdrant,250000,2,w4_acl,967,11.972708,1.0,10,128,qdrant_candidates_plus_postgres_acl
qdrant,250000,2,w4_acl,333,15.145958,1.0,10,128,qdrant_candidates_plus_postgres_acl
qdrant,250000,2,w4_acl,167,15.963375,1.0,10,128,qdrant_candidates_plus_postgres_acl
qdrant,250000,2,w4_acl,186,11.588208,1.0,10,128,qdrant_candidates_plus_postgres_acl
qdrant,250000,2,w4_acl,593,13.845542,1.0,10,128,qdrant_candidates_plus_postgres_acl
qdrant,250000,2,w4_acl,180,15.579917,1.0,10,128,qdrant_candidates_plus_postgres_acl
qdrant,250000,2,w4_acl,361,10.449083,1.0,10,128,qdrant_candidates_plus_postgres_acl
qdrant,250000,2,w4_acl,660,14.698167,1.0,10,128,qdrant_candidates_plus_postgres_acl
qdrant,250000,2,w4_acl,917,9.315958,1.0,10,128,qdrant_candidates_plus_postgres_acl
qdrant,250000,2,w4_acl,616,9.672667,1.0,10,128,qdrant_candidates_plus_postgres_acl
qdrant,250000,2,w4_acl,814,9.859542,1.0,10,128,qdrant_candidates_plus_postgres_acl
qdrant,250000,2,w4_acl,870,13.948416,1.0,10,128,qdrant_candidates_plus_postgres_acl
qdrant,250000,2,w4_acl,542,13.261,1.0,10,128,qdrant_candidates_plus_postgres_acl
qdrant,250000,2,w4_acl,611,11.429,1.0,10,128,qdrant_candidates_plus_postgres_acl
qdrant,250000,2,w4_acl,202,10.192417,1.0,10,128,qdrant_candidates_plus_postgres_acl
qdrant,250000,2,w4_acl,676,12.58725,1.0,10,128,qdrant_candidates_plus_postgres_acl
qdrant,250000,2,w4_acl,536,9.948542,1.0,10,128,qdrant_candidates_plus_postgres_acl
qdrant,250000,2,w4_acl,838,13.482375,1.0,10,128,qdrant_candidates_plus_postgres_acl
qdrant,250000,2,w4_acl,488,10.677625,1.0,10,128,qdrant_candidates_plus_postgres_acl
qdrant,250000,2,w4_acl,159,10.339416,1.0,10,128,qdrant_candidates_plus_postgres_acl
qdrant,250000,2,w4_acl,185,9.556083,1.0,10,128,qdrant_candidates_plus_postgres_acl
qdrant,250000,2,w4_acl,549,10.672625,1.0,10,128,qdrant_candidates_plus_postgres_acl
qdrant,250000,2,w4_acl,164,12.073542,1.0,10,128,qdrant_candidates_plus_postgres_acl
qdrant,250000,2,w4_acl,103,16.731292,1.0,10,128,qdrant_candidates_plus_postgres_acl
qdrant,250000,2,w4_acl,738,10.0275,1.0,10,128,qdrant_candidates_plus_postgres_acl
qdrant,250000,2,w4_acl,334,11.896041,1.0,10,128,qdrant_candidates_plus_postgres_acl
qdrant,250000,2,w4_acl,970,12.500125,1.0,10,128,qdrant_candidates_plus_postgres_acl
qdrant,250000,2,w4_acl,389,14.371208,1.0,10,128,qdrant_candidates_plus_postgres_acl
qdrant,250000,2,w4_acl,497,12.860208,1.0,10,128,qdrant_candidates_plus_postgres_acl
qdrant,250000,2,w4_acl,990,12.182709,1.0,10,128,qdrant_candidates_plus_postgres_acl
qdrant,250000,2,w4_acl,292,9.177125,1.0,10,128,qdrant_candidates_plus_postgres_acl
qdrant,250000,2,w4_acl,628,22.293208,1.0,10,128,qdrant_candidates_plus_postgres_acl
qdrant,250000,2,w4_acl,152,11.025833,1.0,10,128,qdrant_candidates_plus_postgres_acl
qdrant,250000,2,w4_acl,373,39.37025,1.0,10,128,qdrant_candidates_plus_postgres_acl
qdrant,250000,2,w4_acl,626,7.992917,1.0,10,128,qdrant_candidates_plus_postgres_acl
qdrant,250000,2,w4_acl,423,7.505875,1.0,10,128,qdrant_candidates_plus_postgres_acl
qdrant,250000,2,w4_acl,383,7.212334,1.0,10,128,qdrant_candidates_plus_postgres_acl
qdrant,250000,2,w4_acl,872,7.906708,1.0,10,128,qdrant_candidates_plus_postgres_acl
qdrant,250000,2,w4_acl,243,7.923459,1.0,10,128,qdrant_candidates_plus_postgres_acl
qdrant,250000,2,w4_acl,369,8.261292,1.0,10,128,qdrant_candidates_plus_postgres_acl
qdrant,250000,2,w4_acl,342,7.703417,1.0,10,128,qdrant_candidates_plus_postgres_acl
qdrant,250000,2,w4_acl,286,9.283375,1.0,10,128,qdrant_candidates_plus_postgres_acl
qdrant,250000,2,w4_acl,266,7.478583,1.0,10,128,qdrant_candidates_plus_postgres_acl
qdrant,250000,2,w4_acl,475,6.522042,1.0,10,128,qdrant_candidates_plus_postgres_acl
qdrant,250000,2,w4_acl,929,6.872,1.0,10,128,qdrant_candidates_plus_postgres_acl
qdrant,250000,2,w4_acl,456,6.678375,1.0,10,128,qdrant_candidates_plus_postgres_acl
qdrant,250000,2,w4_acl,888,6.689709,1.0,10,128,qdrant_candidates_plus_postgres_acl
qdrant,250000,2,w4_acl,988,6.806833,1.0,10,128,qdrant_candidates_plus_postgres_acl
qdrant,250000,2,w4_acl,371,6.995792,1.0,10,128,qdrant_candidates_plus_postgres_acl
qdrant,250000,2,w4_acl,119,6.587209,1.0,10,128,qdrant_candidates_plus_postgres_acl
qdrant,250000,2,w4_acl,415,6.329333,1.0,10,128,qdrant_candidates_plus_postgres_acl
qdrant,250000,2,w4_acl,822,6.061792,1.0,10,128,qdrant_candidates_plus_postgres_acl
qdrant,250000,2,w4_acl,147,7.497958,1.0,10,128,qdrant_candidates_plus_postgres_acl
qdrant,250000,2,w4_acl,624,5.963167,1.0,10,128,qdrant_candidates_plus_postgres_acl
qdrant,250000,2,w4_acl,187,8.092542,1.0,10,128,qdrant_candidates_plus_postgres_acl
qdrant,250000,2,w4_acl,254,9.915917,1.0,10,128,qdrant_candidates_plus_postgres_acl
qdrant,250000,2,w4_acl,225,9.881833,1.0,10,128,qdrant_candidates_plus_postgres_acl
qdrant,250000,2,w4_acl,124,16.695291,1.0,10,128,qdrant_candidates_plus_postgres_acl
qdrant,250000,2,w4_acl,828,8.296167,1.0,10,128,qdrant_candidates_plus_postgres_acl
qdrant,250000,2,w4_acl,424,13.753916,1.0,10,128,qdrant_candidates_plus_postgres_acl
qdrant,250000,2,w4_acl,104,9.645583,1.0,10,128,qdrant_candidates_plus_postgres_acl
qdrant,250000,2,w4_acl,142,16.189459,1.0,10,128,qdrant_candidates_plus_postgres_acl
qdrant,250000,2,w4_acl,106,8.961458,1.0,10,128,qdrant_candidates_plus_postgres_acl
qdrant,250000,2,w4_acl,904,10.16675,1.0,10,128,qdrant_candidates_plus_postgres_acl
qdrant,250000,2,w4_acl,409,9.093333,1.0,10,128,qdrant_candidates_plus_postgres_acl
qdrant,250000,2,w4_acl,749,8.250875,1.0,10,128,qdrant_candidates_plus_postgres_acl
qdrant,250000,2,w4_acl,135,8.946583,1.0,10,128,qdrant_candidates_plus_postgres_acl
qdrant,250000,2,w4_acl,836,13.085542,1.0,10,128,qdrant_candidates_plus_postgres_acl
qdrant,250000,2,w4_acl,592,7.8155,1.0,10,128,qdrant_candidates_plus_postgres_acl
qdrant,250000,2,w4_acl,534,12.025625,1.0,10,128,qdrant_candidates_plus_postgres_acl
qdrant,250000,2,w4_acl,136,11.824916,1.0,10,128,qdrant_candidates_plus_postgres_acl
qdrant,250000,2,w4_acl,165,8.754333,1.0,10,128,qdrant_candidates_plus_postgres_acl
qdrant,250000,2,w4_acl,273,9.135541,1.0,10,128,qdrant_candidates_plus_postgres_acl
qdrant,250000,2,w4_acl,973,14.429125,1.0,10,128,qdrant_candidates_plus_postgres_acl
qdrant,250000,2,w4_acl,278,7.925209,1.0,10,128,qdrant_candidates_plus_postgres_acl
qdrant,250000,2,w4_acl,357,9.158208,1.0,10,128,qdrant_candidates_plus_postgres_acl
qdrant,250000,2,w4_acl,675,9.747,1.0,10,128,qdrant_candidates_plus_postgres_acl
qdrant,250000,2,w4_acl,207,10.621791,1.0,10,128,qdrant_candidates_plus_postgres_acl
qdrant,250000,2,w4_acl,490,10.27725,1.0,10,128,qdrant_candidates_plus_postgres_acl
qdrant,250000,2,w4_acl,901,8.66025,1.0,10,128,qdrant_candidates_plus_postgres_acl
qdrant,250000,2,w4_acl,996,9.390333,1.0,10,128,qdrant_candidates_plus_postgres_acl
qdrant,250000,2,w4_acl,406,16.459084,1.0,10,128,qdrant_candidates_plus_postgres_acl
qdrant,250000,2,w4_acl,363,8.1995,1.0,10,128,qdrant_candidates_plus_postgres_acl
qdrant,250000,2,w4_acl,966,8.8775,1.0,10,128,qdrant_candidates_plus_postgres_acl
qdrant,250000,2,w4_acl,789,9.65675,1.0,10,128,qdrant_candidates_plus_postgres_acl
qdrant,250000,2,w4_acl,693,9.687208,1.0,10,128,qdrant_candidates_plus_postgres_acl
qdrant,250000,2,w4_acl,992,11.933167,1.0,10,128,qdrant_candidates_plus_postgres_acl
qdrant,250000,2,w4_acl,980,9.6955,1.0,10,128,qdrant_candidates_plus_postgres_acl
qdrant,250000,2,w4_acl,964,13.880375,1.0,10,128,qdrant_candidates_plus_postgres_acl
qdrant,250000,2,w4_acl,607,11.853792,1.0,10,128,qdrant_candidates_plus_postgres_acl
qdrant,250000,2,w4_acl,844,9.483291,1.0,10,128,qdrant_candidates_plus_postgres_acl
qdrant,250000,2,w4_acl,783,12.837667,1.0,10,128,qdrant_candidates_plus_postgres_acl
qdrant,250000,2,w4_acl,155,9.546375,1.0,10,128,qdrant_candidates_plus_postgres_acl
qdrant,250000,2,w4_acl,864,7.899083,1.0,10,128,qdrant_candidates_plus_postgres_acl
qdrant,250000,2,w4_acl,408,9.677417,1.0,10,128,qdrant_candidates_plus_postgres_acl
qdrant,250000,2,w4_acl,994,12.97875,1.0,10,128,qdrant_candidates_plus_postgres_acl
qdrant,250000,2,w4_acl,668,9.114708,1.0,10,128,qdrant_candidates_plus_postgres_acl
qdrant,250000,2,w4_acl,560,11.32225,1.0,10,128,qdrant_candidates_plus_postgres_acl
qdrant,250000,2,w4_acl,853,11.83275,1.0,10,128,qdrant_candidates_plus_postgres_acl
qdrant,250000,2,w4_acl,117,9.91325,1.0,10,128,qdrant_candidates_plus_postgres_acl
qdrant,250000,2,w4_acl,834,11.573709,1.0,10,128,qdrant_candidates_plus_postgres_acl
qdrant,250000,2,w4_acl,328,9.158584,1.0,10,128,qdrant_candidates_plus_postgres_acl
qdrant,250000,2,w4_acl,842,12.129584,1.0,10,128,qdrant_candidates_plus_postgres_acl
qdrant,250000,2,w4_acl,234,10.636042,1.0,10,128,qdrant_candidates_plus_postgres_acl
qdrant,250000,2,w4_acl,289,16.63125,1.0,10,128,qdrant_candidates_plus_postgres_acl
qdrant,250000,2,w4_acl,544,9.9765,1.0,10,128,qdrant_candidates_plus_postgres_acl
qdrant,250000,2,w4_acl,176,14.672875,1.0,10,128,qdrant_candidates_plus_postgres_acl
qdrant,250000,2,w4_acl,231,12.190917,1.0,10,128,qdrant_candidates_plus_postgres_acl
qdrant,250000,2,w4_acl,432,13.799666,1.0,10,128,qdrant_candidates_plus_postgres_acl
qdrant,250000,2,w4_acl,651,10.024084,1.0,10,128,qdrant_candidates_plus_postgres_acl
qdrant,250000,2,w4_acl,222,9.321,1.0,10,128,qdrant_candidates_plus_postgres_acl
qdrant,250000,2,w4_acl,585,9.965208,1.0,10,128,qdrant_candidates_plus_postgres_acl
qdrant,250000,2,w4_acl,141,13.504292,1.0,10,128,qdrant_candidates_plus_postgres_acl
qdrant,250000,2,w4_acl,845,12.374125,1.0,10,128,qdrant_candidates_plus_postgres_acl
qdrant,250000,2,w4_acl,265,12.586291,1.0,10,128,qdrant_candidates_plus_postgres_acl
qdrant,250000,2,w4_acl,633,12.900042,1.0,10,128,qdrant_candidates_plus_postgres_acl
qdrant,250000,2,w4_acl,422,11.5275,1.0,10,128,qdrant_candidates_plus_postgres_acl
qdrant,250000,2,w4_acl,581,12.915292,1.0,10,128,qdrant_candidates_plus_postgres_acl
qdrant,250000,2,w4_acl,143,12.128083,1.0,10,128,qdrant_candidates_plus_postgres_acl
qdrant,250000,2,w4_acl,525,9.547791,1.0,10,128,qdrant_candidates_plus_postgres_acl
qdrant,250000,2,w4_acl,169,13.087125,1.0,10,128,qdrant_candidates_plus_postgres_acl
qdrant,250000,2,w4_acl,712,9.74575,1.0,10,128,qdrant_candidates_plus_postgres_acl
qdrant,250000,2,w4_acl,764,13.527083,1.0,10,128,qdrant_candidates_plus_postgres_acl
qdrant,250000,2,w4_acl,665,12.512458,1.0,10,128,qdrant_candidates_plus_postgres_acl
qdrant,250000,2,w4_acl,198,14.951083,1.0,10,128,qdrant_candidates_plus_postgres_acl
qdrant,250000,2,w4_acl,182,14.027709,1.0,10,128,qdrant_candidates_plus_postgres_acl
qdrant,250000,2,w4_acl,462,11.072833,1.0,10,128,qdrant_candidates_plus_postgres_acl
qdrant,250000,2,w4_acl,465,9.129375,1.0,10,128,qdrant_candidates_plus_postgres_acl
qdrant,250000,2,w4_acl,572,11.877,1.0,10,128,qdrant_candidates_plus_postgres_acl
qdrant,250000,2,w4_acl,541,13.262083,1.0,10,128,qdrant_candidates_plus_postgres_acl
qdrant,250000,2,w4_acl,898,15.788416,1.0,10,128,qdrant_candidates_plus_postgres_acl
qdrant,250000,2,w4_acl,874,12.454417,1.0,10,128,qdrant_candidates_plus_postgres_acl
qdrant,250000,2,w4_acl,485,15.266167,1.0,10,128,qdrant_candidates_plus_postgres_acl
qdrant,250000,2,w4_acl,590,14.293042,1.0,10,128,qdrant_candidates_plus_postgres_acl
qdrant,250000,2,w4_acl,861,10.810458,1.0,10,128,qdrant_candidates_plus_postgres_acl
qdrant,250000,2,w4_acl,531,11.33775,1.0,10,128,qdrant_candidates_plus_postgres_acl
qdrant,250000,2,w4_acl,481,8.635375,1.0,10,128,qdrant_candidates_plus_postgres_acl
qdrant,250000,2,w4_acl,659,7.853792,1.0,10,128,qdrant_candidates_plus_postgres_acl
qdrant,250000,2,w4_acl,429,9.824458,1.0,10,128,qdrant_candidates_plus_postgres_acl
qdrant,250000,2,w4_acl,308,8.775125,1.0,10,128,qdrant_candidates_plus_postgres_acl
qdrant,250000,2,w4_acl,109,8.716459,1.0,10,128,qdrant_candidates_plus_postgres_acl
qdrant,250000,2,w4_acl,700,8.052375,1.0,10,128,qdrant_candidates_plus_postgres_acl
qdrant,250000,2,w4_acl,320,8.329708,1.0,10,128,qdrant_candidates_plus_postgres_acl
qdrant,250000,2,w4_acl,469,8.038125,1.0,10,128,qdrant_candidates_plus_postgres_acl
qdrant,250000,2,w4_acl,558,9.640208,1.0,10,128,qdrant_candidates_plus_postgres_acl
qdrant,250000,2,w4_acl,692,7.993792,1.0,10,128,qdrant_candidates_plus_postgres_acl
qdrant,250000,2,w4_acl,847,9.675209,1.0,10,128,qdrant_candidates_plus_postgres_acl
qdrant,250000,2,w4_acl,721,9.871,1.0,10,128,qdrant_candidates_plus_postgres_acl
qdrant,250000,2,w4_acl,413,9.867625,1.0,10,128,qdrant_candidates_plus_postgres_acl
qdrant,250000,2,w4_acl,743,10.011791,1.0,10,128,qdrant_candidates_plus_postgres_acl
qdrant,250000,2,w4_acl,600,9.290792,1.0,10,128,qdrant_candidates_plus_postgres_acl
qdrant,250000,2,w4_acl,448,10.333416,1.0,10,128,qdrant_candidates_plus_postgres_acl
qdrant,250000,2,w4_acl,622,9.394083,1.0,10,128,qdrant_candidates_plus_postgres_acl
qdrant,250000,2,w4_acl,418,11.205791,1.0,10,128,qdrant_candidates_plus_postgres_acl
qdrant,250000,2,w4_acl,263,9.593208,1.0,10,128,qdrant_candidates_plus_postgres_acl
qdrant,250000,2,w4_acl,915,11.328167,1.0,10,128,qdrant_candidates_plus_postgres_acl
qdrant,250000,2,w4_acl,871,10.812291,1.0,10,128,qdrant_candidates_plus_postgres_acl
qdrant,250000,2,w4_acl,876,10.168417,1.0,10,128,qdrant_candidates_plus_postgres_acl
qdrant,250000,2,w4_acl,985,8.958833,1.0,10,128,qdrant_candidates_plus_postgres_acl
qdrant,250000,2,w4_acl,702,9.414417,1.0,10,128,qdrant_candidates_plus_postgres_acl
qdrant,250000,2,w4_acl,760,9.405333,1.0,10,128,qdrant_candidates_plus_postgres_acl
qdrant,250000,2,w4_acl,153,9.387583,1.0,10,128,qdrant_candidates_plus_postgres_acl
qdrant,250000,2,w4_acl,758,9.062416,1.0,10,128,qdrant_candidates_plus_postgres_acl
qdrant,250000,2,w4_acl,843,10.325083,1.0,10,128,qdrant_candidates_plus_postgres_acl
qdrant,250000,2,w4_acl,777,9.87425,1.0,10,128,qdrant_candidates_plus_postgres_acl
qdrant,250000,2,w4_acl,812,9.708,1.0,10,128,qdrant_candidates_plus_postgres_acl
qdrant,250000,2,w4_acl,503,10.189458,1.0,10,128,qdrant_candidates_plus_postgres_acl
qdrant,250000,2,w4_acl,426,8.819875,1.0,10,128,qdrant_candidates_plus_postgres_acl
qdrant,250000,2,w4_acl,927,8.896167,1.0,10,128,qdrant_candidates_plus_postgres_acl
qdrant,250000,2,w4_acl,251,10.057166,1.0,10,128,qdrant_candidates_plus_postgres_acl
qdrant,250000,2,w4_acl,555,9.28475,1.0,10,128,qdrant_candidates_plus_postgres_acl
qdrant,250000,2,w4_acl,729,8.331333,1.0,10,128,qdrant_candidates_plus_postgres_acl
qdrant,250000,2,w4_acl,132,9.656167,1.0,10,128,qdrant_candidates_plus_postgres_acl
qdrant,250000,2,w4_acl,101,8.322708,1.0,10,128,qdrant_candidates_plus_postgres_acl
qdrant,250000,2,w4_acl,780,8.636125,1.0,10,128,qdrant_candidates_plus_postgres_acl
qdrant,250000,2,w4_acl,753,8.690542,1.0,10,128,qdrant_candidates_plus_postgres_acl
qdrant,250000,2,w4_acl,105,9.278542,1.0,10,128,qdrant_candidates_plus_postgres_acl
qdrant,250000,2,w4_acl,268,9.399417,1.0,10,128,qdrant_candidates_plus_postgres_acl
qdrant,250000,2,w4_acl,613,11.554709,1.0,10,128,qdrant_candidates_plus_postgres_acl
qdrant,250000,2,w4_acl,291,8.245916,1.0,10,128,qdrant_candidates_plus_postgres_acl
qdrant,250000,2,w4_acl,846,10.182334,1.0,10,128,qdrant_candidates_plus_postgres_acl
qdrant,250000,2,w4_acl,394,9.699208,1.0,10,128,qdrant_candidates_plus_postgres_acl
qdrant,250000,2,w4_acl,324,9.169375,1.0,10,128,qdrant_candidates_plus_postgres_acl
qdrant,250000,2,w4_acl,717,10.128583,1.0,10,128,qdrant_candidates_plus_postgres_acl
qdrant,250000,2,w4_acl,347,11.104916,1.0,10,128,qdrant_candidates_plus_postgres_acl
qdrant,250000,2,w4_acl,944,8.958833,1.0,10,128,qdrant_candidates_plus_postgres_acl
qdrant,250000,2,w4_acl,740,8.859959,1.0,10,128,qdrant_candidates_plus_postgres_acl
qdrant,250000,2,w4_acl,817,9.322,1.0,10,128,qdrant_candidates_plus_postgres_acl
qdrant,250000,2,w4_acl,529,9.93375,1.0,10,128,qdrant_candidates_plus_postgres_acl
qdrant,250000,2,w4_acl,486,9.663208,1.0,10,128,qdrant_candidates_plus_postgres_acl
qdrant,250000,2,w4_acl,410,8.980708,1.0,10,128,qdrant_candidates_plus_postgres_acl
qdrant,250000,2,w4_acl,211,12.793959,1.0,10,128,qdrant_candidates_plus_postgres_acl
qdrant,250000,2,w4_acl,968,9.937,1.0,10,128,qdrant_candidates_plus_postgres_acl
qdrant,250000,2,w4_acl,280,11.600875,1.0,10,128,qdrant_candidates_plus_postgres_acl
qdrant,250000,2,w4_acl,274,11.169625,1.0,10,128,qdrant_candidates_plus_postgres_acl
qdrant,250000,2,w4_acl,551,9.964042,1.0,10,128,qdrant_candidates_plus_postgres_acl
qdrant,250000,2,w4_acl,528,10.837958,1.0,10,128,qdrant_candidates_plus_postgres_acl
qdrant,250000,2,w4_acl,925,14.563917,1.0,10,128,qdrant_candidates_plus_postgres_acl
qdrant,250000,2,w4_acl,778,16.098375,1.0,10,128,qdrant_candidates_plus_postgres_acl
qdrant,250000,2,w4_acl,637,10.001625,1.0,10,128,qdrant_candidates_plus_postgres_acl
qdrant,250000,2,w4_acl,854,12.641042,1.0,10,128,qdrant_candidates_plus_postgres_acl
qdrant,250000,2,w4_acl,178,13.924125,1.0,10,128,qdrant_candidates_plus_postgres_acl
qdrant,250000,2,w4_acl,439,12.242625,1.0,10,128,qdrant_candidates_plus_postgres_acl
qdrant,250000,2,w4_acl,751,12.674416,1.0,10,128,qdrant_candidates_plus_postgres_acl
qdrant,250000,2,w4_acl,701,13.819417,1.0,10,128,qdrant_candidates_plus_postgres_acl
qdrant,250000,2,w4_acl,695,17.088541,1.0,10,128,qdrant_candidates_plus_postgres_acl
qdrant,250000,2,w4_acl,957,11.316792,1.0,10,128,qdrant_candidates_plus_postgres_acl
qdrant,250000,2,w4_acl,327,13.465541,1.0,10,128,qdrant_candidates_plus_postgres_acl
qdrant,250000,2,w4_acl,287,9.12725,1.0,10,128,qdrant_candidates_plus_postgres_acl
qdrant,250000,2,w4_acl,972,14.029042,1.0,10,128,qdrant_candidates_plus_postgres_acl
qdrant,250000,2,w4_acl,427,8.806875,1.0,10,128,qdrant_candidates_plus_postgres_acl
qdrant,250000,2,w4_acl,892,11.530625,1.0,10,128,qdrant_candidates_plus_postgres_acl
qdrant,250000,2,w4_acl,641,12.425,1.0,10,128,qdrant_candidates_plus_postgres_acl
qdrant,250000,2,w4_acl,436,11.026209,1.0,10,128,qdrant_candidates_plus_postgres_acl
qdrant,250000,2,w4_acl,380,10.242125,1.0,10,128,qdrant_candidates_plus_postgres_acl
qdrant,250000,2,w4_acl,381,10.7905,1.0,10,128,qdrant_candidates_plus_postgres_acl
qdrant,250000,2,w4_acl,482,13.058542,1.0,10,128,qdrant_candidates_plus_postgres_acl
qdrant,250000,2,w4_acl,824,8.73425,1.0,10,128,qdrant_candidates_plus_postgres_acl
qdrant,250000,2,w4_acl,476,14.034042,1.0,10,128,qdrant_candidates_plus_postgres_acl
qdrant,250000,2,w4_acl,629,9.736417,1.0,10,128,qdrant_candidates_plus_postgres_acl
qdrant,250000,2,w4_acl,606,11.8095,1.0,10,128,qdrant_candidates_plus_postgres_acl
qdrant,250000,2,w4_acl,399,12.963125,1.0,10,128,qdrant_candidates_plus_postgres_acl
qdrant,250000,2,w4_acl,527,12.5135,1.0,10,128,qdrant_candidates_plus_postgres_acl
qdrant,250000,2,w4_acl,953,12.660041,1.0,10,128,qdrant_candidates_plus_postgres_acl
qdrant,250000,2,w4_acl,635,12.720417,1.0,10,128,qdrant_candidates_plus_postgres_acl
qdrant,250000,2,w4_acl,323,10.783417,1.0,10,128,qdrant_candidates_plus_postgres_acl
qdrant,250000,2,w4_acl,728,17.106083,1.0,10,128,qdrant_candidates_plus_postgres_acl
qdrant,250000,2,w4_acl,519,13.275708,1.0,10,128,qdrant_candidates_plus_postgres_acl
qdrant,250000,2,w4_acl,955,11.26925,1.0,10,128,qdrant_candidates_plus_postgres_acl
qdrant,250000,2,w4_acl,468,11.828291,1.0,10,128,qdrant_candidates_plus_postgres_acl
qdrant,250000,2,w4_acl,201,15.110917,1.0,10,128,qdrant_candidates_plus_postgres_acl
qdrant,250000,2,w4_acl,224,12.461416,1.0,10,128,qdrant_candidates_plus_postgres_acl
qdrant,250000,2,w4_acl,259,13.695875,1.0,10,128,qdrant_candidates_plus_postgres_acl
qdrant,250000,2,w4_acl,745,16.655,1.0,10,128,qdrant_candidates_plus_postgres_acl
qdrant,250000,2,w4_acl,946,13.961542,1.0,10,128,qdrant_candidates_plus_postgres_acl
qdrant,250000,2,w4_acl,638,15.165375,1.0,10,128,qdrant_candidates_plus_postgres_acl
qdrant,250000,2,w4_acl,515,15.420291,1.0,10,128,qdrant_candidates_plus_postgres_acl
qdrant,250000,2,w4_acl,524,11.162791,1.0,10,128,qdrant_candidates_plus_postgres_acl
qdrant,250000,2,w4_acl,513,10.977792,1.0,10,128,qdrant_candidates_plus_postgres_acl
qdrant,250000,2,w4_acl,632,13.787625,1.0,10,128,qdrant_candidates_plus_postgres_acl
qdrant,250000,2,w4_acl,489,11.22,1.0,10,128,qdrant_candidates_plus_postgres_acl
qdrant,250000,2,w4_acl,756,11.589209,1.0,10,128,qdrant_candidates_plus_postgres_acl
qdrant,250000,2,w4_acl,538,14.282833,1.0,10,128,qdrant_candidates_plus_postgres_acl
qdrant,250000,2,w4_acl,386,10.239458,1.0,10,128,qdrant_candidates_plus_postgres_acl
qdrant,250000,2,w4_acl,680,10.346375,1.0,10,128,qdrant_candidates_plus_postgres_acl
qdrant,250000,2,w4_acl,694,11.132334,1.0,10,128,qdrant_candidates_plus_postgres_acl
qdrant,250000,2,w4_acl,514,11.002542,1.0,10,128,qdrant_candidates_plus_postgres_acl
qdrant,250000,2,w4_acl,557,14.382708,1.0,10,128,qdrant_candidates_plus_postgres_acl
qdrant,250000,2,w4_acl,306,10.857583,1.0,10,128,qdrant_candidates_plus_postgres_acl
qdrant,250000,2,w4_acl,138,11.608708,1.0,10,128,qdrant_candidates_plus_postgres_acl
qdrant,250000,2,w4_acl,335,9.004125,1.0,10,128,qdrant_candidates_plus_postgres_acl
qdrant,250000,2,w4_acl,793,10.034334,1.0,10,128,qdrant_candidates_plus_postgres_acl
qdrant,250000,2,w4_acl,683,14.603,1.0,10,128,qdrant_candidates_plus_postgres_acl
qdrant,250000,2,w4_acl,741,9.525083,1.0,10,128,qdrant_candidates_plus_postgres_acl
qdrant,250000,2,w4_acl,148,11.735084,1.0,10,128,qdrant_candidates_plus_postgres_acl
qdrant,250000,2,w4_acl,909,17.170959,1.0,10,128,qdrant_candidates_plus_postgres_acl
qdrant,250000,2,w4_acl,171,28.6195,1.0,10,128,qdrant_candidates_plus_postgres_acl
qdrant,250000,2,w4_acl,796,12.129625,1.0,10,128,qdrant_candidates_plus_postgres_acl
qdrant,250000,2,w4_acl,277,11.129959,1.0,10,128,qdrant_candidates_plus_postgres_acl
qdrant,250000,2,w4_acl,627,9.126083,1.0,10,128,qdrant_candidates_plus_postgres_acl
qdrant,250000,2,w4_acl,956,13.634458,1.0,10,128,qdrant_candidates_plus_postgres_acl
qdrant,250000,2,w4_acl,498,10.373209,1.0,10,128,qdrant_candidates_plus_postgres_acl
qdrant,250000,2,w4_acl,936,11.737084,1.0,10,128,qdrant_candidates_plus_postgres_acl
qdrant,250000,2,w4_acl,649,11.143333,1.0,10,128,qdrant_candidates_plus_postgres_acl
qdrant,250000,2,w4_acl,556,12.132167,1.0,10,128,qdrant_candidates_plus_postgres_acl
qdrant,250000,2,w4_acl,877,17.340667,1.0,10,128,qdrant_candidates_plus_postgres_acl
qdrant,250000,2,w4_acl,746,10.495875,1.0,10,128,qdrant_candidates_plus_postgres_acl
qdrant,250000,2,w4_acl,312,10.193625,1.0,10,128,qdrant_candidates_plus_postgres_acl
qdrant,250000,2,w4_acl,784,12.238959,1.0,10,128,qdrant_candidates_plus_postgres_acl
qdrant,250000,2,w4_acl,493,15.47675,1.0,10,128,qdrant_candidates_plus_postgres_acl
qdrant,250000,2,w4_acl,908,12.648958,1.0,10,128,qdrant_candidates_plus_postgres_acl
qdrant,250000,2,w4_acl,227,12.028417,1.0,10,128,qdrant_candidates_plus_postgres_acl
qdrant,250000,2,w4_acl,950,12.520042,1.0,10,128,qdrant_candidates_plus_postgres_acl
qdrant,250000,2,w4_acl,300,9.160083,1.0,10,128,qdrant_candidates_plus_postgres_acl
qdrant,250000,2,w4_acl,112,10.995375,1.0,10,128,qdrant_candidates_plus_postgres_acl
qdrant,250000,2,w4_acl,754,10.32025,1.0,10,128,qdrant_candidates_plus_postgres_acl
qdrant,250000,2,w4_acl,816,10.275625,1.0,10,128,qdrant_candidates_plus_postgres_acl
qdrant,250000,2,w4_acl,937,10.971584,1.0,10,128,qdrant_candidates_plus_postgres_acl
qdrant,250000,2,w4_acl,154,10.092083,1.0,10,128,qdrant_candidates_plus_postgres_acl
qdrant,250000,2,w4_acl,150,9.28925,1.0,10,128,qdrant_candidates_plus_postgres_acl
qdrant,250000,2,w4_acl,840,15.82425,1.0,10,128,qdrant_candidates_plus_postgres_acl
qdrant,250000,2,w4_acl,102,10.13175,1.0,10,128,qdrant_candidates_plus_postgres_acl
qdrant,250000,2,w4_acl,464,8.799083,1.0,10,128,qdrant_candidates_plus_postgres_acl
qdrant,250000,2,w4_acl,299,11.303458,1.0,10,128,qdrant_candidates_plus_postgres_acl
qdrant,250000,2,w4_acl,815,14.025542,1.0,10,128,qdrant_candidates_plus_postgres_acl
qdrant,250000,2,w4_acl,267,9.026833,1.0,10,128,qdrant_candidates_plus_postgres_acl
qdrant,250000,2,w4_acl,761,9.854125,1.0,10,128,qdrant_candidates_plus_postgres_acl
qdrant,250000,2,w4_acl,726,13.215625,1.0,10,128,qdrant_candidates_plus_postgres_acl
qdrant,250000,2,w4_acl,757,12.825458,1.0,10,128,qdrant_candidates_plus_postgres_acl
qdrant,250000,2,w4_acl,631,8.96125,1.0,10,128,qdrant_candidates_plus_postgres_acl
qdrant,250000,2,w4_acl,855,10.384666,1.0,10,128,qdrant_candidates_plus_postgres_acl
qdrant,250000,2,w4_acl,346,9.348625,1.0,10,128,qdrant_candidates_plus_postgres_acl
qdrant,250000,2,w4_acl,495,14.324875,1.0,10,128,qdrant_candidates_plus_postgres_acl
qdrant,250000,2,w4_acl,705,10.024708,1.0,10,128,qdrant_candidates_plus_postgres_acl
qdrant,250000,2,w4_acl,867,8.981958,1.0,10,128,qdrant_candidates_plus_postgres_acl
qdrant,250000,2,w4_acl,948,12.7795,1.0,10,128,qdrant_candidates_plus_postgres_acl
qdrant,250000,2,w4_acl,435,9.997334,1.0,10,128,qdrant_candidates_plus_postgres_acl
qdrant,250000,2,w4_acl,989,10.59375,1.0,10,128,qdrant_candidates_plus_postgres_acl
qdrant,250000,2,w4_acl,720,9.908041,1.0,10,128,qdrant_candidates_plus_postgres_acl
qdrant,250000,2,w4_acl,830,10.963417,1.0,10,128,qdrant_candidates_plus_postgres_acl
qdrant,250000,2,w4_acl,646,15.672041,1.0,10,128,qdrant_candidates_plus_postgres_acl
qdrant,250000,2,w4_acl,473,9.834416,1.0,10,128,qdrant_candidates_plus_postgres_acl
qdrant,250000,2,w4_acl,706,9.536542,1.0,10,128,qdrant_candidates_plus_postgres_acl
qdrant,250000,2,w4_acl,487,12.741625,1.0,10,128,qdrant_candidates_plus_postgres_acl
qdrant,250000,2,w4_acl,478,11.914583,1.0,10,128,qdrant_candidates_plus_postgres_acl
qdrant,250000,2,w4_acl,262,11.7295,1.0,10,128,qdrant_candidates_plus_postgres_acl
qdrant,250000,2,w4_acl,396,10.33825,1.0,10,128,qdrant_candidates_plus_postgres_acl
qdrant,250000,2,w4_acl,144,8.445208,1.0,10,128,qdrant_candidates_plus_postgres_acl
qdrant,250000,2,w4_acl,863,15.741667,1.0,10,128,qdrant_candidates_plus_postgres_acl
qdrant,250000,2,w4_acl,516,9.178917,1.0,10,128,qdrant_candidates_plus_postgres_acl
qdrant,250000,2,w4_acl,565,8.021875,1.0,10,128,qdrant_candidates_plus_postgres_acl
qdrant,250000,2,w4_acl,184,11.494375,1.0,10,128,qdrant_candidates_plus_postgres_acl
qdrant,250000,2,w4_acl,636,12.852875,1.0,10,128,qdrant_candidates_plus_postgres_acl
qdrant,250000,2,w4_acl,457,13.058542,1.0,10,128,qdrant_candidates_plus_postgres_acl
qdrant,250000,2,w4_acl,526,8.942042,1.0,10,128,qdrant_candidates_plus_postgres_acl
qdrant,250000,2,w4_acl,166,13.23875,1.0,10,128,qdrant_candidates_plus_postgres_acl
qdrant,250000,2,w4_acl,533,15.236667,1.0,10,128,qdrant_candidates_plus_postgres_acl
qdrant,250000,2,w4_acl,547,8.75925,1.0,10,128,qdrant_candidates_plus_postgres_acl
qdrant,250000,2,w4_acl,894,10.338333,1.0,10,128,qdrant_candidates_plus_postgres_acl
qdrant,250000,2,w4_acl,691,13.628709,1.0,10,128,qdrant_candidates_plus_postgres_acl
qdrant,250000,2,w4_acl,669,9.035375,1.0,10,128,qdrant_candidates_plus_postgres_acl
qdrant,250000,2,w4_acl,566,13.492833,1.0,10,128,qdrant_candidates_plus_postgres_acl
qdrant,250000,2,w4_acl,979,10.325042,1.0,10,128,qdrant_candidates_plus_postgres_acl
qdrant,250000,2,w4_acl,452,16.356958,1.0,10,128,qdrant_candidates_plus_postgres_acl
qdrant,250000,2,w4_acl,947,12.541125,1.0,10,128,qdrant_candidates_plus_postgres_acl
qdrant,250000,2,w4_acl,193,10.160833,1.0,10,128,qdrant_candidates_plus_postgres_acl
qdrant,250000,2,w4_acl,580,9.974834,1.0,10,128,qdrant_candidates_plus_postgres_acl
qdrant,250000,2,w4_acl,896,11.857708,1.0,10,128,qdrant_candidates_plus_postgres_acl
qdrant,250000,2,w4_acl,218,10.116375,1.0,10,128,qdrant_candidates_plus_postgres_acl
qdrant,250000,2,w4_acl,897,10.154916,1.0,10,128,qdrant_candidates_plus_postgres_acl
qdrant,250000,2,w4_acl,522,10.099375,1.0,10,128,qdrant_candidates_plus_postgres_acl
qdrant,250000,2,w4_acl,563,9.949333,1.0,10,128,qdrant_candidates_plus_postgres_acl
qdrant,250000,2,w4_acl,998,15.477417,1.0,10,128,qdrant_candidates_plus_postgres_acl
qdrant,250000,2,w4_acl,128,9.76825,1.0,10,128,qdrant_candidates_plus_postgres_acl
qdrant,250000,2,w4_acl,199,15.113292,1.0,10,128,qdrant_candidates_plus_postgres_acl
qdrant,250000,2,w4_acl,479,9.896709,1.0,10,128,qdrant_candidates_plus_postgres_acl
qdrant,250000,2,w4_acl,623,15.1825,1.0,10,128,qdrant_candidates_plus_postgres_acl
qdrant,250000,2,w4_acl,213,11.163958,1.0,10,128,qdrant_candidates_plus_postgres_acl
qdrant,250000,2,w4_acl,766,13.152042,1.0,10,128,qdrant_candidates_plus_postgres_acl
qdrant,250000,2,w4_acl,532,10.051791,1.0,10,128,qdrant_candidates_plus_postgres_acl
qdrant,250000,2,w4_acl,912,14.635666,1.0,10,128,qdrant_candidates_plus_postgres_acl
qdrant,250000,2,w4_acl,708,10.423125,1.0,10,128,qdrant_candidates_plus_postgres_acl
qdrant,250000,2,w4_acl,214,11.334709,1.0,10,128,qdrant_candidates_plus_postgres_acl
qdrant,250000,2,w4_acl,133,9.469333,1.0,10,128,qdrant_candidates_plus_postgres_acl
qdrant,250000,2,w4_acl,886,12.19,1.0,10,128,qdrant_candidates_plus_postgres_acl
qdrant,250000,2,w4_acl,768,9.013834,1.0,10,128,qdrant_candidates_plus_postgres_acl
qdrant,250000,2,w4_acl,734,10.271666,1.0,10,128,qdrant_candidates_plus_postgres_acl
qdrant,250000,2,w4_acl,715,11.068916,1.0,10,128,qdrant_candidates_plus_postgres_acl
qdrant,250000,2,w4_acl,599,10.394542,1.0,10,128,qdrant_candidates_plus_postgres_acl
qdrant,250000,2,w4_acl,508,16.037334,1.0,10,128,qdrant_candidates_plus_postgres_acl
qdrant,250000,2,w4_acl,827,13.478459,1.0,10,128,qdrant_candidates_plus_postgres_acl
qdrant,250000,2,w4_acl,535,9.724208,1.0,10,128,qdrant_candidates_plus_postgres_acl
qdrant,250000,2,w4_acl,735,10.200209,1.0,10,128,qdrant_candidates_plus_postgres_acl
qdrant,250000,2,w4_acl,247,14.650083,1.0,10,128,qdrant_candidates_plus_postgres_acl
qdrant,250000,2,w4_acl,414,12.690208,1.0,10,128,qdrant_candidates_plus_postgres_acl
qdrant,250000,2,w4_acl,714,14.472875,1.0,10,128,qdrant_candidates_plus_postgres_acl
qdrant,250000,2,w4_acl,837,10.699,1.0,10,128,qdrant_candidates_plus_postgres_acl
qdrant,250000,2,w4_acl,162,14.112208,1.0,10,128,qdrant_candidates_plus_postgres_acl
qdrant,250000,2,w4_acl,672,15.932625,1.0,10,128,qdrant_candidates_plus_postgres_acl
qdrant,250000,2,w4_acl,477,14.159458,1.0,10,128,qdrant_candidates_plus_postgres_acl
qdrant,250000,2,w4_acl,229,12.839,1.0,10,128,qdrant_candidates_plus_postgres_acl
qdrant,250000,2,w4_acl,454,9.595917,1.0,10,128,qdrant_candidates_plus_postgres_acl
qdrant,250000,2,w4_acl,577,15.104084,1.0,10,128,qdrant_candidates_plus_postgres_acl
qdrant,250000,2,w4_acl,571,14.513041,1.0,10,128,qdrant_candidates_plus_postgres_acl
qdrant,250000,2,w4_acl,113,13.603375,1.0,10,128,qdrant_candidates_plus_postgres_acl
qdrant,250000,2,w4_acl,776,13.178458,1.0,10,128,qdrant_candidates_plus_postgres_acl
qdrant,250000,2,w4_acl,248,14.642833,1.0,10,128,qdrant_candidates_plus_postgres_acl
qdrant,250000,2,w4_acl,923,14.285333,1.0,10,128,qdrant_candidates_plus_postgres_acl
qdrant,250000,2,w4_acl,353,15.530541,1.0,10,128,qdrant_candidates_plus_postgres_acl
qdrant,250000,2,w4_acl,472,15.168458,1.0,10,128,qdrant_candidates_plus_postgres_acl
qdrant,250000,2,w4_acl,356,11.511584,1.0,10,128,qdrant_candidates_plus_postgres_acl
qdrant,250000,2,w4_acl,707,14.60325,1.0,10,128,qdrant_candidates_plus_postgres_acl
qdrant,250000,2,w4_acl,250,9.727666,1.0,10,128,qdrant_candidates_plus_postgres_acl
qdrant,250000,2,w4_acl,437,10.531834,1.0,10,128,qdrant_candidates_plus_postgres_acl
qdrant,250000,2,w4_acl,174,10.999542,1.0,10,128,qdrant_candidates_plus_postgres_acl
qdrant,250000,2,w4_acl,236,9.89225,1.0,10,128,qdrant_candidates_plus_postgres_acl
qdrant,250000,2,w4_acl,903,13.527291,1.0,10,128,qdrant_candidates_plus_postgres_acl
qdrant,250000,2,w4_acl,447,9.318875,1.0,10,128,qdrant_candidates_plus_postgres_acl
qdrant,250000,2,w4_acl,575,9.733417,1.0,10,128,qdrant_candidates_plus_postgres_acl
qdrant,250000,2,w4_acl,311,12.853333,1.0,10,128,qdrant_candidates_plus_postgres_acl
qdrant,250000,2,w4_acl,569,9.438417,1.0,10,128,qdrant_candidates_plus_postgres_acl
qdrant,250000,2,w4_acl,401,9.284375,1.0,10,128,qdrant_candidates_plus_postgres_acl
qdrant,250000,2,w4_acl,338,13.288833,1.0,10,128,qdrant_candidates_plus_postgres_acl
qdrant,250000,2,w4_acl,589,17.482,1.0,10,128,qdrant_candidates_plus_postgres_acl
qdrant,250000,2,w4_acl,285,10.315208,1.0,10,128,qdrant_candidates_plus_postgres_acl
qdrant,250000,2,w4_acl,744,11.365917,1.0,10,128,qdrant_candidates_plus_postgres_acl
qdrant,250000,2,w4_acl,459,9.63725,1.0,10,128,qdrant_candidates_plus_postgres_acl
qdrant,250000,2,w4_acl,679,12.097291,1.0,10,128,qdrant_candidates_plus_postgres_acl
qdrant,250000,2,w4_acl,501,15.333209,1.0,10,128,qdrant_candidates_plus_postgres_acl
qdrant,250000,2,w4_acl,145,9.036958,1.0,10,128,qdrant_candidates_plus_postgres_acl
qdrant,250000,2,w4_acl,807,10.046458,1.0,10,128,qdrant_candidates_plus_postgres_acl
qdrant,250000,2,w4_acl,129,17.551334,1.0,10,128,qdrant_candidates_plus_postgres_acl
qdrant,250000,2,w4_acl,943,21.23975,1.0,10,128,qdrant_candidates_plus_postgres_acl
qdrant,250000,2,w4_acl,642,13.87075,1.0,10,128,qdrant_candidates_plus_postgres_acl
qdrant,250000,2,w4_acl,505,15.724209,1.0,10,128,qdrant_candidates_plus_postgres_acl
qdrant,250000,2,w4_acl,205,15.110292,1.0,10,128,qdrant_candidates_plus_postgres_acl
qdrant,250000,2,w4_acl,398,18.116708,1.0,10,128,qdrant_candidates_plus_postgres_acl
qdrant,250000,2,w4_acl,126,16.950792,1.0,10,128,qdrant_candidates_plus_postgres_acl
qdrant,250000,2,w4_acl,960,20.275,1.0,10,128,qdrant_candidates_plus_postgres_acl
qdrant,250000,2,w4_acl,444,17.372,1.0,10,128,qdrant_candidates_plus_postgres_acl
qdrant,250000,2,w4_acl,932,16.036375,1.0,10,128,qdrant_candidates_plus_postgres_acl
qdrant,250000,2,w4_acl,203,10.351209,1.0,10,128,qdrant_candidates_plus_postgres_acl
qdrant,250000,2,w4_acl,228,10.678167,1.0,10,128,qdrant_candidates_plus_postgres_acl
qdrant,250000,2,w4_acl,772,8.665667,1.0,10,128,qdrant_candidates_plus_postgres_acl
qdrant,250000,2,w4_acl,269,10.159791,1.0,10,128,qdrant_candidates_plus_postgres_acl
qdrant,250000,2,w4_acl,598,9.681667,1.0,10,128,qdrant_candidates_plus_postgres_acl
qdrant,250000,2,w4_acl,345,11.099875,1.0,10,128,qdrant_candidates_plus_postgres_acl
qdrant,250000,2,w4_acl,100,14.069,1.0,10,128,qdrant_candidates_plus_postgres_acl
qdrant,250000,2,w4_acl,831,10.125292,1.0,10,128,qdrant_candidates_plus_postgres_acl
qdrant,250000,2,w4_acl,959,11.186667,1.0,10,128,qdrant_candidates_plus_postgres_acl
qdrant,250000,2,w4_acl,548,12.897916,1.0,10,128,qdrant_candidates_plus_postgres_acl
qdrant,250000,2,w4_acl,983,8.982166,1.0,10,128,qdrant_candidates_plus_postgres_acl
qdrant,250000,2,w4_acl,678,16.052375,1.0,10,128,qdrant_candidates_plus_postgres_acl
qdrant,250000,2,w4_acl,318,10.681333,1.0,10,128,qdrant_candidates_plus_postgres_acl
qdrant,250000,2,w4_acl,296,14.095667,1.0,10,128,qdrant_candidates_plus_postgres_acl
qdrant,250000,2,w4_acl,192,9.653041,1.0,10,128,qdrant_candidates_plus_postgres_acl
qdrant,250000,2,w4_acl,899,10.143959,1.0,10,128,qdrant_candidates_plus_postgres_acl
qdrant,250000,2,w4_acl,732,13.801375,1.0,10,128,qdrant_candidates_plus_postgres_acl
qdrant,250000,2,w4_acl,940,15.18825,1.0,10,128,qdrant_candidates_plus_postgres_acl
qdrant,250000,2,w4_acl,223,9.839709,1.0,10,128,qdrant_candidates_plus_postgres_acl
qdrant,250000,2,w4_acl,325,11.962959,1.0,10,128,qdrant_candidates_plus_postgres_acl
qdrant,250000,2,w4_acl,330,13.394292,1.0,10,128,qdrant_candidates_plus_postgres_acl
qdrant,250000,2,w4_acl,271,9.129125,1.0,10,128,qdrant_candidates_plus_postgres_acl
qdrant,250000,2,w4_acl,791,9.907,1.0,10,128,qdrant_candidates_plus_postgres_acl
qdrant,250000,2,w4_acl,621,13.879,1.0,10,128,qdrant_candidates_plus_postgres_acl
qdrant,250000,2,w4_acl,562,9.120291,1.0,10,128,qdrant_candidates_plus_postgres_acl
qdrant,250000,2,w4_acl,848,10.492167,1.0,10,128,qdrant_candidates_plus_postgres_acl
qdrant,250000,2,w4_acl,137,13.426125,1.0,10,128,qdrant_candidates_plus_postgres_acl
qdrant,250000,2,w4_acl,803,9.559792,1.0,10,128,qdrant_candidates_plus_postgres_acl
qdrant,250000,2,w4_acl,411,12.559125,1.0,10,128,qdrant_candidates_plus_postgres_acl
qdrant,250000,2,w4_acl,352,17.249541,1.0,10,128,qdrant_candidates_plus_postgres_acl
qdrant,250000,2,w4_acl,997,13.122708,1.0,10,128,qdrant_candidates_plus_postgres_acl
qdrant,250000,2,w4_acl,939,15.029583,1.0,10,128,qdrant_candidates_plus_postgres_acl
qdrant,250000,2,w4_acl,609,11.094292,1.0,10,128,qdrant_candidates_plus_postgres_acl
qdrant,250000,2,w4_acl,388,12.698833,1.0,10,128,qdrant_candidates_plus_postgres_acl
qdrant,250000,2,w4_acl,204,8.455542,1.0,10,128,qdrant_candidates_plus_postgres_acl
qdrant,250000,2,w4_acl,666,15.074792,1.0,10,128,qdrant_candidates_plus_postgres_acl
qdrant,250000,2,w4_acl,584,9.755542,1.0,10,128,qdrant_candidates_plus_postgres_acl
qdrant,250000,2,w4_acl,719,9.294208,1.0,10,128,qdrant_candidates_plus_postgres_acl
qdrant,250000,2,w4_acl,839,9.451875,1.0,10,128,qdrant_candidates_plus_postgres_acl
qdrant,250000,2,w4_acl,466,11.745917,1.0,10,128,qdrant_candidates_plus_postgres_acl
qdrant,250000,2,w4_acl,829,10.497084,1.0,10,128,qdrant_candidates_plus_postgres_acl
qdrant,250000,2,w4_acl,376,13.403959,1.0,10,128,qdrant_candidates_plus_postgres_acl
qdrant,250000,2,w4_acl,762,8.7635,1.0,10,128,qdrant_candidates_plus_postgres_acl
qdrant,250000,2,w4_acl,543,11.823084,1.0,10,128,qdrant_candidates_plus_postgres_acl
qdrant,250000,2,w4_acl,283,10.929917,1.0,10,128,qdrant_candidates_plus_postgres_acl
qdrant,250000,2,w4_acl,736,8.208,1.0,10,128,qdrant_candidates_plus_postgres_acl
qdrant,250000,2,w4_acl,242,12.973084,1.0,10,128,qdrant_candidates_plus_postgres_acl
qdrant,250000,2,w4_acl,384,15.174042,1.0,10,128,qdrant_candidates_plus_postgres_acl
qdrant,250000,2,w4_acl,434,8.929042,1.0,10,128,qdrant_candidates_plus_postgres_acl
qdrant,250000,2,w4_acl,561,9.627542,1.0,10,128,qdrant_candidates_plus_postgres_acl
qdrant,250000,2,w4_acl,926,13.167167,1.0,10,128,qdrant_candidates_plus_postgres_acl
qdrant,250000,2,w4_acl,313,10.294125,1.0,10,128,qdrant_candidates_plus_postgres_acl
qdrant,250000,2,w4_acl,511,12.407333,1.0,10,128,qdrant_candidates_plus_postgres_acl
qdrant,250000,2,w4_acl,673,12.442292,1.0,10,128,qdrant_candidates_plus_postgres_acl
qdrant,250000,2,w4_acl,835,9.877542,1.0,10,128,qdrant_candidates_plus_postgres_acl
qdrant,250000,2,w4_acl,284,13.622041,1.0,10,128,qdrant_candidates_plus_postgres_acl
qdrant,250000,2,w4_acl,782,10.873625,1.0,10,128,qdrant_candidates_plus_postgres_acl
qdrant,250000,2,w4_acl,233,11.960375,1.0,10,128,qdrant_candidates_plus_postgres_acl
qdrant,250000,2,w4_acl,634,10.441958,1.0,10,128,qdrant_candidates_plus_postgres_acl
qdrant,250000,2,w4_acl,564,11.328541,1.0,10,128,qdrant_candidates_plus_postgres_acl
qdrant,250000,2,w4_acl,808,9.440833,1.0,10,128,qdrant_candidates_plus_postgres_acl
qdrant,250000,2,w4_acl,594,9.631417,1.0,10,128,qdrant_candidates_plus_postgres_acl
qdrant,250000,2,w4_acl,851,13.394458,1.0,10,128,qdrant_candidates_plus_postgres_acl
qdrant,250000,2,w4_acl,272,12.156666,1.0,10,128,qdrant_candidates_plus_postgres_acl
qdrant,250000,2,w4_acl,553,13.098583,1.0,10,128,qdrant_candidates_plus_postgres_acl
qdrant,250000,2,w4_acl,282,15.0805,1.0,10,128,qdrant_candidates_plus_postgres_acl
qdrant,250000,2,w4_acl,517,9.701833,1.0,10,128,qdrant_candidates_plus_postgres_acl
qdrant,250000,2,w4_acl,491,9.442834,1.0,10,128,qdrant_candidates_plus_postgres_acl
qdrant,250000,2,w4_acl,739,13.4395,1.0,10,128,qdrant_candidates_plus_postgres_acl
qdrant,250000,2,w4_acl,431,11.555375,1.0,10,128,qdrant_candidates_plus_postgres_acl
qdrant,250000,2,w4_acl,794,9.577208,1.0,10,128,qdrant_candidates_plus_postgres_acl
qdrant,250000,2,w4_acl,605,14.208417,1.0,10,128,qdrant_candidates_plus_postgres_acl
qdrant,250000,2,w4_acl,661,14.628208,1.0,10,128,qdrant_candidates_plus_postgres_acl
qdrant,250000,2,w4_acl,737,8.777083,1.0,10,128,qdrant_candidates_plus_postgres_acl
qdrant,250000,2,w4_acl,795,7.517833,1.0,10,128,qdrant_candidates_plus_postgres_acl
qdrant,250000,2,w4_acl,858,10.011084,1.0,10,128,qdrant_candidates_plus_postgres_acl
qdrant,250000,2,w4_acl,190,17.519625,1.0,10,128,qdrant_candidates_plus_postgres_acl
qdrant,250000,2,w4_acl,963,16.7645,1.0,10,128,qdrant_candidates_plus_postgres_acl
qdrant,250000,2,w4_acl,933,26.197959,1.0,10,128,qdrant_candidates_plus_postgres_acl
qdrant,250000,2,w4_acl,866,9.781042,1.0,10,128,qdrant_candidates_plus_postgres_acl
qdrant,250000,2,w4_acl,281,8.172958,1.0,10,128,qdrant_candidates_plus_postgres_acl
qdrant,250000,2,w4_acl,158,10.19575,1.0,10,128,qdrant_candidates_plus_postgres_acl
qdrant,250000,2,w4_acl,402,10.885959,1.0,10,128,qdrant_candidates_plus_postgres_acl
qdrant,250000,2,w4_acl,360,8.786375,1.0,10,128,qdrant_candidates_plus_postgres_acl
qdrant,250000,2,w4_acl,630,9.262833,1.0,10,128,qdrant_candidates_plus_postgres_acl
qdrant,250000,2,w4_acl,183,9.792209,1.0,10,128,qdrant_candidates_plus_postgres_acl
qdrant,250000,2,w4_acl,305,8.236208,1.0,10,128,qdrant_candidates_plus_postgres_acl
qdrant,250000,2,w4_acl,806,9.484042,1.0,10,128,qdrant_candidates_plus_postgres_acl
qdrant,250000,2,w4_acl,852,8.79775,1.0,10,128,qdrant_candidates_plus_postgres_acl
qdrant,250000,2,w4_acl,826,10.248625,1.0,10,128,qdrant_candidates_plus_postgres_acl
qdrant,250000,2,w4_acl,449,13.909,1.0,10,128,qdrant_candidates_plus_postgres_acl
qdrant,250000,2,w4_acl,786,10.362833,1.0,10,128,qdrant_candidates_plus_postgres_acl
qdrant,250000,2,w4_acl,540,9.460292,1.0,10,128,qdrant_candidates_plus_postgres_acl
qdrant,250000,2,w4_acl,390,10.489125,1.0,10,128,qdrant_candidates_plus_postgres_acl
qdrant,250000,2,w4_acl,428,9.278666,1.0,10,128,qdrant_candidates_plus_postgres_acl
qdrant,250000,2,w4_acl,711,8.435125,1.0,10,128,qdrant_candidates_plus_postgres_acl
qdrant,250000,2,w4_acl,755,8.457375,1.0,10,128,qdrant_candidates_plus_postgres_acl
qdrant,250000,2,w4_acl,922,9.011625,1.0,10,128,qdrant_candidates_plus_postgres_acl
qdrant,250000,2,w4_acl,891,9.16475,1.0,10,128,qdrant_candidates_plus_postgres_acl
qdrant,250000,2,w4_acl,443,9.250917,1.0,10,128,qdrant_candidates_plus_postgres_acl
qdrant,250000,2,w4_acl,494,10.752708,1.0,10,128,qdrant_candidates_plus_postgres_acl
qdrant,250000,2,w4_acl,798,8.796666,1.0,10,128,qdrant_candidates_plus_postgres_acl
qdrant,250000,2,w4_acl,395,8.562875,1.0,10,128,qdrant_candidates_plus_postgres_acl
qdrant,250000,2,w4_acl,787,10.77075,1.0,10,128,qdrant_candidates_plus_postgres_acl
qdrant,250000,2,w4_acl,664,8.664375,1.0,10,128,qdrant_candidates_plus_postgres_acl
qdrant,250000,2,w4_acl,492,8.450333,1.0,10,128,qdrant_candidates_plus_postgres_acl
qdrant,250000,2,w4_acl,303,10.176083,1.0,10,128,qdrant_candidates_plus_postgres_acl
qdrant,250000,2,w4_acl,407,9.489042,1.0,10,128,qdrant_candidates_plus_postgres_acl
qdrant,250000,2,w4_acl,122,7.276417,1.0,10,128,qdrant_candidates_plus_postgres_acl
qdrant,250000,2,w4_acl,127,8.842875,1.0,10,128,qdrant_candidates_plus_postgres_acl
qdrant,250000,2,w4_acl,446,9.278583,1.0,10,128,qdrant_candidates_plus_postgres_acl
qdrant,250000,2,w4_acl,378,11.128625,1.0,10,128,qdrant_candidates_plus_postgres_acl
qdrant,250000,2,w4_acl,276,9.53925,1.0,10,128,qdrant_candidates_plus_postgres_acl
qdrant,250000,2,w4_acl,913,9.354084,1.0,10,128,qdrant_candidates_plus_postgres_acl
qdrant,250000,2,w4_acl,893,10.00375,1.0,10,128,qdrant_candidates_plus_postgres_acl
qdrant,250000,2,w4_acl,586,9.453667,1.0,10,128,qdrant_candidates_plus_postgres_acl
qdrant,250000,2,w4_acl,403,7.922167,1.0,10,128,qdrant_candidates_plus_postgres_acl
qdrant,250000,2,w4_acl,237,7.774083,1.0,10,128,qdrant_candidates_plus_postgres_acl
qdrant,250000,2,w4_acl,261,9.197916,1.0,10,128,qdrant_candidates_plus_postgres_acl
qdrant,250000,2,w4_acl,975,9.573125,1.0,10,128,qdrant_candidates_plus_postgres_acl
qdrant,250000,2,w4_acl,868,9.510625,1.0,10,128,qdrant_candidates_plus_postgres_acl
qdrant,250000,2,w4_acl,935,9.378209,1.0,10,128,qdrant_candidates_plus_postgres_acl
qdrant,250000,2,w4_acl,750,9.403083,1.0,10,128,qdrant_candidates_plus_postgres_acl
qdrant,250000,2,w4_acl,879,11.179583,1.0,10,128,qdrant_candidates_plus_postgres_acl
qdrant,250000,2,w4_acl,805,10.525875,1.0,10,128,qdrant_candidates_plus_postgres_acl
qdrant,250000,2,w4_acl,545,9.050834,1.0,10,128,qdrant_candidates_plus_postgres_acl
qdrant,250000,2,w4_acl,890,10.581417,1.0,10,128,qdrant_candidates_plus_postgres_acl
qdrant,250000,2,w4_acl,987,10.116,1.0,10,128,qdrant_candidates_plus_postgres_acl
qdrant,250000,2,w4_acl,801,9.051292,1.0,10,128,qdrant_candidates_plus_postgres_acl
qdrant,250000,2,w4_acl,588,10.491375,1.0,10,128,qdrant_candidates_plus_postgres_acl
qdrant,250000,2,w4_acl,759,8.971334,1.0,10,128,qdrant_candidates_plus_postgres_acl
qdrant,250000,2,w4_acl,321,10.853292,1.0,10,128,qdrant_candidates_plus_postgres_acl
qdrant,250000,2,w4_acl,781,11.876834,1.0,10,128,qdrant_candidates_plus_postgres_acl
qdrant,250000,2,w4_acl,978,7.755875,1.0,10,128,qdrant_candidates_plus_postgres_acl
qdrant,250000,2,w4_acl,869,9.208625,1.0,10,128,qdrant_candidates_plus_postgres_acl
qdrant,250000,2,w4_acl,157,12.459375,1.0,10,128,qdrant_candidates_plus_postgres_acl
qdrant,250000,2,w4_acl,652,13.419542,1.0,10,128,qdrant_candidates_plus_postgres_acl
qdrant,250000,2,w4_acl,554,9.249667,1.0,10,128,qdrant_candidates_plus_postgres_acl
qdrant,250000,2,w4_acl,362,9.679666,1.0,10,128,qdrant_candidates_plus_postgres_acl
qdrant,250000,2,w4_acl,340,13.240959,1.0,10,128,qdrant_candidates_plus_postgres_acl
qdrant,250000,2,w4_acl,576,12.324458,1.0,10,128,qdrant_candidates_plus_postgres_acl
qdrant,250000,2,w4_acl,302,9.383916,1.0,10,128,qdrant_candidates_plus_postgres_acl
qdrant,250000,2,w4_acl,366,8.633167,1.0,10,128,qdrant_candidates_plus_postgres_acl
qdrant,250000,2,w4_acl,849,14.154416,1.0,10,128,qdrant_candidates_plus_postgres_acl
qdrant,250000,2,w4_acl,116,9.89625,1.0,10,128,qdrant_candidates_plus_postgres_acl
qdrant,250000,2,w4_acl,958,9.553417,1.0,10,128,qdrant_candidates_plus_postgres_acl
qdrant,250000,2,w4_acl,995,11.20875,1.0,10,128,qdrant_candidates_plus_postgres_acl
qdrant,250000,2,w4_acl,181,8.949708,1.0,10,128,qdrant_candidates_plus_postgres_acl
qdrant,250000,2,w4_acl,385,10.379083,1.0,10,128,qdrant_candidates_plus_postgres_acl
qdrant,250000,2,w4_acl,226,9.135792,1.0,10,128,qdrant_candidates_plus_postgres_acl
qdrant,250000,2,w4_acl,688,10.616291,1.0,10,128,qdrant_candidates_plus_postgres_acl
qdrant,250000,2,w4_acl,297,14.293333,1.0,10,128,qdrant_candidates_plus_postgres_acl
qdrant,250000,2,w4_acl,699,11.267417,1.0,10,128,qdrant_candidates_plus_postgres_acl
qdrant,250000,2,w4_acl,969,12.503375,1.0,10,128,qdrant_candidates_plus_postgres_acl
qdrant,250000,2,w4_acl,232,9.926209,1.0,10,128,qdrant_candidates_plus_postgres_acl
qdrant,250000,2,w4_acl,725,9.722709,1.0,10,128,qdrant_candidates_plus_postgres_acl
qdrant,250000,2,w4_acl,615,12.155167,1.0,10,128,qdrant_candidates_plus_postgres_acl
qdrant,250000,2,w4_acl,537,11.130583,1.0,10,128,qdrant_candidates_plus_postgres_acl
qdrant,250000,2,w4_acl,819,8.944625,1.0,10,128,qdrant_candidates_plus_postgres_acl
qdrant,250000,2,w4_acl,802,15.200042,1.0,10,128,qdrant_candidates_plus_postgres_acl
qdrant,250000,2,w4_acl,509,9.198292,1.0,10,128,qdrant_candidates_plus_postgres_acl
qdrant,250000,2,w4_acl,918,8.857375,1.0,10,128,qdrant_candidates_plus_postgres_acl
qdrant,250000,2,w4_acl,332,9.2785,1.0,10,128,qdrant_candidates_plus_postgres_acl
qdrant,250000,2,w4_acl,773,11.31325,1.0,10,128,qdrant_candidates_plus_postgres_acl
qdrant,250000,2,w4_acl,453,10.439792,1.0,10,128,qdrant_candidates_plus_postgres_acl
qdrant,250000,2,w4_acl,982,8.222167,1.0,10,128,qdrant_candidates_plus_postgres_acl
qdrant,250000,2,w4_acl,703,6.420125,1.0,10,128,qdrant_candidates_plus_postgres_acl
qdrant,250000,2,w4_acl,341,7.879791,1.0,10,128,qdrant_candidates_plus_postgres_acl
qdrant,250000,2,w4_acl,368,8.346166,1.0,10,128,qdrant_candidates_plus_postgres_acl
qdrant,250000,2,w4_acl,252,12.215125,1.0,10,128,qdrant_candidates_plus_postgres_acl
qdrant,250000,2,w4_acl,179,13.111875,1.0,10,128,qdrant_candidates_plus_postgres_acl
qdrant,250000,2,w4_acl,339,11.326,1.0,10,128,qdrant_candidates_plus_postgres_acl
qdrant,250000,2,w4_acl,591,13.746375,1.0,10,128,qdrant_candidates_plus_postgres_acl
qdrant,250000,2,w4_acl,612,10.447375,1.0,10,128,qdrant_candidates_plus_postgres_acl
qdrant,250000,2,w4_acl,375,7.860834,1.0,10,128,qdrant_candidates_plus_postgres_acl
qdrant,250000,2,w4_acl,895,9.931708,1.0,10,128,qdrant_candidates_plus_postgres_acl
qdrant,250000,2,w4_acl,195,13.37275,1.0,10,128,qdrant_candidates_plus_postgres_acl
qdrant,250000,2,w4_acl,907,8.409709,1.0,10,128,qdrant_candidates_plus_postgres_acl
qdrant,250000,2,w4_acl,625,7.651959,1.0,10,128,qdrant_candidates_plus_postgres_acl
qdrant,250000,2,w4_acl,823,8.9355,1.0,10,128,qdrant_candidates_plus_postgres_acl
qdrant,250000,2,w4_acl,552,11.420334,1.0,10,128,qdrant_candidates_plus_postgres_acl
qdrant,250000,2,w4_acl,799,8.307125,1.0,10,128,qdrant_candidates_plus_postgres_acl
qdrant,250000,2,w4_acl,650,14.179958,1.0,10,128,qdrant_candidates_plus_postgres_acl
qdrant,250000,2,w4_acl,451,10.08775,1.0,10,128,qdrant_candidates_plus_postgres_acl
qdrant,250000,2,w4_acl,367,9.427084,1.0,10,128,qdrant_candidates_plus_postgres_acl
qdrant,250000,2,w4_acl,379,15.185667,1.0,10,128,qdrant_candidates_plus_postgres_acl
qdrant,250000,2,w4_acl,645,9.530667,1.0,10,128,qdrant_candidates_plus_postgres_acl
qdrant,250000,2,w4_acl,518,10.706167,1.0,10,128,qdrant_candidates_plus_postgres_acl
qdrant,250000,2,w4_acl,662,11.752125,1.0,10,128,qdrant_candidates_plus_postgres_acl
qdrant,250000,2,w4_acl,502,9.894417,1.0,10,128,qdrant_candidates_plus_postgres_acl
qdrant,250000,2,w4_acl,949,13.880625,1.0,10,128,qdrant_candidates_plus_postgres_acl
qdrant,250000,2,w4_acl,470,10.002458,1.0,10,128,qdrant_candidates_plus_postgres_acl
qdrant,250000,2,w4_acl,785,15.328375,1.0,10,128,qdrant_candidates_plus_postgres_acl
qdrant,250000,2,w4_acl,118,12.029625,1.0,10,128,qdrant_candidates_plus_postgres_acl
qdrant,250000,2,w4_acl,397,10.719333,1.0,10,128,qdrant_candidates_plus_postgres_acl
qdrant,250000,2,w4_acl,249,10.995792,1.0,10,128,qdrant_candidates_plus_postgres_acl
qdrant,250000,2,w4_acl,343,13.292625,1.0,10,128,qdrant_candidates_plus_postgres_acl
qdrant,250000,2,w4_acl,111,10.705834,1.0,10,128,qdrant_candidates_plus_postgres_acl
qdrant,250000,2,w4_acl,208,11.245333,1.0,10,128,qdrant_candidates_plus_postgres_acl
qdrant,250000,2,w4_acl,370,17.915292,1.0,10,128,qdrant_candidates_plus_postgres_acl
qdrant,250000,2,w4_acl,257,12.471667,1.0,10,128,qdrant_candidates_plus_postgres_acl
qdrant,250000,2,w4_acl,322,17.151875,1.0,10,128,qdrant_candidates_plus_postgres_acl
qdrant,250000,2,w4_acl,614,12.384917,1.0,10,128,qdrant_candidates_plus_postgres_acl
qdrant,250000,2,w4_acl,244,13.784208,1.0,10,128,qdrant_candidates_plus_postgres_acl
qdrant,250000,2,w4_acl,420,11.099958,1.0,10,128,qdrant_candidates_plus_postgres_acl
qdrant,250000,2,w4_acl,374,11.16725,1.0,10,128,qdrant_candidates_plus_postgres_acl
qdrant,250000,2,w4_acl,255,12.990792,1.0,10,128,qdrant_candidates_plus_postgres_acl
qdrant,250000,2,w4_acl,450,9.549542,1.0,10,128,qdrant_candidates_plus_postgres_acl
qdrant,250000,2,w4_acl,689,11.236375,1.0,10,128,qdrant_candidates_plus_postgres_acl
qdrant,250000,2,w4_acl,120,11.980291,1.0,10,128,qdrant_candidates_plus_postgres_acl
qdrant,250000,2,w4_acl,238,14.372333,1.0,10,128,qdrant_candidates_plus_postgres_acl
qdrant,250000,2,w4_acl,349,9.152125,1.0,10,128,qdrant_candidates_plus_postgres_acl
qdrant,250000,2,w4_acl,951,14.208459,1.0,10,128,qdrant_candidates_plus_postgres_acl
qdrant,250000,2,w4_acl,670,10.499583,1.0,10,128,qdrant_candidates_plus_postgres_acl
qdrant,250000,2,w4_acl,686,10.376833,1.0,10,128,qdrant_candidates_plus_postgres_acl
qdrant,250000,2,w4_acl,878,17.190167,1.0,10,128,qdrant_candidates_plus_postgres_acl
qdrant,250000,2,w4_acl,438,11.42825,1.0,10,128,qdrant_candidates_plus_postgres_acl
qdrant,250000,2,w4_acl,550,12.165167,1.0,10,128,qdrant_candidates_plus_postgres_acl
qdrant,250000,2,w4_acl,860,11.082375,1.0,10,128,qdrant_candidates_plus_postgres_acl
qdrant,250000,2,w4_acl,792,10.345292,1.0,10,128,qdrant_candidates_plus_postgres_acl
qdrant,250000,2,w4_acl,506,10.839042,1.0,10,128,qdrant_candidates_plus_postgres_acl
qdrant,250000,2,w4_acl,260,9.256208,1.0,10,128,qdrant_candidates_plus_postgres_acl
qdrant,250000,2,w4_acl,189,14.156292,1.0,10,128,qdrant_candidates_plus_postgres_acl
qdrant,250000,2,w4_acl,161,10.704916,1.0,10,128,qdrant_candidates_plus_postgres_acl
qdrant,250000,2,w4_acl,889,14.586,1.0,10,128,qdrant_candidates_plus_postgres_acl
qdrant,250000,2,w4_acl,882,9.088875,1.0,10,128,qdrant_candidates_plus_postgres_acl
qdrant,250000,2,w4_acl,643,14.0575,1.0,10,128,qdrant_candidates_plus_postgres_acl
qdrant,250000,2,w4_acl,681,9.49675,1.0,10,128,qdrant_candidates_plus_postgres_acl
qdrant,250000,2,w4_acl,900,9.582292,1.0,10,128,qdrant_candidates_plus_postgres_acl
qdrant,250000,2,w4_acl,293,12.852791,1.0,10,128,qdrant_candidates_plus_postgres_acl
qdrant,250000,2,w4_acl,914,9.741667,1.0,10,128,qdrant_candidates_plus_postgres_acl
qdrant,250000,2,w4_acl,809,9.960125,1.0,10,128,qdrant_candidates_plus_postgres_acl
qdrant,250000,2,w4_acl,748,14.945375,1.0,10,128,qdrant_candidates_plus_postgres_acl
qdrant,250000,2,w4_acl,530,10.417917,1.0,10,128,qdrant_candidates_plus_postgres_acl
qdrant,250000,2,w4_acl,965,10.097625,1.0,10,128,qdrant_candidates_plus_postgres_acl
qdrant,250000,2,w4_acl,405,11.492958,1.0,10,128,qdrant_candidates_plus_postgres_acl
qdrant,250000,2,w4_acl,687,12.031416,1.0,10,128,qdrant_candidates_plus_postgres_acl
qdrant,250000,2,w4_acl,718,11.047209,1.0,10,128,qdrant_candidates_plus_postgres_acl
qdrant,250000,2,w4_acl,310,9.581042,1.0,10,128,qdrant_candidates_plus_postgres_acl
qdrant,250000,2,w4_acl,677,9.243666,1.0,10,128,qdrant_candidates_plus_postgres_acl
qdrant,250000,2,w4_acl,200,11.703417,1.0,10,128,qdrant_candidates_plus_postgres_acl
qdrant,250000,2,w4_acl,288,12.536584,1.0,10,128,qdrant_candidates_plus_postgres_acl
qdrant,250000,2,w4_acl,618,9.1995,1.0,10,128,qdrant_candidates_plus_postgres_acl
qdrant,250000,2,w4_acl,217,10.59125,1.0,10,128,qdrant_candidates_plus_postgres_acl
qdrant,250000,2,w4_acl,523,14.29525,1.0,10,128,qdrant_candidates_plus_postgres_acl
qdrant,250000,2,w4_acl,520,9.728791,1.0,10,128,qdrant_candidates_plus_postgres_acl
qdrant,250000,2,w4_acl,510,11.883958,1.0,10,128,qdrant_candidates_plus_postgres_acl
qdrant,250000,2,w4_acl,348,14.0555,1.0,10,128,qdrant_candidates_plus_postgres_acl
qdrant,250000,2,w4_acl,962,12.645958,1.0,10,128,qdrant_candidates_plus_postgres_acl
qdrant,250000,2,w4_acl,471,8.971458,1.0,10,128,qdrant_candidates_plus_postgres_acl
qdrant,250000,2,w4_acl,275,10.948583,1.0,10,128,qdrant_candidates_plus_postgres_acl
qdrant,250000,2,w4_acl,608,16.672209,1.0,10,128,qdrant_candidates_plus_postgres_acl
qdrant,250000,2,w4_acl,696,12.3835,1.0,10,128,qdrant_candidates_plus_postgres_acl
qdrant,250000,2,w4_acl,859,10.133166,1.0,10,128,qdrant_candidates_plus_postgres_acl
qdrant,250000,2,w4_acl,986,8.931959,1.0,10,128,qdrant_candidates_plus_postgres_acl
qdrant,250000,2,w4_acl,107,14.569625,1.0,10,128,qdrant_candidates_plus_postgres_acl
qdrant,250000,2,w4_acl,603,12.06025,1.0,10,128,qdrant_candidates_plus_postgres_acl
qdrant,250000,2,w4_acl,887,11.603291,1.0,10,128,qdrant_candidates_plus_postgres_acl
qdrant,250000,2,w4_acl,458,14.00725,1.0,10,128,qdrant_candidates_plus_postgres_acl
qdrant,250000,2,w4_acl,121,8.678375,1.0,10,128,qdrant_candidates_plus_postgres_acl
qdrant,250000,2,w4_acl,885,10.26425,1.0,10,128,qdrant_candidates_plus_postgres_acl
qdrant,250000,2,w4_acl,156,11.991791,1.0,10,128,qdrant_candidates_plus_postgres_acl
qdrant,250000,2,w4_acl,770,9.29675,1.0,10,128,qdrant_candidates_plus_postgres_acl
qdrant,250000,2,w4_acl,875,7.940583,1.0,10,128,qdrant_candidates_plus_postgres_acl
qdrant,250000,2,w4_acl,862,8.877084,1.0,10,128,qdrant_candidates_plus_postgres_acl
qdrant,250000,2,w4_acl,938,10.560042,1.0,10,128,qdrant_candidates_plus_postgres_acl
qdrant,250000,2,w4_acl,813,9.291666,1.0,10,128,qdrant_candidates_plus_postgres_acl
qdrant,250000,2,w4_acl,316,13.822833,1.0,10,128,qdrant_candidates_plus_postgres_acl
qdrant,250000,2,w4_acl,364,12.1525,1.0,10,128,qdrant_candidates_plus_postgres_acl
qdrant,250000,2,w4_acl,115,12.071791,1.0,10,128,qdrant_candidates_plus_postgres_acl
qdrant,250000,2,w4_acl,245,11.993167,1.0,10,128,qdrant_candidates_plus_postgres_acl
qdrant,250000,2,w4_acl,961,14.031125,1.0,10,128,qdrant_candidates_plus_postgres_acl
qdrant,250000,2,w4_acl,597,13.332667,1.0,10,128,qdrant_candidates_plus_postgres_acl
qdrant,250000,2,w4_acl,905,11.669542,1.0,10,128,qdrant_candidates_plus_postgres_acl
qdrant,250000,2,w4_acl,690,13.823417,1.0,10,128,qdrant_candidates_plus_postgres_acl
qdrant,250000,2,w4_acl,279,10.297166,1.0,10,128,qdrant_candidates_plus_postgres_acl
qdrant,250000,2,w4_acl,788,15.279375,1.0,10,128,qdrant_candidates_plus_postgres_acl
qdrant,250000,2,w4_acl,440,10.908667,1.0,10,128,qdrant_candidates_plus_postgres_acl
qdrant,250000,2,w4_acl,400,13.499792,1.0,10,128,qdrant_candidates_plus_postgres_acl
qdrant,250000,2,w4_acl,647,10.635208,1.0,10,128,qdrant_candidates_plus_postgres_acl
qdrant,250000,2,w4_acl,365,12.225791,1.0,10,128,qdrant_candidates_plus_postgres_acl
qdrant,250000,2,w4_acl,351,12.625958,1.0,10,128,qdrant_candidates_plus_postgres_acl
qdrant,250000,2,w4_acl,724,9.914541,1.0,10,128,qdrant_candidates_plus_postgres_acl
qdrant,250000,2,w4_acl,421,10.031666,1.0,10,128,qdrant_candidates_plus_postgres_acl
qdrant,250000,2,w4_acl,175,13.103333,1.0,10,128,qdrant_candidates_plus_postgres_acl
qdrant,250000,2,w4_acl,146,11.797625,1.0,10,128,qdrant_candidates_plus_postgres_acl
qdrant,250000,2,w4_acl,993,13.564125,1.0,10,128,qdrant_candidates_plus_postgres_acl
qdrant,250000,2,w4_acl,974,10.273833,1.0,10,128,qdrant_candidates_plus_postgres_acl
qdrant,250000,2,w4_acl,504,14.965292,1.0,10,128,qdrant_candidates_plus_postgres_acl
qdrant,250000,2,w4_acl,841,14.854416,1.0,10,128,qdrant_candidates_plus_postgres_acl
qdrant,250000,2,w4_acl,774,12.144,1.0,10,128,qdrant_candidates_plus_postgres_acl
qdrant,250000,2,w4_acl,425,13.824417,1.0,10,128,qdrant_candidates_plus_postgres_acl
qdrant,250000,2,w4_acl,295,9.036833,1.0,10,128,qdrant_candidates_plus_postgres_acl
qdrant,250000,2,w4_acl,412,13.567209,1.0,10,128,qdrant_candidates_plus_postgres_acl
qdrant,250000,2,w4_acl,731,11.33075,1.0,10,128,qdrant_candidates_plus_postgres_acl
qdrant,250000,2,w4_acl,461,10.912916,1.0,10,128,qdrant_candidates_plus_postgres_acl
qdrant,250000,2,w4_acl,350,9.164583,1.0,10,128,qdrant_candidates_plus_postgres_acl
qdrant,250000,2,w4_acl,928,9.38225,1.0,10,128,qdrant_candidates_plus_postgres_acl
qdrant,250000,2,w4_acl,314,10.720541,1.0,10,128,qdrant_candidates_plus_postgres_acl
qdrant,250000,2,w4_acl,595,11.853625,1.0,10,128,qdrant_candidates_plus_postgres_acl
qdrant,250000,2,w4_acl,241,9.676,1.0,10,128,qdrant_candidates_plus_postgres_acl
qdrant,250000,2,w4_acl,934,13.356291,1.0,10,128,qdrant_candidates_plus_postgres_acl
qdrant,250000,2,w4_acl,430,9.613666,1.0,10,128,qdrant_candidates_plus_postgres_acl
qdrant,250000,2,w4_acl,546,14.700667,1.0,10,128,qdrant_candidates_plus_postgres_acl
qdrant,250000,2,w4_acl,387,9.603625,1.0,10,128,qdrant_candidates_plus_postgres_acl
qdrant,250000,2,w4_acl,216,18.722458,1.0,10,128,qdrant_candidates_plus_postgres_acl
qdrant,250000,2,w4_acl,779,11.457125,1.0,10,128,qdrant_candidates_plus_postgres_acl
qdrant,250000,2,w4_acl,640,9.486459,1.0,10,128,qdrant_candidates_plus_postgres_acl
qdrant,250000,2,w4_acl,196,13.197292,1.0,10,128,qdrant_candidates_plus_postgres_acl
qdrant,250000,2,w4_acl,355,9.453625,1.0,10,128,qdrant_candidates_plus_postgres_acl
qdrant,250000,2,w4_acl,221,9.85925,1.0,10,128,qdrant_candidates_plus_postgres_acl
qdrant,250000,2,w4_acl,130,15.267583,1.0,10,128,qdrant_candidates_plus_postgres_acl
qdrant,250000,2,w4_acl,419,9.980667,1.0,10,128,qdrant_candidates_plus_postgres_acl
qdrant,250000,2,w4_acl,359,10.571542,1.0,10,128,qdrant_candidates_plus_postgres_acl
qdrant,250000,2,w4_acl,209,20.27025,1.0,10,128,qdrant_candidates_plus_postgres_acl
qdrant,250000,2,w4_acl,952,10.47475,1.0,10,128,qdrant_candidates_plus_postgres_acl
qdrant,250000,2,w4_acl,610,8.526833,1.0,10,128,qdrant_candidates_plus_postgres_acl
qdrant,250000,2,w4_acl,945,13.630916,1.0,10,128,qdrant_candidates_plus_postgres_acl
qdrant,250000,2,w4_acl,304,11.256,1.0,10,128,qdrant_candidates_plus_postgres_acl
qdrant,250000,2,w4_acl,123,16.890958,1.0,10,128,qdrant_candidates_plus_postgres_acl
qdrant,250000,2,w4_acl,507,9.988583,1.0,10,128,qdrant_candidates_plus_postgres_acl
qdrant,250000,2,w4_acl,329,12.231625,1.0,10,128,qdrant_candidates_plus_postgres_acl
qdrant,250000,2,w4_acl,301,12.90125,1.0,10,128,qdrant_candidates_plus_postgres_acl
qdrant,250000,2,w4_acl,344,20.35225,1.0,10,128,qdrant_candidates_plus_postgres_acl
qdrant,250000,2,w4_acl,215,18.186084,1.0,10,128,qdrant_candidates_plus_postgres_acl
qdrant,250000,2,w4_acl,769,11.205167,1.0,10,128,qdrant_candidates_plus_postgres_acl
qdrant,250000,2,w4_acl,883,17.357583,1.0,10,128,qdrant_candidates_plus_postgres_acl
qdrant,250000,2,w4_acl,467,9.725542,1.0,10,128,qdrant_candidates_plus_postgres_acl
qdrant,250000,2,w4_acl,775,11.585125,1.0,10,128,qdrant_candidates_plus_postgres_acl
qdrant,250000,2,w4_acl,763,9.821875,1.0,10,128,qdrant_candidates_plus_postgres_acl
qdrant,250000,2,w4_acl,256,21.231583,1.0,10,128,qdrant_candidates_plus_postgres_acl
qdrant,250000,2,w4_acl,579,13.3015,1.0,10,128,qdrant_candidates_plus_postgres_acl
qdrant,250000,2,w4_acl,331,11.779916,1.0,10,128,qdrant_candidates_plus_postgres_acl
qdrant,250000,2,w4_acl,999,9.57875,1.0,10,128,qdrant_candidates_plus_postgres_acl
qdrant,250000,2,w4_acl,818,12.515041,1.0,10,128,qdrant_candidates_plus_postgres_acl
qdrant,250000,2,w4_acl,767,10.913125,1.0,10,128,qdrant_candidates_plus_postgres_acl
qdrant,250000,2,w4_acl,151,11.667625,1.0,10,128,qdrant_candidates_plus_postgres_acl
qdrant,250000,2,w4_acl,655,17.857459,1.0,10,128,qdrant_candidates_plus_postgres_acl
qdrant,250000,2,w4_acl,392,14.313042,1.0,10,128,qdrant_candidates_plus_postgres_acl
qdrant,250000,2,w4_acl,800,22.894291,1.0,10,128,qdrant_candidates_plus_postgres_acl
qdrant,250000,2,w4_acl,713,18.068583,1.0,10,128,qdrant_candidates_plus_postgres_acl
qdrant,250000,2,w4_acl,730,20.007583,1.0,10,128,qdrant_candidates_plus_postgres_acl
qdrant,250000,2,w4_acl,191,17.713583,1.0,10,128,qdrant_candidates_plus_postgres_acl
qdrant,250000,2,w4_acl,596,10.769458,1.0,10,128,qdrant_candidates_plus_postgres_acl
qdrant,250000,2,w4_acl,919,10.018291,1.0,10,128,qdrant_candidates_plus_postgres_acl
qdrant,250000,2,w4_acl,954,14.199708,1.0,10,128,qdrant_candidates_plus_postgres_acl
qdrant,250000,2,w4_acl,710,9.954958,1.0,10,128,qdrant_candidates_plus_postgres_acl
qdrant,250000,2,w4_acl,499,15.26275,1.0,10,128,qdrant_candidates_plus_postgres_acl
qdrant,250000,2,w4_acl,727,11.051708,1.0,10,128,qdrant_candidates_plus_postgres_acl
qdrant,250000,2,w4_acl,240,11.825208,1.0,10,128,qdrant_candidates_plus_postgres_acl
qdrant,250000,2,w4_acl,747,11.379083,1.0,10,128,qdrant_candidates_plus_postgres_acl
qdrant,250000,2,w4_acl,354,12.905417,1.0,10,128,qdrant_candidates_plus_postgres_acl
qdrant,250000,2,w4_acl,873,9.396875,1.0,10,128,qdrant_candidates_plus_postgres_acl
qdrant,250000,2,w4_acl,455,9.242208,1.0,10,128,qdrant_candidates_plus_postgres_acl
qdrant,250000,2,w4_acl,733,9.591583,1.0,10,128,qdrant_candidates_plus_postgres_acl
qdrant,250000,2,w4_acl,163,11.22625,1.0,10,128,qdrant_candidates_plus_postgres_acl
qdrant,250000,2,w4_acl,653,13.482125,1.0,10,128,qdrant_candidates_plus_postgres_acl
qdrant,250000,2,w4_acl,568,11.219791,1.0,10,128,qdrant_candidates_plus_postgres_acl
qdrant,250000,2,w4_acl,246,11.135792,1.0,10,128,qdrant_candidates_plus_postgres_acl
qdrant,250000,2,w4_acl,445,9.466042,1.0,10,128,qdrant_candidates_plus_postgres_acl
qdrant,250000,2,w4_acl,811,12.409166,1.0,10,128,qdrant_candidates_plus_postgres_acl
qdrant,250000,2,w4_acl,474,8.266958,1.0,10,128,qdrant_candidates_plus_postgres_acl
qdrant,250000,2,w4_acl,307,8.937041,1.0,10,128,qdrant_candidates_plus_postgres_acl
qdrant,250000,2,w4_acl,194,9.745459,1.0,10,128,qdrant_candidates_plus_postgres_acl
qdrant,250000,2,w4_acl,173,13.310875,1.0,10,128,qdrant_candidates_plus_postgres_acl
qdrant,250000,2,w4_acl,671,9.048875,1.0,10,128,qdrant_candidates_plus_postgres_acl
qdrant,250000,2,w4_acl,139,11.7205,1.0,10,128,qdrant_candidates_plus_postgres_acl
qdrant,250000,2,w4_acl,583,13.738708,1.0,10,128,qdrant_candidates_plus_postgres_acl
qdrant,250000,2,w4_acl,134,8.984125,1.0,10,128,qdrant_candidates_plus_postgres_acl
qdrant,250000,2,w4_acl,160,14.999291,1.0,10,128,qdrant_candidates_plus_postgres_acl
qdrant,250000,2,w4_acl,290,11.264625,1.0,10,128,qdrant_candidates_plus_postgres_acl
qdrant,250000,2,w4_acl,496,9.989667,1.0,10,128,qdrant_candidates_plus_postgres_acl
qdrant,250000,2,w4_acl,416,11.787333,1.0,10,128,qdrant_candidates_plus_postgres_acl
qdrant,250000,2,w4_acl,315,10.874334,1.0,10,128,qdrant_candidates_plus_postgres_acl
qdrant,250000,2,w4_acl,976,9.550917,1.0,10,128,qdrant_candidates_plus_postgres_acl
qdrant,250000,2,w4_acl,790,11.339,1.0,10,128,qdrant_candidates_plus_postgres_acl
qdrant,250000,2,w4_acl,698,11.369417,1.0,10,128,qdrant_candidates_plus_postgres_acl
qdrant,250000,2,w4_acl,644,13.475917,1.0,10,128,qdrant_candidates_plus_postgres_acl
qdrant,250000,2,w4_acl,114,8.259,1.0,10,128,qdrant_candidates_plus_postgres_acl
qdrant,250000,2,w4_acl,404,10.996833,1.0,10,128,qdrant_candidates_plus_postgres_acl
qdrant,250000,2,w4_acl,656,10.767291,1.0,10,128,qdrant_candidates_plus_postgres_acl
qdrant,250000,2,w4_acl,480,11.106292,1.0,10,128,qdrant_candidates_plus_postgres_acl
qdrant,250000,2,w4_acl,716,12.945917,1.0,10,128,qdrant_candidates_plus_postgres_acl
qdrant,250000,2,w4_acl,602,9.388792,1.0,10,128,qdrant_candidates_plus_postgres_acl
qdrant,250000,2,w4_acl,319,10.395125,1.0,10,128,qdrant_candidates_plus_postgres_acl
qdrant,250000,2,w4_acl,685,10.9655,1.0,10,128,qdrant_candidates_plus_postgres_acl
qdrant,250000,2,w4_acl,619,15.653792,1.0,10,128,qdrant_candidates_plus_postgres_acl
qdrant,250000,2,w4_acl,463,9.706625,1.0,10,128,qdrant_candidates_plus_postgres_acl
qdrant,250000,2,w4_acl,920,9.675667,1.0,10,128,qdrant_candidates_plus_postgres_acl
qdrant,250000,2,w4_acl,433,9.372458,1.0,10,128,qdrant_candidates_plus_postgres_acl
qdrant,250000,2,w4_acl,648,14.204958,1.0,10,128,qdrant_candidates_plus_postgres_acl
qdrant,250000,2,w4_acl,484,9.591583,1.0,10,128,qdrant_candidates_plus_postgres_acl
qdrant,250000,2,w4_acl,298,14.371958,1.0,10,128,qdrant_candidates_plus_postgres_acl
qdrant,250000,2,w4_acl,170,9.51425,1.0,10,128,qdrant_candidates_plus_postgres_acl
qdrant,250000,2,w4_acl,500,14.156667,1.0,10,128,qdrant_candidates_plus_postgres_acl
qdrant,250000,2,w4_acl,639,11.603917,1.0,10,128,qdrant_candidates_plus_postgres_acl
qdrant,250000,2,w4_acl,382,9.717291,1.0,10,128,qdrant_candidates_plus_postgres_acl
qdrant,250000,2,w4_acl,125,13.297667,1.0,10,128,qdrant_candidates_plus_postgres_acl
qdrant,250000,2,w4_acl,206,9.483834,1.0,10,128,qdrant_candidates_plus_postgres_acl
qdrant,250000,2,w4_acl,417,12.164542,1.0,10,128,qdrant_candidates_plus_postgres_acl
qdrant,250000,2,w4_acl,570,11.564416,1.0,10,128,qdrant_candidates_plus_postgres_acl
qdrant,250000,2,w4_acl,220,10.225417,1.0,10,128,qdrant_candidates_plus_postgres_acl
qdrant,250000,2,w4_acl,674,8.687792,1.0,10,128,qdrant_candidates_plus_postgres_acl
qdrant,250000,2,w4_acl,140,13.745625,1.0,10,128,qdrant_candidates_plus_postgres_acl
qdrant,250000,2,w4_acl,539,10.074167,1.0,10,128,qdrant_candidates_plus_postgres_acl
qdrant,250000,2,w4_acl,984,9.4905,1.0,10,128,qdrant_candidates_plus_postgres_acl
qdrant,250000,2,w4_acl,317,16.825542,1.0,10,128,qdrant_candidates_plus_postgres_acl
qdrant,250000,2,w4_acl,931,13.08,1.0,10,128,qdrant_candidates_plus_postgres_acl
qdrant,250000,2,w4_acl,235,12.802416,1.0,10,128,qdrant_candidates_plus_postgres_acl
qdrant,250000,2,w4_acl,264,10.49575,1.0,10,128,qdrant_candidates_plus_postgres_acl
qdrant,250000,2,w4_acl,654,10.185875,1.0,10,128,qdrant_candidates_plus_postgres_acl
qdrant,250000,2,w4_acl,604,11.111917,1.0,10,128,qdrant_candidates_plus_postgres_acl
qdrant,250000,2,w4_acl,857,10.698166,1.0,10,128,qdrant_candidates_plus_postgres_acl
qdrant,250000,2,w4_acl,865,14.064292,1.0,10,128,qdrant_candidates_plus_postgres_acl
qdrant,250000,2,w4_acl,177,9.128875,1.0,10,128,qdrant_candidates_plus_postgres_acl
qdrant,250000,2,w4_acl,921,9.100833,1.0,10,128,qdrant_candidates_plus_postgres_acl
qdrant,250000,2,w4_acl,168,9.650375,1.0,10,128,qdrant_candidates_plus_postgres_acl
qdrant,250000,2,w4_acl,309,12.224542,1.0,10,128,qdrant_candidates_plus_postgres_acl
qdrant,250000,2,w4_acl,752,8.891666,1.0,10,128,qdrant_candidates_plus_postgres_acl
qdrant,250000,2,w4_acl,657,13.357291,1.0,10,128,qdrant_candidates_plus_postgres_acl
qdrant,250000,2,w4_acl,108,11.532584,1.0,10,128,qdrant_candidates_plus_postgres_acl
qdrant,250000,2,w4_acl,684,8.11175,1.0,10,128,qdrant_candidates_plus_postgres_acl
qdrant,250000,2,w4_acl,906,9.33075,1.0,10,128,qdrant_candidates_plus_postgres_acl
qdrant,250000,2,w4_acl,709,15.712875,1.0,10,128,qdrant_candidates_plus_postgres_acl
qdrant,250000,2,w4_acl,833,8.606458,1.0,10,128,qdrant_candidates_plus_postgres_acl
qdrant,250000,2,w4_acl,582,9.316042,1.0,10,128,qdrant_candidates_plus_postgres_acl
qdrant,250000,2,w4_acl,521,9.427417,1.0,10,128,qdrant_candidates_plus_postgres_acl
qdrant,250000,2,w4_acl,902,10.382791,1.0,10,128,qdrant_candidates_plus_postgres_acl
qdrant,250000,2,w4_acl,131,9.401125,1.0,10,128,qdrant_candidates_plus_postgres_acl
qdrant,250000,2,w4_acl,219,8.001708,1.0,10,128,qdrant_candidates_plus_postgres_acl
qdrant,250000,2,w4_acl,924,8.293458,1.0,10,128,qdrant_candidates_plus_postgres_acl
qdrant,250000,2,w4_acl,617,9.126542,1.0,10,128,qdrant_candidates_plus_postgres_acl
qdrant,250000,2,w4_acl,765,8.253667,1.0,10,128,qdrant_candidates_plus_postgres_acl
qdrant,250000,2,w4_acl,441,8.618209,1.0,10,128,qdrant_candidates_plus_postgres_acl
qdrant,250000,2,w4_acl,253,8.853458,1.0,10,128,qdrant_candidates_plus_postgres_acl
qdrant,250000,2,w4_acl,723,10.347875,1.0,10,128,qdrant_candidates_plus_postgres_acl
qdrant,250000,2,w4_acl,336,11.108125,1.0,10,128,qdrant_candidates_plus_postgres_acl
qdrant,250000,2,w4_acl,810,9.697417,1.0,10,128,qdrant_candidates_plus_postgres_acl
qdrant,250000,2,w4_acl,941,9.271625,1.0,10,128,qdrant_candidates_plus_postgres_acl
qdrant,250000,2,w4_acl,722,10.71075,1.0,10,128,qdrant_candidates_plus_postgres_acl
qdrant,250000,2,w4_acl,239,9.196417,1.0,10,128,qdrant_candidates_plus_postgres_acl
qdrant,250000,2,w4_acl,358,10.00575,1.0,10,128,qdrant_candidates_plus_postgres_acl
qdrant,250000,2,w4_acl,391,10.32575,1.0,10,128,qdrant_candidates_plus_postgres_acl
qdrant,250000,2,w4_acl,197,9.84975,1.0,10,128,qdrant_candidates_plus_postgres_acl
qdrant,250000,2,w4_acl,942,12.42775,1.0,10,128,qdrant_candidates_plus_postgres_acl
qdrant,250000,2,w4_acl,658,9.610833,1.0,10,128,qdrant_candidates_plus_postgres_acl
qdrant,250000,2,w4_acl,258,8.74775,1.0,10,128,qdrant_candidates_plus_postgres_acl
qdrant,250000,2,w4_acl,294,10.518166,1.0,10,128,qdrant_candidates_plus_postgres_acl
qdrant,250000,2,w4_acl,210,10.973709,1.0,10,128,qdrant_candidates_plus_postgres_acl
qdrant,250000,2,w4_acl,821,10.474291,1.0,10,128,qdrant_candidates_plus_postgres_acl
qdrant,250000,2,w4_acl,911,11.859792,1.0,10,128,qdrant_candidates_plus_postgres_acl
qdrant,250000,2,w4_acl,460,10.860625,1.0,10,128,qdrant_candidates_plus_postgres_acl
qdrant,250000,2,w4_acl,372,10.705167,1.0,10,128,qdrant_candidates_plus_postgres_acl
qdrant,250000,2,w4_acl,825,10.955792,1.0,10,128,qdrant_candidates_plus_postgres_acl
qdrant,250000,2,w4_acl,884,10.676542,1.0,10,128,qdrant_candidates_plus_postgres_acl
qdrant,250000,2,w4_acl,916,13.037958,1.0,10,128,qdrant_candidates_plus_postgres_acl
qdrant,250000,2,w4_acl,567,9.961791,1.0,10,128,qdrant_candidates_plus_postgres_acl
qdrant,250000,2,w4_acl,149,10.606292,1.0,10,128,qdrant_candidates_plus_postgres_acl
qdrant,250000,2,w4_acl,326,10.719667,1.0,10,128,qdrant_candidates_plus_postgres_acl
qdrant,250000,2,w4_acl,820,12.308042,1.0,10,128,qdrant_candidates_plus_postgres_acl
qdrant,250000,2,w4_acl,742,10.281542,1.0,10,128,qdrant_candidates_plus_postgres_acl
qdrant,250000,2,w4_acl,188,10.128542,1.0,10,128,qdrant_candidates_plus_postgres_acl
qdrant,250000,2,w4_acl,971,9.327209,1.0,10,128,qdrant_candidates_plus_postgres_acl
qdrant,250000,2,w4_acl,601,11.539333,1.0,10,128,qdrant_candidates_plus_postgres_acl
qdrant,250000,2,w4_acl,230,9.476875,1.0,10,128,qdrant_candidates_plus_postgres_acl
qdrant,250000,2,w4_acl,667,9.82875,1.0,10,128,qdrant_candidates_plus_postgres_acl
qdrant,250000,2,w4_acl,797,9.898417,1.0,10,128,qdrant_candidates_plus_postgres_acl
qdrant,250000,2,w4_acl,483,10.069792,1.0,10,128,qdrant_candidates_plus_postgres_acl
qdrant,250000,2,w4_acl,697,9.998333,1.0,10,128,qdrant_candidates_plus_postgres_acl
qdrant,250000,2,w4_acl,442,9.121792,1.0,10,128,qdrant_candidates_plus_postgres_acl
qdrant,250000,2,w4_acl,704,9.843792,1.0,10,128,qdrant_candidates_plus_postgres_acl
qdrant,250000,2,w4_acl,981,10.254416,1.0,10,128,qdrant_candidates_plus_postgres_acl
qdrant,250000,2,w4_acl,270,9.208583,1.0,10,128,qdrant_candidates_plus_postgres_acl
qdrant,250000,2,w4_acl,620,9.051416,1.0,10,128,qdrant_candidates_plus_postgres_acl
