engine,dataset_size,repetition,workload,query_rank,latency_ms,recall10,returned_count,candidate_count,execution_path
pg-diskann,100000,3,w1,423,5.905209,1.0,10,,diskann
pg-diskann,100000,3,w1,122,6.87675,1.0,10,,diskann
pg-diskann,100000,3,w1,706,6.525125,1.0,10,,diskann
pg-diskann,100000,3,w1,418,6.796709,1.0,10,,diskann
pg-diskann,100000,3,w1,908,8.131625,1.0,10,,diskann
pg-diskann,100000,3,w1,642,6.766042,1.0,10,,diskann
pg-diskann,100000,3,w1,515,8.667292,1.0,10,,diskann
pg-diskann,100000,3,w1,225,8.384167,1.0,10,,diskann
pg-diskann,100000,3,w1,176,6.1445,1.0,10,,diskann
pg-diskann,100000,3,w1,644,6.098542,1.0,10,,diskann
pg-diskann,100000,3,w1,576,6.768292,0.9,10,,diskann
pg-diskann,100000,3,w1,785,7.070958,0.7,10,,diskann
pg-diskann,100000,3,w1,431,4.771584,1.0,10,,diskann
pg-diskann,100000,3,w1,415,5.463542,1.0,10,,diskann
pg-diskann,100000,3,w1,508,4.688209,1.0,10,,diskann
pg-diskann,100000,3,w1,248,5.757959,1.0,10,,diskann
pg-diskann,100000,3,w1,522,5.166375,0.9,10,,diskann
pg-diskann,100000,3,w1,301,5.277417,1.0,10,,diskann
pg-diskann,100000,3,w1,694,6.212083,1.0,10,,diskann
pg-diskann,100000,3,w1,711,4.09525,1.0,10,,diskann
pg-diskann,100000,3,w1,227,6.67375,1.0,10,,diskann
pg-diskann,100000,3,w1,880,5.07175,0.9,10,,diskann
pg-diskann,100000,3,w1,701,7.084375,1.0,10,,diskann
pg-diskann,100000,3,w1,113,8.747917,1.0,10,,diskann
pg-diskann,100000,3,w1,656,7.866,0.9,10,,diskann
pg-diskann,100000,3,w1,899,6.601667,1.0,10,,diskann
pg-diskann,100000,3,w1,351,6.13525,1.0,10,,diskann
pg-diskann,100000,3,w1,620,5.9435,1.0,10,,diskann
pg-diskann,100000,3,w1,792,6.161833,1.0,10,,diskann
pg-diskann,100000,3,w1,492,5.277,0.9,10,,diskann
pg-diskann,100000,3,w1,802,5.909,1.0,10,,diskann
pg-diskann,100000,3,w1,328,6.49575,1.0,10,,diskann
pg-diskann,100000,3,w1,131,4.056875,1.0,10,,diskann
pg-diskann,100000,3,w1,445,5.385458,1.0,10,,diskann
pg-diskann,100000,3,w1,739,4.373209,1.0,10,,diskann
pg-diskann,100000,3,w1,413,5.702583,1.0,10,,diskann
pg-diskann,100000,3,w1,950,3.865959,1.0,10,,diskann
pg-diskann,100000,3,w1,458,5.495417,1.0,10,,diskann
pg-diskann,100000,3,w1,427,8.031125,0.8,10,,diskann
pg-diskann,100000,3,w1,505,6.327625,1.0,10,,diskann
pg-diskann,100000,3,w1,134,7.555875,0.7,10,,diskann
pg-diskann,100000,3,w1,635,5.440375,1.0,10,,diskann
pg-diskann,100000,3,w1,961,5.8475,1.0,10,,diskann
pg-diskann,100000,3,w1,949,5.512458,1.0,10,,diskann
pg-diskann,100000,3,w1,173,5.604667,1.0,10,,diskann
pg-diskann,100000,3,w1,546,6.965708,1.0,10,,diskann
pg-diskann,100000,3,w1,915,6.638541,1.0,10,,diskann
pg-diskann,100000,3,w1,700,8.186709,1.0,10,,diskann
pg-diskann,100000,3,w1,203,5.595916,1.0,10,,diskann
pg-diskann,100000,3,w1,396,6.653125,1.0,10,,diskann
pg-diskann,100000,3,w1,422,5.726541,1.0,10,,diskann
pg-diskann,100000,3,w1,536,6.541375,1.0,10,,diskann
pg-diskann,100000,3,w1,793,7.456458,1.0,10,,diskann
pg-diskann,100000,3,w1,368,5.580083,1.0,10,,diskann
pg-diskann,100000,3,w1,608,5.062666,1.0,10,,diskann
pg-diskann,100000,3,w1,715,6.469125,1.0,10,,diskann
pg-diskann,100000,3,w1,895,6.515959,1.0,10,,diskann
pg-diskann,100000,3,w1,627,7.754,1.0,10,,diskann
pg-diskann,100000,3,w1,809,8.433834,1.0,10,,diskann
pg-diskann,100000,3,w1,638,7.733542,1.0,10,,diskann
pg-diskann,100000,3,w1,794,5.559042,1.0,10,,diskann
pg-diskann,100000,3,w1,387,6.03725,1.0,10,,diskann
pg-diskann,100000,3,w1,406,5.52975,1.0,10,,diskann
pg-diskann,100000,3,w1,993,6.060125,1.0,10,,diskann
pg-diskann,100000,3,w1,363,6.6965,1.0,10,,diskann
pg-diskann,100000,3,w1,657,7.327208,1.0,10,,diskann
pg-diskann,100000,3,w1,317,5.48675,1.0,10,,diskann
pg-diskann,100000,3,w1,671,6.947416,0.9,10,,diskann
pg-diskann,100000,3,w1,691,6.156709,1.0,10,,diskann
pg-diskann,100000,3,w1,755,6.153917,1.0,10,,diskann
pg-diskann,100000,3,w1,798,7.393917,1.0,10,,diskann
pg-diskann,100000,3,w1,851,5.109333,0.9,10,,diskann
pg-diskann,100000,3,w1,955,5.294,1.0,10,,diskann
pg-diskann,100000,3,w1,494,6.055667,1.0,10,,diskann
pg-diskann,100000,3,w1,874,11.417291,1.0,10,,diskann
pg-diskann,100000,3,w1,486,6.808458,1.0,10,,diskann
pg-diskann,100000,3,w1,562,5.433417,1.0,10,,diskann
pg-diskann,100000,3,w1,316,7.428959,1.0,10,,diskann
pg-diskann,100000,3,w1,401,6.56375,1.0,10,,diskann
pg-diskann,100000,3,w1,290,6.982167,1.0,10,,diskann
pg-diskann,100000,3,w1,746,5.7505,1.0,10,,diskann
pg-diskann,100000,3,w1,520,6.105292,1.0,10,,diskann
pg-diskann,100000,3,w1,481,7.213583,1.0,10,,diskann
pg-diskann,100000,3,w1,319,7.185709,1.0,10,,diskann
pg-diskann,100000,3,w1,539,5.688042,1.0,10,,diskann
pg-diskann,100000,3,w1,769,5.765375,1.0,10,,diskann
pg-diskann,100000,3,w1,988,5.068208,1.0,10,,diskann
pg-diskann,100000,3,w1,407,5.975458,1.0,10,,diskann
pg-diskann,100000,3,w1,927,6.684,0.9,10,,diskann
pg-diskann,100000,3,w1,314,8.544792,1.0,10,,diskann
pg-diskann,100000,3,w1,605,6.714208,1.0,10,,diskann
pg-diskann,100000,3,w1,559,8.179292,0.9,10,,diskann
pg-diskann,100000,3,w1,956,8.738375,1.0,10,,diskann
pg-diskann,100000,3,w1,529,11.24775,1.0,10,,diskann
pg-diskann,100000,3,w1,129,7.302125,0.8,10,,diskann
pg-diskann,100000,3,w1,578,6.107667,1.0,10,,diskann
pg-diskann,100000,3,w1,718,5.316166,1.0,10,,diskann
pg-diskann,100000,3,w1,738,8.29125,1.0,10,,diskann
pg-diskann,100000,3,w1,877,4.785709,1.0,10,,diskann
pg-diskann,100000,3,w1,284,8.609208,1.0,10,,diskann
pg-diskann,100000,3,w1,321,5.883959,1.0,10,,diskann
pg-diskann,100000,3,w1,856,6.622,0.9,10,,diskann
pg-diskann,100000,3,w1,474,5.24175,1.0,10,,diskann
pg-diskann,100000,3,w1,375,6.093458,1.0,10,,diskann
pg-diskann,100000,3,w1,541,8.6565,0.8,10,,diskann
pg-diskann,100000,3,w1,893,8.25125,1.0,10,,diskann
pg-diskann,100000,3,w1,360,8.307375,1.0,10,,diskann
pg-diskann,100000,3,w1,148,8.519875,1.0,10,,diskann
pg-diskann,100000,3,w1,859,5.650541,1.0,10,,diskann
pg-diskann,100000,3,w1,349,7.523042,0.9,10,,diskann
pg-diskann,100000,3,w1,714,6.317708,0.9,10,,diskann
pg-diskann,100000,3,w1,986,5.5595,1.0,10,,diskann
pg-diskann,100000,3,w1,298,7.829292,1.0,10,,diskann
pg-diskann,100000,3,w1,537,7.380333,0.7,10,,diskann
pg-diskann,100000,3,w1,217,7.868542,1.0,10,,diskann
pg-diskann,100000,3,w1,172,7.802292,0.9,10,,diskann
pg-diskann,100000,3,w1,262,7.252416,1.0,10,,diskann
pg-diskann,100000,3,w1,834,8.358042,1.0,10,,diskann
pg-diskann,100000,3,w1,965,6.427583,1.0,10,,diskann
pg-diskann,100000,3,w1,853,8.35375,0.9,10,,diskann
pg-diskann,100000,3,w1,641,6.145916,1.0,10,,diskann
pg-diskann,100000,3,w1,501,6.119958,1.0,10,,diskann
pg-diskann,100000,3,w1,452,5.640167,0.9,10,,diskann
pg-diskann,100000,3,w1,655,7.068541,1.0,10,,diskann
pg-diskann,100000,3,w1,903,9.129625,1.0,10,,diskann
pg-diskann,100000,3,w1,983,6.31675,1.0,10,,diskann
pg-diskann,100000,3,w1,747,5.09225,1.0,10,,diskann
pg-diskann,100000,3,w1,130,6.068041,1.0,10,,diskann
pg-diskann,100000,3,w1,588,7.015417,1.0,10,,diskann
pg-diskann,100000,3,w1,613,5.103708,1.0,10,,diskann
pg-diskann,100000,3,w1,432,7.050667,1.0,10,,diskann
pg-diskann,100000,3,w1,684,8.837042,1.0,10,,diskann
pg-diskann,100000,3,w1,336,6.177167,1.0,10,,diskann
pg-diskann,100000,3,w1,881,6.6585,1.0,10,,diskann
pg-diskann,100000,3,w1,307,6.595958,1.0,10,,diskann
pg-diskann,100000,3,w1,239,6.482,1.0,10,,diskann
pg-diskann,100000,3,w1,179,5.775292,1.0,10,,diskann
pg-diskann,100000,3,w1,488,7.029666,1.0,10,,diskann
pg-diskann,100000,3,w1,535,7.193958,1.0,10,,diskann
pg-diskann,100000,3,w1,911,6.231333,0.9,10,,diskann
pg-diskann,100000,3,w1,630,5.014291,1.0,10,,diskann
pg-diskann,100000,3,w1,274,7.919042,1.0,10,,diskann
pg-diskann,100000,3,w1,108,6.684417,1.0,10,,diskann
pg-diskann,100000,3,w1,435,7.121375,1.0,10,,diskann
pg-diskann,100000,3,w1,464,7.999375,1.0,10,,diskann
pg-diskann,100000,3,w1,858,5.221708,1.0,10,,diskann
pg-diskann,100000,3,w1,470,5.843334,1.0,10,,diskann
pg-diskann,100000,3,w1,544,6.48375,1.0,10,,diskann
pg-diskann,100000,3,w1,380,7.526834,0.8,10,,diskann
pg-diskann,100000,3,w1,264,4.736292,1.0,10,,diskann
pg-diskann,100000,3,w1,249,5.782292,1.0,10,,diskann
pg-diskann,100000,3,w1,285,8.735209,1.0,10,,diskann
pg-diskann,100000,3,w1,504,6.141917,1.0,10,,diskann
pg-diskann,100000,3,w1,612,6.937042,1.0,10,,diskann
pg-diskann,100000,3,w1,957,4.792666,1.0,10,,diskann
pg-diskann,100000,3,w1,206,6.19825,0.9,10,,diskann
pg-diskann,100000,3,w1,469,7.277708,1.0,10,,diskann
pg-diskann,100000,3,w1,516,6.989458,1.0,10,,diskann
pg-diskann,100000,3,w1,116,7.8655,0.9,10,,diskann
pg-diskann,100000,3,w1,788,8.314209,0.8,10,,diskann
pg-diskann,100000,3,w1,170,7.877208,0.9,10,,diskann
pg-diskann,100000,3,w1,710,6.353208,1.0,10,,diskann
pg-diskann,100000,3,w1,992,6.282834,0.9,10,,diskann
pg-diskann,100000,3,w1,453,5.112125,1.0,10,,diskann
pg-diskann,100000,3,w1,697,4.392459,1.0,10,,diskann
pg-diskann,100000,3,w1,339,5.022875,1.0,10,,diskann
pg-diskann,100000,3,w1,153,6.195666,1.0,10,,diskann
pg-diskann,100000,3,w1,781,4.384333,1.0,10,,diskann
pg-diskann,100000,3,w1,393,6.311709,1.0,10,,diskann
pg-diskann,100000,3,w1,497,5.606833,1.0,10,,diskann
pg-diskann,100000,3,w1,552,5.782584,1.0,10,,diskann
pg-diskann,100000,3,w1,971,5.473584,0.9,10,,diskann
pg-diskann,100000,3,w1,994,6.89575,1.0,10,,diskann
pg-diskann,100000,3,w1,681,6.164291,0.8,10,,diskann
pg-diskann,100000,3,w1,211,5.805125,0.8,10,,diskann
pg-diskann,100000,3,w1,599,6.564292,0.8,10,,diskann
pg-diskann,100000,3,w1,801,6.032292,1.0,10,,diskann
pg-diskann,100000,3,w1,682,6.258875,1.0,10,,diskann
pg-diskann,100000,3,w1,652,6.286959,1.0,10,,diskann
pg-diskann,100000,3,w1,136,5.497334,1.0,10,,diskann
pg-diskann,100000,3,w1,141,5.613292,1.0,10,,diskann
pg-diskann,100000,3,w1,258,5.557791,1.0,10,,diskann
pg-diskann,100000,3,w1,232,5.880792,1.0,10,,diskann
pg-diskann,100000,3,w1,506,7.879917,1.0,10,,diskann
pg-diskann,100000,3,w1,857,4.158584,1.0,10,,diskann
pg-diskann,100000,3,w1,287,7.104958,1.0,10,,diskann
pg-diskann,100000,3,w1,867,6.242667,0.8,10,,diskann
pg-diskann,100000,3,w1,191,7.889542,1.0,10,,diskann
pg-diskann,100000,3,w1,550,5.286,1.0,10,,diskann
pg-diskann,100000,3,w1,156,5.683041,1.0,10,,diskann
pg-diskann,100000,3,w1,383,6.35975,1.0,10,,diskann
pg-diskann,100000,3,w1,479,5.8895,1.0,10,,diskann
pg-diskann,100000,3,w1,547,8.077875,1.0,10,,diskann
pg-diskann,100000,3,w1,161,6.193833,1.0,10,,diskann
pg-diskann,100000,3,w1,193,5.6075,0.9,10,,diskann
pg-diskann,100000,3,w1,394,7.859333,0.8,10,,diskann
pg-diskann,100000,3,w1,796,9.008041,1.0,10,,diskann
pg-diskann,100000,3,w1,362,6.185834,1.0,10,,diskann
pg-diskann,100000,3,w1,668,5.311167,1.0,10,,diskann
pg-diskann,100000,3,w1,839,5.620042,1.0,10,,diskann
pg-diskann,100000,3,w1,167,5.737875,1.0,10,,diskann
pg-diskann,100000,3,w1,762,7.201875,1.0,10,,diskann
pg-diskann,100000,3,w1,118,5.73225,1.0,10,,diskann
pg-diskann,100000,3,w1,257,7.458208,1.0,10,,diskann
pg-diskann,100000,3,w1,376,6.066,1.0,10,,diskann
pg-diskann,100000,3,w1,561,4.891666,1.0,10,,diskann
pg-diskann,100000,3,w1,322,6.737875,1.0,10,,diskann
pg-diskann,100000,3,w1,430,5.5995,1.0,10,,diskann
pg-diskann,100000,3,w1,220,7.782959,1.0,10,,diskann
pg-diskann,100000,3,w1,685,6.544708,1.0,10,,diskann
pg-diskann,100000,3,w1,939,5.745,1.0,10,,diskann
pg-diskann,100000,3,w1,592,6.950083,1.0,10,,diskann
pg-diskann,100000,3,w1,381,5.652083,1.0,10,,diskann
pg-diskann,100000,3,w1,937,6.6405,0.8,10,,diskann
pg-diskann,100000,3,w1,361,6.49725,1.0,10,,diskann
pg-diskann,100000,3,w1,443,6.420792,0.9,10,,diskann
pg-diskann,100000,3,w1,545,8.07025,1.0,10,,diskann
pg-diskann,100000,3,w1,245,6.452709,1.0,10,,diskann
pg-diskann,100000,3,w1,650,6.817167,1.0,10,,diskann
pg-diskann,100000,3,w1,439,6.35875,1.0,10,,diskann
pg-diskann,100000,3,w1,825,7.610791,1.0,10,,diskann
pg-diskann,100000,3,w1,410,6.407333,1.0,10,,diskann
pg-diskann,100000,3,w1,759,6.952209,0.9,10,,diskann
pg-diskann,100000,3,w1,420,5.715542,1.0,10,,diskann
pg-diskann,100000,3,w1,451,5.969042,0.9,10,,diskann
pg-diskann,100000,3,w1,150,7.788875,0.9,10,,diskann
pg-diskann,100000,3,w1,210,7.156125,0.9,10,,diskann
pg-diskann,100000,3,w1,629,8.321542,0.6,10,,diskann
pg-diskann,100000,3,w1,538,6.15875,1.0,10,,diskann
pg-diskann,100000,3,w1,395,5.722041,1.0,10,,diskann
pg-diskann,100000,3,w1,676,4.818583,1.0,10,,diskann
pg-diskann,100000,3,w1,581,6.571291,1.0,10,,diskann
pg-diskann,100000,3,w1,819,5.872708,1.0,10,,diskann
pg-diskann,100000,3,w1,269,7.1495,1.0,10,,diskann
pg-diskann,100000,3,w1,163,9.732375,1.0,10,,diskann
pg-diskann,100000,3,w1,366,7.649125,1.0,10,,diskann
pg-diskann,100000,3,w1,485,5.280834,1.0,10,,diskann
pg-diskann,100000,3,w1,449,6.178042,1.0,10,,diskann
pg-diskann,100000,3,w1,743,6.691417,1.0,10,,diskann
pg-diskann,100000,3,w1,721,6.822416,1.0,10,,diskann
pg-diskann,100000,3,w1,567,4.97825,1.0,10,,diskann
pg-diskann,100000,3,w1,888,6.64375,1.0,10,,diskann
pg-diskann,100000,3,w1,333,5.907166,1.0,10,,diskann
pg-diskann,100000,3,w1,875,5.890792,1.0,10,,diskann
pg-diskann,100000,3,w1,806,9.268667,1.0,10,,diskann
pg-diskann,100000,3,w1,303,6.423625,1.0,10,,diskann
pg-diskann,100000,3,w1,654,7.303791,1.0,10,,diskann
pg-diskann,100000,3,w1,722,7.918625,0.9,10,,diskann
pg-diskann,100000,3,w1,648,9.304958,1.0,10,,diskann
pg-diskann,100000,3,w1,572,7.508875,1.0,10,,diskann
pg-diskann,100000,3,w1,178,6.511708,1.0,10,,diskann
pg-diskann,100000,3,w1,554,10.597208,1.0,10,,diskann
pg-diskann,100000,3,w1,884,7.322959,1.0,10,,diskann
pg-diskann,100000,3,w1,990,7.367667,1.0,10,,diskann
pg-diskann,100000,3,w1,527,5.922125,1.0,10,,diskann
pg-diskann,100000,3,w1,243,6.491291,1.0,10,,diskann
pg-diskann,100000,3,w1,807,6.109375,1.0,10,,diskann
pg-diskann,100000,3,w1,618,7.514125,1.0,10,,diskann
pg-diskann,100000,3,w1,933,7.915833,1.0,10,,diskann
pg-diskann,100000,3,w1,757,6.371417,0.9,10,,diskann
pg-diskann,100000,3,w1,699,5.715459,1.0,10,,diskann
pg-diskann,100000,3,w1,293,6.033166,1.0,10,,diskann
pg-diskann,100000,3,w1,133,8.796708,1.0,10,,diskann
pg-diskann,100000,3,w1,835,6.92975,1.0,10,,diskann
pg-diskann,100000,3,w1,589,8.47125,1.0,10,,diskann
pg-diskann,100000,3,w1,636,5.599458,1.0,10,,diskann
pg-diskann,100000,3,w1,871,6.560041,0.9,10,,diskann
pg-diskann,100000,3,w1,252,7.265083,1.0,10,,diskann
pg-diskann,100000,3,w1,426,6.057666,1.0,10,,diskann
pg-diskann,100000,3,w1,523,5.373917,1.0,10,,diskann
pg-diskann,100000,3,w1,412,5.621583,1.0,10,,diskann
pg-diskann,100000,3,w1,135,6.237416,1.0,10,,diskann
pg-diskann,100000,3,w1,345,9.324709,1.0,10,,diskann
pg-diskann,100000,3,w1,619,6.519791,1.0,10,,diskann
pg-diskann,100000,3,w1,556,6.85475,1.0,10,,diskann
pg-diskann,100000,3,w1,828,6.254292,1.0,10,,diskann
pg-diskann,100000,3,w1,970,5.646042,1.0,10,,diskann
pg-diskann,100000,3,w1,980,5.795583,1.0,10,,diskann
pg-diskann,100000,3,w1,820,8.170792,0.8,10,,diskann
pg-diskann,100000,3,w1,353,4.44875,1.0,10,,diskann
pg-diskann,100000,3,w1,872,5.784291,1.0,10,,diskann
pg-diskann,100000,3,w1,901,7.769,0.9,10,,diskann
pg-diskann,100000,3,w1,534,9.05275,1.0,10,,diskann
pg-diskann,100000,3,w1,146,5.232042,1.0,10,,diskann
pg-diskann,100000,3,w1,513,5.513917,1.0,10,,diskann
pg-diskann,100000,3,w1,800,5.497792,1.0,10,,diskann
pg-diskann,100000,3,w1,242,6.58725,1.0,10,,diskann
pg-diskann,100000,3,w1,334,6.0535,1.0,10,,diskann
pg-diskann,100000,3,w1,854,10.169625,0.9,10,,diskann
pg-diskann,100000,3,w1,295,5.67075,1.0,10,,diskann
pg-diskann,100000,3,w1,761,5.799208,1.0,10,,diskann
pg-diskann,100000,3,w1,444,6.498375,1.0,10,,diskann
pg-diskann,100000,3,w1,414,8.351959,1.0,10,,diskann
pg-diskann,100000,3,w1,829,8.364625,1.0,10,,diskann
pg-diskann,100000,3,w1,463,7.667625,1.0,10,,diskann
pg-diskann,100000,3,w1,775,8.138333,1.0,10,,diskann
pg-diskann,100000,3,w1,922,7.486375,1.0,10,,diskann
pg-diskann,100000,3,w1,692,6.012041,1.0,10,,diskann
pg-diskann,100000,3,w1,171,6.2185,1.0,10,,diskann
pg-diskann,100000,3,w1,270,6.729917,0.6,10,,diskann
pg-diskann,100000,3,w1,885,7.06775,1.0,10,,diskann
pg-diskann,100000,3,w1,291,9.071666,1.0,10,,diskann
pg-diskann,100000,3,w1,889,7.603291,1.0,10,,diskann
pg-diskann,100000,3,w1,526,6.570709,1.0,10,,diskann
pg-diskann,100000,3,w1,675,5.709292,1.0,10,,diskann
pg-diskann,100000,3,w1,151,7.322042,1.0,10,,diskann
pg-diskann,100000,3,w1,137,6.742917,1.0,10,,diskann
pg-diskann,100000,3,w1,254,6.677708,0.9,10,,diskann
pg-diskann,100000,3,w1,517,8.553125,0.8,10,,diskann
pg-diskann,100000,3,w1,960,6.896791,1.0,10,,diskann
pg-diskann,100000,3,w1,784,7.224042,1.0,10,,diskann
pg-diskann,100000,3,w1,348,6.464625,1.0,10,,diskann
pg-diskann,100000,3,w1,212,5.325708,1.0,10,,diskann
pg-diskann,100000,3,w1,688,5.286375,1.0,10,,diskann
pg-diskann,100000,3,w1,962,5.87725,0.9,10,,diskann
pg-diskann,100000,3,w1,186,5.803458,1.0,10,,diskann
pg-diskann,100000,3,w1,695,6.269667,0.8,10,,diskann
pg-diskann,100000,3,w1,779,6.905458,1.0,10,,diskann
pg-diskann,100000,3,w1,283,5.573167,1.0,10,,diskann
pg-diskann,100000,3,w1,402,3.775,1.0,10,,diskann
pg-diskann,100000,3,w1,816,7.553709,1.0,10,,diskann
pg-diskann,100000,3,w1,987,5.348709,1.0,10,,diskann
pg-diskann,100000,3,w1,577,7.117833,1.0,10,,diskann
pg-diskann,100000,3,w1,386,6.827458,1.0,10,,diskann
pg-diskann,100000,3,w1,300,5.18975,1.0,10,,diskann
pg-diskann,100000,3,w1,425,5.868,0.9,10,,diskann
pg-diskann,100000,3,w1,548,6.87575,1.0,10,,diskann
pg-diskann,100000,3,w1,606,6.745917,1.0,10,,diskann
pg-diskann,100000,3,w1,372,6.584417,1.0,10,,diskann
pg-diskann,100000,3,w1,756,6.39675,1.0,10,,diskann
pg-diskann,100000,3,w1,182,5.641,1.0,10,,diskann
pg-diskann,100000,3,w1,564,9.103167,1.0,10,,diskann
pg-diskann,100000,3,w1,512,7.064375,1.0,10,,diskann
pg-diskann,100000,3,w1,821,5.3865,1.0,10,,diskann
pg-diskann,100000,3,w1,773,4.8195,1.0,10,,diskann
pg-diskann,100000,3,w1,690,5.718292,0.9,10,,diskann
pg-diskann,100000,3,w1,557,5.61675,1.0,10,,diskann
pg-diskann,100000,3,w1,963,4.659667,1.0,10,,diskann
pg-diskann,100000,3,w1,914,4.706292,1.0,10,,diskann
pg-diskann,100000,3,w1,503,4.209625,1.0,10,,diskann
pg-diskann,100000,3,w1,934,3.776792,1.0,10,,diskann
pg-diskann,100000,3,w1,891,4.334917,1.0,10,,diskann
pg-diskann,100000,3,w1,729,6.28725,1.0,10,,diskann
pg-diskann,100000,3,w1,275,4.702333,1.0,10,,diskann
pg-diskann,100000,3,w1,979,7.019958,0.8,10,,diskann
pg-diskann,100000,3,w1,790,4.838958,1.0,10,,diskann
pg-diskann,100000,3,w1,786,5.900958,1.0,10,,diskann
pg-diskann,100000,3,w1,702,7.29925,1.0,10,,diskann
pg-diskann,100000,3,w1,745,6.014709,1.0,10,,diskann
pg-diskann,100000,3,w1,185,7.149041,1.0,10,,diskann
pg-diskann,100000,3,w1,850,6.49425,1.0,10,,diskann
pg-diskann,100000,3,w1,940,7.003,0.9,10,,diskann
pg-diskann,100000,3,w1,117,6.046541,1.0,10,,diskann
pg-diskann,100000,3,w1,162,5.227542,1.0,10,,diskann
pg-diskann,100000,3,w1,483,6.169083,0.9,10,,diskann
pg-diskann,100000,3,w1,154,6.620083,1.0,10,,diskann
pg-diskann,100000,3,w1,879,5.956833,1.0,10,,diskann
pg-diskann,100000,3,w1,507,8.517083,1.0,10,,diskann
pg-diskann,100000,3,w1,531,5.569667,1.0,10,,diskann
pg-diskann,100000,3,w1,783,7.557542,1.0,10,,diskann
pg-diskann,100000,3,w1,568,6.729416,0.9,10,,diskann
pg-diskann,100000,3,w1,844,7.860167,1.0,10,,diskann
pg-diskann,100000,3,w1,207,7.714917,1.0,10,,diskann
pg-diskann,100000,3,w1,272,7.929,1.0,10,,diskann
pg-diskann,100000,3,w1,925,9.26225,1.0,10,,diskann
pg-diskann,100000,3,w1,373,6.904625,1.0,10,,diskann
pg-diskann,100000,3,w1,147,8.176125,1.0,10,,diskann
pg-diskann,100000,3,w1,868,9.35525,1.0,10,,diskann
pg-diskann,100000,3,w1,558,7.907583,1.0,10,,diskann
pg-diskann,100000,3,w1,299,8.405,1.0,10,,diskann
pg-diskann,100000,3,w1,680,7.472208,1.0,10,,diskann
pg-diskann,100000,3,w1,164,5.275625,1.0,10,,diskann
pg-diskann,100000,3,w1,665,6.309541,1.0,10,,diskann
pg-diskann,100000,3,w1,405,7.028791,1.0,10,,diskann
pg-diskann,100000,3,w1,521,6.944208,1.0,10,,diskann
pg-diskann,100000,3,w1,725,6.025125,1.0,10,,diskann
pg-diskann,100000,3,w1,633,8.700334,1.0,10,,diskann
pg-diskann,100000,3,w1,830,9.79325,1.0,10,,diskann
pg-diskann,100000,3,w1,811,8.321834,1.0,10,,diskann
pg-diskann,100000,3,w1,157,7.329375,0.8,10,,diskann
pg-diskann,100000,3,w1,188,9.320666,1.0,10,,diskann
pg-diskann,100000,3,w1,686,9.060208,0.9,10,,diskann
pg-diskann,100000,3,w1,326,7.292333,1.0,10,,diskann
pg-diskann,100000,3,w1,294,7.923125,1.0,10,,diskann
pg-diskann,100000,3,w1,397,8.406,1.0,10,,diskann
pg-diskann,100000,3,w1,896,10.5295,0.9,10,,diskann
pg-diskann,100000,3,w1,723,6.242667,1.0,10,,diskann
pg-diskann,100000,3,w1,553,7.544042,0.9,10,,diskann
pg-diskann,100000,3,w1,728,7.238458,1.0,10,,diskann
pg-diskann,100000,3,w1,863,6.685583,1.0,10,,diskann
pg-diskann,100000,3,w1,580,6.776,0.9,10,,diskann
pg-diskann,100000,3,w1,731,6.699416,1.0,10,,diskann
pg-diskann,100000,3,w1,496,6.002542,1.0,10,,diskann
pg-diskann,100000,3,w1,123,8.996709,1.0,10,,diskann
pg-diskann,100000,3,w1,308,7.36875,1.0,10,,diskann
pg-diskann,100000,3,w1,814,7.798708,1.0,10,,diskann
pg-diskann,100000,3,w1,749,5.219625,1.0,10,,diskann
pg-diskann,100000,3,w1,679,7.449125,1.0,10,,diskann
pg-diskann,100000,3,w1,565,6.670667,1.0,10,,diskann
pg-diskann,100000,3,w1,177,5.421542,1.0,10,,diskann
pg-diskann,100000,3,w1,487,8.737,1.0,10,,diskann
pg-diskann,100000,3,w1,332,8.975375,1.0,10,,diskann
pg-diskann,100000,3,w1,450,8.211,1.0,10,,diskann
pg-diskann,100000,3,w1,195,8.252375,1.0,10,,diskann
pg-diskann,100000,3,w1,969,8.407334,1.0,10,,diskann
pg-diskann,100000,3,w1,331,7.496417,1.0,10,,diskann
pg-diskann,100000,3,w1,490,4.777375,1.0,10,,diskann
pg-diskann,100000,3,w1,585,5.545916,1.0,10,,diskann
pg-diskann,100000,3,w1,509,7.713792,1.0,10,,diskann
pg-diskann,100000,3,w1,297,7.68325,1.0,10,,diskann
pg-diskann,100000,3,w1,240,6.65975,1.0,10,,diskann
pg-diskann,100000,3,w1,251,4.379458,1.0,10,,diskann
pg-diskann,100000,3,w1,320,5.432542,1.0,10,,diskann
pg-diskann,100000,3,w1,748,8.013875,0.9,10,,diskann
pg-diskann,100000,3,w1,776,7.526,1.0,10,,diskann
pg-diskann,100000,3,w1,607,4.791083,0.9,10,,diskann
pg-diskann,100000,3,w1,159,5.849958,1.0,10,,diskann
pg-diskann,100000,3,w1,468,6.302542,1.0,10,,diskann
pg-diskann,100000,3,w1,804,11.078541,0.9,10,,diskann
pg-diskann,100000,3,w1,543,7.897291,0.7,10,,diskann
pg-diskann,100000,3,w1,707,6.407208,1.0,10,,diskann
pg-diskann,100000,3,w1,404,7.243458,1.0,10,,diskann
pg-diskann,100000,3,w1,471,9.91875,1.0,10,,diskann
pg-diskann,100000,3,w1,465,8.045,1.0,10,,diskann
pg-diskann,100000,3,w1,999,7.79325,1.0,10,,diskann
pg-diskann,100000,3,w1,587,7.5165,1.0,10,,diskann
pg-diskann,100000,3,w1,944,10.930458,0.9,10,,diskann
pg-diskann,100000,3,w1,221,7.505375,1.0,10,,diskann
pg-diskann,100000,3,w1,253,7.319084,1.0,10,,diskann
pg-diskann,100000,3,w1,311,8.166167,0.9,10,,diskann
pg-diskann,100000,3,w1,111,4.912458,1.0,10,,diskann
pg-diskann,100000,3,w1,370,6.955708,0.9,10,,diskann
pg-diskann,100000,3,w1,717,5.613709,1.0,10,,diskann
pg-diskann,100000,3,w1,286,7.2555,1.0,10,,diskann
pg-diskann,100000,3,w1,460,7.490208,1.0,10,,diskann
pg-diskann,100000,3,w1,429,6.413292,0.9,10,,diskann
pg-diskann,100000,3,w1,409,5.61325,1.0,10,,diskann
pg-diskann,100000,3,w1,737,6.758167,1.0,10,,diskann
pg-diskann,100000,3,w1,289,7.010875,1.0,10,,diskann
pg-diskann,100000,3,w1,661,9.549125,1.0,10,,diskann
pg-diskann,100000,3,w1,797,7.102916,1.0,10,,diskann
pg-diskann,100000,3,w1,315,6.043,1.0,10,,diskann
pg-diskann,100000,3,w1,614,8.306375,0.9,10,,diskann
pg-diskann,100000,3,w1,989,5.596625,1.0,10,,diskann
pg-diskann,100000,3,w1,952,5.898083,1.0,10,,diskann
pg-diskann,100000,3,w1,280,7.496875,1.0,10,,diskann
pg-diskann,100000,3,w1,586,4.684083,1.0,10,,diskann
pg-diskann,100000,3,w1,192,6.138375,1.0,10,,diskann
pg-diskann,100000,3,w1,909,4.927,0.9,10,,diskann
pg-diskann,100000,3,w1,662,7.278667,1.0,10,,diskann
pg-diskann,100000,3,w1,687,8.512542,0.8,10,,diskann
pg-diskann,100000,3,w1,766,5.341084,1.0,10,,diskann
pg-diskann,100000,3,w1,281,5.278208,1.0,10,,diskann
pg-diskann,100000,3,w1,883,7.014416,1.0,10,,diskann
pg-diskann,100000,3,w1,566,7.522875,0.9,10,,diskann
pg-diskann,100000,3,w1,466,6.193,1.0,10,,diskann
pg-diskann,100000,3,w1,574,6.646791,1.0,10,,diskann
pg-diskann,100000,3,w1,209,6.078875,0.8,10,,diskann
pg-diskann,100000,3,w1,953,5.893167,0.5,10,,diskann
pg-diskann,100000,3,w1,310,5.406208,1.0,10,,diskann
pg-diskann,100000,3,w1,403,5.41425,1.0,10,,diskann
pg-diskann,100000,3,w1,905,5.282791,1.0,10,,diskann
pg-diskann,100000,3,w1,312,6.437209,1.0,10,,diskann
pg-diskann,100000,3,w1,166,7.12275,1.0,10,,diskann
pg-diskann,100000,3,w1,985,4.251667,1.0,10,,diskann
pg-diskann,100000,3,w1,109,6.039209,0.9,10,,diskann
pg-diskann,100000,3,w1,382,5.474791,1.0,10,,diskann
pg-diskann,100000,3,w1,902,5.960667,1.0,10,,diskann
pg-diskann,100000,3,w1,730,5.632,1.0,10,,diskann
pg-diskann,100000,3,w1,869,6.566375,1.0,10,,diskann
pg-diskann,100000,3,w1,570,5.778375,1.0,10,,diskann
pg-diskann,100000,3,w1,140,6.286875,1.0,10,,diskann
pg-diskann,100000,3,w1,213,6.474667,1.0,10,,diskann
pg-diskann,100000,3,w1,112,6.011167,1.0,10,,diskann
pg-diskann,100000,3,w1,278,6.81125,1.0,10,,diskann
pg-diskann,100000,3,w1,511,5.737458,1.0,10,,diskann
pg-diskann,100000,3,w1,390,5.406542,1.0,10,,diskann
pg-diskann,100000,3,w1,716,3.367083,1.0,10,,diskann
pg-diskann,100000,3,w1,968,4.705333,1.0,10,,diskann
pg-diskann,100000,3,w1,138,5.218042,0.9,10,,diskann
pg-diskann,100000,3,w1,873,5.924458,1.0,10,,diskann
pg-diskann,100000,3,w1,292,5.016625,1.0,10,,diskann
pg-diskann,100000,3,w1,975,3.729875,1.0,10,,diskann
pg-diskann,100000,3,w1,640,5.777208,0.8,10,,diskann
pg-diskann,100000,3,w1,495,5.366,1.0,10,,diskann
pg-diskann,100000,3,w1,169,5.384334,1.0,10,,diskann
pg-diskann,100000,3,w1,862,6.251666,1.0,10,,diskann
pg-diskann,100000,3,w1,327,5.193875,1.0,10,,diskann
pg-diskann,100000,3,w1,218,5.982041,1.0,10,,diskann
pg-diskann,100000,3,w1,663,5.722875,1.0,10,,diskann
pg-diskann,100000,3,w1,542,6.992833,0.8,10,,diskann
pg-diskann,100000,3,w1,634,5.679958,1.0,10,,diskann
pg-diskann,100000,3,w1,904,10.359541,0.9,10,,diskann
pg-diskann,100000,3,w1,603,5.030584,1.0,10,,diskann
pg-diskann,100000,3,w1,826,5.62725,1.0,10,,diskann
pg-diskann,100000,3,w1,659,7.491333,0.9,10,,diskann
pg-diskann,100000,3,w1,478,7.198791,0.9,10,,diskann
pg-diskann,100000,3,w1,125,8.288875,1.0,10,,diskann
pg-diskann,100000,3,w1,626,5.305458,0.9,10,,diskann
pg-diskann,100000,3,w1,591,6.957459,1.0,10,,diskann
pg-diskann,100000,3,w1,379,7.542083,1.0,10,,diskann
pg-diskann,100000,3,w1,216,5.998625,1.0,10,,diskann
pg-diskann,100000,3,w1,669,7.112375,1.0,10,,diskann
pg-diskann,100000,3,w1,768,7.364709,0.9,10,,diskann
pg-diskann,100000,3,w1,810,5.68675,0.8,10,,diskann
pg-diskann,100000,3,w1,261,3.612375,1.0,10,,diskann
pg-diskann,100000,3,w1,780,7.653666,1.0,10,,diskann
pg-diskann,100000,3,w1,484,5.189333,1.0,10,,diskann
pg-diskann,100000,3,w1,590,6.185708,1.0,10,,diskann
pg-diskann,100000,3,w1,306,8.122542,1.0,10,,diskann
pg-diskann,100000,3,w1,498,7.37775,1.0,10,,diskann
pg-diskann,100000,3,w1,530,7.734917,0.9,10,,diskann
pg-diskann,100000,3,w1,727,7.228125,1.0,10,,diskann
pg-diskann,100000,3,w1,916,6.083875,1.0,10,,diskann
pg-diskann,100000,3,w1,954,7.410875,1.0,10,,diskann
pg-diskann,100000,3,w1,836,6.184875,1.0,10,,diskann
pg-diskann,100000,3,w1,149,6.58975,1.0,10,,diskann
pg-diskann,100000,3,w1,296,5.718375,1.0,10,,diskann
pg-diskann,100000,3,w1,473,7.308666,1.0,10,,diskann
pg-diskann,100000,3,w1,610,6.588583,1.0,10,,diskann
pg-diskann,100000,3,w1,388,5.855833,1.0,10,,diskann
pg-diskann,100000,3,w1,724,8.689583,1.0,10,,diskann
pg-diskann,100000,3,w1,815,8.491625,1.0,10,,diskann
pg-diskann,100000,3,w1,678,5.90975,1.0,10,,diskann
pg-diskann,100000,3,w1,446,7.652542,1.0,10,,diskann
pg-diskann,100000,3,w1,972,6.400125,1.0,10,,diskann
pg-diskann,100000,3,w1,673,6.374875,0.9,10,,diskann
pg-diskann,100000,3,w1,708,6.428333,1.0,10,,diskann
pg-diskann,100000,3,w1,733,8.947875,1.0,10,,diskann
pg-diskann,100000,3,w1,480,13.771459,1.0,10,,diskann
pg-diskann,100000,3,w1,777,9.244333,1.0,10,,diskann
pg-diskann,100000,3,w1,882,12.513,1.0,10,,diskann
pg-diskann,100000,3,w1,343,9.1905,1.0,10,,diskann
pg-diskann,100000,3,w1,476,7.418417,0.9,10,,diskann
pg-diskann,100000,3,w1,611,6.506625,1.0,10,,diskann
pg-diskann,100000,3,w1,441,19.163042,1.0,10,,diskann
pg-diskann,100000,3,w1,978,13.562667,1.0,10,,diskann
pg-diskann,100000,3,w1,276,7.792292,0.9,10,,diskann
pg-diskann,100000,3,w1,995,7.145833,1.0,10,,diskann
pg-diskann,100000,3,w1,595,8.999458,1.0,10,,diskann
pg-diskann,100000,3,w1,632,7.88825,1.0,10,,diskann
pg-diskann,100000,3,w1,917,8.4635,1.0,10,,diskann
pg-diskann,100000,3,w1,631,14.954417,1.0,10,,diskann
pg-diskann,100000,3,w1,741,6.774291,1.0,10,,diskann
pg-diskann,100000,3,w1,330,6.592333,1.0,10,,diskann
pg-diskann,100000,3,w1,651,5.752708,1.0,10,,diskann
pg-diskann,100000,3,w1,428,7.402541,1.0,10,,diskann
pg-diskann,100000,3,w1,907,6.9835,1.0,10,,diskann
pg-diskann,100000,3,w1,799,5.570167,1.0,10,,diskann
pg-diskann,100000,3,w1,461,7.362958,0.9,10,,diskann
pg-diskann,100000,3,w1,532,8.211459,0.7,10,,diskann
pg-diskann,100000,3,w1,198,6.207791,1.0,10,,diskann
pg-diskann,100000,3,w1,926,5.595834,0.9,10,,diskann
pg-diskann,100000,3,w1,573,5.725,1.0,10,,diskann
pg-diskann,100000,3,w1,200,5.567958,0.9,10,,diskann
pg-diskann,100000,3,w1,115,6.442583,1.0,10,,diskann
pg-diskann,100000,3,w1,649,6.481834,0.9,10,,diskann
pg-diskann,100000,3,w1,753,6.597167,1.0,10,,diskann
pg-diskann,100000,3,w1,119,6.699625,1.0,10,,diskann
pg-diskann,100000,3,w1,354,6.9425,1.0,10,,diskann
pg-diskann,100000,3,w1,419,6.849458,1.0,10,,diskann
pg-diskann,100000,3,w1,433,8.647833,1.0,10,,diskann
pg-diskann,100000,3,w1,107,5.793209,1.0,10,,diskann
pg-diskann,100000,3,w1,224,9.446583,1.0,10,,diskann
pg-diskann,100000,3,w1,110,7.770333,1.0,10,,diskann
pg-diskann,100000,3,w1,997,5.839375,1.0,10,,diskann
pg-diskann,100000,3,w1,421,10.07625,1.0,10,,diskann
pg-diskann,100000,3,w1,645,7.958084,0.9,10,,diskann
pg-diskann,100000,3,w1,356,6.355833,0.9,10,,diskann
pg-diskann,100000,3,w1,510,6.542584,1.0,10,,diskann
pg-diskann,100000,3,w1,305,5.9705,1.0,10,,diskann
pg-diskann,100000,3,w1,236,7.886209,0.9,10,,diskann
pg-diskann,100000,3,w1,256,7.564459,1.0,10,,diskann
pg-diskann,100000,3,w1,377,7.741167,1.0,10,,diskann
pg-diskann,100000,3,w1,126,7.104417,1.0,10,,diskann
pg-diskann,100000,3,w1,664,9.040542,0.7,10,,diskann
pg-diskann,100000,3,w1,823,8.093167,1.0,10,,diskann
pg-diskann,100000,3,w1,357,5.325458,1.0,10,,diskann
pg-diskann,100000,3,w1,720,5.722167,1.0,10,,diskann
pg-diskann,100000,3,w1,622,7.599625,1.0,10,,diskann
pg-diskann,100000,3,w1,920,6.179291,1.0,10,,diskann
pg-diskann,100000,3,w1,540,6.742375,1.0,10,,diskann
pg-diskann,100000,3,w1,323,7.532166,1.0,10,,diskann
pg-diskann,100000,3,w1,742,5.94675,1.0,10,,diskann
pg-diskann,100000,3,w1,318,5.620667,0.9,10,,diskann
pg-diskann,100000,3,w1,214,7.438375,1.0,10,,diskann
pg-diskann,100000,3,w1,438,6.504042,1.0,10,,diskann
pg-diskann,100000,3,w1,237,7.547583,0.9,10,,diskann
pg-diskann,100000,3,w1,477,5.102584,1.0,10,,diskann
pg-diskann,100000,3,w1,653,8.403583,1.0,10,,diskann
pg-diskann,100000,3,w1,238,5.933583,1.0,10,,diskann
pg-diskann,100000,3,w1,615,6.088917,1.0,10,,diskann
pg-diskann,100000,3,w1,843,3.846083,1.0,10,,diskann
pg-diskann,100000,3,w1,106,6.278667,1.0,10,,diskann
pg-diskann,100000,3,w1,887,6.018458,1.0,10,,diskann
pg-diskann,100000,3,w1,637,10.737083,1.0,10,,diskann
pg-diskann,100000,3,w1,247,4.840084,1.0,10,,diskann
pg-diskann,100000,3,w1,231,6.963875,1.0,10,,diskann
pg-diskann,100000,3,w1,127,7.122666,0.9,10,,diskann
pg-diskann,100000,3,w1,760,6.29825,1.0,10,,diskann
pg-diskann,100000,3,w1,966,7.025541,0.8,10,,diskann
pg-diskann,100000,3,w1,229,5.292916,1.0,10,,diskann
pg-diskann,100000,3,w1,774,4.807917,1.0,10,,diskann
pg-diskann,100000,3,w1,602,4.440584,1.0,10,,diskann
pg-diskann,100000,3,w1,563,4.0555,0.9,10,,diskann
pg-diskann,100000,3,w1,549,5.9275,1.0,10,,diskann
pg-diskann,100000,3,w1,898,5.900041,0.9,10,,diskann
pg-diskann,100000,3,w1,582,7.157667,1.0,10,,diskann
pg-diskann,100000,3,w1,369,4.999709,1.0,10,,diskann
pg-diskann,100000,3,w1,805,6.401,1.0,10,,diskann
pg-diskann,100000,3,w1,596,5.706959,0.9,10,,diskann
pg-diskann,100000,3,w1,672,5.0865,1.0,10,,diskann
pg-diskann,100000,3,w1,597,7.230833,1.0,10,,diskann
pg-diskann,100000,3,w1,696,8.056625,0.9,10,,diskann
pg-diskann,100000,3,w1,364,7.763167,1.0,10,,diskann
pg-diskann,100000,3,w1,440,5.389167,1.0,10,,diskann
pg-diskann,100000,3,w1,338,8.920666,0.8,10,,diskann
pg-diskann,100000,3,w1,931,6.575834,1.0,10,,diskann
pg-diskann,100000,3,w1,860,7.266875,1.0,10,,diskann
pg-diskann,100000,3,w1,609,6.536041,1.0,10,,diskann
pg-diskann,100000,3,w1,100,6.366,1.0,10,,diskann
pg-diskann,100000,3,w1,852,6.723792,1.0,10,,diskann
pg-diskann,100000,3,w1,392,7.034333,1.0,10,,diskann
pg-diskann,100000,3,w1,886,5.005167,0.9,10,,diskann
pg-diskann,100000,3,w1,424,6.204791,1.0,10,,diskann
pg-diskann,100000,3,w1,525,5.931125,1.0,10,,diskann
pg-diskann,100000,3,w1,947,5.116833,1.0,10,,diskann
pg-diskann,100000,3,w1,143,7.062333,1.0,10,,diskann
pg-diskann,100000,3,w1,365,5.655,1.0,10,,diskann
pg-diskann,100000,3,w1,502,4.646709,1.0,10,,diskann
pg-diskann,100000,3,w1,448,6.203459,1.0,10,,diskann
pg-diskann,100000,3,w1,795,5.054958,1.0,10,,diskann
pg-diskann,100000,3,w1,222,7.514875,1.0,10,,diskann
pg-diskann,100000,3,w1,864,4.896833,1.0,10,,diskann
pg-diskann,100000,3,w1,855,7.286,1.0,10,,diskann
pg-diskann,100000,3,w1,489,8.770541,1.0,10,,diskann
pg-diskann,100000,3,w1,263,7.528375,1.0,10,,diskann
pg-diskann,100000,3,w1,736,4.986125,1.0,10,,diskann
pg-diskann,100000,3,w1,594,4.788375,1.0,10,,diskann
pg-diskann,100000,3,w1,459,7.070834,0.8,10,,diskann
pg-diskann,100000,3,w1,646,6.443375,1.0,10,,diskann
pg-diskann,100000,3,w1,754,6.468958,1.0,10,,diskann
pg-diskann,100000,3,w1,344,5.6065,1.0,10,,diskann
pg-diskann,100000,3,w1,271,6.431125,0.9,10,,diskann
pg-diskann,100000,3,w1,201,7.574834,1.0,10,,diskann
pg-diskann,100000,3,w1,385,5.793459,1.0,10,,diskann
pg-diskann,100000,3,w1,533,5.876125,1.0,10,,diskann
pg-diskann,100000,3,w1,584,6.002,1.0,10,,diskann
pg-diskann,100000,3,w1,374,7.839459,1.0,10,,diskann
pg-diskann,100000,3,w1,977,7.771917,0.9,10,,diskann
pg-diskann,100000,3,w1,160,6.208333,1.0,10,,diskann
pg-diskann,100000,3,w1,870,6.216875,1.0,10,,diskann
pg-diskann,100000,3,w1,190,6.270708,1.0,10,,diskann
pg-diskann,100000,3,w1,763,6.699,0.8,10,,diskann
pg-diskann,100000,3,w1,168,5.291375,1.0,10,,diskann
pg-diskann,100000,3,w1,845,6.635458,1.0,10,,diskann
pg-diskann,100000,3,w1,457,5.820916,0.9,10,,diskann
pg-diskann,100000,3,w1,230,7.097459,1.0,10,,diskann
pg-diskann,100000,3,w1,235,8.288541,1.0,10,,diskann
pg-diskann,100000,3,w1,601,8.362042,1.0,10,,diskann
pg-diskann,100000,3,w1,342,7.259583,0.9,10,,diskann
pg-diskann,100000,3,w1,770,11.79825,1.0,10,,diskann
pg-diskann,100000,3,w1,624,6.875166,0.9,10,,diskann
pg-diskann,100000,3,w1,352,6.215042,1.0,10,,diskann
pg-diskann,100000,3,w1,145,8.019959,1.0,10,,diskann
pg-diskann,100000,3,w1,932,6.232708,1.0,10,,diskann
pg-diskann,100000,3,w1,705,4.061584,1.0,10,,diskann
pg-diskann,100000,3,w1,683,4.681667,1.0,10,,diskann
pg-diskann,100000,3,w1,735,5.608542,1.0,10,,diskann
pg-diskann,100000,3,w1,518,7.007917,1.0,10,,diskann
pg-diskann,100000,3,w1,514,7.034375,1.0,10,,diskann
pg-diskann,100000,3,w1,639,8.960166,1.0,10,,diskann
pg-diskann,100000,3,w1,750,6.33825,1.0,10,,diskann
pg-diskann,100000,3,w1,165,8.309958,1.0,10,,diskann
pg-diskann,100000,3,w1,998,4.334708,0.9,10,,diskann
pg-diskann,100000,3,w1,579,8.0305,1.0,10,,diskann
pg-diskann,100000,3,w1,841,5.743542,1.0,10,,diskann
pg-diskann,100000,3,w1,923,5.906791,0.9,10,,diskann
pg-diskann,100000,3,w1,621,5.673459,1.0,10,,diskann
pg-diskann,100000,3,w1,764,6.738958,1.0,10,,diskann
pg-diskann,100000,3,w1,822,5.804833,1.0,10,,diskann
pg-diskann,100000,3,w1,667,9.018459,0.8,10,,diskann
pg-diskann,100000,3,w1,144,7.301417,1.0,10,,diskann
pg-diskann,100000,3,w1,234,7.5255,1.0,10,,diskann
pg-diskann,100000,3,w1,712,8.5685,0.9,10,,diskann
pg-diskann,100000,3,w1,982,6.023666,1.0,10,,diskann
pg-diskann,100000,3,w1,948,6.485875,1.0,10,,diskann
pg-diskann,100000,3,w1,560,5.79675,1.0,10,,diskann
pg-diskann,100000,3,w1,666,7.163833,1.0,10,,diskann
pg-diskann,100000,3,w1,175,6.133125,1.0,10,,diskann
pg-diskann,100000,3,w1,778,6.771583,1.0,10,,diskann
pg-diskann,100000,3,w1,228,4.744625,1.0,10,,diskann
pg-diskann,100000,3,w1,183,8.882666,0.8,10,,diskann
pg-diskann,100000,3,w1,282,5.753792,1.0,10,,diskann
pg-diskann,100000,3,w1,391,6.108292,0.8,10,,diskann
pg-diskann,100000,3,w1,250,5.03125,1.0,10,,diskann
pg-diskann,100000,3,w1,732,6.563375,1.0,10,,diskann
pg-diskann,100000,3,w1,102,5.592792,1.0,10,,diskann
pg-diskann,100000,3,w1,467,5.390916,1.0,10,,diskann
pg-diskann,100000,3,w1,355,7.234625,1.0,10,,diskann
pg-diskann,100000,3,w1,219,5.60525,1.0,10,,diskann
pg-diskann,100000,3,w1,155,9.96525,0.9,10,,diskann
pg-diskann,100000,3,w1,434,6.495458,1.0,10,,diskann
pg-diskann,100000,3,w1,341,6.621917,1.0,10,,diskann
pg-diskann,100000,3,w1,973,5.767084,1.0,10,,diskann
pg-diskann,100000,3,w1,304,6.925583,1.0,10,,diskann
pg-diskann,100000,3,w1,734,6.547625,0.9,10,,diskann
pg-diskann,100000,3,w1,181,8.346084,0.7,10,,diskann
pg-diskann,100000,3,w1,974,5.71625,1.0,10,,diskann
pg-diskann,100000,3,w1,202,4.941208,1.0,10,,diskann
pg-diskann,100000,3,w1,625,6.865959,1.0,10,,diskann
pg-diskann,100000,3,w1,846,5.942667,1.0,10,,diskann
pg-diskann,100000,3,w1,174,6.409916,1.0,10,,diskann
pg-diskann,100000,3,w1,703,7.06575,1.0,10,,diskann
pg-diskann,100000,3,w1,241,7.486209,0.9,10,,diskann
pg-diskann,100000,3,w1,350,6.318584,1.0,10,,diskann
pg-diskann,100000,3,w1,408,6.095584,1.0,10,,diskann
pg-diskann,100000,3,w1,689,6.218834,1.0,10,,diskann
pg-diskann,100000,3,w1,575,5.692875,1.0,10,,diskann
pg-diskann,100000,3,w1,447,5.326417,1.0,10,,diskann
pg-diskann,100000,3,w1,204,5.833917,1.0,10,,diskann
pg-diskann,100000,3,w1,833,5.3055,1.0,10,,diskann
pg-diskann,100000,3,w1,194,7.153458,1.0,10,,diskann
pg-diskann,100000,3,w1,812,5.78375,1.0,10,,diskann
pg-diskann,100000,3,w1,787,6.378792,1.0,10,,diskann
pg-diskann,100000,3,w1,347,4.759917,1.0,10,,diskann
pg-diskann,100000,3,w1,598,5.74125,1.0,10,,diskann
pg-diskann,100000,3,w1,709,5.639083,1.0,10,,diskann
pg-diskann,100000,3,w1,462,6.418041,1.0,10,,diskann
pg-diskann,100000,3,w1,938,6.174125,1.0,10,,diskann
pg-diskann,100000,3,w1,930,6.870292,0.9,10,,diskann
pg-diskann,100000,3,w1,981,5.908958,0.8,10,,diskann
pg-diskann,100000,3,w1,442,5.835791,0.9,10,,diskann
pg-diskann,100000,3,w1,528,6.047417,1.0,10,,diskann
pg-diskann,100000,3,w1,628,6.076916,0.9,10,,diskann
pg-diskann,100000,3,w1,265,7.298542,1.0,10,,diskann
pg-diskann,100000,3,w1,912,7.7415,1.0,10,,diskann
pg-diskann,100000,3,w1,196,6.815875,1.0,10,,diskann
pg-diskann,100000,3,w1,233,7.530333,1.0,10,,diskann
pg-diskann,100000,3,w1,945,7.643333,0.7,10,,diskann
pg-diskann,100000,3,w1,411,5.606,1.0,10,,diskann
pg-diskann,100000,3,w1,647,5.160917,1.0,10,,diskann
pg-diskann,100000,3,w1,400,6.582625,1.0,10,,diskann
pg-diskann,100000,3,w1,499,4.560291,1.0,10,,diskann
pg-diskann,100000,3,w1,831,5.829916,1.0,10,,diskann
pg-diskann,100000,3,w1,838,6.356708,1.0,10,,diskann
pg-diskann,100000,3,w1,500,5.457875,1.0,10,,diskann
pg-diskann,100000,3,w1,246,6.98625,1.0,10,,diskann
pg-diskann,100000,3,w1,223,7.715291,0.9,10,,diskann
pg-diskann,100000,3,w1,865,6.549,1.0,10,,diskann
pg-diskann,100000,3,w1,142,6.910625,1.0,10,,diskann
pg-diskann,100000,3,w1,437,7.465916,1.0,10,,diskann
pg-diskann,100000,3,w1,335,7.346166,1.0,10,,diskann
pg-diskann,100000,3,w1,984,6.15625,1.0,10,,diskann
pg-diskann,100000,3,w1,187,6.018875,1.0,10,,diskann
pg-diskann,100000,3,w1,475,6.554625,0.8,10,,diskann
pg-diskann,100000,3,w1,105,5.517542,1.0,10,,diskann
pg-diskann,100000,3,w1,358,5.828,1.0,10,,diskann
pg-diskann,100000,3,w1,752,6.587375,1.0,10,,diskann
pg-diskann,100000,3,w1,324,7.354375,1.0,10,,diskann
pg-diskann,100000,3,w1,941,5.865208,1.0,10,,diskann
pg-diskann,100000,3,w1,827,5.433791,1.0,10,,diskann
pg-diskann,100000,3,w1,309,4.79725,1.0,10,,diskann
pg-diskann,100000,3,w1,848,4.948292,1.0,10,,diskann
pg-diskann,100000,3,w1,259,5.05575,1.0,10,,diskann
pg-diskann,100000,3,w1,943,4.620583,0.9,10,,diskann
pg-diskann,100000,3,w1,913,6.058375,1.0,10,,diskann
pg-diskann,100000,3,w1,964,4.766375,1.0,10,,diskann
pg-diskann,100000,3,w1,890,4.012292,0.9,10,,diskann
pg-diskann,100000,3,w1,132,5.621375,1.0,10,,diskann
pg-diskann,100000,3,w1,996,4.922667,1.0,10,,diskann
pg-diskann,100000,3,w1,120,7.650834,1.0,10,,diskann
pg-diskann,100000,3,w1,268,5.667667,1.0,10,,diskann
pg-diskann,100000,3,w1,124,7.043208,1.0,10,,diskann
pg-diskann,100000,3,w1,215,6.711125,1.0,10,,diskann
pg-diskann,100000,3,w1,698,5.872417,1.0,10,,diskann
pg-diskann,100000,3,w1,894,5.786333,1.0,10,,diskann
pg-diskann,100000,3,w1,340,3.913125,1.0,10,,diskann
pg-diskann,100000,3,w1,861,7.465583,1.0,10,,diskann
pg-diskann,100000,3,w1,184,5.014167,0.9,10,,diskann
pg-diskann,100000,3,w1,378,6.084584,1.0,10,,diskann
pg-diskann,100000,3,w1,244,3.792959,1.0,10,,diskann
pg-diskann,100000,3,w1,878,5.113291,1.0,10,,diskann
pg-diskann,100000,3,w1,524,7.044916,0.8,10,,diskann
pg-diskann,100000,3,w1,436,7.523458,0.9,10,,diskann
pg-diskann,100000,3,w1,313,4.474333,1.0,10,,diskann
pg-diskann,100000,3,w1,789,8.728833,0.9,10,,diskann
pg-diskann,100000,3,w1,359,6.780167,1.0,10,,diskann
pg-diskann,100000,3,w1,519,6.092833,1.0,10,,diskann
pg-diskann,100000,3,w1,976,7.065583,0.9,10,,diskann
pg-diskann,100000,3,w1,967,7.429167,1.0,10,,diskann
pg-diskann,100000,3,w1,208,6.255542,1.0,10,,diskann
pg-diskann,100000,3,w1,616,5.162875,0.8,10,,diskann
pg-diskann,100000,3,w1,758,7.7705,0.9,10,,diskann
pg-diskann,100000,3,w1,924,4.859459,1.0,10,,diskann
pg-diskann,100000,3,w1,571,7.201833,1.0,10,,diskann
pg-diskann,100000,3,w1,713,4.622125,1.0,10,,diskann
pg-diskann,100000,3,w1,772,7.511834,1.0,10,,diskann
pg-diskann,100000,3,w1,837,6.347083,1.0,10,,diskann
pg-diskann,100000,3,w1,658,7.703291,1.0,10,,diskann
pg-diskann,100000,3,w1,910,5.56475,1.0,10,,diskann
pg-diskann,100000,3,w1,472,5.866583,1.0,10,,diskann
pg-diskann,100000,3,w1,918,6.148375,1.0,10,,diskann
pg-diskann,100000,3,w1,751,5.69825,1.0,10,,diskann
pg-diskann,100000,3,w1,623,7.453708,1.0,10,,diskann
pg-diskann,100000,3,w1,288,8.389958,1.0,10,,diskann
pg-diskann,100000,3,w1,255,5.782542,0.8,10,,diskann
pg-diskann,100000,3,w1,384,8.245209,0.8,10,,diskann
pg-diskann,100000,3,w1,103,10.282666,1.0,10,,diskann
pg-diskann,100000,3,w1,337,16.486333,1.0,10,,diskann
pg-diskann,100000,3,w1,951,6.718166,1.0,10,,diskann
pg-diskann,100000,3,w1,824,5.025125,1.0,10,,diskann
pg-diskann,100000,3,w1,277,5.098375,1.0,10,,diskann
pg-diskann,100000,3,w1,849,6.779958,1.0,10,,diskann
pg-diskann,100000,3,w1,670,5.236958,1.0,10,,diskann
pg-diskann,100000,3,w1,604,5.040041,1.0,10,,diskann
pg-diskann,100000,3,w1,929,6.344375,1.0,10,,diskann
pg-diskann,100000,3,w1,551,7.223708,1.0,10,,diskann
pg-diskann,100000,3,w1,266,5.502417,1.0,10,,diskann
pg-diskann,100000,3,w1,329,6.253625,1.0,10,,diskann
pg-diskann,100000,3,w1,991,4.889875,1.0,10,,diskann
pg-diskann,100000,3,w1,765,5.162208,1.0,10,,diskann
pg-diskann,100000,3,w1,808,7.417791,1.0,10,,diskann
pg-diskann,100000,3,w1,942,7.696333,0.9,10,,diskann
pg-diskann,100000,3,w1,325,7.68925,1.0,10,,diskann
pg-diskann,100000,3,w1,958,5.558,1.0,10,,diskann
pg-diskann,100000,3,w1,847,6.788916,1.0,10,,diskann
pg-diskann,100000,3,w1,121,6.693958,0.9,10,,diskann
pg-diskann,100000,3,w1,817,6.077458,1.0,10,,diskann
pg-diskann,100000,3,w1,491,6.061625,1.0,10,,diskann
pg-diskann,100000,3,w1,555,7.327291,0.9,10,,diskann
pg-diskann,100000,3,w1,771,6.862459,0.9,10,,diskann
pg-diskann,100000,3,w1,199,5.845959,1.0,10,,diskann
pg-diskann,100000,3,w1,866,5.811291,0.9,10,,diskann
pg-diskann,100000,3,w1,273,5.863625,1.0,10,,diskann
pg-diskann,100000,3,w1,842,5.25375,1.0,10,,diskann
pg-diskann,100000,3,w1,674,6.098666,0.9,10,,diskann
pg-diskann,100000,3,w1,456,5.6045,0.9,10,,diskann
pg-diskann,100000,3,w1,928,7.582875,1.0,10,,diskann
pg-diskann,100000,3,w1,803,8.619,1.0,10,,diskann
pg-diskann,100000,3,w1,719,7.767625,1.0,10,,diskann
pg-diskann,100000,3,w1,876,7.869042,1.0,10,,diskann
pg-diskann,100000,3,w1,900,8.473042,1.0,10,,diskann
pg-diskann,100000,3,w1,959,8.823667,1.0,10,,diskann
pg-diskann,100000,3,w1,583,5.276,1.0,10,,diskann
pg-diskann,100000,3,w1,114,6.315041,0.9,10,,diskann
pg-diskann,100000,3,w1,818,6.429833,1.0,10,,diskann
pg-diskann,100000,3,w1,302,6.723375,1.0,10,,diskann
pg-diskann,100000,3,w1,205,6.477709,1.0,10,,diskann
pg-diskann,100000,3,w1,482,9.25575,1.0,10,,diskann
pg-diskann,100000,3,w1,892,6.294375,0.9,10,,diskann
pg-diskann,100000,3,w1,279,5.786,1.0,10,,diskann
pg-diskann,100000,3,w1,260,6.148125,1.0,10,,diskann
pg-diskann,100000,3,w1,740,7.441083,1.0,10,,diskann
pg-diskann,100000,3,w1,704,8.574292,1.0,10,,diskann
pg-diskann,100000,3,w1,152,9.878209,0.8,10,,diskann
pg-diskann,100000,3,w1,569,6.386709,1.0,10,,diskann
pg-diskann,100000,3,w1,782,8.07325,1.0,10,,diskann
pg-diskann,100000,3,w1,399,5.764625,1.0,10,,diskann
pg-diskann,100000,3,w1,643,6.142375,1.0,10,,diskann
pg-diskann,100000,3,w1,180,7.345042,1.0,10,,diskann
pg-diskann,100000,3,w1,454,6.03325,1.0,10,,diskann
pg-diskann,100000,3,w1,455,5.617833,1.0,10,,diskann
pg-diskann,100000,3,w1,906,3.728542,1.0,10,,diskann
pg-diskann,100000,3,w1,346,5.930042,1.0,10,,diskann
pg-diskann,100000,3,w1,897,5.618667,1.0,10,,diskann
pg-diskann,100000,3,w1,767,5.843333,0.8,10,,diskann
pg-diskann,100000,3,w1,936,6.347541,1.0,10,,diskann
pg-diskann,100000,3,w1,726,6.182125,1.0,10,,diskann
pg-diskann,100000,3,w1,677,4.977792,1.0,10,,diskann
pg-diskann,100000,3,w1,158,6.262042,1.0,10,,diskann
pg-diskann,100000,3,w1,693,5.103667,1.0,10,,diskann
pg-diskann,100000,3,w1,919,5.644958,1.0,10,,diskann
pg-diskann,100000,3,w1,617,5.935208,1.0,10,,diskann
pg-diskann,100000,3,w1,398,7.203166,0.9,10,,diskann
pg-diskann,100000,3,w1,791,6.171917,1.0,10,,diskann
pg-diskann,100000,3,w1,389,6.4255,1.0,10,,diskann
pg-diskann,100000,3,w1,600,6.713541,0.9,10,,diskann
pg-diskann,100000,3,w1,226,6.247167,1.0,10,,diskann
pg-diskann,100000,3,w1,813,5.317458,1.0,10,,diskann
pg-diskann,100000,3,w1,660,4.858709,1.0,10,,diskann
pg-diskann,100000,3,w1,946,5.735708,1.0,10,,diskann
pg-diskann,100000,3,w1,493,4.897125,1.0,10,,diskann
pg-diskann,100000,3,w1,593,6.981042,1.0,10,,diskann
pg-diskann,100000,3,w1,832,5.668334,1.0,10,,diskann
pg-diskann,100000,3,w1,128,7.0815,1.0,10,,diskann
pg-diskann,100000,3,w1,935,7.623667,1.0,10,,diskann
pg-diskann,100000,3,w1,371,6.177625,1.0,10,,diskann
pg-diskann,100000,3,w1,139,6.064667,1.0,10,,diskann
pg-diskann,100000,3,w1,416,5.285583,1.0,10,,diskann
pg-diskann,100000,3,w1,197,8.551708,1.0,10,,diskann
pg-diskann,100000,3,w1,104,4.433208,1.0,10,,diskann
pg-diskann,100000,3,w1,840,6.342875,1.0,10,,diskann
pg-diskann,100000,3,w1,367,5.736042,0.9,10,,diskann
pg-diskann,100000,3,w1,101,7.831,1.0,10,,diskann
pg-diskann,100000,3,w1,921,7.141583,0.9,10,,diskann
pg-diskann,100000,3,w1,267,5.182125,1.0,10,,diskann
pg-diskann,100000,3,w1,189,5.451875,1.0,10,,diskann
pg-diskann,100000,3,w1,417,10.115166,1.0,10,,diskann
pg-diskann,100000,3,w1,744,6.6885,1.0,10,,diskann
pg-diskann,100000,3,w2_50,106,6.891583,1.0,10,,label_aware_diskann
pg-diskann,100000,3,w2_50,920,6.216417,1.0,10,,label_aware_diskann
pg-diskann,100000,3,w2_50,448,7.723375,1.0,10,,label_aware_diskann
pg-diskann,100000,3,w2_50,888,6.122167,1.0,10,,label_aware_diskann
pg-diskann,100000,3,w2_50,485,5.32525,1.0,10,,label_aware_diskann
pg-diskann,100000,3,w2_50,994,7.000708,1.0,10,,label_aware_diskann
pg-diskann,100000,3,w2_50,446,6.487333,1.0,10,,label_aware_diskann
pg-diskann,100000,3,w2_50,568,7.380916,1.0,10,,label_aware_diskann
pg-diskann,100000,3,w2_50,301,5.985708,1.0,10,,label_aware_diskann
pg-diskann,100000,3,w2_50,946,7.170916,1.0,10,,label_aware_diskann
pg-diskann,100000,3,w2_50,217,6.947709,1.0,10,,label_aware_diskann
pg-diskann,100000,3,w2_50,981,6.051334,1.0,10,,label_aware_diskann
pg-diskann,100000,3,w2_50,416,5.847042,1.0,10,,label_aware_diskann
pg-diskann,100000,3,w2_50,404,6.354125,1.0,10,,label_aware_diskann
pg-diskann,100000,3,w2_50,478,7.355959,0.9,10,,label_aware_diskann
pg-diskann,100000,3,w2_50,864,5.625459,1.0,10,,label_aware_diskann
pg-diskann,100000,3,w2_50,281,5.110417,1.0,10,,label_aware_diskann
pg-diskann,100000,3,w2_50,382,6.0245,1.0,10,,label_aware_diskann
pg-diskann,100000,3,w2_50,550,7.102125,1.0,10,,label_aware_diskann
pg-diskann,100000,3,w2_50,254,6.690083,0.9,10,,label_aware_diskann
pg-diskann,100000,3,w2_50,990,5.971833,1.0,10,,label_aware_diskann
pg-diskann,100000,3,w2_50,297,5.970333,0.9,10,,label_aware_diskann
pg-diskann,100000,3,w2_50,166,6.75675,1.0,10,,label_aware_diskann
pg-diskann,100000,3,w2_50,433,6.65325,1.0,10,,label_aware_diskann
pg-diskann,100000,3,w2_50,923,9.819458,0.8,10,,label_aware_diskann
pg-diskann,100000,3,w2_50,959,10.682333,0.9,10,,label_aware_diskann
pg-diskann,100000,3,w2_50,412,6.7285,1.0,10,,label_aware_diskann
pg-diskann,100000,3,w2_50,693,7.351083,1.0,10,,label_aware_diskann
pg-diskann,100000,3,w2_50,902,7.86825,0.8,10,,label_aware_diskann
pg-diskann,100000,3,w2_50,393,7.011417,0.7,10,,label_aware_diskann
pg-diskann,100000,3,w2_50,462,6.758334,1.0,10,,label_aware_diskann
pg-diskann,100000,3,w2_50,221,5.302917,1.0,10,,label_aware_diskann
pg-diskann,100000,3,w2_50,264,4.814041,1.0,10,,label_aware_diskann
pg-diskann,100000,3,w2_50,172,7.901,1.0,10,,label_aware_diskann
pg-diskann,100000,3,w2_50,858,4.768292,1.0,10,,label_aware_diskann
pg-diskann,100000,3,w2_50,622,6.694084,1.0,10,,label_aware_diskann
pg-diskann,100000,3,w2_50,331,6.943917,1.0,10,,label_aware_diskann
pg-diskann,100000,3,w2_50,650,6.825625,1.0,10,,label_aware_diskann
pg-diskann,100000,3,w2_50,715,5.933708,1.0,10,,label_aware_diskann
pg-diskann,100000,3,w2_50,276,5.963875,1.0,10,,label_aware_diskann
pg-diskann,100000,3,w2_50,602,5.942667,1.0,10,,label_aware_diskann
pg-diskann,100000,3,w2_50,385,5.518167,1.0,10,,label_aware_diskann
pg-diskann,100000,3,w2_50,427,7.96525,0.7,10,,label_aware_diskann
pg-diskann,100000,3,w2_50,257,7.442709,1.0,10,,label_aware_diskann
pg-diskann,100000,3,w2_50,635,6.520792,1.0,10,,label_aware_diskann
pg-diskann,100000,3,w2_50,269,8.126959,1.0,10,,label_aware_diskann
pg-diskann,100000,3,w2_50,554,7.123042,1.0,10,,label_aware_diskann
pg-diskann,100000,3,w2_50,874,7.448417,1.0,10,,label_aware_diskann
pg-diskann,100000,3,w2_50,377,6.468708,0.8,10,,label_aware_diskann
pg-diskann,100000,3,w2_50,565,6.177334,1.0,10,,label_aware_diskann
pg-diskann,100000,3,w2_50,432,6.130875,0.9,10,,label_aware_diskann
pg-diskann,100000,3,w2_50,831,6.137291,1.0,10,,label_aware_diskann
pg-diskann,100000,3,w2_50,794,6.127834,1.0,10,,label_aware_diskann
pg-diskann,100000,3,w2_50,716,3.484667,1.0,10,,label_aware_diskann
pg-diskann,100000,3,w2_50,351,6.250917,1.0,10,,label_aware_diskann
pg-diskann,100000,3,w2_50,333,4.791083,1.0,10,,label_aware_diskann
pg-diskann,100000,3,w2_50,766,6.6835,1.0,10,,label_aware_diskann
pg-diskann,100000,3,w2_50,105,7.366,1.0,10,,label_aware_diskann
pg-diskann,100000,3,w2_50,746,5.947041,1.0,10,,label_aware_diskann
pg-diskann,100000,3,w2_50,762,6.126292,1.0,10,,label_aware_diskann
pg-diskann,100000,3,w2_50,117,4.391292,1.0,10,,label_aware_diskann
pg-diskann,100000,3,w2_50,417,4.842625,1.0,10,,label_aware_diskann
pg-diskann,100000,3,w2_50,932,4.511,1.0,10,,label_aware_diskann
pg-diskann,100000,3,w2_50,892,5.740875,1.0,10,,label_aware_diskann
pg-diskann,100000,3,w2_50,310,7.203834,1.0,10,,label_aware_diskann
pg-diskann,100000,3,w2_50,250,4.949334,0.9,10,,label_aware_diskann
pg-diskann,100000,3,w2_50,202,5.180042,1.0,10,,label_aware_diskann
pg-diskann,100000,3,w2_50,358,6.27025,1.0,10,,label_aware_diskann
pg-diskann,100000,3,w2_50,292,6.371209,1.0,10,,label_aware_diskann
pg-diskann,100000,3,w2_50,830,7.829834,1.0,10,,label_aware_diskann
pg-diskann,100000,3,w2_50,588,6.498167,1.0,10,,label_aware_diskann
pg-diskann,100000,3,w2_50,505,6.314625,1.0,10,,label_aware_diskann
pg-diskann,100000,3,w2_50,238,6.296875,1.0,10,,label_aware_diskann
pg-diskann,100000,3,w2_50,875,6.048417,0.9,10,,label_aware_diskann
pg-diskann,100000,3,w2_50,673,7.414417,1.0,10,,label_aware_diskann
pg-diskann,100000,3,w2_50,821,7.284,1.0,10,,label_aware_diskann
pg-diskann,100000,3,w2_50,725,4.762875,1.0,10,,label_aware_diskann
pg-diskann,100000,3,w2_50,298,7.833625,1.0,10,,label_aware_diskann
pg-diskann,100000,3,w2_50,666,6.512125,0.8,10,,label_aware_diskann
pg-diskann,100000,3,w2_50,473,6.094167,1.0,10,,label_aware_diskann
pg-diskann,100000,3,w2_50,606,6.373208,1.0,10,,label_aware_diskann
pg-diskann,100000,3,w2_50,410,5.534292,1.0,10,,label_aware_diskann
pg-diskann,100000,3,w2_50,905,7.466458,1.0,10,,label_aware_diskann
pg-diskann,100000,3,w2_50,219,7.551958,1.0,10,,label_aware_diskann
pg-diskann,100000,3,w2_50,349,7.546417,1.0,10,,label_aware_diskann
pg-diskann,100000,3,w2_50,452,6.616375,1.0,10,,label_aware_diskann
pg-diskann,100000,3,w2_50,695,9.092209,0.8,10,,label_aware_diskann
pg-diskann,100000,3,w2_50,224,11.909541,1.0,10,,label_aware_diskann
pg-diskann,100000,3,w2_50,413,6.625667,1.0,10,,label_aware_diskann
pg-diskann,100000,3,w2_50,222,8.657416,1.0,10,,label_aware_diskann
pg-diskann,100000,3,w2_50,532,7.847875,0.8,10,,label_aware_diskann
pg-diskann,100000,3,w2_50,962,8.307917,1.0,10,,label_aware_diskann
pg-diskann,100000,3,w2_50,944,8.176625,1.0,10,,label_aware_diskann
pg-diskann,100000,3,w2_50,286,9.666583,1.0,10,,label_aware_diskann
pg-diskann,100000,3,w2_50,137,10.2055,1.0,10,,label_aware_diskann
pg-diskann,100000,3,w2_50,239,6.244666,1.0,10,,label_aware_diskann
pg-diskann,100000,3,w2_50,255,5.266625,1.0,10,,label_aware_diskann
pg-diskann,100000,3,w2_50,390,6.760667,1.0,10,,label_aware_diskann
pg-diskann,100000,3,w2_50,785,7.379833,1.0,10,,label_aware_diskann
pg-diskann,100000,3,w2_50,544,6.884,1.0,10,,label_aware_diskann
pg-diskann,100000,3,w2_50,153,5.940416,1.0,10,,label_aware_diskann
pg-diskann,100000,3,w2_50,871,7.249625,1.0,10,,label_aware_diskann
pg-diskann,100000,3,w2_50,215,6.415667,1.0,10,,label_aware_diskann
pg-diskann,100000,3,w2_50,490,5.361916,1.0,10,,label_aware_diskann
pg-diskann,100000,3,w2_50,833,6.927125,1.0,10,,label_aware_diskann
pg-diskann,100000,3,w2_50,383,6.008416,1.0,10,,label_aware_diskann
pg-diskann,100000,3,w2_50,425,5.941333,1.0,10,,label_aware_diskann
pg-diskann,100000,3,w2_50,573,5.24225,1.0,10,,label_aware_diskann
pg-diskann,100000,3,w2_50,242,5.191375,1.0,10,,label_aware_diskann
pg-diskann,100000,3,w2_50,513,4.857625,0.9,10,,label_aware_diskann
pg-diskann,100000,3,w2_50,576,5.679875,1.0,10,,label_aware_diskann
pg-diskann,100000,3,w2_50,381,6.266833,1.0,10,,label_aware_diskann
pg-diskann,100000,3,w2_50,675,4.866208,1.0,10,,label_aware_diskann
pg-diskann,100000,3,w2_50,779,5.4625,1.0,10,,label_aware_diskann
pg-diskann,100000,3,w2_50,553,5.900667,1.0,10,,label_aware_diskann
pg-diskann,100000,3,w2_50,591,5.446166,1.0,10,,label_aware_diskann
pg-diskann,100000,3,w2_50,857,4.542417,1.0,10,,label_aware_diskann
pg-diskann,100000,3,w2_50,771,5.8035,0.9,10,,label_aware_diskann
pg-diskann,100000,3,w2_50,341,5.268292,1.0,10,,label_aware_diskann
pg-diskann,100000,3,w2_50,549,5.116917,0.8,10,,label_aware_diskann
pg-diskann,100000,3,w2_50,850,7.066416,1.0,10,,label_aware_diskann
pg-diskann,100000,3,w2_50,652,4.957125,1.0,10,,label_aware_diskann
pg-diskann,100000,3,w2_50,908,4.611791,1.0,10,,label_aware_diskann
pg-diskann,100000,3,w2_50,229,5.393667,1.0,10,,label_aware_diskann
pg-diskann,100000,3,w2_50,707,4.208333,1.0,10,,label_aware_diskann
pg-diskann,100000,3,w2_50,272,4.975709,1.0,10,,label_aware_diskann
pg-diskann,100000,3,w2_50,241,6.201084,1.0,10,,label_aware_diskann
pg-diskann,100000,3,w2_50,316,5.281209,1.0,10,,label_aware_diskann
pg-diskann,100000,3,w2_50,274,4.925083,1.0,10,,label_aware_diskann
pg-diskann,100000,3,w2_50,662,5.108625,1.0,10,,label_aware_diskann
pg-diskann,100000,3,w2_50,164,4.601833,0.8,10,,label_aware_diskann
pg-diskann,100000,3,w2_50,493,4.195583,1.0,10,,label_aware_diskann
pg-diskann,100000,3,w2_50,630,3.974167,1.0,10,,label_aware_diskann
pg-diskann,100000,3,w2_50,402,4.343042,1.0,10,,label_aware_diskann
pg-diskann,100000,3,w2_50,679,6.901208,1.0,10,,label_aware_diskann
pg-diskann,100000,3,w2_50,621,7.000792,1.0,10,,label_aware_diskann
pg-diskann,100000,3,w2_50,449,7.748042,1.0,10,,label_aware_diskann
pg-diskann,100000,3,w2_50,186,7.828,1.0,10,,label_aware_diskann
pg-diskann,100000,3,w2_50,183,7.397833,0.7,10,,label_aware_diskann
pg-diskann,100000,3,w2_50,440,5.21575,1.0,10,,label_aware_diskann
pg-diskann,100000,3,w2_50,208,5.803542,1.0,10,,label_aware_diskann
pg-diskann,100000,3,w2_50,409,6.813125,1.0,10,,label_aware_diskann
pg-diskann,100000,3,w2_50,520,6.625375,1.0,10,,label_aware_diskann
pg-diskann,100000,3,w2_50,248,7.014167,1.0,10,,label_aware_diskann
pg-diskann,100000,3,w2_50,788,7.488042,0.8,10,,label_aware_diskann
pg-diskann,100000,3,w2_50,893,7.0985,1.0,10,,label_aware_diskann
pg-diskann,100000,3,w2_50,122,6.131833,1.0,10,,label_aware_diskann
pg-diskann,100000,3,w2_50,173,7.6245,1.0,10,,label_aware_diskann
pg-diskann,100000,3,w2_50,516,5.455667,1.0,10,,label_aware_diskann
pg-diskann,100000,3,w2_50,711,6.8375,1.0,10,,label_aware_diskann
pg-diskann,100000,3,w2_50,668,5.243834,1.0,10,,label_aware_diskann
pg-diskann,100000,3,w2_50,805,7.996875,1.0,10,,label_aware_diskann
pg-diskann,100000,3,w2_50,566,7.2715,1.0,10,,label_aware_diskann
pg-diskann,100000,3,w2_50,784,7.623083,1.0,10,,label_aware_diskann
pg-diskann,100000,3,w2_50,305,7.271417,1.0,10,,label_aware_diskann
pg-diskann,100000,3,w2_50,538,5.662584,1.0,10,,label_aware_diskann
pg-diskann,100000,3,w2_50,177,6.254625,1.0,10,,label_aware_diskann
pg-diskann,100000,3,w2_50,391,5.719208,1.0,10,,label_aware_diskann
pg-diskann,100000,3,w2_50,698,8.197292,1.0,10,,label_aware_diskann
pg-diskann,100000,3,w2_50,262,11.48,1.0,10,,label_aware_diskann
pg-diskann,100000,3,w2_50,454,5.827583,1.0,10,,label_aware_diskann
pg-diskann,100000,3,w2_50,376,5.539834,1.0,10,,label_aware_diskann
pg-diskann,100000,3,w2_50,243,6.624834,1.0,10,,label_aware_diskann
pg-diskann,100000,3,w2_50,260,5.7215,0.9,10,,label_aware_diskann
pg-diskann,100000,3,w2_50,112,6.673583,1.0,10,,label_aware_diskann
pg-diskann,100000,3,w2_50,722,5.856208,1.0,10,,label_aware_diskann
pg-diskann,100000,3,w2_50,394,10.096375,0.8,10,,label_aware_diskann
pg-diskann,100000,3,w2_50,685,8.479084,1.0,10,,label_aware_diskann
pg-diskann,100000,3,w2_50,764,10.703542,1.0,10,,label_aware_diskann
pg-diskann,100000,3,w2_50,526,7.922959,1.0,10,,label_aware_diskann
pg-diskann,100000,3,w2_50,628,6.54625,0.9,10,,label_aware_diskann
pg-diskann,100000,3,w2_50,914,5.123417,1.0,10,,label_aware_diskann
pg-diskann,100000,3,w2_50,335,5.981291,0.9,10,,label_aware_diskann
pg-diskann,100000,3,w2_50,455,5.990208,1.0,10,,label_aware_diskann
pg-diskann,100000,3,w2_50,352,5.524,1.0,10,,label_aware_diskann
pg-diskann,100000,3,w2_50,540,6.541042,1.0,10,,label_aware_diskann
pg-diskann,100000,3,w2_50,211,7.276667,0.9,10,,label_aware_diskann
pg-diskann,100000,3,w2_50,362,6.125708,1.0,10,,label_aware_diskann
pg-diskann,100000,3,w2_50,465,8.4335,0.6,10,,label_aware_diskann
pg-diskann,100000,3,w2_50,677,6.003959,1.0,10,,label_aware_diskann
pg-diskann,100000,3,w2_50,672,6.01225,1.0,10,,label_aware_diskann
pg-diskann,100000,3,w2_50,174,5.157916,1.0,10,,label_aware_diskann
pg-diskann,100000,3,w2_50,509,7.200125,1.0,10,,label_aware_diskann
pg-diskann,100000,3,w2_50,401,6.361541,1.0,10,,label_aware_diskann
pg-diskann,100000,3,w2_50,660,5.349333,1.0,10,,label_aware_diskann
pg-diskann,100000,3,w2_50,741,5.03625,1.0,10,,label_aware_diskann
pg-diskann,100000,3,w2_50,489,7.275459,1.0,10,,label_aware_diskann
pg-diskann,100000,3,w2_50,251,4.5875,1.0,10,,label_aware_diskann
pg-diskann,100000,3,w2_50,752,6.792791,1.0,10,,label_aware_diskann
pg-diskann,100000,3,w2_50,947,7.23175,1.0,10,,label_aware_diskann
pg-diskann,100000,3,w2_50,278,5.962625,1.0,10,,label_aware_diskann
pg-diskann,100000,3,w2_50,313,4.802417,1.0,10,,label_aware_diskann
pg-diskann,100000,3,w2_50,986,5.570167,1.0,10,,label_aware_diskann
pg-diskann,100000,3,w2_50,790,5.333375,1.0,10,,label_aware_diskann
pg-diskann,100000,3,w2_50,562,5.948208,1.0,10,,label_aware_diskann
pg-diskann,100000,3,w2_50,375,5.941833,1.0,10,,label_aware_diskann
pg-diskann,100000,3,w2_50,953,6.477583,0.9,10,,label_aware_diskann
pg-diskann,100000,3,w2_50,775,7.386084,1.0,10,,label_aware_diskann
pg-diskann,100000,3,w2_50,999,5.396,1.0,10,,label_aware_diskann
pg-diskann,100000,3,w2_50,378,6.448167,0.7,10,,label_aware_diskann
pg-diskann,100000,3,w2_50,498,7.434542,0.9,10,,label_aware_diskann
pg-diskann,100000,3,w2_50,240,6.432125,1.0,10,,label_aware_diskann
pg-diskann,100000,3,w2_50,280,6.841625,1.0,10,,label_aware_diskann
pg-diskann,100000,3,w2_50,907,6.773542,1.0,10,,label_aware_diskann
pg-diskann,100000,3,w2_50,778,6.483375,1.0,10,,label_aware_diskann
pg-diskann,100000,3,w2_50,632,5.776708,1.0,10,,label_aware_diskann
pg-diskann,100000,3,w2_50,633,6.757,1.0,10,,label_aware_diskann
pg-diskann,100000,3,w2_50,403,6.793042,1.0,10,,label_aware_diskann
pg-diskann,100000,3,w2_50,139,4.9755,1.0,10,,label_aware_diskann
pg-diskann,100000,3,w2_50,392,6.675667,1.0,10,,label_aware_diskann
pg-diskann,100000,3,w2_50,304,8.703292,1.0,10,,label_aware_diskann
pg-diskann,100000,3,w2_50,942,6.911792,0.9,10,,label_aware_diskann
pg-diskann,100000,3,w2_50,985,5.730542,1.0,10,,label_aware_diskann
pg-diskann,100000,3,w2_50,800,6.447416,1.0,10,,label_aware_diskann
pg-diskann,100000,3,w2_50,719,6.663334,1.0,10,,label_aware_diskann
pg-diskann,100000,3,w2_50,889,7.15625,0.6,10,,label_aware_diskann
pg-diskann,100000,3,w2_50,654,6.935125,1.0,10,,label_aware_diskann
pg-diskann,100000,3,w2_50,447,6.2495,1.0,10,,label_aware_diskann
pg-diskann,100000,3,w2_50,877,6.015208,1.0,10,,label_aware_diskann
pg-diskann,100000,3,w2_50,955,5.455667,1.0,10,,label_aware_diskann
pg-diskann,100000,3,w2_50,640,6.691625,0.9,10,,label_aware_diskann
pg-diskann,100000,3,w2_50,273,4.5415,1.0,10,,label_aware_diskann
pg-diskann,100000,3,w2_50,976,6.983834,1.0,10,,label_aware_diskann
pg-diskann,100000,3,w2_50,735,5.675792,1.0,10,,label_aware_diskann
pg-diskann,100000,3,w2_50,868,6.593334,1.0,10,,label_aware_diskann
pg-diskann,100000,3,w2_50,138,5.215833,0.9,10,,label_aware_diskann
pg-diskann,100000,3,w2_50,744,6.144833,1.0,10,,label_aware_diskann
pg-diskann,100000,3,w2_50,963,5.342208,1.0,10,,label_aware_diskann
pg-diskann,100000,3,w2_50,974,6.113958,1.0,10,,label_aware_diskann
pg-diskann,100000,3,w2_50,469,6.81875,1.0,10,,label_aware_diskann
pg-diskann,100000,3,w2_50,682,6.101125,1.0,10,,label_aware_diskann
pg-diskann,100000,3,w2_50,143,7.718125,1.0,10,,label_aware_diskann
pg-diskann,100000,3,w2_50,121,5.745792,1.0,10,,label_aware_diskann
pg-diskann,100000,3,w2_50,774,5.67825,1.0,10,,label_aware_diskann
pg-diskann,100000,3,w2_50,600,6.35375,0.9,10,,label_aware_diskann
pg-diskann,100000,3,w2_50,398,5.256459,1.0,10,,label_aware_diskann
pg-diskann,100000,3,w2_50,339,6.683542,0.8,10,,label_aware_diskann
pg-diskann,100000,3,w2_50,295,6.259167,1.0,10,,label_aware_diskann
pg-diskann,100000,3,w2_50,151,5.899917,1.0,10,,label_aware_diskann
pg-diskann,100000,3,w2_50,861,6.318125,0.9,10,,label_aware_diskann
pg-diskann,100000,3,w2_50,664,6.615916,0.6,10,,label_aware_diskann
pg-diskann,100000,3,w2_50,765,6.4035,1.0,10,,label_aware_diskann
pg-diskann,100000,3,w2_50,964,5.117083,1.0,10,,label_aware_diskann
pg-diskann,100000,3,w2_50,669,5.942417,1.0,10,,label_aware_diskann
pg-diskann,100000,3,w2_50,629,6.956875,0.7,10,,label_aware_diskann
pg-diskann,100000,3,w2_50,456,7.564125,1.0,10,,label_aware_diskann
pg-diskann,100000,3,w2_50,475,8.179042,0.9,10,,label_aware_diskann
pg-diskann,100000,3,w2_50,460,6.877,1.0,10,,label_aware_diskann
pg-diskann,100000,3,w2_50,258,5.345792,1.0,10,,label_aware_diskann
pg-diskann,100000,3,w2_50,596,7.482833,0.9,10,,label_aware_diskann
pg-diskann,100000,3,w2_50,193,5.848959,1.0,10,,label_aware_diskann
pg-diskann,100000,3,w2_50,541,7.082208,0.6,10,,label_aware_diskann
pg-diskann,100000,3,w2_50,443,5.656708,1.0,10,,label_aware_diskann
pg-diskann,100000,3,w2_50,582,7.633792,1.0,10,,label_aware_diskann
pg-diskann,100000,3,w2_50,772,6.424,1.0,10,,label_aware_diskann
pg-diskann,100000,3,w2_50,951,6.426417,1.0,10,,label_aware_diskann
pg-diskann,100000,3,w2_50,642,5.322833,1.0,10,,label_aware_diskann
pg-diskann,100000,3,w2_50,453,6.078125,1.0,10,,label_aware_diskann
pg-diskann,100000,3,w2_50,997,5.271542,1.0,10,,label_aware_diskann
pg-diskann,100000,3,w2_50,624,6.174083,0.8,10,,label_aware_diskann
pg-diskann,100000,3,w2_50,328,6.464708,1.0,10,,label_aware_diskann
pg-diskann,100000,3,w2_50,732,6.025958,1.0,10,,label_aware_diskann
pg-diskann,100000,3,w2_50,418,5.997542,1.0,10,,label_aware_diskann
pg-diskann,100000,3,w2_50,925,7.145333,0.9,10,,label_aware_diskann
pg-diskann,100000,3,w2_50,859,4.487125,1.0,10,,label_aware_diskann
pg-diskann,100000,3,w2_50,184,4.91975,1.0,10,,label_aware_diskann
pg-diskann,100000,3,w2_50,702,5.507458,1.0,10,,label_aware_diskann
pg-diskann,100000,3,w2_50,200,5.062333,1.0,10,,label_aware_diskann
pg-diskann,100000,3,w2_50,840,5.53675,1.0,10,,label_aware_diskann
pg-diskann,100000,3,w2_50,492,4.600542,1.0,10,,label_aware_diskann
pg-diskann,100000,3,w2_50,841,5.138542,0.9,10,,label_aware_diskann
pg-diskann,100000,3,w2_50,329,5.242917,1.0,10,,label_aware_diskann
pg-diskann,100000,3,w2_50,348,5.327333,1.0,10,,label_aware_diskann
pg-diskann,100000,3,w2_50,671,5.321875,0.9,10,,label_aware_diskann
pg-diskann,100000,3,w2_50,157,5.214292,0.8,10,,label_aware_diskann
pg-diskann,100000,3,w2_50,170,5.376917,1.0,10,,label_aware_diskann
pg-diskann,100000,3,w2_50,599,6.104458,0.9,10,,label_aware_diskann
pg-diskann,100000,3,w2_50,144,5.356,1.0,10,,label_aware_diskann
pg-diskann,100000,3,w2_50,780,4.2765,0.9,10,,label_aware_diskann
pg-diskann,100000,3,w2_50,535,6.018542,1.0,10,,label_aware_diskann
pg-diskann,100000,3,w2_50,499,4.874416,1.0,10,,label_aware_diskann
pg-diskann,100000,3,w2_50,991,4.70775,0.9,10,,label_aware_diskann
pg-diskann,100000,3,w2_50,529,5.604834,1.0,10,,label_aware_diskann
pg-diskann,100000,3,w2_50,337,5.437583,1.0,10,,label_aware_diskann
pg-diskann,100000,3,w2_50,420,4.953833,1.0,10,,label_aware_diskann
pg-diskann,100000,3,w2_50,557,5.94675,1.0,10,,label_aware_diskann
pg-diskann,100000,3,w2_50,583,4.903458,1.0,10,,label_aware_diskann
pg-diskann,100000,3,w2_50,638,4.691417,1.0,10,,label_aware_diskann
pg-diskann,100000,3,w2_50,408,4.584834,1.0,10,,label_aware_diskann
pg-diskann,100000,3,w2_50,330,5.103,1.0,10,,label_aware_diskann
pg-diskann,100000,3,w2_50,836,6.745833,1.0,10,,label_aware_diskann
pg-diskann,100000,3,w2_50,268,6.277917,1.0,10,,label_aware_diskann
pg-diskann,100000,3,w2_50,249,6.004583,1.0,10,,label_aware_diskann
pg-diskann,100000,3,w2_50,941,5.358958,1.0,10,,label_aware_diskann
pg-diskann,100000,3,w2_50,479,6.532666,0.9,10,,label_aware_diskann
pg-diskann,100000,3,w2_50,795,5.748,1.0,10,,label_aware_diskann
pg-diskann,100000,3,w2_50,423,5.468,1.0,10,,label_aware_diskann
pg-diskann,100000,3,w2_50,773,6.086125,1.0,10,,label_aware_diskann
pg-diskann,100000,3,w2_50,769,5.058625,1.0,10,,label_aware_diskann
pg-diskann,100000,3,w2_50,863,6.163041,1.0,10,,label_aware_diskann
pg-diskann,100000,3,w2_50,161,5.836709,1.0,10,,label_aware_diskann
pg-diskann,100000,3,w2_50,340,5.519958,1.0,10,,label_aware_diskann
pg-diskann,100000,3,w2_50,916,6.67175,1.0,10,,label_aware_diskann
pg-diskann,100000,3,w2_50,799,5.836834,1.0,10,,label_aware_diskann
pg-diskann,100000,3,w2_50,690,7.239541,1.0,10,,label_aware_diskann
pg-diskann,100000,3,w2_50,494,8.539166,1.0,10,,label_aware_diskann
pg-diskann,100000,3,w2_50,720,8.236667,1.0,10,,label_aware_diskann
pg-diskann,100000,3,w2_50,995,6.60375,1.0,10,,label_aware_diskann
pg-diskann,100000,3,w2_50,747,5.03125,1.0,10,,label_aware_diskann
pg-diskann,100000,3,w2_50,661,4.906834,1.0,10,,label_aware_diskann
pg-diskann,100000,3,w2_50,713,5.783,1.0,10,,label_aware_diskann
pg-diskann,100000,3,w2_50,400,7.96275,1.0,10,,label_aware_diskann
pg-diskann,100000,3,w2_50,658,6.233584,0.8,10,,label_aware_diskann
pg-diskann,100000,3,w2_50,572,6.580459,1.0,10,,label_aware_diskann
pg-diskann,100000,3,w2_50,610,7.834792,1.0,10,,label_aware_diskann
pg-diskann,100000,3,w2_50,792,5.715208,1.0,10,,label_aware_diskann
pg-diskann,100000,3,w2_50,676,5.548875,1.0,10,,label_aware_diskann
pg-diskann,100000,3,w2_50,598,7.128917,1.0,10,,label_aware_diskann
pg-diskann,100000,3,w2_50,965,5.694334,1.0,10,,label_aware_diskann
pg-diskann,100000,3,w2_50,684,5.065541,1.0,10,,label_aware_diskann
pg-diskann,100000,3,w2_50,441,6.726333,0.8,10,,label_aware_diskann
pg-diskann,100000,3,w2_50,817,6.228292,1.0,10,,label_aware_diskann
pg-diskann,100000,3,w2_50,296,6.524083,1.0,10,,label_aware_diskann
pg-diskann,100000,3,w2_50,637,7.097458,1.0,10,,label_aware_diskann
pg-diskann,100000,3,w2_50,593,6.407,1.0,10,,label_aware_diskann
pg-diskann,100000,3,w2_50,326,5.240875,1.0,10,,label_aware_diskann
pg-diskann,100000,3,w2_50,523,5.794292,1.0,10,,label_aware_diskann
pg-diskann,100000,3,w2_50,818,6.658042,1.0,10,,label_aware_diskann
pg-diskann,100000,3,w2_50,497,6.109959,1.0,10,,label_aware_diskann
pg-diskann,100000,3,w2_50,434,6.464708,1.0,10,,label_aware_diskann
pg-diskann,100000,3,w2_50,415,5.504084,1.0,10,,label_aware_diskann
pg-diskann,100000,3,w2_50,145,6.861875,1.0,10,,label_aware_diskann
pg-diskann,100000,3,w2_50,171,5.824208,1.0,10,,label_aware_diskann
pg-diskann,100000,3,w2_50,266,4.473208,1.0,10,,label_aware_diskann
pg-diskann,100000,3,w2_50,781,6.345292,1.0,10,,label_aware_diskann
pg-diskann,100000,3,w2_50,185,5.591875,1.0,10,,label_aware_diskann
pg-diskann,100000,3,w2_50,614,7.41375,0.9,10,,label_aware_diskann
pg-diskann,100000,3,w2_50,389,7.363583,0.9,10,,label_aware_diskann
pg-diskann,100000,3,w2_50,987,5.955083,1.0,10,,label_aware_diskann
pg-diskann,100000,3,w2_50,625,6.329459,1.0,10,,label_aware_diskann
pg-diskann,100000,3,w2_50,645,6.079,1.0,10,,label_aware_diskann
pg-diskann,100000,3,w2_50,683,7.904875,1.0,10,,label_aware_diskann
pg-diskann,100000,3,w2_50,300,6.909084,1.0,10,,label_aware_diskann
pg-diskann,100000,3,w2_50,372,6.233167,1.0,10,,label_aware_diskann
pg-diskann,100000,3,w2_50,190,6.143917,1.0,10,,label_aware_diskann
pg-diskann,100000,3,w2_50,444,8.55475,1.0,10,,label_aware_diskann
pg-diskann,100000,3,w2_50,525,7.146084,1.0,10,,label_aware_diskann
pg-diskann,100000,3,w2_50,739,5.098292,1.0,10,,label_aware_diskann
pg-diskann,100000,3,w2_50,820,6.812,0.9,10,,label_aware_diskann
pg-diskann,100000,3,w2_50,825,6.319292,1.0,10,,label_aware_diskann
pg-diskann,100000,3,w2_50,437,6.93075,1.0,10,,label_aware_diskann
pg-diskann,100000,3,w2_50,578,6.192208,1.0,10,,label_aware_diskann
pg-diskann,100000,3,w2_50,827,5.356,1.0,10,,label_aware_diskann
pg-diskann,100000,3,w2_50,835,5.700959,1.0,10,,label_aware_diskann
pg-diskann,100000,3,w2_50,445,5.317291,1.0,10,,label_aware_diskann
pg-diskann,100000,3,w2_50,894,6.230666,1.0,10,,label_aware_diskann
pg-diskann,100000,3,w2_50,158,6.573417,1.0,10,,label_aware_diskann
pg-diskann,100000,3,w2_50,290,7.11075,1.0,10,,label_aware_diskann
pg-diskann,100000,3,w2_50,534,12.123459,1.0,10,,label_aware_diskann
pg-diskann,100000,3,w2_50,514,9.142584,1.0,10,,label_aware_diskann
pg-diskann,100000,3,w2_50,212,7.888167,1.0,10,,label_aware_diskann
pg-diskann,100000,3,w2_50,972,6.7865,1.0,10,,label_aware_diskann
pg-diskann,100000,3,w2_50,388,7.427958,1.0,10,,label_aware_diskann
pg-diskann,100000,3,w2_50,924,4.89875,0.9,10,,label_aware_diskann
pg-diskann,100000,3,w2_50,168,4.785584,1.0,10,,label_aware_diskann
pg-diskann,100000,3,w2_50,804,6.347625,1.0,10,,label_aware_diskann
pg-diskann,100000,3,w2_50,949,6.131541,1.0,10,,label_aware_diskann
pg-diskann,100000,3,w2_50,917,8.315083,1.0,10,,label_aware_diskann
pg-diskann,100000,3,w2_50,308,5.811625,1.0,10,,label_aware_diskann
pg-diskann,100000,3,w2_50,639,5.462542,1.0,10,,label_aware_diskann
pg-diskann,100000,3,w2_50,533,5.002459,1.0,10,,label_aware_diskann
pg-diskann,100000,3,w2_50,421,5.811375,0.9,10,,label_aware_diskann
pg-diskann,100000,3,w2_50,442,7.176459,1.0,10,,label_aware_diskann
pg-diskann,100000,3,w2_50,547,7.838833,1.0,10,,label_aware_diskann
pg-diskann,100000,3,w2_50,977,6.890125,0.9,10,,label_aware_diskann
pg-diskann,100000,3,w2_50,812,7.978833,1.0,10,,label_aware_diskann
pg-diskann,100000,3,w2_50,928,8.794833,1.0,10,,label_aware_diskann
pg-diskann,100000,3,w2_50,701,7.51525,1.0,10,,label_aware_diskann
pg-diskann,100000,3,w2_50,757,5.707125,0.9,10,,label_aware_diskann
pg-diskann,100000,3,w2_50,971,6.208166,0.9,10,,label_aware_diskann
pg-diskann,100000,3,w2_50,519,7.523791,1.0,10,,label_aware_diskann
pg-diskann,100000,3,w2_50,361,6.8555,1.0,10,,label_aware_diskann
pg-diskann,100000,3,w2_50,267,5.875042,1.0,10,,label_aware_diskann
pg-diskann,100000,3,w2_50,102,8.18075,1.0,10,,label_aware_diskann
pg-diskann,100000,3,w2_50,124,6.032875,1.0,10,,label_aware_diskann
pg-diskann,100000,3,w2_50,149,5.892833,1.0,10,,label_aware_diskann
pg-diskann,100000,3,w2_50,360,6.459334,1.0,10,,label_aware_diskann
pg-diskann,100000,3,w2_50,958,6.795667,1.0,10,,label_aware_diskann
pg-diskann,100000,3,w2_50,910,5.463292,1.0,10,,label_aware_diskann
pg-diskann,100000,3,w2_50,726,6.166084,0.9,10,,label_aware_diskann
pg-diskann,100000,3,w2_50,931,7.061458,1.0,10,,label_aware_diskann
pg-diskann,100000,3,w2_50,860,5.868791,0.9,10,,label_aware_diskann
pg-diskann,100000,3,w2_50,245,5.606166,1.0,10,,label_aware_diskann
pg-diskann,100000,3,w2_50,265,7.875,1.0,10,,label_aware_diskann
pg-diskann,100000,3,w2_50,162,5.198542,1.0,10,,label_aware_diskann
pg-diskann,100000,3,w2_50,282,6.348459,1.0,10,,label_aware_diskann
pg-diskann,100000,3,w2_50,867,5.506291,0.9,10,,label_aware_diskann
pg-diskann,100000,3,w2_50,786,5.975291,1.0,10,,label_aware_diskann
pg-diskann,100000,3,w2_50,104,4.686834,1.0,10,,label_aware_diskann
pg-diskann,100000,3,w2_50,966,5.548875,0.7,10,,label_aware_diskann
pg-diskann,100000,3,w2_50,601,6.498042,1.0,10,,label_aware_diskann
pg-diskann,100000,3,w2_50,579,6.865625,1.0,10,,label_aware_diskann
pg-diskann,100000,3,w2_50,424,6.888792,1.0,10,,label_aware_diskann
pg-diskann,100000,3,w2_50,196,9.965041,1.0,10,,label_aware_diskann
pg-diskann,100000,3,w2_50,919,6.414084,1.0,10,,label_aware_diskann
pg-diskann,100000,3,w2_50,961,7.952208,1.0,10,,label_aware_diskann
pg-diskann,100000,3,w2_50,132,6.078208,1.0,10,,label_aware_diskann
pg-diskann,100000,3,w2_50,798,6.825542,1.0,10,,label_aware_diskann
pg-diskann,100000,3,w2_50,477,5.837666,1.0,10,,label_aware_diskann
pg-diskann,100000,3,w2_50,476,7.310292,0.8,10,,label_aware_diskann
pg-diskann,100000,3,w2_50,921,8.721667,1.0,10,,label_aware_diskann
pg-diskann,100000,3,w2_50,115,7.215708,1.0,10,,label_aware_diskann
pg-diskann,100000,3,w2_50,648,8.371458,1.0,10,,label_aware_diskann
pg-diskann,100000,3,w2_50,851,5.536833,0.9,10,,label_aware_diskann
pg-diskann,100000,3,w2_50,815,7.050625,0.9,10,,label_aware_diskann
pg-diskann,100000,3,w2_50,135,6.198208,0.9,10,,label_aware_diskann
pg-diskann,100000,3,w2_50,546,5.670167,1.0,10,,label_aware_diskann
pg-diskann,100000,3,w2_50,667,6.080625,0.9,10,,label_aware_diskann
pg-diskann,100000,3,w2_50,373,6.12425,1.0,10,,label_aware_diskann
pg-diskann,100000,3,w2_50,865,5.734833,1.0,10,,label_aware_diskann
pg-diskann,100000,3,w2_50,696,6.802458,1.0,10,,label_aware_diskann
pg-diskann,100000,3,w2_50,649,5.467541,1.0,10,,label_aware_diskann
pg-diskann,100000,3,w2_50,929,5.089459,1.0,10,,label_aware_diskann
pg-diskann,100000,3,w2_50,399,5.069292,1.0,10,,label_aware_diskann
pg-diskann,100000,3,w2_50,723,5.100084,1.0,10,,label_aware_diskann
pg-diskann,100000,3,w2_50,927,5.709209,0.8,10,,label_aware_diskann
pg-diskann,100000,3,w2_50,486,5.3995,1.0,10,,label_aware_diskann
pg-diskann,100000,3,w2_50,803,6.158625,0.9,10,,label_aware_diskann
pg-diskann,100000,3,w2_50,887,5.0335,1.0,10,,label_aware_diskann
pg-diskann,100000,3,w2_50,936,5.777709,1.0,10,,label_aware_diskann
pg-diskann,100000,3,w2_50,270,4.92,0.9,10,,label_aware_diskann
pg-diskann,100000,3,w2_50,521,4.816792,1.0,10,,label_aware_diskann
pg-diskann,100000,3,w2_50,325,7.616959,0.9,10,,label_aware_diskann
pg-diskann,100000,3,w2_50,807,4.948625,1.0,10,,label_aware_diskann
pg-diskann,100000,3,w2_50,935,4.965167,1.0,10,,label_aware_diskann
pg-diskann,100000,3,w2_50,906,3.122375,1.0,10,,label_aware_diskann
pg-diskann,100000,3,w2_50,826,5.030583,1.0,10,,label_aware_diskann
pg-diskann,100000,3,w2_50,419,6.301458,1.0,10,,label_aware_diskann
pg-diskann,100000,3,w2_50,603,4.350167,1.0,10,,label_aware_diskann
pg-diskann,100000,3,w2_50,837,4.99475,1.0,10,,label_aware_diskann
pg-diskann,100000,3,w2_50,983,5.892459,0.9,10,,label_aware_diskann
pg-diskann,100000,3,w2_50,989,5.147667,1.0,10,,label_aware_diskann
pg-diskann,100000,3,w2_50,406,4.788375,1.0,10,,label_aware_diskann
pg-diskann,100000,3,w2_50,846,3.704084,1.0,10,,label_aware_diskann
pg-diskann,100000,3,w2_50,646,4.371167,1.0,10,,label_aware_diskann
pg-diskann,100000,3,w2_50,590,5.26025,1.0,10,,label_aware_diskann
pg-diskann,100000,3,w2_50,319,4.523334,1.0,10,,label_aware_diskann
pg-diskann,100000,3,w2_50,293,6.57925,1.0,10,,label_aware_diskann
pg-diskann,100000,3,w2_50,353,3.918209,1.0,10,,label_aware_diskann
pg-diskann,100000,3,w2_50,980,4.493,1.0,10,,label_aware_diskann
pg-diskann,100000,3,w2_50,354,5.731709,1.0,10,,label_aware_diskann
pg-diskann,100000,3,w2_50,697,4.513083,1.0,10,,label_aware_diskann
pg-diskann,100000,3,w2_50,133,5.013125,1.0,10,,label_aware_diskann
pg-diskann,100000,3,w2_50,123,8.223917,1.0,10,,label_aware_diskann
pg-diskann,100000,3,w2_50,845,5.886041,1.0,10,,label_aware_diskann
pg-diskann,100000,3,w2_50,396,7.064667,1.0,10,,label_aware_diskann
pg-diskann,100000,3,w2_50,302,6.768292,1.0,10,,label_aware_diskann
pg-diskann,100000,3,w2_50,597,8.48475,1.0,10,,label_aware_diskann
pg-diskann,100000,3,w2_50,934,5.7435,1.0,10,,label_aware_diskann
pg-diskann,100000,3,w2_50,213,7.913833,1.0,10,,label_aware_diskann
pg-diskann,100000,3,w2_50,560,5.607041,1.0,10,,label_aware_diskann
pg-diskann,100000,3,w2_50,100,5.434542,1.0,10,,label_aware_diskann
pg-diskann,100000,3,w2_50,480,6.494959,0.7,10,,label_aware_diskann
pg-diskann,100000,3,w2_50,507,8.027542,1.0,10,,label_aware_diskann
pg-diskann,100000,3,w2_50,574,7.555166,1.0,10,,label_aware_diskann
pg-diskann,100000,3,w2_50,760,6.432834,1.0,10,,label_aware_diskann
pg-diskann,100000,3,w2_50,620,6.876417,1.0,10,,label_aware_diskann
pg-diskann,100000,3,w2_50,718,5.980625,0.8,10,,label_aware_diskann
pg-diskann,100000,3,w2_50,933,5.725875,1.0,10,,label_aware_diskann
pg-diskann,100000,3,w2_50,397,6.308083,1.0,10,,label_aware_diskann
pg-diskann,100000,3,w2_50,559,8.073875,1.0,10,,label_aware_diskann
pg-diskann,100000,3,w2_50,605,7.268417,1.0,10,,label_aware_diskann
pg-diskann,100000,3,w2_50,733,6.620541,1.0,10,,label_aware_diskann
pg-diskann,100000,3,w2_50,504,6.08575,1.0,10,,label_aware_diskann
pg-diskann,100000,3,w2_50,993,8.203084,1.0,10,,label_aware_diskann
pg-diskann,100000,3,w2_50,745,8.164334,1.0,10,,label_aware_diskann
pg-diskann,100000,3,w2_50,182,10.398083,1.0,10,,label_aware_diskann
pg-diskann,100000,3,w2_50,189,6.096917,1.0,10,,label_aware_diskann
pg-diskann,100000,3,w2_50,708,7.825375,1.0,10,,label_aware_diskann
pg-diskann,100000,3,w2_50,659,8.744084,0.9,10,,label_aware_diskann
pg-diskann,100000,3,w2_50,926,7.938708,1.0,10,,label_aware_diskann
pg-diskann,100000,3,w2_50,355,9.108542,1.0,10,,label_aware_diskann
pg-diskann,100000,3,w2_50,237,7.677583,1.0,10,,label_aware_diskann
pg-diskann,100000,3,w2_50,809,7.722667,1.0,10,,label_aware_diskann
pg-diskann,100000,3,w2_50,982,6.060333,1.0,10,,label_aware_diskann
pg-diskann,100000,3,w2_50,636,5.6755,1.0,10,,label_aware_diskann
pg-diskann,100000,3,w2_50,954,7.002916,1.0,10,,label_aware_diskann
pg-diskann,100000,3,w2_50,467,6.7675,1.0,10,,label_aware_diskann
pg-diskann,100000,3,w2_50,587,4.966417,1.0,10,,label_aware_diskann
pg-diskann,100000,3,w2_50,856,6.272709,0.9,10,,label_aware_diskann
pg-diskann,100000,3,w2_50,336,5.542042,1.0,10,,label_aware_diskann
pg-diskann,100000,3,w2_50,128,6.961083,1.0,10,,label_aware_diskann
pg-diskann,100000,3,w2_50,839,4.207708,1.0,10,,label_aware_diskann
pg-diskann,100000,3,w2_50,369,5.631125,1.0,10,,label_aware_diskann
pg-diskann,100000,3,w2_50,570,8.10425,1.0,10,,label_aware_diskann
pg-diskann,100000,3,w2_50,996,8.719958,1.0,10,,label_aware_diskann
pg-diskann,100000,3,w2_50,692,7.456,1.0,10,,label_aware_diskann
pg-diskann,100000,3,w2_50,922,8.065333,0.9,10,,label_aware_diskann
pg-diskann,100000,3,w2_50,464,9.677375,1.0,10,,label_aware_diskann
pg-diskann,100000,3,w2_50,294,8.067917,1.0,10,,label_aware_diskann
pg-diskann,100000,3,w2_50,678,7.69,0.8,10,,label_aware_diskann
pg-diskann,100000,3,w2_50,814,9.123625,1.0,10,,label_aware_diskann
pg-diskann,100000,3,w2_50,246,7.4655,0.9,10,,label_aware_diskann
pg-diskann,100000,3,w2_50,463,9.292417,1.0,10,,label_aware_diskann
pg-diskann,100000,3,w2_50,832,6.815583,1.0,10,,label_aware_diskann
pg-diskann,100000,3,w2_50,592,8.798583,1.0,10,,label_aware_diskann
pg-diskann,100000,3,w2_50,210,8.531,1.0,10,,label_aware_diskann
pg-diskann,100000,3,w2_50,156,8.658625,1.0,10,,label_aware_diskann
pg-diskann,100000,3,w2_50,438,7.169917,1.0,10,,label_aware_diskann
pg-diskann,100000,3,w2_50,618,8.976292,1.0,10,,label_aware_diskann
pg-diskann,100000,3,w2_50,802,8.487041,1.0,10,,label_aware_diskann
pg-diskann,100000,3,w2_50,729,7.950042,1.0,10,,label_aware_diskann
pg-diskann,100000,3,w2_50,192,7.611625,1.0,10,,label_aware_diskann
pg-diskann,100000,3,w2_50,201,7.956083,1.0,10,,label_aware_diskann
pg-diskann,100000,3,w2_50,252,7.801916,1.0,10,,label_aware_diskann
pg-diskann,100000,3,w2_50,717,9.14575,1.0,10,,label_aware_diskann
pg-diskann,100000,3,w2_50,838,8.037167,1.0,10,,label_aware_diskann
pg-diskann,100000,3,w2_50,689,8.831458,1.0,10,,label_aware_diskann
pg-diskann,100000,3,w2_50,311,7.11025,0.9,10,,label_aware_diskann
pg-diskann,100000,3,w2_50,119,9.833334,1.0,10,,label_aware_diskann
pg-diskann,100000,3,w2_50,506,8.211875,1.0,10,,label_aware_diskann
pg-diskann,100000,3,w2_50,758,7.768084,0.9,10,,label_aware_diskann
pg-diskann,100000,3,w2_50,405,7.1755,1.0,10,,label_aware_diskann
pg-diskann,100000,3,w2_50,430,6.955209,1.0,10,,label_aware_diskann
pg-diskann,100000,3,w2_50,876,6.679125,1.0,10,,label_aware_diskann
pg-diskann,100000,3,w2_50,823,5.61925,1.0,10,,label_aware_diskann
pg-diskann,100000,3,w2_50,782,6.825708,0.9,10,,label_aware_diskann
pg-diskann,100000,3,w2_50,852,8.454333,1.0,10,,label_aware_diskann
pg-diskann,100000,3,w2_50,556,8.239792,1.0,10,,label_aware_diskann
pg-diskann,100000,3,w2_50,395,11.199042,1.0,10,,label_aware_diskann
pg-diskann,100000,3,w2_50,700,6.941708,1.0,10,,label_aware_diskann
pg-diskann,100000,3,w2_50,913,6.848291,0.8,10,,label_aware_diskann
pg-diskann,100000,3,w2_50,216,6.157542,1.0,10,,label_aware_diskann
pg-diskann,100000,3,w2_50,284,10.774375,1.0,10,,label_aware_diskann
pg-diskann,100000,3,w2_50,627,7.933417,0.9,10,,label_aware_diskann
pg-diskann,100000,3,w2_50,754,10.447084,1.0,10,,label_aware_diskann
pg-diskann,100000,3,w2_50,363,6.878,1.0,10,,label_aware_diskann
pg-diskann,100000,3,w2_50,324,7.719792,0.6,10,,label_aware_diskann
pg-diskann,100000,3,w2_50,482,8.526792,1.0,10,,label_aware_diskann
pg-diskann,100000,3,w2_50,842,8.012083,1.0,10,,label_aware_diskann
pg-diskann,100000,3,w2_50,291,8.926917,1.0,10,,label_aware_diskann
pg-diskann,100000,3,w2_50,154,8.267917,1.0,10,,label_aware_diskann
pg-diskann,100000,3,w2_50,103,7.706,1.0,10,,label_aware_diskann
pg-diskann,100000,3,w2_50,912,9.453542,1.0,10,,label_aware_diskann
pg-diskann,100000,3,w2_50,882,6.720333,1.0,10,,label_aware_diskann
pg-diskann,100000,3,w2_50,586,8.874459,1.0,10,,label_aware_diskann
pg-diskann,100000,3,w2_50,271,8.907208,1.0,10,,label_aware_diskann
pg-diskann,100000,3,w2_50,884,7.793125,1.0,10,,label_aware_diskann
pg-diskann,100000,3,w2_50,548,7.543,1.0,10,,label_aware_diskann
pg-diskann,100000,3,w2_50,641,4.947208,1.0,10,,label_aware_diskann
pg-diskann,100000,3,w2_50,776,6.020458,1.0,10,,label_aware_diskann
pg-diskann,100000,3,w2_50,542,6.857458,0.8,10,,label_aware_diskann
pg-diskann,100000,3,w2_50,203,5.331166,1.0,10,,label_aware_diskann
pg-diskann,100000,3,w2_50,194,7.269542,1.0,10,,label_aware_diskann
pg-diskann,100000,3,w2_50,575,8.360625,1.0,10,,label_aware_diskann
pg-diskann,100000,3,w2_50,472,9.971958,1.0,10,,label_aware_diskann
pg-diskann,100000,3,w2_50,670,5.82375,1.0,10,,label_aware_diskann
pg-diskann,100000,3,w2_50,714,6.029375,1.0,10,,label_aware_diskann
pg-diskann,100000,3,w2_50,767,6.037166,1.0,10,,label_aware_diskann
pg-diskann,100000,3,w2_50,205,7.503708,1.0,10,,label_aware_diskann
pg-diskann,100000,3,w2_50,510,7.137375,0.8,10,,label_aware_diskann
pg-diskann,100000,3,w2_50,960,4.933167,1.0,10,,label_aware_diskann
pg-diskann,100000,3,w2_50,896,6.919333,0.7,10,,label_aware_diskann
pg-diskann,100000,3,w2_50,387,5.680458,1.0,10,,label_aware_diskann
pg-diskann,100000,3,w2_50,808,5.690708,1.0,10,,label_aware_diskann
pg-diskann,100000,3,w2_50,386,6.113875,0.8,10,,label_aware_diskann
pg-diskann,100000,3,w2_50,950,3.874625,1.0,10,,label_aware_diskann
pg-diskann,100000,3,w2_50,228,4.249125,1.0,10,,label_aware_diskann
pg-diskann,100000,3,w2_50,616,3.792375,1.0,10,,label_aware_diskann
pg-diskann,100000,3,w2_50,364,5.432167,1.0,10,,label_aware_diskann
pg-diskann,100000,3,w2_50,561,4.292709,1.0,10,,label_aware_diskann
pg-diskann,100000,3,w2_50,577,6.162417,1.0,10,,label_aware_diskann
pg-diskann,100000,3,w2_50,357,4.906791,1.0,10,,label_aware_diskann
pg-diskann,100000,3,w2_50,435,6.161583,1.0,10,,label_aware_diskann
pg-diskann,100000,3,w2_50,407,6.177917,1.0,10,,label_aware_diskann
pg-diskann,100000,3,w2_50,712,6.28175,0.8,10,,label_aware_diskann
pg-diskann,100000,3,w2_50,740,5.296375,1.0,10,,label_aware_diskann
pg-diskann,100000,3,w2_50,234,6.141959,1.0,10,,label_aware_diskann
pg-diskann,100000,3,w2_50,813,4.900459,1.0,10,,label_aware_diskann
pg-diskann,100000,3,w2_50,866,4.813959,0.9,10,,label_aware_diskann
pg-diskann,100000,3,w2_50,220,5.261167,1.0,10,,label_aware_diskann
pg-diskann,100000,3,w2_50,379,5.883791,1.0,10,,label_aware_diskann
pg-diskann,100000,3,w2_50,365,4.382,1.0,10,,label_aware_diskann
pg-diskann,100000,3,w2_50,178,5.247084,1.0,10,,label_aware_diskann
pg-diskann,100000,3,w2_50,236,6.603958,0.8,10,,label_aware_diskann
pg-diskann,100000,3,w2_50,439,7.078667,0.9,10,,label_aware_diskann
pg-diskann,100000,3,w2_50,487,6.4645,1.0,10,,label_aware_diskann
pg-diskann,100000,3,w2_50,247,4.716,1.0,10,,label_aware_diskann
pg-diskann,100000,3,w2_50,309,4.752041,1.0,10,,label_aware_diskann
pg-diskann,100000,3,w2_50,503,4.647333,1.0,10,,label_aware_diskann
pg-diskann,100000,3,w2_50,617,5.234042,1.0,10,,label_aware_diskann
pg-diskann,100000,3,w2_50,140,6.248125,1.0,10,,label_aware_diskann
pg-diskann,100000,3,w2_50,609,4.152,1.0,10,,label_aware_diskann
pg-diskann,100000,3,w2_50,227,4.818083,1.0,10,,label_aware_diskann
pg-diskann,100000,3,w2_50,777,5.786458,1.0,10,,label_aware_diskann
pg-diskann,100000,3,w2_50,563,4.207666,1.0,10,,label_aware_diskann
pg-diskann,100000,3,w2_50,623,6.053959,1.0,10,,label_aware_diskann
pg-diskann,100000,3,w2_50,543,6.039875,0.7,10,,label_aware_diskann
pg-diskann,100000,3,w2_50,750,4.360791,1.0,10,,label_aware_diskann
pg-diskann,100000,3,w2_50,844,5.371042,0.9,10,,label_aware_diskann
pg-diskann,100000,3,w2_50,345,8.347083,1.0,10,,label_aware_diskann
pg-diskann,100000,3,w2_50,131,4.2125,1.0,10,,label_aware_diskann
pg-diskann,100000,3,w2_50,130,6.338583,1.0,10,,label_aware_diskann
pg-diskann,100000,3,w2_50,862,6.023375,1.0,10,,label_aware_diskann
pg-diskann,100000,3,w2_50,431,5.84475,1.0,10,,label_aware_diskann
pg-diskann,100000,3,w2_50,873,7.308916,1.0,10,,label_aware_diskann
pg-diskann,100000,3,w2_50,694,8.032166,1.0,10,,label_aware_diskann
pg-diskann,100000,3,w2_50,806,6.949916,1.0,10,,label_aware_diskann
pg-diskann,100000,3,w2_50,502,5.293583,1.0,10,,label_aware_diskann
pg-diskann,100000,3,w2_50,759,6.4135,0.9,10,,label_aware_diskann
pg-diskann,100000,3,w2_50,789,10.530375,1.0,10,,label_aware_diskann
pg-diskann,100000,3,w2_50,275,5.393708,1.0,10,,label_aware_diskann
pg-diskann,100000,3,w2_50,870,6.554084,1.0,10,,label_aware_diskann
pg-diskann,100000,3,w2_50,571,6.249416,1.0,10,,label_aware_diskann
pg-diskann,100000,3,w2_50,483,6.8855,1.0,10,,label_aware_diskann
pg-diskann,100000,3,w2_50,973,4.942792,1.0,10,,label_aware_diskann
pg-diskann,100000,3,w2_50,834,8.897834,1.0,10,,label_aware_diskann
pg-diskann,100000,3,w2_50,118,5.921542,1.0,10,,label_aware_diskann
pg-diskann,100000,3,w2_50,451,5.894458,1.0,10,,label_aware_diskann
pg-diskann,100000,3,w2_50,306,6.939417,0.8,10,,label_aware_diskann
pg-diskann,100000,3,w2_50,411,6.56925,0.9,10,,label_aware_diskann
pg-diskann,100000,3,w2_50,343,6.612833,1.0,10,,label_aware_diskann
pg-diskann,100000,3,w2_50,742,6.552084,1.0,10,,label_aware_diskann
pg-diskann,100000,3,w2_50,458,6.395834,1.0,10,,label_aware_diskann
pg-diskann,100000,3,w2_50,819,5.387958,1.0,10,,label_aware_diskann
pg-diskann,100000,3,w2_50,466,5.417625,1.0,10,,label_aware_diskann
pg-diskann,100000,3,w2_50,530,7.959375,0.9,10,,label_aware_diskann
pg-diskann,100000,3,w2_50,651,8.5855,1.0,10,,label_aware_diskann
pg-diskann,100000,3,w2_50,527,7.172292,1.0,10,,label_aware_diskann
pg-diskann,100000,3,w2_50,230,5.936708,0.9,10,,label_aware_diskann
pg-diskann,100000,3,w2_50,595,7.99925,0.9,10,,label_aware_diskann
pg-diskann,100000,3,w2_50,688,6.072459,1.0,10,,label_aware_diskann
pg-diskann,100000,3,w2_50,883,7.289375,1.0,10,,label_aware_diskann
pg-diskann,100000,3,w2_50,539,6.68825,1.0,10,,label_aware_diskann
pg-diskann,100000,3,w2_50,880,5.450875,1.0,10,,label_aware_diskann
pg-diskann,100000,3,w2_50,721,6.982375,1.0,10,,label_aware_diskann
pg-diskann,100000,3,w2_50,681,6.596792,0.8,10,,label_aware_diskann
pg-diskann,100000,3,w2_50,342,8.081958,0.9,10,,label_aware_diskann
pg-diskann,100000,3,w2_50,948,8.231875,1.0,10,,label_aware_diskann
pg-diskann,100000,3,w2_50,737,8.933417,1.0,10,,label_aware_diskann
pg-diskann,100000,3,w2_50,134,7.565542,0.6,10,,label_aware_diskann
pg-diskann,100000,3,w2_50,225,8.03525,1.0,10,,label_aware_diskann
pg-diskann,100000,3,w2_50,536,8.679042,1.0,10,,label_aware_diskann
pg-diskann,100000,3,w2_50,470,7.911958,1.0,10,,label_aware_diskann
pg-diskann,100000,3,w2_50,231,5.998667,1.0,10,,label_aware_diskann
pg-diskann,100000,3,w2_50,350,8.764917,0.9,10,,label_aware_diskann
pg-diskann,100000,3,w2_50,367,8.537042,1.0,10,,label_aware_diskann
pg-diskann,100000,3,w2_50,687,12.821209,0.7,10,,label_aware_diskann
pg-diskann,100000,3,w2_50,869,7.931917,1.0,10,,label_aware_diskann
pg-diskann,100000,3,w2_50,956,6.993584,1.0,10,,label_aware_diskann
pg-diskann,100000,3,w2_50,207,7.492042,0.9,10,,label_aware_diskann
pg-diskann,100000,3,w2_50,644,4.910083,1.0,10,,label_aware_diskann
pg-diskann,100000,3,w2_50,108,6.09925,1.0,10,,label_aware_diskann
pg-diskann,100000,3,w2_50,359,6.001917,1.0,10,,label_aware_diskann
pg-diskann,100000,3,w2_50,552,7.038666,1.0,10,,label_aware_diskann
pg-diskann,100000,3,w2_50,753,7.904042,1.0,10,,label_aware_diskann
pg-diskann,100000,3,w2_50,957,5.238625,1.0,10,,label_aware_diskann
pg-diskann,100000,3,w2_50,191,6.729416,1.0,10,,label_aware_diskann
pg-diskann,100000,3,w2_50,253,5.178042,1.0,10,,label_aware_diskann
pg-diskann,100000,3,w2_50,356,5.345458,1.0,10,,label_aware_diskann
pg-diskann,100000,3,w2_50,371,5.856,1.0,10,,label_aware_diskann
pg-diskann,100000,3,w2_50,634,6.829875,0.9,10,,label_aware_diskann
pg-diskann,100000,3,w2_50,680,7.295208,1.0,10,,label_aware_diskann
pg-diskann,100000,3,w2_50,537,7.875959,0.8,10,,label_aware_diskann
pg-diskann,100000,3,w2_50,738,8.642291,1.0,10,,label_aware_diskann
pg-diskann,100000,3,w2_50,289,8.780833,1.0,10,,label_aware_diskann
pg-diskann,100000,3,w2_50,436,10.068292,1.0,10,,label_aware_diskann
pg-diskann,100000,3,w2_50,705,5.04425,0.9,10,,label_aware_diskann
pg-diskann,100000,3,w2_50,384,6.285875,0.9,10,,label_aware_diskann
pg-diskann,100000,3,w2_50,710,6.078667,1.0,10,,label_aware_diskann
pg-diskann,100000,3,w2_50,699,5.576375,1.0,10,,label_aware_diskann
pg-diskann,100000,3,w2_50,911,5.337416,1.0,10,,label_aware_diskann
pg-diskann,100000,3,w2_50,159,5.843375,1.0,10,,label_aware_diskann
pg-diskann,100000,3,w2_50,511,5.824292,1.0,10,,label_aware_diskann
pg-diskann,100000,3,w2_50,756,7.114625,1.0,10,,label_aware_diskann
pg-diskann,100000,3,w2_50,904,7.741291,1.0,10,,label_aware_diskann
pg-diskann,100000,3,w2_50,897,6.536125,1.0,10,,label_aware_diskann
pg-diskann,100000,3,w2_50,233,6.246583,0.9,10,,label_aware_diskann
pg-diskann,100000,3,w2_50,481,4.979917,1.0,10,,label_aware_diskann
pg-diskann,100000,3,w2_50,589,9.371709,1.0,10,,label_aware_diskann
pg-diskann,100000,3,w2_50,604,4.271125,1.0,10,,label_aware_diskann
pg-diskann,100000,3,w2_50,613,7.309375,1.0,10,,label_aware_diskann
pg-diskann,100000,3,w2_50,113,5.485375,1.0,10,,label_aware_diskann
pg-diskann,100000,3,w2_50,495,6.439041,1.0,10,,label_aware_diskann
pg-diskann,100000,3,w2_50,338,6.936959,0.8,10,,label_aware_diskann
pg-diskann,100000,3,w2_50,198,5.952208,1.0,10,,label_aware_diskann
pg-diskann,100000,3,w2_50,891,4.93975,1.0,10,,label_aware_diskann
pg-diskann,100000,3,w2_50,141,7.570833,1.0,10,,label_aware_diskann
pg-diskann,100000,3,w2_50,206,6.686708,0.7,10,,label_aware_diskann
pg-diskann,100000,3,w2_50,854,7.790833,1.0,10,,label_aware_diskann
pg-diskann,100000,3,w2_50,978,6.18425,1.0,10,,label_aware_diskann
pg-diskann,100000,3,w2_50,283,5.922292,1.0,10,,label_aware_diskann
pg-diskann,100000,3,w2_50,970,5.715667,1.0,10,,label_aware_diskann
pg-diskann,100000,3,w2_50,728,7.563375,1.0,10,,label_aware_diskann
pg-diskann,100000,3,w2_50,584,5.814375,1.0,10,,label_aware_diskann
pg-diskann,100000,3,w2_50,558,7.315208,1.0,10,,label_aware_diskann
pg-diskann,100000,3,w2_50,116,7.609917,1.0,10,,label_aware_diskann
pg-diskann,100000,3,w2_50,163,6.791125,1.0,10,,label_aware_diskann
pg-diskann,100000,3,w2_50,975,5.776708,1.0,10,,label_aware_diskann
pg-diskann,100000,3,w2_50,998,5.68125,1.0,10,,label_aware_diskann
pg-diskann,100000,3,w2_50,612,6.11775,1.0,10,,label_aware_diskann
pg-diskann,100000,3,w2_50,828,5.646083,0.8,10,,label_aware_diskann
pg-diskann,100000,3,w2_50,643,7.539875,1.0,10,,label_aware_diskann
pg-diskann,100000,3,w2_50,611,5.307708,1.0,10,,label_aware_diskann
pg-diskann,100000,3,w2_50,380,6.4815,0.9,10,,label_aware_diskann
pg-diskann,100000,3,w2_50,824,6.756709,1.0,10,,label_aware_diskann
pg-diskann,100000,3,w2_50,528,6.988625,1.0,10,,label_aware_diskann
pg-diskann,100000,3,w2_50,303,7.248292,1.0,10,,label_aware_diskann
pg-diskann,100000,3,w2_50,657,8.298292,1.0,10,,label_aware_diskann
pg-diskann,100000,3,w2_50,288,6.028625,1.0,10,,label_aware_diskann
pg-diskann,100000,3,w2_50,619,5.4705,1.0,10,,label_aware_diskann
pg-diskann,100000,3,w2_50,545,6.3415,1.0,10,,label_aware_diskann
pg-diskann,100000,3,w2_50,142,7.004167,1.0,10,,label_aware_diskann
pg-diskann,100000,3,w2_50,199,5.703292,1.0,10,,label_aware_diskann
pg-diskann,100000,3,w2_50,829,5.839875,1.0,10,,label_aware_diskann
pg-diskann,100000,3,w2_50,878,5.655625,1.0,10,,label_aware_diskann
pg-diskann,100000,3,w2_50,748,7.48975,0.9,10,,label_aware_diskann
pg-diskann,100000,3,w2_50,180,6.499375,1.0,10,,label_aware_diskann
pg-diskann,100000,3,w2_50,749,4.710583,1.0,10,,label_aware_diskann
pg-diskann,100000,3,w2_50,736,4.560667,1.0,10,,label_aware_diskann
pg-diskann,100000,3,w2_50,822,5.791833,1.0,10,,label_aware_diskann
pg-diskann,100000,3,w2_50,555,7.181416,1.0,10,,label_aware_diskann
pg-diskann,100000,3,w2_50,279,5.893917,1.0,10,,label_aware_diskann
pg-diskann,100000,3,w2_50,114,6.120333,1.0,10,,label_aware_diskann
pg-diskann,100000,3,w2_50,120,7.015,1.0,10,,label_aware_diskann
pg-diskann,100000,3,w2_50,607,4.435375,1.0,10,,label_aware_diskann
pg-diskann,100000,3,w2_50,665,5.499959,1.0,10,,label_aware_diskann
pg-diskann,100000,3,w2_50,879,4.122292,1.0,10,,label_aware_diskann
pg-diskann,100000,3,w2_50,801,5.77975,1.0,10,,label_aware_diskann
pg-diskann,100000,3,w2_50,285,4.994542,1.0,10,,label_aware_diskann
pg-diskann,100000,3,w2_50,315,4.697209,1.0,10,,label_aware_diskann
pg-diskann,100000,3,w2_50,484,5.207167,1.0,10,,label_aware_diskann
pg-diskann,100000,3,w2_50,195,5.363125,1.0,10,,label_aware_diskann
pg-diskann,100000,3,w2_50,585,4.843792,1.0,10,,label_aware_diskann
pg-diskann,100000,3,w2_50,320,6.27425,1.0,10,,label_aware_diskann
pg-diskann,100000,3,w2_50,323,5.7685,1.0,10,,label_aware_diskann
pg-diskann,100000,3,w2_50,146,4.651167,1.0,10,,label_aware_diskann
pg-diskann,100000,3,w2_50,724,6.018375,0.8,10,,label_aware_diskann
pg-diskann,100000,3,w2_50,287,5.524,0.9,10,,label_aware_diskann
pg-diskann,100000,3,w2_50,223,6.941958,1.0,10,,label_aware_diskann
pg-diskann,100000,3,w2_50,197,6.288125,1.0,10,,label_aware_diskann
pg-diskann,100000,3,w2_50,426,6.113834,1.0,10,,label_aware_diskann
pg-diskann,100000,3,w2_50,429,6.14375,1.0,10,,label_aware_diskann
pg-diskann,100000,3,w2_50,244,4.828417,1.0,10,,label_aware_diskann
pg-diskann,100000,3,w2_50,580,6.43575,0.9,10,,label_aware_diskann
pg-diskann,100000,3,w2_50,126,5.679833,1.0,10,,label_aware_diskann
pg-diskann,100000,3,w2_50,706,6.232583,1.0,10,,label_aware_diskann
pg-diskann,100000,3,w2_50,569,5.099542,1.0,10,,label_aware_diskann
pg-diskann,100000,3,w2_50,232,5.467958,1.0,10,,label_aware_diskann
pg-diskann,100000,3,w2_50,531,5.305916,1.0,10,,label_aware_diskann
pg-diskann,100000,3,w2_50,261,3.335667,1.0,10,,label_aware_diskann
pg-diskann,100000,3,w2_50,952,5.11175,0.9,10,,label_aware_diskann
pg-diskann,100000,3,w2_50,768,5.569625,0.9,10,,label_aware_diskann
pg-diskann,100000,3,w2_50,317,9.558,1.0,10,,label_aware_diskann
pg-diskann,100000,3,w2_50,811,7.595458,1.0,10,,label_aware_diskann
pg-diskann,100000,3,w2_50,346,7.399125,1.0,10,,label_aware_diskann
pg-diskann,100000,3,w2_50,945,8.784333,0.4,10,,label_aware_diskann
pg-diskann,100000,3,w2_50,368,5.437667,1.0,10,,label_aware_diskann
pg-diskann,100000,3,w2_50,524,6.582917,0.9,10,,label_aware_diskann
pg-diskann,100000,3,w2_50,299,5.065167,0.9,10,,label_aware_diskann
pg-diskann,100000,3,w2_50,422,5.38075,1.0,10,,label_aware_diskann
pg-diskann,100000,3,w2_50,810,7.459292,0.9,10,,label_aware_diskann
pg-diskann,100000,3,w2_50,488,6.180292,1.0,10,,label_aware_diskann
pg-diskann,100000,3,w2_50,235,6.583959,1.0,10,,label_aware_diskann
pg-diskann,100000,3,w2_50,110,7.369584,1.0,10,,label_aware_diskann
pg-diskann,100000,3,w2_50,129,8.673959,0.6,10,,label_aware_diskann
pg-diskann,100000,3,w2_50,204,4.989416,1.0,10,,label_aware_diskann
pg-diskann,100000,3,w2_50,918,7.346917,1.0,10,,label_aware_diskann
pg-diskann,100000,3,w2_50,967,6.895042,1.0,10,,label_aware_diskann
pg-diskann,100000,3,w2_50,731,7.07025,1.0,10,,label_aware_diskann
pg-diskann,100000,3,w2_50,347,5.4055,1.0,10,,label_aware_diskann
pg-diskann,100000,3,w2_50,314,8.459917,0.9,10,,label_aware_diskann
pg-diskann,100000,3,w2_50,885,10.569459,1.0,10,,label_aware_diskann
pg-diskann,100000,3,w2_50,175,6.551833,1.0,10,,label_aware_diskann
pg-diskann,100000,3,w2_50,797,7.483875,1.0,10,,label_aware_diskann
pg-diskann,100000,3,w2_50,152,8.255208,0.8,10,,label_aware_diskann
pg-diskann,100000,3,w2_50,468,6.132417,1.0,10,,label_aware_diskann
pg-diskann,100000,3,w2_50,727,5.59975,1.0,10,,label_aware_diskann
pg-diskann,100000,3,w2_50,459,6.622791,0.9,10,,label_aware_diskann
pg-diskann,100000,3,w2_50,770,7.383167,0.8,10,,label_aware_diskann
pg-diskann,100000,3,w2_50,327,5.998958,1.0,10,,label_aware_diskann
pg-diskann,100000,3,w2_50,791,5.90075,1.0,10,,label_aware_diskann
pg-diskann,100000,3,w2_50,457,5.278208,1.0,10,,label_aware_diskann
pg-diskann,100000,3,w2_50,872,5.838792,1.0,10,,label_aware_diskann
pg-diskann,100000,3,w2_50,938,12.308833,1.0,10,,label_aware_diskann
pg-diskann,100000,3,w2_50,567,6.150125,1.0,10,,label_aware_diskann
pg-diskann,100000,3,w2_50,218,7.724625,1.0,10,,label_aware_diskann
pg-diskann,100000,3,w2_50,890,5.222583,1.0,10,,label_aware_diskann
pg-diskann,100000,3,w2_50,318,5.302875,0.9,10,,label_aware_diskann
pg-diskann,100000,3,w2_50,787,5.759917,1.0,10,,label_aware_diskann
pg-diskann,100000,3,w2_50,332,6.315875,1.0,10,,label_aware_diskann
pg-diskann,100000,3,w2_50,992,6.584875,1.0,10,,label_aware_diskann
pg-diskann,100000,3,w2_50,968,6.262541,1.0,10,,label_aware_diskann
pg-diskann,100000,3,w2_50,312,6.291709,1.0,10,,label_aware_diskann
pg-diskann,100000,3,w2_50,594,6.376459,1.0,10,,label_aware_diskann
pg-diskann,100000,3,w2_50,703,5.885375,1.0,10,,label_aware_diskann
pg-diskann,100000,3,w2_50,187,7.584208,1.0,10,,label_aware_diskann
pg-diskann,100000,3,w2_50,165,5.598167,1.0,10,,label_aware_diskann
pg-diskann,100000,3,w2_50,501,7.862083,1.0,10,,label_aware_diskann
pg-diskann,100000,3,w2_50,853,6.62175,0.8,10,,label_aware_diskann
pg-diskann,100000,3,w2_50,259,5.479167,1.0,10,,label_aware_diskann
pg-diskann,100000,3,w2_50,984,6.962958,1.0,10,,label_aware_diskann
pg-diskann,100000,3,w2_50,761,6.299333,1.0,10,,label_aware_diskann
pg-diskann,100000,3,w2_50,886,7.18275,1.0,10,,label_aware_diskann
pg-diskann,100000,3,w2_50,517,7.070875,1.0,10,,label_aware_diskann
pg-diskann,100000,3,w2_50,125,6.742875,1.0,10,,label_aware_diskann
pg-diskann,100000,3,w2_50,101,6.706292,0.8,10,,label_aware_diskann
pg-diskann,100000,3,w2_50,321,6.53225,1.0,10,,label_aware_diskann
pg-diskann,100000,3,w2_50,743,6.122917,1.0,10,,label_aware_diskann
pg-diskann,100000,3,w2_50,160,6.817208,1.0,10,,label_aware_diskann
pg-diskann,100000,3,w2_50,915,5.823708,1.0,10,,label_aware_diskann
pg-diskann,100000,3,w2_50,334,6.901417,1.0,10,,label_aware_diskann
pg-diskann,100000,3,w2_50,899,8.454792,1.0,10,,label_aware_diskann
pg-diskann,100000,3,w2_50,150,7.463958,1.0,10,,label_aware_diskann
pg-diskann,100000,3,w2_50,518,7.513208,1.0,10,,label_aware_diskann
pg-diskann,100000,3,w2_50,930,9.030417,0.9,10,,label_aware_diskann
pg-diskann,100000,3,w2_50,909,5.504125,1.0,10,,label_aware_diskann
pg-diskann,100000,3,w2_50,663,5.925166,1.0,10,,label_aware_diskann
pg-diskann,100000,3,w2_50,496,6.139917,0.9,10,,label_aware_diskann
pg-diskann,100000,3,w2_50,900,5.931666,1.0,10,,label_aware_diskann
pg-diskann,100000,3,w2_50,626,9.766708,1.0,10,,label_aware_diskann
pg-diskann,100000,3,w2_50,107,5.950792,1.0,10,,label_aware_diskann
pg-diskann,100000,3,w2_50,691,5.806292,0.9,10,,label_aware_diskann
pg-diskann,100000,3,w2_50,855,5.3685,1.0,10,,label_aware_diskann
pg-diskann,100000,3,w2_50,256,7.110083,0.9,10,,label_aware_diskann
pg-diskann,100000,3,w2_50,564,6.932083,1.0,10,,label_aware_diskann
pg-diskann,100000,3,w2_50,109,7.587834,1.0,10,,label_aware_diskann
pg-diskann,100000,3,w2_50,847,5.666167,1.0,10,,label_aware_diskann
pg-diskann,100000,3,w2_50,631,6.420375,1.0,10,,label_aware_diskann
pg-diskann,100000,3,w2_50,474,4.733708,1.0,10,,label_aware_diskann
pg-diskann,100000,3,w2_50,940,5.938083,1.0,10,,label_aware_diskann
pg-diskann,100000,3,w2_50,111,5.076625,1.0,10,,label_aware_diskann
pg-diskann,100000,3,w2_50,903,5.994375,0.9,10,,label_aware_diskann
pg-diskann,100000,3,w2_50,147,5.168666,1.0,10,,label_aware_diskann
pg-diskann,100000,3,w2_50,322,5.698833,1.0,10,,label_aware_diskann
pg-diskann,100000,3,w2_50,450,7.309709,1.0,10,,label_aware_diskann
pg-diskann,100000,3,w2_50,491,5.379833,1.0,10,,label_aware_diskann
pg-diskann,100000,3,w2_50,793,6.01475,0.9,10,,label_aware_diskann
pg-diskann,100000,3,w2_50,843,3.821083,1.0,10,,label_aware_diskann
pg-diskann,100000,3,w2_50,370,5.961166,0.9,10,,label_aware_diskann
pg-diskann,100000,3,w2_50,979,6.377958,1.0,10,,label_aware_diskann
pg-diskann,100000,3,w2_50,500,7.914,1.0,10,,label_aware_diskann
pg-diskann,100000,3,w2_50,155,6.799208,1.0,10,,label_aware_diskann
pg-diskann,100000,3,w2_50,148,9.094875,0.9,10,,label_aware_diskann
pg-diskann,100000,3,w2_50,653,6.737625,1.0,10,,label_aware_diskann
pg-diskann,100000,3,w2_50,522,5.481833,1.0,10,,label_aware_diskann
pg-diskann,100000,3,w2_50,898,6.305041,1.0,10,,label_aware_diskann
pg-diskann,100000,3,w2_50,937,6.032708,1.0,10,,label_aware_diskann
pg-diskann,100000,3,w2_50,344,5.34,1.0,10,,label_aware_diskann
pg-diskann,100000,3,w2_50,209,6.231875,1.0,10,,label_aware_diskann
pg-diskann,100000,3,w2_50,655,6.498208,1.0,10,,label_aware_diskann
pg-diskann,100000,3,w2_50,615,7.89625,1.0,10,,label_aware_diskann
pg-diskann,100000,3,w2_50,674,6.460667,0.9,10,,label_aware_diskann
pg-diskann,100000,3,w2_50,188,6.67075,1.0,10,,label_aware_diskann
pg-diskann,100000,3,w2_50,307,6.036583,1.0,10,,label_aware_diskann
pg-diskann,100000,3,w2_50,730,5.68625,1.0,10,,label_aware_diskann
pg-diskann,100000,3,w2_50,647,6.807125,1.0,10,,label_aware_diskann
pg-diskann,100000,3,w2_50,881,5.494042,1.0,10,,label_aware_diskann
pg-diskann,100000,3,w2_50,167,5.369041,1.0,10,,label_aware_diskann
pg-diskann,100000,3,w2_50,734,5.17075,1.0,10,,label_aware_diskann
pg-diskann,100000,3,w2_50,515,5.6525,1.0,10,,label_aware_diskann
pg-diskann,100000,3,w2_50,763,6.356625,0.7,10,,label_aware_diskann
pg-diskann,100000,3,w2_50,366,6.726084,1.0,10,,label_aware_diskann
pg-diskann,100000,3,w2_50,686,6.864667,0.9,10,,label_aware_diskann
pg-diskann,100000,3,w2_50,374,6.277625,1.0,10,,label_aware_diskann
pg-diskann,100000,3,w2_50,943,5.140125,1.0,10,,label_aware_diskann
pg-diskann,100000,3,w2_50,181,7.326167,0.9,10,,label_aware_diskann
pg-diskann,100000,3,w2_50,581,5.735208,1.0,10,,label_aware_diskann
pg-diskann,100000,3,w2_50,508,6.202625,1.0,10,,label_aware_diskann
pg-diskann,100000,3,w2_50,176,5.959667,1.0,10,,label_aware_diskann
pg-diskann,100000,3,w2_50,277,5.0825,1.0,10,,label_aware_diskann
pg-diskann,100000,3,w2_50,704,7.59425,1.0,10,,label_aware_diskann
pg-diskann,100000,3,w2_50,848,6.687458,1.0,10,,label_aware_diskann
pg-diskann,100000,3,w2_50,751,5.088417,1.0,10,,label_aware_diskann
pg-diskann,100000,3,w2_50,783,6.082042,0.9,10,,label_aware_diskann
pg-diskann,100000,3,w2_50,169,5.705958,1.0,10,,label_aware_diskann
pg-diskann,100000,3,w2_50,471,4.85775,1.0,10,,label_aware_diskann
pg-diskann,100000,3,w2_50,179,5.246792,1.0,10,,label_aware_diskann
pg-diskann,100000,3,w2_50,428,5.688916,1.0,10,,label_aware_diskann
pg-diskann,100000,3,w2_50,988,5.133625,1.0,10,,label_aware_diskann
pg-diskann,100000,3,w2_50,796,6.614834,0.9,10,,label_aware_diskann
pg-diskann,100000,3,w2_50,136,4.358292,1.0,10,,label_aware_diskann
pg-diskann,100000,3,w2_50,226,4.575917,1.0,10,,label_aware_diskann
pg-diskann,100000,3,w2_50,901,5.702,0.9,10,,label_aware_diskann
pg-diskann,100000,3,w2_50,414,4.688541,1.0,10,,label_aware_diskann
pg-diskann,100000,3,w2_50,895,4.974958,1.0,10,,label_aware_diskann
pg-diskann,100000,3,w2_50,656,6.450292,0.9,10,,label_aware_diskann
pg-diskann,100000,3,w2_50,551,5.146917,1.0,10,,label_aware_diskann
pg-diskann,100000,3,w2_50,608,4.509083,1.0,10,,label_aware_diskann
pg-diskann,100000,3,w2_50,816,5.858417,1.0,10,,label_aware_diskann
pg-diskann,100000,3,w2_50,939,5.948875,1.0,10,,label_aware_diskann
pg-diskann,100000,3,w2_50,755,5.7775,1.0,10,,label_aware_diskann
pg-diskann,100000,3,w2_50,214,5.921958,0.9,10,,label_aware_diskann
pg-diskann,100000,3,w2_50,461,7.311583,1.0,10,,label_aware_diskann
pg-diskann,100000,3,w2_50,127,6.2295,1.0,10,,label_aware_diskann
pg-diskann,100000,3,w2_50,709,4.935,1.0,10,,label_aware_diskann
pg-diskann,100000,3,w2_50,849,4.260583,1.0,10,,label_aware_diskann
pg-diskann,100000,3,w2_50,263,7.65625,0.8,10,,label_aware_diskann
pg-diskann,100000,3,w2_50,512,7.417041,1.0,10,,label_aware_diskann
pg-diskann,100000,3,w2_50,969,5.034959,0.9,10,,label_aware_diskann
pg-diskann,100000,3,w2_10,288,8.056,1.0,10,,label_aware_diskann
pg-diskann,100000,3,w2_10,470,8.753667,1.0,10,,label_aware_diskann
pg-diskann,100000,3,w2_10,886,7.910958,1.0,10,,label_aware_diskann
pg-diskann,100000,3,w2_10,640,11.795291,0.9,10,,label_aware_diskann
pg-diskann,100000,3,w2_10,993,6.806709,1.0,10,,label_aware_diskann
pg-diskann,100000,3,w2_10,940,7.3155,1.0,10,,label_aware_diskann
pg-diskann,100000,3,w2_10,934,6.15275,1.0,10,,label_aware_diskann
pg-diskann,100000,3,w2_10,516,6.735833,1.0,10,,label_aware_diskann
pg-diskann,100000,3,w2_10,985,5.78,1.0,10,,label_aware_diskann
pg-diskann,100000,3,w2_10,589,6.475917,1.0,10,,label_aware_diskann
pg-diskann,100000,3,w2_10,342,7.458209,1.0,10,,label_aware_diskann
pg-diskann,100000,3,w2_10,754,8.478334,1.0,10,,label_aware_diskann
pg-diskann,100000,3,w2_10,448,7.114167,1.0,10,,label_aware_diskann
pg-diskann,100000,3,w2_10,950,5.919667,1.0,10,,label_aware_diskann
pg-diskann,100000,3,w2_10,609,5.24625,1.0,10,,label_aware_diskann
pg-diskann,100000,3,w2_10,629,6.729458,0.5,10,,label_aware_diskann
pg-diskann,100000,3,w2_10,827,6.794125,1.0,10,,label_aware_diskann
pg-diskann,100000,3,w2_10,247,10.269792,0.8,10,,label_aware_diskann
pg-diskann,100000,3,w2_10,386,6.904209,0.9,10,,label_aware_diskann
pg-diskann,100000,3,w2_10,530,9.214209,0.9,10,,label_aware_diskann
pg-diskann,100000,3,w2_10,887,7.70775,1.0,10,,label_aware_diskann
pg-diskann,100000,3,w2_10,600,8.547292,0.9,10,,label_aware_diskann
pg-diskann,100000,3,w2_10,497,9.192084,1.0,10,,label_aware_diskann
pg-diskann,100000,3,w2_10,997,7.843333,1.0,10,,label_aware_diskann
pg-diskann,100000,3,w2_10,104,7.967292,1.0,10,,label_aware_diskann
pg-diskann,100000,3,w2_10,181,8.702333,1.0,10,,label_aware_diskann
pg-diskann,100000,3,w2_10,714,6.218583,1.0,10,,label_aware_diskann
pg-diskann,100000,3,w2_10,656,9.407291,0.9,10,,label_aware_diskann
pg-diskann,100000,3,w2_10,995,8.112542,1.0,10,,label_aware_diskann
pg-diskann,100000,3,w2_10,787,8.896,0.9,10,,label_aware_diskann
pg-diskann,100000,3,w2_10,854,8.045042,0.8,10,,label_aware_diskann
pg-diskann,100000,3,w2_10,807,9.282334,1.0,10,,label_aware_diskann
pg-diskann,100000,3,w2_10,415,10.217917,1.0,10,,label_aware_diskann
pg-diskann,100000,3,w2_10,133,7.277917,0.9,10,,label_aware_diskann
pg-diskann,100000,3,w2_10,408,7.123041,1.0,10,,label_aware_diskann
pg-diskann,100000,3,w2_10,155,5.3225,1.0,10,,label_aware_diskann
pg-diskann,100000,3,w2_10,149,10.6045,1.0,10,,label_aware_diskann
pg-diskann,100000,3,w2_10,303,8.24975,1.0,10,,label_aware_diskann
pg-diskann,100000,3,w2_10,253,7.600542,1.0,10,,label_aware_diskann
pg-diskann,100000,3,w2_10,468,11.17875,1.0,10,,label_aware_diskann
pg-diskann,100000,3,w2_10,539,6.497667,1.0,10,,label_aware_diskann
pg-diskann,100000,3,w2_10,736,8.411125,1.0,10,,label_aware_diskann
pg-diskann,100000,3,w2_10,605,6.59925,1.0,10,,label_aware_diskann
pg-diskann,100000,3,w2_10,227,6.212708,1.0,10,,label_aware_diskann
pg-diskann,100000,3,w2_10,817,6.147,1.0,10,,label_aware_diskann
pg-diskann,100000,3,w2_10,965,6.771917,0.9,10,,label_aware_diskann
pg-diskann,100000,3,w2_10,832,7.137166,1.0,10,,label_aware_diskann
pg-diskann,100000,3,w2_10,159,8.275125,0.8,10,,label_aware_diskann
pg-diskann,100000,3,w2_10,510,9.386,1.0,10,,label_aware_diskann
pg-diskann,100000,3,w2_10,334,6.438458,0.8,10,,label_aware_diskann
pg-diskann,100000,3,w2_10,336,9.041,0.9,10,,label_aware_diskann
pg-diskann,100000,3,w2_10,400,8.966834,1.0,10,,label_aware_diskann
pg-diskann,100000,3,w2_10,281,5.963667,1.0,10,,label_aware_diskann
pg-diskann,100000,3,w2_10,287,8.262209,0.9,10,,label_aware_diskann
pg-diskann,100000,3,w2_10,488,8.264792,1.0,10,,label_aware_diskann
pg-diskann,100000,3,w2_10,632,5.486459,1.0,10,,label_aware_diskann
pg-diskann,100000,3,w2_10,107,5.75475,1.0,10,,label_aware_diskann
pg-diskann,100000,3,w2_10,660,7.141166,1.0,10,,label_aware_diskann
pg-diskann,100000,3,w2_10,393,7.306042,0.8,10,,label_aware_diskann
pg-diskann,100000,3,w2_10,586,6.499459,1.0,10,,label_aware_diskann
pg-diskann,100000,3,w2_10,855,6.075375,1.0,10,,label_aware_diskann
pg-diskann,100000,3,w2_10,994,6.3355,0.9,10,,label_aware_diskann
pg-diskann,100000,3,w2_10,113,5.415667,1.0,10,,label_aware_diskann
pg-diskann,100000,3,w2_10,777,7.967917,0.8,10,,label_aware_diskann
pg-diskann,100000,3,w2_10,453,5.899042,0.9,10,,label_aware_diskann
pg-diskann,100000,3,w2_10,696,5.892459,0.9,10,,label_aware_diskann
pg-diskann,100000,3,w2_10,745,6.367375,0.8,10,,label_aware_diskann
pg-diskann,100000,3,w2_10,932,4.935584,1.0,10,,label_aware_diskann
pg-diskann,100000,3,w2_10,389,6.798333,0.9,10,,label_aware_diskann
pg-diskann,100000,3,w2_10,354,5.753959,1.0,10,,label_aware_diskann
pg-diskann,100000,3,w2_10,587,4.628417,1.0,10,,label_aware_diskann
pg-diskann,100000,3,w2_10,562,5.273375,1.0,10,,label_aware_diskann
pg-diskann,100000,3,w2_10,283,5.084042,1.0,10,,label_aware_diskann
pg-diskann,100000,3,w2_10,853,5.635916,0.7,10,,label_aware_diskann
pg-diskann,100000,3,w2_10,514,5.6175,0.7,10,,label_aware_diskann
pg-diskann,100000,3,w2_10,241,5.44125,0.9,10,,label_aware_diskann
pg-diskann,100000,3,w2_10,282,5.201166,1.0,10,,label_aware_diskann
pg-diskann,100000,3,w2_10,955,4.669208,1.0,10,,label_aware_diskann
pg-diskann,100000,3,w2_10,814,6.179333,1.0,10,,label_aware_diskann
pg-diskann,100000,3,w2_10,977,4.782667,1.0,10,,label_aware_diskann
pg-diskann,100000,3,w2_10,457,4.957208,1.0,10,,label_aware_diskann
pg-diskann,100000,3,w2_10,784,5.831625,1.0,10,,label_aware_diskann
pg-diskann,100000,3,w2_10,919,4.936,0.8,10,,label_aware_diskann
pg-diskann,100000,3,w2_10,252,5.531209,1.0,10,,label_aware_diskann
pg-diskann,100000,3,w2_10,627,5.724709,0.7,10,,label_aware_diskann
pg-diskann,100000,3,w2_10,476,5.458916,0.8,10,,label_aware_diskann
pg-diskann,100000,3,w2_10,525,5.157292,1.0,10,,label_aware_diskann
pg-diskann,100000,3,w2_10,729,5.565542,1.0,10,,label_aware_diskann
pg-diskann,100000,3,w2_10,270,5.392666,1.0,10,,label_aware_diskann
pg-diskann,100000,3,w2_10,612,5.227167,0.8,10,,label_aware_diskann
pg-diskann,100000,3,w2_10,583,4.987625,1.0,10,,label_aware_diskann
pg-diskann,100000,3,w2_10,131,4.039,1.0,10,,label_aware_diskann
pg-diskann,100000,3,w2_10,147,5.330791,1.0,10,,label_aware_diskann
pg-diskann,100000,3,w2_10,638,5.176208,1.0,10,,label_aware_diskann
pg-diskann,100000,3,w2_10,978,4.8715,0.9,10,,label_aware_diskann
pg-diskann,100000,3,w2_10,501,4.872167,1.0,10,,label_aware_diskann
pg-diskann,100000,3,w2_10,130,4.505958,1.0,10,,label_aware_diskann
pg-diskann,100000,3,w2_10,521,4.576292,1.0,10,,label_aware_diskann
pg-diskann,100000,3,w2_10,504,4.389375,1.0,10,,label_aware_diskann
pg-diskann,100000,3,w2_10,908,5.326458,0.9,10,,label_aware_diskann
pg-diskann,100000,3,w2_10,680,5.680834,1.0,10,,label_aware_diskann
pg-diskann,100000,3,w2_10,246,5.214208,0.7,10,,label_aware_diskann
pg-diskann,100000,3,w2_10,576,5.278708,0.7,10,,label_aware_diskann
pg-diskann,100000,3,w2_10,677,5.596958,1.0,10,,label_aware_diskann
pg-diskann,100000,3,w2_10,309,4.833208,1.0,10,,label_aware_diskann
pg-diskann,100000,3,w2_10,867,5.203916,1.0,10,,label_aware_diskann
pg-diskann,100000,3,w2_10,649,11.584292,1.0,10,,label_aware_diskann
pg-diskann,100000,3,w2_10,933,7.296708,0.9,10,,label_aware_diskann
pg-diskann,100000,3,w2_10,472,8.121834,0.9,10,,label_aware_diskann
pg-diskann,100000,3,w2_10,561,5.659625,1.0,10,,label_aware_diskann
pg-diskann,100000,3,w2_10,840,5.255708,1.0,10,,label_aware_diskann
pg-diskann,100000,3,w2_10,156,6.195333,0.9,10,,label_aware_diskann
pg-diskann,100000,3,w2_10,242,7.36575,1.0,10,,label_aware_diskann
pg-diskann,100000,3,w2_10,421,6.185208,0.9,10,,label_aware_diskann
pg-diskann,100000,3,w2_10,890,5.50475,1.0,10,,label_aware_diskann
pg-diskann,100000,3,w2_10,611,6.1035,1.0,10,,label_aware_diskann
pg-diskann,100000,3,w2_10,648,7.017875,0.8,10,,label_aware_diskann
pg-diskann,100000,3,w2_10,451,5.950875,1.0,10,,label_aware_diskann
pg-diskann,100000,3,w2_10,449,6.587041,1.0,10,,label_aware_diskann
pg-diskann,100000,3,w2_10,278,6.777666,1.0,10,,label_aware_diskann
pg-diskann,100000,3,w2_10,812,5.87825,1.0,10,,label_aware_diskann
pg-diskann,100000,3,w2_10,230,5.67,1.0,10,,label_aware_diskann
pg-diskann,100000,3,w2_10,767,5.791666,0.9,10,,label_aware_diskann
pg-diskann,100000,3,w2_10,493,6.353083,1.0,10,,label_aware_diskann
pg-diskann,100000,3,w2_10,819,5.357958,1.0,10,,label_aware_diskann
pg-diskann,100000,3,w2_10,866,6.43075,0.9,10,,label_aware_diskann
pg-diskann,100000,3,w2_10,925,7.120709,0.9,10,,label_aware_diskann
pg-diskann,100000,3,w2_10,628,6.445958,1.0,10,,label_aware_diskann
pg-diskann,100000,3,w2_10,103,5.808417,1.0,10,,label_aware_diskann
pg-diskann,100000,3,w2_10,848,6.386083,1.0,10,,label_aware_diskann
pg-diskann,100000,3,w2_10,109,6.289292,1.0,10,,label_aware_diskann
pg-diskann,100000,3,w2_10,826,6.202542,1.0,10,,label_aware_diskann
pg-diskann,100000,3,w2_10,352,6.056292,1.0,10,,label_aware_diskann
pg-diskann,100000,3,w2_10,234,5.942583,1.0,10,,label_aware_diskann
pg-diskann,100000,3,w2_10,573,5.942291,1.0,10,,label_aware_diskann
pg-diskann,100000,3,w2_10,438,5.531291,1.0,10,,label_aware_diskann
pg-diskann,100000,3,w2_10,367,5.760167,0.9,10,,label_aware_diskann
pg-diskann,100000,3,w2_10,727,5.970291,1.0,10,,label_aware_diskann
pg-diskann,100000,3,w2_10,554,6.603291,1.0,10,,label_aware_diskann
pg-diskann,100000,3,w2_10,936,5.646209,1.0,10,,label_aware_diskann
pg-diskann,100000,3,w2_10,614,6.704708,0.9,10,,label_aware_diskann
pg-diskann,100000,3,w2_10,268,7.900292,1.0,10,,label_aware_diskann
pg-diskann,100000,3,w2_10,998,8.912334,1.0,10,,label_aware_diskann
pg-diskann,100000,3,w2_10,215,6.895,0.9,10,,label_aware_diskann
pg-diskann,100000,3,w2_10,238,7.880625,1.0,10,,label_aware_diskann
pg-diskann,100000,3,w2_10,474,5.904334,1.0,10,,label_aware_diskann
pg-diskann,100000,3,w2_10,180,7.61275,1.0,10,,label_aware_diskann
pg-diskann,100000,3,w2_10,749,6.307417,1.0,10,,label_aware_diskann
pg-diskann,100000,3,w2_10,779,7.041125,1.0,10,,label_aware_diskann
pg-diskann,100000,3,w2_10,459,6.159667,0.9,10,,label_aware_diskann
pg-diskann,100000,3,w2_10,828,5.817209,1.0,10,,label_aware_diskann
pg-diskann,100000,3,w2_10,642,5.63475,0.9,10,,label_aware_diskann
pg-diskann,100000,3,w2_10,663,6.332042,0.9,10,,label_aware_diskann
pg-diskann,100000,3,w2_10,172,6.006958,0.9,10,,label_aware_diskann
pg-diskann,100000,3,w2_10,420,5.276042,0.9,10,,label_aware_diskann
pg-diskann,100000,3,w2_10,118,7.028083,1.0,10,,label_aware_diskann
pg-diskann,100000,3,w2_10,490,5.127542,1.0,10,,label_aware_diskann
pg-diskann,100000,3,w2_10,801,6.239833,1.0,10,,label_aware_diskann
pg-diskann,100000,3,w2_10,254,6.425834,0.7,10,,label_aware_diskann
pg-diskann,100000,3,w2_10,151,5.81275,1.0,10,,label_aware_diskann
pg-diskann,100000,3,w2_10,875,7.86725,1.0,10,,label_aware_diskann
pg-diskann,100000,3,w2_10,390,5.727667,1.0,10,,label_aware_diskann
pg-diskann,100000,3,w2_10,323,6.798917,1.0,10,,label_aware_diskann
pg-diskann,100000,3,w2_10,762,6.343541,0.9,10,,label_aware_diskann
pg-diskann,100000,3,w2_10,250,5.520292,1.0,10,,label_aware_diskann
pg-diskann,100000,3,w2_10,137,5.7765,1.0,10,,label_aware_diskann
pg-diskann,100000,3,w2_10,913,5.772625,0.9,10,,label_aware_diskann
pg-diskann,100000,3,w2_10,338,11.093583,1.0,10,,label_aware_diskann
pg-diskann,100000,3,w2_10,157,7.622709,1.0,10,,label_aware_diskann
pg-diskann,100000,3,w2_10,764,6.191958,1.0,10,,label_aware_diskann
pg-diskann,100000,3,w2_10,355,7.503708,1.0,10,,label_aware_diskann
pg-diskann,100000,3,w2_10,213,6.783708,0.9,10,,label_aware_diskann
pg-diskann,100000,3,w2_10,661,5.16975,1.0,10,,label_aware_diskann
pg-diskann,100000,3,w2_10,231,6.29425,1.0,10,,label_aware_diskann
pg-diskann,100000,3,w2_10,141,7.155375,1.0,10,,label_aware_diskann
pg-diskann,100000,3,w2_10,952,7.475666,1.0,10,,label_aware_diskann
pg-diskann,100000,3,w2_10,556,5.693834,0.9,10,,label_aware_diskann
pg-diskann,100000,3,w2_10,485,7.902458,1.0,10,,label_aware_diskann
pg-diskann,100000,3,w2_10,954,16.542,0.9,10,,label_aware_diskann
pg-diskann,100000,3,w2_10,295,12.427125,1.0,10,,label_aware_diskann
pg-diskann,100000,3,w2_10,578,7.8545,1.0,10,,label_aware_diskann
pg-diskann,100000,3,w2_10,344,6.32675,1.0,10,,label_aware_diskann
pg-diskann,100000,3,w2_10,279,6.295,1.0,10,,label_aware_diskann
pg-diskann,100000,3,w2_10,538,6.261125,1.0,10,,label_aware_diskann
pg-diskann,100000,3,w2_10,646,6.756208,1.0,10,,label_aware_diskann
pg-diskann,100000,3,w2_10,382,7.093084,0.8,10,,label_aware_diskann
pg-diskann,100000,3,w2_10,310,7.1945,1.0,10,,label_aware_diskann
pg-diskann,100000,3,w2_10,688,6.733875,1.0,10,,label_aware_diskann
pg-diskann,100000,3,w2_10,991,5.74375,1.0,10,,label_aware_diskann
pg-diskann,100000,3,w2_10,796,7.341,0.7,10,,label_aware_diskann
pg-diskann,100000,3,w2_10,148,6.895292,0.8,10,,label_aware_diskann
pg-diskann,100000,3,w2_10,662,8.085959,1.0,10,,label_aware_diskann
pg-diskann,100000,3,w2_10,423,5.958458,1.0,10,,label_aware_diskann
pg-diskann,100000,3,w2_10,771,5.668875,0.9,10,,label_aware_diskann
pg-diskann,100000,3,w2_10,505,7.363,1.0,10,,label_aware_diskann
pg-diskann,100000,3,w2_10,681,6.93025,0.8,10,,label_aware_diskann
pg-diskann,100000,3,w2_10,248,6.425709,1.0,10,,label_aware_diskann
pg-diskann,100000,3,w2_10,790,6.216333,1.0,10,,label_aware_diskann
pg-diskann,100000,3,w2_10,798,9.275167,0.8,10,,label_aware_diskann
pg-diskann,100000,3,w2_10,804,6.322208,1.0,10,,label_aware_diskann
pg-diskann,100000,3,w2_10,500,6.099959,1.0,10,,label_aware_diskann
pg-diskann,100000,3,w2_10,944,6.845625,0.7,10,,label_aware_diskann
pg-diskann,100000,3,w2_10,863,6.458375,1.0,10,,label_aware_diskann
pg-diskann,100000,3,w2_10,161,10.724792,1.0,10,,label_aware_diskann
pg-diskann,100000,3,w2_10,559,7.426667,1.0,10,,label_aware_diskann
pg-diskann,100000,3,w2_10,659,7.551209,0.8,10,,label_aware_diskann
pg-diskann,100000,3,w2_10,385,6.983209,1.0,10,,label_aware_diskann
pg-diskann,100000,3,w2_10,203,5.430417,1.0,10,,label_aware_diskann
pg-diskann,100000,3,w2_10,532,6.35425,0.8,10,,label_aware_diskann
pg-diskann,100000,3,w2_10,324,6.733042,0.6,10,,label_aware_diskann
pg-diskann,100000,3,w2_10,430,6.694167,1.0,10,,label_aware_diskann
pg-diskann,100000,3,w2_10,509,6.534958,0.9,10,,label_aware_diskann
pg-diskann,100000,3,w2_10,617,6.310542,1.0,10,,label_aware_diskann
pg-diskann,100000,3,w2_10,843,5.408667,1.0,10,,label_aware_diskann
pg-diskann,100000,3,w2_10,403,7.120709,1.0,10,,label_aware_diskann
pg-diskann,100000,3,w2_10,683,5.602042,1.0,10,,label_aware_diskann
pg-diskann,100000,3,w2_10,214,7.896459,1.0,10,,label_aware_diskann
pg-diskann,100000,3,w2_10,789,6.744959,0.7,10,,label_aware_diskann
pg-diskann,100000,3,w2_10,378,6.314375,1.0,10,,label_aware_diskann
pg-diskann,100000,3,w2_10,679,6.982042,0.9,10,,label_aware_diskann
pg-diskann,100000,3,w2_10,467,7.283542,1.0,10,,label_aware_diskann
pg-diskann,100000,3,w2_10,966,5.886833,0.9,10,,label_aware_diskann
pg-diskann,100000,3,w2_10,496,5.640584,0.9,10,,label_aware_diskann
pg-diskann,100000,3,w2_10,914,7.257208,1.0,10,,label_aware_diskann
pg-diskann,100000,3,w2_10,916,6.058875,1.0,10,,label_aware_diskann
pg-diskann,100000,3,w2_10,153,5.586875,1.0,10,,label_aware_diskann
pg-diskann,100000,3,w2_10,205,5.191541,1.0,10,,label_aware_diskann
pg-diskann,100000,3,w2_10,672,5.179041,1.0,10,,label_aware_diskann
pg-diskann,100000,3,w2_10,737,5.135208,1.0,10,,label_aware_diskann
pg-diskann,100000,3,w2_10,757,4.915292,1.0,10,,label_aware_diskann
pg-diskann,100000,3,w2_10,192,6.363542,0.9,10,,label_aware_diskann
pg-diskann,100000,3,w2_10,941,5.464125,0.9,10,,label_aware_diskann
pg-diskann,100000,3,w2_10,356,4.842208,1.0,10,,label_aware_diskann
pg-diskann,100000,3,w2_10,668,4.644167,1.0,10,,label_aware_diskann
pg-diskann,100000,3,w2_10,486,5.8765,0.8,10,,label_aware_diskann
pg-diskann,100000,3,w2_10,862,5.073167,0.9,10,,label_aware_diskann
pg-diskann,100000,3,w2_10,596,7.925333,0.8,10,,label_aware_diskann
pg-diskann,100000,3,w2_10,170,5.6985,0.8,10,,label_aware_diskann
pg-diskann,100000,3,w2_10,307,5.301416,1.0,10,,label_aware_diskann
pg-diskann,100000,3,w2_10,198,5.310167,0.9,10,,label_aware_diskann
pg-diskann,100000,3,w2_10,179,5.315959,1.0,10,,label_aware_diskann
pg-diskann,100000,3,w2_10,910,5.258042,1.0,10,,label_aware_diskann
pg-diskann,100000,3,w2_10,811,5.397834,1.0,10,,label_aware_diskann
pg-diskann,100000,3,w2_10,685,6.094542,0.7,10,,label_aware_diskann
pg-diskann,100000,3,w2_10,484,5.287042,1.0,10,,label_aware_diskann
pg-diskann,100000,3,w2_10,905,8.668,1.0,10,,label_aware_diskann
pg-diskann,100000,3,w2_10,429,6.770791,0.9,10,,label_aware_diskann
pg-diskann,100000,3,w2_10,810,6.2835,1.0,10,,label_aware_diskann
pg-diskann,100000,3,w2_10,306,6.092875,0.9,10,,label_aware_diskann
pg-diskann,100000,3,w2_10,197,5.565541,1.0,10,,label_aware_diskann
pg-diskann,100000,3,w2_10,127,6.0235,0.9,10,,label_aware_diskann
pg-diskann,100000,3,w2_10,473,5.257375,1.0,10,,label_aware_diskann
pg-diskann,100000,3,w2_10,503,4.974042,1.0,10,,label_aware_diskann
pg-diskann,100000,3,w2_10,947,6.958625,1.0,10,,label_aware_diskann
pg-diskann,100000,3,w2_10,475,5.834708,1.0,10,,label_aware_diskann
pg-diskann,100000,3,w2_10,634,4.994833,0.9,10,,label_aware_diskann
pg-diskann,100000,3,w2_10,772,6.273084,1.0,10,,label_aware_diskann
pg-diskann,100000,3,w2_10,406,10.347833,1.0,10,,label_aware_diskann
pg-diskann,100000,3,w2_10,384,7.906459,0.8,10,,label_aware_diskann
pg-diskann,100000,3,w2_10,975,5.892292,1.0,10,,label_aware_diskann
pg-diskann,100000,3,w2_10,160,8.303333,1.0,10,,label_aware_diskann
pg-diskann,100000,3,w2_10,732,6.1865,1.0,10,,label_aware_diskann
pg-diskann,100000,3,w2_10,240,5.851667,1.0,10,,label_aware_diskann
pg-diskann,100000,3,w2_10,892,5.546542,0.9,10,,label_aware_diskann
pg-diskann,100000,3,w2_10,552,6.328542,0.9,10,,label_aware_diskann
pg-diskann,100000,3,w2_10,748,7.6695,0.9,10,,label_aware_diskann
pg-diskann,100000,3,w2_10,350,9.685958,0.9,10,,label_aware_diskann
pg-diskann,100000,3,w2_10,492,7.399708,1.0,10,,label_aware_diskann
pg-diskann,100000,3,w2_10,620,8.928917,1.0,10,,label_aware_diskann
pg-diskann,100000,3,w2_10,669,7.963834,0.9,10,,label_aware_diskann
pg-diskann,100000,3,w2_10,425,6.714333,1.0,10,,label_aware_diskann
pg-diskann,100000,3,w2_10,482,8.003333,0.9,10,,label_aware_diskann
pg-diskann,100000,3,w2_10,381,6.103625,1.0,10,,label_aware_diskann
pg-diskann,100000,3,w2_10,245,5.380625,1.0,10,,label_aware_diskann
pg-diskann,100000,3,w2_10,363,6.526,0.9,10,,label_aware_diskann
pg-diskann,100000,3,w2_10,380,8.255125,0.9,10,,label_aware_diskann
pg-diskann,100000,3,w2_10,707,7.562916,0.9,10,,label_aware_diskann
pg-diskann,100000,3,w2_10,335,7.391125,1.0,10,,label_aware_diskann
pg-diskann,100000,3,w2_10,869,6.306125,0.9,10,,label_aware_diskann
pg-diskann,100000,3,w2_10,809,6.14975,1.0,10,,label_aware_diskann
pg-diskann,100000,3,w2_10,440,5.820958,1.0,10,,label_aware_diskann
pg-diskann,100000,3,w2_10,277,7.559542,1.0,10,,label_aware_diskann
pg-diskann,100000,3,w2_10,846,7.766125,1.0,10,,label_aware_diskann
pg-diskann,100000,3,w2_10,535,8.349333,1.0,10,,label_aware_diskann
pg-diskann,100000,3,w2_10,770,10.159416,0.7,10,,label_aware_diskann
pg-diskann,100000,3,w2_10,987,6.611584,0.9,10,,label_aware_diskann
pg-diskann,100000,3,w2_10,508,6.182709,1.0,10,,label_aware_diskann
pg-diskann,100000,3,w2_10,426,12.843083,0.9,10,,label_aware_diskann
pg-diskann,100000,3,w2_10,101,6.758417,1.0,10,,label_aware_diskann
pg-diskann,100000,3,w2_10,963,6.752625,1.0,10,,label_aware_diskann
pg-diskann,100000,3,w2_10,581,8.9115,1.0,10,,label_aware_diskann
pg-diskann,100000,3,w2_10,782,7.67825,1.0,10,,label_aware_diskann
pg-diskann,100000,3,w2_10,360,9.838042,0.7,10,,label_aware_diskann
pg-diskann,100000,3,w2_10,461,7.193292,0.7,10,,label_aware_diskann
pg-diskann,100000,3,w2_10,339,8.014542,1.0,10,,label_aware_diskann
pg-diskann,100000,3,w2_10,526,7.224541,0.9,10,,label_aware_diskann
pg-diskann,100000,3,w2_10,199,5.834292,1.0,10,,label_aware_diskann
pg-diskann,100000,3,w2_10,460,6.031417,0.9,10,,label_aware_diskann
pg-diskann,100000,3,w2_10,374,5.619083,1.0,10,,label_aware_diskann
pg-diskann,100000,3,w2_10,873,6.76125,1.0,10,,label_aware_diskann
pg-diskann,100000,3,w2_10,228,5.728167,1.0,10,,label_aware_diskann
pg-diskann,100000,3,w2_10,613,5.61475,1.0,10,,label_aware_diskann
pg-diskann,100000,3,w2_10,564,7.666292,0.9,10,,label_aware_diskann
pg-diskann,100000,3,w2_10,469,6.88325,0.8,10,,label_aware_diskann
pg-diskann,100000,3,w2_10,938,6.157,1.0,10,,label_aware_diskann
pg-diskann,100000,3,w2_10,741,5.749084,1.0,10,,label_aware_diskann
pg-diskann,100000,3,w2_10,900,6.520833,1.0,10,,label_aware_diskann
pg-diskann,100000,3,w2_10,263,7.879625,0.9,10,,label_aware_diskann
pg-diskann,100000,3,w2_10,528,7.136958,1.0,10,,label_aware_diskann
pg-diskann,100000,3,w2_10,166,6.2825,1.0,10,,label_aware_diskann
pg-diskann,100000,3,w2_10,522,5.726042,1.0,10,,label_aware_diskann
pg-diskann,100000,3,w2_10,794,6.640584,1.0,10,,label_aware_diskann
pg-diskann,100000,3,w2_10,376,6.937542,0.9,10,,label_aware_diskann
pg-diskann,100000,3,w2_10,945,7.519875,0.6,10,,label_aware_diskann
pg-diskann,100000,3,w2_10,422,5.925542,1.0,10,,label_aware_diskann
pg-diskann,100000,3,w2_10,899,6.581,1.0,10,,label_aware_diskann
pg-diskann,100000,3,w2_10,903,6.29275,1.0,10,,label_aware_diskann
pg-diskann,100000,3,w2_10,546,6.624917,0.9,10,,label_aware_diskann
pg-diskann,100000,3,w2_10,752,7.094583,1.0,10,,label_aware_diskann
pg-diskann,100000,3,w2_10,419,7.174709,0.8,10,,label_aware_diskann
pg-diskann,100000,3,w2_10,591,6.891292,1.0,10,,label_aware_diskann
pg-diskann,100000,3,w2_10,117,4.93425,1.0,10,,label_aware_diskann
pg-diskann,100000,3,w2_10,606,6.723666,1.0,10,,label_aware_diskann
pg-diskann,100000,3,w2_10,341,6.5345,1.0,10,,label_aware_diskann
pg-diskann,100000,3,w2_10,274,8.299083,0.9,10,,label_aware_diskann
pg-diskann,100000,3,w2_10,441,6.921666,0.7,10,,label_aware_diskann
pg-diskann,100000,3,w2_10,452,7.361917,1.0,10,,label_aware_diskann
pg-diskann,100000,3,w2_10,664,6.330042,0.9,10,,label_aware_diskann
pg-diskann,100000,3,w2_10,651,5.650708,1.0,10,,label_aware_diskann
pg-diskann,100000,3,w2_10,371,7.11125,1.0,10,,label_aware_diskann
pg-diskann,100000,3,w2_10,797,5.99675,1.0,10,,label_aware_diskann
pg-diskann,100000,3,w2_10,692,5.479167,1.0,10,,label_aware_diskann
pg-diskann,100000,3,w2_10,529,6.309916,1.0,10,,label_aware_diskann
pg-diskann,100000,3,w2_10,674,6.524208,1.0,10,,label_aware_diskann
pg-diskann,100000,3,w2_10,593,6.341833,0.7,10,,label_aware_diskann
pg-diskann,100000,3,w2_10,630,5.991708,1.0,10,,label_aware_diskann
pg-diskann,100000,3,w2_10,847,6.167417,1.0,10,,label_aware_diskann
pg-diskann,100000,3,w2_10,217,7.232583,0.9,10,,label_aware_diskann
pg-diskann,100000,3,w2_10,326,6.812375,1.0,10,,label_aware_diskann
pg-diskann,100000,3,w2_10,329,6.971208,1.0,10,,label_aware_diskann
pg-diskann,100000,3,w2_10,976,6.288208,1.0,10,,label_aware_diskann
pg-diskann,100000,3,w2_10,411,6.583458,0.9,10,,label_aware_diskann
pg-diskann,100000,3,w2_10,816,7.635792,0.9,10,,label_aware_diskann
pg-diskann,100000,3,w2_10,177,6.327625,1.0,10,,label_aware_diskann
pg-diskann,100000,3,w2_10,487,8.843042,0.6,10,,label_aware_diskann
pg-diskann,100000,3,w2_10,280,7.988125,1.0,10,,label_aware_diskann
pg-diskann,100000,3,w2_10,802,6.249417,1.0,10,,label_aware_diskann
pg-diskann,100000,3,w2_10,569,5.604833,1.0,10,,label_aware_diskann
pg-diskann,100000,3,w2_10,456,6.416542,0.9,10,,label_aware_diskann
pg-diskann,100000,3,w2_10,654,6.788583,1.0,10,,label_aware_diskann
pg-diskann,100000,3,w2_10,894,5.642833,0.9,10,,label_aware_diskann
pg-diskann,100000,3,w2_10,687,6.35475,0.5,10,,label_aware_diskann
pg-diskann,100000,3,w2_10,795,7.030667,1.0,10,,label_aware_diskann
pg-diskann,100000,3,w2_10,512,5.942333,1.0,10,,label_aware_diskann
pg-diskann,100000,3,w2_10,265,6.273458,1.0,10,,label_aware_diskann
pg-diskann,100000,3,w2_10,928,6.981083,0.9,10,,label_aware_diskann
pg-diskann,100000,3,w2_10,815,6.117625,0.9,10,,label_aware_diskann
pg-diskann,100000,3,w2_10,644,5.124917,1.0,10,,label_aware_diskann
pg-diskann,100000,3,w2_10,511,7.215209,0.9,10,,label_aware_diskann
pg-diskann,100000,3,w2_10,506,6.638583,1.0,10,,label_aware_diskann
pg-diskann,100000,3,w2_10,330,10.769084,1.0,10,,label_aware_diskann
pg-diskann,100000,3,w2_10,372,5.534084,1.0,10,,label_aware_diskann
pg-diskann,100000,3,w2_10,961,5.396334,1.0,10,,label_aware_diskann
pg-diskann,100000,3,w2_10,889,6.849542,0.8,10,,label_aware_diskann
pg-diskann,100000,3,w2_10,145,6.89675,1.0,10,,label_aware_diskann
pg-diskann,100000,3,w2_10,255,7.71325,1.0,10,,label_aware_diskann
pg-diskann,100000,3,w2_10,116,8.401375,0.9,10,,label_aware_diskann
pg-diskann,100000,3,w2_10,621,6.127542,1.0,10,,label_aware_diskann
pg-diskann,100000,3,w2_10,536,10.238041,1.0,10,,label_aware_diskann
pg-diskann,100000,3,w2_10,226,6.5535,1.0,10,,label_aware_diskann
pg-diskann,100000,3,w2_10,152,6.587292,0.7,10,,label_aware_diskann
pg-diskann,100000,3,w2_10,665,6.038334,0.9,10,,label_aware_diskann
pg-diskann,100000,3,w2_10,314,6.655334,0.7,10,,label_aware_diskann
pg-diskann,100000,3,w2_10,746,5.497125,1.0,10,,label_aware_diskann
pg-diskann,100000,3,w2_10,633,5.371834,1.0,10,,label_aware_diskann
pg-diskann,100000,3,w2_10,716,4.110125,1.0,10,,label_aware_diskann
pg-diskann,100000,3,w2_10,868,5.248125,1.0,10,,label_aware_diskann
pg-diskann,100000,3,w2_10,480,5.189333,0.8,10,,label_aware_diskann
pg-diskann,100000,3,w2_10,635,6.675958,0.9,10,,label_aware_diskann
pg-diskann,100000,3,w2_10,721,6.906833,0.9,10,,label_aware_diskann
pg-diskann,100000,3,w2_10,239,5.745208,0.8,10,,label_aware_diskann
pg-diskann,100000,3,w2_10,774,5.240917,1.0,10,,label_aware_diskann
pg-diskann,100000,3,w2_10,383,4.897416,1.0,10,,label_aware_diskann
pg-diskann,100000,3,w2_10,577,5.703792,0.9,10,,label_aware_diskann
pg-diskann,100000,3,w2_10,598,5.988208,1.0,10,,label_aware_diskann
pg-diskann,100000,3,w2_10,260,5.970959,1.0,10,,label_aware_diskann
pg-diskann,100000,3,w2_10,592,5.825875,0.9,10,,label_aware_diskann
pg-diskann,100000,3,w2_10,518,5.913833,1.0,10,,label_aware_diskann
pg-diskann,100000,3,w2_10,311,5.932542,0.9,10,,label_aware_diskann
pg-diskann,100000,3,w2_10,349,5.507042,1.0,10,,label_aware_diskann
pg-diskann,100000,3,w2_10,434,4.986041,1.0,10,,label_aware_diskann
pg-diskann,100000,3,w2_10,785,6.8105,0.7,10,,label_aware_diskann
pg-diskann,100000,3,w2_10,397,5.804125,1.0,10,,label_aware_diskann
pg-diskann,100000,3,w2_10,841,4.941458,1.0,10,,label_aware_diskann
pg-diskann,100000,3,w2_10,134,5.384,0.8,10,,label_aware_diskann
pg-diskann,100000,3,w2_10,515,6.601333,1.0,10,,label_aware_diskann
pg-diskann,100000,3,w2_10,823,7.617042,1.0,10,,label_aware_diskann
pg-diskann,100000,3,w2_10,315,5.763583,0.9,10,,label_aware_diskann
pg-diskann,100000,3,w2_10,917,5.776166,0.9,10,,label_aware_diskann
pg-diskann,100000,3,w2_10,232,6.282167,0.9,10,,label_aware_diskann
pg-diskann,100000,3,w2_10,876,7.002625,0.7,10,,label_aware_diskann
pg-diskann,100000,3,w2_10,223,7.23625,0.8,10,,label_aware_diskann
pg-diskann,100000,3,w2_10,852,6.148625,1.0,10,,label_aware_diskann
pg-diskann,100000,3,w2_10,713,4.683834,1.0,10,,label_aware_diskann
pg-diskann,100000,3,w2_10,800,4.975125,1.0,10,,label_aware_diskann
pg-diskann,100000,3,w2_10,129,7.811,0.8,10,,label_aware_diskann
pg-diskann,100000,3,w2_10,322,5.465042,1.0,10,,label_aware_diskann
pg-diskann,100000,3,w2_10,885,8.172625,0.9,10,,label_aware_diskann
pg-diskann,100000,3,w2_10,150,6.733584,1.0,10,,label_aware_diskann
pg-diskann,100000,3,w2_10,871,7.083375,1.0,10,,label_aware_diskann
pg-diskann,100000,3,w2_10,479,6.241042,1.0,10,,label_aware_diskann
pg-diskann,100000,3,w2_10,956,6.89325,0.4,10,,label_aware_diskann
pg-diskann,100000,3,w2_10,849,5.631458,1.0,10,,label_aware_diskann
pg-diskann,100000,3,w2_10,734,6.030708,1.0,10,,label_aware_diskann
pg-diskann,100000,3,w2_10,623,6.272917,0.8,10,,label_aware_diskann
pg-diskann,100000,3,w2_10,874,7.026292,0.8,10,,label_aware_diskann
pg-diskann,100000,3,w2_10,712,7.011375,0.9,10,,label_aware_diskann
pg-diskann,100000,3,w2_10,135,7.9645,1.0,10,,label_aware_diskann
pg-diskann,100000,3,w2_10,879,5.143208,1.0,10,,label_aware_diskann
pg-diskann,100000,3,w2_10,120,6.050125,1.0,10,,label_aware_diskann
pg-diskann,100000,3,w2_10,972,7.593708,0.9,10,,label_aware_diskann
pg-diskann,100000,3,w2_10,982,7.033708,1.0,10,,label_aware_diskann
pg-diskann,100000,3,w2_10,537,6.965459,0.9,10,,label_aware_diskann
pg-diskann,100000,3,w2_10,347,5.422,1.0,10,,label_aware_diskann
pg-diskann,100000,3,w2_10,545,5.765583,1.0,10,,label_aware_diskann
pg-diskann,100000,3,w2_10,878,7.722083,1.0,10,,label_aware_diskann
pg-diskann,100000,3,w2_10,236,6.689291,0.8,10,,label_aware_diskann
pg-diskann,100000,3,w2_10,753,7.224583,1.0,10,,label_aware_diskann
pg-diskann,100000,3,w2_10,122,6.868,1.0,10,,label_aware_diskann
pg-diskann,100000,3,w2_10,560,6.152584,1.0,10,,label_aware_diskann
pg-diskann,100000,3,w2_10,901,6.179833,0.6,10,,label_aware_diskann
pg-diskann,100000,3,w2_10,531,5.970875,1.0,10,,label_aware_diskann
pg-diskann,100000,3,w2_10,675,7.04675,1.0,10,,label_aware_diskann
pg-diskann,100000,3,w2_10,711,5.281958,1.0,10,,label_aware_diskann
pg-diskann,100000,3,w2_10,690,8.004417,1.0,10,,label_aware_diskann
pg-diskann,100000,3,w2_10,897,6.648959,0.9,10,,label_aware_diskann
pg-diskann,100000,3,w2_10,631,7.574417,0.8,10,,label_aware_diskann
pg-diskann,100000,3,w2_10,590,5.792042,0.9,10,,label_aware_diskann
pg-diskann,100000,3,w2_10,888,7.069708,1.0,10,,label_aware_diskann
pg-diskann,100000,3,w2_10,206,5.618333,0.8,10,,label_aware_diskann
pg-diskann,100000,3,w2_10,706,6.418833,1.0,10,,label_aware_diskann
pg-diskann,100000,3,w2_10,666,6.566125,1.0,10,,label_aware_diskann
pg-diskann,100000,3,w2_10,670,5.032958,1.0,10,,label_aware_diskann
pg-diskann,100000,3,w2_10,417,6.988792,1.0,10,,label_aware_diskann
pg-diskann,100000,3,w2_10,719,14.407958,0.9,10,,label_aware_diskann
pg-diskann,100000,3,w2_10,412,7.370833,1.0,10,,label_aware_diskann
pg-diskann,100000,3,w2_10,128,7.158042,1.0,10,,label_aware_diskann
pg-diskann,100000,3,w2_10,357,6.145041,1.0,10,,label_aware_diskann
pg-diskann,100000,3,w2_10,969,6.542958,1.0,10,,label_aware_diskann
pg-diskann,100000,3,w2_10,513,6.884,1.0,10,,label_aware_diskann
pg-diskann,100000,3,w2_10,759,6.396125,1.0,10,,label_aware_diskann
pg-diskann,100000,3,w2_10,604,4.376291,1.0,10,,label_aware_diskann
pg-diskann,100000,3,w2_10,915,5.700167,1.0,10,,label_aware_diskann
pg-diskann,100000,3,w2_10,803,8.38425,1.0,10,,label_aware_diskann
pg-diskann,100000,3,w2_10,409,10.418542,1.0,10,,label_aware_diskann
pg-diskann,100000,3,w2_10,743,6.446917,1.0,10,,label_aware_diskann
pg-diskann,100000,3,w2_10,678,7.0805,0.9,10,,label_aware_diskann
pg-diskann,100000,3,w2_10,267,5.923209,1.0,10,,label_aware_diskann
pg-diskann,100000,3,w2_10,835,7.852459,1.0,10,,label_aware_diskann
pg-diskann,100000,3,w2_10,173,6.495917,0.7,10,,label_aware_diskann
pg-diskann,100000,3,w2_10,286,6.822,1.0,10,,label_aware_diskann
pg-diskann,100000,3,w2_10,251,5.330625,1.0,10,,label_aware_diskann
pg-diskann,100000,3,w2_10,615,8.296917,1.0,10,,label_aware_diskann
pg-diskann,100000,3,w2_10,188,6.205583,1.0,10,,label_aware_diskann
pg-diskann,100000,3,w2_10,489,8.789834,1.0,10,,label_aware_diskann
pg-diskann,100000,3,w2_10,834,7.798375,0.9,10,,label_aware_diskann
pg-diskann,100000,3,w2_10,728,6.820083,1.0,10,,label_aware_diskann
pg-diskann,100000,3,w2_10,902,6.519417,1.0,10,,label_aware_diskann
pg-diskann,100000,3,w2_10,200,6.214916,1.0,10,,label_aware_diskann
pg-diskann,100000,3,w2_10,799,5.84175,1.0,10,,label_aware_diskann
pg-diskann,100000,3,w2_10,747,6.074791,1.0,10,,label_aware_diskann
pg-diskann,100000,3,w2_10,190,6.146125,1.0,10,,label_aware_diskann
pg-diskann,100000,3,w2_10,703,5.988,1.0,10,,label_aware_diskann
pg-diskann,100000,3,w2_10,225,8.891375,1.0,10,,label_aware_diskann
pg-diskann,100000,3,w2_10,763,6.967375,1.0,10,,label_aware_diskann
pg-diskann,100000,3,w2_10,275,7.895166,1.0,10,,label_aware_diskann
pg-diskann,100000,3,w2_10,877,7.390875,1.0,10,,label_aware_diskann
pg-diskann,100000,3,w2_10,483,6.272666,0.9,10,,label_aware_diskann
pg-diskann,100000,3,w2_10,813,6.210583,1.0,10,,label_aware_diskann
pg-diskann,100000,3,w2_10,502,5.597042,1.0,10,,label_aware_diskann
pg-diskann,100000,3,w2_10,527,7.271208,1.0,10,,label_aware_diskann
pg-diskann,100000,3,w2_10,375,15.166417,1.0,10,,label_aware_diskann
pg-diskann,100000,3,w2_10,110,8.544708,0.9,10,,label_aware_diskann
pg-diskann,100000,3,w2_10,259,8.359708,1.0,10,,label_aware_diskann
pg-diskann,100000,3,w2_10,158,6.303708,1.0,10,,label_aware_diskann
pg-diskann,100000,3,w2_10,898,6.361542,0.7,10,,label_aware_diskann
pg-diskann,100000,3,w2_10,296,6.878583,1.0,10,,label_aware_diskann
pg-diskann,100000,3,w2_10,333,5.758667,1.0,10,,label_aware_diskann
pg-diskann,100000,3,w2_10,636,6.847792,1.0,10,,label_aware_diskann
pg-diskann,100000,3,w2_10,358,10.086209,1.0,10,,label_aware_diskann
pg-diskann,100000,3,w2_10,402,5.530958,1.0,10,,label_aware_diskann
pg-diskann,100000,3,w2_10,872,11.153917,0.9,10,,label_aware_diskann
pg-diskann,100000,3,w2_10,579,7.579167,0.9,10,,label_aware_diskann
pg-diskann,100000,3,w2_10,720,7.961375,1.0,10,,label_aware_diskann
pg-diskann,100000,3,w2_10,923,7.344167,1.0,10,,label_aware_diskann
pg-diskann,100000,3,w2_10,930,6.25625,0.6,10,,label_aware_diskann
pg-diskann,100000,3,w2_10,108,5.901167,0.9,10,,label_aware_diskann
pg-diskann,100000,3,w2_10,837,6.477292,1.0,10,,label_aware_diskann
pg-diskann,100000,3,w2_10,533,10.917542,1.0,10,,label_aware_diskann
pg-diskann,100000,3,w2_10,946,13.0285,0.9,10,,label_aware_diskann
pg-diskann,100000,3,w2_10,756,8.712375,1.0,10,,label_aware_diskann
pg-diskann,100000,3,w2_10,450,8.418084,1.0,10,,label_aware_diskann
pg-diskann,100000,3,w2_10,599,8.219,0.7,10,,label_aware_diskann
pg-diskann,100000,3,w2_10,824,8.17325,1.0,10,,label_aware_diskann
pg-diskann,100000,3,w2_10,327,9.253458,1.0,10,,label_aware_diskann
pg-diskann,100000,3,w2_10,595,9.820917,1.0,10,,label_aware_diskann
pg-diskann,100000,3,w2_10,373,8.832042,1.0,10,,label_aware_diskann
pg-diskann,100000,3,w2_10,387,8.181083,1.0,10,,label_aware_diskann
pg-diskann,100000,3,w2_10,765,7.485959,1.0,10,,label_aware_diskann
pg-diskann,100000,3,w2_10,808,7.147417,1.0,10,,label_aware_diskann
pg-diskann,100000,3,w2_10,718,9.014291,0.9,10,,label_aware_diskann
pg-diskann,100000,3,w2_10,550,7.936583,1.0,10,,label_aware_diskann
pg-diskann,100000,3,w2_10,907,7.134916,1.0,10,,label_aware_diskann
pg-diskann,100000,3,w2_10,822,10.021125,1.0,10,,label_aware_diskann
pg-diskann,100000,3,w2_10,625,7.417708,1.0,10,,label_aware_diskann
pg-diskann,100000,3,w2_10,455,6.161792,1.0,10,,label_aware_diskann
pg-diskann,100000,3,w2_10,201,7.627083,1.0,10,,label_aware_diskann
pg-diskann,100000,3,w2_10,396,6.547417,1.0,10,,label_aware_diskann
pg-diskann,100000,3,w2_10,980,5.427541,1.0,10,,label_aware_diskann
pg-diskann,100000,3,w2_10,377,8.931583,0.8,10,,label_aware_diskann
pg-diskann,100000,3,w2_10,359,6.163625,1.0,10,,label_aware_diskann
pg-diskann,100000,3,w2_10,601,6.498375,0.9,10,,label_aware_diskann
pg-diskann,100000,3,w2_10,686,6.319667,0.6,10,,label_aware_diskann
pg-diskann,100000,3,w2_10,328,5.854667,0.9,10,,label_aware_diskann
pg-diskann,100000,3,w2_10,169,5.681708,1.0,10,,label_aware_diskann
pg-diskann,100000,3,w2_10,667,6.013375,0.9,10,,label_aware_diskann
pg-diskann,100000,3,w2_10,851,5.5395,1.0,10,,label_aware_diskann
pg-diskann,100000,3,w2_10,836,5.767584,0.9,10,,label_aware_diskann
pg-diskann,100000,3,w2_10,575,4.902417,0.9,10,,label_aware_diskann
pg-diskann,100000,3,w2_10,909,5.173458,1.0,10,,label_aware_diskann
pg-diskann,100000,3,w2_10,959,5.963625,0.6,10,,label_aware_diskann
pg-diskann,100000,3,w2_10,542,5.918,0.9,10,,label_aware_diskann
pg-diskann,100000,3,w2_10,778,5.901542,1.0,10,,label_aware_diskann
pg-diskann,100000,3,w2_10,132,5.418334,1.0,10,,label_aware_diskann
pg-diskann,100000,3,w2_10,949,4.982583,1.0,10,,label_aware_diskann
pg-diskann,100000,3,w2_10,361,5.463625,0.9,10,,label_aware_diskann
pg-diskann,100000,3,w2_10,964,5.342209,1.0,10,,label_aware_diskann
pg-diskann,100000,3,w2_10,622,5.58725,0.9,10,,label_aware_diskann
pg-diskann,100000,3,w2_10,405,5.682208,0.9,10,,label_aware_diskann
pg-diskann,100000,3,w2_10,896,5.844875,0.5,10,,label_aware_diskann
pg-diskann,100000,3,w2_10,567,5.382417,1.0,10,,label_aware_diskann
pg-diskann,100000,3,w2_10,325,6.604208,0.7,10,,label_aware_diskann
pg-diskann,100000,3,w2_10,126,5.362833,1.0,10,,label_aware_diskann
pg-diskann,100000,3,w2_10,750,5.382083,1.0,10,,label_aware_diskann
pg-diskann,100000,3,w2_10,142,5.522375,1.0,10,,label_aware_diskann
pg-diskann,100000,3,w2_10,212,4.8305,1.0,10,,label_aware_diskann
pg-diskann,100000,3,w2_10,165,5.056125,1.0,10,,label_aware_diskann
pg-diskann,100000,3,w2_10,447,5.77425,1.0,10,,label_aware_diskann
pg-diskann,100000,3,w2_10,174,7.032708,1.0,10,,label_aware_diskann
pg-diskann,100000,3,w2_10,602,5.956542,1.0,10,,label_aware_diskann
pg-diskann,100000,3,w2_10,176,6.267666,1.0,10,,label_aware_diskann
pg-diskann,100000,3,w2_10,624,7.380792,1.0,10,,label_aware_diskann
pg-diskann,100000,3,w2_10,364,6.31425,0.8,10,,label_aware_diskann
pg-diskann,100000,3,w2_10,369,5.344792,1.0,10,,label_aware_diskann
pg-diskann,100000,3,w2_10,742,9.290208,1.0,10,,label_aware_diskann
pg-diskann,100000,3,w2_10,202,6.605208,1.0,10,,label_aware_diskann
pg-diskann,100000,3,w2_10,970,6.543167,1.0,10,,label_aware_diskann
pg-diskann,100000,3,w2_10,224,6.702708,1.0,10,,label_aware_diskann
pg-diskann,100000,3,w2_10,495,6.132541,0.9,10,,label_aware_diskann
pg-diskann,100000,3,w2_10,652,6.859834,1.0,10,,label_aware_diskann
pg-diskann,100000,3,w2_10,204,6.076833,1.0,10,,label_aware_diskann
pg-diskann,100000,3,w2_10,442,8.201708,1.0,10,,label_aware_diskann
pg-diskann,100000,3,w2_10,300,8.654167,1.0,10,,label_aware_diskann
pg-diskann,100000,3,w2_10,540,8.20475,1.0,10,,label_aware_diskann
pg-diskann,100000,3,w2_10,196,6.624917,0.9,10,,label_aware_diskann
pg-diskann,100000,3,w2_10,856,6.659583,1.0,10,,label_aware_diskann
pg-diskann,100000,3,w2_10,465,5.99625,0.5,10,,label_aware_diskann
pg-diskann,100000,3,w2_10,992,7.918125,1.0,10,,label_aware_diskann
pg-diskann,100000,3,w2_10,237,7.31375,1.0,10,,label_aware_diskann
pg-diskann,100000,3,w2_10,983,9.406875,1.0,10,,label_aware_diskann
pg-diskann,100000,3,w2_10,256,7.847875,0.7,10,,label_aware_diskann
pg-diskann,100000,3,w2_10,143,7.962041,1.0,10,,label_aware_diskann
pg-diskann,100000,3,w2_10,392,8.295334,0.9,10,,label_aware_diskann
pg-diskann,100000,3,w2_10,340,8.38725,1.0,10,,label_aware_diskann
pg-diskann,100000,3,w2_10,929,8.353666,1.0,10,,label_aware_diskann
pg-diskann,100000,3,w2_10,345,8.923709,0.9,10,,label_aware_diskann
pg-diskann,100000,3,w2_10,305,7.706083,0.8,10,,label_aware_diskann
pg-diskann,100000,3,w2_10,626,7.998791,1.0,10,,label_aware_diskann
pg-diskann,100000,3,w2_10,343,9.385959,0.9,10,,label_aware_diskann
pg-diskann,100000,3,w2_10,261,7.371625,1.0,10,,label_aware_diskann
pg-diskann,100000,3,w2_10,968,9.48675,1.0,10,,label_aware_diskann
pg-diskann,100000,3,w2_10,272,5.909458,1.0,10,,label_aware_diskann
pg-diskann,100000,3,w2_10,833,10.914209,0.9,10,,label_aware_diskann
pg-diskann,100000,3,w2_10,257,7.867708,0.9,10,,label_aware_diskann
pg-diskann,100000,3,w2_10,893,7.799875,0.7,10,,label_aware_diskann
pg-diskann,100000,3,w2_10,705,9.3255,1.0,10,,label_aware_diskann
pg-diskann,100000,3,w2_10,891,7.164084,0.8,10,,label_aware_diskann
pg-diskann,100000,3,w2_10,414,7.875916,1.0,10,,label_aware_diskann
pg-diskann,100000,3,w2_10,410,9.611166,0.9,10,,label_aware_diskann
pg-diskann,100000,3,w2_10,162,7.294583,1.0,10,,label_aware_diskann
pg-diskann,100000,3,w2_10,466,9.059,1.0,10,,label_aware_diskann
pg-diskann,100000,3,w2_10,607,7.423792,1.0,10,,label_aware_diskann
pg-diskann,100000,3,w2_10,731,9.024334,1.0,10,,label_aware_diskann
pg-diskann,100000,3,w2_10,584,7.431084,1.0,10,,label_aware_diskann
pg-diskann,100000,3,w2_10,534,9.79875,0.9,10,,label_aware_diskann
pg-diskann,100000,3,w2_10,332,7.318791,1.0,10,,label_aware_diskann
pg-diskann,100000,3,w2_10,608,7.55625,0.9,10,,label_aware_diskann
pg-diskann,100000,3,w2_10,805,9.992667,0.9,10,,label_aware_diskann
pg-diskann,100000,3,w2_10,454,7.146458,1.0,10,,label_aware_diskann
pg-diskann,100000,3,w2_10,471,7.203583,1.0,10,,label_aware_diskann
pg-diskann,100000,3,w2_10,904,9.725583,0.9,10,,label_aware_diskann
pg-diskann,100000,3,w2_10,939,7.75,1.0,10,,label_aware_diskann
pg-diskann,100000,3,w2_10,582,7.747583,0.6,10,,label_aware_diskann
pg-diskann,100000,3,w2_10,293,12.418708,1.0,10,,label_aware_diskann
pg-diskann,100000,3,w2_10,838,7.003125,1.0,10,,label_aware_diskann
pg-diskann,100000,3,w2_10,233,7.026083,0.9,10,,label_aware_diskann
pg-diskann,100000,3,w2_10,829,7.1995,1.0,10,,label_aware_diskann
pg-diskann,100000,3,w2_10,912,7.931708,0.8,10,,label_aware_diskann
pg-diskann,100000,3,w2_10,865,9.19375,1.0,10,,label_aware_diskann
pg-diskann,100000,3,w2_10,958,8.98325,1.0,10,,label_aware_diskann
pg-diskann,100000,3,w2_10,140,7.051916,0.9,10,,label_aware_diskann
pg-diskann,100000,3,w2_10,348,7.163833,1.0,10,,label_aware_diskann
pg-diskann,100000,3,w2_10,653,7.431833,1.0,10,,label_aware_diskann
pg-diskann,100000,3,w2_10,139,5.999167,1.0,10,,label_aware_diskann
pg-diskann,100000,3,w2_10,645,6.467,0.9,10,,label_aware_diskann
pg-diskann,100000,3,w2_10,931,7.75875,1.0,10,,label_aware_diskann
pg-diskann,100000,3,w2_10,123,11.283958,0.8,10,,label_aware_diskann
pg-diskann,100000,3,w2_10,433,6.316625,1.0,10,,label_aware_diskann
pg-diskann,100000,3,w2_10,191,6.917125,0.9,10,,label_aware_diskann
pg-diskann,100000,3,w2_10,702,7.900792,0.8,10,,label_aware_diskann
pg-diskann,100000,3,w2_10,312,6.442916,1.0,10,,label_aware_diskann
pg-diskann,100000,3,w2_10,724,7.717833,0.6,10,,label_aware_diskann
pg-diskann,100000,3,w2_10,616,6.039958,1.0,10,,label_aware_diskann
pg-diskann,100000,3,w2_10,650,5.921209,1.0,10,,label_aware_diskann
pg-diskann,100000,3,w2_10,948,7.206,1.0,10,,label_aware_diskann
pg-diskann,100000,3,w2_10,571,7.314083,1.0,10,,label_aware_diskann
pg-diskann,100000,3,w2_10,760,9.912834,1.0,10,,label_aware_diskann
pg-diskann,100000,3,w2_10,105,8.057417,0.8,10,,label_aware_diskann
pg-diskann,100000,3,w2_10,362,7.099125,1.0,10,,label_aware_diskann
pg-diskann,100000,3,w2_10,189,8.025083,1.0,10,,label_aware_diskann
pg-diskann,100000,3,w2_10,235,10.192,0.9,10,,label_aware_diskann
pg-diskann,100000,3,w2_10,859,6.643208,1.0,10,,label_aware_diskann
pg-diskann,100000,3,w2_10,208,8.609417,1.0,10,,label_aware_diskann
pg-diskann,100000,3,w2_10,439,8.129792,0.9,10,,label_aware_diskann
pg-diskann,100000,3,w2_10,585,7.942417,1.0,10,,label_aware_diskann
pg-diskann,100000,3,w2_10,477,7.866833,1.0,10,,label_aware_diskann
pg-diskann,100000,3,w2_10,366,9.892958,1.0,10,,label_aware_diskann
pg-diskann,100000,3,w2_10,184,6.6695,1.0,10,,label_aware_diskann
pg-diskann,100000,3,w2_10,269,8.096166,0.9,10,,label_aware_diskann
pg-diskann,100000,3,w2_10,924,7.940291,1.0,10,,label_aware_diskann
pg-diskann,100000,3,w2_10,603,5.570833,1.0,10,,label_aware_diskann
pg-diskann,100000,3,w2_10,572,6.459875,1.0,10,,label_aware_diskann
pg-diskann,100000,3,w2_10,541,6.814,1.0,10,,label_aware_diskann
pg-diskann,100000,3,w2_10,491,5.911042,1.0,10,,label_aware_diskann
pg-diskann,100000,3,w2_10,735,5.908125,1.0,10,,label_aware_diskann
pg-diskann,100000,3,w2_10,588,5.79975,0.8,10,,label_aware_diskann
pg-diskann,100000,3,w2_10,435,6.982334,0.9,10,,label_aware_diskann
pg-diskann,100000,3,w2_10,870,6.67175,1.0,10,,label_aware_diskann
pg-diskann,100000,3,w2_10,219,7.790125,1.0,10,,label_aware_diskann
pg-diskann,100000,3,w2_10,733,7.95275,1.0,10,,label_aware_diskann
pg-diskann,100000,3,w2_10,722,8.468209,1.0,10,,label_aware_diskann
pg-diskann,100000,3,w2_10,682,6.611125,1.0,10,,label_aware_diskann
pg-diskann,100000,3,w2_10,776,5.969417,0.9,10,,label_aware_diskann
pg-diskann,100000,3,w2_10,318,5.38025,0.9,10,,label_aware_diskann
pg-diskann,100000,3,w2_10,655,5.743,1.0,10,,label_aware_diskann
pg-diskann,100000,3,w2_10,751,5.210625,1.0,10,,label_aware_diskann
pg-diskann,100000,3,w2_10,125,5.040667,1.0,10,,label_aware_diskann
pg-diskann,100000,3,w2_10,292,5.116416,0.8,10,,label_aware_diskann
pg-diskann,100000,3,w2_10,960,5.769208,1.0,10,,label_aware_diskann
pg-diskann,100000,3,w2_10,551,5.352083,1.0,10,,label_aware_diskann
pg-diskann,100000,3,w2_10,102,5.985458,1.0,10,,label_aware_diskann
pg-diskann,100000,3,w2_10,769,5.038041,1.0,10,,label_aware_diskann
pg-diskann,100000,3,w2_10,498,5.196458,0.9,10,,label_aware_diskann
pg-diskann,100000,3,w2_10,715,5.416417,1.0,10,,label_aware_diskann
pg-diskann,100000,3,w2_10,121,5.112458,0.9,10,,label_aware_diskann
pg-diskann,100000,3,w2_10,519,5.669166,1.0,10,,label_aware_diskann
pg-diskann,100000,3,w2_10,379,6.868083,1.0,10,,label_aware_diskann
pg-diskann,100000,3,w2_10,988,5.299792,1.0,10,,label_aware_diskann
pg-diskann,100000,3,w2_10,112,5.34875,0.8,10,,label_aware_diskann
pg-diskann,100000,3,w2_10,346,4.632167,1.0,10,,label_aware_diskann
pg-diskann,100000,3,w2_10,331,5.607459,1.0,10,,label_aware_diskann
pg-diskann,100000,3,w2_10,726,5.75975,0.8,10,,label_aware_diskann
pg-diskann,100000,3,w2_10,186,5.533042,1.0,10,,label_aware_diskann
pg-diskann,100000,3,w2_10,193,5.166167,0.9,10,,label_aware_diskann
pg-diskann,100000,3,w2_10,320,4.9335,1.0,10,,label_aware_diskann
pg-diskann,100000,3,w2_10,850,5.256167,0.9,10,,label_aware_diskann
pg-diskann,100000,3,w2_10,698,5.234917,0.6,10,,label_aware_diskann
pg-diskann,100000,3,w2_10,444,5.736792,0.9,10,,label_aware_diskann
pg-diskann,100000,3,w2_10,404,5.143292,1.0,10,,label_aware_diskann
pg-diskann,100000,3,w2_10,773,5.024291,0.9,10,,label_aware_diskann
pg-diskann,100000,3,w2_10,937,5.802292,1.0,10,,label_aware_diskann
pg-diskann,100000,3,w2_10,481,5.173375,0.7,10,,label_aware_diskann
pg-diskann,100000,3,w2_10,207,5.270458,1.0,10,,label_aware_diskann
pg-diskann,100000,3,w2_10,857,4.878916,1.0,10,,label_aware_diskann
pg-diskann,100000,3,w2_10,730,7.184542,1.0,10,,label_aware_diskann
pg-diskann,100000,3,w2_10,394,6.003833,0.7,10,,label_aware_diskann
pg-diskann,100000,3,w2_10,111,4.813958,1.0,10,,label_aware_diskann
pg-diskann,100000,3,w2_10,744,5.070417,1.0,10,,label_aware_diskann
pg-diskann,100000,3,w2_10,671,5.69175,0.9,10,,label_aware_diskann
pg-diskann,100000,3,w2_10,209,7.136291,1.0,10,,label_aware_diskann
pg-diskann,100000,3,w2_10,276,12.085833,0.9,10,,label_aware_diskann
pg-diskann,100000,3,w2_10,424,6.268,0.9,10,,label_aware_diskann
pg-diskann,100000,3,w2_10,639,7.164167,1.0,10,,label_aware_diskann
pg-diskann,100000,3,w2_10,697,6.70125,1.0,10,,label_aware_diskann
pg-diskann,100000,3,w2_10,825,6.405,1.0,10,,label_aware_diskann
pg-diskann,100000,3,w2_10,791,6.262125,0.9,10,,label_aware_diskann
pg-diskann,100000,3,w2_10,699,6.692542,1.0,10,,label_aware_diskann
pg-diskann,100000,3,w2_10,821,6.179458,1.0,10,,label_aware_diskann
pg-diskann,100000,3,w2_10,818,5.70925,1.0,10,,label_aware_diskann
pg-diskann,100000,3,w2_10,895,7.745541,1.0,10,,label_aware_diskann
pg-diskann,100000,3,w2_10,262,6.894958,0.9,10,,label_aware_diskann
pg-diskann,100000,3,w2_10,676,6.279583,1.0,10,,label_aware_diskann
pg-diskann,100000,3,w2_10,920,7.095084,1.0,10,,label_aware_diskann
pg-diskann,100000,3,w2_10,927,7.270792,0.9,10,,label_aware_diskann
pg-diskann,100000,3,w2_10,637,7.235792,1.0,10,,label_aware_diskann
pg-diskann,100000,3,w2_10,558,8.580959,0.9,10,,label_aware_diskann
pg-diskann,100000,3,w2_10,258,10.83975,1.0,10,,label_aware_diskann
pg-diskann,100000,3,w2_10,138,5.9405,1.0,10,,label_aware_diskann
pg-diskann,100000,3,w2_10,953,7.5585,0.7,10,,label_aware_diskann
pg-diskann,100000,3,w2_10,407,8.59575,1.0,10,,label_aware_diskann
pg-diskann,100000,3,w2_10,543,7.999,0.4,10,,label_aware_diskann
pg-diskann,100000,3,w2_10,921,5.968458,0.9,10,,label_aware_diskann
pg-diskann,100000,3,w2_10,597,6.180333,1.0,10,,label_aware_diskann
pg-diskann,100000,3,w2_10,395,6.679209,1.0,10,,label_aware_diskann
pg-diskann,100000,3,w2_10,739,6.098542,1.0,10,,label_aware_diskann
pg-diskann,100000,3,w2_10,388,6.326542,1.0,10,,label_aware_diskann
pg-diskann,100000,3,w2_10,146,5.415458,1.0,10,,label_aware_diskann
pg-diskann,100000,3,w2_10,738,6.266416,0.7,10,,label_aware_diskann
pg-diskann,100000,3,w2_10,942,7.450291,0.9,10,,label_aware_diskann
pg-diskann,100000,3,w2_10,788,7.536209,0.9,10,,label_aware_diskann
pg-diskann,100000,3,w2_10,220,6.488375,0.8,10,,label_aware_diskann
pg-diskann,100000,3,w2_10,570,5.855208,1.0,10,,label_aware_diskann
pg-diskann,100000,3,w2_10,926,5.660459,0.9,10,,label_aware_diskann
pg-diskann,100000,3,w2_10,124,7.020375,1.0,10,,label_aware_diskann
pg-diskann,100000,3,w2_10,775,7.840667,0.7,10,,label_aware_diskann
pg-diskann,100000,3,w2_10,704,6.346708,0.8,10,,label_aware_diskann
pg-diskann,100000,3,w2_10,464,5.936333,0.9,10,,label_aware_diskann
pg-diskann,100000,3,w2_10,844,7.274875,1.0,10,,label_aware_diskann
pg-diskann,100000,3,w2_10,792,5.6875,1.0,10,,label_aware_diskann
pg-diskann,100000,3,w2_10,555,7.8955,0.9,10,,label_aware_diskann
pg-diskann,100000,3,w2_10,996,7.219833,1.0,10,,label_aware_diskann
pg-diskann,100000,3,w2_10,183,6.303917,0.8,10,,label_aware_diskann
pg-diskann,100000,3,w2_10,695,6.571084,0.8,10,,label_aware_diskann
pg-diskann,100000,3,w2_10,273,7.550458,1.0,10,,label_aware_diskann
pg-diskann,100000,3,w2_10,755,7.340584,1.0,10,,label_aware_diskann
pg-diskann,100000,3,w2_10,580,9.104666,0.9,10,,label_aware_diskann
pg-diskann,100000,3,w2_10,758,7.980333,1.0,10,,label_aware_diskann
pg-diskann,100000,3,w2_10,544,7.360459,1.0,10,,label_aware_diskann
pg-diskann,100000,3,w2_10,229,7.30475,1.0,10,,label_aware_diskann
pg-diskann,100000,3,w2_10,463,6.527833,1.0,10,,label_aware_diskann
pg-diskann,100000,3,w2_10,413,7.993125,1.0,10,,label_aware_diskann
pg-diskann,100000,3,w2_10,106,5.838459,1.0,10,,label_aware_diskann
pg-diskann,100000,3,w2_10,290,6.885542,0.9,10,,label_aware_diskann
pg-diskann,100000,3,w2_10,842,5.648458,1.0,10,,label_aware_diskann
pg-diskann,100000,3,w2_10,974,7.002375,1.0,10,,label_aware_diskann
pg-diskann,100000,3,w2_10,989,6.266708,1.0,10,,label_aware_diskann
pg-diskann,100000,3,w2_10,793,7.479709,1.0,10,,label_aware_diskann
pg-diskann,100000,3,w2_10,401,7.316208,0.9,10,,label_aware_diskann
pg-diskann,100000,3,w2_10,443,6.397917,1.0,10,,label_aware_diskann
pg-diskann,100000,3,w2_10,428,6.607958,1.0,10,,label_aware_diskann
pg-diskann,100000,3,w2_10,911,6.05175,1.0,10,,label_aware_diskann
pg-diskann,100000,3,w2_10,171,6.230583,0.9,10,,label_aware_diskann
pg-diskann,100000,3,w2_10,243,6.152292,1.0,10,,label_aware_diskann
pg-diskann,100000,3,w2_10,337,6.755917,1.0,10,,label_aware_diskann
pg-diskann,100000,3,w2_10,499,6.008042,1.0,10,,label_aware_diskann
pg-diskann,100000,3,w2_10,566,6.888917,0.9,10,,label_aware_diskann
pg-diskann,100000,3,w2_10,437,7.842917,1.0,10,,label_aware_diskann
pg-diskann,100000,3,w2_10,547,7.604042,0.9,10,,label_aware_diskann
pg-diskann,100000,3,w2_10,136,6.289625,1.0,10,,label_aware_diskann
pg-diskann,100000,3,w2_10,164,6.013167,1.0,10,,label_aware_diskann
pg-diskann,100000,3,w2_10,178,6.521167,1.0,10,,label_aware_diskann
pg-diskann,100000,3,w2_10,783,6.478625,0.9,10,,label_aware_diskann
pg-diskann,100000,3,w2_10,962,6.194958,1.0,10,,label_aware_diskann
pg-diskann,100000,3,w2_10,880,8.217125,0.8,10,,label_aware_diskann
pg-diskann,100000,3,w2_10,883,6.070416,1.0,10,,label_aware_diskann
pg-diskann,100000,3,w2_10,740,6.491625,1.0,10,,label_aware_diskann
pg-diskann,100000,3,w2_10,647,6.294834,1.0,10,,label_aware_diskann
pg-diskann,100000,3,w2_10,175,8.890625,0.9,10,,label_aware_diskann
pg-diskann,100000,3,w2_10,431,7.6885,1.0,10,,label_aware_diskann
pg-diskann,100000,3,w2_10,100,7.663208,1.0,10,,label_aware_diskann
pg-diskann,100000,3,w2_10,860,6.445084,1.0,10,,label_aware_diskann
pg-diskann,100000,3,w2_10,458,6.725542,1.0,10,,label_aware_diskann
pg-diskann,100000,3,w2_10,308,5.987875,1.0,10,,label_aware_diskann
pg-diskann,100000,3,w2_10,693,7.723,1.0,10,,label_aware_diskann
pg-diskann,100000,3,w2_10,657,7.115625,1.0,10,,label_aware_diskann
pg-diskann,100000,3,w2_10,984,7.401791,1.0,10,,label_aware_diskann
pg-diskann,100000,3,w2_10,317,6.204125,1.0,10,,label_aware_diskann
pg-diskann,100000,3,w2_10,319,5.445125,1.0,10,,label_aware_diskann
pg-diskann,100000,3,w2_10,163,6.064167,1.0,10,,label_aware_diskann
pg-diskann,100000,3,w2_10,999,7.359709,1.0,10,,label_aware_diskann
pg-diskann,100000,3,w2_10,943,7.925125,1.0,10,,label_aware_diskann
pg-diskann,100000,3,w2_10,549,6.77775,1.0,10,,label_aware_diskann
pg-diskann,100000,3,w2_10,271,6.180167,1.0,10,,label_aware_diskann
pg-diskann,100000,3,w2_10,353,5.8915,1.0,10,,label_aware_diskann
pg-diskann,100000,3,w2_10,418,9.9,0.9,10,,label_aware_diskann
pg-diskann,100000,3,w2_10,494,6.331834,1.0,10,,label_aware_diskann
pg-diskann,100000,3,w2_10,864,5.83175,1.0,10,,label_aware_diskann
pg-diskann,100000,3,w2_10,858,4.6095,1.0,10,,label_aware_diskann
pg-diskann,100000,3,w2_10,786,5.824292,0.9,10,,label_aware_diskann
pg-diskann,100000,3,w2_10,517,7.962875,0.5,10,,label_aware_diskann
pg-diskann,100000,3,w2_10,710,7.0815,1.0,10,,label_aware_diskann
pg-diskann,100000,3,w2_10,297,6.166834,0.9,10,,label_aware_diskann
pg-diskann,100000,3,w2_10,321,8.69425,1.0,10,,label_aware_diskann
pg-diskann,100000,3,w2_10,299,6.566042,1.0,10,,label_aware_diskann
pg-diskann,100000,3,w2_10,144,6.61475,1.0,10,,label_aware_diskann
pg-diskann,100000,3,w2_10,284,6.462625,0.3,10,,label_aware_diskann
pg-diskann,100000,3,w2_10,839,6.189292,1.0,10,,label_aware_diskann
pg-diskann,100000,3,w2_10,182,6.202875,0.9,10,,label_aware_diskann
pg-diskann,100000,3,w2_10,115,6.502208,0.8,10,,label_aware_diskann
pg-diskann,100000,3,w2_10,830,6.947083,1.0,10,,label_aware_diskann
pg-diskann,100000,3,w2_10,574,6.176333,1.0,10,,label_aware_diskann
pg-diskann,100000,3,w2_10,216,5.640292,1.0,10,,label_aware_diskann
pg-diskann,100000,3,w2_10,436,6.187167,0.9,10,,label_aware_diskann
pg-diskann,100000,3,w2_10,264,5.917375,1.0,10,,label_aware_diskann
pg-diskann,100000,3,w2_10,168,6.702416,1.0,10,,label_aware_diskann
pg-diskann,100000,3,w2_10,391,5.133291,0.9,10,,label_aware_diskann
pg-diskann,100000,3,w2_10,316,5.4435,1.0,10,,label_aware_diskann
pg-diskann,100000,3,w2_10,399,6.64675,1.0,10,,label_aware_diskann
pg-diskann,100000,3,w2_10,981,6.229,1.0,10,,label_aware_diskann
pg-diskann,100000,3,w2_10,210,6.942458,0.9,10,,label_aware_diskann
pg-diskann,100000,3,w2_10,114,6.153333,1.0,10,,label_aware_diskann
pg-diskann,100000,3,w2_10,708,5.431209,1.0,10,,label_aware_diskann
pg-diskann,100000,3,w2_10,432,5.525583,0.9,10,,label_aware_diskann
pg-diskann,100000,3,w2_10,957,4.830834,0.9,10,,label_aware_diskann
pg-diskann,100000,3,w2_10,845,7.865208,1.0,10,,label_aware_diskann
pg-diskann,100000,3,w2_10,610,6.317875,1.0,10,,label_aware_diskann
pg-diskann,100000,3,w2_10,694,5.958417,1.0,10,,label_aware_diskann
pg-diskann,100000,3,w2_10,806,5.562541,0.8,10,,label_aware_diskann
pg-diskann,100000,3,w2_10,986,4.687583,1.0,10,,label_aware_diskann
pg-diskann,100000,3,w2_10,370,5.609167,0.8,10,,label_aware_diskann
pg-diskann,100000,3,w2_10,187,5.17625,1.0,10,,label_aware_diskann
pg-diskann,100000,3,w2_10,973,5.831458,0.9,10,,label_aware_diskann
pg-diskann,100000,3,w2_10,167,5.231459,1.0,10,,label_aware_diskann
pg-diskann,100000,3,w2_10,222,7.052459,0.5,10,,label_aware_diskann
pg-diskann,100000,3,w2_10,918,5.561792,1.0,10,,label_aware_diskann
pg-diskann,100000,3,w2_10,820,5.964166,0.9,10,,label_aware_diskann
pg-diskann,100000,3,w2_10,761,5.509458,1.0,10,,label_aware_diskann
pg-diskann,100000,3,w2_10,861,5.924167,0.9,10,,label_aware_diskann
pg-diskann,100000,3,w2_10,221,5.879792,1.0,10,,label_aware_diskann
pg-diskann,100000,3,w2_10,768,5.921583,0.8,10,,label_aware_diskann
pg-diskann,100000,3,w2_10,766,5.151458,1.0,10,,label_aware_diskann
pg-diskann,100000,3,w2_10,990,6.356959,1.0,10,,label_aware_diskann
pg-diskann,100000,3,w2_10,266,5.228833,1.0,10,,label_aware_diskann
pg-diskann,100000,3,w2_10,780,7.80725,1.0,10,,label_aware_diskann
pg-diskann,100000,3,w2_10,700,5.567708,0.9,10,,label_aware_diskann
pg-diskann,100000,3,w2_10,289,5.529084,1.0,10,,label_aware_diskann
pg-diskann,100000,3,w2_10,709,4.992667,1.0,10,,label_aware_diskann
pg-diskann,100000,3,w2_10,211,6.138083,1.0,10,,label_aware_diskann
pg-diskann,100000,3,w2_10,979,7.532334,0.9,10,,label_aware_diskann
pg-diskann,100000,3,w2_10,302,7.446708,1.0,10,,label_aware_diskann
pg-diskann,100000,3,w2_10,971,9.410916,1.0,10,,label_aware_diskann
pg-diskann,100000,3,w2_10,563,5.978625,1.0,10,,label_aware_diskann
pg-diskann,100000,3,w2_10,967,8.509,1.0,10,,label_aware_diskann
pg-diskann,100000,3,w2_10,557,6.198875,1.0,10,,label_aware_diskann
pg-diskann,100000,3,w2_10,643,7.349292,0.9,10,,label_aware_diskann
pg-diskann,100000,3,w2_10,701,6.76325,1.0,10,,label_aware_diskann
pg-diskann,100000,3,w2_10,922,6.979042,1.0,10,,label_aware_diskann
pg-diskann,100000,3,w2_10,462,5.607917,1.0,10,,label_aware_diskann
pg-diskann,100000,3,w2_10,520,6.277584,1.0,10,,label_aware_diskann
pg-diskann,100000,3,w2_10,446,6.888416,1.0,10,,label_aware_diskann
pg-diskann,100000,3,w2_10,427,6.360917,0.6,10,,label_aware_diskann
pg-diskann,100000,3,w2_10,641,5.50825,1.0,10,,label_aware_diskann
pg-diskann,100000,3,w2_10,831,7.920583,1.0,10,,label_aware_diskann
pg-diskann,100000,3,w2_10,507,7.38275,1.0,10,,label_aware_diskann
pg-diskann,100000,3,w2_10,351,9.133708,0.9,10,,label_aware_diskann
pg-diskann,100000,3,w2_10,882,10.749584,1.0,10,,label_aware_diskann
pg-diskann,100000,3,w2_10,723,7.621042,1.0,10,,label_aware_diskann
pg-diskann,100000,3,w2_10,313,6.774125,1.0,10,,label_aware_diskann
pg-diskann,100000,3,w2_10,218,5.851709,1.0,10,,label_aware_diskann
pg-diskann,100000,3,w2_10,658,6.877833,0.9,10,,label_aware_diskann
pg-diskann,100000,3,w2_10,185,5.270209,1.0,10,,label_aware_diskann
pg-diskann,100000,3,w2_10,884,7.322167,0.9,10,,label_aware_diskann
pg-diskann,100000,3,w2_10,951,7.721125,0.9,10,,label_aware_diskann
pg-diskann,100000,3,w2_10,398,6.004458,1.0,10,,label_aware_diskann
pg-diskann,100000,3,w2_10,524,13.005667,0.7,10,,label_aware_diskann
pg-diskann,100000,3,w2_10,689,6.021041,1.0,10,,label_aware_diskann
pg-diskann,100000,3,w2_10,717,9.439667,1.0,10,,label_aware_diskann
pg-diskann,100000,3,w2_10,445,6.943292,1.0,10,,label_aware_diskann
pg-diskann,100000,3,w2_10,368,6.011833,1.0,10,,label_aware_diskann
pg-diskann,100000,3,w2_10,565,6.183541,1.0,10,,label_aware_diskann
pg-diskann,100000,3,w2_10,298,6.695417,1.0,10,,label_aware_diskann
pg-diskann,100000,3,w2_10,553,6.31075,0.8,10,,label_aware_diskann
pg-diskann,100000,3,w2_10,291,6.106542,1.0,10,,label_aware_diskann
pg-diskann,100000,3,w2_10,523,6.824,0.9,10,,label_aware_diskann
pg-diskann,100000,3,w2_10,365,5.074584,1.0,10,,label_aware_diskann
pg-diskann,100000,3,w2_10,154,8.373792,1.0,10,,label_aware_diskann
pg-diskann,100000,3,w2_10,244,6.415375,1.0,10,,label_aware_diskann
pg-diskann,100000,3,w2_10,478,7.794542,1.0,10,,label_aware_diskann
pg-diskann,100000,3,w2_10,285,5.667292,1.0,10,,label_aware_diskann
pg-diskann,100000,3,w2_10,906,5.771875,1.0,10,,label_aware_diskann
pg-diskann,100000,3,w2_10,781,6.244042,1.0,10,,label_aware_diskann
pg-diskann,100000,3,w2_10,594,5.755959,1.0,10,,label_aware_diskann
pg-diskann,100000,3,w2_10,673,7.680375,1.0,10,,label_aware_diskann
pg-diskann,100000,3,w2_10,304,6.648333,1.0,10,,label_aware_diskann
pg-diskann,100000,3,w2_10,301,6.89225,1.0,10,,label_aware_diskann
pg-diskann,100000,3,w2_10,881,5.813167,1.0,10,,label_aware_diskann
pg-diskann,100000,3,w2_10,194,7.1975,0.9,10,,label_aware_diskann
pg-diskann,100000,3,w2_10,294,6.970959,1.0,10,,label_aware_diskann
pg-diskann,100000,3,w2_10,619,5.974208,1.0,10,,label_aware_diskann
pg-diskann,100000,3,w2_10,691,5.794709,1.0,10,,label_aware_diskann
pg-diskann,100000,3,w2_10,618,6.454083,1.0,10,,label_aware_diskann
pg-diskann,100000,3,w2_10,725,6.124625,1.0,10,,label_aware_diskann
pg-diskann,100000,3,w2_10,249,5.750875,1.0,10,,label_aware_diskann
pg-diskann,100000,3,w2_10,935,6.521792,1.0,10,,label_aware_diskann
pg-diskann,100000,3,w2_10,119,10.732458,1.0,10,,label_aware_diskann
pg-diskann,100000,3,w2_10,416,7.086333,1.0,10,,label_aware_diskann
pg-diskann,100000,3,w2_10,684,5.919709,1.0,10,,label_aware_diskann
pg-diskann,100000,3,w2_10,568,6.87225,1.0,10,,label_aware_diskann
pg-diskann,100000,3,w2_10,548,6.267458,1.0,10,,label_aware_diskann
pg-diskann,100000,3,w2_10,195,5.908375,1.0,10,,label_aware_diskann
pg-diskann,100000,3,w2_1,981,2.654375,1.0,10,,scalar_first_exact
pg-diskann,100000,3,w2_1,442,2.69825,1.0,10,,scalar_first_exact
pg-diskann,100000,3,w2_1,754,2.895667,1.0,10,,scalar_first_exact
pg-diskann,100000,3,w2_1,786,2.836792,1.0,10,,scalar_first_exact
pg-diskann,100000,3,w2_1,862,3.609708,1.0,10,,scalar_first_exact
pg-diskann,100000,3,w2_1,623,19.185042,1.0,10,,scalar_first_exact
pg-diskann,100000,3,w2_1,488,8.614042,1.0,10,,scalar_first_exact
pg-diskann,100000,3,w2_1,853,8.13975,1.0,10,,scalar_first_exact
pg-diskann,100000,3,w2_1,415,7.652375,1.0,10,,scalar_first_exact
pg-diskann,100000,3,w2_1,157,9.088042,1.0,10,,scalar_first_exact
pg-diskann,100000,3,w2_1,953,4.783666,1.0,10,,scalar_first_exact
pg-diskann,100000,3,w2_1,612,3.293375,1.0,10,,scalar_first_exact
pg-diskann,100000,3,w2_1,204,3.555709,1.0,10,,scalar_first_exact
pg-diskann,100000,3,w2_1,185,5.257291,1.0,10,,scalar_first_exact
pg-diskann,100000,3,w2_1,579,4.526292,1.0,10,,scalar_first_exact
pg-diskann,100000,3,w2_1,621,3.931333,1.0,10,,scalar_first_exact
pg-diskann,100000,3,w2_1,591,2.808125,1.0,10,,scalar_first_exact
pg-diskann,100000,3,w2_1,618,3.045042,1.0,10,,scalar_first_exact
pg-diskann,100000,3,w2_1,834,3.004875,1.0,10,,scalar_first_exact
pg-diskann,100000,3,w2_1,742,2.773792,1.0,10,,scalar_first_exact
pg-diskann,100000,3,w2_1,908,2.816833,1.0,10,,scalar_first_exact
pg-diskann,100000,3,w2_1,759,3.076833,1.0,10,,scalar_first_exact
pg-diskann,100000,3,w2_1,555,2.860084,1.0,10,,scalar_first_exact
pg-diskann,100000,3,w2_1,239,2.868875,1.0,10,,scalar_first_exact
pg-diskann,100000,3,w2_1,619,2.569834,1.0,10,,scalar_first_exact
pg-diskann,100000,3,w2_1,617,2.958875,1.0,10,,scalar_first_exact
pg-diskann,100000,3,w2_1,144,2.887167,1.0,10,,scalar_first_exact
pg-diskann,100000,3,w2_1,514,2.478166,1.0,10,,scalar_first_exact
pg-diskann,100000,3,w2_1,784,1.998042,1.0,10,,scalar_first_exact
pg-diskann,100000,3,w2_1,627,3.106458,1.0,10,,scalar_first_exact
pg-diskann,100000,3,w2_1,418,2.824417,1.0,10,,scalar_first_exact
pg-diskann,100000,3,w2_1,923,3.090583,1.0,10,,scalar_first_exact
pg-diskann,100000,3,w2_1,607,2.463208,1.0,10,,scalar_first_exact
pg-diskann,100000,3,w2_1,915,2.379459,1.0,10,,scalar_first_exact
pg-diskann,100000,3,w2_1,324,2.387875,1.0,10,,scalar_first_exact
pg-diskann,100000,3,w2_1,207,1.769,1.0,10,,scalar_first_exact
pg-diskann,100000,3,w2_1,610,2.507125,1.0,10,,scalar_first_exact
pg-diskann,100000,3,w2_1,417,2.611708,1.0,10,,scalar_first_exact
pg-diskann,100000,3,w2_1,366,2.482167,1.0,10,,scalar_first_exact
pg-diskann,100000,3,w2_1,101,2.761333,1.0,10,,scalar_first_exact
pg-diskann,100000,3,w2_1,695,2.688709,1.0,10,,scalar_first_exact
pg-diskann,100000,3,w2_1,529,3.017417,1.0,10,,scalar_first_exact
pg-diskann,100000,3,w2_1,279,2.237666,1.0,10,,scalar_first_exact
pg-diskann,100000,3,w2_1,481,2.719417,1.0,10,,scalar_first_exact
pg-diskann,100000,3,w2_1,535,2.495334,1.0,10,,scalar_first_exact
pg-diskann,100000,3,w2_1,182,2.749792,1.0,10,,scalar_first_exact
pg-diskann,100000,3,w2_1,361,2.447208,1.0,10,,scalar_first_exact
pg-diskann,100000,3,w2_1,794,2.420417,1.0,10,,scalar_first_exact
pg-diskann,100000,3,w2_1,960,2.236542,1.0,10,,scalar_first_exact
pg-diskann,100000,3,w2_1,246,2.385209,1.0,10,,scalar_first_exact
pg-diskann,100000,3,w2_1,388,2.334125,1.0,10,,scalar_first_exact
pg-diskann,100000,3,w2_1,476,2.752667,1.0,10,,scalar_first_exact
pg-diskann,100000,3,w2_1,181,2.585208,1.0,10,,scalar_first_exact
pg-diskann,100000,3,w2_1,810,2.652333,1.0,10,,scalar_first_exact
pg-diskann,100000,3,w2_1,691,3.059708,1.0,10,,scalar_first_exact
pg-diskann,100000,3,w2_1,383,2.509584,1.0,10,,scalar_first_exact
pg-diskann,100000,3,w2_1,221,2.45875,1.0,10,,scalar_first_exact
pg-diskann,100000,3,w2_1,967,2.917625,1.0,10,,scalar_first_exact
pg-diskann,100000,3,w2_1,146,2.56875,1.0,10,,scalar_first_exact
pg-diskann,100000,3,w2_1,520,2.538166,1.0,10,,scalar_first_exact
pg-diskann,100000,3,w2_1,948,2.636375,1.0,10,,scalar_first_exact
pg-diskann,100000,3,w2_1,340,2.755167,1.0,10,,scalar_first_exact
pg-diskann,100000,3,w2_1,100,2.038416,1.0,10,,scalar_first_exact
pg-diskann,100000,3,w2_1,160,2.083625,1.0,10,,scalar_first_exact
pg-diskann,100000,3,w2_1,259,2.522875,1.0,10,,scalar_first_exact
pg-diskann,100000,3,w2_1,448,2.709958,1.0,10,,scalar_first_exact
pg-diskann,100000,3,w2_1,969,2.729916,1.0,10,,scalar_first_exact
pg-diskann,100000,3,w2_1,445,2.734833,1.0,10,,scalar_first_exact
pg-diskann,100000,3,w2_1,447,2.21925,1.0,10,,scalar_first_exact
pg-diskann,100000,3,w2_1,110,2.776458,1.0,10,,scalar_first_exact
pg-diskann,100000,3,w2_1,346,2.901791,1.0,10,,scalar_first_exact
pg-diskann,100000,3,w2_1,831,2.337084,1.0,10,,scalar_first_exact
pg-diskann,100000,3,w2_1,430,2.639083,1.0,10,,scalar_first_exact
pg-diskann,100000,3,w2_1,263,2.391917,1.0,10,,scalar_first_exact
pg-diskann,100000,3,w2_1,140,2.225458,1.0,10,,scalar_first_exact
pg-diskann,100000,3,w2_1,395,2.448458,1.0,10,,scalar_first_exact
pg-diskann,100000,3,w2_1,973,2.7865,1.0,10,,scalar_first_exact
pg-diskann,100000,3,w2_1,993,2.736584,1.0,10,,scalar_first_exact
pg-diskann,100000,3,w2_1,354,2.32125,1.0,10,,scalar_first_exact
pg-diskann,100000,3,w2_1,722,2.764042,1.0,10,,scalar_first_exact
pg-diskann,100000,3,w2_1,237,2.525958,1.0,10,,scalar_first_exact
pg-diskann,100000,3,w2_1,398,2.714167,1.0,10,,scalar_first_exact
pg-diskann,100000,3,w2_1,473,2.502375,1.0,10,,scalar_first_exact
pg-diskann,100000,3,w2_1,825,2.181667,1.0,10,,scalar_first_exact
pg-diskann,100000,3,w2_1,216,2.188125,1.0,10,,scalar_first_exact
pg-diskann,100000,3,w2_1,846,2.693958,1.0,10,,scalar_first_exact
pg-diskann,100000,3,w2_1,530,2.503875,1.0,10,,scalar_first_exact
pg-diskann,100000,3,w2_1,411,2.543291,1.0,10,,scalar_first_exact
pg-diskann,100000,3,w2_1,112,2.381542,1.0,10,,scalar_first_exact
pg-diskann,100000,3,w2_1,124,2.6305,1.0,10,,scalar_first_exact
pg-diskann,100000,3,w2_1,655,2.850375,1.0,10,,scalar_first_exact
pg-diskann,100000,3,w2_1,567,2.346542,1.0,10,,scalar_first_exact
pg-diskann,100000,3,w2_1,565,4.536583,1.0,10,,scalar_first_exact
pg-diskann,100000,3,w2_1,327,2.48325,1.0,10,,scalar_first_exact
pg-diskann,100000,3,w2_1,457,2.85925,1.0,10,,scalar_first_exact
pg-diskann,100000,3,w2_1,895,2.515667,1.0,10,,scalar_first_exact
pg-diskann,100000,3,w2_1,641,2.284792,1.0,10,,scalar_first_exact
pg-diskann,100000,3,w2_1,413,2.518833,1.0,10,,scalar_first_exact
pg-diskann,100000,3,w2_1,193,2.658542,1.0,10,,scalar_first_exact
pg-diskann,100000,3,w2_1,741,2.761375,1.0,10,,scalar_first_exact
pg-diskann,100000,3,w2_1,533,2.862708,1.0,10,,scalar_first_exact
pg-diskann,100000,3,w2_1,136,2.249791,1.0,10,,scalar_first_exact
pg-diskann,100000,3,w2_1,907,2.375875,1.0,10,,scalar_first_exact
pg-diskann,100000,3,w2_1,453,2.37675,1.0,10,,scalar_first_exact
pg-diskann,100000,3,w2_1,524,2.667208,1.0,10,,scalar_first_exact
pg-diskann,100000,3,w2_1,265,2.516958,1.0,10,,scalar_first_exact
pg-diskann,100000,3,w2_1,225,2.684042,1.0,10,,scalar_first_exact
pg-diskann,100000,3,w2_1,356,2.774584,1.0,10,,scalar_first_exact
pg-diskann,100000,3,w2_1,735,2.301042,1.0,10,,scalar_first_exact
pg-diskann,100000,3,w2_1,525,4.587083,1.0,10,,scalar_first_exact
pg-diskann,100000,3,w2_1,270,2.726083,1.0,10,,scalar_first_exact
pg-diskann,100000,3,w2_1,163,2.303834,1.0,10,,scalar_first_exact
pg-diskann,100000,3,w2_1,315,4.766875,1.0,10,,scalar_first_exact
pg-diskann,100000,3,w2_1,892,3.068458,1.0,10,,scalar_first_exact
pg-diskann,100000,3,w2_1,320,2.98425,1.0,10,,scalar_first_exact
pg-diskann,100000,3,w2_1,294,3.441792,1.0,10,,scalar_first_exact
pg-diskann,100000,3,w2_1,522,5.53525,1.0,10,,scalar_first_exact
pg-diskann,100000,3,w2_1,108,3.488,1.0,10,,scalar_first_exact
pg-diskann,100000,3,w2_1,462,4.092125,1.0,10,,scalar_first_exact
pg-diskann,100000,3,w2_1,588,2.040667,1.0,10,,scalar_first_exact
pg-diskann,100000,3,w2_1,949,3.769958,1.0,10,,scalar_first_exact
pg-diskann,100000,3,w2_1,428,3.473083,1.0,10,,scalar_first_exact
pg-diskann,100000,3,w2_1,485,3.633541,1.0,10,,scalar_first_exact
pg-diskann,100000,3,w2_1,468,5.051167,1.0,10,,scalar_first_exact
pg-diskann,100000,3,w2_1,132,2.895375,1.0,10,,scalar_first_exact
pg-diskann,100000,3,w2_1,665,4.580833,1.0,10,,scalar_first_exact
pg-diskann,100000,3,w2_1,789,2.644166,1.0,10,,scalar_first_exact
pg-diskann,100000,3,w2_1,857,5.405333,1.0,10,,scalar_first_exact
pg-diskann,100000,3,w2_1,685,3.08975,1.0,10,,scalar_first_exact
pg-diskann,100000,3,w2_1,287,2.748042,1.0,10,,scalar_first_exact
pg-diskann,100000,3,w2_1,399,2.786375,1.0,10,,scalar_first_exact
pg-diskann,100000,3,w2_1,244,2.803834,1.0,10,,scalar_first_exact
pg-diskann,100000,3,w2_1,351,5.874583,1.0,10,,scalar_first_exact
pg-diskann,100000,3,w2_1,391,3.092958,1.0,10,,scalar_first_exact
pg-diskann,100000,3,w2_1,161,4.995916,1.0,10,,scalar_first_exact
pg-diskann,100000,3,w2_1,164,2.258041,1.0,10,,scalar_first_exact
pg-diskann,100000,3,w2_1,940,2.588833,1.0,10,,scalar_first_exact
pg-diskann,100000,3,w2_1,546,3.008792,1.0,10,,scalar_first_exact
pg-diskann,100000,3,w2_1,547,3.157583,1.0,10,,scalar_first_exact
pg-diskann,100000,3,w2_1,541,2.706292,1.0,10,,scalar_first_exact
pg-diskann,100000,3,w2_1,843,2.708416,1.0,10,,scalar_first_exact
pg-diskann,100000,3,w2_1,258,2.624,1.0,10,,scalar_first_exact
pg-diskann,100000,3,w2_1,517,2.881417,1.0,10,,scalar_first_exact
pg-diskann,100000,3,w2_1,466,3.597166,1.0,10,,scalar_first_exact
pg-diskann,100000,3,w2_1,414,3.2355,1.0,10,,scalar_first_exact
pg-diskann,100000,3,w2_1,389,4.733041,1.0,10,,scalar_first_exact
pg-diskann,100000,3,w2_1,942,2.361125,1.0,10,,scalar_first_exact
pg-diskann,100000,3,w2_1,869,1.778167,1.0,10,,scalar_first_exact
pg-diskann,100000,3,w2_1,783,3.442542,1.0,10,,scalar_first_exact
pg-diskann,100000,3,w2_1,746,2.777083,1.0,10,,scalar_first_exact
pg-diskann,100000,3,w2_1,806,2.454084,1.0,10,,scalar_first_exact
pg-diskann,100000,3,w2_1,606,4.290125,1.0,10,,scalar_first_exact
pg-diskann,100000,3,w2_1,696,2.457625,1.0,10,,scalar_first_exact
pg-diskann,100000,3,w2_1,311,4.535959,1.0,10,,scalar_first_exact
pg-diskann,100000,3,w2_1,249,2.944833,1.0,10,,scalar_first_exact
pg-diskann,100000,3,w2_1,891,2.613958,1.0,10,,scalar_first_exact
pg-diskann,100000,3,w2_1,867,2.99875,1.0,10,,scalar_first_exact
pg-diskann,100000,3,w2_1,192,2.334167,1.0,10,,scalar_first_exact
pg-diskann,100000,3,w2_1,306,2.330875,1.0,10,,scalar_first_exact
pg-diskann,100000,3,w2_1,933,3.528375,1.0,10,,scalar_first_exact
pg-diskann,100000,3,w2_1,353,2.64025,1.0,10,,scalar_first_exact
pg-diskann,100000,3,w2_1,170,2.410375,1.0,10,,scalar_first_exact
pg-diskann,100000,3,w2_1,743,2.72,1.0,10,,scalar_first_exact
pg-diskann,100000,3,w2_1,921,2.3405,1.0,10,,scalar_first_exact
pg-diskann,100000,3,w2_1,159,2.302916,1.0,10,,scalar_first_exact
pg-diskann,100000,3,w2_1,805,3.904209,1.0,10,,scalar_first_exact
pg-diskann,100000,3,w2_1,992,2.2105,1.0,10,,scalar_first_exact
pg-diskann,100000,3,w2_1,674,2.406458,1.0,10,,scalar_first_exact
pg-diskann,100000,3,w2_1,646,3.650792,1.0,10,,scalar_first_exact
pg-diskann,100000,3,w2_1,283,2.465292,1.0,10,,scalar_first_exact
pg-diskann,100000,3,w2_1,290,2.449917,1.0,10,,scalar_first_exact
pg-diskann,100000,3,w2_1,562,3.341792,1.0,10,,scalar_first_exact
pg-diskann,100000,3,w2_1,333,2.911417,1.0,10,,scalar_first_exact
pg-diskann,100000,3,w2_1,600,2.374417,1.0,10,,scalar_first_exact
pg-diskann,100000,3,w2_1,339,3.80275,1.0,10,,scalar_first_exact
pg-diskann,100000,3,w2_1,611,2.976042,1.0,10,,scalar_first_exact
pg-diskann,100000,3,w2_1,493,4.651542,1.0,10,,scalar_first_exact
pg-diskann,100000,3,w2_1,331,2.704166,1.0,10,,scalar_first_exact
pg-diskann,100000,3,w2_1,693,6.121834,1.0,10,,scalar_first_exact
pg-diskann,100000,3,w2_1,905,2.61675,1.0,10,,scalar_first_exact
pg-diskann,100000,3,w2_1,758,3.960959,1.0,10,,scalar_first_exact
pg-diskann,100000,3,w2_1,780,2.294208,1.0,10,,scalar_first_exact
pg-diskann,100000,3,w2_1,416,2.441916,1.0,10,,scalar_first_exact
pg-diskann,100000,3,w2_1,897,4.179333,1.0,10,,scalar_first_exact
pg-diskann,100000,3,w2_1,116,2.741792,1.0,10,,scalar_first_exact
pg-diskann,100000,3,w2_1,713,2.441167,1.0,10,,scalar_first_exact
pg-diskann,100000,3,w2_1,719,2.784084,1.0,10,,scalar_first_exact
pg-diskann,100000,3,w2_1,149,3.037916,1.0,10,,scalar_first_exact
pg-diskann,100000,3,w2_1,542,2.137542,1.0,10,,scalar_first_exact
pg-diskann,100000,3,w2_1,440,3.764375,1.0,10,,scalar_first_exact
pg-diskann,100000,3,w2_1,341,2.904042,1.0,10,,scalar_first_exact
pg-diskann,100000,3,w2_1,285,2.563166,1.0,10,,scalar_first_exact
pg-diskann,100000,3,w2_1,217,5.741708,1.0,10,,scalar_first_exact
pg-diskann,100000,3,w2_1,800,2.16475,1.0,10,,scalar_first_exact
pg-diskann,100000,3,w2_1,371,4.287209,1.0,10,,scalar_first_exact
pg-diskann,100000,3,w2_1,113,2.58925,1.0,10,,scalar_first_exact
pg-diskann,100000,3,w2_1,820,4.284666,1.0,10,,scalar_first_exact
pg-diskann,100000,3,w2_1,662,2.693709,1.0,10,,scalar_first_exact
pg-diskann,100000,3,w2_1,458,2.258833,1.0,10,,scalar_first_exact
pg-diskann,100000,3,w2_1,186,3.476083,1.0,10,,scalar_first_exact
pg-diskann,100000,3,w2_1,544,2.58725,1.0,10,,scalar_first_exact
pg-diskann,100000,3,w2_1,487,2.581875,1.0,10,,scalar_first_exact
pg-diskann,100000,3,w2_1,966,3.260625,1.0,10,,scalar_first_exact
pg-diskann,100000,3,w2_1,281,2.682458,1.0,10,,scalar_first_exact
pg-diskann,100000,3,w2_1,536,2.142,1.0,10,,scalar_first_exact
pg-diskann,100000,3,w2_1,914,2.766292,1.0,10,,scalar_first_exact
pg-diskann,100000,3,w2_1,302,2.486875,1.0,10,,scalar_first_exact
pg-diskann,100000,3,w2_1,686,2.343375,1.0,10,,scalar_first_exact
pg-diskann,100000,3,w2_1,729,2.827666,1.0,10,,scalar_first_exact
pg-diskann,100000,3,w2_1,167,2.351375,1.0,10,,scalar_first_exact
pg-diskann,100000,3,w2_1,836,2.556041,1.0,10,,scalar_first_exact
pg-diskann,100000,3,w2_1,374,5.008583,1.0,10,,scalar_first_exact
pg-diskann,100000,3,w2_1,153,2.849416,1.0,10,,scalar_first_exact
pg-diskann,100000,3,w2_1,560,4.096417,1.0,10,,scalar_first_exact
pg-diskann,100000,3,w2_1,576,2.841208,1.0,10,,scalar_first_exact
pg-diskann,100000,3,w2_1,760,2.21175,1.0,10,,scalar_first_exact
pg-diskann,100000,3,w2_1,817,5.47575,1.0,10,,scalar_first_exact
pg-diskann,100000,3,w2_1,790,2.805458,1.0,10,,scalar_first_exact
pg-diskann,100000,3,w2_1,538,2.791334,1.0,10,,scalar_first_exact
pg-diskann,100000,3,w2_1,461,2.500792,1.0,10,,scalar_first_exact
pg-diskann,100000,3,w2_1,278,2.35325,1.0,10,,scalar_first_exact
pg-diskann,100000,3,w2_1,172,4.067459,1.0,10,,scalar_first_exact
pg-diskann,100000,3,w2_1,775,2.574209,1.0,10,,scalar_first_exact
pg-diskann,100000,3,w2_1,360,2.34275,1.0,10,,scalar_first_exact
pg-diskann,100000,3,w2_1,818,2.422417,1.0,10,,scalar_first_exact
pg-diskann,100000,3,w2_1,622,2.138334,1.0,10,,scalar_first_exact
pg-diskann,100000,3,w2_1,133,3.050292,1.0,10,,scalar_first_exact
pg-diskann,100000,3,w2_1,887,2.40775,1.0,10,,scalar_first_exact
pg-diskann,100000,3,w2_1,537,2.73,1.0,10,,scalar_first_exact
pg-diskann,100000,3,w2_1,450,2.3425,1.0,10,,scalar_first_exact
pg-diskann,100000,3,w2_1,795,5.021,1.0,10,,scalar_first_exact
pg-diskann,100000,3,w2_1,833,2.632917,1.0,10,,scalar_first_exact
pg-diskann,100000,3,w2_1,362,2.520833,1.0,10,,scalar_first_exact
pg-diskann,100000,3,w2_1,150,2.835209,1.0,10,,scalar_first_exact
pg-diskann,100000,3,w2_1,701,2.709917,1.0,10,,scalar_first_exact
pg-diskann,100000,3,w2_1,332,2.485833,1.0,10,,scalar_first_exact
pg-diskann,100000,3,w2_1,299,2.712834,1.0,10,,scalar_first_exact
pg-diskann,100000,3,w2_1,816,2.878459,1.0,10,,scalar_first_exact
pg-diskann,100000,3,w2_1,478,2.58975,1.0,10,,scalar_first_exact
pg-diskann,100000,3,w2_1,387,2.869542,1.0,10,,scalar_first_exact
pg-diskann,100000,3,w2_1,702,2.387,1.0,10,,scalar_first_exact
pg-diskann,100000,3,w2_1,682,2.318292,1.0,10,,scalar_first_exact
pg-diskann,100000,3,w2_1,902,4.196875,1.0,10,,scalar_first_exact
pg-diskann,100000,3,w2_1,935,2.430333,1.0,10,,scalar_first_exact
pg-diskann,100000,3,w2_1,571,2.546083,1.0,10,,scalar_first_exact
pg-diskann,100000,3,w2_1,931,2.932917,1.0,10,,scalar_first_exact
pg-diskann,100000,3,w2_1,348,2.582708,1.0,10,,scalar_first_exact
pg-diskann,100000,3,w2_1,484,2.355666,1.0,10,,scalar_first_exact
pg-diskann,100000,3,w2_1,421,4.717917,1.0,10,,scalar_first_exact
pg-diskann,100000,3,w2_1,828,2.261916,1.0,10,,scalar_first_exact
pg-diskann,100000,3,w2_1,994,4.365208,1.0,10,,scalar_first_exact
pg-diskann,100000,3,w2_1,200,2.6,1.0,10,,scalar_first_exact
pg-diskann,100000,3,w2_1,850,2.177459,1.0,10,,scalar_first_exact
pg-diskann,100000,3,w2_1,787,3.066833,1.0,10,,scalar_first_exact
pg-diskann,100000,3,w2_1,773,2.628583,1.0,10,,scalar_first_exact
pg-diskann,100000,3,w2_1,105,2.531834,1.0,10,,scalar_first_exact
pg-diskann,100000,3,w2_1,300,4.139042,1.0,10,,scalar_first_exact
pg-diskann,100000,3,w2_1,152,2.582083,1.0,10,,scalar_first_exact
pg-diskann,100000,3,w2_1,129,2.4375,1.0,10,,scalar_first_exact
pg-diskann,100000,3,w2_1,774,2.6785,1.0,10,,scalar_first_exact
pg-diskann,100000,3,w2_1,980,2.679208,1.0,10,,scalar_first_exact
pg-diskann,100000,3,w2_1,654,2.734916,1.0,10,,scalar_first_exact
pg-diskann,100000,3,w2_1,507,3.308667,1.0,10,,scalar_first_exact
pg-diskann,100000,3,w2_1,482,2.483083,1.0,10,,scalar_first_exact
pg-diskann,100000,3,w2_1,878,2.3735,1.0,10,,scalar_first_exact
pg-diskann,100000,3,w2_1,503,2.540125,1.0,10,,scalar_first_exact
pg-diskann,100000,3,w2_1,767,2.25675,1.0,10,,scalar_first_exact
pg-diskann,100000,3,w2_1,107,2.087542,1.0,10,,scalar_first_exact
pg-diskann,100000,3,w2_1,808,2.403125,1.0,10,,scalar_first_exact
pg-diskann,100000,3,w2_1,498,2.224291,1.0,10,,scalar_first_exact
pg-diskann,100000,3,w2_1,534,2.523458,1.0,10,,scalar_first_exact
pg-diskann,100000,3,w2_1,979,2.176208,1.0,10,,scalar_first_exact
pg-diskann,100000,3,w2_1,996,2.183583,1.0,10,,scalar_first_exact
pg-diskann,100000,3,w2_1,765,2.073459,1.0,10,,scalar_first_exact
pg-diskann,100000,3,w2_1,666,2.344,1.0,10,,scalar_first_exact
pg-diskann,100000,3,w2_1,819,2.065917,1.0,10,,scalar_first_exact
pg-diskann,100000,3,w2_1,925,2.039208,1.0,10,,scalar_first_exact
pg-diskann,100000,3,w2_1,918,2.336792,1.0,10,,scalar_first_exact
pg-diskann,100000,3,w2_1,293,2.804,1.0,10,,scalar_first_exact
pg-diskann,100000,3,w2_1,595,2.399167,1.0,10,,scalar_first_exact
pg-diskann,100000,3,w2_1,452,2.147834,1.0,10,,scalar_first_exact
pg-diskann,100000,3,w2_1,431,2.319792,1.0,10,,scalar_first_exact
pg-diskann,100000,3,w2_1,437,2.569625,1.0,10,,scalar_first_exact
pg-diskann,100000,3,w2_1,423,2.470958,1.0,10,,scalar_first_exact
pg-diskann,100000,3,w2_1,284,2.399042,1.0,10,,scalar_first_exact
pg-diskann,100000,3,w2_1,419,2.249291,1.0,10,,scalar_first_exact
pg-diskann,100000,3,w2_1,958,3.639833,1.0,10,,scalar_first_exact
pg-diskann,100000,3,w2_1,651,2.191458,1.0,10,,scalar_first_exact
pg-diskann,100000,3,w2_1,889,2.144291,1.0,10,,scalar_first_exact
pg-diskann,100000,3,w2_1,526,4.757,1.0,10,,scalar_first_exact
pg-diskann,100000,3,w2_1,945,2.521334,1.0,10,,scalar_first_exact
pg-diskann,100000,3,w2_1,779,2.164541,1.0,10,,scalar_first_exact
pg-diskann,100000,3,w2_1,189,1.991875,1.0,10,,scalar_first_exact
pg-diskann,100000,3,w2_1,407,2.081208,1.0,10,,scalar_first_exact
pg-diskann,100000,3,w2_1,145,1.942875,1.0,10,,scalar_first_exact
pg-diskann,100000,3,w2_1,603,2.082208,1.0,10,,scalar_first_exact
pg-diskann,100000,3,w2_1,841,2.732917,1.0,10,,scalar_first_exact
pg-diskann,100000,3,w2_1,782,2.135583,1.0,10,,scalar_first_exact
pg-diskann,100000,3,w2_1,513,2.194625,1.0,10,,scalar_first_exact
pg-diskann,100000,3,w2_1,550,3.6265,1.0,10,,scalar_first_exact
pg-diskann,100000,3,w2_1,885,2.347958,1.0,10,,scalar_first_exact
pg-diskann,100000,3,w2_1,512,1.856292,1.0,10,,scalar_first_exact
pg-diskann,100000,3,w2_1,827,2.023292,1.0,10,,scalar_first_exact
pg-diskann,100000,3,w2_1,325,1.797375,1.0,10,,scalar_first_exact
pg-diskann,100000,3,w2_1,558,2.121667,1.0,10,,scalar_first_exact
pg-diskann,100000,3,w2_1,584,2.35675,1.0,10,,scalar_first_exact
pg-diskann,100000,3,w2_1,896,2.681083,1.0,10,,scalar_first_exact
pg-diskann,100000,3,w2_1,613,2.353792,1.0,10,,scalar_first_exact
pg-diskann,100000,3,w2_1,601,1.949791,1.0,10,,scalar_first_exact
pg-diskann,100000,3,w2_1,707,2.328667,1.0,10,,scalar_first_exact
pg-diskann,100000,3,w2_1,390,2.470042,1.0,10,,scalar_first_exact
pg-diskann,100000,3,w2_1,730,2.259208,1.0,10,,scalar_first_exact
pg-diskann,100000,3,w2_1,310,1.577833,1.0,10,,scalar_first_exact
pg-diskann,100000,3,w2_1,439,2.04775,1.0,10,,scalar_first_exact
pg-diskann,100000,3,w2_1,903,8.413167,1.0,10,,scalar_first_exact
pg-diskann,100000,3,w2_1,143,3.303958,1.0,10,,scalar_first_exact
pg-diskann,100000,3,w2_1,863,2.311542,1.0,10,,scalar_first_exact
pg-diskann,100000,3,w2_1,120,3.219292,1.0,10,,scalar_first_exact
pg-diskann,100000,3,w2_1,122,3.279292,1.0,10,,scalar_first_exact
pg-diskann,100000,3,w2_1,744,3.314,1.0,10,,scalar_first_exact
pg-diskann,100000,3,w2_1,474,3.076458,1.0,10,,scalar_first_exact
pg-diskann,100000,3,w2_1,919,2.984708,1.0,10,,scalar_first_exact
pg-diskann,100000,3,w2_1,262,2.811791,1.0,10,,scalar_first_exact
pg-diskann,100000,3,w2_1,139,2.636917,1.0,10,,scalar_first_exact
pg-diskann,100000,3,w2_1,747,2.783667,1.0,10,,scalar_first_exact
pg-diskann,100000,3,w2_1,379,1.512667,1.0,10,,scalar_first_exact
pg-diskann,100000,3,w2_1,436,4.263875,1.0,10,,scalar_first_exact
pg-diskann,100000,3,w2_1,188,2.586875,1.0,10,,scalar_first_exact
pg-diskann,100000,3,w2_1,944,2.694375,1.0,10,,scalar_first_exact
pg-diskann,100000,3,w2_1,637,3.129083,1.0,10,,scalar_first_exact
pg-diskann,100000,3,w2_1,111,2.627959,1.0,10,,scalar_first_exact
pg-diskann,100000,3,w2_1,583,2.679417,1.0,10,,scalar_first_exact
pg-diskann,100000,3,w2_1,199,2.3205,1.0,10,,scalar_first_exact
pg-diskann,100000,3,w2_1,165,2.752458,1.0,10,,scalar_first_exact
pg-diskann,100000,3,w2_1,463,2.446125,1.0,10,,scalar_first_exact
pg-diskann,100000,3,w2_1,803,5.65425,1.0,10,,scalar_first_exact
pg-diskann,100000,3,w2_1,459,2.285333,1.0,10,,scalar_first_exact
pg-diskann,100000,3,w2_1,946,2.929708,1.0,10,,scalar_first_exact
pg-diskann,100000,3,w2_1,632,2.967583,1.0,10,,scalar_first_exact
pg-diskann,100000,3,w2_1,720,2.818084,1.0,10,,scalar_first_exact
pg-diskann,100000,3,w2_1,549,3.222208,1.0,10,,scalar_first_exact
pg-diskann,100000,3,w2_1,972,3.0305,1.0,10,,scalar_first_exact
pg-diskann,100000,3,w2_1,796,2.750917,1.0,10,,scalar_first_exact
pg-diskann,100000,3,w2_1,663,2.805542,1.0,10,,scalar_first_exact
pg-diskann,100000,3,w2_1,454,3.27125,1.0,10,,scalar_first_exact
pg-diskann,100000,3,w2_1,491,2.469458,1.0,10,,scalar_first_exact
pg-diskann,100000,3,w2_1,119,2.486625,1.0,10,,scalar_first_exact
pg-diskann,100000,3,w2_1,142,2.357792,1.0,10,,scalar_first_exact
pg-diskann,100000,3,w2_1,443,2.712583,1.0,10,,scalar_first_exact
pg-diskann,100000,3,w2_1,501,3.336792,1.0,10,,scalar_first_exact
pg-diskann,100000,3,w2_1,435,2.491083,1.0,10,,scalar_first_exact
pg-diskann,100000,3,w2_1,771,2.703375,1.0,10,,scalar_first_exact
pg-diskann,100000,3,w2_1,866,3.203209,1.0,10,,scalar_first_exact
pg-diskann,100000,3,w2_1,718,2.60525,1.0,10,,scalar_first_exact
pg-diskann,100000,3,w2_1,936,2.458375,1.0,10,,scalar_first_exact
pg-diskann,100000,3,w2_1,424,3.189916,1.0,10,,scalar_first_exact
pg-diskann,100000,3,w2_1,991,2.476083,1.0,10,,scalar_first_exact
pg-diskann,100000,3,w2_1,734,2.826917,1.0,10,,scalar_first_exact
pg-diskann,100000,3,w2_1,624,2.3755,1.0,10,,scalar_first_exact
pg-diskann,100000,3,w2_1,115,2.092709,1.0,10,,scalar_first_exact
pg-diskann,100000,3,w2_1,605,2.429792,1.0,10,,scalar_first_exact
pg-diskann,100000,3,w2_1,227,5.581584,1.0,10,,scalar_first_exact
pg-diskann,100000,3,w2_1,875,2.726,1.0,10,,scalar_first_exact
pg-diskann,100000,3,w2_1,342,2.802583,1.0,10,,scalar_first_exact
pg-diskann,100000,3,w2_1,901,2.249,1.0,10,,scalar_first_exact
pg-diskann,100000,3,w2_1,519,2.469375,1.0,10,,scalar_first_exact
pg-diskann,100000,3,w2_1,890,2.460583,1.0,10,,scalar_first_exact
pg-diskann,100000,3,w2_1,141,2.704042,1.0,10,,scalar_first_exact
pg-diskann,100000,3,w2_1,438,2.312084,1.0,10,,scalar_first_exact
pg-diskann,100000,3,w2_1,845,2.156958,1.0,10,,scalar_first_exact
pg-diskann,100000,3,w2_1,570,2.66775,1.0,10,,scalar_first_exact
pg-diskann,100000,3,w2_1,777,2.83475,1.0,10,,scalar_first_exact
pg-diskann,100000,3,w2_1,446,2.654667,1.0,10,,scalar_first_exact
pg-diskann,100000,3,w2_1,856,2.491959,1.0,10,,scalar_first_exact
pg-diskann,100000,3,w2_1,490,2.421958,1.0,10,,scalar_first_exact
pg-diskann,100000,3,w2_1,731,2.553167,1.0,10,,scalar_first_exact
pg-diskann,100000,3,w2_1,959,5.5355,1.0,10,,scalar_first_exact
pg-diskann,100000,3,w2_1,726,2.979542,1.0,10,,scalar_first_exact
pg-diskann,100000,3,w2_1,578,4.787,1.0,10,,scalar_first_exact
pg-diskann,100000,3,w2_1,106,2.770042,1.0,10,,scalar_first_exact
pg-diskann,100000,3,w2_1,215,2.33475,1.0,10,,scalar_first_exact
pg-diskann,100000,3,w2_1,628,2.890416,1.0,10,,scalar_first_exact
pg-diskann,100000,3,w2_1,941,4.583583,1.0,10,,scalar_first_exact
pg-diskann,100000,3,w2_1,681,5.158792,1.0,10,,scalar_first_exact
pg-diskann,100000,3,w2_1,956,3.021625,1.0,10,,scalar_first_exact
pg-diskann,100000,3,w2_1,709,2.772125,1.0,10,,scalar_first_exact
pg-diskann,100000,3,w2_1,183,2.56875,1.0,10,,scalar_first_exact
pg-diskann,100000,3,w2_1,232,2.767041,1.0,10,,scalar_first_exact
pg-diskann,100000,3,w2_1,668,3.392042,1.0,10,,scalar_first_exact
pg-diskann,100000,3,w2_1,978,2.893208,1.0,10,,scalar_first_exact
pg-diskann,100000,3,w2_1,403,2.253625,1.0,10,,scalar_first_exact
pg-diskann,100000,3,w2_1,824,4.842958,1.0,10,,scalar_first_exact
pg-diskann,100000,3,w2_1,985,2.665958,1.0,10,,scalar_first_exact
pg-diskann,100000,3,w2_1,916,3.499416,1.0,10,,scalar_first_exact
pg-diskann,100000,3,w2_1,335,3.033209,1.0,10,,scalar_first_exact
pg-diskann,100000,3,w2_1,983,2.681916,1.0,10,,scalar_first_exact
pg-diskann,100000,3,w2_1,727,3.840125,1.0,10,,scalar_first_exact
pg-diskann,100000,3,w2_1,854,2.77025,1.0,10,,scalar_first_exact
pg-diskann,100000,3,w2_1,319,2.32475,1.0,10,,scalar_first_exact
pg-diskann,100000,3,w2_1,477,2.94825,1.0,10,,scalar_first_exact
pg-diskann,100000,3,w2_1,640,2.401583,1.0,10,,scalar_first_exact
pg-diskann,100000,3,w2_1,226,2.331916,1.0,10,,scalar_first_exact
pg-diskann,100000,3,w2_1,369,2.891542,1.0,10,,scalar_first_exact
pg-diskann,100000,3,w2_1,357,2.934458,1.0,10,,scalar_first_exact
pg-diskann,100000,3,w2_1,748,2.365084,1.0,10,,scalar_first_exact
pg-diskann,100000,3,w2_1,766,4.490625,1.0,10,,scalar_first_exact
pg-diskann,100000,3,w2_1,393,2.760875,1.0,10,,scalar_first_exact
pg-diskann,100000,3,w2_1,599,4.698125,1.0,10,,scalar_first_exact
pg-diskann,100000,3,w2_1,604,2.570208,1.0,10,,scalar_first_exact
pg-diskann,100000,3,w2_1,871,5.754916,1.0,10,,scalar_first_exact
pg-diskann,100000,3,w2_1,904,6.740125,1.0,10,,scalar_first_exact
pg-diskann,100000,3,w2_1,589,2.538916,1.0,10,,scalar_first_exact
pg-diskann,100000,3,w2_1,277,3.083041,1.0,10,,scalar_first_exact
pg-diskann,100000,3,w2_1,373,2.663708,1.0,10,,scalar_first_exact
pg-diskann,100000,3,w2_1,657,2.721208,1.0,10,,scalar_first_exact
pg-diskann,100000,3,w2_1,738,2.343209,1.0,10,,scalar_first_exact
pg-diskann,100000,3,w2_1,968,2.606292,1.0,10,,scalar_first_exact
pg-diskann,100000,3,w2_1,241,2.993541,1.0,10,,scalar_first_exact
pg-diskann,100000,3,w2_1,676,2.356042,1.0,10,,scalar_first_exact
pg-diskann,100000,3,w2_1,470,2.859833,1.0,10,,scalar_first_exact
pg-diskann,100000,3,w2_1,318,3.147208,1.0,10,,scalar_first_exact
pg-diskann,100000,3,w2_1,768,3.130166,1.0,10,,scalar_first_exact
pg-diskann,100000,3,w2_1,634,2.40925,1.0,10,,scalar_first_exact
pg-diskann,100000,3,w2_1,712,2.558,1.0,10,,scalar_first_exact
pg-diskann,100000,3,w2_1,397,2.723917,1.0,10,,scalar_first_exact
pg-diskann,100000,3,w2_1,385,2.55,1.0,10,,scalar_first_exact
pg-diskann,100000,3,w2_1,924,2.676792,1.0,10,,scalar_first_exact
pg-diskann,100000,3,w2_1,197,2.856542,1.0,10,,scalar_first_exact
pg-diskann,100000,3,w2_1,271,4.791791,1.0,10,,scalar_first_exact
pg-diskann,100000,3,w2_1,838,2.731541,1.0,10,,scalar_first_exact
pg-diskann,100000,3,w2_1,585,2.412917,1.0,10,,scalar_first_exact
pg-diskann,100000,3,w2_1,212,6.643083,1.0,10,,scalar_first_exact
pg-diskann,100000,3,w2_1,630,5.230792,1.0,10,,scalar_first_exact
pg-diskann,100000,3,w2_1,330,5.33325,1.0,10,,scalar_first_exact
pg-diskann,100000,3,w2_1,688,2.912916,1.0,10,,scalar_first_exact
pg-diskann,100000,3,w2_1,932,2.198334,1.0,10,,scalar_first_exact
pg-diskann,100000,3,w2_1,573,4.089625,1.0,10,,scalar_first_exact
pg-diskann,100000,3,w2_1,209,2.743708,1.0,10,,scalar_first_exact
pg-diskann,100000,3,w2_1,706,4.952709,1.0,10,,scalar_first_exact
pg-diskann,100000,3,w2_1,799,3.018667,1.0,10,,scalar_first_exact
pg-diskann,100000,3,w2_1,927,5.295583,1.0,10,,scalar_first_exact
pg-diskann,100000,3,w2_1,376,2.47275,1.0,10,,scalar_first_exact
pg-diskann,100000,3,w2_1,883,2.420416,1.0,10,,scalar_first_exact
pg-diskann,100000,3,w2_1,210,4.632458,1.0,10,,scalar_first_exact
pg-diskann,100000,3,w2_1,375,2.2855,1.0,10,,scalar_first_exact
pg-diskann,100000,3,w2_1,822,3.306042,1.0,10,,scalar_first_exact
pg-diskann,100000,3,w2_1,337,2.914583,1.0,10,,scalar_first_exact
pg-diskann,100000,3,w2_1,123,2.538875,1.0,10,,scalar_first_exact
pg-diskann,100000,3,w2_1,410,3.32375,1.0,10,,scalar_first_exact
pg-diskann,100000,3,w2_1,670,2.581041,1.0,10,,scalar_first_exact
pg-diskann,100000,3,w2_1,228,2.641834,1.0,10,,scalar_first_exact
pg-diskann,100000,3,w2_1,194,5.724625,1.0,10,,scalar_first_exact
pg-diskann,100000,3,w2_1,708,1.875583,1.0,10,,scalar_first_exact
pg-diskann,100000,3,w2_1,703,3.745291,1.0,10,,scalar_first_exact
pg-diskann,100000,3,w2_1,884,2.546834,1.0,10,,scalar_first_exact
pg-diskann,100000,3,w2_1,298,2.533875,1.0,10,,scalar_first_exact
pg-diskann,100000,3,w2_1,104,2.547459,1.0,10,,scalar_first_exact
pg-diskann,100000,3,w2_1,807,2.336084,1.0,10,,scalar_first_exact
pg-diskann,100000,3,w2_1,679,2.496625,1.0,10,,scalar_first_exact
pg-diskann,100000,3,w2_1,938,3.086916,1.0,10,,scalar_first_exact
pg-diskann,100000,3,w2_1,823,2.734875,1.0,10,,scalar_first_exact
pg-diskann,100000,3,w2_1,961,2.304959,1.0,10,,scalar_first_exact
pg-diskann,100000,3,w2_1,148,7.807042,1.0,10,,scalar_first_exact
pg-diskann,100000,3,w2_1,404,2.544541,1.0,10,,scalar_first_exact
pg-diskann,100000,3,w2_1,950,2.620458,1.0,10,,scalar_first_exact
pg-diskann,100000,3,w2_1,280,2.644542,1.0,10,,scalar_first_exact
pg-diskann,100000,3,w2_1,343,2.5715,1.0,10,,scalar_first_exact
pg-diskann,100000,3,w2_1,384,2.473417,1.0,10,,scalar_first_exact
pg-diskann,100000,3,w2_1,821,2.745125,1.0,10,,scalar_first_exact
pg-diskann,100000,3,w2_1,543,2.727125,1.0,10,,scalar_first_exact
pg-diskann,100000,3,w2_1,714,2.483458,1.0,10,,scalar_first_exact
pg-diskann,100000,3,w2_1,963,2.1965,1.0,10,,scalar_first_exact
pg-diskann,100000,3,w2_1,987,5.3805,1.0,10,,scalar_first_exact
pg-diskann,100000,3,w2_1,248,2.831375,1.0,10,,scalar_first_exact
pg-diskann,100000,3,w2_1,860,4.78675,1.0,10,,scalar_first_exact
pg-diskann,100000,3,w2_1,660,2.79525,1.0,10,,scalar_first_exact
pg-diskann,100000,3,w2_1,894,5.904917,1.0,10,,scalar_first_exact
pg-diskann,100000,3,w2_1,352,2.963917,1.0,10,,scalar_first_exact
pg-diskann,100000,3,w2_1,500,4.117666,1.0,10,,scalar_first_exact
pg-diskann,100000,3,w2_1,644,2.32925,1.0,10,,scalar_first_exact
pg-diskann,100000,3,w2_1,653,2.650833,1.0,10,,scalar_first_exact
pg-diskann,100000,3,w2_1,906,2.744375,1.0,10,,scalar_first_exact
pg-diskann,100000,3,w2_1,368,2.943375,1.0,10,,scalar_first_exact
pg-diskann,100000,3,w2_1,647,2.380792,1.0,10,,scalar_first_exact
pg-diskann,100000,3,w2_1,233,4.777792,1.0,10,,scalar_first_exact
pg-diskann,100000,3,w2_1,455,2.681875,1.0,10,,scalar_first_exact
pg-diskann,100000,3,w2_1,976,5.051459,1.0,10,,scalar_first_exact
pg-diskann,100000,3,w2_1,358,2.628583,1.0,10,,scalar_first_exact
pg-diskann,100000,3,w2_1,694,2.284792,1.0,10,,scalar_first_exact
pg-diskann,100000,3,w2_1,253,5.651709,1.0,10,,scalar_first_exact
pg-diskann,100000,3,w2_1,492,6.615084,1.0,10,,scalar_first_exact
pg-diskann,100000,3,w2_1,705,2.960167,1.0,10,,scalar_first_exact
pg-diskann,100000,3,w2_1,499,6.225041,1.0,10,,scalar_first_exact
pg-diskann,100000,3,w2_1,736,2.749375,1.0,10,,scalar_first_exact
pg-diskann,100000,3,w2_1,717,4.517583,1.0,10,,scalar_first_exact
pg-diskann,100000,3,w2_1,187,2.612042,1.0,10,,scalar_first_exact
pg-diskann,100000,3,w2_1,402,4.866292,1.0,10,,scalar_first_exact
pg-diskann,100000,3,w2_1,406,2.376042,1.0,10,,scalar_first_exact
pg-diskann,100000,3,w2_1,523,2.557875,1.0,10,,scalar_first_exact
pg-diskann,100000,3,w2_1,982,2.739333,1.0,10,,scalar_first_exact
pg-diskann,100000,3,w2_1,191,2.567292,1.0,10,,scalar_first_exact
pg-diskann,100000,3,w2_1,214,2.374667,1.0,10,,scalar_first_exact
pg-diskann,100000,3,w2_1,386,4.837292,1.0,10,,scalar_first_exact
pg-diskann,100000,3,w2_1,114,2.744209,1.0,10,,scalar_first_exact
pg-diskann,100000,3,w2_1,716,6.367292,1.0,10,,scalar_first_exact
pg-diskann,100000,3,w2_1,151,2.9385,1.0,10,,scalar_first_exact
pg-diskann,100000,3,w2_1,926,3.443583,1.0,10,,scalar_first_exact
pg-diskann,100000,3,w2_1,429,2.423708,1.0,10,,scalar_first_exact
pg-diskann,100000,3,w2_1,721,2.445792,1.0,10,,scalar_first_exact
pg-diskann,100000,3,w2_1,309,2.7145,1.0,10,,scalar_first_exact
pg-diskann,100000,3,w2_1,195,2.58325,1.0,10,,scalar_first_exact
pg-diskann,100000,3,w2_1,574,3.017833,1.0,10,,scalar_first_exact
pg-diskann,100000,3,w2_1,213,3.035875,1.0,10,,scalar_first_exact
pg-diskann,100000,3,w2_1,954,2.4095,1.0,10,,scalar_first_exact
pg-diskann,100000,3,w2_1,757,2.686583,1.0,10,,scalar_first_exact
pg-diskann,100000,3,w2_1,830,4.288375,1.0,10,,scalar_first_exact
pg-diskann,100000,3,w2_1,102,2.659667,1.0,10,,scalar_first_exact
pg-diskann,100000,3,w2_1,631,5.041625,1.0,10,,scalar_first_exact
pg-diskann,100000,3,w2_1,323,2.408042,1.0,10,,scalar_first_exact
pg-diskann,100000,3,w2_1,545,2.697459,1.0,10,,scalar_first_exact
pg-diskann,100000,3,w2_1,620,4.40875,1.0,10,,scalar_first_exact
pg-diskann,100000,3,w2_1,971,2.296625,1.0,10,,scalar_first_exact
pg-diskann,100000,3,w2_1,999,2.115417,1.0,10,,scalar_first_exact
pg-diskann,100000,3,w2_1,218,5.814125,1.0,10,,scalar_first_exact
pg-diskann,100000,3,w2_1,955,2.622833,1.0,10,,scalar_first_exact
pg-diskann,100000,3,w2_1,876,2.266375,1.0,10,,scalar_first_exact
pg-diskann,100000,3,w2_1,392,2.585209,1.0,10,,scalar_first_exact
pg-diskann,100000,3,w2_1,250,6.210709,1.0,10,,scalar_first_exact
pg-diskann,100000,3,w2_1,943,2.995416,1.0,10,,scalar_first_exact
pg-diskann,100000,3,w2_1,752,2.137458,1.0,10,,scalar_first_exact
pg-diskann,100000,3,w2_1,269,3.311291,1.0,10,,scalar_first_exact
pg-diskann,100000,3,w2_1,471,2.746209,1.0,10,,scalar_first_exact
pg-diskann,100000,3,w2_1,661,2.306959,1.0,10,,scalar_first_exact
pg-diskann,100000,3,w2_1,652,5.66275,1.0,10,,scalar_first_exact
pg-diskann,100000,3,w2_1,380,2.386541,1.0,10,,scalar_first_exact
pg-diskann,100000,3,w2_1,928,4.049792,1.0,10,,scalar_first_exact
pg-diskann,100000,3,w2_1,469,2.681125,1.0,10,,scalar_first_exact
pg-diskann,100000,3,w2_1,672,5.515916,1.0,10,,scalar_first_exact
pg-diskann,100000,3,w2_1,296,2.273917,1.0,10,,scalar_first_exact
pg-diskann,100000,3,w2_1,254,5.618416,1.0,10,,scalar_first_exact
pg-diskann,100000,3,w2_1,594,2.572125,1.0,10,,scalar_first_exact
pg-diskann,100000,3,w2_1,650,5.542375,1.0,10,,scalar_first_exact
pg-diskann,100000,3,w2_1,587,2.664083,1.0,10,,scalar_first_exact
pg-diskann,100000,3,w2_1,168,5.579708,1.0,10,,scalar_first_exact
pg-diskann,100000,3,w2_1,776,2.476792,1.0,10,,scalar_first_exact
pg-diskann,100000,3,w2_1,131,2.623917,1.0,10,,scalar_first_exact
pg-diskann,100000,3,w2_1,147,2.527375,1.0,10,,scalar_first_exact
pg-diskann,100000,3,w2_1,764,2.548,1.0,10,,scalar_first_exact
pg-diskann,100000,3,w2_1,975,5.480666,1.0,10,,scalar_first_exact
pg-diskann,100000,3,w2_1,125,2.789,1.0,10,,scalar_first_exact
pg-diskann,100000,3,w2_1,842,2.302041,1.0,10,,scalar_first_exact
pg-diskann,100000,3,w2_1,251,2.87875,1.0,10,,scalar_first_exact
pg-diskann,100000,3,w2_1,680,2.903584,1.0,10,,scalar_first_exact
pg-diskann,100000,3,w2_1,710,2.563958,1.0,10,,scalar_first_exact
pg-diskann,100000,3,w2_1,829,2.647833,1.0,10,,scalar_first_exact
pg-diskann,100000,3,w2_1,684,2.117584,1.0,10,,scalar_first_exact
pg-diskann,100000,3,w2_1,264,2.235167,1.0,10,,scalar_first_exact
pg-diskann,100000,3,w2_1,336,4.234083,1.0,10,,scalar_first_exact
pg-diskann,100000,3,w2_1,117,3.077375,1.0,10,,scalar_first_exact
pg-diskann,100000,3,w2_1,770,3.171542,1.0,10,,scalar_first_exact
pg-diskann,100000,3,w2_1,190,2.57425,1.0,10,,scalar_first_exact
pg-diskann,100000,3,w2_1,750,1.908292,1.0,10,,scalar_first_exact
pg-diskann,100000,3,w2_1,518,5.748125,1.0,10,,scalar_first_exact
pg-diskann,100000,3,w2_1,753,2.644916,1.0,10,,scalar_first_exact
pg-diskann,100000,3,w2_1,886,3.322958,1.0,10,,scalar_first_exact
pg-diskann,100000,3,w2_1,154,2.630959,1.0,10,,scalar_first_exact
pg-diskann,100000,3,w2_1,203,2.131833,1.0,10,,scalar_first_exact
pg-diskann,100000,3,w2_1,697,2.832666,1.0,10,,scalar_first_exact
pg-diskann,100000,3,w2_1,832,2.175541,1.0,10,,scalar_first_exact
pg-diskann,100000,3,w2_1,692,2.155291,1.0,10,,scalar_first_exact
pg-diskann,100000,3,w2_1,231,2.538291,1.0,10,,scalar_first_exact
pg-diskann,100000,3,w2_1,401,2.323042,1.0,10,,scalar_first_exact
pg-diskann,100000,3,w2_1,511,2.318458,1.0,10,,scalar_first_exact
pg-diskann,100000,3,w2_1,426,2.46075,1.0,10,,scalar_first_exact
pg-diskann,100000,3,w2_1,740,3.345459,1.0,10,,scalar_first_exact
pg-diskann,100000,3,w2_1,835,2.412083,1.0,10,,scalar_first_exact
pg-diskann,100000,3,w2_1,548,2.442,1.0,10,,scalar_first_exact
pg-diskann,100000,3,w2_1,711,2.751958,1.0,10,,scalar_first_exact
pg-diskann,100000,3,w2_1,355,2.257833,1.0,10,,scalar_first_exact
pg-diskann,100000,3,w2_1,664,2.651708,1.0,10,,scalar_first_exact
pg-diskann,100000,3,w2_1,506,3.261333,1.0,10,,scalar_first_exact
pg-diskann,100000,3,w2_1,288,2.767292,1.0,10,,scalar_first_exact
pg-diskann,100000,3,w2_1,169,2.668708,1.0,10,,scalar_first_exact
pg-diskann,100000,3,w2_1,937,3.364458,1.0,10,,scalar_first_exact
pg-diskann,100000,3,w2_1,572,2.604583,1.0,10,,scalar_first_exact
pg-diskann,100000,3,w2_1,367,2.21225,1.0,10,,scalar_first_exact
pg-diskann,100000,3,w2_1,345,2.365458,1.0,10,,scalar_first_exact
pg-diskann,100000,3,w2_1,566,2.631333,1.0,10,,scalar_first_exact
pg-diskann,100000,3,w2_1,334,2.581916,1.0,10,,scalar_first_exact
pg-diskann,100000,3,w2_1,109,2.18775,1.0,10,,scalar_first_exact
pg-diskann,100000,3,w2_1,211,2.445042,1.0,10,,scalar_first_exact
pg-diskann,100000,3,w2_1,286,2.352292,1.0,10,,scalar_first_exact
pg-diskann,100000,3,w2_1,615,2.014042,1.0,10,,scalar_first_exact
pg-diskann,100000,3,w2_1,312,2.21125,1.0,10,,scalar_first_exact
pg-diskann,100000,3,w2_1,553,2.319792,1.0,10,,scalar_first_exact
pg-diskann,100000,3,w2_1,326,1.932542,1.0,10,,scalar_first_exact
pg-diskann,100000,3,w2_1,625,2.315291,1.0,10,,scalar_first_exact
pg-diskann,100000,3,w2_1,377,2.3665,1.0,10,,scalar_first_exact
pg-diskann,100000,3,w2_1,531,2.299166,1.0,10,,scalar_first_exact
pg-diskann,100000,3,w2_1,444,2.341709,1.0,10,,scalar_first_exact
pg-diskann,100000,3,w2_1,837,3.067833,1.0,10,,scalar_first_exact
pg-diskann,100000,3,w2_1,970,2.467167,1.0,10,,scalar_first_exact
pg-diskann,100000,3,w2_1,633,2.392791,1.0,10,,scalar_first_exact
pg-diskann,100000,3,w2_1,656,3.247625,1.0,10,,scalar_first_exact
pg-diskann,100000,3,w2_1,920,2.493791,1.0,10,,scalar_first_exact
pg-diskann,100000,3,w2_1,898,2.349708,1.0,10,,scalar_first_exact
pg-diskann,100000,3,w2_1,575,2.667333,1.0,10,,scalar_first_exact
pg-diskann,100000,3,w2_1,563,2.074792,1.0,10,,scalar_first_exact
pg-diskann,100000,3,w2_1,698,2.1585,1.0,10,,scalar_first_exact
pg-diskann,100000,3,w2_1,812,2.318333,1.0,10,,scalar_first_exact
pg-diskann,100000,3,w2_1,256,3.117792,1.0,10,,scalar_first_exact
pg-diskann,100000,3,w2_1,305,2.388333,1.0,10,,scalar_first_exact
pg-diskann,100000,3,w2_1,363,2.196667,1.0,10,,scalar_first_exact
pg-diskann,100000,3,w2_1,815,1.943416,1.0,10,,scalar_first_exact
pg-diskann,100000,3,w2_1,528,5.221083,1.0,10,,scalar_first_exact
pg-diskann,100000,3,w2_1,126,3.129375,1.0,10,,scalar_first_exact
pg-diskann,100000,3,w2_1,879,2.316958,1.0,10,,scalar_first_exact
pg-diskann,100000,3,w2_1,516,2.448334,1.0,10,,scalar_first_exact
pg-diskann,100000,3,w2_1,118,2.175041,1.0,10,,scalar_first_exact
pg-diskann,100000,3,w2_1,675,2.018834,1.0,10,,scalar_first_exact
pg-diskann,100000,3,w2_1,220,2.069708,1.0,10,,scalar_first_exact
pg-diskann,100000,3,w2_1,260,2.390167,1.0,10,,scalar_first_exact
pg-diskann,100000,3,w2_1,515,1.678292,1.0,10,,scalar_first_exact
pg-diskann,100000,3,w2_1,877,2.348667,1.0,10,,scalar_first_exact
pg-diskann,100000,3,w2_1,922,2.26275,1.0,10,,scalar_first_exact
pg-diskann,100000,3,w2_1,868,2.341708,1.0,10,,scalar_first_exact
pg-diskann,100000,3,w2_1,788,1.567292,1.0,10,,scalar_first_exact
pg-diskann,100000,3,w2_1,962,2.275167,1.0,10,,scalar_first_exact
pg-diskann,100000,3,w2_1,745,2.137375,1.0,10,,scalar_first_exact
pg-diskann,100000,3,w2_1,826,2.61,1.0,10,,scalar_first_exact
pg-diskann,100000,3,w2_1,677,2.582875,1.0,10,,scalar_first_exact
pg-diskann,100000,3,w2_1,412,2.279125,1.0,10,,scalar_first_exact
pg-diskann,100000,3,w2_1,475,2.216208,1.0,10,,scalar_first_exact
pg-diskann,100000,3,w2_1,505,2.010625,1.0,10,,scalar_first_exact
pg-diskann,100000,3,w2_1,243,1.936875,1.0,10,,scalar_first_exact
pg-diskann,100000,3,w2_1,219,2.081542,1.0,10,,scalar_first_exact
pg-diskann,100000,3,w2_1,690,2.166459,1.0,10,,scalar_first_exact
pg-diskann,100000,3,w2_1,590,2.107917,1.0,10,,scalar_first_exact
pg-diskann,100000,3,w2_1,289,2.260042,1.0,10,,scalar_first_exact
pg-diskann,100000,3,w2_1,977,2.214541,1.0,10,,scalar_first_exact
pg-diskann,100000,3,w2_1,804,2.084042,1.0,10,,scalar_first_exact
pg-diskann,100000,3,w2_1,865,2.159084,1.0,10,,scalar_first_exact
pg-diskann,100000,3,w2_1,802,2.132042,1.0,10,,scalar_first_exact
pg-diskann,100000,3,w2_1,267,2.0925,1.0,10,,scalar_first_exact
pg-diskann,100000,3,w2_1,669,2.036792,1.0,10,,scalar_first_exact
pg-diskann,100000,3,w2_1,201,2.05225,1.0,10,,scalar_first_exact
pg-diskann,100000,3,w2_1,313,2.381417,1.0,10,,scalar_first_exact
pg-diskann,100000,3,w2_1,292,2.113833,1.0,10,,scalar_first_exact
pg-diskann,100000,3,w2_1,155,2.31625,1.0,10,,scalar_first_exact
pg-diskann,100000,3,w2_1,577,2.292792,1.0,10,,scalar_first_exact
pg-diskann,100000,3,w2_1,592,1.864833,1.0,10,,scalar_first_exact
pg-diskann,100000,3,w2_1,408,2.260584,1.0,10,,scalar_first_exact
pg-diskann,100000,3,w2_1,508,1.998584,1.0,10,,scalar_first_exact
pg-diskann,100000,3,w2_1,303,2.079708,1.0,10,,scalar_first_exact
pg-diskann,100000,3,w2_1,409,2.23925,1.0,10,,scalar_first_exact
pg-diskann,100000,3,w2_1,301,2.120833,1.0,10,,scalar_first_exact
pg-diskann,100000,3,w2_1,636,2.278417,1.0,10,,scalar_first_exact
pg-diskann,100000,3,w2_1,427,3.923,1.0,10,,scalar_first_exact
pg-diskann,100000,3,w2_1,732,2.520958,1.0,10,,scalar_first_exact
pg-diskann,100000,3,w2_1,238,2.346584,1.0,10,,scalar_first_exact
pg-diskann,100000,3,w2_1,649,2.060833,1.0,10,,scalar_first_exact
pg-diskann,100000,3,w2_1,422,3.161625,1.0,10,,scalar_first_exact
pg-diskann,100000,3,w2_1,913,2.502542,1.0,10,,scalar_first_exact
pg-diskann,100000,3,w2_1,273,1.412542,1.0,10,,scalar_first_exact
pg-diskann,100000,3,w2_1,338,2.200417,1.0,10,,scalar_first_exact
pg-diskann,100000,3,w2_1,433,1.666125,1.0,10,,scalar_first_exact
pg-diskann,100000,3,w2_1,645,2.324209,1.0,10,,scalar_first_exact
pg-diskann,100000,3,w2_1,934,2.299584,1.0,10,,scalar_first_exact
pg-diskann,100000,3,w2_1,791,2.231792,1.0,10,,scalar_first_exact
pg-diskann,100000,3,w2_1,725,1.837166,1.0,10,,scalar_first_exact
pg-diskann,100000,3,w2_1,809,2.458,1.0,10,,scalar_first_exact
pg-diskann,100000,3,w2_1,206,5.416667,1.0,10,,scalar_first_exact
pg-diskann,100000,3,w2_1,811,2.725083,1.0,10,,scalar_first_exact
pg-diskann,100000,3,w2_1,539,3.08625,1.0,10,,scalar_first_exact
pg-diskann,100000,3,w2_1,912,2.556875,1.0,10,,scalar_first_exact
pg-diskann,100000,3,w2_1,756,2.949458,1.0,10,,scalar_first_exact
pg-diskann,100000,3,w2_1,510,3.16875,1.0,10,,scalar_first_exact
pg-diskann,100000,3,w2_1,951,2.67175,1.0,10,,scalar_first_exact
pg-diskann,100000,3,w2_1,586,2.597708,1.0,10,,scalar_first_exact
pg-diskann,100000,3,w2_1,699,3.572875,1.0,10,,scalar_first_exact
pg-diskann,100000,3,w2_1,540,2.543208,1.0,10,,scalar_first_exact
pg-diskann,100000,3,w2_1,173,2.434083,1.0,10,,scalar_first_exact
pg-diskann,100000,3,w2_1,792,3.245333,1.0,10,,scalar_first_exact
pg-diskann,100000,3,w2_1,723,2.46525,1.0,10,,scalar_first_exact
pg-diskann,100000,3,w2_1,425,2.326042,1.0,10,,scalar_first_exact
pg-diskann,100000,3,w2_1,138,4.082334,1.0,10,,scalar_first_exact
pg-diskann,100000,3,w2_1,997,2.776333,1.0,10,,scalar_first_exact
pg-diskann,100000,3,w2_1,851,2.384833,1.0,10,,scalar_first_exact
pg-diskann,100000,3,w2_1,275,2.3545,1.0,10,,scalar_first_exact
pg-diskann,100000,3,w2_1,888,2.336583,1.0,10,,scalar_first_exact
pg-diskann,100000,3,w2_1,127,1.97025,1.0,10,,scalar_first_exact
pg-diskann,100000,3,w2_1,678,3.105917,1.0,10,,scalar_first_exact
pg-diskann,100000,3,w2_1,911,2.583875,1.0,10,,scalar_first_exact
pg-diskann,100000,3,w2_1,778,3.45025,1.0,10,,scalar_first_exact
pg-diskann,100000,3,w2_1,859,5.603917,1.0,10,,scalar_first_exact
pg-diskann,100000,3,w2_1,855,2.752666,1.0,10,,scalar_first_exact
pg-diskann,100000,3,w2_1,307,2.490917,1.0,10,,scalar_first_exact
pg-diskann,100000,3,w2_1,872,2.459125,1.0,10,,scalar_first_exact
pg-diskann,100000,3,w2_1,156,2.398958,1.0,10,,scalar_first_exact
pg-diskann,100000,3,w2_1,350,3.38075,1.0,10,,scalar_first_exact
pg-diskann,100000,3,w2_1,986,2.793541,1.0,10,,scalar_first_exact
pg-diskann,100000,3,w2_1,839,2.494291,1.0,10,,scalar_first_exact
pg-diskann,100000,3,w2_1,965,2.452666,1.0,10,,scalar_first_exact
pg-diskann,100000,3,w2_1,858,2.662125,1.0,10,,scalar_first_exact
pg-diskann,100000,3,w2_1,733,2.499667,1.0,10,,scalar_first_exact
pg-diskann,100000,3,w2_1,689,2.495625,1.0,10,,scalar_first_exact
pg-diskann,100000,3,w2_1,268,2.428375,1.0,10,,scalar_first_exact
pg-diskann,100000,3,w2_1,840,2.578959,1.0,10,,scalar_first_exact
pg-diskann,100000,3,w2_1,257,2.471291,1.0,10,,scalar_first_exact
pg-diskann,100000,3,w2_1,202,2.543458,1.0,10,,scalar_first_exact
pg-diskann,100000,3,w2_1,700,2.42875,1.0,10,,scalar_first_exact
pg-diskann,100000,3,w2_1,175,2.597833,1.0,10,,scalar_first_exact
pg-diskann,100000,3,w2_1,509,2.412042,1.0,10,,scalar_first_exact
pg-diskann,100000,3,w2_1,321,5.488042,1.0,10,,scalar_first_exact
pg-diskann,100000,3,w2_1,990,3.025125,1.0,10,,scalar_first_exact
pg-diskann,100000,3,w2_1,798,2.625292,1.0,10,,scalar_first_exact
pg-diskann,100000,3,w2_1,295,2.171625,1.0,10,,scalar_first_exact
pg-diskann,100000,3,w2_1,347,5.711667,1.0,10,,scalar_first_exact
pg-diskann,100000,3,w2_1,638,2.528625,1.0,10,,scalar_first_exact
pg-diskann,100000,3,w2_1,180,2.78525,1.0,10,,scalar_first_exact
pg-diskann,100000,3,w2_1,635,2.318375,1.0,10,,scalar_first_exact
pg-diskann,100000,3,w2_1,910,2.342584,1.0,10,,scalar_first_exact
pg-diskann,100000,3,w2_1,569,2.603667,1.0,10,,scalar_first_exact
pg-diskann,100000,3,w2_1,797,2.5575,1.0,10,,scalar_first_exact
pg-diskann,100000,3,w2_1,687,2.553333,1.0,10,,scalar_first_exact
pg-diskann,100000,3,w2_1,314,2.21175,1.0,10,,scalar_first_exact
pg-diskann,100000,3,w2_1,137,2.622125,1.0,10,,scalar_first_exact
pg-diskann,100000,3,w2_1,737,2.627875,1.0,10,,scalar_first_exact
pg-diskann,100000,3,w2_1,272,2.48875,1.0,10,,scalar_first_exact
pg-diskann,100000,3,w2_1,608,3.011916,1.0,10,,scalar_first_exact
pg-diskann,100000,3,w2_1,597,2.8465,1.0,10,,scalar_first_exact
pg-diskann,100000,3,w2_1,739,2.54175,1.0,10,,scalar_first_exact
pg-diskann,100000,3,w2_1,364,3.380208,1.0,10,,scalar_first_exact
pg-diskann,100000,3,w2_1,274,2.528,1.0,10,,scalar_first_exact
pg-diskann,100000,3,w2_1,230,2.634333,1.0,10,,scalar_first_exact
pg-diskann,100000,3,w2_1,564,2.54725,1.0,10,,scalar_first_exact
pg-diskann,100000,3,w2_1,881,2.749959,1.0,10,,scalar_first_exact
pg-diskann,100000,3,w2_1,344,2.390708,1.0,10,,scalar_first_exact
pg-diskann,100000,3,w2_1,394,3.225083,1.0,10,,scalar_first_exact
pg-diskann,100000,3,w2_1,673,2.654792,1.0,10,,scalar_first_exact
pg-diskann,100000,3,w2_1,724,2.484583,1.0,10,,scalar_first_exact
pg-diskann,100000,3,w2_1,602,2.407708,1.0,10,,scalar_first_exact
pg-diskann,100000,3,w2_1,964,1.722208,1.0,10,,scalar_first_exact
pg-diskann,100000,3,w2_1,328,2.368833,1.0,10,,scalar_first_exact
pg-diskann,100000,3,w2_1,316,2.323333,1.0,10,,scalar_first_exact
pg-diskann,100000,3,w2_1,495,2.751334,1.0,10,,scalar_first_exact
pg-diskann,100000,3,w2_1,266,2.732,1.0,10,,scalar_first_exact
pg-diskann,100000,3,w2_1,882,2.263875,1.0,10,,scalar_first_exact
pg-diskann,100000,3,w2_1,381,2.47175,1.0,10,,scalar_first_exact
pg-diskann,100000,3,w2_1,467,2.763875,1.0,10,,scalar_first_exact
pg-diskann,100000,3,w2_1,751,2.487291,1.0,10,,scalar_first_exact
pg-diskann,100000,3,w2_1,497,3.264542,1.0,10,,scalar_first_exact
pg-diskann,100000,3,w2_1,704,2.645042,1.0,10,,scalar_first_exact
pg-diskann,100000,3,w2_1,626,2.493584,1.0,10,,scalar_first_exact
pg-diskann,100000,3,w2_1,593,3.052375,1.0,10,,scalar_first_exact
pg-diskann,100000,3,w2_1,772,2.219333,1.0,10,,scalar_first_exact
pg-diskann,100000,3,w2_1,322,2.305292,1.0,10,,scalar_first_exact
pg-diskann,100000,3,w2_1,557,2.33825,1.0,10,,scalar_first_exact
pg-diskann,100000,3,w2_1,984,4.11775,1.0,10,,scalar_first_exact
pg-diskann,100000,3,w2_1,989,2.273042,1.0,10,,scalar_first_exact
pg-diskann,100000,3,w2_1,598,2.361042,1.0,10,,scalar_first_exact
pg-diskann,100000,3,w2_1,648,2.621208,1.0,10,,scalar_first_exact
pg-diskann,100000,3,w2_1,297,2.527917,1.0,10,,scalar_first_exact
pg-diskann,100000,3,w2_1,223,2.126666,1.0,10,,scalar_first_exact
pg-diskann,100000,3,w2_1,852,2.304333,1.0,10,,scalar_first_exact
pg-diskann,100000,3,w2_1,162,2.390583,1.0,10,,scalar_first_exact
pg-diskann,100000,3,w2_1,134,2.621291,1.0,10,,scalar_first_exact
pg-diskann,100000,3,w2_1,247,5.442542,1.0,10,,scalar_first_exact
pg-diskann,100000,3,w2_1,460,2.299417,1.0,10,,scalar_first_exact
pg-diskann,100000,3,w2_1,179,3.49075,1.0,10,,scalar_first_exact
pg-diskann,100000,3,w2_1,382,2.272584,1.0,10,,scalar_first_exact
pg-diskann,100000,3,w2_1,728,2.523167,1.0,10,,scalar_first_exact
pg-diskann,100000,3,w2_1,240,3.467916,1.0,10,,scalar_first_exact
pg-diskann,100000,3,w2_1,559,2.208334,1.0,10,,scalar_first_exact
pg-diskann,100000,3,w2_1,761,1.978208,1.0,10,,scalar_first_exact
pg-diskann,100000,3,w2_1,580,5.03475,1.0,10,,scalar_first_exact
pg-diskann,100000,3,w2_1,480,2.534375,1.0,10,,scalar_first_exact
pg-diskann,100000,3,w2_1,496,2.651334,1.0,10,,scalar_first_exact
pg-diskann,100000,3,w2_1,378,3.572834,1.0,10,,scalar_first_exact
pg-diskann,100000,3,w2_1,255,2.621333,1.0,10,,scalar_first_exact
pg-diskann,100000,3,w2_1,715,2.210417,1.0,10,,scalar_first_exact
pg-diskann,100000,3,w2_1,813,2.616667,1.0,10,,scalar_first_exact
pg-diskann,100000,3,w2_1,880,2.24925,1.0,10,,scalar_first_exact
pg-diskann,100000,3,w2_1,870,2.602083,1.0,10,,scalar_first_exact
pg-diskann,100000,3,w2_1,130,2.384916,1.0,10,,scalar_first_exact
pg-diskann,100000,3,w2_1,769,2.37675,1.0,10,,scalar_first_exact
pg-diskann,100000,3,w2_1,464,2.188625,1.0,10,,scalar_first_exact
pg-diskann,100000,3,w2_1,552,2.33525,1.0,10,,scalar_first_exact
pg-diskann,100000,3,w2_1,198,2.367583,1.0,10,,scalar_first_exact
pg-diskann,100000,3,w2_1,556,2.441666,1.0,10,,scalar_first_exact
pg-diskann,100000,3,w2_1,749,1.932417,1.0,10,,scalar_first_exact
pg-diskann,100000,3,w2_1,128,4.980209,1.0,10,,scalar_first_exact
pg-diskann,100000,3,w2_1,814,2.6285,1.0,10,,scalar_first_exact
pg-diskann,100000,3,w2_1,998,3.2445,1.0,10,,scalar_first_exact
pg-diskann,100000,3,w2_1,196,2.864083,1.0,10,,scalar_first_exact
pg-diskann,100000,3,w2_1,551,2.276583,1.0,10,,scalar_first_exact
pg-diskann,100000,3,w2_1,420,3.317833,1.0,10,,scalar_first_exact
pg-diskann,100000,3,w2_1,763,2.507166,1.0,10,,scalar_first_exact
pg-diskann,100000,3,w2_1,900,2.084083,1.0,10,,scalar_first_exact
pg-diskann,100000,3,w2_1,947,3.691125,1.0,10,,scalar_first_exact
pg-diskann,100000,3,w2_1,974,2.545666,1.0,10,,scalar_first_exact
pg-diskann,100000,3,w2_1,909,2.112958,1.0,10,,scalar_first_exact
pg-diskann,100000,3,w2_1,135,2.2025,1.0,10,,scalar_first_exact
pg-diskann,100000,3,w2_1,659,3.772584,1.0,10,,scalar_first_exact
pg-diskann,100000,3,w2_1,683,2.112875,1.0,10,,scalar_first_exact
pg-diskann,100000,3,w2_1,596,3.920708,1.0,10,,scalar_first_exact
pg-diskann,100000,3,w2_1,629,3.110334,1.0,10,,scalar_first_exact
pg-diskann,100000,3,w2_1,174,2.911209,1.0,10,,scalar_first_exact
pg-diskann,100000,3,w2_1,494,2.635042,1.0,10,,scalar_first_exact
pg-diskann,100000,3,w2_1,489,2.767791,1.0,10,,scalar_first_exact
pg-diskann,100000,3,w2_1,222,2.199875,1.0,10,,scalar_first_exact
pg-diskann,100000,3,w2_1,178,2.368542,1.0,10,,scalar_first_exact
pg-diskann,100000,3,w2_1,671,4.919,1.0,10,,scalar_first_exact
pg-diskann,100000,3,w2_1,893,5.542958,1.0,10,,scalar_first_exact
pg-diskann,100000,3,w2_1,472,2.531667,1.0,10,,scalar_first_exact
pg-diskann,100000,3,w2_1,166,3.306833,1.0,10,,scalar_first_exact
pg-diskann,100000,3,w2_1,103,2.802958,1.0,10,,scalar_first_exact
pg-diskann,100000,3,w2_1,276,2.852792,1.0,10,,scalar_first_exact
pg-diskann,100000,3,w2_1,873,3.412,1.0,10,,scalar_first_exact
pg-diskann,100000,3,w2_1,308,2.554625,1.0,10,,scalar_first_exact
pg-diskann,100000,3,w2_1,234,2.520291,1.0,10,,scalar_first_exact
pg-diskann,100000,3,w2_1,568,2.463666,1.0,10,,scalar_first_exact
pg-diskann,100000,3,w2_1,208,2.855917,1.0,10,,scalar_first_exact
pg-diskann,100000,3,w2_1,874,2.32975,1.0,10,,scalar_first_exact
pg-diskann,100000,3,w2_1,245,2.458291,1.0,10,,scalar_first_exact
pg-diskann,100000,3,w2_1,609,2.607042,1.0,10,,scalar_first_exact
pg-diskann,100000,3,w2_1,658,2.2005,1.0,10,,scalar_first_exact
pg-diskann,100000,3,w2_1,224,2.093666,1.0,10,,scalar_first_exact
pg-diskann,100000,3,w2_1,432,2.446542,1.0,10,,scalar_first_exact
pg-diskann,100000,3,w2_1,304,1.909667,1.0,10,,scalar_first_exact
pg-diskann,100000,3,w2_1,521,2.175125,1.0,10,,scalar_first_exact
pg-diskann,100000,3,w2_1,372,2.066333,1.0,10,,scalar_first_exact
pg-diskann,100000,3,w2_1,581,3.185166,1.0,10,,scalar_first_exact
pg-diskann,100000,3,w2_1,441,2.091958,1.0,10,,scalar_first_exact
pg-diskann,100000,3,w2_1,939,2.494375,1.0,10,,scalar_first_exact
pg-diskann,100000,3,w2_1,616,3.691084,1.0,10,,scalar_first_exact
pg-diskann,100000,3,w2_1,479,2.3905,1.0,10,,scalar_first_exact
pg-diskann,100000,3,w2_1,847,2.360458,1.0,10,,scalar_first_exact
pg-diskann,100000,3,w2_1,252,5.795916,1.0,10,,scalar_first_exact
pg-diskann,100000,3,w2_1,781,2.315416,1.0,10,,scalar_first_exact
pg-diskann,100000,3,w2_1,329,2.495125,1.0,10,,scalar_first_exact
pg-diskann,100000,3,w2_1,261,2.682292,1.0,10,,scalar_first_exact
pg-diskann,100000,3,w2_1,502,2.379291,1.0,10,,scalar_first_exact
pg-diskann,100000,3,w2_1,317,2.75275,1.0,10,,scalar_first_exact
pg-diskann,100000,3,w2_1,184,2.705041,1.0,10,,scalar_first_exact
pg-diskann,100000,3,w2_1,995,2.210208,1.0,10,,scalar_first_exact
pg-diskann,100000,3,w2_1,527,3.014792,1.0,10,,scalar_first_exact
pg-diskann,100000,3,w2_1,396,2.798833,1.0,10,,scalar_first_exact
pg-diskann,100000,3,w2_1,242,2.526708,1.0,10,,scalar_first_exact
pg-diskann,100000,3,w2_1,291,3.3285,1.0,10,,scalar_first_exact
pg-diskann,100000,3,w2_1,639,3.284708,1.0,10,,scalar_first_exact
pg-diskann,100000,3,w2_1,349,2.037208,1.0,10,,scalar_first_exact
pg-diskann,100000,3,w2_1,785,5.529458,1.0,10,,scalar_first_exact
pg-diskann,100000,3,w2_1,582,2.69675,1.0,10,,scalar_first_exact
pg-diskann,100000,3,w2_1,801,2.607875,1.0,10,,scalar_first_exact
pg-diskann,100000,3,w2_1,554,2.513084,1.0,10,,scalar_first_exact
pg-diskann,100000,3,w2_1,282,2.236292,1.0,10,,scalar_first_exact
pg-diskann,100000,3,w2_1,451,3.222834,1.0,10,,scalar_first_exact
pg-diskann,100000,3,w2_1,483,2.734916,1.0,10,,scalar_first_exact
pg-diskann,100000,3,w2_1,158,2.427875,1.0,10,,scalar_first_exact
pg-diskann,100000,3,w2_1,176,7.753667,1.0,10,,scalar_first_exact
pg-diskann,100000,3,w2_1,532,2.322,1.0,10,,scalar_first_exact
pg-diskann,100000,3,w2_1,405,2.494167,1.0,10,,scalar_first_exact
pg-diskann,100000,3,w2_1,957,2.651209,1.0,10,,scalar_first_exact
pg-diskann,100000,3,w2_1,400,2.601166,1.0,10,,scalar_first_exact
pg-diskann,100000,3,w2_1,861,3.092792,1.0,10,,scalar_first_exact
pg-diskann,100000,3,w2_1,177,5.985291,1.0,10,,scalar_first_exact
pg-diskann,100000,3,w2_1,205,5.535958,1.0,10,,scalar_first_exact
pg-diskann,100000,3,w2_1,465,3.68725,1.0,10,,scalar_first_exact
pg-diskann,100000,3,w2_1,849,2.9815,1.0,10,,scalar_first_exact
pg-diskann,100000,3,w2_1,864,2.450292,1.0,10,,scalar_first_exact
pg-diskann,100000,3,w2_1,930,4.914625,1.0,10,,scalar_first_exact
pg-diskann,100000,3,w2_1,236,2.40075,1.0,10,,scalar_first_exact
pg-diskann,100000,3,w2_1,456,2.070042,1.0,10,,scalar_first_exact
pg-diskann,100000,3,w2_1,762,2.393542,1.0,10,,scalar_first_exact
pg-diskann,100000,3,w2_1,793,2.536125,1.0,10,,scalar_first_exact
pg-diskann,100000,3,w2_1,449,2.622125,1.0,10,,scalar_first_exact
pg-diskann,100000,3,w2_1,434,2.855167,1.0,10,,scalar_first_exact
pg-diskann,100000,3,w2_1,929,1.89225,1.0,10,,scalar_first_exact
pg-diskann,100000,3,w2_1,486,2.202083,1.0,10,,scalar_first_exact
pg-diskann,100000,3,w2_1,229,2.908542,1.0,10,,scalar_first_exact
pg-diskann,100000,3,w2_1,917,2.792708,1.0,10,,scalar_first_exact
pg-diskann,100000,3,w2_1,848,2.55425,1.0,10,,scalar_first_exact
pg-diskann,100000,3,w2_1,561,3.115375,1.0,10,,scalar_first_exact
pg-diskann,100000,3,w2_1,755,2.288083,1.0,10,,scalar_first_exact
pg-diskann,100000,3,w2_1,359,2.358,1.0,10,,scalar_first_exact
pg-diskann,100000,3,w2_1,235,2.510667,1.0,10,,scalar_first_exact
pg-diskann,100000,3,w2_1,899,2.575792,1.0,10,,scalar_first_exact
pg-diskann,100000,3,w2_1,643,2.209875,1.0,10,,scalar_first_exact
pg-diskann,100000,3,w2_1,844,2.345541,1.0,10,,scalar_first_exact
pg-diskann,100000,3,w2_1,667,4.481625,1.0,10,,scalar_first_exact
pg-diskann,100000,3,w2_1,365,2.938166,1.0,10,,scalar_first_exact
pg-diskann,100000,3,w2_1,370,2.694916,1.0,10,,scalar_first_exact
pg-diskann,100000,3,w2_1,952,2.42025,1.0,10,,scalar_first_exact
pg-diskann,100000,3,w2_1,642,2.576458,1.0,10,,scalar_first_exact
pg-diskann,100000,3,w2_1,614,2.647625,1.0,10,,scalar_first_exact
pg-diskann,100000,3,w2_1,504,2.446458,1.0,10,,scalar_first_exact
pg-diskann,100000,3,w2_1,121,2.098167,1.0,10,,scalar_first_exact
pg-diskann,100000,3,w2_1,988,2.17025,1.0,10,,scalar_first_exact
pg-diskann,100000,3,w2_1,171,2.288792,1.0,10,,scalar_first_exact
pg-diskann,100000,3,w2_0_1,467,0.574375,1.0,10,,scalar_first_exact
pg-diskann,100000,3,w2_0_1,306,0.506416,1.0,10,,scalar_first_exact
pg-diskann,100000,3,w2_0_1,617,0.448791,1.0,10,,scalar_first_exact
pg-diskann,100000,3,w2_0_1,341,0.500833,1.0,10,,scalar_first_exact
pg-diskann,100000,3,w2_0_1,940,0.571334,1.0,10,,scalar_first_exact
pg-diskann,100000,3,w2_0_1,541,0.638125,1.0,10,,scalar_first_exact
pg-diskann,100000,3,w2_0_1,858,0.607375,1.0,10,,scalar_first_exact
pg-diskann,100000,3,w2_0_1,156,0.521125,1.0,10,,scalar_first_exact
pg-diskann,100000,3,w2_0_1,160,0.480625,1.0,10,,scalar_first_exact
pg-diskann,100000,3,w2_0_1,122,0.515708,1.0,10,,scalar_first_exact
pg-diskann,100000,3,w2_0_1,223,0.471375,1.0,10,,scalar_first_exact
pg-diskann,100000,3,w2_0_1,228,0.488958,1.0,10,,scalar_first_exact
pg-diskann,100000,3,w2_0_1,516,0.471667,1.0,10,,scalar_first_exact
pg-diskann,100000,3,w2_0_1,413,0.628333,1.0,10,,scalar_first_exact
pg-diskann,100000,3,w2_0_1,946,0.583333,1.0,10,,scalar_first_exact
pg-diskann,100000,3,w2_0_1,749,0.614541,1.0,10,,scalar_first_exact
pg-diskann,100000,3,w2_0_1,904,0.56975,1.0,10,,scalar_first_exact
pg-diskann,100000,3,w2_0_1,926,0.560583,1.0,10,,scalar_first_exact
pg-diskann,100000,3,w2_0_1,848,0.556,1.0,10,,scalar_first_exact
pg-diskann,100000,3,w2_0_1,435,0.656041,1.0,10,,scalar_first_exact
pg-diskann,100000,3,w2_0_1,963,0.591792,1.0,10,,scalar_first_exact
pg-diskann,100000,3,w2_0_1,468,0.599916,1.0,10,,scalar_first_exact
pg-diskann,100000,3,w2_0_1,877,0.66775,1.0,10,,scalar_first_exact
pg-diskann,100000,3,w2_0_1,274,0.677458,1.0,10,,scalar_first_exact
pg-diskann,100000,3,w2_0_1,972,0.725,1.0,10,,scalar_first_exact
pg-diskann,100000,3,w2_0_1,312,0.610291,1.0,10,,scalar_first_exact
pg-diskann,100000,3,w2_0_1,896,1.171834,1.0,10,,scalar_first_exact
pg-diskann,100000,3,w2_0_1,690,0.840958,1.0,10,,scalar_first_exact
pg-diskann,100000,3,w2_0_1,799,0.75575,1.0,10,,scalar_first_exact
pg-diskann,100000,3,w2_0_1,201,0.68325,1.0,10,,scalar_first_exact
pg-diskann,100000,3,w2_0_1,379,0.708541,1.0,10,,scalar_first_exact
pg-diskann,100000,3,w2_0_1,382,0.665875,1.0,10,,scalar_first_exact
pg-diskann,100000,3,w2_0_1,310,0.765792,1.0,10,,scalar_first_exact
pg-diskann,100000,3,w2_0_1,613,0.642792,1.0,10,,scalar_first_exact
pg-diskann,100000,3,w2_0_1,321,0.673083,1.0,10,,scalar_first_exact
pg-diskann,100000,3,w2_0_1,252,0.662083,1.0,10,,scalar_first_exact
pg-diskann,100000,3,w2_0_1,642,1.342292,1.0,10,,scalar_first_exact
pg-diskann,100000,3,w2_0_1,888,0.862875,1.0,10,,scalar_first_exact
pg-diskann,100000,3,w2_0_1,422,0.714334,1.0,10,,scalar_first_exact
pg-diskann,100000,3,w2_0_1,458,0.673125,1.0,10,,scalar_first_exact
pg-diskann,100000,3,w2_0_1,936,0.717875,1.0,10,,scalar_first_exact
pg-diskann,100000,3,w2_0_1,267,0.691125,1.0,10,,scalar_first_exact
pg-diskann,100000,3,w2_0_1,667,0.636958,1.0,10,,scalar_first_exact
pg-diskann,100000,3,w2_0_1,419,0.593666,1.0,10,,scalar_first_exact
pg-diskann,100000,3,w2_0_1,768,0.5855,1.0,10,,scalar_first_exact
pg-diskann,100000,3,w2_0_1,748,0.532541,1.0,10,,scalar_first_exact
pg-diskann,100000,3,w2_0_1,991,0.592,1.0,10,,scalar_first_exact
pg-diskann,100000,3,w2_0_1,614,0.537584,1.0,10,,scalar_first_exact
pg-diskann,100000,3,w2_0_1,279,1.273292,1.0,10,,scalar_first_exact
pg-diskann,100000,3,w2_0_1,553,0.658625,1.0,10,,scalar_first_exact
pg-diskann,100000,3,w2_0_1,856,0.987833,1.0,10,,scalar_first_exact
pg-diskann,100000,3,w2_0_1,182,0.617625,1.0,10,,scalar_first_exact
pg-diskann,100000,3,w2_0_1,580,2.237375,1.0,10,,scalar_first_exact
pg-diskann,100000,3,w2_0_1,148,0.70925,1.0,10,,scalar_first_exact
pg-diskann,100000,3,w2_0_1,302,0.513666,1.0,10,,scalar_first_exact
pg-diskann,100000,3,w2_0_1,842,0.534083,1.0,10,,scalar_first_exact
pg-diskann,100000,3,w2_0_1,188,1.738334,1.0,10,,scalar_first_exact
pg-diskann,100000,3,w2_0_1,561,0.821042,1.0,10,,scalar_first_exact
pg-diskann,100000,3,w2_0_1,273,0.632667,1.0,10,,scalar_first_exact
pg-diskann,100000,3,w2_0_1,381,0.498958,1.0,10,,scalar_first_exact
pg-diskann,100000,3,w2_0_1,950,0.506708,1.0,10,,scalar_first_exact
pg-diskann,100000,3,w2_0_1,527,0.537792,1.0,10,,scalar_first_exact
pg-diskann,100000,3,w2_0_1,571,0.511416,1.0,10,,scalar_first_exact
pg-diskann,100000,3,w2_0_1,512,0.504542,1.0,10,,scalar_first_exact
pg-diskann,100000,3,w2_0_1,401,0.580583,1.0,10,,scalar_first_exact
pg-diskann,100000,3,w2_0_1,952,0.500334,1.0,10,,scalar_first_exact
pg-diskann,100000,3,w2_0_1,943,0.612292,1.0,10,,scalar_first_exact
pg-diskann,100000,3,w2_0_1,142,0.442833,1.0,10,,scalar_first_exact
pg-diskann,100000,3,w2_0_1,644,0.559417,1.0,10,,scalar_first_exact
pg-diskann,100000,3,w2_0_1,318,0.549167,1.0,10,,scalar_first_exact
pg-diskann,100000,3,w2_0_1,923,3.622041,1.0,10,,scalar_first_exact
pg-diskann,100000,3,w2_0_1,683,0.6505,1.0,10,,scalar_first_exact
pg-diskann,100000,3,w2_0_1,995,0.672958,1.0,10,,scalar_first_exact
pg-diskann,100000,3,w2_0_1,303,0.705709,1.0,10,,scalar_first_exact
pg-diskann,100000,3,w2_0_1,873,0.595875,1.0,10,,scalar_first_exact
pg-diskann,100000,3,w2_0_1,442,0.681208,1.0,10,,scalar_first_exact
pg-diskann,100000,3,w2_0_1,246,0.630042,1.0,10,,scalar_first_exact
pg-diskann,100000,3,w2_0_1,197,0.535875,1.0,10,,scalar_first_exact
pg-diskann,100000,3,w2_0_1,378,2.057791,1.0,10,,scalar_first_exact
pg-diskann,100000,3,w2_0_1,998,0.782958,1.0,10,,scalar_first_exact
pg-diskann,100000,3,w2_0_1,165,0.512208,1.0,10,,scalar_first_exact
pg-diskann,100000,3,w2_0_1,513,0.612333,1.0,10,,scalar_first_exact
pg-diskann,100000,3,w2_0_1,333,0.5125,1.0,10,,scalar_first_exact
pg-diskann,100000,3,w2_0_1,466,1.045667,1.0,10,,scalar_first_exact
pg-diskann,100000,3,w2_0_1,833,0.651375,1.0,10,,scalar_first_exact
pg-diskann,100000,3,w2_0_1,492,0.57125,1.0,10,,scalar_first_exact
pg-diskann,100000,3,w2_0_1,129,0.575333,1.0,10,,scalar_first_exact
pg-diskann,100000,3,w2_0_1,395,0.616791,1.0,10,,scalar_first_exact
pg-diskann,100000,3,w2_0_1,469,1.868417,1.0,10,,scalar_first_exact
pg-diskann,100000,3,w2_0_1,456,0.63,1.0,10,,scalar_first_exact
pg-diskann,100000,3,w2_0_1,601,0.487291,1.0,10,,scalar_first_exact
pg-diskann,100000,3,w2_0_1,862,0.505083,1.0,10,,scalar_first_exact
pg-diskann,100000,3,w2_0_1,780,0.560584,1.0,10,,scalar_first_exact
pg-diskann,100000,3,w2_0_1,489,0.622708,1.0,10,,scalar_first_exact
pg-diskann,100000,3,w2_0_1,636,0.556667,1.0,10,,scalar_first_exact
pg-diskann,100000,3,w2_0_1,163,0.486709,1.0,10,,scalar_first_exact
pg-diskann,100000,3,w2_0_1,533,0.635333,1.0,10,,scalar_first_exact
pg-diskann,100000,3,w2_0_1,384,0.528291,1.0,10,,scalar_first_exact
pg-diskann,100000,3,w2_0_1,846,0.505375,1.0,10,,scalar_first_exact
pg-diskann,100000,3,w2_0_1,730,0.420833,1.0,10,,scalar_first_exact
pg-diskann,100000,3,w2_0_1,426,1.467542,1.0,10,,scalar_first_exact
pg-diskann,100000,3,w2_0_1,929,0.568209,1.0,10,,scalar_first_exact
pg-diskann,100000,3,w2_0_1,146,0.501542,1.0,10,,scalar_first_exact
pg-diskann,100000,3,w2_0_1,713,0.475334,1.0,10,,scalar_first_exact
pg-diskann,100000,3,w2_0_1,785,0.454083,1.0,10,,scalar_first_exact
pg-diskann,100000,3,w2_0_1,885,0.539667,1.0,10,,scalar_first_exact
pg-diskann,100000,3,w2_0_1,953,0.472667,1.0,10,,scalar_first_exact
pg-diskann,100000,3,w2_0_1,798,0.52425,1.0,10,,scalar_first_exact
pg-diskann,100000,3,w2_0_1,444,0.478417,1.0,10,,scalar_first_exact
pg-diskann,100000,3,w2_0_1,317,0.606333,1.0,10,,scalar_first_exact
pg-diskann,100000,3,w2_0_1,309,0.643834,1.0,10,,scalar_first_exact
pg-diskann,100000,3,w2_0_1,486,0.673209,1.0,10,,scalar_first_exact
pg-diskann,100000,3,w2_0_1,162,1.780709,1.0,10,,scalar_first_exact
pg-diskann,100000,3,w2_0_1,883,0.652542,1.0,10,,scalar_first_exact
pg-diskann,100000,3,w2_0_1,364,0.590417,1.0,10,,scalar_first_exact
pg-diskann,100000,3,w2_0_1,206,0.622708,1.0,10,,scalar_first_exact
pg-diskann,100000,3,w2_0_1,558,0.558875,1.0,10,,scalar_first_exact
pg-diskann,100000,3,w2_0_1,659,0.590125,1.0,10,,scalar_first_exact
pg-diskann,100000,3,w2_0_1,874,0.503042,1.0,10,,scalar_first_exact
pg-diskann,100000,3,w2_0_1,101,0.527209,1.0,10,,scalar_first_exact
pg-diskann,100000,3,w2_0_1,560,0.559833,1.0,10,,scalar_first_exact
pg-diskann,100000,3,w2_0_1,280,0.718916,1.0,10,,scalar_first_exact
pg-diskann,100000,3,w2_0_1,462,0.703041,1.0,10,,scalar_first_exact
pg-diskann,100000,3,w2_0_1,758,0.653708,1.0,10,,scalar_first_exact
pg-diskann,100000,3,w2_0_1,322,0.641333,1.0,10,,scalar_first_exact
pg-diskann,100000,3,w2_0_1,330,1.177375,1.0,10,,scalar_first_exact
pg-diskann,100000,3,w2_0_1,810,0.84175,1.0,10,,scalar_first_exact
pg-diskann,100000,3,w2_0_1,852,0.624459,1.0,10,,scalar_first_exact
pg-diskann,100000,3,w2_0_1,740,0.55525,1.0,10,,scalar_first_exact
pg-diskann,100000,3,w2_0_1,900,0.583458,1.0,10,,scalar_first_exact
pg-diskann,100000,3,w2_0_1,259,0.542583,1.0,10,,scalar_first_exact
pg-diskann,100000,3,w2_0_1,508,0.669,1.0,10,,scalar_first_exact
pg-diskann,100000,3,w2_0_1,524,0.597042,1.0,10,,scalar_first_exact
pg-diskann,100000,3,w2_0_1,402,0.613542,1.0,10,,scalar_first_exact
pg-diskann,100000,3,w2_0_1,475,0.610708,1.0,10,,scalar_first_exact
pg-diskann,100000,3,w2_0_1,596,0.642083,1.0,10,,scalar_first_exact
pg-diskann,100000,3,w2_0_1,745,0.607375,1.0,10,,scalar_first_exact
pg-diskann,100000,3,w2_0_1,224,1.076125,1.0,10,,scalar_first_exact
pg-diskann,100000,3,w2_0_1,276,0.802417,1.0,10,,scalar_first_exact
pg-diskann,100000,3,w2_0_1,618,0.642875,1.0,10,,scalar_first_exact
pg-diskann,100000,3,w2_0_1,461,0.62,1.0,10,,scalar_first_exact
pg-diskann,100000,3,w2_0_1,536,0.55025,1.0,10,,scalar_first_exact
pg-diskann,100000,3,w2_0_1,630,0.622166,1.0,10,,scalar_first_exact
pg-diskann,100000,3,w2_0_1,976,0.508041,1.0,10,,scalar_first_exact
pg-diskann,100000,3,w2_0_1,947,0.450959,1.0,10,,scalar_first_exact
pg-diskann,100000,3,w2_0_1,979,0.43275,1.0,10,,scalar_first_exact
pg-diskann,100000,3,w2_0_1,372,0.544542,1.0,10,,scalar_first_exact
pg-diskann,100000,3,w2_0_1,626,0.403541,1.0,10,,scalar_first_exact
pg-diskann,100000,3,w2_0_1,670,0.532458,1.0,10,,scalar_first_exact
pg-diskann,100000,3,w2_0_1,876,0.454834,1.0,10,,scalar_first_exact
pg-diskann,100000,3,w2_0_1,942,3.2915,1.0,10,,scalar_first_exact
pg-diskann,100000,3,w2_0_1,243,0.81075,1.0,10,,scalar_first_exact
pg-diskann,100000,3,w2_0_1,121,0.591625,1.0,10,,scalar_first_exact
pg-diskann,100000,3,w2_0_1,260,0.564541,1.0,10,,scalar_first_exact
pg-diskann,100000,3,w2_0_1,135,0.71375,1.0,10,,scalar_first_exact
pg-diskann,100000,3,w2_0_1,180,0.593125,1.0,10,,scalar_first_exact
pg-diskann,100000,3,w2_0_1,826,0.548917,1.0,10,,scalar_first_exact
pg-diskann,100000,3,w2_0_1,140,0.565875,1.0,10,,scalar_first_exact
pg-diskann,100000,3,w2_0_1,229,0.431709,1.0,10,,scalar_first_exact
pg-diskann,100000,3,w2_0_1,706,0.566,1.0,10,,scalar_first_exact
pg-diskann,100000,3,w2_0_1,890,0.551792,1.0,10,,scalar_first_exact
pg-diskann,100000,3,w2_0_1,237,0.585167,1.0,10,,scalar_first_exact
pg-diskann,100000,3,w2_0_1,902,0.472541,1.0,10,,scalar_first_exact
pg-diskann,100000,3,w2_0_1,539,0.600375,1.0,10,,scalar_first_exact
pg-diskann,100000,3,w2_0_1,472,0.582042,1.0,10,,scalar_first_exact
pg-diskann,100000,3,w2_0_1,370,0.51175,1.0,10,,scalar_first_exact
pg-diskann,100000,3,w2_0_1,189,0.634292,1.0,10,,scalar_first_exact
pg-diskann,100000,3,w2_0_1,398,0.587375,1.0,10,,scalar_first_exact
pg-diskann,100000,3,w2_0_1,226,0.631334,1.0,10,,scalar_first_exact
pg-diskann,100000,3,w2_0_1,355,0.736208,1.0,10,,scalar_first_exact
pg-diskann,100000,3,w2_0_1,702,0.548458,1.0,10,,scalar_first_exact
pg-diskann,100000,3,w2_0_1,951,0.600875,1.0,10,,scalar_first_exact
pg-diskann,100000,3,w2_0_1,141,0.627875,1.0,10,,scalar_first_exact
pg-diskann,100000,3,w2_0_1,198,0.471917,1.0,10,,scalar_first_exact
pg-diskann,100000,3,w2_0_1,901,0.53875,1.0,10,,scalar_first_exact
pg-diskann,100000,3,w2_0_1,358,0.514959,1.0,10,,scalar_first_exact
pg-diskann,100000,3,w2_0_1,407,0.457875,1.0,10,,scalar_first_exact
pg-diskann,100000,3,w2_0_1,820,0.582333,1.0,10,,scalar_first_exact
pg-diskann,100000,3,w2_0_1,525,0.578709,1.0,10,,scalar_first_exact
pg-diskann,100000,3,w2_0_1,126,0.524833,1.0,10,,scalar_first_exact
pg-diskann,100000,3,w2_0_1,676,0.687334,1.0,10,,scalar_first_exact
pg-diskann,100000,3,w2_0_1,278,0.510542,1.0,10,,scalar_first_exact
pg-diskann,100000,3,w2_0_1,738,0.906041,1.0,10,,scalar_first_exact
pg-diskann,100000,3,w2_0_1,573,0.595458,1.0,10,,scalar_first_exact
pg-diskann,100000,3,w2_0_1,336,0.4875,1.0,10,,scalar_first_exact
pg-diskann,100000,3,w2_0_1,346,0.449667,1.0,10,,scalar_first_exact
pg-diskann,100000,3,w2_0_1,911,0.532167,1.0,10,,scalar_first_exact
pg-diskann,100000,3,w2_0_1,269,0.544542,1.0,10,,scalar_first_exact
pg-diskann,100000,3,w2_0_1,712,1.1215,1.0,10,,scalar_first_exact
pg-diskann,100000,3,w2_0_1,295,0.590875,1.0,10,,scalar_first_exact
pg-diskann,100000,3,w2_0_1,607,0.548667,1.0,10,,scalar_first_exact
pg-diskann,100000,3,w2_0_1,172,0.552166,1.0,10,,scalar_first_exact
pg-diskann,100000,3,w2_0_1,217,0.513167,1.0,10,,scalar_first_exact
pg-diskann,100000,3,w2_0_1,753,0.457333,1.0,10,,scalar_first_exact
pg-diskann,100000,3,w2_0_1,599,0.52925,1.0,10,,scalar_first_exact
pg-diskann,100000,3,w2_0_1,955,0.540166,1.0,10,,scalar_first_exact
pg-diskann,100000,3,w2_0_1,193,0.50625,1.0,10,,scalar_first_exact
pg-diskann,100000,3,w2_0_1,649,0.520875,1.0,10,,scalar_first_exact
pg-diskann,100000,3,w2_0_1,485,0.505083,1.0,10,,scalar_first_exact
pg-diskann,100000,3,w2_0_1,531,0.517208,1.0,10,,scalar_first_exact
pg-diskann,100000,3,w2_0_1,941,0.505209,1.0,10,,scalar_first_exact
pg-diskann,100000,3,w2_0_1,150,0.5155,1.0,10,,scalar_first_exact
pg-diskann,100000,3,w2_0_1,762,0.532542,1.0,10,,scalar_first_exact
pg-diskann,100000,3,w2_0_1,117,1.083083,1.0,10,,scalar_first_exact
pg-diskann,100000,3,w2_0_1,989,0.657375,1.0,10,,scalar_first_exact
pg-diskann,100000,3,w2_0_1,590,0.599167,1.0,10,,scalar_first_exact
pg-diskann,100000,3,w2_0_1,473,0.643584,1.0,10,,scalar_first_exact
pg-diskann,100000,3,w2_0_1,945,0.550833,1.0,10,,scalar_first_exact
pg-diskann,100000,3,w2_0_1,496,0.66775,1.0,10,,scalar_first_exact
pg-diskann,100000,3,w2_0_1,822,0.678292,1.0,10,,scalar_first_exact
pg-diskann,100000,3,w2_0_1,689,0.639792,1.0,10,,scalar_first_exact
pg-diskann,100000,3,w2_0_1,948,0.596166,1.0,10,,scalar_first_exact
pg-diskann,100000,3,w2_0_1,577,0.609208,1.0,10,,scalar_first_exact
pg-diskann,100000,3,w2_0_1,954,0.564,1.0,10,,scalar_first_exact
pg-diskann,100000,3,w2_0_1,959,0.608,1.0,10,,scalar_first_exact
pg-diskann,100000,3,w2_0_1,282,2.197042,1.0,10,,scalar_first_exact
pg-diskann,100000,3,w2_0_1,555,0.761958,1.0,10,,scalar_first_exact
pg-diskann,100000,3,w2_0_1,125,0.819333,1.0,10,,scalar_first_exact
pg-diskann,100000,3,w2_0_1,405,0.482542,1.0,10,,scalar_first_exact
pg-diskann,100000,3,w2_0_1,674,0.559042,1.0,10,,scalar_first_exact
pg-diskann,100000,3,w2_0_1,687,0.823875,1.0,10,,scalar_first_exact
pg-diskann,100000,3,w2_0_1,629,0.524,1.0,10,,scalar_first_exact
pg-diskann,100000,3,w2_0_1,128,0.582667,1.0,10,,scalar_first_exact
pg-diskann,100000,3,w2_0_1,587,0.594083,1.0,10,,scalar_first_exact
pg-diskann,100000,3,w2_0_1,675,0.569125,1.0,10,,scalar_first_exact
pg-diskann,100000,3,w2_0_1,464,1.929083,1.0,10,,scalar_first_exact
pg-diskann,100000,3,w2_0_1,734,0.751,1.0,10,,scalar_first_exact
pg-diskann,100000,3,w2_0_1,802,0.604041,1.0,10,,scalar_first_exact
pg-diskann,100000,3,w2_0_1,432,0.598875,1.0,10,,scalar_first_exact
pg-diskann,100000,3,w2_0_1,673,0.594292,1.0,10,,scalar_first_exact
pg-diskann,100000,3,w2_0_1,521,0.522834,1.0,10,,scalar_first_exact
pg-diskann,100000,3,w2_0_1,236,0.548625,1.0,10,,scalar_first_exact
pg-diskann,100000,3,w2_0_1,207,0.52575,1.0,10,,scalar_first_exact
pg-diskann,100000,3,w2_0_1,579,0.587791,1.0,10,,scalar_first_exact
pg-diskann,100000,3,w2_0_1,895,0.5245,1.0,10,,scalar_first_exact
pg-diskann,100000,3,w2_0_1,108,0.55125,1.0,10,,scalar_first_exact
pg-diskann,100000,3,w2_0_1,263,0.627,1.0,10,,scalar_first_exact
pg-diskann,100000,3,w2_0_1,723,1.959541,1.0,10,,scalar_first_exact
pg-diskann,100000,3,w2_0_1,701,0.642583,1.0,10,,scalar_first_exact
pg-diskann,100000,3,w2_0_1,523,0.518917,1.0,10,,scalar_first_exact
pg-diskann,100000,3,w2_0_1,728,0.481875,1.0,10,,scalar_first_exact
pg-diskann,100000,3,w2_0_1,801,0.5685,1.0,10,,scalar_first_exact
pg-diskann,100000,3,w2_0_1,604,0.48225,1.0,10,,scalar_first_exact
pg-diskann,100000,3,w2_0_1,133,0.459334,1.0,10,,scalar_first_exact
pg-diskann,100000,3,w2_0_1,297,0.523583,1.0,10,,scalar_first_exact
pg-diskann,100000,3,w2_0_1,807,0.532541,1.0,10,,scalar_first_exact
pg-diskann,100000,3,w2_0_1,265,0.468333,1.0,10,,scalar_first_exact
pg-diskann,100000,3,w2_0_1,250,0.434584,1.0,10,,scalar_first_exact
pg-diskann,100000,3,w2_0_1,994,0.449334,1.0,10,,scalar_first_exact
pg-diskann,100000,3,w2_0_1,212,0.496542,1.0,10,,scalar_first_exact
pg-diskann,100000,3,w2_0_1,323,2.940833,1.0,10,,scalar_first_exact
pg-diskann,100000,3,w2_0_1,829,0.541458,1.0,10,,scalar_first_exact
pg-diskann,100000,3,w2_0_1,854,0.513625,1.0,10,,scalar_first_exact
pg-diskann,100000,3,w2_0_1,739,0.531625,1.0,10,,scalar_first_exact
pg-diskann,100000,3,w2_0_1,459,0.558959,1.0,10,,scalar_first_exact
pg-diskann,100000,3,w2_0_1,526,0.644125,1.0,10,,scalar_first_exact
pg-diskann,100000,3,w2_0_1,451,0.713291,1.0,10,,scalar_first_exact
pg-diskann,100000,3,w2_0_1,736,0.563791,1.0,10,,scalar_first_exact
pg-diskann,100000,3,w2_0_1,589,0.579542,1.0,10,,scalar_first_exact
pg-diskann,100000,3,w2_0_1,498,0.503208,1.0,10,,scalar_first_exact
pg-diskann,100000,3,w2_0_1,654,0.455917,1.0,10,,scalar_first_exact
pg-diskann,100000,3,w2_0_1,695,3.948709,1.0,10,,scalar_first_exact
pg-diskann,100000,3,w2_0_1,608,0.73325,1.0,10,,scalar_first_exact
pg-diskann,100000,3,w2_0_1,962,0.580625,1.0,10,,scalar_first_exact
pg-diskann,100000,3,w2_0_1,932,0.539833,1.0,10,,scalar_first_exact
pg-diskann,100000,3,w2_0_1,564,0.540792,1.0,10,,scalar_first_exact
pg-diskann,100000,3,w2_0_1,641,0.690875,1.0,10,,scalar_first_exact
pg-diskann,100000,3,w2_0_1,270,0.5585,1.0,10,,scalar_first_exact
pg-diskann,100000,3,w2_0_1,482,0.602834,1.0,10,,scalar_first_exact
pg-diskann,100000,3,w2_0_1,747,1.526333,1.0,10,,scalar_first_exact
pg-diskann,100000,3,w2_0_1,221,0.764333,1.0,10,,scalar_first_exact
pg-diskann,100000,3,w2_0_1,757,0.863792,1.0,10,,scalar_first_exact
pg-diskann,100000,3,w2_0_1,678,0.64875,1.0,10,,scalar_first_exact
pg-diskann,100000,3,w2_0_1,158,0.473833,1.0,10,,scalar_first_exact
pg-diskann,100000,3,w2_0_1,938,0.484,1.0,10,,scalar_first_exact
pg-diskann,100000,3,w2_0_1,710,0.616041,1.0,10,,scalar_first_exact
pg-diskann,100000,3,w2_0_1,939,0.599667,1.0,10,,scalar_first_exact
pg-diskann,100000,3,w2_0_1,795,0.59525,1.0,10,,scalar_first_exact
pg-diskann,100000,3,w2_0_1,714,0.528917,1.0,10,,scalar_first_exact
pg-diskann,100000,3,w2_0_1,583,0.576833,1.0,10,,scalar_first_exact
pg-diskann,100000,3,w2_0_1,211,2.90275,1.0,10,,scalar_first_exact
pg-diskann,100000,3,w2_0_1,756,0.885375,1.0,10,,scalar_first_exact
pg-diskann,100000,3,w2_0_1,796,0.567375,1.0,10,,scalar_first_exact
pg-diskann,100000,3,w2_0_1,319,0.5295,1.0,10,,scalar_first_exact
pg-diskann,100000,3,w2_0_1,722,0.436709,1.0,10,,scalar_first_exact
pg-diskann,100000,3,w2_0_1,937,0.57875,1.0,10,,scalar_first_exact
pg-diskann,100000,3,w2_0_1,202,0.464041,1.0,10,,scalar_first_exact
pg-diskann,100000,3,w2_0_1,806,0.423167,1.0,10,,scalar_first_exact
pg-diskann,100000,3,w2_0_1,429,0.593625,1.0,10,,scalar_first_exact
pg-diskann,100000,3,w2_0_1,184,0.721667,1.0,10,,scalar_first_exact
pg-diskann,100000,3,w2_0_1,427,0.504333,1.0,10,,scalar_first_exact
pg-diskann,100000,3,w2_0_1,357,2.412459,1.0,10,,scalar_first_exact
pg-diskann,100000,3,w2_0_1,406,0.693958,1.0,10,,scalar_first_exact
pg-diskann,100000,3,w2_0_1,251,0.594875,1.0,10,,scalar_first_exact
pg-diskann,100000,3,w2_0_1,823,0.527,1.0,10,,scalar_first_exact
pg-diskann,100000,3,w2_0_1,386,0.515458,1.0,10,,scalar_first_exact
pg-diskann,100000,3,w2_0_1,909,0.53,1.0,10,,scalar_first_exact
pg-diskann,100000,3,w2_0_1,460,0.521417,1.0,10,,scalar_first_exact
pg-diskann,100000,3,w2_0_1,353,0.442875,1.0,10,,scalar_first_exact
pg-diskann,100000,3,w2_0_1,383,0.560459,1.0,10,,scalar_first_exact
pg-diskann,100000,3,w2_0_1,652,0.440083,1.0,10,,scalar_first_exact
pg-diskann,100000,3,w2_0_1,841,0.433917,1.0,10,,scalar_first_exact
pg-diskann,100000,3,w2_0_1,759,2.719416,1.0,10,,scalar_first_exact
pg-diskann,100000,3,w2_0_1,891,0.804542,1.0,10,,scalar_first_exact
pg-diskann,100000,3,w2_0_1,454,0.683875,1.0,10,,scalar_first_exact
pg-diskann,100000,3,w2_0_1,660,0.428292,1.0,10,,scalar_first_exact
pg-diskann,100000,3,w2_0_1,168,0.485417,1.0,10,,scalar_first_exact
pg-diskann,100000,3,w2_0_1,463,0.431875,1.0,10,,scalar_first_exact
pg-diskann,100000,3,w2_0_1,850,0.447,1.0,10,,scalar_first_exact
pg-diskann,100000,3,w2_0_1,204,0.461709,1.0,10,,scalar_first_exact
pg-diskann,100000,3,w2_0_1,623,0.407583,1.0,10,,scalar_first_exact
pg-diskann,100000,3,w2_0_1,327,0.41675,1.0,10,,scalar_first_exact
pg-diskann,100000,3,w2_0_1,304,0.474833,1.0,10,,scalar_first_exact
pg-diskann,100000,3,w2_0_1,817,0.667417,1.0,10,,scalar_first_exact
pg-diskann,100000,3,w2_0_1,839,0.597125,1.0,10,,scalar_first_exact
pg-diskann,100000,3,w2_0_1,501,0.682833,1.0,10,,scalar_first_exact
pg-diskann,100000,3,w2_0_1,174,1.023708,1.0,10,,scalar_first_exact
pg-diskann,100000,3,w2_0_1,374,0.613334,1.0,10,,scalar_first_exact
pg-diskann,100000,3,w2_0_1,783,0.504084,1.0,10,,scalar_first_exact
pg-diskann,100000,3,w2_0_1,214,0.508125,1.0,10,,scalar_first_exact
pg-diskann,100000,3,w2_0_1,391,0.570083,1.0,10,,scalar_first_exact
pg-diskann,100000,3,w2_0_1,913,0.494042,1.0,10,,scalar_first_exact
pg-diskann,100000,3,w2_0_1,718,0.603375,1.0,10,,scalar_first_exact
pg-diskann,100000,3,w2_0_1,793,0.56675,1.0,10,,scalar_first_exact
pg-diskann,100000,3,w2_0_1,786,0.493541,1.0,10,,scalar_first_exact
pg-diskann,100000,3,w2_0_1,503,0.649,1.0,10,,scalar_first_exact
pg-diskann,100000,3,w2_0_1,385,0.507333,1.0,10,,scalar_first_exact
pg-diskann,100000,3,w2_0_1,816,3.100667,1.0,10,,scalar_first_exact
pg-diskann,100000,3,w2_0_1,832,0.930375,1.0,10,,scalar_first_exact
pg-diskann,100000,3,w2_0_1,658,0.940334,1.0,10,,scalar_first_exact
pg-diskann,100000,3,w2_0_1,615,0.606458,1.0,10,,scalar_first_exact
pg-diskann,100000,3,w2_0_1,892,0.549,1.0,10,,scalar_first_exact
pg-diskann,100000,3,w2_0_1,794,0.484416,1.0,10,,scalar_first_exact
pg-diskann,100000,3,w2_0_1,249,0.500417,1.0,10,,scalar_first_exact
pg-diskann,100000,3,w2_0_1,961,0.543667,1.0,10,,scalar_first_exact
pg-diskann,100000,3,w2_0_1,481,0.487,1.0,10,,scalar_first_exact
pg-diskann,100000,3,w2_0_1,474,0.708875,1.0,10,,scalar_first_exact
pg-diskann,100000,3,w2_0_1,483,2.263167,1.0,10,,scalar_first_exact
pg-diskann,100000,3,w2_0_1,320,0.583708,1.0,10,,scalar_first_exact
pg-diskann,100000,3,w2_0_1,284,0.734375,1.0,10,,scalar_first_exact
pg-diskann,100000,3,w2_0_1,277,0.740167,1.0,10,,scalar_first_exact
pg-diskann,100000,3,w2_0_1,699,0.60925,1.0,10,,scalar_first_exact
pg-diskann,100000,3,w2_0_1,314,0.537042,1.0,10,,scalar_first_exact
pg-diskann,100000,3,w2_0_1,534,0.576333,1.0,10,,scalar_first_exact
pg-diskann,100000,3,w2_0_1,232,0.56725,1.0,10,,scalar_first_exact
pg-diskann,100000,3,w2_0_1,495,0.518666,1.0,10,,scalar_first_exact
pg-diskann,100000,3,w2_0_1,258,0.65425,1.0,10,,scalar_first_exact
pg-diskann,100000,3,w2_0_1,804,3.665625,1.0,10,,scalar_first_exact
pg-diskann,100000,3,w2_0_1,781,0.612541,1.0,10,,scalar_first_exact
pg-diskann,100000,3,w2_0_1,778,0.674,1.0,10,,scalar_first_exact
pg-diskann,100000,3,w2_0_1,782,0.653375,1.0,10,,scalar_first_exact
pg-diskann,100000,3,w2_0_1,448,0.567958,1.0,10,,scalar_first_exact
pg-diskann,100000,3,w2_0_1,423,0.539541,1.0,10,,scalar_first_exact
pg-diskann,100000,3,w2_0_1,861,0.61325,1.0,10,,scalar_first_exact
pg-diskann,100000,3,w2_0_1,457,0.611459,1.0,10,,scalar_first_exact
pg-diskann,100000,3,w2_0_1,908,0.68875,1.0,10,,scalar_first_exact
pg-diskann,100000,3,w2_0_1,438,0.739417,1.0,10,,scalar_first_exact
pg-diskann,100000,3,w2_0_1,556,0.613584,1.0,10,,scalar_first_exact
pg-diskann,100000,3,w2_0_1,935,0.577625,1.0,10,,scalar_first_exact
pg-diskann,100000,3,w2_0_1,347,0.541541,1.0,10,,scalar_first_exact
pg-diskann,100000,3,w2_0_1,253,0.527167,1.0,10,,scalar_first_exact
pg-diskann,100000,3,w2_0_1,335,0.688333,1.0,10,,scalar_first_exact
pg-diskann,100000,3,w2_0_1,920,0.563333,1.0,10,,scalar_first_exact
pg-diskann,100000,3,w2_0_1,470,0.638125,1.0,10,,scalar_first_exact
pg-diskann,100000,3,w2_0_1,830,0.696084,1.0,10,,scalar_first_exact
pg-diskann,100000,3,w2_0_1,453,0.6975,1.0,10,,scalar_first_exact
pg-diskann,100000,3,w2_0_1,488,0.612875,1.0,10,,scalar_first_exact
pg-diskann,100000,3,w2_0_1,134,0.5065,1.0,10,,scalar_first_exact
pg-diskann,100000,3,w2_0_1,990,2.962666,1.0,10,,scalar_first_exact
pg-diskann,100000,3,w2_0_1,716,0.7265,1.0,10,,scalar_first_exact
pg-diskann,100000,3,w2_0_1,884,0.74175,1.0,10,,scalar_first_exact
pg-diskann,100000,3,w2_0_1,430,0.563875,1.0,10,,scalar_first_exact
pg-diskann,100000,3,w2_0_1,764,1.295666,1.0,10,,scalar_first_exact
pg-diskann,100000,3,w2_0_1,153,0.947625,1.0,10,,scalar_first_exact
pg-diskann,100000,3,w2_0_1,497,0.554875,1.0,10,,scalar_first_exact
pg-diskann,100000,3,w2_0_1,729,0.543791,1.0,10,,scalar_first_exact
pg-diskann,100000,3,w2_0_1,349,0.597041,1.0,10,,scalar_first_exact
pg-diskann,100000,3,w2_0_1,619,0.672875,1.0,10,,scalar_first_exact
pg-diskann,100000,3,w2_0_1,898,0.627292,1.0,10,,scalar_first_exact
pg-diskann,100000,3,w2_0_1,588,0.569208,1.0,10,,scalar_first_exact
pg-diskann,100000,3,w2_0_1,631,0.50275,1.0,10,,scalar_first_exact
pg-diskann,100000,3,w2_0_1,242,0.413708,1.0,10,,scalar_first_exact
pg-diskann,100000,3,w2_0_1,704,0.428125,1.0,10,,scalar_first_exact
pg-diskann,100000,3,w2_0_1,240,0.454417,1.0,10,,scalar_first_exact
pg-diskann,100000,3,w2_0_1,808,0.476583,1.0,10,,scalar_first_exact
pg-diskann,100000,3,w2_0_1,234,0.508084,1.0,10,,scalar_first_exact
pg-diskann,100000,3,w2_0_1,433,0.443125,1.0,10,,scalar_first_exact
pg-diskann,100000,3,w2_0_1,218,0.479125,1.0,10,,scalar_first_exact
pg-diskann,100000,3,w2_0_1,992,0.468625,1.0,10,,scalar_first_exact
pg-diskann,100000,3,w2_0_1,886,0.424791,1.0,10,,scalar_first_exact
pg-diskann,100000,3,w2_0_1,164,0.589583,1.0,10,,scalar_first_exact
pg-diskann,100000,3,w2_0_1,452,0.655167,1.0,10,,scalar_first_exact
pg-diskann,100000,3,w2_0_1,301,0.54125,1.0,10,,scalar_first_exact
pg-diskann,100000,3,w2_0_1,584,0.569416,1.0,10,,scalar_first_exact
pg-diskann,100000,3,w2_0_1,404,0.451,1.0,10,,scalar_first_exact
pg-diskann,100000,3,w2_0_1,476,0.494292,1.0,10,,scalar_first_exact
pg-diskann,100000,3,w2_0_1,261,0.497,1.0,10,,scalar_first_exact
pg-diskann,100000,3,w2_0_1,797,0.424584,1.0,10,,scalar_first_exact
pg-diskann,100000,3,w2_0_1,984,0.454458,1.0,10,,scalar_first_exact
pg-diskann,100000,3,w2_0_1,414,0.434875,1.0,10,,scalar_first_exact
pg-diskann,100000,3,w2_0_1,968,0.541709,1.0,10,,scalar_first_exact
pg-diskann,100000,3,w2_0_1,339,0.492458,1.0,10,,scalar_first_exact
pg-diskann,100000,3,w2_0_1,421,0.498667,1.0,10,,scalar_first_exact
pg-diskann,100000,3,w2_0_1,115,0.41275,1.0,10,,scalar_first_exact
pg-diskann,100000,3,w2_0_1,751,0.448959,1.0,10,,scalar_first_exact
pg-diskann,100000,3,w2_0_1,931,0.588,1.0,10,,scalar_first_exact
pg-diskann,100000,3,w2_0_1,380,0.447875,1.0,10,,scalar_first_exact
pg-diskann,100000,3,w2_0_1,845,0.51175,1.0,10,,scalar_first_exact
pg-diskann,100000,3,w2_0_1,912,0.945792,1.0,10,,scalar_first_exact
pg-diskann,100000,3,w2_0_1,183,0.571875,1.0,10,,scalar_first_exact
pg-diskann,100000,3,w2_0_1,465,0.558458,1.0,10,,scalar_first_exact
pg-diskann,100000,3,w2_0_1,552,0.539625,1.0,10,,scalar_first_exact
pg-diskann,100000,3,w2_0_1,735,0.545709,1.0,10,,scalar_first_exact
pg-diskann,100000,3,w2_0_1,867,0.504292,1.0,10,,scalar_first_exact
pg-diskann,100000,3,w2_0_1,247,0.418125,1.0,10,,scalar_first_exact
pg-diskann,100000,3,w2_0_1,933,0.457792,1.0,10,,scalar_first_exact
pg-diskann,100000,3,w2_0_1,977,0.580709,1.0,10,,scalar_first_exact
pg-diskann,100000,3,w2_0_1,770,0.522917,1.0,10,,scalar_first_exact
pg-diskann,100000,3,w2_0_1,116,0.576167,1.0,10,,scalar_first_exact
pg-diskann,100000,3,w2_0_1,528,0.658042,1.0,10,,scalar_first_exact
pg-diskann,100000,3,w2_0_1,107,0.581666,1.0,10,,scalar_first_exact
pg-diskann,100000,3,w2_0_1,684,0.621833,1.0,10,,scalar_first_exact
pg-diskann,100000,3,w2_0_1,868,2.323917,1.0,10,,scalar_first_exact
pg-diskann,100000,3,w2_0_1,819,0.937791,1.0,10,,scalar_first_exact
pg-diskann,100000,3,w2_0_1,345,1.274875,1.0,10,,scalar_first_exact
pg-diskann,100000,3,w2_0_1,787,0.808583,1.0,10,,scalar_first_exact
pg-diskann,100000,3,w2_0_1,191,0.598708,1.0,10,,scalar_first_exact
pg-diskann,100000,3,w2_0_1,110,0.528333,1.0,10,,scalar_first_exact
pg-diskann,100000,3,w2_0_1,887,0.553292,1.0,10,,scalar_first_exact
pg-diskann,100000,3,w2_0_1,326,0.55825,1.0,10,,scalar_first_exact
pg-diskann,100000,3,w2_0_1,537,0.535083,1.0,10,,scalar_first_exact
pg-diskann,100000,3,w2_0_1,755,0.525333,1.0,10,,scalar_first_exact
pg-diskann,100000,3,w2_0_1,682,1.758625,1.0,10,,scalar_first_exact
pg-diskann,100000,3,w2_0_1,881,0.742334,1.0,10,,scalar_first_exact
pg-diskann,100000,3,w2_0_1,445,0.741292,1.0,10,,scalar_first_exact
pg-diskann,100000,3,w2_0_1,593,0.509959,1.0,10,,scalar_first_exact
pg-diskann,100000,3,w2_0_1,719,0.60475,1.0,10,,scalar_first_exact
pg-diskann,100000,3,w2_0_1,865,0.535042,1.0,10,,scalar_first_exact
pg-diskann,100000,3,w2_0_1,393,0.572542,1.0,10,,scalar_first_exact
pg-diskann,100000,3,w2_0_1,195,0.448125,1.0,10,,scalar_first_exact
pg-diskann,100000,3,w2_0_1,519,0.471417,1.0,10,,scalar_first_exact
pg-diskann,100000,3,w2_0_1,392,0.513209,1.0,10,,scalar_first_exact
pg-diskann,100000,3,w2_0_1,664,0.548791,1.0,10,,scalar_first_exact
pg-diskann,100000,3,w2_0_1,616,0.529958,1.0,10,,scalar_first_exact
pg-diskann,100000,3,w2_0_1,818,3.577208,1.0,10,,scalar_first_exact
pg-diskann,100000,3,w2_0_1,679,0.879958,1.0,10,,scalar_first_exact
pg-diskann,100000,3,w2_0_1,230,0.603375,1.0,10,,scalar_first_exact
pg-diskann,100000,3,w2_0_1,915,0.672708,1.0,10,,scalar_first_exact
pg-diskann,100000,3,w2_0_1,293,0.61875,1.0,10,,scalar_first_exact
pg-diskann,100000,3,w2_0_1,562,0.522958,1.0,10,,scalar_first_exact
pg-diskann,100000,3,w2_0_1,620,3.422542,1.0,10,,scalar_first_exact
pg-diskann,100000,3,w2_0_1,921,0.657333,1.0,10,,scalar_first_exact
pg-diskann,100000,3,w2_0_1,151,0.522791,1.0,10,,scalar_first_exact
pg-diskann,100000,3,w2_0_1,194,0.587584,1.0,10,,scalar_first_exact
pg-diskann,100000,3,w2_0_1,298,0.7325,1.0,10,,scalar_first_exact
pg-diskann,100000,3,w2_0_1,351,0.800208,1.0,10,,scalar_first_exact
pg-diskann,100000,3,w2_0_1,879,0.630125,1.0,10,,scalar_first_exact
pg-diskann,100000,3,w2_0_1,691,0.585667,1.0,10,,scalar_first_exact
pg-diskann,100000,3,w2_0_1,337,0.541125,1.0,10,,scalar_first_exact
pg-diskann,100000,3,w2_0_1,332,0.540333,1.0,10,,scalar_first_exact
pg-diskann,100000,3,w2_0_1,733,0.472375,1.0,10,,scalar_first_exact
pg-diskann,100000,3,w2_0_1,741,1.721125,1.0,10,,scalar_first_exact
pg-diskann,100000,3,w2_0_1,390,0.731625,1.0,10,,scalar_first_exact
pg-diskann,100000,3,w2_0_1,750,0.677875,1.0,10,,scalar_first_exact
pg-diskann,100000,3,w2_0_1,167,0.702375,1.0,10,,scalar_first_exact
pg-diskann,100000,3,w2_0_1,836,0.673417,1.0,10,,scalar_first_exact
pg-diskann,100000,3,w2_0_1,377,0.870875,1.0,10,,scalar_first_exact
pg-diskann,100000,3,w2_0_1,102,0.776708,1.0,10,,scalar_first_exact
pg-diskann,100000,3,w2_0_1,958,0.819208,1.0,10,,scalar_first_exact
pg-diskann,100000,3,w2_0_1,763,1.889833,1.0,10,,scalar_first_exact
pg-diskann,100000,3,w2_0_1,360,0.793125,1.0,10,,scalar_first_exact
pg-diskann,100000,3,w2_0_1,145,0.65875,1.0,10,,scalar_first_exact
pg-diskann,100000,3,w2_0_1,576,2.380208,1.0,10,,scalar_first_exact
pg-diskann,100000,3,w2_0_1,155,1.155375,1.0,10,,scalar_first_exact
pg-diskann,100000,3,w2_0_1,471,0.83325,1.0,10,,scalar_first_exact
pg-diskann,100000,3,w2_0_1,771,0.689375,1.0,10,,scalar_first_exact
pg-diskann,100000,3,w2_0_1,514,0.568083,1.0,10,,scalar_first_exact
pg-diskann,100000,3,w2_0_1,983,0.699833,1.0,10,,scalar_first_exact
pg-diskann,100000,3,w2_0_1,709,0.826208,1.0,10,,scalar_first_exact
pg-diskann,100000,3,w2_0_1,222,0.695416,1.0,10,,scalar_first_exact
pg-diskann,100000,3,w2_0_1,215,0.5485,1.0,10,,scalar_first_exact
pg-diskann,100000,3,w2_0_1,111,0.500583,1.0,10,,scalar_first_exact
pg-diskann,100000,3,w2_0_1,136,0.50925,1.0,10,,scalar_first_exact
pg-diskann,100000,3,w2_0_1,814,0.612708,1.0,10,,scalar_first_exact
pg-diskann,100000,3,w2_0_1,696,0.695958,1.0,10,,scalar_first_exact
pg-diskann,100000,3,w2_0_1,244,0.594375,1.0,10,,scalar_first_exact
pg-diskann,100000,3,w2_0_1,288,0.619083,1.0,10,,scalar_first_exact
pg-diskann,100000,3,w2_0_1,255,0.764083,1.0,10,,scalar_first_exact
pg-diskann,100000,3,w2_0_1,910,0.852667,1.0,10,,scalar_first_exact
pg-diskann,100000,3,w2_0_1,262,0.735583,1.0,10,,scalar_first_exact
pg-diskann,100000,3,w2_0_1,985,0.7225,1.0,10,,scalar_first_exact
pg-diskann,100000,3,w2_0_1,824,0.6975,1.0,10,,scalar_first_exact
pg-diskann,100000,3,w2_0_1,254,0.820334,1.0,10,,scalar_first_exact
pg-diskann,100000,3,w2_0_1,870,0.662042,1.0,10,,scalar_first_exact
pg-diskann,100000,3,w2_0_1,788,0.602459,1.0,10,,scalar_first_exact
pg-diskann,100000,3,w2_0_1,746,0.538875,1.0,10,,scalar_first_exact
pg-diskann,100000,3,w2_0_1,354,0.499167,1.0,10,,scalar_first_exact
pg-diskann,100000,3,w2_0_1,289,0.6235,1.0,10,,scalar_first_exact
pg-diskann,100000,3,w2_0_1,371,0.616792,1.0,10,,scalar_first_exact
pg-diskann,100000,3,w2_0_1,581,0.891625,1.0,10,,scalar_first_exact
pg-diskann,100000,3,w2_0_1,907,0.706625,1.0,10,,scalar_first_exact
pg-diskann,100000,3,w2_0_1,241,0.735959,1.0,10,,scalar_first_exact
pg-diskann,100000,3,w2_0_1,863,0.969291,1.0,10,,scalar_first_exact
pg-diskann,100000,3,w2_0_1,554,0.709833,1.0,10,,scalar_first_exact
pg-diskann,100000,3,w2_0_1,956,0.671875,1.0,10,,scalar_first_exact
pg-diskann,100000,3,w2_0_1,960,0.567417,1.0,10,,scalar_first_exact
pg-diskann,100000,3,w2_0_1,732,0.481666,1.0,10,,scalar_first_exact
pg-diskann,100000,3,w2_0_1,965,0.705959,1.0,10,,scalar_first_exact
pg-diskann,100000,3,w2_0_1,144,0.684083,1.0,10,,scalar_first_exact
pg-diskann,100000,3,w2_0_1,487,0.583084,1.0,10,,scalar_first_exact
pg-diskann,100000,3,w2_0_1,715,0.582709,1.0,10,,scalar_first_exact
pg-diskann,100000,3,w2_0_1,663,0.779042,1.0,10,,scalar_first_exact
pg-diskann,100000,3,w2_0_1,744,0.489208,1.0,10,,scalar_first_exact
pg-diskann,100000,3,w2_0_1,220,2.332584,1.0,10,,scalar_first_exact
pg-diskann,100000,3,w2_0_1,792,0.877292,1.0,10,,scalar_first_exact
pg-diskann,100000,3,w2_0_1,988,0.794167,1.0,10,,scalar_first_exact
pg-diskann,100000,3,w2_0_1,784,0.519917,1.0,10,,scalar_first_exact
pg-diskann,100000,3,w2_0_1,209,0.559708,1.0,10,,scalar_first_exact
pg-diskann,100000,3,w2_0_1,575,0.551541,1.0,10,,scalar_first_exact
pg-diskann,100000,3,w2_0_1,388,0.597541,1.0,10,,scalar_first_exact
pg-diskann,100000,3,w2_0_1,373,0.613583,1.0,10,,scalar_first_exact
pg-diskann,100000,3,w2_0_1,477,0.643,1.0,10,,scalar_first_exact
pg-diskann,100000,3,w2_0_1,139,0.539875,1.0,10,,scalar_first_exact
pg-diskann,100000,3,w2_0_1,997,0.593,1.0,10,,scalar_first_exact
pg-diskann,100000,3,w2_0_1,178,5.111,1.0,10,,scalar_first_exact
pg-diskann,100000,3,w2_0_1,190,0.72925,1.0,10,,scalar_first_exact
pg-diskann,100000,3,w2_0_1,944,0.619375,1.0,10,,scalar_first_exact
pg-diskann,100000,3,w2_0_1,352,0.615625,1.0,10,,scalar_first_exact
pg-diskann,100000,3,w2_0_1,779,0.578666,1.0,10,,scalar_first_exact
pg-diskann,100000,3,w2_0_1,924,0.535,1.0,10,,scalar_first_exact
pg-diskann,100000,3,w2_0_1,268,2.204042,1.0,10,,scalar_first_exact
pg-diskann,100000,3,w2_0_1,340,0.585208,1.0,10,,scalar_first_exact
pg-diskann,100000,3,w2_0_1,692,0.629958,1.0,10,,scalar_first_exact
pg-diskann,100000,3,w2_0_1,681,0.508583,1.0,10,,scalar_first_exact
pg-diskann,100000,3,w2_0_1,396,0.537125,1.0,10,,scalar_first_exact
pg-diskann,100000,3,w2_0_1,417,0.371042,1.0,10,,scalar_first_exact
pg-diskann,100000,3,w2_0_1,800,0.543084,1.0,10,,scalar_first_exact
pg-diskann,100000,3,w2_0_1,930,0.559583,1.0,10,,scalar_first_exact
pg-diskann,100000,3,w2_0_1,439,0.661708,1.0,10,,scalar_first_exact
pg-diskann,100000,3,w2_0_1,752,0.639958,1.0,10,,scalar_first_exact
pg-diskann,100000,3,w2_0_1,707,0.473375,1.0,10,,scalar_first_exact
pg-diskann,100000,3,w2_0_1,720,3.639208,1.0,10,,scalar_first_exact
pg-diskann,100000,3,w2_0_1,811,1.185042,1.0,10,,scalar_first_exact
pg-diskann,100000,3,w2_0_1,685,0.559291,1.0,10,,scalar_first_exact
pg-diskann,100000,3,w2_0_1,517,0.550917,1.0,10,,scalar_first_exact
pg-diskann,100000,3,w2_0_1,520,0.478959,1.0,10,,scalar_first_exact
pg-diskann,100000,3,w2_0_1,894,0.622834,1.0,10,,scalar_first_exact
pg-diskann,100000,3,w2_0_1,727,0.6295,1.0,10,,scalar_first_exact
pg-diskann,100000,3,w2_0_1,546,0.575083,1.0,10,,scalar_first_exact
pg-diskann,100000,3,w2_0_1,200,0.553,1.0,10,,scalar_first_exact
pg-diskann,100000,3,w2_0_1,362,0.450416,1.0,10,,scalar_first_exact
pg-diskann,100000,3,w2_0_1,499,0.503167,1.0,10,,scalar_first_exact
pg-diskann,100000,3,w2_0_1,233,2.467458,1.0,10,,scalar_first_exact
pg-diskann,100000,3,w2_0_1,431,0.741875,1.0,10,,scalar_first_exact
pg-diskann,100000,3,w2_0_1,315,0.506208,1.0,10,,scalar_first_exact
pg-diskann,100000,3,w2_0_1,643,0.517208,1.0,10,,scalar_first_exact
pg-diskann,100000,3,w2_0_1,412,0.570541,1.0,10,,scalar_first_exact
pg-diskann,100000,3,w2_0_1,949,0.511041,1.0,10,,scalar_first_exact
pg-diskann,100000,3,w2_0_1,257,0.530125,1.0,10,,scalar_first_exact
pg-diskann,100000,3,w2_0_1,177,0.441584,1.0,10,,scalar_first_exact
pg-diskann,100000,3,w2_0_1,287,0.437792,1.0,10,,scalar_first_exact
pg-diskann,100000,3,w2_0_1,754,0.573417,1.0,10,,scalar_first_exact
pg-diskann,100000,3,w2_0_1,648,1.819834,1.0,10,,scalar_first_exact
pg-diskann,100000,3,w2_0_1,633,0.898041,1.0,10,,scalar_first_exact
pg-diskann,100000,3,w2_0_1,410,0.682833,1.0,10,,scalar_first_exact
pg-diskann,100000,3,w2_0_1,772,0.509083,1.0,10,,scalar_first_exact
pg-diskann,100000,3,w2_0_1,443,0.601917,1.0,10,,scalar_first_exact
pg-diskann,100000,3,w2_0_1,838,0.604833,1.0,10,,scalar_first_exact
pg-diskann,100000,3,w2_0_1,717,0.582291,1.0,10,,scalar_first_exact
pg-diskann,100000,3,w2_0_1,774,0.554375,1.0,10,,scalar_first_exact
pg-diskann,100000,3,w2_0_1,922,0.57425,1.0,10,,scalar_first_exact
pg-diskann,100000,3,w2_0_1,205,0.595083,1.0,10,,scalar_first_exact
pg-diskann,100000,3,w2_0_1,986,0.548167,1.0,10,,scalar_first_exact
pg-diskann,100000,3,w2_0_1,971,1.398042,1.0,10,,scalar_first_exact
pg-diskann,100000,3,w2_0_1,645,0.695834,1.0,10,,scalar_first_exact
pg-diskann,100000,3,w2_0_1,538,0.680625,1.0,10,,scalar_first_exact
pg-diskann,100000,3,w2_0_1,161,0.63625,1.0,10,,scalar_first_exact
pg-diskann,100000,3,w2_0_1,411,0.577792,1.0,10,,scalar_first_exact
pg-diskann,100000,3,w2_0_1,860,0.558917,1.0,10,,scalar_first_exact
pg-diskann,100000,3,w2_0_1,610,0.550541,1.0,10,,scalar_first_exact
pg-diskann,100000,3,w2_0_1,591,0.685583,1.0,10,,scalar_first_exact
pg-diskann,100000,3,w2_0_1,113,0.542625,1.0,10,,scalar_first_exact
pg-diskann,100000,3,w2_0_1,742,0.516959,1.0,10,,scalar_first_exact
pg-diskann,100000,3,w2_0_1,595,0.504708,1.0,10,,scalar_first_exact
pg-diskann,100000,3,w2_0_1,866,0.632333,1.0,10,,scalar_first_exact
pg-diskann,100000,3,w2_0_1,600,0.524666,1.0,10,,scalar_first_exact
pg-diskann,100000,3,w2_0_1,389,1.626708,1.0,10,,scalar_first_exact
pg-diskann,100000,3,w2_0_1,291,0.689792,1.0,10,,scalar_first_exact
pg-diskann,100000,3,w2_0_1,551,0.699292,1.0,10,,scalar_first_exact
pg-diskann,100000,3,w2_0_1,565,0.667125,1.0,10,,scalar_first_exact
pg-diskann,100000,3,w2_0_1,105,0.583917,1.0,10,,scalar_first_exact
pg-diskann,100000,3,w2_0_1,478,0.556583,1.0,10,,scalar_first_exact
pg-diskann,100000,3,w2_0_1,159,0.587667,1.0,10,,scalar_first_exact
pg-diskann,100000,3,w2_0_1,542,0.698458,1.0,10,,scalar_first_exact
pg-diskann,100000,3,w2_0_1,603,0.686208,1.0,10,,scalar_first_exact
pg-diskann,100000,3,w2_0_1,813,0.560334,1.0,10,,scalar_first_exact
pg-diskann,100000,3,w2_0_1,375,0.659708,1.0,10,,scalar_first_exact
pg-diskann,100000,3,w2_0_1,366,1.778667,1.0,10,,scalar_first_exact
pg-diskann,100000,3,w2_0_1,368,1.169083,1.0,10,,scalar_first_exact
pg-diskann,100000,3,w2_0_1,186,0.558541,1.0,10,,scalar_first_exact
pg-diskann,100000,3,w2_0_1,210,0.700375,1.0,10,,scalar_first_exact
pg-diskann,100000,3,w2_0_1,981,0.711291,1.0,10,,scalar_first_exact
pg-diskann,100000,3,w2_0_1,638,0.647208,1.0,10,,scalar_first_exact
pg-diskann,100000,3,w2_0_1,688,0.631042,1.0,10,,scalar_first_exact
pg-diskann,100000,3,w2_0_1,103,0.546958,1.0,10,,scalar_first_exact
pg-diskann,100000,3,w2_0_1,185,0.492708,1.0,10,,scalar_first_exact
pg-diskann,100000,3,w2_0_1,540,0.591791,1.0,10,,scalar_first_exact
pg-diskann,100000,3,w2_0_1,535,4.987333,1.0,10,,scalar_first_exact
pg-diskann,100000,3,w2_0_1,157,0.642,1.0,10,,scalar_first_exact
pg-diskann,100000,3,w2_0_1,515,0.557458,1.0,10,,scalar_first_exact
pg-diskann,100000,3,w2_0_1,647,0.456167,1.0,10,,scalar_first_exact
pg-diskann,100000,3,w2_0_1,828,0.597417,1.0,10,,scalar_first_exact
pg-diskann,100000,3,w2_0_1,112,0.487875,1.0,10,,scalar_first_exact
pg-diskann,100000,3,w2_0_1,974,0.562625,1.0,10,,scalar_first_exact
pg-diskann,100000,3,w2_0_1,889,1.365833,1.0,10,,scalar_first_exact
pg-diskann,100000,3,w2_0_1,899,0.848917,1.0,10,,scalar_first_exact
pg-diskann,100000,3,w2_0_1,275,0.66275,1.0,10,,scalar_first_exact
pg-diskann,100000,3,w2_0_1,864,0.578166,1.0,10,,scalar_first_exact
pg-diskann,100000,3,w2_0_1,166,0.757375,1.0,10,,scalar_first_exact
pg-diskann,100000,3,w2_0_1,743,0.51525,1.0,10,,scalar_first_exact
pg-diskann,100000,3,w2_0_1,966,0.496,1.0,10,,scalar_first_exact
pg-diskann,100000,3,w2_0_1,256,0.542917,1.0,10,,scalar_first_exact
pg-diskann,100000,3,w2_0_1,328,0.549833,1.0,10,,scalar_first_exact
pg-diskann,100000,3,w2_0_1,114,0.433584,1.0,10,,scalar_first_exact
pg-diskann,100000,3,w2_0_1,408,0.5135,1.0,10,,scalar_first_exact
pg-diskann,100000,3,w2_0_1,493,0.493292,1.0,10,,scalar_first_exact
pg-diskann,100000,3,w2_0_1,316,0.628292,1.0,10,,scalar_first_exact
pg-diskann,100000,3,w2_0_1,705,1.171,1.0,10,,scalar_first_exact
pg-diskann,100000,3,w2_0_1,149,0.883833,1.0,10,,scalar_first_exact
pg-diskann,100000,3,w2_0_1,272,0.64375,1.0,10,,scalar_first_exact
pg-diskann,100000,3,w2_0_1,131,0.682916,1.0,10,,scalar_first_exact
pg-diskann,100000,3,w2_0_1,397,0.569959,1.0,10,,scalar_first_exact
pg-diskann,100000,3,w2_0_1,578,0.563292,1.0,10,,scalar_first_exact
pg-diskann,100000,3,w2_0_1,880,0.512875,1.0,10,,scalar_first_exact
pg-diskann,100000,3,w2_0_1,637,0.681417,1.0,10,,scalar_first_exact
pg-diskann,100000,3,w2_0_1,450,0.595209,1.0,10,,scalar_first_exact
pg-diskann,100000,3,w2_0_1,928,0.545,1.0,10,,scalar_first_exact
pg-diskann,100000,3,w2_0_1,522,0.605416,1.0,10,,scalar_first_exact
pg-diskann,100000,3,w2_0_1,980,2.400625,1.0,10,,scalar_first_exact
pg-diskann,100000,3,w2_0_1,308,0.744666,1.0,10,,scalar_first_exact
pg-diskann,100000,3,w2_0_1,893,0.588167,1.0,10,,scalar_first_exact
pg-diskann,100000,3,w2_0_1,484,0.678541,1.0,10,,scalar_first_exact
pg-diskann,100000,3,w2_0_1,428,0.583042,1.0,10,,scalar_first_exact
pg-diskann,100000,3,w2_0_1,559,0.667875,1.0,10,,scalar_first_exact
pg-diskann,100000,3,w2_0_1,680,0.624791,1.0,10,,scalar_first_exact
pg-diskann,100000,3,w2_0_1,982,0.57125,1.0,10,,scalar_first_exact
pg-diskann,100000,3,w2_0_1,506,0.661875,1.0,10,,scalar_first_exact
pg-diskann,100000,3,w2_0_1,914,0.512375,1.0,10,,scalar_first_exact
pg-diskann,100000,3,w2_0_1,849,0.439625,1.0,10,,scalar_first_exact
pg-diskann,100000,3,w2_0_1,815,0.441542,1.0,10,,scalar_first_exact
pg-diskann,100000,3,w2_0_1,835,0.53925,1.0,10,,scalar_first_exact
pg-diskann,100000,3,w2_0_1,425,0.499209,1.0,10,,scalar_first_exact
pg-diskann,100000,3,w2_0_1,480,0.543208,1.0,10,,scalar_first_exact
pg-diskann,100000,3,w2_0_1,446,0.4685,1.0,10,,scalar_first_exact
pg-diskann,100000,3,w2_0_1,294,0.835,1.0,10,,scalar_first_exact
pg-diskann,100000,3,w2_0_1,313,1.55375,1.0,10,,scalar_first_exact
pg-diskann,100000,3,w2_0_1,672,0.625917,1.0,10,,scalar_first_exact
pg-diskann,100000,3,w2_0_1,203,0.609833,1.0,10,,scalar_first_exact
pg-diskann,100000,3,w2_0_1,569,0.595167,1.0,10,,scalar_first_exact
pg-diskann,100000,3,w2_0_1,440,0.48325,1.0,10,,scalar_first_exact
pg-diskann,100000,3,w2_0_1,996,0.513375,1.0,10,,scalar_first_exact
pg-diskann,100000,3,w2_0_1,169,0.529542,1.0,10,,scalar_first_exact
pg-diskann,100000,3,w2_0_1,100,2.340625,1.0,10,,scalar_first_exact
pg-diskann,100000,3,w2_0_1,544,0.796084,1.0,10,,scalar_first_exact
pg-diskann,100000,3,w2_0_1,361,0.576792,1.0,10,,scalar_first_exact
pg-diskann,100000,3,w2_0_1,917,0.582166,1.0,10,,scalar_first_exact
pg-diskann,100000,3,w2_0_1,424,0.5945,1.0,10,,scalar_first_exact
pg-diskann,100000,3,w2_0_1,975,0.574458,1.0,10,,scalar_first_exact
pg-diskann,100000,3,w2_0_1,686,0.656542,1.0,10,,scalar_first_exact
pg-diskann,100000,3,w2_0_1,154,0.658917,1.0,10,,scalar_first_exact
pg-diskann,100000,3,w2_0_1,532,0.544791,1.0,10,,scalar_first_exact
pg-diskann,100000,3,w2_0_1,827,0.686167,1.0,10,,scalar_first_exact
pg-diskann,100000,3,w2_0_1,825,1.270167,1.0,10,,scalar_first_exact
pg-diskann,100000,3,w2_0_1,805,0.625,1.0,10,,scalar_first_exact
pg-diskann,100000,3,w2_0_1,666,0.563167,1.0,10,,scalar_first_exact
pg-diskann,100000,3,w2_0_1,634,0.599291,1.0,10,,scalar_first_exact
pg-diskann,100000,3,w2_0_1,231,0.590875,1.0,10,,scalar_first_exact
pg-diskann,100000,3,w2_0_1,612,0.466,1.0,10,,scalar_first_exact
pg-diskann,100000,3,w2_0_1,271,0.448792,1.0,10,,scalar_first_exact
pg-diskann,100000,3,w2_0_1,325,0.520125,1.0,10,,scalar_first_exact
pg-diskann,100000,3,w2_0_1,844,0.674292,1.0,10,,scalar_first_exact
pg-diskann,100000,3,w2_0_1,311,0.588583,1.0,10,,scalar_first_exact
pg-diskann,100000,3,w2_0_1,208,0.479666,1.0,10,,scalar_first_exact
pg-diskann,100000,3,w2_0_1,831,0.533,1.0,10,,scalar_first_exact
pg-diskann,100000,3,w2_0_1,518,1.087042,1.0,10,,scalar_first_exact
pg-diskann,100000,3,w2_0_1,563,1.602209,1.0,10,,scalar_first_exact
pg-diskann,100000,3,w2_0_1,219,0.688834,1.0,10,,scalar_first_exact
pg-diskann,100000,3,w2_0_1,264,0.539875,1.0,10,,scalar_first_exact
pg-diskann,100000,3,w2_0_1,547,0.550666,1.0,10,,scalar_first_exact
pg-diskann,100000,3,w2_0_1,479,0.484542,1.0,10,,scalar_first_exact
pg-diskann,100000,3,w2_0_1,602,0.560541,1.0,10,,scalar_first_exact
pg-diskann,100000,3,w2_0_1,657,0.511375,1.0,10,,scalar_first_exact
pg-diskann,100000,3,w2_0_1,789,0.629542,1.0,10,,scalar_first_exact
pg-diskann,100000,3,w2_0_1,635,0.692959,1.0,10,,scalar_first_exact
pg-diskann,100000,3,w2_0_1,132,0.498875,1.0,10,,scalar_first_exact
pg-diskann,100000,3,w2_0_1,775,0.617334,1.0,10,,scalar_first_exact
pg-diskann,100000,3,w2_0_1,350,0.52325,1.0,10,,scalar_first_exact
pg-diskann,100000,3,w2_0_1,505,5.095042,1.0,10,,scalar_first_exact
pg-diskann,100000,3,w2_0_1,777,0.909667,1.0,10,,scalar_first_exact
pg-diskann,100000,3,w2_0_1,296,0.679958,1.0,10,,scalar_first_exact
pg-diskann,100000,3,w2_0_1,791,0.511625,1.0,10,,scalar_first_exact
pg-diskann,100000,3,w2_0_1,409,0.5305,1.0,10,,scalar_first_exact
pg-diskann,100000,3,w2_0_1,530,0.488833,1.0,10,,scalar_first_exact
pg-diskann,100000,3,w2_0_1,199,0.735125,1.0,10,,scalar_first_exact
pg-diskann,100000,3,w2_0_1,878,0.559334,1.0,10,,scalar_first_exact
pg-diskann,100000,3,w2_0_1,731,0.793292,1.0,10,,scalar_first_exact
pg-diskann,100000,3,w2_0_1,285,0.5215,1.0,10,,scalar_first_exact
pg-diskann,100000,3,w2_0_1,415,0.521667,1.0,10,,scalar_first_exact
pg-diskann,100000,3,w2_0_1,511,0.498542,1.0,10,,scalar_first_exact
pg-diskann,100000,3,w2_0_1,694,0.530459,1.0,10,,scalar_first_exact
pg-diskann,100000,3,w2_0_1,970,0.580875,1.0,10,,scalar_first_exact
pg-diskann,100000,3,w2_0_1,567,0.558875,1.0,10,,scalar_first_exact
pg-diskann,100000,3,w2_0_1,529,0.568292,1.0,10,,scalar_first_exact
pg-diskann,100000,3,w2_0_1,235,0.499375,1.0,10,,scalar_first_exact
pg-diskann,100000,3,w2_0_1,594,0.581792,1.0,10,,scalar_first_exact
pg-diskann,100000,3,w2_0_1,726,0.646583,1.0,10,,scalar_first_exact
pg-diskann,100000,3,w2_0_1,238,0.732125,1.0,10,,scalar_first_exact
pg-diskann,100000,3,w2_0_1,403,1.19375,1.0,10,,scalar_first_exact
pg-diskann,100000,3,w2_0_1,502,0.78125,1.0,10,,scalar_first_exact
pg-diskann,100000,3,w2_0_1,765,0.53325,1.0,10,,scalar_first_exact
pg-diskann,100000,3,w2_0_1,668,0.554,1.0,10,,scalar_first_exact
pg-diskann,100000,3,w2_0_1,225,0.610791,1.0,10,,scalar_first_exact
pg-diskann,100000,3,w2_0_1,455,0.552584,1.0,10,,scalar_first_exact
pg-diskann,100000,3,w2_0_1,964,0.50725,1.0,10,,scalar_first_exact
pg-diskann,100000,3,w2_0_1,181,0.560584,1.0,10,,scalar_first_exact
pg-diskann,100000,3,w2_0_1,504,0.589292,1.0,10,,scalar_first_exact
pg-diskann,100000,3,w2_0_1,919,0.525584,1.0,10,,scalar_first_exact
pg-diskann,100000,3,w2_0_1,698,0.870125,1.0,10,,scalar_first_exact
pg-diskann,100000,3,w2_0_1,821,2.553166,1.0,10,,scalar_first_exact
pg-diskann,100000,3,w2_0_1,987,0.723917,1.0,10,,scalar_first_exact
pg-diskann,100000,3,w2_0_1,572,1.041542,1.0,10,,scalar_first_exact
pg-diskann,100000,3,w2_0_1,621,0.646042,1.0,10,,scalar_first_exact
pg-diskann,100000,3,w2_0_1,725,0.606291,1.0,10,,scalar_first_exact
pg-diskann,100000,3,w2_0_1,109,0.687334,1.0,10,,scalar_first_exact
pg-diskann,100000,3,w2_0_1,400,0.629,1.0,10,,scalar_first_exact
pg-diskann,100000,3,w2_0_1,721,0.609083,1.0,10,,scalar_first_exact
pg-diskann,100000,3,w2_0_1,216,0.680459,1.0,10,,scalar_first_exact
pg-diskann,100000,3,w2_0_1,510,0.755708,1.0,10,,scalar_first_exact
pg-diskann,100000,3,w2_0_1,509,1.452416,1.0,10,,scalar_first_exact
pg-diskann,100000,3,w2_0_1,213,0.643583,1.0,10,,scalar_first_exact
pg-diskann,100000,3,w2_0_1,957,0.685459,1.0,10,,scalar_first_exact
pg-diskann,100000,3,w2_0_1,857,0.610709,1.0,10,,scalar_first_exact
pg-diskann,100000,3,w2_0_1,574,0.661041,1.0,10,,scalar_first_exact
pg-diskann,100000,3,w2_0_1,882,0.569708,1.0,10,,scalar_first_exact
pg-diskann,100000,3,w2_0_1,875,0.651333,1.0,10,,scalar_first_exact
pg-diskann,100000,3,w2_0_1,622,0.612625,1.0,10,,scalar_first_exact
pg-diskann,100000,3,w2_0_1,173,0.592834,1.0,10,,scalar_first_exact
pg-diskann,100000,3,w2_0_1,656,0.594916,1.0,10,,scalar_first_exact
pg-diskann,100000,3,w2_0_1,359,0.503125,1.0,10,,scalar_first_exact
pg-diskann,100000,3,w2_0_1,598,1.603334,1.0,10,,scalar_first_exact
pg-diskann,100000,3,w2_0_1,834,0.573666,1.0,10,,scalar_first_exact
pg-diskann,100000,3,w2_0_1,570,0.523833,1.0,10,,scalar_first_exact
pg-diskann,100000,3,w2_0_1,773,0.707791,1.0,10,,scalar_first_exact
pg-diskann,100000,3,w2_0_1,597,0.999583,1.0,10,,scalar_first_exact
pg-diskann,100000,3,w2_0_1,662,0.676125,1.0,10,,scalar_first_exact
pg-diskann,100000,3,w2_0_1,724,0.657875,1.0,10,,scalar_first_exact
pg-diskann,100000,3,w2_0_1,290,0.656084,1.0,10,,scalar_first_exact
pg-diskann,100000,3,w2_0_1,147,0.589084,1.0,10,,scalar_first_exact
pg-diskann,100000,3,w2_0_1,697,0.632917,1.0,10,,scalar_first_exact
pg-diskann,100000,3,w2_0_1,760,0.557208,1.0,10,,scalar_first_exact
pg-diskann,100000,3,w2_0_1,628,1.722041,1.0,10,,scalar_first_exact
pg-diskann,100000,3,w2_0_1,239,1.077375,1.0,10,,scalar_first_exact
pg-diskann,100000,3,w2_0_1,769,0.659625,1.0,10,,scalar_first_exact
pg-diskann,100000,3,w2_0_1,266,0.489708,1.0,10,,scalar_first_exact
pg-diskann,100000,3,w2_0_1,436,0.554125,1.0,10,,scalar_first_exact
pg-diskann,100000,3,w2_0_1,305,0.596042,1.0,10,,scalar_first_exact
pg-diskann,100000,3,w2_0_1,906,0.551292,1.0,10,,scalar_first_exact
pg-diskann,100000,3,w2_0_1,661,0.576792,1.0,10,,scalar_first_exact
pg-diskann,100000,3,w2_0_1,292,0.671416,1.0,10,,scalar_first_exact
pg-diskann,100000,3,w2_0_1,543,0.533833,1.0,10,,scalar_first_exact
pg-diskann,100000,3,w2_0_1,605,0.49725,1.0,10,,scalar_first_exact
pg-diskann,100000,3,w2_0_1,500,2.197291,1.0,10,,scalar_first_exact
pg-diskann,100000,3,w2_0_1,545,0.594334,1.0,10,,scalar_first_exact
pg-diskann,100000,3,w2_0_1,655,0.5485,1.0,10,,scalar_first_exact
pg-diskann,100000,3,w2_0_1,853,0.859,1.0,10,,scalar_first_exact
pg-diskann,100000,3,w2_0_1,905,1.329791,1.0,10,,scalar_first_exact
pg-diskann,100000,3,w2_0_1,627,0.863375,1.0,10,,scalar_first_exact
pg-diskann,100000,3,w2_0_1,872,0.756375,1.0,10,,scalar_first_exact
pg-diskann,100000,3,w2_0_1,700,0.693583,1.0,10,,scalar_first_exact
pg-diskann,100000,3,w2_0_1,343,4.565334,1.0,10,,scalar_first_exact
pg-diskann,100000,3,w2_0_1,179,0.7415,1.0,10,,scalar_first_exact
pg-diskann,100000,3,w2_0_1,248,0.699625,1.0,10,,scalar_first_exact
pg-diskann,100000,3,w2_0_1,646,0.570375,1.0,10,,scalar_first_exact
pg-diskann,100000,3,w2_0_1,651,0.642,1.0,10,,scalar_first_exact
pg-diskann,100000,3,w2_0_1,918,0.606,1.0,10,,scalar_first_exact
pg-diskann,100000,3,w2_0_1,449,0.486834,1.0,10,,scalar_first_exact
pg-diskann,100000,3,w2_0_1,650,0.593125,1.0,10,,scalar_first_exact
pg-diskann,100000,3,w2_0_1,677,1.647667,1.0,10,,scalar_first_exact
pg-diskann,100000,3,w2_0_1,420,0.859292,1.0,10,,scalar_first_exact
pg-diskann,100000,3,w2_0_1,611,0.575125,1.0,10,,scalar_first_exact
pg-diskann,100000,3,w2_0_1,847,0.507583,1.0,10,,scalar_first_exact
pg-diskann,100000,3,w2_0_1,557,0.546375,1.0,10,,scalar_first_exact
pg-diskann,100000,3,w2_0_1,568,0.532583,1.0,10,,scalar_first_exact
pg-diskann,100000,3,w2_0_1,809,0.599875,1.0,10,,scalar_first_exact
pg-diskann,100000,3,w2_0_1,369,0.7355,1.0,10,,scalar_first_exact
pg-diskann,100000,3,w2_0_1,394,0.549958,1.0,10,,scalar_first_exact
pg-diskann,100000,3,w2_0_1,766,0.670917,1.0,10,,scalar_first_exact
pg-diskann,100000,3,w2_0_1,969,0.658208,1.0,10,,scalar_first_exact
pg-diskann,100000,3,w2_0_1,693,0.688417,1.0,10,,scalar_first_exact
pg-diskann,100000,3,w2_0_1,130,0.617042,1.0,10,,scalar_first_exact
pg-diskann,100000,3,w2_0_1,837,0.897417,1.0,10,,scalar_first_exact
pg-diskann,100000,3,w2_0_1,978,1.875125,1.0,10,,scalar_first_exact
pg-diskann,100000,3,w2_0_1,859,2.10275,1.0,10,,scalar_first_exact
pg-diskann,100000,3,w2_0_1,550,0.706042,1.0,10,,scalar_first_exact
pg-diskann,100000,3,w2_0_1,803,0.469125,1.0,10,,scalar_first_exact
pg-diskann,100000,3,w2_0_1,434,0.496833,1.0,10,,scalar_first_exact
pg-diskann,100000,3,w2_0_1,138,0.459708,1.0,10,,scalar_first_exact
pg-diskann,100000,3,w2_0_1,625,0.533208,1.0,10,,scalar_first_exact
pg-diskann,100000,3,w2_0_1,606,0.459333,1.0,10,,scalar_first_exact
pg-diskann,100000,3,w2_0_1,104,0.550958,1.0,10,,scalar_first_exact
pg-diskann,100000,3,w2_0_1,632,0.528042,1.0,10,,scalar_first_exact
pg-diskann,100000,3,w2_0_1,307,0.573292,1.0,10,,scalar_first_exact
pg-diskann,100000,3,w2_0_1,639,0.408333,1.0,10,,scalar_first_exact
pg-diskann,100000,3,w2_0_1,300,0.620667,1.0,10,,scalar_first_exact
pg-diskann,100000,3,w2_0_1,586,0.664583,1.0,10,,scalar_first_exact
pg-diskann,100000,3,w2_0_1,283,0.513583,1.0,10,,scalar_first_exact
pg-diskann,100000,3,w2_0_1,566,0.595042,1.0,10,,scalar_first_exact
pg-diskann,100000,3,w2_0_1,171,0.485167,1.0,10,,scalar_first_exact
pg-diskann,100000,3,w2_0_1,703,0.498875,1.0,10,,scalar_first_exact
pg-diskann,100000,3,w2_0_1,653,0.447542,1.0,10,,scalar_first_exact
pg-diskann,100000,3,w2_0_1,324,0.499917,1.0,10,,scalar_first_exact
pg-diskann,100000,3,w2_0_1,441,0.507167,1.0,10,,scalar_first_exact
pg-diskann,100000,3,w2_0_1,776,0.589667,1.0,10,,scalar_first_exact
pg-diskann,100000,3,w2_0_1,585,1.148583,1.0,10,,scalar_first_exact
pg-diskann,100000,3,w2_0_1,490,0.648041,1.0,10,,scalar_first_exact
pg-diskann,100000,3,w2_0_1,299,0.866375,1.0,10,,scalar_first_exact
pg-diskann,100000,3,w2_0_1,334,0.597541,1.0,10,,scalar_first_exact
pg-diskann,100000,3,w2_0_1,342,0.54575,1.0,10,,scalar_first_exact
pg-diskann,100000,3,w2_0_1,711,0.568,1.0,10,,scalar_first_exact
pg-diskann,100000,3,w2_0_1,416,0.486334,1.0,10,,scalar_first_exact
pg-diskann,100000,3,w2_0_1,338,0.485542,1.0,10,,scalar_first_exact
pg-diskann,100000,3,w2_0_1,812,0.668542,1.0,10,,scalar_first_exact
pg-diskann,100000,3,w2_0_1,993,0.584125,1.0,10,,scalar_first_exact
pg-diskann,100000,3,w2_0_1,176,0.630625,1.0,10,,scalar_first_exact
pg-diskann,100000,3,w2_0_1,897,1.738041,1.0,10,,scalar_first_exact
pg-diskann,100000,3,w2_0_1,119,0.761833,1.0,10,,scalar_first_exact
pg-diskann,100000,3,w2_0_1,124,0.799333,1.0,10,,scalar_first_exact
pg-diskann,100000,3,w2_0_1,123,0.606625,1.0,10,,scalar_first_exact
pg-diskann,100000,3,w2_0_1,665,0.592334,1.0,10,,scalar_first_exact
pg-diskann,100000,3,w2_0_1,363,0.559708,1.0,10,,scalar_first_exact
pg-diskann,100000,3,w2_0_1,548,0.525666,1.0,10,,scalar_first_exact
pg-diskann,100000,3,w2_0_1,143,0.524291,1.0,10,,scalar_first_exact
pg-diskann,100000,3,w2_0_1,170,0.707416,1.0,10,,scalar_first_exact
pg-diskann,100000,3,w2_0_1,356,0.6275,1.0,10,,scalar_first_exact
pg-diskann,100000,3,w2_0_1,840,0.512791,1.0,10,,scalar_first_exact
pg-diskann,100000,3,w2_0_1,447,0.60525,1.0,10,,scalar_first_exact
pg-diskann,100000,3,w2_0_1,582,6.845375,1.0,10,,scalar_first_exact
pg-diskann,100000,3,w2_0_1,871,0.773833,1.0,10,,scalar_first_exact
pg-diskann,100000,3,w2_0_1,927,0.508792,1.0,10,,scalar_first_exact
pg-diskann,100000,3,w2_0_1,137,0.503709,1.0,10,,scalar_first_exact
pg-diskann,100000,3,w2_0_1,376,0.497042,1.0,10,,scalar_first_exact
pg-diskann,100000,3,w2_0_1,708,0.664667,1.0,10,,scalar_first_exact
pg-diskann,100000,3,w2_0_1,286,0.600208,1.0,10,,scalar_first_exact
pg-diskann,100000,3,w2_0_1,245,0.5235,1.0,10,,scalar_first_exact
pg-diskann,100000,3,w2_0_1,869,0.576125,1.0,10,,scalar_first_exact
pg-diskann,100000,3,w2_0_1,437,0.53925,1.0,10,,scalar_first_exact
pg-diskann,100000,3,w2_0_1,767,0.527334,1.0,10,,scalar_first_exact
pg-diskann,100000,3,w2_0_1,903,0.537958,1.0,10,,scalar_first_exact
pg-diskann,100000,3,w2_0_1,418,0.565208,1.0,10,,scalar_first_exact
pg-diskann,100000,3,w2_0_1,365,0.525584,1.0,10,,scalar_first_exact
pg-diskann,100000,3,w2_0_1,592,0.519334,1.0,10,,scalar_first_exact
pg-diskann,100000,3,w2_0_1,120,0.569042,1.0,10,,scalar_first_exact
pg-diskann,100000,3,w2_0_1,967,0.5775,1.0,10,,scalar_first_exact
pg-diskann,100000,3,w2_0_1,192,0.581334,1.0,10,,scalar_first_exact
pg-diskann,100000,3,w2_0_1,507,0.912041,1.0,10,,scalar_first_exact
pg-diskann,100000,3,w2_0_1,348,1.057167,1.0,10,,scalar_first_exact
pg-diskann,100000,3,w2_0_1,855,0.620709,1.0,10,,scalar_first_exact
pg-diskann,100000,3,w2_0_1,127,0.639667,1.0,10,,scalar_first_exact
pg-diskann,100000,3,w2_0_1,344,0.616833,1.0,10,,scalar_first_exact
pg-diskann,100000,3,w2_0_1,640,0.542708,1.0,10,,scalar_first_exact
pg-diskann,100000,3,w2_0_1,494,0.5015,1.0,10,,scalar_first_exact
pg-diskann,100000,3,w2_0_1,916,0.522375,1.0,10,,scalar_first_exact
pg-diskann,100000,3,w2_0_1,549,0.479625,1.0,10,,scalar_first_exact
pg-diskann,100000,3,w2_0_1,491,0.731666,1.0,10,,scalar_first_exact
pg-diskann,100000,3,w2_0_1,624,0.643084,1.0,10,,scalar_first_exact
pg-diskann,100000,3,w2_0_1,671,0.6305,1.0,10,,scalar_first_exact
pg-diskann,100000,3,w2_0_1,175,0.734167,1.0,10,,scalar_first_exact
pg-diskann,100000,3,w2_0_1,106,0.619542,1.0,10,,scalar_first_exact
pg-diskann,100000,3,w2_0_1,761,0.618584,1.0,10,,scalar_first_exact
pg-diskann,100000,3,w2_0_1,999,0.634166,1.0,10,,scalar_first_exact
pg-diskann,100000,3,w2_0_1,399,0.594208,1.0,10,,scalar_first_exact
pg-diskann,100000,3,w2_0_1,227,0.545708,1.0,10,,scalar_first_exact
pg-diskann,100000,3,w2_0_1,367,0.6145,1.0,10,,scalar_first_exact
pg-diskann,100000,3,w2_0_1,934,0.610542,1.0,10,,scalar_first_exact
pg-diskann,100000,3,w2_0_1,609,0.757625,1.0,10,,scalar_first_exact
pg-diskann,100000,3,w2_0_1,737,0.649292,1.0,10,,scalar_first_exact
pg-diskann,100000,3,w2_0_1,196,0.695458,1.0,10,,scalar_first_exact
pg-diskann,100000,3,w2_0_1,843,0.888167,1.0,10,,scalar_first_exact
pg-diskann,100000,3,w2_0_1,669,0.559916,1.0,10,,scalar_first_exact
pg-diskann,100000,3,w2_0_1,925,0.632625,1.0,10,,scalar_first_exact
pg-diskann,100000,3,w2_0_1,331,0.715084,1.0,10,,scalar_first_exact
pg-diskann,100000,3,w2_0_1,851,0.684583,1.0,10,,scalar_first_exact
pg-diskann,100000,3,w2_0_1,118,0.654208,1.0,10,,scalar_first_exact
pg-diskann,100000,3,w2_0_1,281,0.569125,1.0,10,,scalar_first_exact
pg-diskann,100000,3,w2_0_1,329,0.534625,1.0,10,,scalar_first_exact
pg-diskann,100000,3,w2_0_1,790,0.555792,1.0,10,,scalar_first_exact
pg-diskann,100000,3,w2_0_1,973,0.51375,1.0,10,,scalar_first_exact
pg-diskann,100000,3,w2_0_1,187,0.569375,1.0,10,,scalar_first_exact
pg-diskann,100000,3,w2_0_1,387,0.540375,1.0,10,,scalar_first_exact
pg-diskann,100000,3,w2_0_1,152,0.57775,1.0,10,,scalar_first_exact
pg-diskann,100000,3,w3,787,23.154917,1.0,10,,scalar_first_exact
pg-diskann,100000,3,w3,569,22.785583,1.0,10,,scalar_first_exact
pg-diskann,100000,3,w3,169,25.556708,1.0,10,,scalar_first_exact
pg-diskann,100000,3,w3,564,24.486917,1.0,10,,scalar_first_exact
pg-diskann,100000,3,w3,768,22.822375,1.0,10,,scalar_first_exact
pg-diskann,100000,3,w3,558,23.625833,1.0,10,,scalar_first_exact
pg-diskann,100000,3,w3,899,22.900625,1.0,10,,scalar_first_exact
pg-diskann,100000,3,w3,856,22.600041,1.0,10,,scalar_first_exact
pg-diskann,100000,3,w3,871,22.685167,1.0,10,,scalar_first_exact
pg-diskann,100000,3,w3,217,22.782833,1.0,10,,scalar_first_exact
pg-diskann,100000,3,w3,945,23.110792,1.0,10,,scalar_first_exact
pg-diskann,100000,3,w3,789,22.501875,1.0,10,,scalar_first_exact
pg-diskann,100000,3,w3,231,22.48375,1.0,10,,scalar_first_exact
pg-diskann,100000,3,w3,701,26.648041,1.0,10,,scalar_first_exact
pg-diskann,100000,3,w3,807,22.567375,1.0,10,,scalar_first_exact
pg-diskann,100000,3,w3,743,22.769458,1.0,10,,scalar_first_exact
pg-diskann,100000,3,w3,759,24.621791,1.0,10,,scalar_first_exact
pg-diskann,100000,3,w3,949,23.282875,1.0,10,,scalar_first_exact
pg-diskann,100000,3,w3,127,23.510792,1.0,10,,scalar_first_exact
pg-diskann,100000,3,w3,257,22.009,1.0,10,,scalar_first_exact
pg-diskann,100000,3,w3,784,21.681333,1.0,10,,scalar_first_exact
pg-diskann,100000,3,w3,222,22.739625,1.0,10,,scalar_first_exact
pg-diskann,100000,3,w3,440,25.111958,1.0,10,,scalar_first_exact
pg-diskann,100000,3,w3,897,23.546917,1.0,10,,scalar_first_exact
pg-diskann,100000,3,w3,112,21.506083,1.0,10,,scalar_first_exact
pg-diskann,100000,3,w3,643,22.50275,1.0,10,,scalar_first_exact
pg-diskann,100000,3,w3,843,23.681,1.0,10,,scalar_first_exact
pg-diskann,100000,3,w3,526,22.298458,1.0,10,,scalar_first_exact
pg-diskann,100000,3,w3,604,22.857292,1.0,10,,scalar_first_exact
pg-diskann,100000,3,w3,254,24.084417,1.0,10,,scalar_first_exact
pg-diskann,100000,3,w3,135,22.808625,1.0,10,,scalar_first_exact
pg-diskann,100000,3,w3,284,24.400417,1.0,10,,scalar_first_exact
pg-diskann,100000,3,w3,293,21.883041,1.0,10,,scalar_first_exact
pg-diskann,100000,3,w3,472,21.604708,1.0,10,,scalar_first_exact
pg-diskann,100000,3,w3,947,21.624083,1.0,10,,scalar_first_exact
pg-diskann,100000,3,w3,403,20.782417,1.0,10,,scalar_first_exact
pg-diskann,100000,3,w3,497,22.157125,1.0,10,,scalar_first_exact
pg-diskann,100000,3,w3,191,20.945708,1.0,10,,scalar_first_exact
pg-diskann,100000,3,w3,863,22.281083,1.0,10,,scalar_first_exact
pg-diskann,100000,3,w3,803,20.823083,1.0,10,,scalar_first_exact
pg-diskann,100000,3,w3,381,21.359083,1.0,10,,scalar_first_exact
pg-diskann,100000,3,w3,458,21.266667,1.0,10,,scalar_first_exact
pg-diskann,100000,3,w3,995,21.279167,1.0,10,,scalar_first_exact
pg-diskann,100000,3,w3,928,22.601291,1.0,10,,scalar_first_exact
pg-diskann,100000,3,w3,313,21.678167,1.0,10,,scalar_first_exact
pg-diskann,100000,3,w3,613,23.071042,1.0,10,,scalar_first_exact
pg-diskann,100000,3,w3,779,22.451667,1.0,10,,scalar_first_exact
pg-diskann,100000,3,w3,523,22.749375,1.0,10,,scalar_first_exact
pg-diskann,100000,3,w3,763,22.713125,1.0,10,,scalar_first_exact
pg-diskann,100000,3,w3,447,25.860625,1.0,10,,scalar_first_exact
pg-diskann,100000,3,w3,188,27.200958,1.0,10,,scalar_first_exact
pg-diskann,100000,3,w3,484,29.915541,1.0,10,,scalar_first_exact
pg-diskann,100000,3,w3,318,28.95,1.0,10,,scalar_first_exact
pg-diskann,100000,3,w3,432,26.253,1.0,10,,scalar_first_exact
pg-diskann,100000,3,w3,410,24.089834,1.0,10,,scalar_first_exact
pg-diskann,100000,3,w3,160,24.383583,1.0,10,,scalar_first_exact
pg-diskann,100000,3,w3,193,21.494625,1.0,10,,scalar_first_exact
pg-diskann,100000,3,w3,356,22.734208,1.0,10,,scalar_first_exact
pg-diskann,100000,3,w3,718,24.544583,1.0,10,,scalar_first_exact
pg-diskann,100000,3,w3,279,22.968417,1.0,10,,scalar_first_exact
pg-diskann,100000,3,w3,442,21.358,1.0,10,,scalar_first_exact
pg-diskann,100000,3,w3,316,28.833667,1.0,10,,scalar_first_exact
pg-diskann,100000,3,w3,481,24.895209,1.0,10,,scalar_first_exact
pg-diskann,100000,3,w3,847,24.337916,1.0,10,,scalar_first_exact
pg-diskann,100000,3,w3,450,25.1825,1.0,10,,scalar_first_exact
pg-diskann,100000,3,w3,420,23.876833,1.0,10,,scalar_first_exact
pg-diskann,100000,3,w3,705,28.289917,1.0,10,,scalar_first_exact
pg-diskann,100000,3,w3,277,22.568834,1.0,10,,scalar_first_exact
pg-diskann,100000,3,w3,925,21.8535,1.0,10,,scalar_first_exact
pg-diskann,100000,3,w3,343,29.175334,1.0,10,,scalar_first_exact
pg-diskann,100000,3,w3,973,23.7305,1.0,10,,scalar_first_exact
pg-diskann,100000,3,w3,874,22.708834,1.0,10,,scalar_first_exact
pg-diskann,100000,3,w3,113,22.55725,1.0,10,,scalar_first_exact
pg-diskann,100000,3,w3,516,22.783458,1.0,10,,scalar_first_exact
pg-diskann,100000,3,w3,385,21.662042,1.0,10,,scalar_first_exact
pg-diskann,100000,3,w3,809,21.477708,1.0,10,,scalar_first_exact
pg-diskann,100000,3,w3,855,20.482333,1.0,10,,scalar_first_exact
pg-diskann,100000,3,w3,444,21.04225,1.0,10,,scalar_first_exact
pg-diskann,100000,3,w3,980,21.005958,1.0,10,,scalar_first_exact
pg-diskann,100000,3,w3,383,20.840667,1.0,10,,scalar_first_exact
pg-diskann,100000,3,w3,969,22.513708,1.0,10,,scalar_first_exact
pg-diskann,100000,3,w3,401,22.598,1.0,10,,scalar_first_exact
pg-diskann,100000,3,w3,152,20.694334,1.0,10,,scalar_first_exact
pg-diskann,100000,3,w3,896,22.100209,1.0,10,,scalar_first_exact
pg-diskann,100000,3,w3,991,22.206125,1.0,10,,scalar_first_exact
pg-diskann,100000,3,w3,664,22.083042,1.0,10,,scalar_first_exact
pg-diskann,100000,3,w3,767,22.267125,1.0,10,,scalar_first_exact
pg-diskann,100000,3,w3,830,23.196958,1.0,10,,scalar_first_exact
pg-diskann,100000,3,w3,142,22.969292,1.0,10,,scalar_first_exact
pg-diskann,100000,3,w3,756,24.899416,1.0,10,,scalar_first_exact
pg-diskann,100000,3,w3,828,23.282875,1.0,10,,scalar_first_exact
pg-diskann,100000,3,w3,796,21.766375,1.0,10,,scalar_first_exact
pg-diskann,100000,3,w3,875,21.736542,1.0,10,,scalar_first_exact
pg-diskann,100000,3,w3,476,21.673041,1.0,10,,scalar_first_exact
pg-diskann,100000,3,w3,158,22.331625,1.0,10,,scalar_first_exact
pg-diskann,100000,3,w3,795,22.091375,1.0,10,,scalar_first_exact
pg-diskann,100000,3,w3,609,21.580291,1.0,10,,scalar_first_exact
pg-diskann,100000,3,w3,266,21.197,1.0,10,,scalar_first_exact
pg-diskann,100000,3,w3,334,22.210125,1.0,10,,scalar_first_exact
pg-diskann,100000,3,w3,513,22.17075,1.0,10,,scalar_first_exact
pg-diskann,100000,3,w3,171,22.768875,1.0,10,,scalar_first_exact
pg-diskann,100000,3,w3,339,21.967292,1.0,10,,scalar_first_exact
pg-diskann,100000,3,w3,333,21.647,1.0,10,,scalar_first_exact
pg-diskann,100000,3,w3,798,24.280792,1.0,10,,scalar_first_exact
pg-diskann,100000,3,w3,150,22.712208,1.0,10,,scalar_first_exact
pg-diskann,100000,3,w3,123,24.178208,1.0,10,,scalar_first_exact
pg-diskann,100000,3,w3,389,21.459083,1.0,10,,scalar_first_exact
pg-diskann,100000,3,w3,727,22.444417,1.0,10,,scalar_first_exact
pg-diskann,100000,3,w3,155,22.186958,1.0,10,,scalar_first_exact
pg-diskann,100000,3,w3,137,21.966792,1.0,10,,scalar_first_exact
pg-diskann,100000,3,w3,294,22.533042,1.0,10,,scalar_first_exact
pg-diskann,100000,3,w3,538,22.574542,1.0,10,,scalar_first_exact
pg-diskann,100000,3,w3,263,21.36525,1.0,10,,scalar_first_exact
pg-diskann,100000,3,w3,786,22.594917,1.0,10,,scalar_first_exact
pg-diskann,100000,3,w3,996,22.344458,1.0,10,,scalar_first_exact
pg-diskann,100000,3,w3,131,22.573,1.0,10,,scalar_first_exact
pg-diskann,100000,3,w3,322,22.338292,1.0,10,,scalar_first_exact
pg-diskann,100000,3,w3,144,24.677542,1.0,10,,scalar_first_exact
pg-diskann,100000,3,w3,396,21.555209,1.0,10,,scalar_first_exact
pg-diskann,100000,3,w3,496,22.111375,1.0,10,,scalar_first_exact
pg-diskann,100000,3,w3,304,23.7285,1.0,10,,scalar_first_exact
pg-diskann,100000,3,w3,599,21.470334,1.0,10,,scalar_first_exact
pg-diskann,100000,3,w3,194,20.562333,1.0,10,,scalar_first_exact
pg-diskann,100000,3,w3,540,21.103833,1.0,10,,scalar_first_exact
pg-diskann,100000,3,w3,136,21.508959,1.0,10,,scalar_first_exact
pg-diskann,100000,3,w3,446,23.345416,1.0,10,,scalar_first_exact
pg-diskann,100000,3,w3,250,23.525625,1.0,10,,scalar_first_exact
pg-diskann,100000,3,w3,625,22.08925,1.0,10,,scalar_first_exact
pg-diskann,100000,3,w3,977,21.083,1.0,10,,scalar_first_exact
pg-diskann,100000,3,w3,611,24.904375,1.0,10,,scalar_first_exact
pg-diskann,100000,3,w3,849,23.548458,1.0,10,,scalar_first_exact
pg-diskann,100000,3,w3,223,22.441833,1.0,10,,scalar_first_exact
pg-diskann,100000,3,w3,900,21.928375,1.0,10,,scalar_first_exact
pg-diskann,100000,3,w3,624,22.4725,1.0,10,,scalar_first_exact
pg-diskann,100000,3,w3,939,22.240875,1.0,10,,scalar_first_exact
pg-diskann,100000,3,w3,175,21.441,1.0,10,,scalar_first_exact
pg-diskann,100000,3,w3,203,22.739083,1.0,10,,scalar_first_exact
pg-diskann,100000,3,w3,251,21.569625,1.0,10,,scalar_first_exact
pg-diskann,100000,3,w3,149,22.220542,1.0,10,,scalar_first_exact
pg-diskann,100000,3,w3,578,22.637208,1.0,10,,scalar_first_exact
pg-diskann,100000,3,w3,804,21.432416,1.0,10,,scalar_first_exact
pg-diskann,100000,3,w3,579,23.891333,1.0,10,,scalar_first_exact
pg-diskann,100000,3,w3,658,22.776667,1.0,10,,scalar_first_exact
pg-diskann,100000,3,w3,638,25.366834,1.0,10,,scalar_first_exact
pg-diskann,100000,3,w3,242,22.808833,1.0,10,,scalar_first_exact
pg-diskann,100000,3,w3,864,21.467416,1.0,10,,scalar_first_exact
pg-diskann,100000,3,w3,852,22.657375,1.0,10,,scalar_first_exact
pg-diskann,100000,3,w3,490,21.986875,1.0,10,,scalar_first_exact
pg-diskann,100000,3,w3,867,21.665125,1.0,10,,scalar_first_exact
pg-diskann,100000,3,w3,454,22.080708,1.0,10,,scalar_first_exact
pg-diskann,100000,3,w3,184,23.3395,1.0,10,,scalar_first_exact
pg-diskann,100000,3,w3,501,21.818542,1.0,10,,scalar_first_exact
pg-diskann,100000,3,w3,259,23.49825,1.0,10,,scalar_first_exact
pg-diskann,100000,3,w3,212,21.485916,1.0,10,,scalar_first_exact
pg-diskann,100000,3,w3,987,24.10725,1.0,10,,scalar_first_exact
pg-diskann,100000,3,w3,594,23.164166,1.0,10,,scalar_first_exact
pg-diskann,100000,3,w3,583,21.742375,1.0,10,,scalar_first_exact
pg-diskann,100000,3,w3,400,22.405416,1.0,10,,scalar_first_exact
pg-diskann,100000,3,w3,683,22.669,1.0,10,,scalar_first_exact
pg-diskann,100000,3,w3,499,22.865708,1.0,10,,scalar_first_exact
pg-diskann,100000,3,w3,485,21.935875,1.0,10,,scalar_first_exact
pg-diskann,100000,3,w3,943,23.128917,1.0,10,,scalar_first_exact
pg-diskann,100000,3,w3,645,23.241333,1.0,10,,scalar_first_exact
pg-diskann,100000,3,w3,182,21.381875,1.0,10,,scalar_first_exact
pg-diskann,100000,3,w3,506,22.142167,1.0,10,,scalar_first_exact
pg-diskann,100000,3,w3,554,21.977542,1.0,10,,scalar_first_exact
pg-diskann,100000,3,w3,774,20.734042,1.0,10,,scalar_first_exact
pg-diskann,100000,3,w3,902,20.826958,1.0,10,,scalar_first_exact
pg-diskann,100000,3,w3,475,21.152167,1.0,10,,scalar_first_exact
pg-diskann,100000,3,w3,535,22.5765,1.0,10,,scalar_first_exact
pg-diskann,100000,3,w3,646,23.144709,1.0,10,,scalar_first_exact
pg-diskann,100000,3,w3,543,21.482083,1.0,10,,scalar_first_exact
pg-diskann,100000,3,w3,460,21.389041,1.0,10,,scalar_first_exact
pg-diskann,100000,3,w3,670,23.13525,1.0,10,,scalar_first_exact
pg-diskann,100000,3,w3,297,22.844666,1.0,10,,scalar_first_exact
pg-diskann,100000,3,w3,431,22.774792,1.0,10,,scalar_first_exact
pg-diskann,100000,3,w3,133,21.673083,1.0,10,,scalar_first_exact
pg-diskann,100000,3,w3,917,23.980541,1.0,10,,scalar_first_exact
pg-diskann,100000,3,w3,366,22.417542,1.0,10,,scalar_first_exact
pg-diskann,100000,3,w3,733,23.189458,1.0,10,,scalar_first_exact
pg-diskann,100000,3,w3,493,22.572666,1.0,10,,scalar_first_exact
pg-diskann,100000,3,w3,154,22.303584,1.0,10,,scalar_first_exact
pg-diskann,100000,3,w3,912,22.582542,1.0,10,,scalar_first_exact
pg-diskann,100000,3,w3,469,22.255416,1.0,10,,scalar_first_exact
pg-diskann,100000,3,w3,165,22.588333,1.0,10,,scalar_first_exact
pg-diskann,100000,3,w3,414,26.477209,1.0,10,,scalar_first_exact
pg-diskann,100000,3,w3,368,26.743333,1.0,10,,scalar_first_exact
pg-diskann,100000,3,w3,636,27.749125,1.0,10,,scalar_first_exact
pg-diskann,100000,3,w3,377,24.671666,1.0,10,,scalar_first_exact
pg-diskann,100000,3,w3,758,23.423083,1.0,10,,scalar_first_exact
pg-diskann,100000,3,w3,218,22.086083,1.0,10,,scalar_first_exact
pg-diskann,100000,3,w3,205,22.603,1.0,10,,scalar_first_exact
pg-diskann,100000,3,w3,286,23.15575,1.0,10,,scalar_first_exact
pg-diskann,100000,3,w3,908,23.862666,1.0,10,,scalar_first_exact
pg-diskann,100000,3,w3,725,24.134917,1.0,10,,scalar_first_exact
pg-diskann,100000,3,w3,750,22.080541,1.0,10,,scalar_first_exact
pg-diskann,100000,3,w3,818,22.875042,1.0,10,,scalar_first_exact
pg-diskann,100000,3,w3,823,22.434583,1.0,10,,scalar_first_exact
pg-diskann,100000,3,w3,104,23.936834,1.0,10,,scalar_first_exact
pg-diskann,100000,3,w3,280,22.0275,1.0,10,,scalar_first_exact
pg-diskann,100000,3,w3,462,22.674083,1.0,10,,scalar_first_exact
pg-diskann,100000,3,w3,260,22.035417,1.0,10,,scalar_first_exact
pg-diskann,100000,3,w3,129,22.025959,1.0,10,,scalar_first_exact
pg-diskann,100000,3,w3,825,22.099,1.0,10,,scalar_first_exact
pg-diskann,100000,3,w3,544,22.887625,1.0,10,,scalar_first_exact
pg-diskann,100000,3,w3,838,22.501667,1.0,10,,scalar_first_exact
pg-diskann,100000,3,w3,681,23.740208,1.0,10,,scalar_first_exact
pg-diskann,100000,3,w3,940,21.764,1.0,10,,scalar_first_exact
pg-diskann,100000,3,w3,641,21.705459,1.0,10,,scalar_first_exact
pg-diskann,100000,3,w3,178,21.927542,1.0,10,,scalar_first_exact
pg-diskann,100000,3,w3,384,20.991167,1.0,10,,scalar_first_exact
pg-diskann,100000,3,w3,649,21.271083,1.0,10,,scalar_first_exact
pg-diskann,100000,3,w3,709,20.854458,1.0,10,,scalar_first_exact
pg-diskann,100000,3,w3,966,21.587917,1.0,10,,scalar_first_exact
pg-diskann,100000,3,w3,514,21.585333,1.0,10,,scalar_first_exact
pg-diskann,100000,3,w3,951,20.851333,1.0,10,,scalar_first_exact
pg-diskann,100000,3,w3,156,22.497291,1.0,10,,scalar_first_exact
pg-diskann,100000,3,w3,547,21.972667,1.0,10,,scalar_first_exact
pg-diskann,100000,3,w3,486,22.17075,1.0,10,,scalar_first_exact
pg-diskann,100000,3,w3,170,23.658875,1.0,10,,scalar_first_exact
pg-diskann,100000,3,w3,821,21.272708,1.0,10,,scalar_first_exact
pg-diskann,100000,3,w3,510,23.088917,1.0,10,,scalar_first_exact
pg-diskann,100000,3,w3,911,21.996875,1.0,10,,scalar_first_exact
pg-diskann,100000,3,w3,933,22.607,1.0,10,,scalar_first_exact
pg-diskann,100000,3,w3,215,23.3985,1.0,10,,scalar_first_exact
pg-diskann,100000,3,w3,629,25.046958,1.0,10,,scalar_first_exact
pg-diskann,100000,3,w3,267,25.652583,1.0,10,,scalar_first_exact
pg-diskann,100000,3,w3,963,24.103333,1.0,10,,scalar_first_exact
pg-diskann,100000,3,w3,439,23.653333,1.0,10,,scalar_first_exact
pg-diskann,100000,3,w3,119,22.884458,1.0,10,,scalar_first_exact
pg-diskann,100000,3,w3,778,28.151791,1.0,10,,scalar_first_exact
pg-diskann,100000,3,w3,542,25.687084,1.0,10,,scalar_first_exact
pg-diskann,100000,3,w3,657,23.583916,1.0,10,,scalar_first_exact
pg-diskann,100000,3,w3,173,22.592209,1.0,10,,scalar_first_exact
pg-diskann,100000,3,w3,993,24.56,1.0,10,,scalar_first_exact
pg-diskann,100000,3,w3,585,22.39425,1.0,10,,scalar_first_exact
pg-diskann,100000,3,w3,390,23.180458,1.0,10,,scalar_first_exact
pg-diskann,100000,3,w3,858,24.148542,1.0,10,,scalar_first_exact
pg-diskann,100000,3,w3,438,24.406584,1.0,10,,scalar_first_exact
pg-diskann,100000,3,w3,780,30.60775,1.0,10,,scalar_first_exact
pg-diskann,100000,3,w3,421,22.668125,1.0,10,,scalar_first_exact
pg-diskann,100000,3,w3,157,22.302709,1.0,10,,scalar_first_exact
pg-diskann,100000,3,w3,762,25.911584,1.0,10,,scalar_first_exact
pg-diskann,100000,3,w3,549,24.362166,1.0,10,,scalar_first_exact
pg-diskann,100000,3,w3,936,25.977208,1.0,10,,scalar_first_exact
pg-diskann,100000,3,w3,228,24.017375,1.0,10,,scalar_first_exact
pg-diskann,100000,3,w3,504,24.161125,1.0,10,,scalar_first_exact
pg-diskann,100000,3,w3,234,22.474084,1.0,10,,scalar_first_exact
pg-diskann,100000,3,w3,666,27.85525,1.0,10,,scalar_first_exact
pg-diskann,100000,3,w3,654,23.479583,1.0,10,,scalar_first_exact
pg-diskann,100000,3,w3,407,22.476917,1.0,10,,scalar_first_exact
pg-diskann,100000,3,w3,380,22.669042,1.0,10,,scalar_first_exact
pg-diskann,100000,3,w3,427,21.705084,1.0,10,,scalar_first_exact
pg-diskann,100000,3,w3,870,21.467,1.0,10,,scalar_first_exact
pg-diskann,100000,3,w3,350,21.131042,1.0,10,,scalar_first_exact
pg-diskann,100000,3,w3,924,21.407458,1.0,10,,scalar_first_exact
pg-diskann,100000,3,w3,731,21.417375,1.0,10,,scalar_first_exact
pg-diskann,100000,3,w3,946,21.034875,1.0,10,,scalar_first_exact
pg-diskann,100000,3,w3,244,20.59325,1.0,10,,scalar_first_exact
pg-diskann,100000,3,w3,736,24.481291,1.0,10,,scalar_first_exact
pg-diskann,100000,3,w3,406,23.808958,1.0,10,,scalar_first_exact
pg-diskann,100000,3,w3,697,22.118042,1.0,10,,scalar_first_exact
pg-diskann,100000,3,w3,601,22.419875,1.0,10,,scalar_first_exact
pg-diskann,100000,3,w3,715,22.317916,1.0,10,,scalar_first_exact
pg-diskann,100000,3,w3,671,22.119209,1.0,10,,scalar_first_exact
pg-diskann,100000,3,w3,361,24.07875,1.0,10,,scalar_first_exact
pg-diskann,100000,3,w3,395,22.628875,1.0,10,,scalar_first_exact
pg-diskann,100000,3,w3,771,21.903917,1.0,10,,scalar_first_exact
pg-diskann,100000,3,w3,685,21.111875,1.0,10,,scalar_first_exact
pg-diskann,100000,3,w3,519,21.93825,1.0,10,,scalar_first_exact
pg-diskann,100000,3,w3,686,22.989291,1.0,10,,scalar_first_exact
pg-diskann,100000,3,w3,979,22.426375,1.0,10,,scalar_first_exact
pg-diskann,100000,3,w3,470,22.650333,1.0,10,,scalar_first_exact
pg-diskann,100000,3,w3,842,21.7285,1.0,10,,scalar_first_exact
pg-diskann,100000,3,w3,832,21.517833,1.0,10,,scalar_first_exact
pg-diskann,100000,3,w3,388,21.897291,1.0,10,,scalar_first_exact
pg-diskann,100000,3,w3,464,24.392625,1.0,10,,scalar_first_exact
pg-diskann,100000,3,w3,317,23.310667,1.0,10,,scalar_first_exact
pg-diskann,100000,3,w3,435,22.044791,1.0,10,,scalar_first_exact
pg-diskann,100000,3,w3,941,22.224459,1.0,10,,scalar_first_exact
pg-diskann,100000,3,w3,546,22.731875,1.0,10,,scalar_first_exact
pg-diskann,100000,3,w3,699,21.767542,1.0,10,,scalar_first_exact
pg-diskann,100000,3,w3,885,21.478917,1.0,10,,scalar_first_exact
pg-diskann,100000,3,w3,559,22.835875,1.0,10,,scalar_first_exact
pg-diskann,100000,3,w3,329,22.066625,1.0,10,,scalar_first_exact
pg-diskann,100000,3,w3,161,21.565625,1.0,10,,scalar_first_exact
pg-diskann,100000,3,w3,303,22.08725,1.0,10,,scalar_first_exact
pg-diskann,100000,3,w3,344,22.488209,1.0,10,,scalar_first_exact
pg-diskann,100000,3,w3,480,21.745708,1.0,10,,scalar_first_exact
pg-diskann,100000,3,w3,453,21.395541,1.0,10,,scalar_first_exact
pg-diskann,100000,3,w3,166,21.987792,1.0,10,,scalar_first_exact
pg-diskann,100000,3,w3,627,21.692166,1.0,10,,scalar_first_exact
pg-diskann,100000,3,w3,617,21.424417,1.0,10,,scalar_first_exact
pg-diskann,100000,3,w3,114,23.742917,1.0,10,,scalar_first_exact
pg-diskann,100000,3,w3,236,21.830667,1.0,10,,scalar_first_exact
pg-diskann,100000,3,w3,635,21.878,1.0,10,,scalar_first_exact
pg-diskann,100000,3,w3,434,21.983292,1.0,10,,scalar_first_exact
pg-diskann,100000,3,w3,656,21.245791,1.0,10,,scalar_first_exact
pg-diskann,100000,3,w3,790,21.640334,1.0,10,,scalar_first_exact
pg-diskann,100000,3,w3,109,20.99375,1.0,10,,scalar_first_exact
pg-diskann,100000,3,w3,950,21.334416,1.0,10,,scalar_first_exact
pg-diskann,100000,3,w3,876,22.909542,1.0,10,,scalar_first_exact
pg-diskann,100000,3,w3,616,21.996333,1.0,10,,scalar_first_exact
pg-diskann,100000,3,w3,140,23.272167,1.0,10,,scalar_first_exact
pg-diskann,100000,3,w3,527,23.0655,1.0,10,,scalar_first_exact
pg-diskann,100000,3,w3,437,22.118458,1.0,10,,scalar_first_exact
pg-diskann,100000,3,w3,840,21.485791,1.0,10,,scalar_first_exact
pg-diskann,100000,3,w3,379,21.730334,1.0,10,,scalar_first_exact
pg-diskann,100000,3,w3,331,22.578125,1.0,10,,scalar_first_exact
pg-diskann,100000,3,w3,130,22.954,1.0,10,,scalar_first_exact
pg-diskann,100000,3,w3,272,21.717333,1.0,10,,scalar_first_exact
pg-diskann,100000,3,w3,448,21.45425,1.0,10,,scalar_first_exact
pg-diskann,100000,3,w3,873,22.614416,1.0,10,,scalar_first_exact
pg-diskann,100000,3,w3,720,22.349583,1.0,10,,scalar_first_exact
pg-diskann,100000,3,w3,167,22.038542,1.0,10,,scalar_first_exact
pg-diskann,100000,3,w3,662,22.378666,1.0,10,,scalar_first_exact
pg-diskann,100000,3,w3,238,23.109875,1.0,10,,scalar_first_exact
pg-diskann,100000,3,w3,833,22.579041,1.0,10,,scalar_first_exact
pg-diskann,100000,3,w3,866,21.484083,1.0,10,,scalar_first_exact
pg-diskann,100000,3,w3,120,23.438834,1.0,10,,scalar_first_exact
pg-diskann,100000,3,w3,404,22.114667,1.0,10,,scalar_first_exact
pg-diskann,100000,3,w3,781,22.360792,1.0,10,,scalar_first_exact
pg-diskann,100000,3,w3,271,22.678041,1.0,10,,scalar_first_exact
pg-diskann,100000,3,w3,747,23.135667,1.0,10,,scalar_first_exact
pg-diskann,100000,3,w3,577,22.790541,1.0,10,,scalar_first_exact
pg-diskann,100000,3,w3,757,21.786792,1.0,10,,scalar_first_exact
pg-diskann,100000,3,w3,834,23.666083,1.0,10,,scalar_first_exact
pg-diskann,100000,3,w3,614,25.295041,1.0,10,,scalar_first_exact
pg-diskann,100000,3,w3,869,22.385333,1.0,10,,scalar_first_exact
pg-diskann,100000,3,w3,216,21.671083,1.0,10,,scalar_first_exact
pg-diskann,100000,3,w3,801,22.066042,1.0,10,,scalar_first_exact
pg-diskann,100000,3,w3,226,21.642125,1.0,10,,scalar_first_exact
pg-diskann,100000,3,w3,581,22.28475,1.0,10,,scalar_first_exact
pg-diskann,100000,3,w3,327,23.66575,1.0,10,,scalar_first_exact
pg-diskann,100000,3,w3,192,21.948417,1.0,10,,scalar_first_exact
pg-diskann,100000,3,w3,665,21.989125,1.0,10,,scalar_first_exact
pg-diskann,100000,3,w3,541,22.378291,1.0,10,,scalar_first_exact
pg-diskann,100000,3,w3,890,22.07025,1.0,10,,scalar_first_exact
pg-diskann,100000,3,w3,536,21.859792,1.0,10,,scalar_first_exact
pg-diskann,100000,3,w3,518,21.842167,1.0,10,,scalar_first_exact
pg-diskann,100000,3,w3,274,21.162792,1.0,10,,scalar_first_exact
pg-diskann,100000,3,w3,132,20.188167,1.0,10,,scalar_first_exact
pg-diskann,100000,3,w3,898,21.852792,1.0,10,,scalar_first_exact
pg-diskann,100000,3,w3,305,21.597583,1.0,10,,scalar_first_exact
pg-diskann,100000,3,w3,545,21.938125,1.0,10,,scalar_first_exact
pg-diskann,100000,3,w3,324,22.598417,1.0,10,,scalar_first_exact
pg-diskann,100000,3,w3,707,22.5455,1.0,10,,scalar_first_exact
pg-diskann,100000,3,w3,688,23.04925,1.0,10,,scalar_first_exact
pg-diskann,100000,3,w3,913,21.192209,1.0,10,,scalar_first_exact
pg-diskann,100000,3,w3,942,29.084042,1.0,10,,scalar_first_exact
pg-diskann,100000,3,w3,478,28.627917,1.0,10,,scalar_first_exact
pg-diskann,100000,3,w3,235,21.666708,1.0,10,,scalar_first_exact
pg-diskann,100000,3,w3,291,24.306791,1.0,10,,scalar_first_exact
pg-diskann,100000,3,w3,473,23.296458,1.0,10,,scalar_first_exact
pg-diskann,100000,3,w3,255,22.266417,1.0,10,,scalar_first_exact
pg-diskann,100000,3,w3,101,22.549958,1.0,10,,scalar_first_exact
pg-diskann,100000,3,w3,878,22.874,1.0,10,,scalar_first_exact
pg-diskann,100000,3,w3,857,23.034125,1.0,10,,scalar_first_exact
pg-diskann,100000,3,w3,105,22.776958,1.0,10,,scalar_first_exact
pg-diskann,100000,3,w3,362,22.484292,1.0,10,,scalar_first_exact
pg-diskann,100000,3,w3,587,23.071209,1.0,10,,scalar_first_exact
pg-diskann,100000,3,w3,741,23.497708,1.0,10,,scalar_first_exact
pg-diskann,100000,3,w3,520,22.160208,1.0,10,,scalar_first_exact
pg-diskann,100000,3,w3,684,21.273125,1.0,10,,scalar_first_exact
pg-diskann,100000,3,w3,820,24.200958,1.0,10,,scalar_first_exact
pg-diskann,100000,3,w3,773,21.390959,1.0,10,,scalar_first_exact
pg-diskann,100000,3,w3,451,22.892209,1.0,10,,scalar_first_exact
pg-diskann,100000,3,w3,694,23.093167,1.0,10,,scalar_first_exact
pg-diskann,100000,3,w3,262,21.790625,1.0,10,,scalar_first_exact
pg-diskann,100000,3,w3,797,23.002041,1.0,10,,scalar_first_exact
pg-diskann,100000,3,w3,521,33.150708,1.0,10,,scalar_first_exact
pg-diskann,100000,3,w3,561,36.299834,1.0,10,,scalar_first_exact
pg-diskann,100000,3,w3,220,21.786417,1.0,10,,scalar_first_exact
pg-diskann,100000,3,w3,416,21.540625,1.0,10,,scalar_first_exact
pg-diskann,100000,3,w3,338,22.1585,1.0,10,,scalar_first_exact
pg-diskann,100000,3,w3,163,21.360917,1.0,10,,scalar_first_exact
pg-diskann,100000,3,w3,336,23.411084,1.0,10,,scalar_first_exact
pg-diskann,100000,3,w3,227,23.388959,1.0,10,,scalar_first_exact
pg-diskann,100000,3,w3,975,21.666333,1.0,10,,scalar_first_exact
pg-diskann,100000,3,w3,739,21.955458,1.0,10,,scalar_first_exact
pg-diskann,100000,3,w3,498,23.528084,1.0,10,,scalar_first_exact
pg-diskann,100000,3,w3,369,22.734584,1.0,10,,scalar_first_exact
pg-diskann,100000,3,w3,557,23.351459,1.0,10,,scalar_first_exact
pg-diskann,100000,3,w3,752,21.6135,1.0,10,,scalar_first_exact
pg-diskann,100000,3,w3,525,20.832333,1.0,10,,scalar_first_exact
pg-diskann,100000,3,w3,721,21.716834,1.0,10,,scalar_first_exact
pg-diskann,100000,3,w3,879,22.515084,1.0,10,,scalar_first_exact
pg-diskann,100000,3,w3,312,20.636291,1.0,10,,scalar_first_exact
pg-diskann,100000,3,w3,177,21.168167,1.0,10,,scalar_first_exact
pg-diskann,100000,3,w3,455,20.927167,1.0,10,,scalar_first_exact
pg-diskann,100000,3,w3,612,20.58725,1.0,10,,scalar_first_exact
pg-diskann,100000,3,w3,623,20.90275,1.0,10,,scalar_first_exact
pg-diskann,100000,3,w3,172,21.471625,1.0,10,,scalar_first_exact
pg-diskann,100000,3,w3,239,24.347417,1.0,10,,scalar_first_exact
pg-diskann,100000,3,w3,893,23.289,1.0,10,,scalar_first_exact
pg-diskann,100000,3,w3,660,23.011333,1.0,10,,scalar_first_exact
pg-diskann,100000,3,w3,956,23.979959,1.0,10,,scalar_first_exact
pg-diskann,100000,3,w3,792,21.239875,1.0,10,,scalar_first_exact
pg-diskann,100000,3,w3,148,22.772208,1.0,10,,scalar_first_exact
pg-diskann,100000,3,w3,597,22.623375,1.0,10,,scalar_first_exact
pg-diskann,100000,3,w3,775,22.314458,1.0,10,,scalar_first_exact
pg-diskann,100000,3,w3,311,25.185375,1.0,10,,scalar_first_exact
pg-diskann,100000,3,w3,695,23.918792,1.0,10,,scalar_first_exact
pg-diskann,100000,3,w3,710,22.776125,1.0,10,,scalar_first_exact
pg-diskann,100000,3,w3,206,23.782584,1.0,10,,scalar_first_exact
pg-diskann,100000,3,w3,669,30.928833,1.0,10,,scalar_first_exact
pg-diskann,100000,3,w3,565,24.327625,1.0,10,,scalar_first_exact
pg-diskann,100000,3,w3,298,22.276375,1.0,10,,scalar_first_exact
pg-diskann,100000,3,w3,348,24.904833,1.0,10,,scalar_first_exact
pg-diskann,100000,3,w3,201,22.14375,1.0,10,,scalar_first_exact
pg-diskann,100000,3,w3,723,22.091875,1.0,10,,scalar_first_exact
pg-diskann,100000,3,w3,607,23.122792,1.0,10,,scalar_first_exact
pg-diskann,100000,3,w3,337,24.768,1.0,10,,scalar_first_exact
pg-diskann,100000,3,w3,391,24.849292,1.0,10,,scalar_first_exact
pg-diskann,100000,3,w3,889,26.317,1.0,10,,scalar_first_exact
pg-diskann,100000,3,w3,479,24.521125,1.0,10,,scalar_first_exact
pg-diskann,100000,3,w3,573,26.458625,1.0,10,,scalar_first_exact
pg-diskann,100000,3,w3,275,23.227667,1.0,10,,scalar_first_exact
pg-diskann,100000,3,w3,276,24.106666,1.0,10,,scalar_first_exact
pg-diskann,100000,3,w3,888,26.06425,1.0,10,,scalar_first_exact
pg-diskann,100000,3,w3,386,24.706958,1.0,10,,scalar_first_exact
pg-diskann,100000,3,w3,423,26.769084,1.0,10,,scalar_first_exact
pg-diskann,100000,3,w3,589,22.944375,1.0,10,,scalar_first_exact
pg-diskann,100000,3,w3,359,23.007292,1.0,10,,scalar_first_exact
pg-diskann,100000,3,w3,618,21.787458,1.0,10,,scalar_first_exact
pg-diskann,100000,3,w3,606,21.667625,1.0,10,,scalar_first_exact
pg-diskann,100000,3,w3,128,21.151792,1.0,10,,scalar_first_exact
pg-diskann,100000,3,w3,626,20.982292,1.0,10,,scalar_first_exact
pg-diskann,100000,3,w3,882,22.872792,1.0,10,,scalar_first_exact
pg-diskann,100000,3,w3,349,21.376958,1.0,10,,scalar_first_exact
pg-diskann,100000,3,w3,468,21.256709,1.0,10,,scalar_first_exact
pg-diskann,100000,3,w3,706,20.787459,1.0,10,,scalar_first_exact
pg-diskann,100000,3,w3,553,20.741583,1.0,10,,scalar_first_exact
pg-diskann,100000,3,w3,992,20.825916,1.0,10,,scalar_first_exact
pg-diskann,100000,3,w3,817,21.204208,1.0,10,,scalar_first_exact
pg-diskann,100000,3,w3,891,23.143166,1.0,10,,scalar_first_exact
pg-diskann,100000,3,w3,246,21.8395,1.0,10,,scalar_first_exact
pg-diskann,100000,3,w3,332,25.530834,1.0,10,,scalar_first_exact
pg-diskann,100000,3,w3,868,21.751083,1.0,10,,scalar_first_exact
pg-diskann,100000,3,w3,365,21.404792,1.0,10,,scalar_first_exact
pg-diskann,100000,3,w3,445,22.278667,1.0,10,,scalar_first_exact
pg-diskann,100000,3,w3,640,21.765375,1.0,10,,scalar_first_exact
pg-diskann,100000,3,w3,550,22.583583,1.0,10,,scalar_first_exact
pg-diskann,100000,3,w3,534,21.440083,1.0,10,,scalar_first_exact
pg-diskann,100000,3,w3,985,21.476166,1.0,10,,scalar_first_exact
pg-diskann,100000,3,w3,292,21.44875,1.0,10,,scalar_first_exact
pg-diskann,100000,3,w3,764,21.595458,1.0,10,,scalar_first_exact
pg-diskann,100000,3,w3,190,22.015375,1.0,10,,scalar_first_exact
pg-diskann,100000,3,w3,990,21.874583,1.0,10,,scalar_first_exact
pg-diskann,100000,3,w3,335,22.466,1.0,10,,scalar_first_exact
pg-diskann,100000,3,w3,273,21.843708,1.0,10,,scalar_first_exact
pg-diskann,100000,3,w3,264,23.265375,1.0,10,,scalar_first_exact
pg-diskann,100000,3,w3,586,21.714291,1.0,10,,scalar_first_exact
pg-diskann,100000,3,w3,102,22.319459,1.0,10,,scalar_first_exact
pg-diskann,100000,3,w3,524,22.8665,1.0,10,,scalar_first_exact
pg-diskann,100000,3,w3,711,22.472417,1.0,10,,scalar_first_exact
pg-diskann,100000,3,w3,961,22.310083,1.0,10,,scalar_first_exact
pg-diskann,100000,3,w3,307,24.182167,1.0,10,,scalar_first_exact
pg-diskann,100000,3,w3,221,25.972542,1.0,10,,scalar_first_exact
pg-diskann,100000,3,w3,449,24.121333,1.0,10,,scalar_first_exact
pg-diskann,100000,3,w3,677,23.753,1.0,10,,scalar_first_exact
pg-diskann,100000,3,w3,487,21.875625,1.0,10,,scalar_first_exact
pg-diskann,100000,3,w3,413,22.181625,1.0,10,,scalar_first_exact
pg-diskann,100000,3,w3,168,22.192583,1.0,10,,scalar_first_exact
pg-diskann,100000,3,w3,692,22.59875,1.0,10,,scalar_first_exact
pg-diskann,100000,3,w3,972,22.122583,1.0,10,,scalar_first_exact
pg-diskann,100000,3,w3,189,23.306334,1.0,10,,scalar_first_exact
pg-diskann,100000,3,w3,252,21.455459,1.0,10,,scalar_first_exact
pg-diskann,100000,3,w3,877,21.436584,1.0,10,,scalar_first_exact
pg-diskann,100000,3,w3,409,22.6635,1.0,10,,scalar_first_exact
pg-diskann,100000,3,w3,853,21.129875,1.0,10,,scalar_first_exact
pg-diskann,100000,3,w3,630,20.931541,1.0,10,,scalar_first_exact
pg-diskann,100000,3,w3,802,20.8315,1.0,10,,scalar_first_exact
pg-diskann,100000,3,w3,233,20.679208,1.0,10,,scalar_first_exact
pg-diskann,100000,3,w3,754,20.626708,1.0,10,,scalar_first_exact
pg-diskann,100000,3,w3,326,20.818416,1.0,10,,scalar_first_exact
pg-diskann,100000,3,w3,402,21.430792,1.0,10,,scalar_first_exact
pg-diskann,100000,3,w3,735,21.852875,1.0,10,,scalar_first_exact
pg-diskann,100000,3,w3,357,22.3925,1.0,10,,scalar_first_exact
pg-diskann,100000,3,w3,197,21.425792,1.0,10,,scalar_first_exact
pg-diskann,100000,3,w3,850,21.5945,1.0,10,,scalar_first_exact
pg-diskann,100000,3,w3,321,20.817375,1.0,10,,scalar_first_exact
pg-diskann,100000,3,w3,854,20.975292,1.0,10,,scalar_first_exact
pg-diskann,100000,3,w3,232,21.43175,1.0,10,,scalar_first_exact
pg-diskann,100000,3,w3,373,21.826166,1.0,10,,scalar_first_exact
pg-diskann,100000,3,w3,955,22.3,1.0,10,,scalar_first_exact
pg-diskann,100000,3,w3,693,22.599125,1.0,10,,scalar_first_exact
pg-diskann,100000,3,w3,746,21.506125,1.0,10,,scalar_first_exact
pg-diskann,100000,3,w3,467,22.178041,1.0,10,,scalar_first_exact
pg-diskann,100000,3,w3,620,21.662542,1.0,10,,scalar_first_exact
pg-diskann,100000,3,w3,282,23.837834,1.0,10,,scalar_first_exact
pg-diskann,100000,3,w3,353,22.470625,1.0,10,,scalar_first_exact
pg-diskann,100000,3,w3,968,21.706708,1.0,10,,scalar_first_exact
pg-diskann,100000,3,w3,861,23.210667,1.0,10,,scalar_first_exact
pg-diskann,100000,3,w3,622,21.88275,1.0,10,,scalar_first_exact
pg-diskann,100000,3,w3,846,22.558708,1.0,10,,scalar_first_exact
pg-diskann,100000,3,w3,915,21.82225,1.0,10,,scalar_first_exact
pg-diskann,100000,3,w3,411,22.050084,1.0,10,,scalar_first_exact
pg-diskann,100000,3,w3,971,23.259292,1.0,10,,scalar_first_exact
pg-diskann,100000,3,w3,556,22.092708,1.0,10,,scalar_first_exact
pg-diskann,100000,3,w3,860,22.48575,1.0,10,,scalar_first_exact
pg-diskann,100000,3,w3,376,22.539542,1.0,10,,scalar_first_exact
pg-diskann,100000,3,w3,793,21.477625,1.0,10,,scalar_first_exact
pg-diskann,100000,3,w3,704,20.965375,1.0,10,,scalar_first_exact
pg-diskann,100000,3,w3,835,21.670208,1.0,10,,scalar_first_exact
pg-diskann,100000,3,w3,208,22.820375,1.0,10,,scalar_first_exact
pg-diskann,100000,3,w3,653,21.546,1.0,10,,scalar_first_exact
pg-diskann,100000,3,w3,202,22.048292,1.0,10,,scalar_first_exact
pg-diskann,100000,3,w3,398,21.697459,1.0,10,,scalar_first_exact
pg-diskann,100000,3,w3,663,22.041333,1.0,10,,scalar_first_exact
pg-diskann,100000,3,w3,139,22.419208,1.0,10,,scalar_first_exact
pg-diskann,100000,3,w3,443,21.929375,1.0,10,,scalar_first_exact
pg-diskann,100000,3,w3,355,23.022666,1.0,10,,scalar_first_exact
pg-diskann,100000,3,w3,892,21.821,1.0,10,,scalar_first_exact
pg-diskann,100000,3,w3,931,22.841083,1.0,10,,scalar_first_exact
pg-diskann,100000,3,w3,593,21.463416,1.0,10,,scalar_first_exact
pg-diskann,100000,3,w3,320,21.190708,1.0,10,,scalar_first_exact
pg-diskann,100000,3,w3,598,21.142417,1.0,10,,scalar_first_exact
pg-diskann,100000,3,w3,552,20.999708,1.0,10,,scalar_first_exact
pg-diskann,100000,3,w3,887,21.475875,1.0,10,,scalar_first_exact
pg-diskann,100000,3,w3,813,21.729875,1.0,10,,scalar_first_exact
pg-diskann,100000,3,w3,938,22.182125,1.0,10,,scalar_first_exact
pg-diskann,100000,3,w3,691,22.821583,1.0,10,,scalar_first_exact
pg-diskann,100000,3,w3,371,23.056209,1.0,10,,scalar_first_exact
pg-diskann,100000,3,w3,999,21.920375,1.0,10,,scalar_first_exact
pg-diskann,100000,3,w3,107,23.393292,1.0,10,,scalar_first_exact
pg-diskann,100000,3,w3,300,22.861458,1.0,10,,scalar_first_exact
pg-diskann,100000,3,w3,676,22.659042,1.0,10,,scalar_first_exact
pg-diskann,100000,3,w3,785,22.301167,1.0,10,,scalar_first_exact
pg-diskann,100000,3,w3,532,22.668084,1.0,10,,scalar_first_exact
pg-diskann,100000,3,w3,278,23.692667,1.0,10,,scalar_first_exact
pg-diskann,100000,3,w3,240,22.255458,1.0,10,,scalar_first_exact
pg-diskann,100000,3,w3,382,21.825,1.0,10,,scalar_first_exact
pg-diskann,100000,3,w3,724,23.454458,1.0,10,,scalar_first_exact
pg-diskann,100000,3,w3,308,23.275292,1.0,10,,scalar_first_exact
pg-diskann,100000,3,w3,346,22.817375,1.0,10,,scalar_first_exact
pg-diskann,100000,3,w3,393,23.015375,1.0,10,,scalar_first_exact
pg-diskann,100000,3,w3,471,21.521417,1.0,10,,scalar_first_exact
pg-diskann,100000,3,w3,394,21.901125,1.0,10,,scalar_first_exact
pg-diskann,100000,3,w3,959,21.593833,1.0,10,,scalar_first_exact
pg-diskann,100000,3,w3,615,21.437292,1.0,10,,scalar_first_exact
pg-diskann,100000,3,w3,901,21.490125,1.0,10,,scalar_first_exact
pg-diskann,100000,3,w3,426,21.373708,1.0,10,,scalar_first_exact
pg-diskann,100000,3,w3,341,22.681917,1.0,10,,scalar_first_exact
pg-diskann,100000,3,w3,698,21.597542,1.0,10,,scalar_first_exact
pg-diskann,100000,3,w3,909,24.847917,1.0,10,,scalar_first_exact
pg-diskann,100000,3,w3,548,22.3815,1.0,10,,scalar_first_exact
pg-diskann,100000,3,w3,207,22.4975,1.0,10,,scalar_first_exact
pg-diskann,100000,3,w3,314,22.137166,1.0,10,,scalar_first_exact
pg-diskann,100000,3,w3,295,21.36575,1.0,10,,scalar_first_exact
pg-diskann,100000,3,w3,602,20.970791,1.0,10,,scalar_first_exact
pg-diskann,100000,3,w3,179,23.420917,1.0,10,,scalar_first_exact
pg-diskann,100000,3,w3,539,21.433458,1.0,10,,scalar_first_exact
pg-diskann,100000,3,w3,574,21.504459,1.0,10,,scalar_first_exact
pg-diskann,100000,3,w3,269,21.514791,1.0,10,,scalar_first_exact
pg-diskann,100000,3,w3,582,22.101417,1.0,10,,scalar_first_exact
pg-diskann,100000,3,w3,428,21.567583,1.0,10,,scalar_first_exact
pg-diskann,100000,3,w3,836,22.049625,1.0,10,,scalar_first_exact
pg-diskann,100000,3,w3,791,22.7665,1.0,10,,scalar_first_exact
pg-diskann,100000,3,w3,422,21.257334,1.0,10,,scalar_first_exact
pg-diskann,100000,3,w3,466,21.908459,1.0,10,,scalar_first_exact
pg-diskann,100000,3,w3,290,21.21375,1.0,10,,scalar_first_exact
pg-diskann,100000,3,w3,566,20.431333,1.0,10,,scalar_first_exact
pg-diskann,100000,3,w3,500,20.890167,1.0,10,,scalar_first_exact
pg-diskann,100000,3,w3,932,20.882583,1.0,10,,scalar_first_exact
pg-diskann,100000,3,w3,910,20.816875,1.0,10,,scalar_first_exact
pg-diskann,100000,3,w3,436,23.46275,1.0,10,,scalar_first_exact
pg-diskann,100000,3,w3,323,22.543083,1.0,10,,scalar_first_exact
pg-diskann,100000,3,w3,661,21.902,1.0,10,,scalar_first_exact
pg-diskann,100000,3,w3,103,20.780709,1.0,10,,scalar_first_exact
pg-diskann,100000,3,w3,680,22.307584,1.0,10,,scalar_first_exact
pg-diskann,100000,3,w3,926,21.915875,1.0,10,,scalar_first_exact
pg-diskann,100000,3,w3,970,22.671208,1.0,10,,scalar_first_exact
pg-diskann,100000,3,w3,347,22.101583,1.0,10,,scalar_first_exact
pg-diskann,100000,3,w3,672,23.769917,1.0,10,,scalar_first_exact
pg-diskann,100000,3,w3,562,22.121333,1.0,10,,scalar_first_exact
pg-diskann,100000,3,w3,145,21.978917,1.0,10,,scalar_first_exact
pg-diskann,100000,3,w3,399,24.0995,1.0,10,,scalar_first_exact
pg-diskann,100000,3,w3,517,25.089167,1.0,10,,scalar_first_exact
pg-diskann,100000,3,w3,528,24.417041,1.0,10,,scalar_first_exact
pg-diskann,100000,3,w3,126,22.808291,1.0,10,,scalar_first_exact
pg-diskann,100000,3,w3,180,26.179917,1.0,10,,scalar_first_exact
pg-diskann,100000,3,w3,713,26.765584,1.0,10,,scalar_first_exact
pg-diskann,100000,3,w3,310,22.816584,1.0,10,,scalar_first_exact
pg-diskann,100000,3,w3,122,22.794,1.0,10,,scalar_first_exact
pg-diskann,100000,3,w3,682,21.885417,1.0,10,,scalar_first_exact
pg-diskann,100000,3,w3,986,24.68475,1.0,10,,scalar_first_exact
pg-diskann,100000,3,w3,831,22.732833,1.0,10,,scalar_first_exact
pg-diskann,100000,3,w3,474,26.461458,1.0,10,,scalar_first_exact
pg-diskann,100000,3,w3,673,24.371583,1.0,10,,scalar_first_exact
pg-diskann,100000,3,w3,580,21.594583,1.0,10,,scalar_first_exact
pg-diskann,100000,3,w3,837,21.577125,1.0,10,,scalar_first_exact
pg-diskann,100000,3,w3,751,23.753333,1.0,10,,scalar_first_exact
pg-diskann,100000,3,w3,456,26.381291,1.0,10,,scalar_first_exact
pg-diskann,100000,3,w3,256,22.7295,1.0,10,,scalar_first_exact
pg-diskann,100000,3,w3,760,24.726959,1.0,10,,scalar_first_exact
pg-diskann,100000,3,w3,283,22.706167,1.0,10,,scalar_first_exact
pg-diskann,100000,3,w3,824,25.178416,1.0,10,,scalar_first_exact
pg-diskann,100000,3,w3,827,28.922333,1.0,10,,scalar_first_exact
pg-diskann,100000,3,w3,776,22.048083,1.0,10,,scalar_first_exact
pg-diskann,100000,3,w3,632,23.163625,1.0,10,,scalar_first_exact
pg-diskann,100000,3,w3,819,22.752333,1.0,10,,scalar_first_exact
pg-diskann,100000,3,w3,214,22.98075,1.0,10,,scalar_first_exact
pg-diskann,100000,3,w3,794,23.61725,1.0,10,,scalar_first_exact
pg-diskann,100000,3,w3,883,21.861333,1.0,10,,scalar_first_exact
pg-diskann,100000,3,w3,639,21.540792,1.0,10,,scalar_first_exact
pg-diskann,100000,3,w3,708,21.414291,1.0,10,,scalar_first_exact
pg-diskann,100000,3,w3,997,21.278708,1.0,10,,scalar_first_exact
pg-diskann,100000,3,w3,859,21.076833,1.0,10,,scalar_first_exact
pg-diskann,100000,3,w3,841,21.083542,1.0,10,,scalar_first_exact
pg-diskann,100000,3,w3,920,20.779875,1.0,10,,scalar_first_exact
pg-diskann,100000,3,w3,608,20.805125,1.0,10,,scalar_first_exact
pg-diskann,100000,3,w3,769,21.004792,1.0,10,,scalar_first_exact
pg-diskann,100000,3,w3,116,21.27225,1.0,10,,scalar_first_exact
pg-diskann,100000,3,w3,728,22.868,1.0,10,,scalar_first_exact
pg-diskann,100000,3,w3,603,27.651833,1.0,10,,scalar_first_exact
pg-diskann,100000,3,w3,886,22.817042,1.0,10,,scalar_first_exact
pg-diskann,100000,3,w3,930,22.494292,1.0,10,,scalar_first_exact
pg-diskann,100000,3,w3,605,23.751542,1.0,10,,scalar_first_exact
pg-diskann,100000,3,w3,457,22.260709,1.0,10,,scalar_first_exact
pg-diskann,100000,3,w3,829,21.952167,1.0,10,,scalar_first_exact
pg-diskann,100000,3,w3,590,22.49425,1.0,10,,scalar_first_exact
pg-diskann,100000,3,w3,753,22.119167,1.0,10,,scalar_first_exact
pg-diskann,100000,3,w3,181,21.377791,1.0,10,,scalar_first_exact
pg-diskann,100000,3,w3,732,21.574667,1.0,10,,scalar_first_exact
pg-diskann,100000,3,w3,958,24.054459,1.0,10,,scalar_first_exact
pg-diskann,100000,3,w3,937,21.659166,1.0,10,,scalar_first_exact
pg-diskann,100000,3,w3,465,22.41325,1.0,10,,scalar_first_exact
pg-diskann,100000,3,w3,328,21.615292,1.0,10,,scalar_first_exact
pg-diskann,100000,3,w3,117,22.218542,1.0,10,,scalar_first_exact
pg-diskann,100000,3,w3,213,22.564125,1.0,10,,scalar_first_exact
pg-diskann,100000,3,w3,765,22.339583,1.0,10,,scalar_first_exact
pg-diskann,100000,3,w3,418,22.030625,1.0,10,,scalar_first_exact
pg-diskann,100000,3,w3,894,24.246917,1.0,10,,scalar_first_exact
pg-diskann,100000,3,w3,296,22.914042,1.0,10,,scalar_first_exact
pg-diskann,100000,3,w3,124,22.443125,1.0,10,,scalar_first_exact
pg-diskann,100000,3,w3,679,21.634917,1.0,10,,scalar_first_exact
pg-diskann,100000,3,w3,243,22.724875,1.0,10,,scalar_first_exact
pg-diskann,100000,3,w3,183,22.923584,1.0,10,,scalar_first_exact
pg-diskann,100000,3,w3,568,23.051708,1.0,10,,scalar_first_exact
pg-diskann,100000,3,w3,703,21.650125,1.0,10,,scalar_first_exact
pg-diskann,100000,3,w3,185,21.471375,1.0,10,,scalar_first_exact
pg-diskann,100000,3,w3,433,22.664291,1.0,10,,scalar_first_exact
pg-diskann,100000,3,w3,717,22.264,1.0,10,,scalar_first_exact
pg-diskann,100000,3,w3,960,21.612125,1.0,10,,scalar_first_exact
pg-diskann,100000,3,w3,633,23.828167,1.0,10,,scalar_first_exact
pg-diskann,100000,3,w3,261,22.022333,1.0,10,,scalar_first_exact
pg-diskann,100000,3,w3,655,23.340042,1.0,10,,scalar_first_exact
pg-diskann,100000,3,w3,571,21.994917,1.0,10,,scalar_first_exact
pg-diskann,100000,3,w3,584,21.507958,1.0,10,,scalar_first_exact
pg-diskann,100000,3,w3,740,21.976792,1.0,10,,scalar_first_exact
pg-diskann,100000,3,w3,482,20.932958,1.0,10,,scalar_first_exact
pg-diskann,100000,3,w3,258,21.269292,1.0,10,,scalar_first_exact
pg-diskann,100000,3,w3,696,20.963959,1.0,10,,scalar_first_exact
pg-diskann,100000,3,w3,647,21.422667,1.0,10,,scalar_first_exact
pg-diskann,100000,3,w3,560,21.083541,1.0,10,,scalar_first_exact
pg-diskann,100000,3,w3,419,21.123875,1.0,10,,scalar_first_exact
pg-diskann,100000,3,w3,742,20.739125,1.0,10,,scalar_first_exact
pg-diskann,100000,3,w3,815,21.289042,1.0,10,,scalar_first_exact
pg-diskann,100000,3,w3,814,20.496625,1.0,10,,scalar_first_exact
pg-diskann,100000,3,w3,121,21.438916,1.0,10,,scalar_first_exact
pg-diskann,100000,3,w3,957,21.805458,1.0,10,,scalar_first_exact
pg-diskann,100000,3,w3,247,21.847958,1.0,10,,scalar_first_exact
pg-diskann,100000,3,w3,726,21.947458,1.0,10,,scalar_first_exact
pg-diskann,100000,3,w3,392,23.26425,1.0,10,,scalar_first_exact
pg-diskann,100000,3,w3,808,21.723375,1.0,10,,scalar_first_exact
pg-diskann,100000,3,w3,712,21.959292,1.0,10,,scalar_first_exact
pg-diskann,100000,3,w3,195,22.86025,1.0,10,,scalar_first_exact
pg-diskann,100000,3,w3,375,22.27725,1.0,10,,scalar_first_exact
pg-diskann,100000,3,w3,288,21.71125,1.0,10,,scalar_first_exact
pg-diskann,100000,3,w3,248,22.727875,1.0,10,,scalar_first_exact
pg-diskann,100000,3,w3,495,21.7305,1.0,10,,scalar_first_exact
pg-diskann,100000,3,w3,241,21.470667,1.0,10,,scalar_first_exact
pg-diskann,100000,3,w3,678,21.291166,1.0,10,,scalar_first_exact
pg-diskann,100000,3,w3,934,23.586125,1.0,10,,scalar_first_exact
pg-diskann,100000,3,w3,929,21.27525,1.0,10,,scalar_first_exact
pg-diskann,100000,3,w3,812,21.292083,1.0,10,,scalar_first_exact
pg-diskann,100000,3,w3,572,22.367459,1.0,10,,scalar_first_exact
pg-diskann,100000,3,w3,415,23.293834,1.0,10,,scalar_first_exact
pg-diskann,100000,3,w3,363,22.763167,1.0,10,,scalar_first_exact
pg-diskann,100000,3,w3,984,22.774583,1.0,10,,scalar_first_exact
pg-diskann,100000,3,w3,491,22.178709,1.0,10,,scalar_first_exact
pg-diskann,100000,3,w3,744,22.236541,1.0,10,,scalar_first_exact
pg-diskann,100000,3,w3,810,22.896458,1.0,10,,scalar_first_exact
pg-diskann,100000,3,w3,845,24.004375,1.0,10,,scalar_first_exact
pg-diskann,100000,3,w3,138,22.61125,1.0,10,,scalar_first_exact
pg-diskann,100000,3,w3,299,21.487917,1.0,10,,scalar_first_exact
pg-diskann,100000,3,w3,772,21.905,1.0,10,,scalar_first_exact
pg-diskann,100000,3,w3,378,21.492333,1.0,10,,scalar_first_exact
pg-diskann,100000,3,w3,884,23.255791,1.0,10,,scalar_first_exact
pg-diskann,100000,3,w3,777,23.089125,1.0,10,,scalar_first_exact
pg-diskann,100000,3,w3,575,22.943541,1.0,10,,scalar_first_exact
pg-diskann,100000,3,w3,511,22.027958,1.0,10,,scalar_first_exact
pg-diskann,100000,3,w3,230,21.542542,1.0,10,,scalar_first_exact
pg-diskann,100000,3,w3,634,22.000583,1.0,10,,scalar_first_exact
pg-diskann,100000,3,w3,125,20.700625,1.0,10,,scalar_first_exact
pg-diskann,100000,3,w3,374,20.814166,1.0,10,,scalar_first_exact
pg-diskann,100000,3,w3,749,21.533833,1.0,10,,scalar_first_exact
pg-diskann,100000,3,w3,650,22.422625,1.0,10,,scalar_first_exact
pg-diskann,100000,3,w3,714,21.718666,1.0,10,,scalar_first_exact
pg-diskann,100000,3,w3,919,22.373416,1.0,10,,scalar_first_exact
pg-diskann,100000,3,w3,953,22.71925,1.0,10,,scalar_first_exact
pg-diskann,100000,3,w3,851,23.125625,1.0,10,,scalar_first_exact
pg-diskann,100000,3,w3,352,23.159583,1.0,10,,scalar_first_exact
pg-diskann,100000,3,w3,315,22.639458,1.0,10,,scalar_first_exact
pg-diskann,100000,3,w3,659,22.741459,1.0,10,,scalar_first_exact
pg-diskann,100000,3,w3,619,22.909041,1.0,10,,scalar_first_exact
pg-diskann,100000,3,w3,408,23.840375,1.0,10,,scalar_first_exact
pg-diskann,100000,3,w3,387,22.441084,1.0,10,,scalar_first_exact
pg-diskann,100000,3,w3,502,21.8255,1.0,10,,scalar_first_exact
pg-diskann,100000,3,w3,806,23.2925,1.0,10,,scalar_first_exact
pg-diskann,100000,3,w3,904,21.782709,1.0,10,,scalar_first_exact
pg-diskann,100000,3,w3,989,24.054625,1.0,10,,scalar_first_exact
pg-diskann,100000,3,w3,245,22.439583,1.0,10,,scalar_first_exact
pg-diskann,100000,3,w3,508,24.229333,1.0,10,,scalar_first_exact
pg-diskann,100000,3,w3,880,22.60375,1.0,10,,scalar_first_exact
pg-diskann,100000,3,w3,115,22.647,1.0,10,,scalar_first_exact
pg-diskann,100000,3,w3,674,21.663416,1.0,10,,scalar_first_exact
pg-diskann,100000,3,w3,249,21.718916,1.0,10,,scalar_first_exact
pg-diskann,100000,3,w3,106,22.587083,1.0,10,,scalar_first_exact
pg-diskann,100000,3,w3,690,21.527708,1.0,10,,scalar_first_exact
pg-diskann,100000,3,w3,976,22.070042,1.0,10,,scalar_first_exact
pg-diskann,100000,3,w3,948,22.817708,1.0,10,,scalar_first_exact
pg-diskann,100000,3,w3,631,24.532542,1.0,10,,scalar_first_exact
pg-diskann,100000,3,w3,905,23.1135,1.0,10,,scalar_first_exact
pg-diskann,100000,3,w3,370,22.715125,1.0,10,,scalar_first_exact
pg-diskann,100000,3,w3,962,22.849584,1.0,10,,scalar_first_exact
pg-diskann,100000,3,w3,319,23.094833,1.0,10,,scalar_first_exact
pg-diskann,100000,3,w3,111,23.219625,1.0,10,,scalar_first_exact
pg-diskann,100000,3,w3,770,24.9045,1.0,10,,scalar_first_exact
pg-diskann,100000,3,w3,164,22.815208,1.0,10,,scalar_first_exact
pg-diskann,100000,3,w3,595,22.201208,1.0,10,,scalar_first_exact
pg-diskann,100000,3,w3,253,23.76775,1.0,10,,scalar_first_exact
pg-diskann,100000,3,w3,425,21.466541,1.0,10,,scalar_first_exact
pg-diskann,100000,3,w3,967,22.940541,1.0,10,,scalar_first_exact
pg-diskann,100000,3,w3,748,21.954625,1.0,10,,scalar_first_exact
pg-diskann,100000,3,w3,944,25.262125,1.0,10,,scalar_first_exact
pg-diskann,100000,3,w3,268,24.178292,1.0,10,,scalar_first_exact
pg-diskann,100000,3,w3,652,22.127875,1.0,10,,scalar_first_exact
pg-diskann,100000,3,w3,219,21.587416,1.0,10,,scalar_first_exact
pg-diskann,100000,3,w3,952,23.060458,1.0,10,,scalar_first_exact
pg-diskann,100000,3,w3,872,21.015083,1.0,10,,scalar_first_exact
pg-diskann,100000,3,w3,302,20.518167,1.0,10,,scalar_first_exact
pg-diskann,100000,3,w3,533,25.610541,1.0,10,,scalar_first_exact
pg-diskann,100000,3,w3,628,23.634959,1.0,10,,scalar_first_exact
pg-diskann,100000,3,w3,610,21.287416,1.0,10,,scalar_first_exact
pg-diskann,100000,3,w3,477,22.09575,1.0,10,,scalar_first_exact
pg-diskann,100000,3,w3,600,21.872916,1.0,10,,scalar_first_exact
pg-diskann,100000,3,w3,761,22.6575,1.0,10,,scalar_first_exact
pg-diskann,100000,3,w3,570,23.935042,1.0,10,,scalar_first_exact
pg-diskann,100000,3,w3,463,22.515083,1.0,10,,scalar_first_exact
pg-diskann,100000,3,w3,118,22.34775,1.0,10,,scalar_first_exact
pg-diskann,100000,3,w3,342,21.378167,1.0,10,,scalar_first_exact
pg-diskann,100000,3,w3,907,23.37175,1.0,10,,scalar_first_exact
pg-diskann,100000,3,w3,567,24.960334,1.0,10,,scalar_first_exact
pg-diskann,100000,3,w3,700,25.201708,1.0,10,,scalar_first_exact
pg-diskann,100000,3,w3,591,24.667875,1.0,10,,scalar_first_exact
pg-diskann,100000,3,w3,988,27.612167,1.0,10,,scalar_first_exact
pg-diskann,100000,3,w3,811,22.40925,1.0,10,,scalar_first_exact
pg-diskann,100000,3,w3,340,26.753583,1.0,10,,scalar_first_exact
pg-diskann,100000,3,w3,459,22.905625,1.0,10,,scalar_first_exact
pg-diskann,100000,3,w3,412,22.115875,1.0,10,,scalar_first_exact
pg-diskann,100000,3,w3,848,22.008292,1.0,10,,scalar_first_exact
pg-diskann,100000,3,w3,844,30.219792,1.0,10,,scalar_first_exact
pg-diskann,100000,3,w3,621,23.673167,1.0,10,,scalar_first_exact
pg-diskann,100000,3,w3,675,24.359083,1.0,10,,scalar_first_exact
pg-diskann,100000,3,w3,719,25.189375,1.0,10,,scalar_first_exact
pg-diskann,100000,3,w3,668,23.953667,1.0,10,,scalar_first_exact
pg-diskann,100000,3,w3,151,21.781792,1.0,10,,scalar_first_exact
pg-diskann,100000,3,w3,325,22.965291,1.0,10,,scalar_first_exact
pg-diskann,100000,3,w3,529,21.397,1.0,10,,scalar_first_exact
pg-diskann,100000,3,w3,492,26.561542,1.0,10,,scalar_first_exact
pg-diskann,100000,3,w3,351,24.224083,1.0,10,,scalar_first_exact
pg-diskann,100000,3,w3,637,25.3165,1.0,10,,scalar_first_exact
pg-diskann,100000,3,w3,916,26.801375,1.0,10,,scalar_first_exact
pg-diskann,100000,3,w3,509,23.33,1.0,10,,scalar_first_exact
pg-diskann,100000,3,w3,507,23.673083,1.0,10,,scalar_first_exact
pg-diskann,100000,3,w3,186,21.692792,1.0,10,,scalar_first_exact
pg-diskann,100000,3,w3,805,22.4625,1.0,10,,scalar_first_exact
pg-diskann,100000,3,w3,964,22.368625,1.0,10,,scalar_first_exact
pg-diskann,100000,3,w3,978,21.8495,1.0,10,,scalar_first_exact
pg-diskann,100000,3,w3,108,20.911875,1.0,10,,scalar_first_exact
pg-diskann,100000,3,w3,162,21.257375,1.0,10,,scalar_first_exact
pg-diskann,100000,3,w3,141,22.233084,1.0,10,,scalar_first_exact
pg-diskann,100000,3,w3,176,21.521292,1.0,10,,scalar_first_exact
pg-diskann,100000,3,w3,734,20.9395,1.0,10,,scalar_first_exact
pg-diskann,100000,3,w3,237,21.5625,1.0,10,,scalar_first_exact
pg-diskann,100000,3,w3,783,20.936,1.0,10,,scalar_first_exact
pg-diskann,100000,3,w3,555,20.74125,1.0,10,,scalar_first_exact
pg-diskann,100000,3,w3,211,21.450875,1.0,10,,scalar_first_exact
pg-diskann,100000,3,w3,229,22.131833,1.0,10,,scalar_first_exact
pg-diskann,100000,3,w3,345,22.845584,1.0,10,,scalar_first_exact
pg-diskann,100000,3,w3,198,22.046875,1.0,10,,scalar_first_exact
pg-diskann,100000,3,w3,417,25.618167,1.0,10,,scalar_first_exact
pg-diskann,100000,3,w3,816,22.443708,1.0,10,,scalar_first_exact
pg-diskann,100000,3,w3,405,22.35075,1.0,10,,scalar_first_exact
pg-diskann,100000,3,w3,159,22.522334,1.0,10,,scalar_first_exact
pg-diskann,100000,3,w3,537,21.870666,1.0,10,,scalar_first_exact
pg-diskann,100000,3,w3,494,21.954125,1.0,10,,scalar_first_exact
pg-diskann,100000,3,w3,146,22.7405,1.0,10,,scalar_first_exact
pg-diskann,100000,3,w3,424,22.183,1.0,10,,scalar_first_exact
pg-diskann,100000,3,w3,452,22.859542,1.0,10,,scalar_first_exact
pg-diskann,100000,3,w3,441,22.890583,1.0,10,,scalar_first_exact
pg-diskann,100000,3,w3,551,23.404584,1.0,10,,scalar_first_exact
pg-diskann,100000,3,w3,737,22.140875,1.0,10,,scalar_first_exact
pg-diskann,100000,3,w3,800,21.708583,1.0,10,,scalar_first_exact
pg-diskann,100000,3,w3,994,22.675125,1.0,10,,scalar_first_exact
pg-diskann,100000,3,w3,954,22.313625,1.0,10,,scalar_first_exact
pg-diskann,100000,3,w3,644,22.18075,1.0,10,,scalar_first_exact
pg-diskann,100000,3,w3,489,22.532541,1.0,10,,scalar_first_exact
pg-diskann,100000,3,w3,982,29.756875,1.0,10,,scalar_first_exact
pg-diskann,100000,3,w3,974,30.016875,1.0,10,,scalar_first_exact
pg-diskann,100000,3,w3,766,22.870583,1.0,10,,scalar_first_exact
pg-diskann,100000,3,w3,285,22.576083,1.0,10,,scalar_first_exact
pg-diskann,100000,3,w3,822,22.940708,1.0,10,,scalar_first_exact
pg-diskann,100000,3,w3,922,21.474125,1.0,10,,scalar_first_exact
pg-diskann,100000,3,w3,862,23.552291,1.0,10,,scalar_first_exact
pg-diskann,100000,3,w3,488,22.128875,1.0,10,,scalar_first_exact
pg-diskann,100000,3,w3,923,23.304042,1.0,10,,scalar_first_exact
pg-diskann,100000,3,w3,965,22.27475,1.0,10,,scalar_first_exact
pg-diskann,100000,3,w3,689,26.301833,1.0,10,,scalar_first_exact
pg-diskann,100000,3,w3,642,21.712458,1.0,10,,scalar_first_exact
pg-diskann,100000,3,w3,651,22.304959,1.0,10,,scalar_first_exact
pg-diskann,100000,3,w3,196,22.529041,1.0,10,,scalar_first_exact
pg-diskann,100000,3,w3,799,21.691792,1.0,10,,scalar_first_exact
pg-diskann,100000,3,w3,738,22.086083,1.0,10,,scalar_first_exact
pg-diskann,100000,3,w3,204,21.204917,1.0,10,,scalar_first_exact
pg-diskann,100000,3,w3,576,21.004459,1.0,10,,scalar_first_exact
pg-diskann,100000,3,w3,687,21.126125,1.0,10,,scalar_first_exact
pg-diskann,100000,3,w3,187,21.334334,1.0,10,,scalar_first_exact
pg-diskann,100000,3,w3,745,20.550458,1.0,10,,scalar_first_exact
pg-diskann,100000,3,w3,265,22.057667,1.0,10,,scalar_first_exact
pg-diskann,100000,3,w3,364,21.360708,1.0,10,,scalar_first_exact
pg-diskann,100000,3,w3,287,25.371041,1.0,10,,scalar_first_exact
pg-diskann,100000,3,w3,667,23.483,1.0,10,,scalar_first_exact
pg-diskann,100000,3,w3,729,23.835958,1.0,10,,scalar_first_exact
pg-diskann,100000,3,w3,301,22.674708,1.0,10,,scalar_first_exact
pg-diskann,100000,3,w3,503,22.737458,1.0,10,,scalar_first_exact
pg-diskann,100000,3,w3,358,21.860417,1.0,10,,scalar_first_exact
pg-diskann,100000,3,w3,110,21.90875,1.0,10,,scalar_first_exact
pg-diskann,100000,3,w3,588,21.455584,1.0,10,,scalar_first_exact
pg-diskann,100000,3,w3,209,22.480084,1.0,10,,scalar_first_exact
pg-diskann,100000,3,w3,143,22.674958,1.0,10,,scalar_first_exact
pg-diskann,100000,3,w3,200,22.056958,1.0,10,,scalar_first_exact
pg-diskann,100000,3,w3,100,22.385417,1.0,10,,scalar_first_exact
pg-diskann,100000,3,w3,983,21.285833,1.0,10,,scalar_first_exact
pg-diskann,100000,3,w3,174,25.125667,1.0,10,,scalar_first_exact
pg-diskann,100000,3,w3,702,23.190834,1.0,10,,scalar_first_exact
pg-diskann,100000,3,w3,225,21.4535,1.0,10,,scalar_first_exact
pg-diskann,100000,3,w3,895,22.698916,1.0,10,,scalar_first_exact
pg-diskann,100000,3,w3,461,24.292709,1.0,10,,scalar_first_exact
pg-diskann,100000,3,w3,722,22.47025,1.0,10,,scalar_first_exact
pg-diskann,100000,3,w3,429,22.092333,1.0,10,,scalar_first_exact
pg-diskann,100000,3,w3,397,22.4815,1.0,10,,scalar_first_exact
pg-diskann,100000,3,w3,981,23.939583,1.0,10,,scalar_first_exact
pg-diskann,100000,3,w3,210,22.89675,1.0,10,,scalar_first_exact
pg-diskann,100000,3,w3,782,22.831334,1.0,10,,scalar_first_exact
pg-diskann,100000,3,w3,755,21.795208,1.0,10,,scalar_first_exact
pg-diskann,100000,3,w3,483,21.17575,1.0,10,,scalar_first_exact
pg-diskann,100000,3,w3,430,22.351584,1.0,10,,scalar_first_exact
pg-diskann,100000,3,w3,372,21.66875,1.0,10,,scalar_first_exact
pg-diskann,100000,3,w3,367,22.046208,1.0,10,,scalar_first_exact
pg-diskann,100000,3,w3,921,22.643,1.0,10,,scalar_first_exact
pg-diskann,100000,3,w3,134,21.439459,1.0,10,,scalar_first_exact
pg-diskann,100000,3,w3,826,21.347333,1.0,10,,scalar_first_exact
pg-diskann,100000,3,w3,515,21.537584,1.0,10,,scalar_first_exact
pg-diskann,100000,3,w3,289,21.499833,1.0,10,,scalar_first_exact
pg-diskann,100000,3,w3,935,22.390458,1.0,10,,scalar_first_exact
pg-diskann,100000,3,w3,918,21.842209,1.0,10,,scalar_first_exact
pg-diskann,100000,3,w3,648,21.504541,1.0,10,,scalar_first_exact
pg-diskann,100000,3,w3,903,20.780916,1.0,10,,scalar_first_exact
pg-diskann,100000,3,w3,927,21.174875,1.0,10,,scalar_first_exact
pg-diskann,100000,3,w3,592,22.212583,1.0,10,,scalar_first_exact
pg-diskann,100000,3,w3,354,20.884459,1.0,10,,scalar_first_exact
pg-diskann,100000,3,w3,330,22.761958,1.0,10,,scalar_first_exact
pg-diskann,100000,3,w3,270,22.262458,1.0,10,,scalar_first_exact
pg-diskann,100000,3,w3,360,23.007041,1.0,10,,scalar_first_exact
pg-diskann,100000,3,w3,865,22.794917,1.0,10,,scalar_first_exact
pg-diskann,100000,3,w3,596,22.611875,1.0,10,,scalar_first_exact
pg-diskann,100000,3,w3,914,23.105292,1.0,10,,scalar_first_exact
pg-diskann,100000,3,w3,505,22.600917,1.0,10,,scalar_first_exact
pg-diskann,100000,3,w3,716,21.928583,1.0,10,,scalar_first_exact
pg-diskann,100000,3,w3,224,23.223541,1.0,10,,scalar_first_exact
pg-diskann,100000,3,w3,147,23.031958,1.0,10,,scalar_first_exact
pg-diskann,100000,3,w3,563,23.002166,1.0,10,,scalar_first_exact
pg-diskann,100000,3,w3,730,23.35975,1.0,10,,scalar_first_exact
pg-diskann,100000,3,w3,906,21.578792,1.0,10,,scalar_first_exact
pg-diskann,100000,3,w3,522,23.246792,1.0,10,,scalar_first_exact
pg-diskann,100000,3,w3,281,22.9375,1.0,10,,scalar_first_exact
pg-diskann,100000,3,w3,530,22.044875,1.0,10,,scalar_first_exact
pg-diskann,100000,3,w3,998,23.364875,1.0,10,,scalar_first_exact
pg-diskann,100000,3,w3,839,23.022167,1.0,10,,scalar_first_exact
pg-diskann,100000,3,w3,306,22.858958,1.0,10,,scalar_first_exact
pg-diskann,100000,3,w3,788,22.683833,1.0,10,,scalar_first_exact
pg-diskann,100000,3,w3,512,23.033208,1.0,10,,scalar_first_exact
pg-diskann,100000,3,w3,881,21.484208,1.0,10,,scalar_first_exact
pg-diskann,100000,3,w3,153,21.606042,1.0,10,,scalar_first_exact
pg-diskann,100000,3,w3,199,23.789875,1.0,10,,scalar_first_exact
pg-diskann,100000,3,w3,309,22.5115,1.0,10,,scalar_first_exact
pg-diskann,100000,3,w3,531,22.759792,1.0,10,,scalar_first_exact
pg-diskann,100000,3,w4_acl,510,1.767625,1.0,10,,scalar_acl_exact
pg-diskann,100000,3,w4_acl,191,2.353667,1.0,10,,scalar_acl_exact
pg-diskann,100000,3,w4_acl,565,2.66425,1.0,10,,scalar_acl_exact
pg-diskann,100000,3,w4_acl,411,2.341125,1.0,10,,scalar_acl_exact
pg-diskann,100000,3,w4_acl,387,2.27075,1.0,10,,scalar_acl_exact
pg-diskann,100000,3,w4_acl,447,4.415959,1.0,10,,scalar_acl_exact
pg-diskann,100000,3,w4_acl,696,2.557875,1.0,10,,scalar_acl_exact
pg-diskann,100000,3,w4_acl,465,2.429375,1.0,10,,scalar_acl_exact
pg-diskann,100000,3,w4_acl,585,2.485833,1.0,10,,scalar_acl_exact
pg-diskann,100000,3,w4_acl,598,2.489416,1.0,10,,scalar_acl_exact
pg-diskann,100000,3,w4_acl,805,2.449584,1.0,10,,scalar_acl_exact
pg-diskann,100000,3,w4_acl,423,5.420459,1.0,10,,scalar_acl_exact
pg-diskann,100000,3,w4_acl,264,4.758167,1.0,10,,scalar_acl_exact
pg-diskann,100000,3,w4_acl,135,3.037125,1.0,10,,scalar_acl_exact
pg-diskann,100000,3,w4_acl,945,2.374209,1.0,10,,scalar_acl_exact
pg-diskann,100000,3,w4_acl,775,1.847042,1.0,10,,scalar_acl_exact
pg-diskann,100000,3,w4_acl,175,2.888708,1.0,10,,scalar_acl_exact
pg-diskann,100000,3,w4_acl,123,2.478042,1.0,10,,scalar_acl_exact
pg-diskann,100000,3,w4_acl,289,2.632375,1.0,10,,scalar_acl_exact
pg-diskann,100000,3,w4_acl,279,2.514875,1.0,10,,scalar_acl_exact
pg-diskann,100000,3,w4_acl,873,2.389792,1.0,10,,scalar_acl_exact
pg-diskann,100000,3,w4_acl,925,2.38625,1.0,10,,scalar_acl_exact
pg-diskann,100000,3,w4_acl,966,2.388833,1.0,10,,scalar_acl_exact
pg-diskann,100000,3,w4_acl,399,2.357375,1.0,10,,scalar_acl_exact
pg-diskann,100000,3,w4_acl,607,2.266792,1.0,10,,scalar_acl_exact
pg-diskann,100000,3,w4_acl,304,2.899917,1.0,10,,scalar_acl_exact
pg-diskann,100000,3,w4_acl,704,1.674,1.0,10,,scalar_acl_exact
pg-diskann,100000,3,w4_acl,797,2.574959,1.0,10,,scalar_acl_exact
pg-diskann,100000,3,w4_acl,113,2.496208,1.0,10,,scalar_acl_exact
pg-diskann,100000,3,w4_acl,557,3.279708,1.0,10,,scalar_acl_exact
pg-diskann,100000,3,w4_acl,294,2.572042,1.0,10,,scalar_acl_exact
pg-diskann,100000,3,w4_acl,562,2.465084,1.0,10,,scalar_acl_exact
pg-diskann,100000,3,w4_acl,683,6.174584,1.0,10,,scalar_acl_exact
pg-diskann,100000,3,w4_acl,983,2.35675,1.0,10,,scalar_acl_exact
pg-diskann,100000,3,w4_acl,136,2.077958,1.0,10,,scalar_acl_exact
pg-diskann,100000,3,w4_acl,505,2.347875,1.0,10,,scalar_acl_exact
pg-diskann,100000,3,w4_acl,779,2.231584,1.0,10,,scalar_acl_exact
pg-diskann,100000,3,w4_acl,509,2.536417,1.0,10,,scalar_acl_exact
pg-diskann,100000,3,w4_acl,667,2.379208,1.0,10,,scalar_acl_exact
pg-diskann,100000,3,w4_acl,626,2.703291,1.0,10,,scalar_acl_exact
pg-diskann,100000,3,w4_acl,949,2.18475,1.0,10,,scalar_acl_exact
pg-diskann,100000,3,w4_acl,738,2.165542,1.0,10,,scalar_acl_exact
pg-diskann,100000,3,w4_acl,739,2.913334,1.0,10,,scalar_acl_exact
pg-diskann,100000,3,w4_acl,171,2.648292,1.0,10,,scalar_acl_exact
pg-diskann,100000,3,w4_acl,592,2.065334,1.0,10,,scalar_acl_exact
pg-diskann,100000,3,w4_acl,174,2.606333,1.0,10,,scalar_acl_exact
pg-diskann,100000,3,w4_acl,426,2.591875,1.0,10,,scalar_acl_exact
pg-diskann,100000,3,w4_acl,100,4.985875,1.0,10,,scalar_acl_exact
pg-diskann,100000,3,w4_acl,537,2.675041,1.0,10,,scalar_acl_exact
pg-diskann,100000,3,w4_acl,719,2.482417,1.0,10,,scalar_acl_exact
pg-diskann,100000,3,w4_acl,328,2.597125,1.0,10,,scalar_acl_exact
pg-diskann,100000,3,w4_acl,778,5.009542,1.0,10,,scalar_acl_exact
pg-diskann,100000,3,w4_acl,255,3.040208,1.0,10,,scalar_acl_exact
pg-diskann,100000,3,w4_acl,373,2.549083,1.0,10,,scalar_acl_exact
pg-diskann,100000,3,w4_acl,425,4.52525,1.0,10,,scalar_acl_exact
pg-diskann,100000,3,w4_acl,400,2.326167,1.0,10,,scalar_acl_exact
pg-diskann,100000,3,w4_acl,982,3.50075,1.0,10,,scalar_acl_exact
pg-diskann,100000,3,w4_acl,951,2.665541,1.0,10,,scalar_acl_exact
pg-diskann,100000,3,w4_acl,150,2.693083,1.0,10,,scalar_acl_exact
pg-diskann,100000,3,w4_acl,395,4.190334,1.0,10,,scalar_acl_exact
pg-diskann,100000,3,w4_acl,332,2.811375,1.0,10,,scalar_acl_exact
pg-diskann,100000,3,w4_acl,502,5.146334,1.0,10,,scalar_acl_exact
pg-diskann,100000,3,w4_acl,480,2.219667,1.0,10,,scalar_acl_exact
pg-diskann,100000,3,w4_acl,466,4.967833,1.0,10,,scalar_acl_exact
pg-diskann,100000,3,w4_acl,757,2.835458,1.0,10,,scalar_acl_exact
pg-diskann,100000,3,w4_acl,436,2.472084,1.0,10,,scalar_acl_exact
pg-diskann,100000,3,w4_acl,253,3.64375,1.0,10,,scalar_acl_exact
pg-diskann,100000,3,w4_acl,331,3.176792,1.0,10,,scalar_acl_exact
pg-diskann,100000,3,w4_acl,483,4.06925,1.0,10,,scalar_acl_exact
pg-diskann,100000,3,w4_acl,837,2.627209,1.0,10,,scalar_acl_exact
pg-diskann,100000,3,w4_acl,861,2.3095,1.0,10,,scalar_acl_exact
pg-diskann,100000,3,w4_acl,166,3.95225,1.0,10,,scalar_acl_exact
pg-diskann,100000,3,w4_acl,856,2.266833,1.0,10,,scalar_acl_exact
pg-diskann,100000,3,w4_acl,931,2.362417,1.0,10,,scalar_acl_exact
pg-diskann,100000,3,w4_acl,497,3.578792,1.0,10,,scalar_acl_exact
pg-diskann,100000,3,w4_acl,891,2.627041,1.0,10,,scalar_acl_exact
pg-diskann,100000,3,w4_acl,222,2.404083,1.0,10,,scalar_acl_exact
pg-diskann,100000,3,w4_acl,472,5.023125,1.0,10,,scalar_acl_exact
pg-diskann,100000,3,w4_acl,836,2.556833,1.0,10,,scalar_acl_exact
pg-diskann,100000,3,w4_acl,448,2.5805,1.0,10,,scalar_acl_exact
pg-diskann,100000,3,w4_acl,919,2.411458,1.0,10,,scalar_acl_exact
pg-diskann,100000,3,w4_acl,627,2.579875,1.0,10,,scalar_acl_exact
pg-diskann,100000,3,w4_acl,407,4.7465,1.0,10,,scalar_acl_exact
pg-diskann,100000,3,w4_acl,817,2.5885,1.0,10,,scalar_acl_exact
pg-diskann,100000,3,w4_acl,300,2.281834,1.0,10,,scalar_acl_exact
pg-diskann,100000,3,w4_acl,185,3.25175,1.0,10,,scalar_acl_exact
pg-diskann,100000,3,w4_acl,822,2.314541,1.0,10,,scalar_acl_exact
pg-diskann,100000,3,w4_acl,605,2.2465,1.0,10,,scalar_acl_exact
pg-diskann,100000,3,w4_acl,248,4.220209,1.0,10,,scalar_acl_exact
pg-diskann,100000,3,w4_acl,806,2.424042,1.0,10,,scalar_acl_exact
pg-diskann,100000,3,w4_acl,121,5.236375,1.0,10,,scalar_acl_exact
pg-diskann,100000,3,w4_acl,902,2.360084,1.0,10,,scalar_acl_exact
pg-diskann,100000,3,w4_acl,531,2.589083,1.0,10,,scalar_acl_exact
pg-diskann,100000,3,w4_acl,388,5.636541,1.0,10,,scalar_acl_exact
pg-diskann,100000,3,w4_acl,554,2.257209,1.0,10,,scalar_acl_exact
pg-diskann,100000,3,w4_acl,773,4.763917,1.0,10,,scalar_acl_exact
pg-diskann,100000,3,w4_acl,906,2.375833,1.0,10,,scalar_acl_exact
pg-diskann,100000,3,w4_acl,209,5.520208,1.0,10,,scalar_acl_exact
pg-diskann,100000,3,w4_acl,430,2.665042,1.0,10,,scalar_acl_exact
pg-diskann,100000,3,w4_acl,689,2.081375,1.0,10,,scalar_acl_exact
pg-diskann,100000,3,w4_acl,782,6.70575,1.0,10,,scalar_acl_exact
pg-diskann,100000,3,w4_acl,517,4.756667,1.0,10,,scalar_acl_exact
pg-diskann,100000,3,w4_acl,257,2.725875,1.0,10,,scalar_acl_exact
pg-diskann,100000,3,w4_acl,333,2.304333,1.0,10,,scalar_acl_exact
pg-diskann,100000,3,w4_acl,520,3.116791,1.0,10,,scalar_acl_exact
pg-diskann,100000,3,w4_acl,663,2.432584,1.0,10,,scalar_acl_exact
pg-diskann,100000,3,w4_acl,928,2.6565,1.0,10,,scalar_acl_exact
pg-diskann,100000,3,w4_acl,820,3.163875,1.0,10,,scalar_acl_exact
pg-diskann,100000,3,w4_acl,216,2.352084,1.0,10,,scalar_acl_exact
pg-diskann,100000,3,w4_acl,611,2.621708,1.0,10,,scalar_acl_exact
pg-diskann,100000,3,w4_acl,325,4.4345,1.0,10,,scalar_acl_exact
pg-diskann,100000,3,w4_acl,615,2.311167,1.0,10,,scalar_acl_exact
pg-diskann,100000,3,w4_acl,834,7.828792,1.0,10,,scalar_acl_exact
pg-diskann,100000,3,w4_acl,189,2.293375,1.0,10,,scalar_acl_exact
pg-diskann,100000,3,w4_acl,628,2.203666,1.0,10,,scalar_acl_exact
pg-diskann,100000,3,w4_acl,632,2.455792,1.0,10,,scalar_acl_exact
pg-diskann,100000,3,w4_acl,543,2.696291,1.0,10,,scalar_acl_exact
pg-diskann,100000,3,w4_acl,807,3.620417,1.0,10,,scalar_acl_exact
pg-diskann,100000,3,w4_acl,838,2.336125,1.0,10,,scalar_acl_exact
pg-diskann,100000,3,w4_acl,913,2.301916,1.0,10,,scalar_acl_exact
pg-diskann,100000,3,w4_acl,463,3.131375,1.0,10,,scalar_acl_exact
pg-diskann,100000,3,w4_acl,542,2.280042,1.0,10,,scalar_acl_exact
pg-diskann,100000,3,w4_acl,183,2.930958,1.0,10,,scalar_acl_exact
pg-diskann,100000,3,w4_acl,128,2.616917,1.0,10,,scalar_acl_exact
pg-diskann,100000,3,w4_acl,972,2.378,1.0,10,,scalar_acl_exact
pg-diskann,100000,3,w4_acl,139,2.595542,1.0,10,,scalar_acl_exact
pg-diskann,100000,3,w4_acl,186,3.015125,1.0,10,,scalar_acl_exact
pg-diskann,100000,3,w4_acl,341,2.18125,1.0,10,,scalar_acl_exact
pg-diskann,100000,3,w4_acl,197,2.694375,1.0,10,,scalar_acl_exact
pg-diskann,100000,3,w4_acl,859,2.297833,1.0,10,,scalar_acl_exact
pg-diskann,100000,3,w4_acl,544,2.186417,1.0,10,,scalar_acl_exact
pg-diskann,100000,3,w4_acl,286,2.685792,1.0,10,,scalar_acl_exact
pg-diskann,100000,3,w4_acl,270,5.830542,1.0,10,,scalar_acl_exact
pg-diskann,100000,3,w4_acl,217,2.18375,1.0,10,,scalar_acl_exact
pg-diskann,100000,3,w4_acl,819,2.559584,1.0,10,,scalar_acl_exact
pg-diskann,100000,3,w4_acl,576,4.181375,1.0,10,,scalar_acl_exact
pg-diskann,100000,3,w4_acl,917,2.896708,1.0,10,,scalar_acl_exact
pg-diskann,100000,3,w4_acl,246,4.892916,1.0,10,,scalar_acl_exact
pg-diskann,100000,3,w4_acl,989,2.460875,1.0,10,,scalar_acl_exact
pg-diskann,100000,3,w4_acl,802,2.363542,1.0,10,,scalar_acl_exact
pg-diskann,100000,3,w4_acl,905,4.387417,1.0,10,,scalar_acl_exact
pg-diskann,100000,3,w4_acl,855,2.184917,1.0,10,,scalar_acl_exact
pg-diskann,100000,3,w4_acl,233,7.158,1.0,10,,scalar_acl_exact
pg-diskann,100000,3,w4_acl,445,2.571542,1.0,10,,scalar_acl_exact
pg-diskann,100000,3,w4_acl,408,2.935084,1.0,10,,scalar_acl_exact
pg-diskann,100000,3,w4_acl,586,2.321791,1.0,10,,scalar_acl_exact
pg-diskann,100000,3,w4_acl,829,2.4795,1.0,10,,scalar_acl_exact
pg-diskann,100000,3,w4_acl,960,2.804042,1.0,10,,scalar_acl_exact
pg-diskann,100000,3,w4_acl,162,2.812666,1.0,10,,scalar_acl_exact
pg-diskann,100000,3,w4_acl,959,2.458542,1.0,10,,scalar_acl_exact
pg-diskann,100000,3,w4_acl,421,4.7295,1.0,10,,scalar_acl_exact
pg-diskann,100000,3,w4_acl,846,2.304708,1.0,10,,scalar_acl_exact
pg-diskann,100000,3,w4_acl,108,2.228917,1.0,10,,scalar_acl_exact
pg-diskann,100000,3,w4_acl,760,3.262792,1.0,10,,scalar_acl_exact
pg-diskann,100000,3,w4_acl,818,2.675792,1.0,10,,scalar_acl_exact
pg-diskann,100000,3,w4_acl,169,5.219959,1.0,10,,scalar_acl_exact
pg-diskann,100000,3,w4_acl,849,2.80925,1.0,10,,scalar_acl_exact
pg-diskann,100000,3,w4_acl,792,2.886417,1.0,10,,scalar_acl_exact
pg-diskann,100000,3,w4_acl,354,3.598875,1.0,10,,scalar_acl_exact
pg-diskann,100000,3,w4_acl,569,5.737917,1.0,10,,scalar_acl_exact
pg-diskann,100000,3,w4_acl,864,3.177291,1.0,10,,scalar_acl_exact
pg-diskann,100000,3,w4_acl,111,6.210583,1.0,10,,scalar_acl_exact
pg-diskann,100000,3,w4_acl,511,1.649584,1.0,10,,scalar_acl_exact
pg-diskann,100000,3,w4_acl,614,4.325417,1.0,10,,scalar_acl_exact
pg-diskann,100000,3,w4_acl,664,2.678625,1.0,10,,scalar_acl_exact
pg-diskann,100000,3,w4_acl,457,2.485333,1.0,10,,scalar_acl_exact
pg-diskann,100000,3,w4_acl,633,2.630208,1.0,10,,scalar_acl_exact
pg-diskann,100000,3,w4_acl,365,2.445083,1.0,10,,scalar_acl_exact
pg-diskann,100000,3,w4_acl,850,3.034417,1.0,10,,scalar_acl_exact
pg-diskann,100000,3,w4_acl,285,2.485709,1.0,10,,scalar_acl_exact
pg-diskann,100000,3,w4_acl,665,2.576875,1.0,10,,scalar_acl_exact
pg-diskann,100000,3,w4_acl,474,2.379291,1.0,10,,scalar_acl_exact
pg-diskann,100000,3,w4_acl,897,2.659375,1.0,10,,scalar_acl_exact
pg-diskann,100000,3,w4_acl,145,2.397708,1.0,10,,scalar_acl_exact
pg-diskann,100000,3,w4_acl,477,2.730875,1.0,10,,scalar_acl_exact
pg-diskann,100000,3,w4_acl,456,5.990375,1.0,10,,scalar_acl_exact
pg-diskann,100000,3,w4_acl,706,2.421875,1.0,10,,scalar_acl_exact
pg-diskann,100000,3,w4_acl,247,5.001458,1.0,10,,scalar_acl_exact
pg-diskann,100000,3,w4_acl,528,3.054,1.0,10,,scalar_acl_exact
pg-diskann,100000,3,w4_acl,372,4.413875,1.0,10,,scalar_acl_exact
pg-diskann,100000,3,w4_acl,631,2.422042,1.0,10,,scalar_acl_exact
pg-diskann,100000,3,w4_acl,762,2.178875,1.0,10,,scalar_acl_exact
pg-diskann,100000,3,w4_acl,164,3.626125,1.0,10,,scalar_acl_exact
pg-diskann,100000,3,w4_acl,109,2.218667,1.0,10,,scalar_acl_exact
pg-diskann,100000,3,w4_acl,549,2.804541,1.0,10,,scalar_acl_exact
pg-diskann,100000,3,w4_acl,119,3.53175,1.0,10,,scalar_acl_exact
pg-diskann,100000,3,w4_acl,498,2.376167,1.0,10,,scalar_acl_exact
pg-diskann,100000,3,w4_acl,261,2.163959,1.0,10,,scalar_acl_exact
pg-diskann,100000,3,w4_acl,360,3.291125,1.0,10,,scalar_acl_exact
pg-diskann,100000,3,w4_acl,349,2.560042,1.0,10,,scalar_acl_exact
pg-diskann,100000,3,w4_acl,687,5.18525,1.0,10,,scalar_acl_exact
pg-diskann,100000,3,w4_acl,129,2.99225,1.0,10,,scalar_acl_exact
pg-diskann,100000,3,w4_acl,231,2.5765,1.0,10,,scalar_acl_exact
pg-diskann,100000,3,w4_acl,640,4.327667,1.0,10,,scalar_acl_exact
pg-diskann,100000,3,w4_acl,450,2.769333,1.0,10,,scalar_acl_exact
pg-diskann,100000,3,w4_acl,392,4.956583,1.0,10,,scalar_acl_exact
pg-diskann,100000,3,w4_acl,733,3.131667,1.0,10,,scalar_acl_exact
pg-diskann,100000,3,w4_acl,146,6.389208,1.0,10,,scalar_acl_exact
pg-diskann,100000,3,w4_acl,564,2.313333,1.0,10,,scalar_acl_exact
pg-diskann,100000,3,w4_acl,311,4.439542,1.0,10,,scalar_acl_exact
pg-diskann,100000,3,w4_acl,734,2.542125,1.0,10,,scalar_acl_exact
pg-diskann,100000,3,w4_acl,464,2.329166,1.0,10,,scalar_acl_exact
pg-diskann,100000,3,w4_acl,979,5.952417,1.0,10,,scalar_acl_exact
pg-diskann,100000,3,w4_acl,833,2.283583,1.0,10,,scalar_acl_exact
pg-diskann,100000,3,w4_acl,269,3.988333,1.0,10,,scalar_acl_exact
pg-diskann,100000,3,w4_acl,793,2.678334,1.0,10,,scalar_acl_exact
pg-diskann,100000,3,w4_acl,920,5.038209,1.0,10,,scalar_acl_exact
pg-diskann,100000,3,w4_acl,567,2.4415,1.0,10,,scalar_acl_exact
pg-diskann,100000,3,w4_acl,371,2.524375,1.0,10,,scalar_acl_exact
pg-diskann,100000,3,w4_acl,237,2.61775,1.0,10,,scalar_acl_exact
pg-diskann,100000,3,w4_acl,815,4.62175,1.0,10,,scalar_acl_exact
pg-diskann,100000,3,w4_acl,398,2.526292,1.0,10,,scalar_acl_exact
pg-diskann,100000,3,w4_acl,133,2.713875,1.0,10,,scalar_acl_exact
pg-diskann,100000,3,w4_acl,716,2.578375,1.0,10,,scalar_acl_exact
pg-diskann,100000,3,w4_acl,692,2.254208,1.0,10,,scalar_acl_exact
pg-diskann,100000,3,w4_acl,604,2.493208,1.0,10,,scalar_acl_exact
pg-diskann,100000,3,w4_acl,476,2.256875,1.0,10,,scalar_acl_exact
pg-diskann,100000,3,w4_acl,547,2.346917,1.0,10,,scalar_acl_exact
pg-diskann,100000,3,w4_acl,140,2.237458,1.0,10,,scalar_acl_exact
pg-diskann,100000,3,w4_acl,190,2.826375,1.0,10,,scalar_acl_exact
pg-diskann,100000,3,w4_acl,550,2.760209,1.0,10,,scalar_acl_exact
pg-diskann,100000,3,w4_acl,914,2.481125,1.0,10,,scalar_acl_exact
pg-diskann,100000,3,w4_acl,130,2.407208,1.0,10,,scalar_acl_exact
pg-diskann,100000,3,w4_acl,938,2.183583,1.0,10,,scalar_acl_exact
pg-diskann,100000,3,w4_acl,442,6.743209,1.0,10,,scalar_acl_exact
pg-diskann,100000,3,w4_acl,601,2.6075,1.0,10,,scalar_acl_exact
pg-diskann,100000,3,w4_acl,728,2.690666,1.0,10,,scalar_acl_exact
pg-diskann,100000,3,w4_acl,973,2.868042,1.0,10,,scalar_acl_exact
pg-diskann,100000,3,w4_acl,666,2.575125,1.0,10,,scalar_acl_exact
pg-diskann,100000,3,w4_acl,198,2.791833,1.0,10,,scalar_acl_exact
pg-diskann,100000,3,w4_acl,840,2.274167,1.0,10,,scalar_acl_exact
pg-diskann,100000,3,w4_acl,116,2.498541,1.0,10,,scalar_acl_exact
pg-diskann,100000,3,w4_acl,688,3.482625,1.0,10,,scalar_acl_exact
pg-diskann,100000,3,w4_acl,212,2.30925,1.0,10,,scalar_acl_exact
pg-diskann,100000,3,w4_acl,858,2.141834,1.0,10,,scalar_acl_exact
pg-diskann,100000,3,w4_acl,831,2.184583,1.0,10,,scalar_acl_exact
pg-diskann,100000,3,w4_acl,156,3.754375,1.0,10,,scalar_acl_exact
pg-diskann,100000,3,w4_acl,249,2.396833,1.0,10,,scalar_acl_exact
pg-diskann,100000,3,w4_acl,832,3.621334,1.0,10,,scalar_acl_exact
pg-diskann,100000,3,w4_acl,221,2.303,1.0,10,,scalar_acl_exact
pg-diskann,100000,3,w4_acl,495,2.519459,1.0,10,,scalar_acl_exact
pg-diskann,100000,3,w4_acl,693,3.89875,1.0,10,,scalar_acl_exact
pg-diskann,100000,3,w4_acl,968,2.771709,1.0,10,,scalar_acl_exact
pg-diskann,100000,3,w4_acl,461,2.012917,1.0,10,,scalar_acl_exact
pg-diskann,100000,3,w4_acl,159,3.189834,1.0,10,,scalar_acl_exact
pg-diskann,100000,3,w4_acl,234,2.396041,1.0,10,,scalar_acl_exact
pg-diskann,100000,3,w4_acl,841,2.111667,1.0,10,,scalar_acl_exact
pg-diskann,100000,3,w4_acl,303,2.92825,1.0,10,,scalar_acl_exact
pg-diskann,100000,3,w4_acl,178,2.495208,1.0,10,,scalar_acl_exact
pg-diskann,100000,3,w4_acl,347,2.3225,1.0,10,,scalar_acl_exact
pg-diskann,100000,3,w4_acl,538,2.320958,1.0,10,,scalar_acl_exact
pg-diskann,100000,3,w4_acl,594,2.1655,1.0,10,,scalar_acl_exact
pg-diskann,100000,3,w4_acl,364,2.130916,1.0,10,,scalar_acl_exact
pg-diskann,100000,3,w4_acl,867,2.055667,1.0,10,,scalar_acl_exact
pg-diskann,100000,3,w4_acl,206,2.022167,1.0,10,,scalar_acl_exact
pg-diskann,100000,3,w4_acl,886,2.031375,1.0,10,,scalar_acl_exact
pg-diskann,100000,3,w4_acl,462,2.022583,1.0,10,,scalar_acl_exact
pg-diskann,100000,3,w4_acl,651,1.954583,1.0,10,,scalar_acl_exact
pg-diskann,100000,3,w4_acl,478,2.007042,1.0,10,,scalar_acl_exact
pg-diskann,100000,3,w4_acl,725,2.212917,1.0,10,,scalar_acl_exact
pg-diskann,100000,3,w4_acl,422,2.012125,1.0,10,,scalar_acl_exact
pg-diskann,100000,3,w4_acl,262,1.529333,1.0,10,,scalar_acl_exact
pg-diskann,100000,3,w4_acl,356,2.1405,1.0,10,,scalar_acl_exact
pg-diskann,100000,3,w4_acl,377,2.222833,1.0,10,,scalar_acl_exact
pg-diskann,100000,3,w4_acl,125,2.384583,1.0,10,,scalar_acl_exact
pg-diskann,100000,3,w4_acl,203,2.479667,1.0,10,,scalar_acl_exact
pg-diskann,100000,3,w4_acl,971,2.831041,1.0,10,,scalar_acl_exact
pg-diskann,100000,3,w4_acl,898,2.269542,1.0,10,,scalar_acl_exact
pg-diskann,100000,3,w4_acl,581,2.1885,1.0,10,,scalar_acl_exact
pg-diskann,100000,3,w4_acl,132,2.047083,1.0,10,,scalar_acl_exact
pg-diskann,100000,3,w4_acl,785,2.655084,1.0,10,,scalar_acl_exact
pg-diskann,100000,3,w4_acl,771,2.294416,1.0,10,,scalar_acl_exact
pg-diskann,100000,3,w4_acl,409,2.207,1.0,10,,scalar_acl_exact
pg-diskann,100000,3,w4_acl,351,2.849792,1.0,10,,scalar_acl_exact
pg-diskann,100000,3,w4_acl,229,2.249584,1.0,10,,scalar_acl_exact
pg-diskann,100000,3,w4_acl,369,2.145208,1.0,10,,scalar_acl_exact
pg-diskann,100000,3,w4_acl,571,1.997541,1.0,10,,scalar_acl_exact
pg-diskann,100000,3,w4_acl,154,2.825708,1.0,10,,scalar_acl_exact
pg-diskann,100000,3,w4_acl,870,2.28175,1.0,10,,scalar_acl_exact
pg-diskann,100000,3,w4_acl,181,2.116834,1.0,10,,scalar_acl_exact
pg-diskann,100000,3,w4_acl,590,3.6475,1.0,10,,scalar_acl_exact
pg-diskann,100000,3,w4_acl,939,2.194625,1.0,10,,scalar_acl_exact
pg-diskann,100000,3,w4_acl,188,2.281,1.0,10,,scalar_acl_exact
pg-diskann,100000,3,w4_acl,437,3.236,1.0,10,,scalar_acl_exact
pg-diskann,100000,3,w4_acl,661,2.066042,1.0,10,,scalar_acl_exact
pg-diskann,100000,3,w4_acl,995,2.155458,1.0,10,,scalar_acl_exact
pg-diskann,100000,3,w4_acl,403,2.0375,1.0,10,,scalar_acl_exact
pg-diskann,100000,3,w4_acl,851,2.40275,1.0,10,,scalar_acl_exact
pg-diskann,100000,3,w4_acl,312,2.07475,1.0,10,,scalar_acl_exact
pg-diskann,100000,3,w4_acl,219,1.849041,1.0,10,,scalar_acl_exact
pg-diskann,100000,3,w4_acl,152,1.593541,1.0,10,,scalar_acl_exact
pg-diskann,100000,3,w4_acl,165,2.975917,1.0,10,,scalar_acl_exact
pg-diskann,100000,3,w4_acl,923,2.227042,1.0,10,,scalar_acl_exact
pg-diskann,100000,3,w4_acl,871,2.519834,1.0,10,,scalar_acl_exact
pg-diskann,100000,3,w4_acl,603,2.766333,1.0,10,,scalar_acl_exact
pg-diskann,100000,3,w4_acl,731,2.339125,1.0,10,,scalar_acl_exact
pg-diskann,100000,3,w4_acl,750,2.098875,1.0,10,,scalar_acl_exact
pg-diskann,100000,3,w4_acl,888,2.287959,1.0,10,,scalar_acl_exact
pg-diskann,100000,3,w4_acl,416,2.752041,1.0,10,,scalar_acl_exact
pg-diskann,100000,3,w4_acl,500,2.617583,1.0,10,,scalar_acl_exact
pg-diskann,100000,3,w4_acl,346,4.721042,1.0,10,,scalar_acl_exact
pg-diskann,100000,3,w4_acl,595,2.814792,1.0,10,,scalar_acl_exact
pg-diskann,100000,3,w4_acl,950,2.291584,1.0,10,,scalar_acl_exact
pg-diskann,100000,3,w4_acl,942,2.131625,1.0,10,,scalar_acl_exact
pg-diskann,100000,3,w4_acl,641,2.168875,1.0,10,,scalar_acl_exact
pg-diskann,100000,3,w4_acl,629,2.413875,1.0,10,,scalar_acl_exact
pg-diskann,100000,3,w4_acl,947,2.399416,1.0,10,,scalar_acl_exact
pg-diskann,100000,3,w4_acl,381,2.501792,1.0,10,,scalar_acl_exact
pg-diskann,100000,3,w4_acl,440,2.280583,1.0,10,,scalar_acl_exact
pg-diskann,100000,3,w4_acl,963,2.215167,1.0,10,,scalar_acl_exact
pg-diskann,100000,3,w4_acl,957,2.30175,1.0,10,,scalar_acl_exact
pg-diskann,100000,3,w4_acl,301,1.662583,1.0,10,,scalar_acl_exact
pg-diskann,100000,3,w4_acl,406,2.098375,1.0,10,,scalar_acl_exact
pg-diskann,100000,3,w4_acl,769,2.093709,1.0,10,,scalar_acl_exact
pg-diskann,100000,3,w4_acl,986,3.282042,1.0,10,,scalar_acl_exact
pg-diskann,100000,3,w4_acl,872,2.420708,1.0,10,,scalar_acl_exact
pg-diskann,100000,3,w4_acl,737,2.573083,1.0,10,,scalar_acl_exact
pg-diskann,100000,3,w4_acl,575,2.748208,1.0,10,,scalar_acl_exact
pg-diskann,100000,3,w4_acl,700,2.161667,1.0,10,,scalar_acl_exact
pg-diskann,100000,3,w4_acl,350,2.712167,1.0,10,,scalar_acl_exact
pg-diskann,100000,3,w4_acl,278,3.2575,1.0,10,,scalar_acl_exact
pg-diskann,100000,3,w4_acl,424,2.313416,1.0,10,,scalar_acl_exact
pg-diskann,100000,3,w4_acl,903,2.169375,1.0,10,,scalar_acl_exact
pg-diskann,100000,3,w4_acl,243,1.918791,1.0,10,,scalar_acl_exact
pg-diskann,100000,3,w4_acl,573,2.238833,1.0,10,,scalar_acl_exact
pg-diskann,100000,3,w4_acl,828,2.141792,1.0,10,,scalar_acl_exact
pg-diskann,100000,3,w4_acl,223,2.042625,1.0,10,,scalar_acl_exact
pg-diskann,100000,3,w4_acl,503,1.769125,1.0,10,,scalar_acl_exact
pg-diskann,100000,3,w4_acl,883,2.127667,1.0,10,,scalar_acl_exact
pg-diskann,100000,3,w4_acl,453,2.441167,1.0,10,,scalar_acl_exact
pg-diskann,100000,3,w4_acl,941,1.942375,1.0,10,,scalar_acl_exact
pg-diskann,100000,3,w4_acl,527,5.869875,1.0,10,,scalar_acl_exact
pg-diskann,100000,3,w4_acl,413,2.802375,1.0,10,,scalar_acl_exact
pg-diskann,100000,3,w4_acl,619,3.02525,1.0,10,,scalar_acl_exact
pg-diskann,100000,3,w4_acl,977,2.577541,1.0,10,,scalar_acl_exact
pg-diskann,100000,3,w4_acl,884,2.277667,1.0,10,,scalar_acl_exact
pg-diskann,100000,3,w4_acl,772,2.133167,1.0,10,,scalar_acl_exact
pg-diskann,100000,3,w4_acl,638,2.371792,1.0,10,,scalar_acl_exact
pg-diskann,100000,3,w4_acl,756,2.448417,1.0,10,,scalar_acl_exact
pg-diskann,100000,3,w4_acl,579,2.291834,1.0,10,,scalar_acl_exact
pg-diskann,100000,3,w4_acl,969,4.541208,1.0,10,,scalar_acl_exact
pg-diskann,100000,3,w4_acl,646,2.384,1.0,10,,scalar_acl_exact
pg-diskann,100000,3,w4_acl,648,4.835667,1.0,10,,scalar_acl_exact
pg-diskann,100000,3,w4_acl,396,2.502166,1.0,10,,scalar_acl_exact
pg-diskann,100000,3,w4_acl,112,2.049917,1.0,10,,scalar_acl_exact
pg-diskann,100000,3,w4_acl,215,3.497542,1.0,10,,scalar_acl_exact
pg-diskann,100000,3,w4_acl,187,2.508084,1.0,10,,scalar_acl_exact
pg-diskann,100000,3,w4_acl,784,2.08475,1.0,10,,scalar_acl_exact
pg-diskann,100000,3,w4_acl,519,4.264292,1.0,10,,scalar_acl_exact
pg-diskann,100000,3,w4_acl,242,2.432375,1.0,10,,scalar_acl_exact
pg-diskann,100000,3,w4_acl,843,2.239792,1.0,10,,scalar_acl_exact
pg-diskann,100000,3,w4_acl,265,2.591541,1.0,10,,scalar_acl_exact
pg-diskann,100000,3,w4_acl,835,2.447625,1.0,10,,scalar_acl_exact
pg-diskann,100000,3,w4_acl,375,2.291584,1.0,10,,scalar_acl_exact
pg-diskann,100000,3,w4_acl,599,4.099416,1.0,10,,scalar_acl_exact
pg-diskann,100000,3,w4_acl,912,2.62,1.0,10,,scalar_acl_exact
pg-diskann,100000,3,w4_acl,825,2.40775,1.0,10,,scalar_acl_exact
pg-diskann,100000,3,w4_acl,574,2.570667,1.0,10,,scalar_acl_exact
pg-diskann,100000,3,w4_acl,506,2.266375,1.0,10,,scalar_acl_exact
pg-diskann,100000,3,w4_acl,366,2.538542,1.0,10,,scalar_acl_exact
pg-diskann,100000,3,w4_acl,385,2.642875,1.0,10,,scalar_acl_exact
pg-diskann,100000,3,w4_acl,885,3.174292,1.0,10,,scalar_acl_exact
pg-diskann,100000,3,w4_acl,556,2.305042,1.0,10,,scalar_acl_exact
pg-diskann,100000,3,w4_acl,824,3.023959,1.0,10,,scalar_acl_exact
pg-diskann,100000,3,w4_acl,555,2.375625,1.0,10,,scalar_acl_exact
pg-diskann,100000,3,w4_acl,741,2.34175,1.0,10,,scalar_acl_exact
pg-diskann,100000,3,w4_acl,854,2.209083,1.0,10,,scalar_acl_exact
pg-diskann,100000,3,w4_acl,613,2.676667,1.0,10,,scalar_acl_exact
pg-diskann,100000,3,w4_acl,163,2.282209,1.0,10,,scalar_acl_exact
pg-diskann,100000,3,w4_acl,104,2.659042,1.0,10,,scalar_acl_exact
pg-diskann,100000,3,w4_acl,940,2.447542,1.0,10,,scalar_acl_exact
pg-diskann,100000,3,w4_acl,964,2.2655,1.0,10,,scalar_acl_exact
pg-diskann,100000,3,w4_acl,865,2.574125,1.0,10,,scalar_acl_exact
pg-diskann,100000,3,w4_acl,357,3.155958,1.0,10,,scalar_acl_exact
pg-diskann,100000,3,w4_acl,606,2.22975,1.0,10,,scalar_acl_exact
pg-diskann,100000,3,w4_acl,322,2.391458,1.0,10,,scalar_acl_exact
pg-diskann,100000,3,w4_acl,204,3.436,1.0,10,,scalar_acl_exact
pg-diskann,100000,3,w4_acl,545,2.338458,1.0,10,,scalar_acl_exact
pg-diskann,100000,3,w4_acl,218,2.267916,1.0,10,,scalar_acl_exact
pg-diskann,100000,3,w4_acl,998,2.203083,1.0,10,,scalar_acl_exact
pg-diskann,100000,3,w4_acl,868,6.900833,1.0,10,,scalar_acl_exact
pg-diskann,100000,3,w4_acl,786,3.076958,1.0,10,,scalar_acl_exact
pg-diskann,100000,3,w4_acl,245,2.623083,1.0,10,,scalar_acl_exact
pg-diskann,100000,3,w4_acl,764,2.363125,1.0,10,,scalar_acl_exact
pg-diskann,100000,3,w4_acl,342,3.093666,1.0,10,,scalar_acl_exact
pg-diskann,100000,3,w4_acl,816,2.264708,1.0,10,,scalar_acl_exact
pg-diskann,100000,3,w4_acl,724,2.199958,1.0,10,,scalar_acl_exact
pg-diskann,100000,3,w4_acl,582,2.199208,1.0,10,,scalar_acl_exact
pg-diskann,100000,3,w4_acl,490,2.222833,1.0,10,,scalar_acl_exact
pg-diskann,100000,3,w4_acl,352,2.016875,1.0,10,,scalar_acl_exact
pg-diskann,100000,3,w4_acl,353,2.377208,1.0,10,,scalar_acl_exact
pg-diskann,100000,3,w4_acl,697,3.085459,1.0,10,,scalar_acl_exact
pg-diskann,100000,3,w4_acl,397,2.658959,1.0,10,,scalar_acl_exact
pg-diskann,100000,3,w4_acl,600,2.261792,1.0,10,,scalar_acl_exact
pg-diskann,100000,3,w4_acl,975,3.974417,1.0,10,,scalar_acl_exact
pg-diskann,100000,3,w4_acl,455,2.343875,1.0,10,,scalar_acl_exact
pg-diskann,100000,3,w4_acl,201,2.249458,1.0,10,,scalar_acl_exact
pg-diskann,100000,3,w4_acl,583,2.516084,1.0,10,,scalar_acl_exact
pg-diskann,100000,3,w4_acl,892,3.360417,1.0,10,,scalar_acl_exact
pg-diskann,100000,3,w4_acl,458,2.425417,1.0,10,,scalar_acl_exact
pg-diskann,100000,3,w4_acl,532,2.692875,1.0,10,,scalar_acl_exact
pg-diskann,100000,3,w4_acl,952,2.386583,1.0,10,,scalar_acl_exact
pg-diskann,100000,3,w4_acl,747,2.182666,1.0,10,,scalar_acl_exact
pg-diskann,100000,3,w4_acl,501,2.167708,1.0,10,,scalar_acl_exact
pg-diskann,100000,3,w4_acl,568,3.978125,1.0,10,,scalar_acl_exact
pg-diskann,100000,3,w4_acl,798,2.755625,1.0,10,,scalar_acl_exact
pg-diskann,100000,3,w4_acl,652,2.780417,1.0,10,,scalar_acl_exact
pg-diskann,100000,3,w4_acl,703,2.645459,1.0,10,,scalar_acl_exact
pg-diskann,100000,3,w4_acl,235,2.230875,1.0,10,,scalar_acl_exact
pg-diskann,100000,3,w4_acl,196,3.387125,1.0,10,,scalar_acl_exact
pg-diskann,100000,3,w4_acl,962,2.480125,1.0,10,,scalar_acl_exact
pg-diskann,100000,3,w4_acl,179,2.445042,1.0,10,,scalar_acl_exact
pg-diskann,100000,3,w4_acl,167,5.169042,1.0,10,,scalar_acl_exact
pg-diskann,100000,3,w4_acl,929,2.563417,1.0,10,,scalar_acl_exact
pg-diskann,100000,3,w4_acl,934,3.284167,1.0,10,,scalar_acl_exact
pg-diskann,100000,3,w4_acl,896,2.816,1.0,10,,scalar_acl_exact
pg-diskann,100000,3,w4_acl,292,2.171125,1.0,10,,scalar_acl_exact
pg-diskann,100000,3,w4_acl,889,2.543292,1.0,10,,scalar_acl_exact
pg-diskann,100000,3,w4_acl,220,2.240708,1.0,10,,scalar_acl_exact
pg-diskann,100000,3,w4_acl,202,2.365041,1.0,10,,scalar_acl_exact
pg-diskann,100000,3,w4_acl,924,2.395834,1.0,10,,scalar_acl_exact
pg-diskann,100000,3,w4_acl,918,2.535625,1.0,10,,scalar_acl_exact
pg-diskann,100000,3,w4_acl,101,2.583875,1.0,10,,scalar_acl_exact
pg-diskann,100000,3,w4_acl,645,2.576583,1.0,10,,scalar_acl_exact
pg-diskann,100000,3,w4_acl,452,3.355375,1.0,10,,scalar_acl_exact
pg-diskann,100000,3,w4_acl,161,2.372875,1.0,10,,scalar_acl_exact
pg-diskann,100000,3,w4_acl,435,2.34125,1.0,10,,scalar_acl_exact
pg-diskann,100000,3,w4_acl,900,6.615,1.0,10,,scalar_acl_exact
pg-diskann,100000,3,w4_acl,742,2.425833,1.0,10,,scalar_acl_exact
pg-diskann,100000,3,w4_acl,967,3.559959,1.0,10,,scalar_acl_exact
pg-diskann,100000,3,w4_acl,723,2.371417,1.0,10,,scalar_acl_exact
pg-diskann,100000,3,w4_acl,845,2.6155,1.0,10,,scalar_acl_exact
pg-diskann,100000,3,w4_acl,803,2.2945,1.0,10,,scalar_acl_exact
pg-diskann,100000,3,w4_acl,393,2.813375,1.0,10,,scalar_acl_exact
pg-diskann,100000,3,w4_acl,486,2.494583,1.0,10,,scalar_acl_exact
pg-diskann,100000,3,w4_acl,314,3.162417,1.0,10,,scalar_acl_exact
pg-diskann,100000,3,w4_acl,468,2.896,1.0,10,,scalar_acl_exact
pg-diskann,100000,3,w4_acl,593,2.204041,1.0,10,,scalar_acl_exact
pg-diskann,100000,3,w4_acl,552,3.102,1.0,10,,scalar_acl_exact
pg-diskann,100000,3,w4_acl,122,2.371875,1.0,10,,scalar_acl_exact
pg-diskann,100000,3,w4_acl,655,2.472209,1.0,10,,scalar_acl_exact
pg-diskann,100000,3,w4_acl,926,3.589875,1.0,10,,scalar_acl_exact
pg-diskann,100000,3,w4_acl,643,2.892458,1.0,10,,scalar_acl_exact
pg-diskann,100000,3,w4_acl,546,2.448459,1.0,10,,scalar_acl_exact
pg-diskann,100000,3,w4_acl,160,2.524834,1.0,10,,scalar_acl_exact
pg-diskann,100000,3,w4_acl,617,2.441,1.0,10,,scalar_acl_exact
pg-diskann,100000,3,w4_acl,168,2.488958,1.0,10,,scalar_acl_exact
pg-diskann,100000,3,w4_acl,345,2.106917,1.0,10,,scalar_acl_exact
pg-diskann,100000,3,w4_acl,344,3.637542,1.0,10,,scalar_acl_exact
pg-diskann,100000,3,w4_acl,705,2.816417,1.0,10,,scalar_acl_exact
pg-diskann,100000,3,w4_acl,184,7.272416,1.0,10,,scalar_acl_exact
pg-diskann,100000,3,w4_acl,315,2.559042,1.0,10,,scalar_acl_exact
pg-diskann,100000,3,w4_acl,318,2.513167,1.0,10,,scalar_acl_exact
pg-diskann,100000,3,w4_acl,250,2.413375,1.0,10,,scalar_acl_exact
pg-diskann,100000,3,w4_acl,561,2.144333,1.0,10,,scalar_acl_exact
pg-diskann,100000,3,w4_acl,644,2.776333,1.0,10,,scalar_acl_exact
pg-diskann,100000,3,w4_acl,976,2.38675,1.0,10,,scalar_acl_exact
pg-diskann,100000,3,w4_acl,405,2.451,1.0,10,,scalar_acl_exact
pg-diskann,100000,3,w4_acl,649,2.3255,1.0,10,,scalar_acl_exact
pg-diskann,100000,3,w4_acl,530,2.584792,1.0,10,,scalar_acl_exact
pg-diskann,100000,3,w4_acl,244,2.120958,1.0,10,,scalar_acl_exact
pg-diskann,100000,3,w4_acl,978,2.327583,1.0,10,,scalar_acl_exact
pg-diskann,100000,3,w4_acl,271,2.500792,1.0,10,,scalar_acl_exact
pg-diskann,100000,3,w4_acl,566,2.275583,1.0,10,,scalar_acl_exact
pg-diskann,100000,3,w4_acl,155,2.438875,1.0,10,,scalar_acl_exact
pg-diskann,100000,3,w4_acl,192,3.750417,1.0,10,,scalar_acl_exact
pg-diskann,100000,3,w4_acl,636,2.338458,1.0,10,,scalar_acl_exact
pg-diskann,100000,3,w4_acl,515,2.295334,1.0,10,,scalar_acl_exact
pg-diskann,100000,3,w4_acl,195,1.549875,1.0,10,,scalar_acl_exact
pg-diskann,100000,3,w4_acl,616,2.064666,1.0,10,,scalar_acl_exact
pg-diskann,100000,3,w4_acl,722,2.317459,1.0,10,,scalar_acl_exact
pg-diskann,100000,3,w4_acl,401,2.533166,1.0,10,,scalar_acl_exact
pg-diskann,100000,3,w4_acl,329,3.222041,1.0,10,,scalar_acl_exact
pg-diskann,100000,3,w4_acl,295,2.32825,1.0,10,,scalar_acl_exact
pg-diskann,100000,3,w4_acl,358,2.137458,1.0,10,,scalar_acl_exact
pg-diskann,100000,3,w4_acl,584,2.153917,1.0,10,,scalar_acl_exact
pg-diskann,100000,3,w4_acl,674,5.332042,1.0,10,,scalar_acl_exact
pg-diskann,100000,3,w4_acl,182,2.539209,1.0,10,,scalar_acl_exact
pg-diskann,100000,3,w4_acl,260,2.418583,1.0,10,,scalar_acl_exact
pg-diskann,100000,3,w4_acl,948,2.313792,1.0,10,,scalar_acl_exact
pg-diskann,100000,3,w4_acl,420,1.907416,1.0,10,,scalar_acl_exact
pg-diskann,100000,3,w4_acl,711,3.391,1.0,10,,scalar_acl_exact
pg-diskann,100000,3,w4_acl,391,1.733541,1.0,10,,scalar_acl_exact
pg-diskann,100000,3,w4_acl,496,2.114,1.0,10,,scalar_acl_exact
pg-diskann,100000,3,w4_acl,776,1.978,1.0,10,,scalar_acl_exact
pg-diskann,100000,3,w4_acl,780,2.288208,1.0,10,,scalar_acl_exact
pg-diskann,100000,3,w4_acl,131,2.726291,1.0,10,,scalar_acl_exact
pg-diskann,100000,3,w4_acl,102,2.378416,1.0,10,,scalar_acl_exact
pg-diskann,100000,3,w4_acl,376,2.981917,1.0,10,,scalar_acl_exact
pg-diskann,100000,3,w4_acl,419,2.283875,1.0,10,,scalar_acl_exact
pg-diskann,100000,3,w4_acl,284,2.517083,1.0,10,,scalar_acl_exact
pg-diskann,100000,3,w4_acl,842,3.825333,1.0,10,,scalar_acl_exact
pg-diskann,100000,3,w4_acl,320,2.369542,1.0,10,,scalar_acl_exact
pg-diskann,100000,3,w4_acl,141,2.125542,1.0,10,,scalar_acl_exact
pg-diskann,100000,3,w4_acl,634,5.363542,1.0,10,,scalar_acl_exact
pg-diskann,100000,3,w4_acl,475,2.61975,1.0,10,,scalar_acl_exact
pg-diskann,100000,3,w4_acl,791,6.064208,1.0,10,,scalar_acl_exact
pg-diskann,100000,3,w4_acl,744,2.780708,1.0,10,,scalar_acl_exact
pg-diskann,100000,3,w4_acl,690,7.381125,1.0,10,,scalar_acl_exact
pg-diskann,100000,3,w4_acl,881,2.580042,1.0,10,,scalar_acl_exact
pg-diskann,100000,3,w4_acl,151,2.634167,1.0,10,,scalar_acl_exact
pg-diskann,100000,3,w4_acl,810,2.541,1.0,10,,scalar_acl_exact
pg-diskann,100000,3,w4_acl,282,2.508375,1.0,10,,scalar_acl_exact
pg-diskann,100000,3,w4_acl,370,2.448792,1.0,10,,scalar_acl_exact
pg-diskann,100000,3,w4_acl,790,2.439208,1.0,10,,scalar_acl_exact
pg-diskann,100000,3,w4_acl,714,2.224917,1.0,10,,scalar_acl_exact
pg-diskann,100000,3,w4_acl,708,4.482084,1.0,10,,scalar_acl_exact
pg-diskann,100000,3,w4_acl,727,2.54625,1.0,10,,scalar_acl_exact
pg-diskann,100000,3,w4_acl,811,2.507083,1.0,10,,scalar_acl_exact
pg-diskann,100000,3,w4_acl,587,2.425875,1.0,10,,scalar_acl_exact
pg-diskann,100000,3,w4_acl,110,4.099334,1.0,10,,scalar_acl_exact
pg-diskann,100000,3,w4_acl,443,2.248209,1.0,10,,scalar_acl_exact
pg-diskann,100000,3,w4_acl,812,4.276958,1.0,10,,scalar_acl_exact
pg-diskann,100000,3,w4_acl,801,2.577,1.0,10,,scalar_acl_exact
pg-diskann,100000,3,w4_acl,893,2.368458,1.0,10,,scalar_acl_exact
pg-diskann,100000,3,w4_acl,847,2.697125,1.0,10,,scalar_acl_exact
pg-diskann,100000,3,w4_acl,936,2.235708,1.0,10,,scalar_acl_exact
pg-diskann,100000,3,w4_acl,658,2.359375,1.0,10,,scalar_acl_exact
pg-diskann,100000,3,w4_acl,701,2.141709,1.0,10,,scalar_acl_exact
pg-diskann,100000,3,w4_acl,961,2.368833,1.0,10,,scalar_acl_exact
pg-diskann,100000,3,w4_acl,534,2.277292,1.0,10,,scalar_acl_exact
pg-diskann,100000,3,w4_acl,743,5.783833,1.0,10,,scalar_acl_exact
pg-diskann,100000,3,w4_acl,254,2.5675,1.0,10,,scalar_acl_exact
pg-diskann,100000,3,w4_acl,277,3.284167,1.0,10,,scalar_acl_exact
pg-diskann,100000,3,w4_acl,681,2.357417,1.0,10,,scalar_acl_exact
pg-diskann,100000,3,w4_acl,580,2.637625,1.0,10,,scalar_acl_exact
pg-diskann,100000,3,w4_acl,415,2.884458,1.0,10,,scalar_acl_exact
pg-diskann,100000,3,w4_acl,394,2.508584,1.0,10,,scalar_acl_exact
pg-diskann,100000,3,w4_acl,492,2.79525,1.0,10,,scalar_acl_exact
pg-diskann,100000,3,w4_acl,904,12.119542,1.0,10,,scalar_acl_exact
pg-diskann,100000,3,w4_acl,882,2.4675,1.0,10,,scalar_acl_exact
pg-diskann,100000,3,w4_acl,504,2.014041,1.0,10,,scalar_acl_exact
pg-diskann,100000,3,w4_acl,553,2.535,1.0,10,,scalar_acl_exact
pg-diskann,100000,3,w4_acl,210,2.331917,1.0,10,,scalar_acl_exact
pg-diskann,100000,3,w4_acl,335,2.406834,1.0,10,,scalar_acl_exact
pg-diskann,100000,3,w4_acl,862,4.100709,1.0,10,,scalar_acl_exact
pg-diskann,100000,3,w4_acl,749,2.423666,1.0,10,,scalar_acl_exact
pg-diskann,100000,3,w4_acl,987,2.547,1.0,10,,scalar_acl_exact
pg-diskann,100000,3,w4_acl,529,2.776417,1.0,10,,scalar_acl_exact
pg-diskann,100000,3,w4_acl,485,2.796,1.0,10,,scalar_acl_exact
pg-diskann,100000,3,w4_acl,691,2.314292,1.0,10,,scalar_acl_exact
pg-diskann,100000,3,w4_acl,678,5.753584,1.0,10,,scalar_acl_exact
pg-diskann,100000,3,w4_acl,715,2.7035,1.0,10,,scalar_acl_exact
pg-diskann,100000,3,w4_acl,316,2.7655,1.0,10,,scalar_acl_exact
pg-diskann,100000,3,w4_acl,746,2.635208,1.0,10,,scalar_acl_exact
pg-diskann,100000,3,w4_acl,710,2.600167,1.0,10,,scalar_acl_exact
pg-diskann,100000,3,w4_acl,522,3.4295,1.0,10,,scalar_acl_exact
pg-diskann,100000,3,w4_acl,340,2.705,1.0,10,,scalar_acl_exact
pg-diskann,100000,3,w4_acl,695,2.158625,1.0,10,,scalar_acl_exact
pg-diskann,100000,3,w4_acl,232,3.922667,1.0,10,,scalar_acl_exact
pg-diskann,100000,3,w4_acl,933,2.69875,1.0,10,,scalar_acl_exact
pg-diskann,100000,3,w4_acl,630,2.491792,1.0,10,,scalar_acl_exact
pg-diskann,100000,3,w4_acl,879,2.5685,1.0,10,,scalar_acl_exact
pg-diskann,100000,3,w4_acl,890,2.39975,1.0,10,,scalar_acl_exact
pg-diskann,100000,3,w4_acl,268,2.441083,1.0,10,,scalar_acl_exact
pg-diskann,100000,3,w4_acl,147,5.020709,1.0,10,,scalar_acl_exact
pg-diskann,100000,3,w4_acl,901,2.720792,1.0,10,,scalar_acl_exact
pg-diskann,100000,3,w4_acl,157,4.261916,1.0,10,,scalar_acl_exact
pg-diskann,100000,3,w4_acl,657,2.861083,1.0,10,,scalar_acl_exact
pg-diskann,100000,3,w4_acl,794,2.573042,1.0,10,,scalar_acl_exact
pg-diskann,100000,3,w4_acl,523,2.570125,1.0,10,,scalar_acl_exact
pg-diskann,100000,3,w4_acl,650,2.40125,1.0,10,,scalar_acl_exact
pg-diskann,100000,3,w4_acl,755,2.404375,1.0,10,,scalar_acl_exact
pg-diskann,100000,3,w4_acl,106,3.362375,1.0,10,,scalar_acl_exact
pg-diskann,100000,3,w4_acl,124,2.318459,1.0,10,,scalar_acl_exact
pg-diskann,100000,3,w4_acl,134,2.992375,1.0,10,,scalar_acl_exact
pg-diskann,100000,3,w4_acl,363,3.115708,1.0,10,,scalar_acl_exact
pg-diskann,100000,3,w4_acl,428,2.366875,1.0,10,,scalar_acl_exact
pg-diskann,100000,3,w4_acl,625,2.525041,1.0,10,,scalar_acl_exact
pg-diskann,100000,3,w4_acl,338,3.740542,1.0,10,,scalar_acl_exact
pg-diskann,100000,3,w4_acl,439,2.3525,1.0,10,,scalar_acl_exact
pg-diskann,100000,3,w4_acl,137,2.564083,1.0,10,,scalar_acl_exact
pg-diskann,100000,3,w4_acl,686,2.827625,1.0,10,,scalar_acl_exact
pg-diskann,100000,3,w4_acl,494,2.385875,1.0,10,,scalar_acl_exact
pg-diskann,100000,3,w4_acl,337,2.600375,1.0,10,,scalar_acl_exact
pg-diskann,100000,3,w4_acl,767,3.678167,1.0,10,,scalar_acl_exact
pg-diskann,100000,3,w4_acl,635,2.460542,1.0,10,,scalar_acl_exact
pg-diskann,100000,3,w4_acl,170,2.230458,1.0,10,,scalar_acl_exact
pg-diskann,100000,3,w4_acl,321,3.050583,1.0,10,,scalar_acl_exact
pg-diskann,100000,3,w4_acl,172,2.514542,1.0,10,,scalar_acl_exact
pg-diskann,100000,3,w4_acl,228,2.562625,1.0,10,,scalar_acl_exact
pg-diskann,100000,3,w4_acl,709,3.056417,1.0,10,,scalar_acl_exact
pg-diskann,100000,3,w4_acl,118,2.183625,1.0,10,,scalar_acl_exact
pg-diskann,100000,3,w4_acl,642,2.142125,1.0,10,,scalar_acl_exact
pg-diskann,100000,3,w4_acl,142,2.036292,1.0,10,,scalar_acl_exact
pg-diskann,100000,3,w4_acl,860,2.348541,1.0,10,,scalar_acl_exact
pg-diskann,100000,3,w4_acl,677,2.538834,1.0,10,,scalar_acl_exact
pg-diskann,100000,3,w4_acl,348,2.368458,1.0,10,,scalar_acl_exact
pg-diskann,100000,3,w4_acl,788,5.527083,1.0,10,,scalar_acl_exact
pg-diskann,100000,3,w4_acl,984,2.557542,1.0,10,,scalar_acl_exact
pg-diskann,100000,3,w4_acl,608,3.472042,1.0,10,,scalar_acl_exact
pg-diskann,100000,3,w4_acl,745,2.275166,1.0,10,,scalar_acl_exact
pg-diskann,100000,3,w4_acl,804,2.406916,1.0,10,,scalar_acl_exact
pg-diskann,100000,3,w4_acl,441,3.265834,1.0,10,,scalar_acl_exact
pg-diskann,100000,3,w4_acl,878,2.324125,1.0,10,,scalar_acl_exact
pg-diskann,100000,3,w4_acl,383,2.114125,1.0,10,,scalar_acl_exact
pg-diskann,100000,3,w4_acl,551,3.967875,1.0,10,,scalar_acl_exact
pg-diskann,100000,3,w4_acl,761,2.446042,1.0,10,,scalar_acl_exact
pg-diskann,100000,3,w4_acl,263,2.716416,1.0,10,,scalar_acl_exact
pg-diskann,100000,3,w4_acl,844,3.3255,1.0,10,,scalar_acl_exact
pg-diskann,100000,3,w4_acl,637,3.348917,1.0,10,,scalar_acl_exact
pg-diskann,100000,3,w4_acl,702,2.460625,1.0,10,,scalar_acl_exact
pg-diskann,100000,3,w4_acl,765,2.392542,1.0,10,,scalar_acl_exact
pg-diskann,100000,3,w4_acl,768,2.578458,1.0,10,,scalar_acl_exact
pg-diskann,100000,3,w4_acl,781,2.314209,1.0,10,,scalar_acl_exact
pg-diskann,100000,3,w4_acl,588,3.366083,1.0,10,,scalar_acl_exact
pg-diskann,100000,3,w4_acl,826,2.433584,1.0,10,,scalar_acl_exact
pg-diskann,100000,3,w4_acl,158,2.452917,1.0,10,,scalar_acl_exact
pg-diskann,100000,3,w4_acl,985,3.619125,1.0,10,,scalar_acl_exact
pg-diskann,100000,3,w4_acl,970,2.281792,1.0,10,,scalar_acl_exact
pg-diskann,100000,3,w4_acl,274,2.048875,1.0,10,,scalar_acl_exact
pg-diskann,100000,3,w4_acl,754,1.389708,1.0,10,,scalar_acl_exact
pg-diskann,100000,3,w4_acl,479,3.093917,1.0,10,,scalar_acl_exact
pg-diskann,100000,3,w4_acl,751,2.315666,1.0,10,,scalar_acl_exact
pg-diskann,100000,3,w4_acl,533,3.209041,1.0,10,,scalar_acl_exact
pg-diskann,100000,3,w4_acl,620,2.158291,1.0,10,,scalar_acl_exact
pg-diskann,100000,3,w4_acl,880,1.917208,1.0,10,,scalar_acl_exact
pg-diskann,100000,3,w4_acl,624,1.939542,1.0,10,,scalar_acl_exact
pg-diskann,100000,3,w4_acl,777,2.513834,1.0,10,,scalar_acl_exact
pg-diskann,100000,3,w4_acl,956,2.363834,1.0,10,,scalar_acl_exact
pg-diskann,100000,3,w4_acl,536,2.040541,1.0,10,,scalar_acl_exact
pg-diskann,100000,3,w4_acl,911,2.047375,1.0,10,,scalar_acl_exact
pg-diskann,100000,3,w4_acl,291,2.29075,1.0,10,,scalar_acl_exact
pg-diskann,100000,3,w4_acl,259,2.122666,1.0,10,,scalar_acl_exact
pg-diskann,100000,3,w4_acl,955,2.091,1.0,10,,scalar_acl_exact
pg-diskann,100000,3,w4_acl,748,2.515416,1.0,10,,scalar_acl_exact
pg-diskann,100000,3,w4_acl,783,2.125667,1.0,10,,scalar_acl_exact
pg-diskann,100000,3,w4_acl,267,2.091458,1.0,10,,scalar_acl_exact
pg-diskann,100000,3,w4_acl,682,2.444541,1.0,10,,scalar_acl_exact
pg-diskann,100000,3,w4_acl,609,2.689167,1.0,10,,scalar_acl_exact
pg-diskann,100000,3,w4_acl,296,2.117666,1.0,10,,scalar_acl_exact
pg-diskann,100000,3,w4_acl,758,2.210583,1.0,10,,scalar_acl_exact
pg-diskann,100000,3,w4_acl,236,2.109125,1.0,10,,scalar_acl_exact
pg-diskann,100000,3,w4_acl,313,2.87475,1.0,10,,scalar_acl_exact
pg-diskann,100000,3,w4_acl,431,2.094917,1.0,10,,scalar_acl_exact
pg-diskann,100000,3,w4_acl,127,2.075959,1.0,10,,scalar_acl_exact
pg-diskann,100000,3,w4_acl,525,2.134708,1.0,10,,scalar_acl_exact
pg-diskann,100000,3,w4_acl,283,2.32275,1.0,10,,scalar_acl_exact
pg-diskann,100000,3,w4_acl,852,2.12675,1.0,10,,scalar_acl_exact
pg-diskann,100000,3,w4_acl,559,2.02475,1.0,10,,scalar_acl_exact
pg-diskann,100000,3,w4_acl,869,2.721917,1.0,10,,scalar_acl_exact
pg-diskann,100000,3,w4_acl,258,2.265708,1.0,10,,scalar_acl_exact
pg-diskann,100000,3,w4_acl,290,2.592375,1.0,10,,scalar_acl_exact
pg-diskann,100000,3,w4_acl,548,3.158917,1.0,10,,scalar_acl_exact
pg-diskann,100000,3,w4_acl,570,2.3845,1.0,10,,scalar_acl_exact
pg-diskann,100000,3,w4_acl,272,2.224791,1.0,10,,scalar_acl_exact
pg-diskann,100000,3,w4_acl,434,2.151875,1.0,10,,scalar_acl_exact
pg-diskann,100000,3,w4_acl,698,2.220916,1.0,10,,scalar_acl_exact
pg-diskann,100000,3,w4_acl,153,2.180125,1.0,10,,scalar_acl_exact
pg-diskann,100000,3,w4_acl,193,2.098084,1.0,10,,scalar_acl_exact
pg-diskann,100000,3,w4_acl,275,2.027917,1.0,10,,scalar_acl_exact
pg-diskann,100000,3,w4_acl,319,2.148875,1.0,10,,scalar_acl_exact
pg-diskann,100000,3,w4_acl,694,2.544833,1.0,10,,scalar_acl_exact
pg-diskann,100000,3,w4_acl,787,2.289709,1.0,10,,scalar_acl_exact
pg-diskann,100000,3,w4_acl,827,3.335834,1.0,10,,scalar_acl_exact
pg-diskann,100000,3,w4_acl,974,2.231125,1.0,10,,scalar_acl_exact
pg-diskann,100000,3,w4_acl,759,2.080958,1.0,10,,scalar_acl_exact
pg-diskann,100000,3,w4_acl,287,2.737791,1.0,10,,scalar_acl_exact
pg-diskann,100000,3,w4_acl,927,1.569875,1.0,10,,scalar_acl_exact
pg-diskann,100000,3,w4_acl,177,2.967167,1.0,10,,scalar_acl_exact
pg-diskann,100000,3,w4_acl,707,2.122125,1.0,10,,scalar_acl_exact
pg-diskann,100000,3,w4_acl,732,2.313,1.0,10,,scalar_acl_exact
pg-diskann,100000,3,w4_acl,981,2.297125,1.0,10,,scalar_acl_exact
pg-diskann,100000,3,w4_acl,390,2.339709,1.0,10,,scalar_acl_exact
pg-diskann,100000,3,w4_acl,673,2.194292,1.0,10,,scalar_acl_exact
pg-diskann,100000,3,w4_acl,944,2.149459,1.0,10,,scalar_acl_exact
pg-diskann,100000,3,w4_acl,224,1.690416,1.0,10,,scalar_acl_exact
pg-diskann,100000,3,w4_acl,996,2.282875,1.0,10,,scalar_acl_exact
pg-diskann,100000,3,w4_acl,378,2.177833,1.0,10,,scalar_acl_exact
pg-diskann,100000,3,w4_acl,954,2.366167,1.0,10,,scalar_acl_exact
pg-diskann,100000,3,w4_acl,176,2.300041,1.0,10,,scalar_acl_exact
pg-diskann,100000,3,w4_acl,671,2.401458,1.0,10,,scalar_acl_exact
pg-diskann,100000,3,w4_acl,199,3.079625,1.0,10,,scalar_acl_exact
pg-diskann,100000,3,w4_acl,488,2.436166,1.0,10,,scalar_acl_exact
pg-diskann,100000,3,w4_acl,512,2.058459,1.0,10,,scalar_acl_exact
pg-diskann,100000,3,w4_acl,518,2.110541,1.0,10,,scalar_acl_exact
pg-diskann,100000,3,w4_acl,874,2.114417,1.0,10,,scalar_acl_exact
pg-diskann,100000,3,w4_acl,935,2.012458,1.0,10,,scalar_acl_exact
pg-diskann,100000,3,w4_acl,670,2.041583,1.0,10,,scalar_acl_exact
pg-diskann,100000,3,w4_acl,103,2.283125,1.0,10,,scalar_acl_exact
pg-diskann,100000,3,w4_acl,729,2.262958,1.0,10,,scalar_acl_exact
pg-diskann,100000,3,w4_acl,180,2.342958,1.0,10,,scalar_acl_exact
pg-diskann,100000,3,w4_acl,230,2.240584,1.0,10,,scalar_acl_exact
pg-diskann,100000,3,w4_acl,916,2.800833,1.0,10,,scalar_acl_exact
pg-diskann,100000,3,w4_acl,720,2.078833,1.0,10,,scalar_acl_exact
pg-diskann,100000,3,w4_acl,330,2.367583,1.0,10,,scalar_acl_exact
pg-diskann,100000,3,w4_acl,653,4.471625,1.0,10,,scalar_acl_exact
pg-diskann,100000,3,w4_acl,921,2.198292,1.0,10,,scalar_acl_exact
pg-diskann,100000,3,w4_acl,513,2.080292,1.0,10,,scalar_acl_exact
pg-diskann,100000,3,w4_acl,293,2.734041,1.0,10,,scalar_acl_exact
pg-diskann,100000,3,w4_acl,685,2.071458,1.0,10,,scalar_acl_exact
pg-diskann,100000,3,w4_acl,800,1.823833,1.0,10,,scalar_acl_exact
pg-diskann,100000,3,w4_acl,572,2.075084,1.0,10,,scalar_acl_exact
pg-diskann,100000,3,w4_acl,736,2.834375,1.0,10,,scalar_acl_exact
pg-diskann,100000,3,w4_acl,578,2.230125,1.0,10,,scalar_acl_exact
pg-diskann,100000,3,w4_acl,473,2.322542,1.0,10,,scalar_acl_exact
pg-diskann,100000,3,w4_acl,489,7.279375,1.0,10,,scalar_acl_exact
pg-diskann,100000,3,w4_acl,563,2.659375,1.0,10,,scalar_acl_exact
pg-diskann,100000,3,w4_acl,471,2.341334,1.0,10,,scalar_acl_exact
pg-diskann,100000,3,w4_acl,992,2.23775,1.0,10,,scalar_acl_exact
pg-diskann,100000,3,w4_acl,367,2.143,1.0,10,,scalar_acl_exact
pg-diskann,100000,3,w4_acl,241,3.783083,1.0,10,,scalar_acl_exact
pg-diskann,100000,3,w4_acl,877,2.66125,1.0,10,,scalar_acl_exact
pg-diskann,100000,3,w4_acl,668,2.336459,1.0,10,,scalar_acl_exact
pg-diskann,100000,3,w4_acl,618,3.66,1.0,10,,scalar_acl_exact
pg-diskann,100000,3,w4_acl,105,2.37125,1.0,10,,scalar_acl_exact
pg-diskann,100000,3,w4_acl,676,2.484333,1.0,10,,scalar_acl_exact
pg-diskann,100000,3,w4_acl,848,2.488,1.0,10,,scalar_acl_exact
pg-diskann,100000,3,w4_acl,526,2.471583,1.0,10,,scalar_acl_exact
pg-diskann,100000,3,w4_acl,481,1.995,1.0,10,,scalar_acl_exact
pg-diskann,100000,3,w4_acl,208,4.898958,1.0,10,,scalar_acl_exact
pg-diskann,100000,3,w4_acl,994,2.475375,1.0,10,,scalar_acl_exact
pg-diskann,100000,3,w4_acl,389,6.099,1.0,10,,scalar_acl_exact
pg-diskann,100000,3,w4_acl,795,2.478625,1.0,10,,scalar_acl_exact
pg-diskann,100000,3,w4_acl,508,2.09775,1.0,10,,scalar_acl_exact
pg-diskann,100000,3,w4_acl,965,2.799,1.0,10,,scalar_acl_exact
pg-diskann,100000,3,w4_acl,306,2.259709,1.0,10,,scalar_acl_exact
pg-diskann,100000,3,w4_acl,143,2.223541,1.0,10,,scalar_acl_exact
pg-diskann,100000,3,w4_acl,120,3.746,1.0,10,,scalar_acl_exact
pg-diskann,100000,3,w4_acl,309,2.699833,1.0,10,,scalar_acl_exact
pg-diskann,100000,3,w4_acl,487,2.171875,1.0,10,,scalar_acl_exact
pg-diskann,100000,3,w4_acl,273,2.657083,1.0,10,,scalar_acl_exact
pg-diskann,100000,3,w4_acl,740,2.678166,1.0,10,,scalar_acl_exact
pg-diskann,100000,3,w4_acl,334,2.536041,1.0,10,,scalar_acl_exact
pg-diskann,100000,3,w4_acl,467,2.546541,1.0,10,,scalar_acl_exact
pg-diskann,100000,3,w4_acl,298,2.619958,1.0,10,,scalar_acl_exact
pg-diskann,100000,3,w4_acl,639,2.092542,1.0,10,,scalar_acl_exact
pg-diskann,100000,3,w4_acl,297,2.112542,1.0,10,,scalar_acl_exact
pg-diskann,100000,3,w4_acl,126,2.660375,1.0,10,,scalar_acl_exact
pg-diskann,100000,3,w4_acl,895,2.55475,1.0,10,,scalar_acl_exact
pg-diskann,100000,3,w4_acl,326,2.208291,1.0,10,,scalar_acl_exact
pg-diskann,100000,3,w4_acl,718,2.314792,1.0,10,,scalar_acl_exact
pg-diskann,100000,3,w4_acl,205,2.511834,1.0,10,,scalar_acl_exact
pg-diskann,100000,3,w4_acl,368,2.343708,1.0,10,,scalar_acl_exact
pg-diskann,100000,3,w4_acl,662,4.076792,1.0,10,,scalar_acl_exact
pg-diskann,100000,3,w4_acl,908,2.446375,1.0,10,,scalar_acl_exact
pg-diskann,100000,3,w4_acl,305,2.578375,1.0,10,,scalar_acl_exact
pg-diskann,100000,3,w4_acl,432,3.1075,1.0,10,,scalar_acl_exact
pg-diskann,100000,3,w4_acl,753,2.662125,1.0,10,,scalar_acl_exact
pg-diskann,100000,3,w4_acl,577,2.849625,1.0,10,,scalar_acl_exact
pg-diskann,100000,3,w4_acl,953,2.785125,1.0,10,,scalar_acl_exact
pg-diskann,100000,3,w4_acl,946,2.541375,1.0,10,,scalar_acl_exact
pg-diskann,100000,3,w4_acl,813,2.563916,1.0,10,,scalar_acl_exact
pg-diskann,100000,3,w4_acl,612,5.7635,1.0,10,,scalar_acl_exact
pg-diskann,100000,3,w4_acl,361,2.223,1.0,10,,scalar_acl_exact
pg-diskann,100000,3,w4_acl,499,3.818667,1.0,10,,scalar_acl_exact
pg-diskann,100000,3,w4_acl,323,2.308792,1.0,10,,scalar_acl_exact
pg-diskann,100000,3,w4_acl,324,2.362917,1.0,10,,scalar_acl_exact
pg-diskann,100000,3,w4_acl,980,3.074125,1.0,10,,scalar_acl_exact
pg-diskann,100000,3,w4_acl,281,2.160375,1.0,10,,scalar_acl_exact
pg-diskann,100000,3,w4_acl,726,2.443792,1.0,10,,scalar_acl_exact
pg-diskann,100000,3,w4_acl,446,3.600959,1.0,10,,scalar_acl_exact
pg-diskann,100000,3,w4_acl,107,2.418584,1.0,10,,scalar_acl_exact
pg-diskann,100000,3,w4_acl,899,2.1985,1.0,10,,scalar_acl_exact
pg-diskann,100000,3,w4_acl,343,3.439583,1.0,10,,scalar_acl_exact
pg-diskann,100000,3,w4_acl,932,2.284917,1.0,10,,scalar_acl_exact
pg-diskann,100000,3,w4_acl,276,2.244292,1.0,10,,scalar_acl_exact
pg-diskann,100000,3,w4_acl,993,2.159875,1.0,10,,scalar_acl_exact
pg-diskann,100000,3,w4_acl,839,4.128667,1.0,10,,scalar_acl_exact
pg-diskann,100000,3,w4_acl,654,2.422375,1.0,10,,scalar_acl_exact
pg-diskann,100000,3,w4_acl,410,3.761625,1.0,10,,scalar_acl_exact
pg-diskann,100000,3,w4_acl,540,2.239459,1.0,10,,scalar_acl_exact
pg-diskann,100000,3,w4_acl,876,2.490125,1.0,10,,scalar_acl_exact
pg-diskann,100000,3,w4_acl,796,1.581375,1.0,10,,scalar_acl_exact
pg-diskann,100000,3,w4_acl,240,2.103041,1.0,10,,scalar_acl_exact
pg-diskann,100000,3,w4_acl,656,2.395583,1.0,10,,scalar_acl_exact
pg-diskann,100000,3,w4_acl,669,2.262333,1.0,10,,scalar_acl_exact
pg-diskann,100000,3,w4_acl,763,6.551333,1.0,10,,scalar_acl_exact
pg-diskann,100000,3,w4_acl,937,2.293125,1.0,10,,scalar_acl_exact
pg-diskann,100000,3,w4_acl,433,2.506375,1.0,10,,scalar_acl_exact
pg-diskann,100000,3,w4_acl,730,2.578083,1.0,10,,scalar_acl_exact
pg-diskann,100000,3,w4_acl,227,2.792708,1.0,10,,scalar_acl_exact
pg-diskann,100000,3,w4_acl,659,2.366625,1.0,10,,scalar_acl_exact
pg-diskann,100000,3,w4_acl,672,2.434083,1.0,10,,scalar_acl_exact
pg-diskann,100000,3,w4_acl,863,2.376833,1.0,10,,scalar_acl_exact
pg-diskann,100000,3,w4_acl,789,4.031625,1.0,10,,scalar_acl_exact
pg-diskann,100000,3,w4_acl,252,2.627583,1.0,10,,scalar_acl_exact
pg-diskann,100000,3,w4_acl,225,2.423167,1.0,10,,scalar_acl_exact
pg-diskann,100000,3,w4_acl,327,7.203958,1.0,10,,scalar_acl_exact
pg-diskann,100000,3,w4_acl,752,1.973708,1.0,10,,scalar_acl_exact
pg-diskann,100000,3,w4_acl,735,3.008084,1.0,10,,scalar_acl_exact
pg-diskann,100000,3,w4_acl,380,2.597375,1.0,10,,scalar_acl_exact
pg-diskann,100000,3,w4_acl,887,2.250541,1.0,10,,scalar_acl_exact
pg-diskann,100000,3,w4_acl,774,2.756834,1.0,10,,scalar_acl_exact
pg-diskann,100000,3,w4_acl,922,2.744125,1.0,10,,scalar_acl_exact
pg-diskann,100000,3,w4_acl,990,2.378875,1.0,10,,scalar_acl_exact
pg-diskann,100000,3,w4_acl,766,2.9765,1.0,10,,scalar_acl_exact
pg-diskann,100000,3,w4_acl,418,2.882459,1.0,10,,scalar_acl_exact
pg-diskann,100000,3,w4_acl,717,2.398667,1.0,10,,scalar_acl_exact
pg-diskann,100000,3,w4_acl,623,5.14475,1.0,10,,scalar_acl_exact
pg-diskann,100000,3,w4_acl,524,2.281583,1.0,10,,scalar_acl_exact
pg-diskann,100000,3,w4_acl,214,3.854125,1.0,10,,scalar_acl_exact
pg-diskann,100000,3,w4_acl,449,2.527625,1.0,10,,scalar_acl_exact
pg-diskann,100000,3,w4_acl,414,2.616167,1.0,10,,scalar_acl_exact
pg-diskann,100000,3,w4_acl,114,2.944167,1.0,10,,scalar_acl_exact
pg-diskann,100000,3,w4_acl,712,2.380792,1.0,10,,scalar_acl_exact
pg-diskann,100000,3,w4_acl,621,2.181917,1.0,10,,scalar_acl_exact
pg-diskann,100000,3,w4_acl,821,2.113334,1.0,10,,scalar_acl_exact
pg-diskann,100000,3,w4_acl,266,2.613,1.0,10,,scalar_acl_exact
pg-diskann,100000,3,w4_acl,211,2.57275,1.0,10,,scalar_acl_exact
pg-diskann,100000,3,w4_acl,909,2.321833,1.0,10,,scalar_acl_exact
pg-diskann,100000,3,w4_acl,721,2.472,1.0,10,,scalar_acl_exact
pg-diskann,100000,3,w4_acl,713,2.473167,1.0,10,,scalar_acl_exact
pg-diskann,100000,3,w4_acl,491,2.423792,1.0,10,,scalar_acl_exact
pg-diskann,100000,3,w4_acl,379,3.353292,1.0,10,,scalar_acl_exact
pg-diskann,100000,3,w4_acl,482,2.953375,1.0,10,,scalar_acl_exact
pg-diskann,100000,3,w4_acl,484,2.175875,1.0,10,,scalar_acl_exact
pg-diskann,100000,3,w4_acl,597,2.974375,1.0,10,,scalar_acl_exact
pg-diskann,100000,3,w4_acl,541,2.249708,1.0,10,,scalar_acl_exact
pg-diskann,100000,3,w4_acl,809,2.426625,1.0,10,,scalar_acl_exact
pg-diskann,100000,3,w4_acl,830,3.333875,1.0,10,,scalar_acl_exact
pg-diskann,100000,3,w4_acl,460,2.209209,1.0,10,,scalar_acl_exact
pg-diskann,100000,3,w4_acl,997,2.825375,1.0,10,,scalar_acl_exact
pg-diskann,100000,3,w4_acl,679,5.878292,1.0,10,,scalar_acl_exact
pg-diskann,100000,3,w4_acl,173,2.658,1.0,10,,scalar_acl_exact
pg-diskann,100000,3,w4_acl,444,2.327875,1.0,10,,scalar_acl_exact
pg-diskann,100000,3,w4_acl,823,2.952584,1.0,10,,scalar_acl_exact
pg-diskann,100000,3,w4_acl,814,2.25875,1.0,10,,scalar_acl_exact
pg-diskann,100000,3,w4_acl,355,2.89675,1.0,10,,scalar_acl_exact
pg-diskann,100000,3,w4_acl,302,2.286584,1.0,10,,scalar_acl_exact
pg-diskann,100000,3,w4_acl,115,1.618625,1.0,10,,scalar_acl_exact
pg-diskann,100000,3,w4_acl,339,2.442666,1.0,10,,scalar_acl_exact
pg-diskann,100000,3,w4_acl,675,2.484167,1.0,10,,scalar_acl_exact
pg-diskann,100000,3,w4_acl,251,2.251833,1.0,10,,scalar_acl_exact
pg-diskann,100000,3,w4_acl,988,2.105666,1.0,10,,scalar_acl_exact
pg-diskann,100000,3,w4_acl,907,2.15,1.0,10,,scalar_acl_exact
pg-diskann,100000,3,w4_acl,910,2.407833,1.0,10,,scalar_acl_exact
pg-diskann,100000,3,w4_acl,336,2.416834,1.0,10,,scalar_acl_exact
pg-diskann,100000,3,w4_acl,194,2.380375,1.0,10,,scalar_acl_exact
pg-diskann,100000,3,w4_acl,999,3.527625,1.0,10,,scalar_acl_exact
pg-diskann,100000,3,w4_acl,144,2.294667,1.0,10,,scalar_acl_exact
pg-diskann,100000,3,w4_acl,514,2.15775,1.0,10,,scalar_acl_exact
pg-diskann,100000,3,w4_acl,507,3.000083,1.0,10,,scalar_acl_exact
pg-diskann,100000,3,w4_acl,660,2.36475,1.0,10,,scalar_acl_exact
pg-diskann,100000,3,w4_acl,647,2.353833,1.0,10,,scalar_acl_exact
pg-diskann,100000,3,w4_acl,226,3.845959,1.0,10,,scalar_acl_exact
pg-diskann,100000,3,w4_acl,454,2.479167,1.0,10,,scalar_acl_exact
pg-diskann,100000,3,w4_acl,238,2.418708,1.0,10,,scalar_acl_exact
pg-diskann,100000,3,w4_acl,382,5.5085,1.0,10,,scalar_acl_exact
pg-diskann,100000,3,w4_acl,280,2.608917,1.0,10,,scalar_acl_exact
pg-diskann,100000,3,w4_acl,310,3.426834,1.0,10,,scalar_acl_exact
pg-diskann,100000,3,w4_acl,362,2.405916,1.0,10,,scalar_acl_exact
pg-diskann,100000,3,w4_acl,610,2.391959,1.0,10,,scalar_acl_exact
pg-diskann,100000,3,w4_acl,591,3.218584,1.0,10,,scalar_acl_exact
pg-diskann,100000,3,w4_acl,930,2.222875,1.0,10,,scalar_acl_exact
pg-diskann,100000,3,w4_acl,680,2.273625,1.0,10,,scalar_acl_exact
pg-diskann,100000,3,w4_acl,558,2.275417,1.0,10,,scalar_acl_exact
pg-diskann,100000,3,w4_acl,148,2.286417,1.0,10,,scalar_acl_exact
pg-diskann,100000,3,w4_acl,402,2.310625,1.0,10,,scalar_acl_exact
pg-diskann,100000,3,w4_acl,417,2.421042,1.0,10,,scalar_acl_exact
pg-diskann,100000,3,w4_acl,429,2.57675,1.0,10,,scalar_acl_exact
pg-diskann,100000,3,w4_acl,770,2.5145,1.0,10,,scalar_acl_exact
pg-diskann,100000,3,w4_acl,427,2.195333,1.0,10,,scalar_acl_exact
pg-diskann,100000,3,w4_acl,451,2.186291,1.0,10,,scalar_acl_exact
pg-diskann,100000,3,w4_acl,317,2.518916,1.0,10,,scalar_acl_exact
pg-diskann,100000,3,w4_acl,958,2.416375,1.0,10,,scalar_acl_exact
pg-diskann,100000,3,w4_acl,374,2.492208,1.0,10,,scalar_acl_exact
pg-diskann,100000,3,w4_acl,200,2.350917,1.0,10,,scalar_acl_exact
pg-diskann,100000,3,w4_acl,535,2.385667,1.0,10,,scalar_acl_exact
pg-diskann,100000,3,w4_acl,493,2.491875,1.0,10,,scalar_acl_exact
pg-diskann,100000,3,w4_acl,875,3.417291,1.0,10,,scalar_acl_exact
pg-diskann,100000,3,w4_acl,213,2.6765,1.0,10,,scalar_acl_exact
pg-diskann,100000,3,w4_acl,359,2.503792,1.0,10,,scalar_acl_exact
pg-diskann,100000,3,w4_acl,799,5.793083,1.0,10,,scalar_acl_exact
pg-diskann,100000,3,w4_acl,894,2.380833,1.0,10,,scalar_acl_exact
pg-diskann,100000,3,w4_acl,412,3.007084,1.0,10,,scalar_acl_exact
pg-diskann,100000,3,w4_acl,404,2.547458,1.0,10,,scalar_acl_exact
pg-diskann,100000,3,w4_acl,943,2.465417,1.0,10,,scalar_acl_exact
pg-diskann,100000,3,w4_acl,560,3.164417,1.0,10,,scalar_acl_exact
pg-diskann,100000,3,w4_acl,684,2.438084,1.0,10,,scalar_acl_exact
pg-diskann,100000,3,w4_acl,239,2.259584,1.0,10,,scalar_acl_exact
pg-diskann,100000,3,w4_acl,299,3.8275,1.0,10,,scalar_acl_exact
pg-diskann,100000,3,w4_acl,470,2.685125,1.0,10,,scalar_acl_exact
pg-diskann,100000,3,w4_acl,808,2.742334,1.0,10,,scalar_acl_exact
pg-diskann,100000,3,w4_acl,866,6.292958,1.0,10,,scalar_acl_exact
pg-diskann,100000,3,w4_acl,469,2.355375,1.0,10,,scalar_acl_exact
pg-diskann,100000,3,w4_acl,915,2.520125,1.0,10,,scalar_acl_exact
pg-diskann,100000,3,w4_acl,516,2.579542,1.0,10,,scalar_acl_exact
pg-diskann,100000,3,w4_acl,288,2.818917,1.0,10,,scalar_acl_exact
pg-diskann,100000,3,w4_acl,539,2.27025,1.0,10,,scalar_acl_exact
pg-diskann,100000,3,w4_acl,138,2.583458,1.0,10,,scalar_acl_exact
pg-diskann,100000,3,w4_acl,256,2.338209,1.0,10,,scalar_acl_exact
pg-diskann,100000,3,w4_acl,308,2.458375,1.0,10,,scalar_acl_exact
pg-diskann,100000,3,w4_acl,117,2.463667,1.0,10,,scalar_acl_exact
pg-diskann,100000,3,w4_acl,699,2.480791,1.0,10,,scalar_acl_exact
pg-diskann,100000,3,w4_acl,596,10.990167,1.0,10,,scalar_acl_exact
pg-diskann,100000,3,w4_acl,991,2.881792,1.0,10,,scalar_acl_exact
pg-diskann,100000,3,w4_acl,589,2.419875,1.0,10,,scalar_acl_exact
pg-diskann,100000,3,w4_acl,384,2.268334,1.0,10,,scalar_acl_exact
pg-diskann,100000,3,w4_acl,386,2.907333,1.0,10,,scalar_acl_exact
pg-diskann,100000,3,w4_acl,149,3.116542,1.0,10,,scalar_acl_exact
pg-diskann,100000,3,w4_acl,602,2.927834,1.0,10,,scalar_acl_exact
pg-diskann,100000,3,w4_acl,207,3.440625,1.0,10,,scalar_acl_exact
pg-diskann,100000,3,w4_acl,521,2.691917,1.0,10,,scalar_acl_exact
pg-diskann,100000,3,w4_acl,857,3.605583,1.0,10,,scalar_acl_exact
pg-diskann,100000,3,w4_acl,307,2.903167,1.0,10,,scalar_acl_exact
pg-diskann,100000,3,w4_acl,622,2.18475,1.0,10,,scalar_acl_exact
pg-diskann,100000,3,w4_acl,459,3.686333,1.0,10,,scalar_acl_exact
pg-diskann,100000,3,w4_acl,853,2.662166,1.0,10,,scalar_acl_exact
pg-diskann,100000,3,w4_acl,438,2.481709,1.0,10,,scalar_acl_exact
