engine,dataset_size,repetition,workload,query_rank,latency_ms,recall10,returned_count,candidate_count,execution_path
pg-diskann,100000,1,w1,550,8.332,1.0,10,,diskann
pg-diskann,100000,1,w1,729,8.689042,1.0,10,,diskann
pg-diskann,100000,1,w1,743,7.130209,1.0,10,,diskann
pg-diskann,100000,1,w1,274,8.511542,1.0,10,,diskann
pg-diskann,100000,1,w1,570,8.012416,1.0,10,,diskann
pg-diskann,100000,1,w1,245,8.399542,1.0,10,,diskann
pg-diskann,100000,1,w1,293,7.391542,1.0,10,,diskann
pg-diskann,100000,1,w1,666,6.564084,1.0,10,,diskann
pg-diskann,100000,1,w1,665,6.515875,1.0,10,,diskann
pg-diskann,100000,1,w1,945,11.075584,0.7,10,,diskann
pg-diskann,100000,1,w1,495,6.984125,1.0,10,,diskann
pg-diskann,100000,1,w1,394,7.857958,0.8,10,,diskann
pg-diskann,100000,1,w1,243,5.998458,1.0,10,,diskann
pg-diskann,100000,1,w1,255,5.04075,0.8,10,,diskann
pg-diskann,100000,1,w1,726,8.054084,1.0,10,,diskann
pg-diskann,100000,1,w1,189,5.611,1.0,10,,diskann
pg-diskann,100000,1,w1,151,6.6855,1.0,10,,diskann
pg-diskann,100000,1,w1,192,8.024833,1.0,10,,diskann
pg-diskann,100000,1,w1,161,6.221125,1.0,10,,diskann
pg-diskann,100000,1,w1,833,6.994042,1.0,10,,diskann
pg-diskann,100000,1,w1,673,8.356708,0.9,10,,diskann
pg-diskann,100000,1,w1,507,8.811166,1.0,10,,diskann
pg-diskann,100000,1,w1,129,8.808875,0.8,10,,diskann
pg-diskann,100000,1,w1,238,7.439167,1.0,10,,diskann
pg-diskann,100000,1,w1,260,7.750708,1.0,10,,diskann
pg-diskann,100000,1,w1,212,10.167125,1.0,10,,diskann
pg-diskann,100000,1,w1,208,6.642958,1.0,10,,diskann
pg-diskann,100000,1,w1,536,7.866958,1.0,10,,diskann
pg-diskann,100000,1,w1,508,5.685584,1.0,10,,diskann
pg-diskann,100000,1,w1,138,5.504167,0.9,10,,diskann
pg-diskann,100000,1,w1,442,7.759291,0.9,10,,diskann
pg-diskann,100000,1,w1,359,7.418875,1.0,10,,diskann
pg-diskann,100000,1,w1,955,7.485083,1.0,10,,diskann
pg-diskann,100000,1,w1,494,8.005625,1.0,10,,diskann
pg-diskann,100000,1,w1,763,10.678041,0.8,10,,diskann
pg-diskann,100000,1,w1,520,6.747459,1.0,10,,diskann
pg-diskann,100000,1,w1,418,8.747,1.0,10,,diskann
pg-diskann,100000,1,w1,661,5.849417,1.0,10,,diskann
pg-diskann,100000,1,w1,229,6.277958,1.0,10,,diskann
pg-diskann,100000,1,w1,231,6.055541,1.0,10,,diskann
pg-diskann,100000,1,w1,195,6.31775,1.0,10,,diskann
pg-diskann,100000,1,w1,896,12.361833,0.9,10,,diskann
pg-diskann,100000,1,w1,391,6.753917,0.8,10,,diskann
pg-diskann,100000,1,w1,113,7.158042,1.0,10,,diskann
pg-diskann,100000,1,w1,276,8.52375,0.9,10,,diskann
pg-diskann,100000,1,w1,935,8.01425,1.0,10,,diskann
pg-diskann,100000,1,w1,701,8.55875,1.0,10,,diskann
pg-diskann,100000,1,w1,723,7.794875,1.0,10,,diskann
pg-diskann,100000,1,w1,683,6.386583,1.0,10,,diskann
pg-diskann,100000,1,w1,560,7.582917,1.0,10,,diskann
pg-diskann,100000,1,w1,700,8.63075,1.0,10,,diskann
pg-diskann,100000,1,w1,716,4.714833,1.0,10,,diskann
pg-diskann,100000,1,w1,912,8.1645,1.0,10,,diskann
pg-diskann,100000,1,w1,258,6.465083,1.0,10,,diskann
pg-diskann,100000,1,w1,173,6.647083,1.0,10,,diskann
pg-diskann,100000,1,w1,638,7.402083,1.0,10,,diskann
pg-diskann,100000,1,w1,335,7.420083,1.0,10,,diskann
pg-diskann,100000,1,w1,503,5.811584,1.0,10,,diskann
pg-diskann,100000,1,w1,813,7.150958,1.0,10,,diskann
pg-diskann,100000,1,w1,406,8.060084,1.0,10,,diskann
pg-diskann,100000,1,w1,242,8.039167,1.0,10,,diskann
pg-diskann,100000,1,w1,137,8.121666,1.0,10,,diskann
pg-diskann,100000,1,w1,446,6.61775,1.0,10,,diskann
pg-diskann,100000,1,w1,947,6.996459,1.0,10,,diskann
pg-diskann,100000,1,w1,506,8.627417,1.0,10,,diskann
pg-diskann,100000,1,w1,228,5.438709,1.0,10,,diskann
pg-diskann,100000,1,w1,342,8.22425,0.9,10,,diskann
pg-diskann,100000,1,w1,939,8.023958,1.0,10,,diskann
pg-diskann,100000,1,w1,705,5.296583,1.0,10,,diskann
pg-diskann,100000,1,w1,651,6.650125,1.0,10,,diskann
pg-diskann,100000,1,w1,944,8.440042,0.9,10,,diskann
pg-diskann,100000,1,w1,745,8.121208,1.0,10,,diskann
pg-diskann,100000,1,w1,422,6.770875,1.0,10,,diskann
pg-diskann,100000,1,w1,443,9.972958,0.9,10,,diskann
pg-diskann,100000,1,w1,923,5.554417,0.9,10,,diskann
pg-diskann,100000,1,w1,322,5.725375,1.0,10,,diskann
pg-diskann,100000,1,w1,569,6.201625,1.0,10,,diskann
pg-diskann,100000,1,w1,878,6.204542,1.0,10,,diskann
pg-diskann,100000,1,w1,882,8.594167,1.0,10,,diskann
pg-diskann,100000,1,w1,437,8.5315,1.0,10,,diskann
pg-diskann,100000,1,w1,510,8.667708,1.0,10,,diskann
pg-diskann,100000,1,w1,801,7.114792,1.0,10,,diskann
pg-diskann,100000,1,w1,136,7.179208,1.0,10,,diskann
pg-diskann,100000,1,w1,622,8.494458,1.0,10,,diskann
pg-diskann,100000,1,w1,249,10.392167,1.0,10,,diskann
pg-diskann,100000,1,w1,275,7.296042,1.0,10,,diskann
pg-diskann,100000,1,w1,626,8.727083,0.9,10,,diskann
pg-diskann,100000,1,w1,447,10.069708,1.0,10,,diskann
pg-diskann,100000,1,w1,856,7.63075,0.9,10,,diskann
pg-diskann,100000,1,w1,286,8.454458,1.0,10,,diskann
pg-diskann,100000,1,w1,690,7.537625,0.9,10,,diskann
pg-diskann,100000,1,w1,792,7.248375,1.0,10,,diskann
pg-diskann,100000,1,w1,843,5.499625,1.0,10,,diskann
pg-diskann,100000,1,w1,200,6.096583,0.9,10,,diskann
pg-diskann,100000,1,w1,426,6.433709,1.0,10,,diskann
pg-diskann,100000,1,w1,388,7.139,1.0,10,,diskann
pg-diskann,100000,1,w1,684,7.952583,1.0,10,,diskann
pg-diskann,100000,1,w1,533,5.779125,1.0,10,,diskann
pg-diskann,100000,1,w1,710,10.241708,1.0,10,,diskann
pg-diskann,100000,1,w1,656,6.799625,0.9,10,,diskann
pg-diskann,100000,1,w1,688,10.304541,1.0,10,,diskann
pg-diskann,100000,1,w1,675,7.32425,1.0,10,,diskann
pg-diskann,100000,1,w1,262,7.292667,1.0,10,,diskann
pg-diskann,100000,1,w1,523,7.219333,1.0,10,,diskann
pg-diskann,100000,1,w1,473,13.860292,1.0,10,,diskann
pg-diskann,100000,1,w1,361,7.189667,1.0,10,,diskann
pg-diskann,100000,1,w1,610,7.118334,1.0,10,,diskann
pg-diskann,100000,1,w1,490,4.829458,1.0,10,,diskann
pg-diskann,100000,1,w1,572,6.169875,1.0,10,,diskann
pg-diskann,100000,1,w1,221,7.434542,1.0,10,,diskann
pg-diskann,100000,1,w1,185,6.200542,1.0,10,,diskann
pg-diskann,100000,1,w1,706,7.452959,1.0,10,,diskann
pg-diskann,100000,1,w1,128,5.741417,1.0,10,,diskann
pg-diskann,100000,1,w1,501,6.284209,1.0,10,,diskann
pg-diskann,100000,1,w1,320,6.130375,1.0,10,,diskann
pg-diskann,100000,1,w1,619,7.224084,1.0,10,,diskann
pg-diskann,100000,1,w1,223,7.920917,0.9,10,,diskann
pg-diskann,100000,1,w1,288,6.371334,1.0,10,,diskann
pg-diskann,100000,1,w1,966,6.441417,0.8,10,,diskann
pg-diskann,100000,1,w1,117,5.37875,1.0,10,,diskann
pg-diskann,100000,1,w1,540,7.825375,1.0,10,,diskann
pg-diskann,100000,1,w1,795,6.520333,1.0,10,,diskann
pg-diskann,100000,1,w1,370,8.56825,0.9,10,,diskann
pg-diskann,100000,1,w1,435,8.883917,1.0,10,,diskann
pg-diskann,100000,1,w1,733,8.305625,1.0,10,,diskann
pg-diskann,100000,1,w1,973,5.358416,1.0,10,,diskann
pg-diskann,100000,1,w1,111,5.40175,1.0,10,,diskann
pg-diskann,100000,1,w1,197,6.642,1.0,10,,diskann
pg-diskann,100000,1,w1,668,5.357334,1.0,10,,diskann
pg-diskann,100000,1,w1,334,6.214834,1.0,10,,diskann
pg-diskann,100000,1,w1,367,6.365333,0.9,10,,diskann
pg-diskann,100000,1,w1,551,7.217458,1.0,10,,diskann
pg-diskann,100000,1,w1,937,6.907334,0.8,10,,diskann
pg-diskann,100000,1,w1,135,8.599459,1.0,10,,diskann
pg-diskann,100000,1,w1,398,6.463542,0.9,10,,diskann
pg-diskann,100000,1,w1,873,5.877667,1.0,10,,diskann
pg-diskann,100000,1,w1,235,5.583333,1.0,10,,diskann
pg-diskann,100000,1,w1,990,6.537166,1.0,10,,diskann
pg-diskann,100000,1,w1,608,4.735166,1.0,10,,diskann
pg-diskann,100000,1,w1,725,4.665,1.0,10,,diskann
pg-diskann,100000,1,w1,783,7.613209,1.0,10,,diskann
pg-diskann,100000,1,w1,323,6.726875,1.0,10,,diskann
pg-diskann,100000,1,w1,500,6.273667,1.0,10,,diskann
pg-diskann,100000,1,w1,989,4.542583,1.0,10,,diskann
pg-diskann,100000,1,w1,557,7.582875,1.0,10,,diskann
pg-diskann,100000,1,w1,375,5.861,1.0,10,,diskann
pg-diskann,100000,1,w1,616,5.513458,0.8,10,,diskann
pg-diskann,100000,1,w1,848,5.568458,1.0,10,,diskann
pg-diskann,100000,1,w1,383,4.801125,1.0,10,,diskann
pg-diskann,100000,1,w1,629,6.246792,0.6,10,,diskann
pg-diskann,100000,1,w1,147,4.745667,1.0,10,,diskann
pg-diskann,100000,1,w1,420,6.239042,1.0,10,,diskann
pg-diskann,100000,1,w1,267,6.193042,1.0,10,,diskann
pg-diskann,100000,1,w1,826,7.033708,1.0,10,,diskann
pg-diskann,100000,1,w1,301,7.89925,1.0,10,,diskann
pg-diskann,100000,1,w1,975,5.239208,1.0,10,,diskann
pg-diskann,100000,1,w1,962,11.87875,0.9,10,,diskann
pg-diskann,100000,1,w1,754,7.057583,1.0,10,,diskann
pg-diskann,100000,1,w1,865,6.754042,1.0,10,,diskann
pg-diskann,100000,1,w1,931,5.782792,1.0,10,,diskann
pg-diskann,100000,1,w1,963,5.086125,1.0,10,,diskann
pg-diskann,100000,1,w1,300,6.255334,1.0,10,,diskann
pg-diskann,100000,1,w1,907,6.530709,1.0,10,,diskann
pg-diskann,100000,1,w1,992,8.043875,0.9,10,,diskann
pg-diskann,100000,1,w1,162,4.802084,1.0,10,,diskann
pg-diskann,100000,1,w1,946,7.295417,1.0,10,,diskann
pg-diskann,100000,1,w1,836,7.912541,1.0,10,,diskann
pg-diskann,100000,1,w1,997,7.160209,1.0,10,,diskann
pg-diskann,100000,1,w1,482,7.12825,1.0,10,,diskann
pg-diskann,100000,1,w1,806,6.722125,1.0,10,,diskann
pg-diskann,100000,1,w1,621,5.532375,1.0,10,,diskann
pg-diskann,100000,1,w1,662,7.260208,1.0,10,,diskann
pg-diskann,100000,1,w1,146,7.341375,1.0,10,,diskann
pg-diskann,100000,1,w1,718,6.119708,1.0,10,,diskann
pg-diskann,100000,1,w1,266,4.909042,1.0,10,,diskann
pg-diskann,100000,1,w1,789,7.8125,0.9,10,,diskann
pg-diskann,100000,1,w1,976,7.13225,0.9,10,,diskann
pg-diskann,100000,1,w1,901,9.054542,0.9,10,,diskann
pg-diskann,100000,1,w1,561,4.791959,1.0,10,,diskann
pg-diskann,100000,1,w1,578,6.846125,1.0,10,,diskann
pg-diskann,100000,1,w1,479,5.44225,1.0,10,,diskann
pg-diskann,100000,1,w1,982,7.296458,1.0,10,,diskann
pg-diskann,100000,1,w1,886,5.816417,0.9,10,,diskann
pg-diskann,100000,1,w1,108,7.023792,1.0,10,,diskann
pg-diskann,100000,1,w1,703,7.116792,1.0,10,,diskann
pg-diskann,100000,1,w1,887,5.934041,1.0,10,,diskann
pg-diskann,100000,1,w1,343,7.861791,1.0,10,,diskann
pg-diskann,100000,1,w1,627,8.639834,1.0,10,,diskann
pg-diskann,100000,1,w1,925,8.117292,1.0,10,,diskann
pg-diskann,100000,1,w1,478,6.696166,0.9,10,,diskann
pg-diskann,100000,1,w1,513,6.163084,1.0,10,,diskann
pg-diskann,100000,1,w1,107,6.613584,1.0,10,,diskann
pg-diskann,100000,1,w1,205,7.891792,1.0,10,,diskann
pg-diskann,100000,1,w1,462,8.134083,1.0,10,,diskann
pg-diskann,100000,1,w1,419,8.619583,1.0,10,,diskann
pg-diskann,100000,1,w1,461,9.311792,0.9,10,,diskann
pg-diskann,100000,1,w1,812,7.825958,1.0,10,,diskann
pg-diskann,100000,1,w1,904,9.849875,0.9,10,,diskann
pg-diskann,100000,1,w1,193,9.382792,0.9,10,,diskann
pg-diskann,100000,1,w1,468,5.610125,1.0,10,,diskann
pg-diskann,100000,1,w1,810,5.438833,0.8,10,,diskann
pg-diskann,100000,1,w1,837,5.860917,1.0,10,,diskann
pg-diskann,100000,1,w1,682,7.050167,1.0,10,,diskann
pg-diskann,100000,1,w1,854,6.735709,0.9,10,,diskann
pg-diskann,100000,1,w1,360,8.111,1.0,10,,diskann
pg-diskann,100000,1,w1,785,15.332,0.7,10,,diskann
pg-diskann,100000,1,w1,336,11.967125,1.0,10,,diskann
pg-diskann,100000,1,w1,429,6.794708,0.9,10,,diskann
pg-diskann,100000,1,w1,204,5.620209,1.0,10,,diskann
pg-diskann,100000,1,w1,400,7.726292,1.0,10,,diskann
pg-diskann,100000,1,w1,575,6.706042,1.0,10,,diskann
pg-diskann,100000,1,w1,549,6.263084,1.0,10,,diskann
pg-diskann,100000,1,w1,346,5.95425,1.0,10,,diskann
pg-diskann,100000,1,w1,565,8.514375,1.0,10,,diskann
pg-diskann,100000,1,w1,915,6.501917,1.0,10,,diskann
pg-diskann,100000,1,w1,952,5.5305,1.0,10,,diskann
pg-diskann,100000,1,w1,345,6.824166,1.0,10,,diskann
pg-diskann,100000,1,w1,505,7.924083,1.0,10,,diskann
pg-diskann,100000,1,w1,213,7.499125,1.0,10,,diskann
pg-diskann,100000,1,w1,456,8.661333,0.9,10,,diskann
pg-diskann,100000,1,w1,773,7.569958,1.0,10,,diskann
pg-diskann,100000,1,w1,919,8.100667,1.0,10,,diskann
pg-diskann,100000,1,w1,166,7.556709,1.0,10,,diskann
pg-diskann,100000,1,w1,553,6.95975,0.9,10,,diskann
pg-diskann,100000,1,w1,712,7.932208,0.9,10,,diskann
pg-diskann,100000,1,w1,765,5.916458,1.0,10,,diskann
pg-diskann,100000,1,w1,842,7.097292,1.0,10,,diskann
pg-diskann,100000,1,w1,697,6.027209,1.0,10,,diskann
pg-diskann,100000,1,w1,309,7.506209,1.0,10,,diskann
pg-diskann,100000,1,w1,597,6.139333,1.0,10,,diskann
pg-diskann,100000,1,w1,160,6.152083,1.0,10,,diskann
pg-diskann,100000,1,w1,604,4.3295,1.0,10,,diskann
pg-diskann,100000,1,w1,489,5.918125,1.0,10,,diskann
pg-diskann,100000,1,w1,149,5.864833,1.0,10,,diskann
pg-diskann,100000,1,w1,738,8.548917,1.0,10,,diskann
pg-diskann,100000,1,w1,246,7.053959,1.0,10,,diskann
pg-diskann,100000,1,w1,847,7.173084,1.0,10,,diskann
pg-diskann,100000,1,w1,617,7.690416,1.0,10,,diskann
pg-diskann,100000,1,w1,296,8.403667,1.0,10,,diskann
pg-diskann,100000,1,w1,529,6.734708,1.0,10,,diskann
pg-diskann,100000,1,w1,926,6.658041,0.9,10,,diskann
pg-diskann,100000,1,w1,169,14.472708,1.0,10,,diskann
pg-diskann,100000,1,w1,365,7.480958,1.0,10,,diskann
pg-diskann,100000,1,w1,198,7.151833,1.0,10,,diskann
pg-diskann,100000,1,w1,247,5.485541,1.0,10,,diskann
pg-diskann,100000,1,w1,451,6.7395,0.9,10,,diskann
pg-diskann,100000,1,w1,502,6.6645,1.0,10,,diskann
pg-diskann,100000,1,w1,299,7.194375,1.0,10,,diskann
pg-diskann,100000,1,w1,820,8.563041,0.8,10,,diskann
pg-diskann,100000,1,w1,271,7.59025,0.9,10,,diskann
pg-diskann,100000,1,w1,933,6.393625,1.0,10,,diskann
pg-diskann,100000,1,w1,713,5.91525,1.0,10,,diskann
pg-diskann,100000,1,w1,739,6.150166,1.0,10,,diskann
pg-diskann,100000,1,w1,127,8.240875,0.9,10,,diskann
pg-diskann,100000,1,w1,958,8.095625,1.0,10,,diskann
pg-diskann,100000,1,w1,804,6.095208,0.9,10,,diskann
pg-diskann,100000,1,w1,698,7.319708,1.0,10,,diskann
pg-diskann,100000,1,w1,414,5.412709,1.0,10,,diskann
pg-diskann,100000,1,w1,463,5.408584,1.0,10,,diskann
pg-diskann,100000,1,w1,148,8.43875,1.0,10,,diskann
pg-diskann,100000,1,w1,145,6.858167,1.0,10,,diskann
pg-diskann,100000,1,w1,236,9.136208,0.9,10,,diskann
pg-diskann,100000,1,w1,943,6.195458,0.9,10,,diskann
pg-diskann,100000,1,w1,268,7.407792,1.0,10,,diskann
pg-diskann,100000,1,w1,970,7.320125,1.0,10,,diskann
pg-diskann,100000,1,w1,775,7.5395,1.0,10,,diskann
pg-diskann,100000,1,w1,780,4.887542,1.0,10,,diskann
pg-diskann,100000,1,w1,281,5.921917,1.0,10,,diskann
pg-diskann,100000,1,w1,883,7.759959,1.0,10,,diskann
pg-diskann,100000,1,w1,797,6.426791,1.0,10,,diskann
pg-diskann,100000,1,w1,373,6.437209,1.0,10,,diskann
pg-diskann,100000,1,w1,311,6.014083,0.9,10,,diskann
pg-diskann,100000,1,w1,114,6.470542,0.9,10,,diskann
pg-diskann,100000,1,w1,190,7.11625,1.0,10,,diskann
pg-diskann,100000,1,w1,781,4.944542,1.0,10,,diskann
pg-diskann,100000,1,w1,450,6.884167,1.0,10,,diskann
pg-diskann,100000,1,w1,123,7.554625,1.0,10,,diskann
pg-diskann,100000,1,w1,465,6.338334,1.0,10,,diskann
pg-diskann,100000,1,w1,840,7.741,1.0,10,,diskann
pg-diskann,100000,1,w1,354,8.301916,1.0,10,,diskann
pg-diskann,100000,1,w1,625,6.011042,1.0,10,,diskann
pg-diskann,100000,1,w1,178,5.480875,1.0,10,,diskann
pg-diskann,100000,1,w1,827,5.907916,1.0,10,,diskann
pg-diskann,100000,1,w1,747,4.842584,1.0,10,,diskann
pg-diskann,100000,1,w1,158,6.108542,1.0,10,,diskann
pg-diskann,100000,1,w1,979,7.307375,0.8,10,,diskann
pg-diskann,100000,1,w1,880,6.972083,0.9,10,,diskann
pg-diskann,100000,1,w1,672,4.860584,1.0,10,,diskann
pg-diskann,100000,1,w1,737,5.545292,1.0,10,,diskann
pg-diskann,100000,1,w1,119,11.715833,1.0,10,,diskann
pg-diskann,100000,1,w1,680,8.983083,1.0,10,,diskann
pg-diskann,100000,1,w1,287,6.6065,1.0,10,,diskann
pg-diskann,100000,1,w1,852,7.057,1.0,10,,diskann
pg-diskann,100000,1,w1,181,7.2285,0.7,10,,diskann
pg-diskann,100000,1,w1,106,5.490167,1.0,10,,diskann
pg-diskann,100000,1,w1,425,7.012917,0.9,10,,diskann
pg-diskann,100000,1,w1,899,5.499,1.0,10,,diskann
pg-diskann,100000,1,w1,894,7.517875,1.0,10,,diskann
pg-diskann,100000,1,w1,327,6.143333,1.0,10,,diskann
pg-diskann,100000,1,w1,433,7.164583,1.0,10,,diskann
pg-diskann,100000,1,w1,396,7.30725,1.0,10,,diskann
pg-diskann,100000,1,w1,270,6.293,0.6,10,,diskann
pg-diskann,100000,1,w1,528,5.891958,1.0,10,,diskann
pg-diskann,100000,1,w1,863,6.145166,1.0,10,,diskann
pg-diskann,100000,1,w1,611,8.582167,1.0,10,,diskann
pg-diskann,100000,1,w1,817,7.833834,1.0,10,,diskann
pg-diskann,100000,1,w1,599,7.794916,0.8,10,,diskann
pg-diskann,100000,1,w1,922,7.951083,1.0,10,,diskann
pg-diskann,100000,1,w1,709,6.214834,1.0,10,,diskann
pg-diskann,100000,1,w1,960,5.364708,1.0,10,,diskann
pg-diskann,100000,1,w1,397,7.3215,1.0,10,,diskann
pg-diskann,100000,1,w1,938,7.700667,1.0,10,,diskann
pg-diskann,100000,1,w1,984,7.502125,1.0,10,,diskann
pg-diskann,100000,1,w1,921,8.261792,0.9,10,,diskann
pg-diskann,100000,1,w1,774,6.817208,1.0,10,,diskann
pg-diskann,100000,1,w1,824,5.026791,1.0,10,,diskann
pg-diskann,100000,1,w1,580,8.538042,0.9,10,,diskann
pg-diskann,100000,1,w1,757,6.71275,0.9,10,,diskann
pg-diskann,100000,1,w1,356,20.31125,0.9,10,,diskann
pg-diskann,100000,1,w1,577,13.382208,1.0,10,,diskann
pg-diskann,100000,1,w1,387,7.537584,1.0,10,,diskann
pg-diskann,100000,1,w1,987,5.381292,1.0,10,,diskann
pg-diskann,100000,1,w1,250,4.927584,1.0,10,,diskann
pg-diskann,100000,1,w1,118,6.713084,1.0,10,,diskann
pg-diskann,100000,1,w1,499,5.536667,1.0,10,,diskann
pg-diskann,100000,1,w1,596,12.171042,0.9,10,,diskann
pg-diskann,100000,1,w1,564,27.046792,1.0,10,,diskann
pg-diskann,100000,1,w1,658,24.316709,1.0,10,,diskann
pg-diskann,100000,1,w1,974,8.864666,1.0,10,,diskann
pg-diskann,100000,1,w1,740,5.880667,1.0,10,,diskann
pg-diskann,100000,1,w1,103,4.717208,1.0,10,,diskann
pg-diskann,100000,1,w1,618,6.935209,1.0,10,,diskann
pg-diskann,100000,1,w1,695,6.537833,0.8,10,,diskann
pg-diskann,100000,1,w1,643,5.856125,1.0,10,,diskann
pg-diskann,100000,1,w1,171,5.729833,1.0,10,,diskann
pg-diskann,100000,1,w1,209,8.9135,0.8,10,,diskann
pg-diskann,100000,1,w1,214,7.054958,1.0,10,,diskann
pg-diskann,100000,1,w1,900,8.467583,1.0,10,,diskann
pg-diskann,100000,1,w1,252,9.014292,1.0,10,,diskann
pg-diskann,100000,1,w1,298,7.309708,1.0,10,,diskann
pg-diskann,100000,1,w1,302,7.520625,1.0,10,,diskann
pg-diskann,100000,1,w1,493,4.692375,1.0,10,,diskann
pg-diskann,100000,1,w1,279,7.152708,1.0,10,,diskann
pg-diskann,100000,1,w1,649,5.823167,0.9,10,,diskann
pg-diskann,100000,1,w1,470,5.016333,1.0,10,,diskann
pg-diskann,100000,1,w1,844,7.355833,1.0,10,,diskann
pg-diskann,100000,1,w1,121,5.954875,0.9,10,,diskann
pg-diskann,100000,1,w1,816,7.013083,1.0,10,,diskann
pg-diskann,100000,1,w1,746,6.895417,1.0,10,,diskann
pg-diskann,100000,1,w1,430,6.793333,1.0,10,,diskann
pg-diskann,100000,1,w1,484,5.341916,1.0,10,,diskann
pg-diskann,100000,1,w1,832,5.432667,1.0,10,,diskann
pg-diskann,100000,1,w1,511,7.5715,1.0,10,,diskann
pg-diskann,100000,1,w1,552,8.217083,1.0,10,,diskann
pg-diskann,100000,1,w1,798,8.195833,1.0,10,,diskann
pg-diskann,100000,1,w1,254,6.301666,0.9,10,,diskann
pg-diskann,100000,1,w1,122,6.295667,1.0,10,,diskann
pg-diskann,100000,1,w1,928,9.198292,1.0,10,,diskann
pg-diskann,100000,1,w1,839,5.657542,1.0,10,,diskann
pg-diskann,100000,1,w1,217,8.748959,1.0,10,,diskann
pg-diskann,100000,1,w1,427,9.932625,0.8,10,,diskann
pg-diskann,100000,1,w1,516,5.445542,1.0,10,,diskann
pg-diskann,100000,1,w1,924,5.581875,1.0,10,,diskann
pg-diskann,100000,1,w1,807,4.954708,1.0,10,,diskann
pg-diskann,100000,1,w1,109,7.096667,0.9,10,,diskann
pg-diskann,100000,1,w1,964,7.209125,1.0,10,,diskann
pg-diskann,100000,1,w1,902,15.987708,1.0,10,,diskann
pg-diskann,100000,1,w1,358,13.068417,1.0,10,,diskann
pg-diskann,100000,1,w1,721,9.032041,1.0,10,,diskann
pg-diskann,100000,1,w1,409,7.054167,1.0,10,,diskann
pg-diskann,100000,1,w1,605,5.569958,1.0,10,,diskann
pg-diskann,100000,1,w1,546,7.871209,1.0,10,,diskann
pg-diskann,100000,1,w1,265,7.3035,1.0,10,,diskann
pg-diskann,100000,1,w1,315,6.7815,1.0,10,,diskann
pg-diskann,100000,1,w1,440,8.316208,1.0,10,,diskann
pg-diskann,100000,1,w1,653,6.536667,1.0,10,,diskann
pg-diskann,100000,1,w1,678,5.761834,1.0,10,,diskann
pg-diskann,100000,1,w1,830,7.176083,1.0,10,,diskann
pg-diskann,100000,1,w1,606,5.079167,1.0,10,,diskann
pg-diskann,100000,1,w1,141,5.447417,1.0,10,,diskann
pg-diskann,100000,1,w1,448,6.814834,1.0,10,,diskann
pg-diskann,100000,1,w1,983,5.678792,1.0,10,,diskann
pg-diskann,100000,1,w1,689,6.015083,1.0,10,,diskann
pg-diskann,100000,1,w1,829,6.579958,1.0,10,,diskann
pg-diskann,100000,1,w1,874,7.934709,1.0,10,,diskann
pg-diskann,100000,1,w1,594,5.3925,1.0,10,,diskann
pg-diskann,100000,1,w1,237,6.694208,0.9,10,,diskann
pg-diskann,100000,1,w1,207,8.595917,1.0,10,,diskann
pg-diskann,100000,1,w1,951,6.122041,1.0,10,,diskann
pg-diskann,100000,1,w1,477,5.190708,1.0,10,,diskann
pg-diskann,100000,1,w1,822,7.055542,1.0,10,,diskann
pg-diskann,100000,1,w1,867,5.7985,0.8,10,,diskann
pg-diskann,100000,1,w1,991,6.903375,1.0,10,,diskann
pg-diskann,100000,1,w1,708,5.705125,1.0,10,,diskann
pg-diskann,100000,1,w1,769,6.8015,1.0,10,,diskann
pg-diskann,100000,1,w1,581,7.148875,1.0,10,,diskann
pg-diskann,100000,1,w1,985,5.283291,1.0,10,,diskann
pg-diskann,100000,1,w1,259,5.167958,1.0,10,,diskann
pg-diskann,100000,1,w1,811,6.677625,1.0,10,,diskann
pg-diskann,100000,1,w1,600,6.80825,0.9,10,,diskann
pg-diskann,100000,1,w1,445,7.322708,1.0,10,,diskann
pg-diskann,100000,1,w1,994,7.571833,1.0,10,,diskann
pg-diskann,100000,1,w1,290,7.967916,1.0,10,,diskann
pg-diskann,100000,1,w1,368,6.441416,1.0,10,,diskann
pg-diskann,100000,1,w1,917,6.505833,1.0,10,,diskann
pg-diskann,100000,1,w1,585,5.910375,1.0,10,,diskann
pg-diskann,100000,1,w1,402,5.243417,1.0,10,,diskann
pg-diskann,100000,1,w1,851,5.101875,0.9,10,,diskann
pg-diskann,100000,1,w1,758,7.681375,0.9,10,,diskann
pg-diskann,100000,1,w1,669,6.528542,1.0,10,,diskann
pg-diskann,100000,1,w1,767,5.63,0.8,10,,diskann
pg-diskann,100000,1,w1,905,5.081583,1.0,10,,diskann
pg-diskann,100000,1,w1,459,7.552542,0.8,10,,diskann
pg-diskann,100000,1,w1,313,4.517584,1.0,10,,diskann
pg-diskann,100000,1,w1,476,7.2905,0.9,10,,diskann
pg-diskann,100000,1,w1,624,5.179834,0.9,10,,diskann
pg-diskann,100000,1,w1,183,7.435708,0.8,10,,diskann
pg-diskann,100000,1,w1,814,6.280542,1.0,10,,diskann
pg-diskann,100000,1,w1,324,7.791417,1.0,10,,diskann
pg-diskann,100000,1,w1,393,7.28625,1.0,10,,diskann
pg-diskann,100000,1,w1,704,6.279833,1.0,10,,diskann
pg-diskann,100000,1,w1,764,5.692,1.0,10,,diskann
pg-diskann,100000,1,w1,256,6.841042,1.0,10,,diskann
pg-diskann,100000,1,w1,756,5.567292,1.0,10,,diskann
pg-diskann,100000,1,w1,588,5.23425,1.0,10,,diskann
pg-diskann,100000,1,w1,875,5.145459,1.0,10,,diskann
pg-diskann,100000,1,w1,518,5.459083,1.0,10,,diskann
pg-diskann,100000,1,w1,692,5.413375,1.0,10,,diskann
pg-diskann,100000,1,w1,374,5.920083,1.0,10,,diskann
pg-diskann,100000,1,w1,607,4.191875,0.9,10,,diskann
pg-diskann,100000,1,w1,879,4.538625,1.0,10,,diskann
pg-diskann,100000,1,w1,280,6.242,1.0,10,,diskann
pg-diskann,100000,1,w1,486,6.413834,1.0,10,,diskann
pg-diskann,100000,1,w1,186,6.232208,1.0,10,,diskann
pg-diskann,100000,1,w1,112,5.858625,1.0,10,,diskann
pg-diskann,100000,1,w1,818,5.206208,1.0,10,,diskann
pg-diskann,100000,1,w1,770,7.42875,1.0,10,,diskann
pg-diskann,100000,1,w1,862,6.276333,1.0,10,,diskann
pg-diskann,100000,1,w1,407,6.039958,1.0,10,,diskann
pg-diskann,100000,1,w1,172,7.598375,0.9,10,,diskann
pg-diskann,100000,1,w1,934,5.665834,1.0,10,,diskann
pg-diskann,100000,1,w1,474,5.054375,1.0,10,,diskann
pg-diskann,100000,1,w1,786,7.166875,1.0,10,,diskann
pg-diskann,100000,1,w1,717,7.222208,1.0,10,,diskann
pg-diskann,100000,1,w1,859,6.952375,1.0,10,,diskann
pg-diskann,100000,1,w1,347,5.027375,1.0,10,,diskann
pg-diskann,100000,1,w1,750,4.960375,1.0,10,,diskann
pg-diskann,100000,1,w1,663,7.52225,1.0,10,,diskann
pg-diskann,100000,1,w1,779,8.117583,1.0,10,,diskann
pg-diskann,100000,1,w1,860,7.931667,1.0,10,,diskann
pg-diskann,100000,1,w1,177,6.828167,1.0,10,,diskann
pg-diskann,100000,1,w1,876,9.178917,1.0,10,,diskann
pg-diskann,100000,1,w1,838,5.969958,1.0,10,,diskann
pg-diskann,100000,1,w1,784,7.0275,1.0,10,,diskann
pg-diskann,100000,1,w1,993,7.071,1.0,10,,diskann
pg-diskann,100000,1,w1,796,8.081958,1.0,10,,diskann
pg-diskann,100000,1,w1,918,7.079916,1.0,10,,diskann
pg-diskann,100000,1,w1,898,7.220917,0.9,10,,diskann
pg-diskann,100000,1,w1,110,7.447083,1.0,10,,diskann
pg-diskann,100000,1,w1,475,6.190125,0.8,10,,diskann
pg-diskann,100000,1,w1,125,8.121584,1.0,10,,diskann
pg-diskann,100000,1,w1,310,6.933292,1.0,10,,diskann
pg-diskann,100000,1,w1,787,7.076333,1.0,10,,diskann
pg-diskann,100000,1,w1,555,8.387083,0.9,10,,diskann
pg-diskann,100000,1,w1,724,7.794042,1.0,10,,diskann
pg-diskann,100000,1,w1,686,5.663916,0.9,10,,diskann
pg-diskann,100000,1,w1,272,6.972625,1.0,10,,diskann
pg-diskann,100000,1,w1,102,7.896792,1.0,10,,diskann
pg-diskann,100000,1,w1,891,5.886875,1.0,10,,diskann
pg-diskann,100000,1,w1,749,4.443417,1.0,10,,diskann
pg-diskann,100000,1,w1,903,6.637459,1.0,10,,diskann
pg-diskann,100000,1,w1,144,5.904667,1.0,10,,diskann
pg-diskann,100000,1,w1,521,6.603708,1.0,10,,diskann
pg-diskann,100000,1,w1,671,7.385041,0.9,10,,diskann
pg-diskann,100000,1,w1,333,4.126416,1.0,10,,diskann
pg-diskann,100000,1,w1,385,5.778833,1.0,10,,diskann
pg-diskann,100000,1,w1,522,6.612708,0.9,10,,diskann
pg-diskann,100000,1,w1,996,6.943042,1.0,10,,diskann
pg-diskann,100000,1,w1,614,6.705375,0.9,10,,diskann
pg-diskann,100000,1,w1,714,7.0,0.9,10,,diskann
pg-diskann,100000,1,w1,881,5.8855,1.0,10,,diskann
pg-diskann,100000,1,w1,449,6.019,1.0,10,,diskann
pg-diskann,100000,1,w1,576,6.417625,0.9,10,,diskann
pg-diskann,100000,1,w1,972,5.736125,1.0,10,,diskann
pg-diskann,100000,1,w1,244,5.426917,1.0,10,,diskann
pg-diskann,100000,1,w1,841,5.472625,1.0,10,,diskann
pg-diskann,100000,1,w1,357,5.264334,1.0,10,,diskann
pg-diskann,100000,1,w1,206,7.291708,0.9,10,,diskann
pg-diskann,100000,1,w1,634,6.462791,1.0,10,,diskann
pg-diskann,100000,1,w1,571,7.397417,1.0,10,,diskann
pg-diskann,100000,1,w1,530,8.733042,0.9,10,,diskann
pg-diskann,100000,1,w1,892,7.622375,0.9,10,,diskann
pg-diskann,100000,1,w1,953,6.600792,0.5,10,,diskann
pg-diskann,100000,1,w1,583,5.240416,1.0,10,,diskann
pg-diskann,100000,1,w1,702,7.18325,1.0,10,,diskann
pg-diskann,100000,1,w1,230,5.67425,1.0,10,,diskann
pg-diskann,100000,1,w1,277,5.953083,1.0,10,,diskann
pg-diskann,100000,1,w1,248,6.058333,1.0,10,,diskann
pg-diskann,100000,1,w1,225,7.463875,1.0,10,,diskann
pg-diskann,100000,1,w1,531,5.964417,1.0,10,,diskann
pg-diskann,100000,1,w1,257,8.9255,1.0,10,,diskann
pg-diskann,100000,1,w1,544,8.518292,1.0,10,,diskann
pg-diskann,100000,1,w1,778,7.994041,1.0,10,,diskann
pg-diskann,100000,1,w1,753,9.262667,1.0,10,,diskann
pg-diskann,100000,1,w1,220,8.051292,1.0,10,,diskann
pg-diskann,100000,1,w1,866,6.389959,0.9,10,,diskann
pg-diskann,100000,1,w1,674,8.816458,0.9,10,,diskann
pg-diskann,100000,1,w1,305,11.064084,1.0,10,,diskann
pg-diskann,100000,1,w1,326,5.552333,1.0,10,,diskann
pg-diskann,100000,1,w1,133,7.681667,1.0,10,,diskann
pg-diskann,100000,1,w1,104,4.752292,1.0,10,,diskann
pg-diskann,100000,1,w1,239,6.911,1.0,10,,diskann
pg-diskann,100000,1,w1,165,7.281584,1.0,10,,diskann
pg-diskann,100000,1,w1,694,7.735083,1.0,10,,diskann
pg-diskann,100000,1,w1,240,6.952042,1.0,10,,diskann
pg-diskann,100000,1,w1,660,8.934916,1.0,10,,diskann
pg-diskann,100000,1,w1,524,9.618459,0.8,10,,diskann
pg-diskann,100000,1,w1,771,10.539625,0.9,10,,diskann
pg-diskann,100000,1,w1,809,6.405375,1.0,10,,diskann
pg-diskann,100000,1,w1,126,6.97225,1.0,10,,diskann
pg-diskann,100000,1,w1,592,9.699458,1.0,10,,diskann
pg-diskann,100000,1,w1,481,6.883958,1.0,10,,diskann
pg-diskann,100000,1,w1,986,7.108375,1.0,10,,diskann
pg-diskann,100000,1,w1,350,5.937792,1.0,10,,diskann
pg-diskann,100000,1,w1,864,4.813708,1.0,10,,diskann
pg-diskann,100000,1,w1,574,6.764625,1.0,10,,diskann
pg-diskann,100000,1,w1,920,5.170709,1.0,10,,diskann
pg-diskann,100000,1,w1,480,7.046584,1.0,10,,diskann
pg-diskann,100000,1,w1,377,6.843042,1.0,10,,diskann
pg-diskann,100000,1,w1,630,5.37325,1.0,10,,diskann
pg-diskann,100000,1,w1,759,9.396583,0.9,10,,diskann
pg-diskann,100000,1,w1,328,7.065625,1.0,10,,diskann
pg-diskann,100000,1,w1,283,7.154625,1.0,10,,diskann
pg-diskann,100000,1,w1,130,4.912041,1.0,10,,diskann
pg-diskann,100000,1,w1,601,6.462583,1.0,10,,diskann
pg-diskann,100000,1,w1,199,5.650125,1.0,10,,diskann
pg-diskann,100000,1,w1,959,8.120292,1.0,10,,diskann
pg-diskann,100000,1,w1,232,6.538125,1.0,10,,diskann
pg-diskann,100000,1,w1,514,7.273042,1.0,10,,diskann
pg-diskann,100000,1,w1,339,6.102834,1.0,10,,diskann
pg-diskann,100000,1,w1,845,7.032958,1.0,10,,diskann
pg-diskann,100000,1,w1,399,6.400166,1.0,10,,diskann
pg-diskann,100000,1,w1,215,7.946792,1.0,10,,diskann
pg-diskann,100000,1,w1,153,6.553416,1.0,10,,diskann
pg-diskann,100000,1,w1,319,5.801292,1.0,10,,diskann
pg-diskann,100000,1,w1,329,8.97875,1.0,10,,diskann
pg-diskann,100000,1,w1,949,5.893417,1.0,10,,diskann
pg-diskann,100000,1,w1,868,7.118625,1.0,10,,diskann
pg-diskann,100000,1,w1,344,7.23725,1.0,10,,diskann
pg-diskann,100000,1,w1,460,6.963334,1.0,10,,diskann
pg-diskann,100000,1,w1,527,6.027875,1.0,10,,diskann
pg-diskann,100000,1,w1,458,5.9435,1.0,10,,diskann
pg-diskann,100000,1,w1,234,5.78675,1.0,10,,diskann
pg-diskann,100000,1,w1,835,4.83125,1.0,10,,diskann
pg-diskann,100000,1,w1,332,5.696875,1.0,10,,diskann
pg-diskann,100000,1,w1,644,4.328958,1.0,10,,diskann
pg-diskann,100000,1,w1,132,5.531708,1.0,10,,diskann
pg-diskann,100000,1,w1,632,5.036375,1.0,10,,diskann
pg-diskann,100000,1,w1,857,4.596959,1.0,10,,diskann
pg-diskann,100000,1,w1,788,6.608416,0.8,10,,diskann
pg-diskann,100000,1,w1,150,6.835209,0.9,10,,diskann
pg-diskann,100000,1,w1,455,5.742084,1.0,10,,diskann
pg-diskann,100000,1,w1,639,6.59375,1.0,10,,diskann
pg-diskann,100000,1,w1,831,5.885375,1.0,10,,diskann
pg-diskann,100000,1,w1,124,5.627291,1.0,10,,diskann
pg-diskann,100000,1,w1,685,6.207292,1.0,10,,diskann
pg-diskann,100000,1,w1,417,4.891667,1.0,10,,diskann
pg-diskann,100000,1,w1,491,4.625958,1.0,10,,diskann
pg-diskann,100000,1,w1,735,4.9655,1.0,10,,diskann
pg-diskann,100000,1,w1,889,7.333083,1.0,10,,diskann
pg-diskann,100000,1,w1,642,7.140375,1.0,10,,diskann
pg-diskann,100000,1,w1,971,6.307125,0.9,10,,diskann
pg-diskann,100000,1,w1,790,4.22525,1.0,10,,diskann
pg-diskann,100000,1,w1,948,8.075541,1.0,10,,diskann
pg-diskann,100000,1,w1,273,4.56475,1.0,10,,diskann
pg-diskann,100000,1,w1,654,7.338667,1.0,10,,diskann
pg-diskann,100000,1,w1,362,6.547542,1.0,10,,diskann
pg-diskann,100000,1,w1,736,5.157,1.0,10,,diskann
pg-diskann,100000,1,w1,340,4.633334,1.0,10,,diskann
pg-diskann,100000,1,w1,761,6.680833,1.0,10,,diskann
pg-diskann,100000,1,w1,182,5.585,1.0,10,,diskann
pg-diskann,100000,1,w1,416,5.140667,1.0,10,,diskann
pg-diskann,100000,1,w1,823,6.081791,1.0,10,,diskann
pg-diskann,100000,1,w1,999,6.304584,1.0,10,,diskann
pg-diskann,100000,1,w1,720,6.335708,1.0,10,,diskann
pg-diskann,100000,1,w1,364,7.475209,1.0,10,,diskann
pg-diskann,100000,1,w1,395,6.196042,1.0,10,,diskann
pg-diskann,100000,1,w1,105,7.169459,1.0,10,,diskann
pg-diskann,100000,1,w1,707,6.687333,1.0,10,,diskann
pg-diskann,100000,1,w1,791,6.929,1.0,10,,diskann
pg-diskann,100000,1,w1,679,6.592125,1.0,10,,diskann
pg-diskann,100000,1,w1,401,6.633459,1.0,10,,diskann
pg-diskann,100000,1,w1,895,6.185833,1.0,10,,diskann
pg-diskann,100000,1,w1,667,7.89775,0.8,10,,diskann
pg-diskann,100000,1,w1,349,7.150917,0.9,10,,diskann
pg-diskann,100000,1,w1,411,7.277667,1.0,10,,diskann
pg-diskann,100000,1,w1,799,5.472875,1.0,10,,diskann
pg-diskann,100000,1,w1,405,7.022875,1.0,10,,diskann
pg-diskann,100000,1,w1,659,8.118958,0.9,10,,diskann
pg-diskann,100000,1,w1,466,6.425291,1.0,10,,diskann
pg-diskann,100000,1,w1,589,8.11475,1.0,10,,diskann
pg-diskann,100000,1,w1,805,8.339875,1.0,10,,diskann
pg-diskann,100000,1,w1,432,9.42925,1.0,10,,diskann
pg-diskann,100000,1,w1,748,7.374417,0.9,10,,diskann
pg-diskann,100000,1,w1,233,8.025583,1.0,10,,diskann
pg-diskann,100000,1,w1,467,5.798042,1.0,10,,diskann
pg-diskann,100000,1,w1,472,6.114375,1.0,10,,diskann
pg-diskann,100000,1,w1,348,7.374,1.0,10,,diskann
pg-diskann,100000,1,w1,202,5.44475,1.0,10,,diskann
pg-diskann,100000,1,w1,595,6.277375,1.0,10,,diskann
pg-diskann,100000,1,w1,176,5.337417,1.0,10,,diskann
pg-diskann,100000,1,w1,263,6.70625,1.0,10,,diskann
pg-diskann,100000,1,w1,384,7.69675,0.8,10,,diskann
pg-diskann,100000,1,w1,870,6.966167,1.0,10,,diskann
pg-diskann,100000,1,w1,691,7.862708,1.0,10,,diskann
pg-diskann,100000,1,w1,936,7.220708,1.0,10,,diskann
pg-diskann,100000,1,w1,941,7.656083,1.0,10,,diskann
pg-diskann,100000,1,w1,558,6.448375,1.0,10,,diskann
pg-diskann,100000,1,w1,586,4.1135,1.0,10,,diskann
pg-diskann,100000,1,w1,224,6.640542,1.0,10,,diskann
pg-diskann,100000,1,w1,120,9.669125,1.0,10,,diskann
pg-diskann,100000,1,w1,428,10.904875,1.0,10,,diskann
pg-diskann,100000,1,w1,730,6.894792,1.0,10,,diskann
pg-diskann,100000,1,w1,545,5.246292,1.0,10,,diskann
pg-diskann,100000,1,w1,687,6.61675,0.8,10,,diskann
pg-diskann,100000,1,w1,910,7.128083,1.0,10,,diskann
pg-diskann,100000,1,w1,392,7.120542,1.0,10,,diskann
pg-diskann,100000,1,w1,444,7.595292,1.0,10,,diskann
pg-diskann,100000,1,w1,885,7.100167,1.0,10,,diskann
pg-diskann,100000,1,w1,380,7.9545,0.8,10,,diskann
pg-diskann,100000,1,w1,179,5.861084,1.0,10,,diskann
pg-diskann,100000,1,w1,101,7.66775,1.0,10,,diskann
pg-diskann,100000,1,w1,542,7.318958,0.8,10,,diskann
pg-diskann,100000,1,w1,696,6.867334,0.9,10,,diskann
pg-diskann,100000,1,w1,803,7.268708,1.0,10,,diskann
pg-diskann,100000,1,w1,559,7.461708,0.9,10,,diskann
pg-diskann,100000,1,w1,292,7.275959,1.0,10,,diskann
pg-diskann,100000,1,w1,734,5.793167,0.9,10,,diskann
pg-diskann,100000,1,w1,307,5.721917,1.0,10,,diskann
pg-diskann,100000,1,w1,731,7.360375,1.0,10,,diskann
pg-diskann,100000,1,w1,509,8.473542,1.0,10,,diskann
pg-diskann,100000,1,w1,681,6.793083,0.8,10,,diskann
pg-diskann,100000,1,w1,282,6.039667,1.0,10,,diskann
pg-diskann,100000,1,w1,776,7.112375,1.0,10,,diskann
pg-diskann,100000,1,w1,191,7.529125,1.0,10,,diskann
pg-diskann,100000,1,w1,650,6.15,1.0,10,,diskann
pg-diskann,100000,1,w1,156,7.177875,1.0,10,,diskann
pg-diskann,100000,1,w1,593,8.468917,1.0,10,,diskann
pg-diskann,100000,1,w1,755,6.64025,1.0,10,,diskann
pg-diskann,100000,1,w1,316,6.451958,1.0,10,,diskann
pg-diskann,100000,1,w1,988,8.051917,1.0,10,,diskann
pg-diskann,100000,1,w1,483,7.561125,0.9,10,,diskann
pg-diskann,100000,1,w1,762,7.142958,1.0,10,,diskann
pg-diskann,100000,1,w1,352,5.59475,1.0,10,,diskann
pg-diskann,100000,1,w1,379,7.84725,1.0,10,,diskann
pg-diskann,100000,1,w1,372,6.803125,1.0,10,,diskann
pg-diskann,100000,1,w1,728,6.494958,1.0,10,,diskann
pg-diskann,100000,1,w1,554,6.376958,1.0,10,,diskann
pg-diskann,100000,1,w1,850,7.253417,1.0,10,,diskann
pg-diskann,100000,1,w1,304,7.049125,1.0,10,,diskann
pg-diskann,100000,1,w1,655,7.284208,1.0,10,,diskann
pg-diskann,100000,1,w1,291,8.2265,1.0,10,,diskann
pg-diskann,100000,1,w1,719,7.035292,1.0,10,,diskann
pg-diskann,100000,1,w1,657,6.81825,1.0,10,,diskann
pg-diskann,100000,1,w1,957,6.480459,1.0,10,,diskann
pg-diskann,100000,1,w1,969,5.310125,1.0,10,,diskann
pg-diskann,100000,1,w1,711,5.960042,1.0,10,,diskann
pg-diskann,100000,1,w1,457,6.954375,0.9,10,,diskann
pg-diskann,100000,1,w1,453,7.354958,1.0,10,,diskann
pg-diskann,100000,1,w1,201,6.813792,1.0,10,,diskann
pg-diskann,100000,1,w1,116,7.973917,0.9,10,,diskann
pg-diskann,100000,1,w1,980,5.556041,1.0,10,,diskann
pg-diskann,100000,1,w1,403,7.515542,1.0,10,,diskann
pg-diskann,100000,1,w1,676,6.465792,1.0,10,,diskann
pg-diskann,100000,1,w1,269,9.48725,1.0,10,,diskann
pg-diskann,100000,1,w1,929,6.259708,1.0,10,,diskann
pg-diskann,100000,1,w1,421,7.039042,1.0,10,,diskann
pg-diskann,100000,1,w1,582,6.949833,1.0,10,,diskann
pg-diskann,100000,1,w1,602,7.018125,1.0,10,,diskann
pg-diskann,100000,1,w1,834,6.650791,1.0,10,,diskann
pg-diskann,100000,1,w1,846,5.082458,1.0,10,,diskann
pg-diskann,100000,1,w1,591,7.505041,1.0,10,,diskann
pg-diskann,100000,1,w1,452,5.403292,0.9,10,,diskann
pg-diskann,100000,1,w1,363,6.309834,1.0,10,,diskann
pg-diskann,100000,1,w1,410,7.784042,1.0,10,,diskann
pg-diskann,100000,1,w1,914,5.643583,1.0,10,,diskann
pg-diskann,100000,1,w1,646,4.888833,1.0,10,,diskann
pg-diskann,100000,1,w1,562,6.507042,1.0,10,,diskann
pg-diskann,100000,1,w1,415,5.29425,1.0,10,,diskann
pg-diskann,100000,1,w1,849,5.257958,1.0,10,,diskann
pg-diskann,100000,1,w1,337,7.202125,1.0,10,,diskann
pg-diskann,100000,1,w1,647,6.321459,1.0,10,,diskann
pg-diskann,100000,1,w1,163,6.133708,1.0,10,,diskann
pg-diskann,100000,1,w1,341,6.01575,1.0,10,,diskann
pg-diskann,100000,1,w1,547,7.319875,1.0,10,,diskann
pg-diskann,100000,1,w1,170,7.355208,0.9,10,,diskann
pg-diskann,100000,1,w1,294,6.336,1.0,10,,diskann
pg-diskann,100000,1,w1,471,5.437625,1.0,10,,diskann
pg-diskann,100000,1,w1,412,5.994792,1.0,10,,diskann
pg-diskann,100000,1,w1,431,4.949167,1.0,10,,diskann
pg-diskann,100000,1,w1,590,7.107584,1.0,10,,diskann
pg-diskann,100000,1,w1,800,5.365875,1.0,10,,diskann
pg-diskann,100000,1,w1,908,4.692875,1.0,10,,diskann
pg-diskann,100000,1,w1,579,6.879291,1.0,10,,diskann
pg-diskann,100000,1,w1,741,5.334834,1.0,10,,diskann
pg-diskann,100000,1,w1,211,6.605833,0.8,10,,diskann
pg-diskann,100000,1,w1,766,4.658208,1.0,10,,diskann
pg-diskann,100000,1,w1,131,4.436875,1.0,10,,diskann
pg-diskann,100000,1,w1,777,7.032167,1.0,10,,diskann
pg-diskann,100000,1,w1,389,6.775083,1.0,10,,diskann
pg-diskann,100000,1,w1,155,5.495,0.9,10,,diskann
pg-diskann,100000,1,w1,968,5.358166,1.0,10,,diskann
pg-diskann,100000,1,w1,436,6.480917,0.9,10,,diskann
pg-diskann,100000,1,w1,381,7.31325,1.0,10,,diskann
pg-diskann,100000,1,w1,884,5.085958,1.0,10,,diskann
pg-diskann,100000,1,w1,615,6.328708,1.0,10,,diskann
pg-diskann,100000,1,w1,404,6.293708,1.0,10,,diskann
pg-diskann,100000,1,w1,264,4.529916,1.0,10,,diskann
pg-diskann,100000,1,w1,488,6.380417,1.0,10,,diskann
pg-diskann,100000,1,w1,241,5.617583,0.9,10,,diskann
pg-diskann,100000,1,w1,164,5.735291,1.0,10,,diskann
pg-diskann,100000,1,w1,439,6.457834,1.0,10,,diskann
pg-diskann,100000,1,w1,890,6.164625,0.9,10,,diskann
pg-diskann,100000,1,w1,637,6.709375,1.0,10,,diskann
pg-diskann,100000,1,w1,525,6.393083,1.0,10,,diskann
pg-diskann,100000,1,w1,587,5.072291,1.0,10,,diskann
pg-diskann,100000,1,w1,424,5.727042,1.0,10,,diskann
pg-diskann,100000,1,w1,100,4.947333,1.0,10,,diskann
pg-diskann,100000,1,w1,184,6.819166,0.9,10,,diskann
pg-diskann,100000,1,w1,693,5.044167,1.0,10,,diskann
pg-diskann,100000,1,w1,318,6.09325,0.9,10,,diskann
pg-diskann,100000,1,w1,526,5.990667,1.0,10,,diskann
pg-diskann,100000,1,w1,609,6.89725,1.0,10,,diskann
pg-diskann,100000,1,w1,828,5.495208,1.0,10,,diskann
pg-diskann,100000,1,w1,159,6.256,1.0,10,,diskann
pg-diskann,100000,1,w1,628,7.24625,0.9,10,,diskann
pg-diskann,100000,1,w1,325,7.934292,1.0,10,,diskann
pg-diskann,100000,1,w1,752,8.021166,1.0,10,,diskann
pg-diskann,100000,1,w1,222,7.757417,1.0,10,,diskann
pg-diskann,100000,1,w1,897,6.366875,1.0,10,,diskann
pg-diskann,100000,1,w1,441,8.187125,1.0,10,,diskann
pg-diskann,100000,1,w1,612,6.898833,1.0,10,,diskann
pg-diskann,100000,1,w1,485,5.830959,1.0,10,,diskann
pg-diskann,100000,1,w1,664,9.582959,0.7,10,,diskann
pg-diskann,100000,1,w1,338,8.173666,0.8,10,,diskann
pg-diskann,100000,1,w1,744,7.5945,1.0,10,,diskann
pg-diskann,100000,1,w1,640,7.361875,0.8,10,,diskann
pg-diskann,100000,1,w1,504,8.084875,1.0,10,,diskann
pg-diskann,100000,1,w1,906,4.079291,1.0,10,,diskann
pg-diskann,100000,1,w1,534,7.440125,1.0,10,,diskann
pg-diskann,100000,1,w1,519,4.820667,1.0,10,,diskann
pg-diskann,100000,1,w1,321,5.785292,1.0,10,,diskann
pg-diskann,100000,1,w1,995,6.584667,1.0,10,,diskann
pg-diskann,100000,1,w1,434,7.566083,1.0,10,,diskann
pg-diskann,100000,1,w1,541,7.928625,0.8,10,,diskann
pg-diskann,100000,1,w1,916,6.328542,1.0,10,,diskann
pg-diskann,100000,1,w1,115,8.038458,1.0,10,,diskann
pg-diskann,100000,1,w1,802,7.187,1.0,10,,diskann
pg-diskann,100000,1,w1,532,8.364459,0.7,10,,diskann
pg-diskann,100000,1,w1,978,7.42275,1.0,10,,diskann
pg-diskann,100000,1,w1,855,5.804541,1.0,10,,diskann
pg-diskann,100000,1,w1,819,5.233042,1.0,10,,diskann
pg-diskann,100000,1,w1,950,5.60925,1.0,10,,diskann
pg-diskann,100000,1,w1,188,7.942333,1.0,10,,diskann
pg-diskann,100000,1,w1,378,6.697125,1.0,10,,diskann
pg-diskann,100000,1,w1,998,5.260209,0.9,10,,diskann
pg-diskann,100000,1,w1,732,7.300833,1.0,10,,diskann
pg-diskann,100000,1,w1,645,7.098083,0.9,10,,diskann
pg-diskann,100000,1,w1,861,8.840791,1.0,10,,diskann
pg-diskann,100000,1,w1,913,7.694458,1.0,10,,diskann
pg-diskann,100000,1,w1,563,5.19575,0.9,10,,diskann
pg-diskann,100000,1,w1,142,6.351458,1.0,10,,diskann
pg-diskann,100000,1,w1,289,6.244375,1.0,10,,diskann
pg-diskann,100000,1,w1,961,7.166542,1.0,10,,diskann
pg-diskann,100000,1,w1,808,5.943166,1.0,10,,diskann
pg-diskann,100000,1,w1,226,6.003084,1.0,10,,diskann
pg-diskann,100000,1,w1,537,6.985542,0.7,10,,diskann
pg-diskann,100000,1,w1,584,7.431375,1.0,10,,diskann
pg-diskann,100000,1,w1,869,6.852542,1.0,10,,diskann
pg-diskann,100000,1,w1,793,6.37275,1.0,10,,diskann
pg-diskann,100000,1,w1,312,6.467167,1.0,10,,diskann
pg-diskann,100000,1,w1,722,6.837833,0.9,10,,diskann
pg-diskann,100000,1,w1,794,6.279583,1.0,10,,diskann
pg-diskann,100000,1,w1,408,7.570875,1.0,10,,diskann
pg-diskann,100000,1,w1,911,5.602208,0.9,10,,diskann
pg-diskann,100000,1,w1,218,6.7985,1.0,10,,diskann
pg-diskann,100000,1,w1,469,7.321083,1.0,10,,diskann
pg-diskann,100000,1,w1,742,6.280459,1.0,10,,diskann
pg-diskann,100000,1,w1,308,7.017833,1.0,10,,diskann
pg-diskann,100000,1,w1,278,6.59425,1.0,10,,diskann
pg-diskann,100000,1,w1,314,10.826334,1.0,10,,diskann
pg-diskann,100000,1,w1,413,6.642125,1.0,10,,diskann
pg-diskann,100000,1,w1,353,6.171083,1.0,10,,diskann
pg-diskann,100000,1,w1,175,7.974709,1.0,10,,diskann
pg-diskann,100000,1,w1,760,6.213625,1.0,10,,diskann
pg-diskann,100000,1,w1,635,6.38875,1.0,10,,diskann
pg-diskann,100000,1,w1,496,6.824417,1.0,10,,diskann
pg-diskann,100000,1,w1,821,7.225458,1.0,10,,diskann
pg-diskann,100000,1,w1,942,8.385333,0.9,10,,diskann
pg-diskann,100000,1,w1,568,6.180209,0.9,10,,diskann
pg-diskann,100000,1,w1,652,6.404459,1.0,10,,diskann
pg-diskann,100000,1,w1,967,6.207584,1.0,10,,diskann
pg-diskann,100000,1,w1,893,8.268084,1.0,10,,diskann
pg-diskann,100000,1,w1,977,6.688625,0.9,10,,diskann
pg-diskann,100000,1,w1,641,5.216375,1.0,10,,diskann
pg-diskann,100000,1,w1,930,7.51825,0.9,10,,diskann
pg-diskann,100000,1,w1,782,7.3965,1.0,10,,diskann
pg-diskann,100000,1,w1,454,6.233125,1.0,10,,diskann
pg-diskann,100000,1,w1,295,6.623125,1.0,10,,diskann
pg-diskann,100000,1,w1,386,9.78775,1.0,10,,diskann
pg-diskann,100000,1,w1,888,7.04275,1.0,10,,diskann
pg-diskann,100000,1,w1,180,7.203875,1.0,10,,diskann
pg-diskann,100000,1,w1,613,5.807458,1.0,10,,diskann
pg-diskann,100000,1,w1,772,6.429167,1.0,10,,diskann
pg-diskann,100000,1,w1,543,7.430834,0.7,10,,diskann
pg-diskann,100000,1,w1,825,6.252417,1.0,10,,diskann
pg-diskann,100000,1,w1,227,7.483875,1.0,10,,diskann
pg-diskann,100000,1,w1,317,7.983208,1.0,10,,diskann
pg-diskann,100000,1,w1,956,11.352,1.0,10,,diskann
pg-diskann,100000,1,w1,303,6.074083,1.0,10,,diskann
pg-diskann,100000,1,w1,251,4.190792,1.0,10,,diskann
pg-diskann,100000,1,w1,573,5.008458,1.0,10,,diskann
pg-diskann,100000,1,w1,981,6.88575,0.8,10,,diskann
pg-diskann,100000,1,w1,751,4.86675,1.0,10,,diskann
pg-diskann,100000,1,w1,603,5.391334,1.0,10,,diskann
pg-diskann,100000,1,w1,143,6.468375,1.0,10,,diskann
pg-diskann,100000,1,w1,371,7.9675,1.0,10,,diskann
pg-diskann,100000,1,w1,538,8.160833,1.0,10,,diskann
pg-diskann,100000,1,w1,330,11.627833,1.0,10,,diskann
pg-diskann,100000,1,w1,167,5.354167,1.0,10,,diskann
pg-diskann,100000,1,w1,872,5.773,1.0,10,,diskann
pg-diskann,100000,1,w1,648,9.703959,1.0,10,,diskann
pg-diskann,100000,1,w1,355,6.690083,1.0,10,,diskann
pg-diskann,100000,1,w1,539,5.73325,1.0,10,,diskann
pg-diskann,100000,1,w1,670,5.971417,1.0,10,,diskann
pg-diskann,100000,1,w1,498,6.874584,1.0,10,,diskann
pg-diskann,100000,1,w1,497,6.015666,1.0,10,,diskann
pg-diskann,100000,1,w1,623,7.549459,1.0,10,,diskann
pg-diskann,100000,1,w1,152,8.087709,0.8,10,,diskann
pg-diskann,100000,1,w1,768,6.628167,0.9,10,,diskann
pg-diskann,100000,1,w1,174,5.253166,1.0,10,,diskann
pg-diskann,100000,1,w1,598,5.971041,1.0,10,,diskann
pg-diskann,100000,1,w1,216,4.872625,1.0,10,,diskann
pg-diskann,100000,1,w1,331,5.861541,1.0,10,,diskann
pg-diskann,100000,1,w1,196,8.365167,1.0,10,,diskann
pg-diskann,100000,1,w1,492,6.245333,0.9,10,,diskann
pg-diskann,100000,1,w1,261,3.375583,1.0,10,,diskann
pg-diskann,100000,1,w1,877,4.735792,1.0,10,,diskann
pg-diskann,100000,1,w1,134,6.641583,0.7,10,,diskann
pg-diskann,100000,1,w1,858,4.428333,1.0,10,,diskann
pg-diskann,100000,1,w1,157,5.668208,0.8,10,,diskann
pg-diskann,100000,1,w1,464,5.349416,1.0,10,,diskann
pg-diskann,100000,1,w1,140,5.80725,1.0,10,,diskann
pg-diskann,100000,1,w1,566,6.530834,0.9,10,,diskann
pg-diskann,100000,1,w1,306,6.222666,1.0,10,,diskann
pg-diskann,100000,1,w1,633,6.00375,1.0,10,,diskann
pg-diskann,100000,1,w1,366,5.945792,1.0,10,,diskann
pg-diskann,100000,1,w1,487,6.8455,1.0,10,,diskann
pg-diskann,100000,1,w1,699,5.223791,1.0,10,,diskann
pg-diskann,100000,1,w1,139,6.285375,1.0,10,,diskann
pg-diskann,100000,1,w1,297,7.367666,1.0,10,,diskann
pg-diskann,100000,1,w1,636,5.729708,1.0,10,,diskann
pg-diskann,100000,1,w1,677,5.158916,1.0,10,,diskann
pg-diskann,100000,1,w1,168,4.594625,1.0,10,,diskann
pg-diskann,100000,1,w1,219,4.80975,1.0,10,,diskann
pg-diskann,100000,1,w1,253,4.324583,1.0,10,,diskann
pg-diskann,100000,1,w1,351,5.229834,1.0,10,,diskann
pg-diskann,100000,1,w1,369,5.966625,1.0,10,,diskann
pg-diskann,100000,1,w1,871,5.697042,0.9,10,,diskann
pg-diskann,100000,1,w1,940,5.823334,0.9,10,,diskann
pg-diskann,100000,1,w1,727,5.056583,1.0,10,,diskann
pg-diskann,100000,1,w1,154,4.918959,1.0,10,,diskann
pg-diskann,100000,1,w1,909,4.99875,0.9,10,,diskann
pg-diskann,100000,1,w1,620,5.21825,1.0,10,,diskann
pg-diskann,100000,1,w1,567,4.317916,1.0,10,,diskann
pg-diskann,100000,1,w1,548,4.925292,1.0,10,,diskann
pg-diskann,100000,1,w1,715,5.080416,1.0,10,,diskann
pg-diskann,100000,1,w1,203,4.596875,1.0,10,,diskann
pg-diskann,100000,1,w1,194,6.424583,1.0,10,,diskann
pg-diskann,100000,1,w1,815,6.715084,1.0,10,,diskann
pg-diskann,100000,1,w1,210,6.359166,0.9,10,,diskann
pg-diskann,100000,1,w1,438,5.349667,1.0,10,,diskann
pg-diskann,100000,1,w1,284,6.668833,1.0,10,,diskann
pg-diskann,100000,1,w1,853,6.380459,0.9,10,,diskann
pg-diskann,100000,1,w1,187,8.463125,1.0,10,,diskann
pg-diskann,100000,1,w1,382,6.549667,1.0,10,,diskann
pg-diskann,100000,1,w1,965,6.312542,1.0,10,,diskann
pg-diskann,100000,1,w1,285,5.867416,1.0,10,,diskann
pg-diskann,100000,1,w1,927,13.359917,0.9,10,,diskann
pg-diskann,100000,1,w1,517,7.928041,0.8,10,,diskann
pg-diskann,100000,1,w1,390,10.907167,1.0,10,,diskann
pg-diskann,100000,1,w1,376,6.834625,1.0,10,,diskann
pg-diskann,100000,1,w1,631,9.286041,1.0,10,,diskann
pg-diskann,100000,1,w1,556,6.189667,1.0,10,,diskann
pg-diskann,100000,1,w1,954,7.454666,1.0,10,,diskann
pg-diskann,100000,1,w1,512,10.244708,1.0,10,,diskann
pg-diskann,100000,1,w1,423,8.643791,1.0,10,,diskann
pg-diskann,100000,1,w1,535,7.933459,1.0,10,,diskann
pg-diskann,100000,1,w1,932,4.928333,1.0,10,,diskann
pg-diskann,100000,1,w1,515,10.741792,1.0,10,,diskann
pg-diskann,100000,1,w2_50,183,10.866917,0.7,10,,label_aware_diskann
pg-diskann,100000,1,w2_50,213,7.043,1.0,10,,label_aware_diskann
pg-diskann,100000,1,w2_50,635,5.495875,1.0,10,,label_aware_diskann
pg-diskann,100000,1,w2_50,604,5.816292,1.0,10,,label_aware_diskann
pg-diskann,100000,1,w2_50,116,13.751917,1.0,10,,label_aware_diskann
pg-diskann,100000,1,w2_50,245,5.777292,1.0,10,,label_aware_diskann
pg-diskann,100000,1,w2_50,449,6.643125,1.0,10,,label_aware_diskann
pg-diskann,100000,1,w2_50,163,5.099792,1.0,10,,label_aware_diskann
pg-diskann,100000,1,w2_50,819,6.514041,1.0,10,,label_aware_diskann
pg-diskann,100000,1,w2_50,779,7.453791,1.0,10,,label_aware_diskann
pg-diskann,100000,1,w2_50,367,6.009083,1.0,10,,label_aware_diskann
pg-diskann,100000,1,w2_50,362,5.432042,1.0,10,,label_aware_diskann
pg-diskann,100000,1,w2_50,184,6.288584,1.0,10,,label_aware_diskann
pg-diskann,100000,1,w2_50,748,8.656791,0.9,10,,label_aware_diskann
pg-diskann,100000,1,w2_50,308,8.490333,1.0,10,,label_aware_diskann
pg-diskann,100000,1,w2_50,155,6.786709,1.0,10,,label_aware_diskann
pg-diskann,100000,1,w2_50,696,8.217875,1.0,10,,label_aware_diskann
pg-diskann,100000,1,w2_50,478,7.98775,0.9,10,,label_aware_diskann
pg-diskann,100000,1,w2_50,694,10.064541,1.0,10,,label_aware_diskann
pg-diskann,100000,1,w2_50,384,6.697458,0.9,10,,label_aware_diskann
pg-diskann,100000,1,w2_50,870,6.454042,1.0,10,,label_aware_diskann
pg-diskann,100000,1,w2_50,161,7.02225,1.0,10,,label_aware_diskann
pg-diskann,100000,1,w2_50,637,5.790583,1.0,10,,label_aware_diskann
pg-diskann,100000,1,w2_50,460,5.896083,1.0,10,,label_aware_diskann
pg-diskann,100000,1,w2_50,892,8.167667,1.0,10,,label_aware_diskann
pg-diskann,100000,1,w2_50,387,6.3695,1.0,10,,label_aware_diskann
pg-diskann,100000,1,w2_50,475,10.10325,0.9,10,,label_aware_diskann
pg-diskann,100000,1,w2_50,836,10.254666,1.0,10,,label_aware_diskann
pg-diskann,100000,1,w2_50,391,6.2625,1.0,10,,label_aware_diskann
pg-diskann,100000,1,w2_50,753,8.089084,1.0,10,,label_aware_diskann
pg-diskann,100000,1,w2_50,141,5.270583,1.0,10,,label_aware_diskann
pg-diskann,100000,1,w2_50,880,5.107416,1.0,10,,label_aware_diskann
pg-diskann,100000,1,w2_50,630,7.064625,1.0,10,,label_aware_diskann
pg-diskann,100000,1,w2_50,918,7.666584,1.0,10,,label_aware_diskann
pg-diskann,100000,1,w2_50,154,7.055917,1.0,10,,label_aware_diskann
pg-diskann,100000,1,w2_50,189,4.80625,1.0,10,,label_aware_diskann
pg-diskann,100000,1,w2_50,354,6.207416,1.0,10,,label_aware_diskann
pg-diskann,100000,1,w2_50,167,9.442416,1.0,10,,label_aware_diskann
pg-diskann,100000,1,w2_50,978,6.003458,1.0,10,,label_aware_diskann
pg-diskann,100000,1,w2_50,280,7.66675,1.0,10,,label_aware_diskann
pg-diskann,100000,1,w2_50,448,6.205375,1.0,10,,label_aware_diskann
pg-diskann,100000,1,w2_50,372,5.653333,1.0,10,,label_aware_diskann
pg-diskann,100000,1,w2_50,988,5.259416,1.0,10,,label_aware_diskann
pg-diskann,100000,1,w2_50,729,8.020375,1.0,10,,label_aware_diskann
pg-diskann,100000,1,w2_50,147,5.984625,1.0,10,,label_aware_diskann
pg-diskann,100000,1,w2_50,419,5.880666,1.0,10,,label_aware_diskann
pg-diskann,100000,1,w2_50,639,5.241458,1.0,10,,label_aware_diskann
pg-diskann,100000,1,w2_50,390,6.776,1.0,10,,label_aware_diskann
pg-diskann,100000,1,w2_50,332,6.397334,1.0,10,,label_aware_diskann
pg-diskann,100000,1,w2_50,667,5.335291,0.9,10,,label_aware_diskann
pg-diskann,100000,1,w2_50,933,5.579,1.0,10,,label_aware_diskann
pg-diskann,100000,1,w2_50,364,5.863791,1.0,10,,label_aware_diskann
pg-diskann,100000,1,w2_50,359,4.5835,1.0,10,,label_aware_diskann
pg-diskann,100000,1,w2_50,847,5.444542,1.0,10,,label_aware_diskann
pg-diskann,100000,1,w2_50,961,6.170417,1.0,10,,label_aware_diskann
pg-diskann,100000,1,w2_50,929,5.0695,1.0,10,,label_aware_diskann
pg-diskann,100000,1,w2_50,684,4.744083,1.0,10,,label_aware_diskann
pg-diskann,100000,1,w2_50,211,6.72575,0.9,10,,label_aware_diskann
pg-diskann,100000,1,w2_50,936,5.275166,1.0,10,,label_aware_diskann
pg-diskann,100000,1,w2_50,649,10.51025,1.0,10,,label_aware_diskann
pg-diskann,100000,1,w2_50,303,6.051792,1.0,10,,label_aware_diskann
pg-diskann,100000,1,w2_50,615,5.224958,1.0,10,,label_aware_diskann
pg-diskann,100000,1,w2_50,534,6.000625,1.0,10,,label_aware_diskann
pg-diskann,100000,1,w2_50,417,5.106042,1.0,10,,label_aware_diskann
pg-diskann,100000,1,w2_50,840,6.096917,1.0,10,,label_aware_diskann
pg-diskann,100000,1,w2_50,133,5.279333,1.0,10,,label_aware_diskann
pg-diskann,100000,1,w2_50,483,6.134792,1.0,10,,label_aware_diskann
pg-diskann,100000,1,w2_50,376,6.63125,1.0,10,,label_aware_diskann
pg-diskann,100000,1,w2_50,257,7.294625,1.0,10,,label_aware_diskann
pg-diskann,100000,1,w2_50,796,7.233416,0.9,10,,label_aware_diskann
pg-diskann,100000,1,w2_50,173,4.821875,1.0,10,,label_aware_diskann
pg-diskann,100000,1,w2_50,314,6.195084,0.9,10,,label_aware_diskann
pg-diskann,100000,1,w2_50,572,5.265,1.0,10,,label_aware_diskann
pg-diskann,100000,1,w2_50,776,4.964459,1.0,10,,label_aware_diskann
pg-diskann,100000,1,w2_50,206,5.136917,0.7,10,,label_aware_diskann
pg-diskann,100000,1,w2_50,648,7.901833,1.0,10,,label_aware_diskann
pg-diskann,100000,1,w2_50,726,5.976291,0.9,10,,label_aware_diskann
pg-diskann,100000,1,w2_50,132,5.3425,1.0,10,,label_aware_diskann
pg-diskann,100000,1,w2_50,660,4.474417,1.0,10,,label_aware_diskann
pg-diskann,100000,1,w2_50,208,4.525209,1.0,10,,label_aware_diskann
pg-diskann,100000,1,w2_50,291,5.194792,1.0,10,,label_aware_diskann
pg-diskann,100000,1,w2_50,812,7.901167,1.0,10,,label_aware_diskann
pg-diskann,100000,1,w2_50,408,6.215916,1.0,10,,label_aware_diskann
pg-diskann,100000,1,w2_50,736,4.493958,1.0,10,,label_aware_diskann
pg-diskann,100000,1,w2_50,269,5.965959,1.0,10,,label_aware_diskann
pg-diskann,100000,1,w2_50,394,6.9935,0.8,10,,label_aware_diskann
pg-diskann,100000,1,w2_50,915,5.341375,1.0,10,,label_aware_diskann
pg-diskann,100000,1,w2_50,627,14.169708,0.9,10,,label_aware_diskann
pg-diskann,100000,1,w2_50,827,6.185542,1.0,10,,label_aware_diskann
pg-diskann,100000,1,w2_50,247,6.334541,1.0,10,,label_aware_diskann
pg-diskann,100000,1,w2_50,666,6.30775,0.8,10,,label_aware_diskann
pg-diskann,100000,1,w2_50,331,6.298333,1.0,10,,label_aware_diskann
pg-diskann,100000,1,w2_50,490,4.764666,1.0,10,,label_aware_diskann
pg-diskann,100000,1,w2_50,795,7.963542,1.0,10,,label_aware_diskann
pg-diskann,100000,1,w2_50,442,6.501625,1.0,10,,label_aware_diskann
pg-diskann,100000,1,w2_50,902,9.49125,0.8,10,,label_aware_diskann
pg-diskann,100000,1,w2_50,263,8.768958,0.8,10,,label_aware_diskann
pg-diskann,100000,1,w2_50,205,5.722291,1.0,10,,label_aware_diskann
pg-diskann,100000,1,w2_50,720,5.719625,1.0,10,,label_aware_diskann
pg-diskann,100000,1,w2_50,226,5.674125,1.0,10,,label_aware_diskann
pg-diskann,100000,1,w2_50,994,9.509834,1.0,10,,label_aware_diskann
pg-diskann,100000,1,w2_50,392,7.802333,1.0,10,,label_aware_diskann
pg-diskann,100000,1,w2_50,543,7.774709,0.7,10,,label_aware_diskann
pg-diskann,100000,1,w2_50,160,5.665208,1.0,10,,label_aware_diskann
pg-diskann,100000,1,w2_50,990,6.107,1.0,10,,label_aware_diskann
pg-diskann,100000,1,w2_50,704,7.671,1.0,10,,label_aware_diskann
pg-diskann,100000,1,w2_50,290,6.749541,1.0,10,,label_aware_diskann
pg-diskann,100000,1,w2_50,250,6.690458,0.9,10,,label_aware_diskann
pg-diskann,100000,1,w2_50,265,5.986292,1.0,10,,label_aware_diskann
pg-diskann,100000,1,w2_50,777,8.099875,1.0,10,,label_aware_diskann
pg-diskann,100000,1,w2_50,526,6.115542,1.0,10,,label_aware_diskann
pg-diskann,100000,1,w2_50,165,6.942709,1.0,10,,label_aware_diskann
pg-diskann,100000,1,w2_50,834,6.771584,1.0,10,,label_aware_diskann
pg-diskann,100000,1,w2_50,605,6.323542,1.0,10,,label_aware_diskann
pg-diskann,100000,1,w2_50,859,4.96725,1.0,10,,label_aware_diskann
pg-diskann,100000,1,w2_50,281,4.657291,1.0,10,,label_aware_diskann
pg-diskann,100000,1,w2_50,823,7.844792,1.0,10,,label_aware_diskann
pg-diskann,100000,1,w2_50,343,5.535041,1.0,10,,label_aware_diskann
pg-diskann,100000,1,w2_50,554,6.3805,1.0,10,,label_aware_diskann
pg-diskann,100000,1,w2_50,712,6.623166,0.8,10,,label_aware_diskann
pg-diskann,100000,1,w2_50,702,7.417375,1.0,10,,label_aware_diskann
pg-diskann,100000,1,w2_50,895,6.631208,1.0,10,,label_aware_diskann
pg-diskann,100000,1,w2_50,668,6.252084,1.0,10,,label_aware_diskann
pg-diskann,100000,1,w2_50,938,5.565459,1.0,10,,label_aware_diskann
pg-diskann,100000,1,w2_50,920,5.539167,1.0,10,,label_aware_diskann
pg-diskann,100000,1,w2_50,230,7.267167,0.9,10,,label_aware_diskann
pg-diskann,100000,1,w2_50,910,7.153334,1.0,10,,label_aware_diskann
pg-diskann,100000,1,w2_50,629,9.342959,0.7,10,,label_aware_diskann
pg-diskann,100000,1,w2_50,420,6.493666,1.0,10,,label_aware_diskann
pg-diskann,100000,1,w2_50,447,5.640292,1.0,10,,label_aware_diskann
pg-diskann,100000,1,w2_50,681,7.375208,0.8,10,,label_aware_diskann
pg-diskann,100000,1,w2_50,415,6.10275,1.0,10,,label_aware_diskann
pg-diskann,100000,1,w2_50,344,5.495209,1.0,10,,label_aware_diskann
pg-diskann,100000,1,w2_50,256,7.454792,0.9,10,,label_aware_diskann
pg-diskann,100000,1,w2_50,355,6.937041,1.0,10,,label_aware_diskann
pg-diskann,100000,1,w2_50,441,6.967875,0.8,10,,label_aware_diskann
pg-diskann,100000,1,w2_50,744,6.639166,1.0,10,,label_aware_diskann
pg-diskann,100000,1,w2_50,740,5.839542,1.0,10,,label_aware_diskann
pg-diskann,100000,1,w2_50,482,6.599917,1.0,10,,label_aware_diskann
pg-diskann,100000,1,w2_50,310,5.917666,1.0,10,,label_aware_diskann
pg-diskann,100000,1,w2_50,244,8.832042,1.0,10,,label_aware_diskann
pg-diskann,100000,1,w2_50,691,5.963084,0.9,10,,label_aware_diskann
pg-diskann,100000,1,w2_50,436,7.744333,1.0,10,,label_aware_diskann
pg-diskann,100000,1,w2_50,469,6.280917,1.0,10,,label_aware_diskann
pg-diskann,100000,1,w2_50,633,6.223792,1.0,10,,label_aware_diskann
pg-diskann,100000,1,w2_50,253,4.498708,1.0,10,,label_aware_diskann
pg-diskann,100000,1,w2_50,907,6.465416,1.0,10,,label_aware_diskann
pg-diskann,100000,1,w2_50,325,9.89475,0.9,10,,label_aware_diskann
pg-diskann,100000,1,w2_50,399,5.522958,1.0,10,,label_aware_diskann
pg-diskann,100000,1,w2_50,657,5.743375,1.0,10,,label_aware_diskann
pg-diskann,100000,1,w2_50,193,7.60675,1.0,10,,label_aware_diskann
pg-diskann,100000,1,w2_50,209,7.512375,1.0,10,,label_aware_diskann
pg-diskann,100000,1,w2_50,148,7.310625,0.9,10,,label_aware_diskann
pg-diskann,100000,1,w2_50,425,7.324333,1.0,10,,label_aware_diskann
pg-diskann,100000,1,w2_50,278,6.078333,1.0,10,,label_aware_diskann
pg-diskann,100000,1,w2_50,973,5.865916,1.0,10,,label_aware_diskann
pg-diskann,100000,1,w2_50,577,6.422334,1.0,10,,label_aware_diskann
pg-diskann,100000,1,w2_50,427,6.850333,0.7,10,,label_aware_diskann
pg-diskann,100000,1,w2_50,585,6.033041,1.0,10,,label_aware_diskann
pg-diskann,100000,1,w2_50,182,5.851833,1.0,10,,label_aware_diskann
pg-diskann,100000,1,w2_50,664,7.722542,0.6,10,,label_aware_diskann
pg-diskann,100000,1,w2_50,926,6.1525,1.0,10,,label_aware_diskann
pg-diskann,100000,1,w2_50,713,5.441834,1.0,10,,label_aware_diskann
pg-diskann,100000,1,w2_50,848,6.384208,1.0,10,,label_aware_diskann
pg-diskann,100000,1,w2_50,782,7.621667,0.9,10,,label_aware_diskann
pg-diskann,100000,1,w2_50,989,5.717416,1.0,10,,label_aware_diskann
pg-diskann,100000,1,w2_50,814,6.5345,1.0,10,,label_aware_diskann
pg-diskann,100000,1,w2_50,698,5.882541,1.0,10,,label_aware_diskann
pg-diskann,100000,1,w2_50,846,4.591791,1.0,10,,label_aware_diskann
pg-diskann,100000,1,w2_50,967,6.508833,1.0,10,,label_aware_diskann
pg-diskann,100000,1,w2_50,125,5.934083,1.0,10,,label_aware_diskann
pg-diskann,100000,1,w2_50,171,5.528834,1.0,10,,label_aware_diskann
pg-diskann,100000,1,w2_50,707,5.19025,1.0,10,,label_aware_diskann
pg-diskann,100000,1,w2_50,217,8.305166,1.0,10,,label_aware_diskann
pg-diskann,100000,1,w2_50,180,7.564167,1.0,10,,label_aware_diskann
pg-diskann,100000,1,w2_50,100,6.177166,1.0,10,,label_aware_diskann
pg-diskann,100000,1,w2_50,311,6.016875,0.9,10,,label_aware_diskann
pg-diskann,100000,1,w2_50,144,6.490625,1.0,10,,label_aware_diskann
pg-diskann,100000,1,w2_50,568,8.315584,1.0,10,,label_aware_diskann
pg-diskann,100000,1,w2_50,199,9.045708,1.0,10,,label_aware_diskann
pg-diskann,100000,1,w2_50,636,8.144875,1.0,10,,label_aware_diskann
pg-diskann,100000,1,w2_50,400,7.485125,1.0,10,,label_aware_diskann
pg-diskann,100000,1,w2_50,710,6.08375,1.0,10,,label_aware_diskann
pg-diskann,100000,1,w2_50,771,7.676209,0.9,10,,label_aware_diskann
pg-diskann,100000,1,w2_50,977,6.127208,0.9,10,,label_aware_diskann
pg-diskann,100000,1,w2_50,238,6.241542,1.0,10,,label_aware_diskann
pg-diskann,100000,1,w2_50,276,6.665125,1.0,10,,label_aware_diskann
pg-diskann,100000,1,w2_50,620,6.528208,1.0,10,,label_aware_diskann
pg-diskann,100000,1,w2_50,957,5.023917,1.0,10,,label_aware_diskann
pg-diskann,100000,1,w2_50,487,6.915667,1.0,10,,label_aware_diskann
pg-diskann,100000,1,w2_50,583,7.982542,1.0,10,,label_aware_diskann
pg-diskann,100000,1,w2_50,479,5.339875,0.9,10,,label_aware_diskann
pg-diskann,100000,1,w2_50,317,5.045333,1.0,10,,label_aware_diskann
pg-diskann,100000,1,w2_50,754,5.743,1.0,10,,label_aware_diskann
pg-diskann,100000,1,w2_50,531,5.451291,1.0,10,,label_aware_diskann
pg-diskann,100000,1,w2_50,164,4.837417,0.8,10,,label_aware_diskann
pg-diskann,100000,1,w2_50,949,5.378541,1.0,10,,label_aware_diskann
pg-diskann,100000,1,w2_50,611,5.49175,1.0,10,,label_aware_diskann
pg-diskann,100000,1,w2_50,347,4.717416,1.0,10,,label_aware_diskann
pg-diskann,100000,1,w2_50,609,4.797666,1.0,10,,label_aware_diskann
pg-diskann,100000,1,w2_50,851,4.939042,0.9,10,,label_aware_diskann
pg-diskann,100000,1,w2_50,693,5.506375,1.0,10,,label_aware_diskann
pg-diskann,100000,1,w2_50,524,7.070417,0.9,10,,label_aware_diskann
pg-diskann,100000,1,w2_50,948,6.87375,1.0,10,,label_aware_diskann
pg-diskann,100000,1,w2_50,817,5.968667,1.0,10,,label_aware_diskann
pg-diskann,100000,1,w2_50,886,4.995167,1.0,10,,label_aware_diskann
pg-diskann,100000,1,w2_50,932,4.981333,1.0,10,,label_aware_diskann
pg-diskann,100000,1,w2_50,591,6.717375,1.0,10,,label_aware_diskann
pg-diskann,100000,1,w2_50,350,6.812375,0.9,10,,label_aware_diskann
pg-diskann,100000,1,w2_50,169,5.915375,1.0,10,,label_aware_diskann
pg-diskann,100000,1,w2_50,508,4.926708,1.0,10,,label_aware_diskann
pg-diskann,100000,1,w2_50,127,5.775667,1.0,10,,label_aware_diskann
pg-diskann,100000,1,w2_50,146,4.506458,1.0,10,,label_aware_diskann
pg-diskann,100000,1,w2_50,953,6.888625,0.9,10,,label_aware_diskann
pg-diskann,100000,1,w2_50,532,6.76525,0.8,10,,label_aware_diskann
pg-diskann,100000,1,w2_50,695,6.151459,0.8,10,,label_aware_diskann
pg-diskann,100000,1,w2_50,369,4.955125,1.0,10,,label_aware_diskann
pg-diskann,100000,1,w2_50,142,5.763125,1.0,10,,label_aware_diskann
pg-diskann,100000,1,w2_50,375,5.51175,1.0,10,,label_aware_diskann
pg-diskann,100000,1,w2_50,438,5.825291,1.0,10,,label_aware_diskann
pg-diskann,100000,1,w2_50,596,6.890167,0.9,10,,label_aware_diskann
pg-diskann,100000,1,w2_50,179,6.187625,1.0,10,,label_aware_diskann
pg-diskann,100000,1,w2_50,232,5.065042,1.0,10,,label_aware_diskann
pg-diskann,100000,1,w2_50,570,5.290584,1.0,10,,label_aware_diskann
pg-diskann,100000,1,w2_50,201,5.656875,1.0,10,,label_aware_diskann
pg-diskann,100000,1,w2_50,305,6.275958,1.0,10,,label_aware_diskann
pg-diskann,100000,1,w2_50,515,5.016542,1.0,10,,label_aware_diskann
pg-diskann,100000,1,w2_50,521,6.565833,1.0,10,,label_aware_diskann
pg-diskann,100000,1,w2_50,841,5.73675,0.9,10,,label_aware_diskann
pg-diskann,100000,1,w2_50,797,5.352375,1.0,10,,label_aware_diskann
pg-diskann,100000,1,w2_50,962,5.220916,1.0,10,,label_aware_diskann
pg-diskann,100000,1,w2_50,388,6.342375,1.0,10,,label_aware_diskann
pg-diskann,100000,1,w2_50,318,5.280625,0.9,10,,label_aware_diskann
pg-diskann,100000,1,w2_50,166,6.240333,1.0,10,,label_aware_diskann
pg-diskann,100000,1,w2_50,396,6.475208,1.0,10,,label_aware_diskann
pg-diskann,100000,1,w2_50,284,6.497375,1.0,10,,label_aware_diskann
pg-diskann,100000,1,w2_50,665,6.460334,1.0,10,,label_aware_diskann
pg-diskann,100000,1,w2_50,897,7.123292,1.0,10,,label_aware_diskann
pg-diskann,100000,1,w2_50,227,6.650625,1.0,10,,label_aware_diskann
pg-diskann,100000,1,w2_50,625,4.928417,1.0,10,,label_aware_diskann
pg-diskann,100000,1,w2_50,321,6.29325,1.0,10,,label_aware_diskann
pg-diskann,100000,1,w2_50,370,7.371375,0.9,10,,label_aware_diskann
pg-diskann,100000,1,w2_50,541,7.751792,0.6,10,,label_aware_diskann
pg-diskann,100000,1,w2_50,455,5.809584,1.0,10,,label_aware_diskann
pg-diskann,100000,1,w2_50,105,6.68,1.0,10,,label_aware_diskann
pg-diskann,100000,1,w2_50,264,5.252666,1.0,10,,label_aware_diskann
pg-diskann,100000,1,w2_50,547,6.614375,1.0,10,,label_aware_diskann
pg-diskann,100000,1,w2_50,824,6.639834,1.0,10,,label_aware_diskann
pg-diskann,100000,1,w2_50,498,7.452583,0.9,10,,label_aware_diskann
pg-diskann,100000,1,w2_50,106,5.647875,1.0,10,,label_aware_diskann
pg-diskann,100000,1,w2_50,756,6.250375,1.0,10,,label_aware_diskann
pg-diskann,100000,1,w2_50,500,6.817625,1.0,10,,label_aware_diskann
pg-diskann,100000,1,w2_50,545,6.857334,1.0,10,,label_aware_diskann
pg-diskann,100000,1,w2_50,573,6.140208,1.0,10,,label_aware_diskann
pg-diskann,100000,1,w2_50,536,5.751792,1.0,10,,label_aware_diskann
pg-diskann,100000,1,w2_50,434,5.733292,1.0,10,,label_aware_diskann
pg-diskann,100000,1,w2_50,885,7.650542,1.0,10,,label_aware_diskann
pg-diskann,100000,1,w2_50,856,6.034,0.9,10,,label_aware_diskann
pg-diskann,100000,1,w2_50,559,6.305916,1.0,10,,label_aware_diskann
pg-diskann,100000,1,w2_50,760,7.263291,1.0,10,,label_aware_diskann
pg-diskann,100000,1,w2_50,113,6.012166,1.0,10,,label_aware_diskann
pg-diskann,100000,1,w2_50,839,5.585708,1.0,10,,label_aware_diskann
pg-diskann,100000,1,w2_50,686,6.453833,0.9,10,,label_aware_diskann
pg-diskann,100000,1,w2_50,745,6.317792,1.0,10,,label_aware_diskann
pg-diskann,100000,1,w2_50,158,7.336125,1.0,10,,label_aware_diskann
pg-diskann,100000,1,w2_50,737,7.068792,1.0,10,,label_aware_diskann
pg-diskann,100000,1,w2_50,292,5.5465,1.0,10,,label_aware_diskann
pg-diskann,100000,1,w2_50,640,5.976458,0.9,10,,label_aware_diskann
pg-diskann,100000,1,w2_50,558,6.3135,1.0,10,,label_aware_diskann
pg-diskann,100000,1,w2_50,426,6.674208,1.0,10,,label_aware_diskann
pg-diskann,100000,1,w2_50,126,7.767708,1.0,10,,label_aware_diskann
pg-diskann,100000,1,w2_50,903,6.605833,0.9,10,,label_aware_diskann
pg-diskann,100000,1,w2_50,323,6.51175,1.0,10,,label_aware_diskann
pg-diskann,100000,1,w2_50,503,5.533833,1.0,10,,label_aware_diskann
pg-diskann,100000,1,w2_50,868,6.08525,1.0,10,,label_aware_diskann
pg-diskann,100000,1,w2_50,923,5.7585,0.8,10,,label_aware_diskann
pg-diskann,100000,1,w2_50,301,5.525083,1.0,10,,label_aware_diskann
pg-diskann,100000,1,w2_50,931,9.01125,1.0,10,,label_aware_diskann
pg-diskann,100000,1,w2_50,590,6.1475,1.0,10,,label_aware_diskann
pg-diskann,100000,1,w2_50,145,6.623375,1.0,10,,label_aware_diskann
pg-diskann,100000,1,w2_50,773,6.302625,1.0,10,,label_aware_diskann
pg-diskann,100000,1,w2_50,919,6.003875,1.0,10,,label_aware_diskann
pg-diskann,100000,1,w2_50,519,4.942666,1.0,10,,label_aware_diskann
pg-diskann,100000,1,w2_50,378,6.170792,0.7,10,,label_aware_diskann
pg-diskann,100000,1,w2_50,788,8.047209,0.8,10,,label_aware_diskann
pg-diskann,100000,1,w2_50,119,6.58125,1.0,10,,label_aware_diskann
pg-diskann,100000,1,w2_50,811,5.94625,1.0,10,,label_aware_diskann
pg-diskann,100000,1,w2_50,363,8.025875,1.0,10,,label_aware_diskann
pg-diskann,100000,1,w2_50,678,7.794666,0.8,10,,label_aware_diskann
pg-diskann,100000,1,w2_50,465,7.190792,0.6,10,,label_aware_diskann
pg-diskann,100000,1,w2_50,924,6.085833,0.9,10,,label_aware_diskann
pg-diskann,100000,1,w2_50,252,10.562083,1.0,10,,label_aware_diskann
pg-diskann,100000,1,w2_50,461,7.844167,1.0,10,,label_aware_diskann
pg-diskann,100000,1,w2_50,241,8.321542,1.0,10,,label_aware_diskann
pg-diskann,100000,1,w2_50,882,6.130042,1.0,10,,label_aware_diskann
pg-diskann,100000,1,w2_50,724,6.774458,0.8,10,,label_aware_diskann
pg-diskann,100000,1,w2_50,947,6.035584,1.0,10,,label_aware_diskann
pg-diskann,100000,1,w2_50,613,5.523333,1.0,10,,label_aware_diskann
pg-diskann,100000,1,w2_50,162,6.216167,1.0,10,,label_aware_diskann
pg-diskann,100000,1,w2_50,909,5.528916,1.0,10,,label_aware_diskann
pg-diskann,100000,1,w2_50,831,5.8925,1.0,10,,label_aware_diskann
pg-diskann,100000,1,w2_50,484,5.316625,1.0,10,,label_aware_diskann
pg-diskann,100000,1,w2_50,955,5.428333,1.0,10,,label_aware_diskann
pg-diskann,100000,1,w2_50,229,5.355833,1.0,10,,label_aware_diskann
pg-diskann,100000,1,w2_50,706,7.879083,1.0,10,,label_aware_diskann
pg-diskann,100000,1,w2_50,747,6.058,1.0,10,,label_aware_diskann
pg-diskann,100000,1,w2_50,428,6.744958,1.0,10,,label_aware_diskann
pg-diskann,100000,1,w2_50,805,7.6325,1.0,10,,label_aware_diskann
pg-diskann,100000,1,w2_50,716,4.477917,1.0,10,,label_aware_diskann
pg-diskann,100000,1,w2_50,512,8.387,1.0,10,,label_aware_diskann
pg-diskann,100000,1,w2_50,958,7.084209,1.0,10,,label_aware_diskann
pg-diskann,100000,1,w2_50,495,6.2615,1.0,10,,label_aware_diskann
pg-diskann,100000,1,w2_50,863,5.611667,1.0,10,,label_aware_diskann
pg-diskann,100000,1,w2_50,185,5.933334,1.0,10,,label_aware_diskann
pg-diskann,100000,1,w2_50,431,5.586042,1.0,10,,label_aware_diskann
pg-diskann,100000,1,w2_50,566,7.004542,1.0,10,,label_aware_diskann
pg-diskann,100000,1,w2_50,196,6.898625,1.0,10,,label_aware_diskann
pg-diskann,100000,1,w2_50,810,7.43425,0.9,10,,label_aware_diskann
pg-diskann,100000,1,w2_50,234,6.899875,1.0,10,,label_aware_diskann
pg-diskann,100000,1,w2_50,599,7.346875,0.9,10,,label_aware_diskann
pg-diskann,100000,1,w2_50,450,7.805917,1.0,10,,label_aware_diskann
pg-diskann,100000,1,w2_50,393,7.266417,0.7,10,,label_aware_diskann
pg-diskann,100000,1,w2_50,594,5.186375,1.0,10,,label_aware_diskann
pg-diskann,100000,1,w2_50,118,6.943083,1.0,10,,label_aware_diskann
pg-diskann,100000,1,w2_50,137,5.647833,1.0,10,,label_aware_diskann
pg-diskann,100000,1,w2_50,965,6.828917,1.0,10,,label_aware_diskann
pg-diskann,100000,1,w2_50,751,5.261417,1.0,10,,label_aware_diskann
pg-diskann,100000,1,w2_50,360,7.246208,1.0,10,,label_aware_diskann
pg-diskann,100000,1,w2_50,732,6.009291,1.0,10,,label_aware_diskann
pg-diskann,100000,1,w2_50,499,6.02175,1.0,10,,label_aware_diskann
pg-diskann,100000,1,w2_50,120,8.223209,1.0,10,,label_aware_diskann
pg-diskann,100000,1,w2_50,934,5.156958,1.0,10,,label_aware_diskann
pg-diskann,100000,1,w2_50,900,6.26625,1.0,10,,label_aware_diskann
pg-diskann,100000,1,w2_50,821,6.234416,1.0,10,,label_aware_diskann
pg-diskann,100000,1,w2_50,677,5.348334,1.0,10,,label_aware_diskann
pg-diskann,100000,1,w2_50,793,6.140208,0.9,10,,label_aware_diskann
pg-diskann,100000,1,w2_50,580,7.218542,0.9,10,,label_aware_diskann
pg-diskann,100000,1,w2_50,108,6.566625,1.0,10,,label_aware_diskann
pg-diskann,100000,1,w2_50,453,7.008708,1.0,10,,label_aware_diskann
pg-diskann,100000,1,w2_50,781,5.260958,1.0,10,,label_aware_diskann
pg-diskann,100000,1,w2_50,413,5.698916,1.0,10,,label_aware_diskann
pg-diskann,100000,1,w2_50,114,6.821917,1.0,10,,label_aware_diskann
pg-diskann,100000,1,w2_50,946,7.551917,1.0,10,,label_aware_diskann
pg-diskann,100000,1,w2_50,212,6.171,1.0,10,,label_aware_diskann
pg-diskann,100000,1,w2_50,466,7.570375,1.0,10,,label_aware_diskann
pg-diskann,100000,1,w2_50,891,5.459833,1.0,10,,label_aware_diskann
pg-diskann,100000,1,w2_50,423,5.771667,1.0,10,,label_aware_diskann
pg-diskann,100000,1,w2_50,340,5.405,1.0,10,,label_aware_diskann
pg-diskann,100000,1,w2_50,984,10.551542,1.0,10,,label_aware_diskann
pg-diskann,100000,1,w2_50,593,8.802208,1.0,10,,label_aware_diskann
pg-diskann,100000,1,w2_50,787,7.831875,1.0,10,,label_aware_diskann
pg-diskann,100000,1,w2_50,404,8.698959,1.0,10,,label_aware_diskann
pg-diskann,100000,1,w2_50,685,8.342209,1.0,10,,label_aware_diskann
pg-diskann,100000,1,w2_50,334,6.252833,1.0,10,,label_aware_diskann
pg-diskann,100000,1,w2_50,273,5.128917,1.0,10,,label_aware_diskann
pg-diskann,100000,1,w2_50,567,5.495459,1.0,10,,label_aware_diskann
pg-diskann,100000,1,w2_50,249,5.471292,1.0,10,,label_aware_diskann
pg-diskann,100000,1,w2_50,622,6.872583,1.0,10,,label_aware_diskann
pg-diskann,100000,1,w2_50,539,5.594208,1.0,10,,label_aware_diskann
pg-diskann,100000,1,w2_50,963,4.55725,1.0,10,,label_aware_diskann
pg-diskann,100000,1,w2_50,654,6.751917,1.0,10,,label_aware_diskann
pg-diskann,100000,1,w2_50,651,6.078125,1.0,10,,label_aware_diskann
pg-diskann,100000,1,w2_50,522,5.308708,1.0,10,,label_aware_diskann
pg-diskann,100000,1,w2_50,402,5.533709,1.0,10,,label_aware_diskann
pg-diskann,100000,1,w2_50,546,5.825584,1.0,10,,label_aware_diskann
pg-diskann,100000,1,w2_50,592,5.551584,1.0,10,,label_aware_diskann
pg-diskann,100000,1,w2_50,181,7.919625,0.9,10,,label_aware_diskann
pg-diskann,100000,1,w2_50,353,4.396375,1.0,10,,label_aware_diskann
pg-diskann,100000,1,w2_50,233,6.299917,0.9,10,,label_aware_diskann
pg-diskann,100000,1,w2_50,833,7.127917,1.0,10,,label_aware_diskann
pg-diskann,100000,1,w2_50,157,5.844,0.8,10,,label_aware_diskann
pg-diskann,100000,1,w2_50,755,5.822625,1.0,10,,label_aware_diskann
pg-diskann,100000,1,w2_50,857,4.485791,1.0,10,,label_aware_diskann
pg-diskann,100000,1,w2_50,721,6.638792,1.0,10,,label_aware_diskann
pg-diskann,100000,1,w2_50,397,5.153375,1.0,10,,label_aware_diskann
pg-diskann,100000,1,w2_50,574,6.064625,1.0,10,,label_aware_diskann
pg-diskann,100000,1,w2_50,820,5.8565,0.9,10,,label_aware_diskann
pg-diskann,100000,1,w2_50,802,6.868542,1.0,10,,label_aware_diskann
pg-diskann,100000,1,w2_50,477,5.992167,1.0,10,,label_aware_diskann
pg-diskann,100000,1,w2_50,409,5.727875,1.0,10,,label_aware_diskann
pg-diskann,100000,1,w2_50,850,6.69675,1.0,10,,label_aware_diskann
pg-diskann,100000,1,w2_50,731,6.340625,1.0,10,,label_aware_diskann
pg-diskann,100000,1,w2_50,883,5.747292,1.0,10,,label_aware_diskann
pg-diskann,100000,1,w2_50,192,6.039792,1.0,10,,label_aware_diskann
pg-diskann,100000,1,w2_50,653,6.334917,1.0,10,,label_aware_diskann
pg-diskann,100000,1,w2_50,319,4.619667,1.0,10,,label_aware_diskann
pg-diskann,100000,1,w2_50,674,5.5115,0.9,10,,label_aware_diskann
pg-diskann,100000,1,w2_50,538,5.308125,1.0,10,,label_aware_diskann
pg-diskann,100000,1,w2_50,774,4.595416,1.0,10,,label_aware_diskann
pg-diskann,100000,1,w2_50,638,5.105792,1.0,10,,label_aware_diskann
pg-diskann,100000,1,w2_50,552,8.503042,1.0,10,,label_aware_diskann
pg-diskann,100000,1,w2_50,972,6.583,1.0,10,,label_aware_diskann
pg-diskann,100000,1,w2_50,337,5.885791,1.0,10,,label_aware_diskann
pg-diskann,100000,1,w2_50,563,4.424084,1.0,10,,label_aware_diskann
pg-diskann,100000,1,w2_50,112,7.225292,1.0,10,,label_aware_diskann
pg-diskann,100000,1,w2_50,939,5.833041,1.0,10,,label_aware_diskann
pg-diskann,100000,1,w2_50,176,7.784875,1.0,10,,label_aware_diskann
pg-diskann,100000,1,w2_50,401,5.316583,1.0,10,,label_aware_diskann
pg-diskann,100000,1,w2_50,680,5.73675,1.0,10,,label_aware_diskann
pg-diskann,100000,1,w2_50,904,9.421292,1.0,10,,label_aware_diskann
pg-diskann,100000,1,w2_50,293,7.807791,1.0,10,,label_aware_diskann
pg-diskann,100000,1,w2_50,143,8.038958,1.0,10,,label_aware_diskann
pg-diskann,100000,1,w2_50,935,8.120292,1.0,10,,label_aware_diskann
pg-diskann,100000,1,w2_50,606,5.220792,1.0,10,,label_aware_diskann
pg-diskann,100000,1,w2_50,981,6.835542,1.0,10,,label_aware_diskann
pg-diskann,100000,1,w2_50,271,7.002667,1.0,10,,label_aware_diskann
pg-diskann,100000,1,w2_50,221,6.453834,1.0,10,,label_aware_diskann
pg-diskann,100000,1,w2_50,997,8.285875,1.0,10,,label_aware_diskann
pg-diskann,100000,1,w2_50,952,6.7885,0.9,10,,label_aware_diskann
pg-diskann,100000,1,w2_50,974,5.801833,1.0,10,,label_aware_diskann
pg-diskann,100000,1,w2_50,871,6.705,1.0,10,,label_aware_diskann
pg-diskann,100000,1,w2_50,623,7.56775,1.0,10,,label_aware_diskann
pg-diskann,100000,1,w2_50,763,6.399875,0.7,10,,label_aware_diskann
pg-diskann,100000,1,w2_50,151,7.648125,1.0,10,,label_aware_diskann
pg-diskann,100000,1,w2_50,804,8.130042,1.0,10,,label_aware_diskann
pg-diskann,100000,1,w2_50,602,4.99775,1.0,10,,label_aware_diskann
pg-diskann,100000,1,w2_50,842,5.42075,1.0,10,,label_aware_diskann
pg-diskann,100000,1,w2_50,956,7.990917,1.0,10,,label_aware_diskann
pg-diskann,100000,1,w2_50,960,5.738333,1.0,10,,label_aware_diskann
pg-diskann,100000,1,w2_50,513,5.49,0.9,10,,label_aware_diskann
pg-diskann,100000,1,w2_50,131,5.330458,1.0,10,,label_aware_diskann
pg-diskann,100000,1,w2_50,346,6.034917,1.0,10,,label_aware_diskann
pg-diskann,100000,1,w2_50,456,10.191625,1.0,10,,label_aware_diskann
pg-diskann,100000,1,w2_50,527,7.016541,1.0,10,,label_aware_diskann
pg-diskann,100000,1,w2_50,507,8.97175,1.0,10,,label_aware_diskann
pg-diskann,100000,1,w2_50,906,3.610334,1.0,10,,label_aware_diskann
pg-diskann,100000,1,w2_50,901,7.217458,0.9,10,,label_aware_diskann
pg-diskann,100000,1,w2_50,214,6.973625,0.9,10,,label_aware_diskann
pg-diskann,100000,1,w2_50,968,6.632375,1.0,10,,label_aware_diskann
pg-diskann,100000,1,w2_50,210,8.999875,1.0,10,,label_aware_diskann
pg-diskann,100000,1,w2_50,634,7.593,0.9,10,,label_aware_diskann
pg-diskann,100000,1,w2_50,537,7.964333,0.8,10,,label_aware_diskann
pg-diskann,100000,1,w2_50,412,8.062375,1.0,10,,label_aware_diskann
pg-diskann,100000,1,w2_50,589,9.42475,1.0,10,,label_aware_diskann
pg-diskann,100000,1,w2_50,884,8.393708,1.0,10,,label_aware_diskann
pg-diskann,100000,1,w2_50,656,7.963042,0.9,10,,label_aware_diskann
pg-diskann,100000,1,w2_50,418,7.807708,1.0,10,,label_aware_diskann
pg-diskann,100000,1,w2_50,830,7.267916,1.0,10,,label_aware_diskann
pg-diskann,100000,1,w2_50,309,6.441208,1.0,10,,label_aware_diskann
pg-diskann,100000,1,w2_50,829,11.225958,1.0,10,,label_aware_diskann
pg-diskann,100000,1,w2_50,822,6.393708,1.0,10,,label_aware_diskann
pg-diskann,100000,1,w2_50,761,6.166125,1.0,10,,label_aware_diskann
pg-diskann,100000,1,w2_50,690,7.342458,1.0,10,,label_aware_diskann
pg-diskann,100000,1,w2_50,618,5.954334,1.0,10,,label_aware_diskann
pg-diskann,100000,1,w2_50,279,8.056542,1.0,10,,label_aware_diskann
pg-diskann,100000,1,w2_50,172,8.18325,1.0,10,,label_aware_diskann
pg-diskann,100000,1,w2_50,995,9.032084,1.0,10,,label_aware_diskann
pg-diskann,100000,1,w2_50,111,7.150875,1.0,10,,label_aware_diskann
pg-diskann,100000,1,w2_50,784,9.061166,1.0,10,,label_aware_diskann
pg-diskann,100000,1,w2_50,225,7.380667,1.0,10,,label_aware_diskann
pg-diskann,100000,1,w2_50,288,7.606042,1.0,10,,label_aware_diskann
pg-diskann,100000,1,w2_50,658,8.640917,0.8,10,,label_aware_diskann
pg-diskann,100000,1,w2_50,385,8.058375,1.0,10,,label_aware_diskann
pg-diskann,100000,1,w2_50,671,10.16775,0.9,10,,label_aware_diskann
pg-diskann,100000,1,w2_50,780,7.889583,0.9,10,,label_aware_diskann
pg-diskann,100000,1,w2_50,669,7.10875,1.0,10,,label_aware_diskann
pg-diskann,100000,1,w2_50,980,5.188375,1.0,10,,label_aware_diskann
pg-diskann,100000,1,w2_50,517,6.899916,1.0,10,,label_aware_diskann
pg-diskann,100000,1,w2_50,231,6.21025,1.0,10,,label_aware_diskann
pg-diskann,100000,1,w2_50,655,8.686917,1.0,10,,label_aware_diskann
pg-diskann,100000,1,w2_50,894,5.945666,1.0,10,,label_aware_diskann
pg-diskann,100000,1,w2_50,898,7.224209,1.0,10,,label_aware_diskann
pg-diskann,100000,1,w2_50,652,9.197083,1.0,10,,label_aware_diskann
pg-diskann,100000,1,w2_50,689,5.456334,1.0,10,,label_aware_diskann
pg-diskann,100000,1,w2_50,993,5.875792,1.0,10,,label_aware_diskann
pg-diskann,100000,1,w2_50,985,5.25525,1.0,10,,label_aware_diskann
pg-diskann,100000,1,w2_50,798,9.205292,1.0,10,,label_aware_diskann
pg-diskann,100000,1,w2_50,530,10.514,0.9,10,,label_aware_diskann
pg-diskann,100000,1,w2_50,156,6.635959,1.0,10,,label_aware_diskann
pg-diskann,100000,1,w2_50,770,7.527416,0.8,10,,label_aware_diskann
pg-diskann,100000,1,w2_50,130,8.06225,1.0,10,,label_aware_diskann
pg-diskann,100000,1,w2_50,294,8.459458,1.0,10,,label_aware_diskann
pg-diskann,100000,1,w2_50,621,8.490167,1.0,10,,label_aware_diskann
pg-diskann,100000,1,w2_50,597,7.812333,1.0,10,,label_aware_diskann
pg-diskann,100000,1,w2_50,940,8.613,1.0,10,,label_aware_diskann
pg-diskann,100000,1,w2_50,711,8.320375,1.0,10,,label_aware_diskann
pg-diskann,100000,1,w2_50,557,7.486625,1.0,10,,label_aware_diskann
pg-diskann,100000,1,w2_50,826,9.180542,1.0,10,,label_aware_diskann
pg-diskann,100000,1,w2_50,452,8.397625,1.0,10,,label_aware_diskann
pg-diskann,100000,1,w2_50,945,8.446833,0.4,10,,label_aware_diskann
pg-diskann,100000,1,w2_50,386,8.022542,0.8,10,,label_aware_diskann
pg-diskann,100000,1,w2_50,749,8.04675,1.0,10,,label_aware_diskann
pg-diskann,100000,1,w2_50,675,7.771167,1.0,10,,label_aware_diskann
pg-diskann,100000,1,w2_50,762,10.208542,1.0,10,,label_aware_diskann
pg-diskann,100000,1,w2_50,197,7.721959,1.0,10,,label_aware_diskann
pg-diskann,100000,1,w2_50,587,6.189458,1.0,10,,label_aware_diskann
pg-diskann,100000,1,w2_50,299,6.716667,0.9,10,,label_aware_diskann
pg-diskann,100000,1,w2_50,769,8.605875,1.0,10,,label_aware_diskann
pg-diskann,100000,1,w2_50,569,10.782542,1.0,10,,label_aware_diskann
pg-diskann,100000,1,w2_50,437,8.340625,1.0,10,,label_aware_diskann
pg-diskann,100000,1,w2_50,416,6.269583,1.0,10,,label_aware_diskann
pg-diskann,100000,1,w2_50,778,6.014792,1.0,10,,label_aware_diskann
pg-diskann,100000,1,w2_50,844,6.177375,0.9,10,,label_aware_diskann
pg-diskann,100000,1,w2_50,407,5.852625,1.0,10,,label_aware_diskann
pg-diskann,100000,1,w2_50,578,6.010291,1.0,10,,label_aware_diskann
pg-diskann,100000,1,w2_50,913,7.157042,0.8,10,,label_aware_diskann
pg-diskann,100000,1,w2_50,333,5.206291,1.0,10,,label_aware_diskann
pg-diskann,100000,1,w2_50,326,5.22575,1.0,10,,label_aware_diskann
pg-diskann,100000,1,w2_50,216,5.18125,1.0,10,,label_aware_diskann
pg-diskann,100000,1,w2_50,865,5.819416,1.0,10,,label_aware_diskann
pg-diskann,100000,1,w2_50,432,5.615333,0.9,10,,label_aware_diskann
pg-diskann,100000,1,w2_50,548,4.945375,1.0,10,,label_aware_diskann
pg-diskann,100000,1,w2_50,435,5.479583,1.0,10,,label_aware_diskann
pg-diskann,100000,1,w2_50,528,5.218583,1.0,10,,label_aware_diskann
pg-diskann,100000,1,w2_50,150,6.086833,1.0,10,,label_aware_diskann
pg-diskann,100000,1,w2_50,373,5.313167,1.0,10,,label_aware_diskann
pg-diskann,100000,1,w2_50,485,4.600583,1.0,10,,label_aware_diskann
pg-diskann,100000,1,w2_50,544,7.413916,1.0,10,,label_aware_diskann
pg-diskann,100000,1,w2_50,298,5.548625,1.0,10,,label_aware_diskann
pg-diskann,100000,1,w2_50,672,4.738542,1.0,10,,label_aware_diskann
pg-diskann,100000,1,w2_50,110,6.17825,1.0,10,,label_aware_diskann
pg-diskann,100000,1,w2_50,887,5.17825,1.0,10,,label_aware_diskann
pg-diskann,100000,1,w2_50,614,5.208916,0.9,10,,label_aware_diskann
pg-diskann,100000,1,w2_50,759,4.751334,0.9,10,,label_aware_diskann
pg-diskann,100000,1,w2_50,937,5.145917,1.0,10,,label_aware_diskann
pg-diskann,100000,1,w2_50,837,4.646709,1.0,10,,label_aware_diskann
pg-diskann,100000,1,w2_50,944,6.099708,1.0,10,,label_aware_diskann
pg-diskann,100000,1,w2_50,410,4.903417,1.0,10,,label_aware_diskann
pg-diskann,100000,1,w2_50,149,4.996416,1.0,10,,label_aware_diskann
pg-diskann,100000,1,w2_50,679,5.74075,1.0,10,,label_aware_diskann
pg-diskann,100000,1,w2_50,719,5.279542,1.0,10,,label_aware_diskann
pg-diskann,100000,1,w2_50,970,4.708209,1.0,10,,label_aware_diskann
pg-diskann,100000,1,w2_50,783,5.428667,0.9,10,,label_aware_diskann
pg-diskann,100000,1,w2_50,571,5.718708,1.0,10,,label_aware_diskann
pg-diskann,100000,1,w2_50,330,5.180833,1.0,10,,label_aware_diskann
pg-diskann,100000,1,w2_50,488,5.260292,1.0,10,,label_aware_diskann
pg-diskann,100000,1,w2_50,444,5.876375,1.0,10,,label_aware_diskann
pg-diskann,100000,1,w2_50,267,4.880584,1.0,10,,label_aware_diskann
pg-diskann,100000,1,w2_50,277,4.104208,1.0,10,,label_aware_diskann
pg-diskann,100000,1,w2_50,493,4.5625,1.0,10,,label_aware_diskann
pg-diskann,100000,1,w2_50,107,4.540416,1.0,10,,label_aware_diskann
pg-diskann,100000,1,w2_50,860,5.178791,0.9,10,,label_aware_diskann
pg-diskann,100000,1,w2_50,976,5.507625,1.0,10,,label_aware_diskann
pg-diskann,100000,1,w2_50,341,4.569833,1.0,10,,label_aware_diskann
pg-diskann,100000,1,w2_50,866,4.747667,0.9,10,,label_aware_diskann
pg-diskann,100000,1,w2_50,491,4.095583,1.0,10,,label_aware_diskann
pg-diskann,100000,1,w2_50,540,6.181,1.0,10,,label_aware_diskann
pg-diskann,100000,1,w2_50,194,7.514208,1.0,10,,label_aware_diskann
pg-diskann,100000,1,w2_50,790,5.16,1.0,10,,label_aware_diskann
pg-diskann,100000,1,w2_50,121,5.349625,1.0,10,,label_aware_diskann
pg-diskann,100000,1,w2_50,374,6.363958,1.0,10,,label_aware_diskann
pg-diskann,100000,1,w2_50,772,5.684666,1.0,10,,label_aware_diskann
pg-diskann,100000,1,w2_50,564,6.017708,1.0,10,,label_aware_diskann
pg-diskann,100000,1,w2_50,366,6.924042,1.0,10,,label_aware_diskann
pg-diskann,100000,1,w2_50,551,6.75275,1.0,10,,label_aware_diskann
pg-diskann,100000,1,w2_50,556,4.995542,1.0,10,,label_aware_diskann
pg-diskann,100000,1,w2_50,361,5.847209,1.0,10,,label_aware_diskann
pg-diskann,100000,1,w2_50,306,7.09575,0.8,10,,label_aware_diskann
pg-diskann,100000,1,w2_50,242,6.688792,1.0,10,,label_aware_diskann
pg-diskann,100000,1,w2_50,430,6.023625,1.0,10,,label_aware_diskann
pg-diskann,100000,1,w2_50,177,7.507375,1.0,10,,label_aware_diskann
pg-diskann,100000,1,w2_50,663,6.290458,1.0,10,,label_aware_diskann
pg-diskann,100000,1,w2_50,733,5.660291,1.0,10,,label_aware_diskann
pg-diskann,100000,1,w2_50,799,7.201209,1.0,10,,label_aware_diskann
pg-diskann,100000,1,w2_50,342,8.459583,0.9,10,,label_aware_diskann
pg-diskann,100000,1,w2_50,472,6.234875,1.0,10,,label_aware_diskann
pg-diskann,100000,1,w2_50,746,5.922125,1.0,10,,label_aware_diskann
pg-diskann,100000,1,w2_50,122,6.071208,1.0,10,,label_aware_diskann
pg-diskann,100000,1,w2_50,921,7.432,1.0,10,,label_aware_diskann
pg-diskann,100000,1,w2_50,443,5.864917,1.0,10,,label_aware_diskann
pg-diskann,100000,1,w2_50,411,6.033084,0.9,10,,label_aware_diskann
pg-diskann,100000,1,w2_50,828,5.877625,0.8,10,,label_aware_diskann
pg-diskann,100000,1,w2_50,246,6.636125,0.9,10,,label_aware_diskann
pg-diskann,100000,1,w2_50,905,6.862541,1.0,10,,label_aware_diskann
pg-diskann,100000,1,w2_50,261,3.731916,1.0,10,,label_aware_diskann
pg-diskann,100000,1,w2_50,673,6.191042,1.0,10,,label_aware_diskann
pg-diskann,100000,1,w2_50,954,6.451125,1.0,10,,label_aware_diskann
pg-diskann,100000,1,w2_50,979,11.968041,1.0,10,,label_aware_diskann
pg-diskann,100000,1,w2_50,476,7.115583,0.8,10,,label_aware_diskann
pg-diskann,100000,1,w2_50,159,6.1835,1.0,10,,label_aware_diskann
pg-diskann,100000,1,w2_50,405,7.8115,1.0,10,,label_aware_diskann
pg-diskann,100000,1,w2_50,650,6.866334,1.0,10,,label_aware_diskann
pg-diskann,100000,1,w2_50,504,5.905333,1.0,10,,label_aware_diskann
pg-diskann,100000,1,w2_50,389,6.996,0.9,10,,label_aware_diskann
pg-diskann,100000,1,w2_50,889,7.419084,0.6,10,,label_aware_diskann
pg-diskann,100000,1,w2_50,424,6.490291,1.0,10,,label_aware_diskann
pg-diskann,100000,1,w2_50,645,11.286125,1.0,10,,label_aware_diskann
pg-diskann,100000,1,w2_50,809,6.301,1.0,10,,label_aware_diskann
pg-diskann,100000,1,w2_50,439,6.232916,0.9,10,,label_aware_diskann
pg-diskann,100000,1,w2_50,371,6.991625,1.0,10,,label_aware_diskann
pg-diskann,100000,1,w2_50,757,5.513542,0.9,10,,label_aware_diskann
pg-diskann,100000,1,w2_50,750,4.855625,1.0,10,,label_aware_diskann
pg-diskann,100000,1,w2_50,203,5.772417,1.0,10,,label_aware_diskann
pg-diskann,100000,1,w2_50,509,6.173792,1.0,10,,label_aware_diskann
pg-diskann,100000,1,w2_50,520,5.848209,1.0,10,,label_aware_diskann
pg-diskann,100000,1,w2_50,703,6.597167,1.0,10,,label_aware_diskann
pg-diskann,100000,1,w2_50,914,5.233792,1.0,10,,label_aware_diskann
pg-diskann,100000,1,w2_50,896,7.150375,0.7,10,,label_aware_diskann
pg-diskann,100000,1,w2_50,218,6.388375,1.0,10,,label_aware_diskann
pg-diskann,100000,1,w2_50,964,4.84175,1.0,10,,label_aware_diskann
pg-diskann,100000,1,w2_50,942,9.631875,0.9,10,,label_aware_diskann
pg-diskann,100000,1,w2_50,873,8.63425,1.0,10,,label_aware_diskann
pg-diskann,100000,1,w2_50,283,8.09775,1.0,10,,label_aware_diskann
pg-diskann,100000,1,w2_50,607,5.406667,1.0,10,,label_aware_diskann
pg-diskann,100000,1,w2_50,518,6.836084,1.0,10,,label_aware_diskann
pg-diskann,100000,1,w2_50,600,8.5825,0.9,10,,label_aware_diskann
pg-diskann,100000,1,w2_50,101,7.304667,0.8,10,,label_aware_diskann
pg-diskann,100000,1,w2_50,501,7.261083,1.0,10,,label_aware_diskann
pg-diskann,100000,1,w2_50,467,6.544042,1.0,10,,label_aware_diskann
pg-diskann,100000,1,w2_50,553,7.631208,1.0,10,,label_aware_diskann
pg-diskann,100000,1,w2_50,775,8.041125,1.0,10,,label_aware_diskann
pg-diskann,100000,1,w2_50,626,5.264583,1.0,10,,label_aware_diskann
pg-diskann,100000,1,w2_50,124,5.838959,1.0,10,,label_aware_diskann
pg-diskann,100000,1,w2_50,403,6.565792,1.0,10,,label_aware_diskann
pg-diskann,100000,1,w2_50,380,8.307958,0.9,10,,label_aware_diskann
pg-diskann,100000,1,w2_50,207,12.366625,0.9,10,,label_aware_diskann
pg-diskann,100000,1,w2_50,789,7.316042,1.0,10,,label_aware_diskann
pg-diskann,100000,1,w2_50,717,5.632625,1.0,10,,label_aware_diskann
pg-diskann,100000,1,w2_50,300,6.914375,1.0,10,,label_aware_diskann
pg-diskann,100000,1,w2_50,266,4.915167,1.0,10,,label_aware_diskann
pg-diskann,100000,1,w2_50,204,5.160959,1.0,10,,label_aware_diskann
pg-diskann,100000,1,w2_50,738,8.112416,1.0,10,,label_aware_diskann
pg-diskann,100000,1,w2_50,153,6.891916,1.0,10,,label_aware_diskann
pg-diskann,100000,1,w2_50,379,7.491709,1.0,10,,label_aware_diskann
pg-diskann,100000,1,w2_50,275,6.816667,1.0,10,,label_aware_diskann
pg-diskann,100000,1,w2_50,603,10.743292,1.0,10,,label_aware_diskann
pg-diskann,100000,1,w2_50,697,5.805083,1.0,10,,label_aware_diskann
pg-diskann,100000,1,w2_50,925,7.918833,0.9,10,,label_aware_diskann
pg-diskann,100000,1,w2_50,998,4.910084,1.0,10,,label_aware_diskann
pg-diskann,100000,1,w2_50,628,6.588416,0.9,10,,label_aware_diskann
pg-diskann,100000,1,w2_50,140,8.098625,1.0,10,,label_aware_diskann
pg-diskann,100000,1,w2_50,481,6.253792,1.0,10,,label_aware_diskann
pg-diskann,100000,1,w2_50,893,6.489541,1.0,10,,label_aware_diskann
pg-diskann,100000,1,w2_50,494,5.965083,1.0,10,,label_aware_diskann
pg-diskann,100000,1,w2_50,854,6.227209,1.0,10,,label_aware_diskann
pg-diskann,100000,1,w2_50,339,7.056375,0.8,10,,label_aware_diskann
pg-diskann,100000,1,w2_50,429,5.957791,1.0,10,,label_aware_diskann
pg-diskann,100000,1,w2_50,899,5.69325,1.0,10,,label_aware_diskann
pg-diskann,100000,1,w2_50,971,6.569666,0.9,10,,label_aware_diskann
pg-diskann,100000,1,w2_50,296,5.921375,1.0,10,,label_aware_diskann
pg-diskann,100000,1,w2_50,262,6.909875,1.0,10,,label_aware_diskann
pg-diskann,100000,1,w2_50,643,7.906458,1.0,10,,label_aware_diskann
pg-diskann,100000,1,w2_50,191,6.607916,1.0,10,,label_aware_diskann
pg-diskann,100000,1,w2_50,445,5.852167,1.0,10,,label_aware_diskann
pg-diskann,100000,1,w2_50,728,8.626916,1.0,10,,label_aware_diskann
pg-diskann,100000,1,w2_50,471,6.591625,1.0,10,,label_aware_diskann
pg-diskann,100000,1,w2_50,302,6.570667,1.0,10,,label_aware_diskann
pg-diskann,100000,1,w2_50,986,5.526958,1.0,10,,label_aware_diskann
pg-diskann,100000,1,w2_50,320,5.417834,1.0,10,,label_aware_diskann
pg-diskann,100000,1,w2_50,220,6.591416,1.0,10,,label_aware_diskann
pg-diskann,100000,1,w2_50,699,5.576375,1.0,10,,label_aware_diskann
pg-diskann,100000,1,w2_50,502,5.242875,1.0,10,,label_aware_diskann
pg-diskann,100000,1,w2_50,816,6.304875,1.0,10,,label_aware_diskann
pg-diskann,100000,1,w2_50,352,5.901583,1.0,10,,label_aware_diskann
pg-diskann,100000,1,w2_50,727,5.6975,1.0,10,,label_aware_diskann
pg-diskann,100000,1,w2_50,700,6.435875,1.0,10,,label_aware_diskann
pg-diskann,100000,1,w2_50,454,6.149583,1.0,10,,label_aware_diskann
pg-diskann,100000,1,w2_50,723,6.458167,1.0,10,,label_aware_diskann
pg-diskann,100000,1,w2_50,875,5.389208,0.9,10,,label_aware_diskann
pg-diskann,100000,1,w2_50,581,5.459083,1.0,10,,label_aware_diskann
pg-diskann,100000,1,w2_50,128,6.165,1.0,10,,label_aware_diskann
pg-diskann,100000,1,w2_50,582,8.309625,1.0,10,,label_aware_diskann
pg-diskann,100000,1,w2_50,174,5.785083,1.0,10,,label_aware_diskann
pg-diskann,100000,1,w2_50,170,6.4885,1.0,10,,label_aware_diskann
pg-diskann,100000,1,w2_50,236,7.129084,0.8,10,,label_aware_diskann
pg-diskann,100000,1,w2_50,813,5.46475,1.0,10,,label_aware_diskann
pg-diskann,100000,1,w2_50,486,5.775042,1.0,10,,label_aware_diskann
pg-diskann,100000,1,w2_50,718,4.809208,0.8,10,,label_aware_diskann
pg-diskann,100000,1,w2_50,951,4.2015,1.0,10,,label_aware_diskann
pg-diskann,100000,1,w2_50,631,5.64925,1.0,10,,label_aware_diskann
pg-diskann,100000,1,w2_50,555,5.978416,1.0,10,,label_aware_diskann
pg-diskann,100000,1,w2_50,928,6.574458,1.0,10,,label_aware_diskann
pg-diskann,100000,1,w2_50,644,3.814916,1.0,10,,label_aware_diskann
pg-diskann,100000,1,w2_50,741,4.626875,1.0,10,,label_aware_diskann
pg-diskann,100000,1,w2_50,104,3.720666,1.0,10,,label_aware_diskann
pg-diskann,100000,1,w2_50,619,4.546709,1.0,10,,label_aware_diskann
pg-diskann,100000,1,w2_50,198,5.543083,1.0,10,,label_aware_diskann
pg-diskann,100000,1,w2_50,202,5.520709,1.0,10,,label_aware_diskann
pg-diskann,100000,1,w2_50,768,7.2805,0.9,10,,label_aware_diskann
pg-diskann,100000,1,w2_50,470,6.420208,1.0,10,,label_aware_diskann
pg-diskann,100000,1,w2_50,575,5.582583,1.0,10,,label_aware_diskann
pg-diskann,100000,1,w2_50,255,4.699792,1.0,10,,label_aware_diskann
pg-diskann,100000,1,w2_50,959,6.983917,0.9,10,,label_aware_diskann
pg-diskann,100000,1,w2_50,966,6.582458,0.7,10,,label_aware_diskann
pg-diskann,100000,1,w2_50,377,6.009833,0.8,10,,label_aware_diskann
pg-diskann,100000,1,w2_50,497,5.085917,1.0,10,,label_aware_diskann
pg-diskann,100000,1,w2_50,357,4.319625,1.0,10,,label_aware_diskann
pg-diskann,100000,1,w2_50,315,4.55925,1.0,10,,label_aware_diskann
pg-diskann,100000,1,w2_50,670,4.976208,1.0,10,,label_aware_diskann
pg-diskann,100000,1,w2_50,807,5.132709,1.0,10,,label_aware_diskann
pg-diskann,100000,1,w2_50,862,5.579125,1.0,10,,label_aware_diskann
pg-diskann,100000,1,w2_50,406,4.579167,1.0,10,,label_aware_diskann
pg-diskann,100000,1,w2_50,843,3.506334,1.0,10,,label_aware_diskann
pg-diskann,100000,1,w2_50,792,4.804208,1.0,10,,label_aware_diskann
pg-diskann,100000,1,w2_50,641,4.299833,1.0,10,,label_aware_diskann
pg-diskann,100000,1,w2_50,876,6.415875,1.0,10,,label_aware_diskann
pg-diskann,100000,1,w2_50,304,5.628583,1.0,10,,label_aware_diskann
pg-diskann,100000,1,w2_50,624,7.542334,0.8,10,,label_aware_diskann
pg-diskann,100000,1,w2_50,351,4.512875,1.0,10,,label_aware_diskann
pg-diskann,100000,1,w2_50,983,4.85225,0.9,10,,label_aware_diskann
pg-diskann,100000,1,w2_50,268,5.243375,1.0,10,,label_aware_diskann
pg-diskann,100000,1,w2_50,358,5.2755,1.0,10,,label_aware_diskann
pg-diskann,100000,1,w2_50,943,5.028167,1.0,10,,label_aware_diskann
pg-diskann,100000,1,w2_50,324,7.303125,0.6,10,,label_aware_diskann
pg-diskann,100000,1,w2_50,383,6.138166,1.0,10,,label_aware_diskann
pg-diskann,100000,1,w2_50,463,7.249959,1.0,10,,label_aware_diskann
pg-diskann,100000,1,w2_50,345,7.903208,1.0,10,,label_aware_diskann
pg-diskann,100000,1,w2_50,222,9.045542,1.0,10,,label_aware_diskann
pg-diskann,100000,1,w2_50,489,7.099125,1.0,10,,label_aware_diskann
pg-diskann,100000,1,w2_50,767,6.039208,1.0,10,,label_aware_diskann
pg-diskann,100000,1,w2_50,908,5.659542,1.0,10,,label_aware_diskann
pg-diskann,100000,1,w2_50,562,5.86975,1.0,10,,label_aware_diskann
pg-diskann,100000,1,w2_50,451,7.741125,1.0,10,,label_aware_diskann
pg-diskann,100000,1,w2_50,135,7.226625,0.9,10,,label_aware_diskann
pg-diskann,100000,1,w2_50,800,6.379084,1.0,10,,label_aware_diskann
pg-diskann,100000,1,w2_50,188,10.09575,1.0,10,,label_aware_diskann
pg-diskann,100000,1,w2_50,312,8.161583,1.0,10,,label_aware_diskann
pg-diskann,100000,1,w2_50,867,7.667917,0.9,10,,label_aware_diskann
pg-diskann,100000,1,w2_50,709,6.641083,1.0,10,,label_aware_diskann
pg-diskann,100000,1,w2_50,272,6.900542,1.0,10,,label_aware_diskann
pg-diskann,100000,1,w2_50,877,6.205625,1.0,10,,label_aware_diskann
pg-diskann,100000,1,w2_50,139,8.699792,1.0,10,,label_aware_diskann
pg-diskann,100000,1,w2_50,327,6.085208,1.0,10,,label_aware_diskann
pg-diskann,100000,1,w2_50,941,6.021208,1.0,10,,label_aware_diskann
pg-diskann,100000,1,w2_50,765,7.789041,1.0,10,,label_aware_diskann
pg-diskann,100000,1,w2_50,248,6.301417,1.0,10,,label_aware_diskann
pg-diskann,100000,1,w2_50,855,5.91375,1.0,10,,label_aware_diskann
pg-diskann,100000,1,w2_50,838,6.322292,1.0,10,,label_aware_diskann
pg-diskann,100000,1,w2_50,617,5.902375,1.0,10,,label_aware_diskann
pg-diskann,100000,1,w2_50,468,5.555958,1.0,10,,label_aware_diskann
pg-diskann,100000,1,w2_50,243,5.234541,1.0,10,,label_aware_diskann
pg-diskann,100000,1,w2_50,927,11.511417,0.8,10,,label_aware_diskann
pg-diskann,100000,1,w2_50,338,6.775625,0.8,10,,label_aware_diskann
pg-diskann,100000,1,w2_50,845,6.5085,1.0,10,,label_aware_diskann
pg-diskann,100000,1,w2_50,525,6.691709,1.0,10,,label_aware_diskann
pg-diskann,100000,1,w2_50,879,5.921459,1.0,10,,label_aware_diskann
pg-diskann,100000,1,w2_50,588,6.441208,1.0,10,,label_aware_diskann
pg-diskann,100000,1,w2_50,506,7.307958,1.0,10,,label_aware_diskann
pg-diskann,100000,1,w2_50,258,6.702708,1.0,10,,label_aware_diskann
pg-diskann,100000,1,w2_50,274,6.087833,1.0,10,,label_aware_diskann
pg-diskann,100000,1,w2_50,550,5.812792,1.0,10,,label_aware_diskann
pg-diskann,100000,1,w2_50,608,8.153542,1.0,10,,label_aware_diskann
pg-diskann,100000,1,w2_50,254,6.360583,0.9,10,,label_aware_diskann
pg-diskann,100000,1,w2_50,458,6.666125,1.0,10,,label_aware_diskann
pg-diskann,100000,1,w2_50,646,5.034625,1.0,10,,label_aware_diskann
pg-diskann,100000,1,w2_50,714,6.204833,1.0,10,,label_aware_diskann
pg-diskann,100000,1,w2_50,168,5.168041,1.0,10,,label_aware_diskann
pg-diskann,100000,1,w2_50,533,6.482,1.0,10,,label_aware_diskann
pg-diskann,100000,1,w2_50,912,7.789875,1.0,10,,label_aware_diskann
pg-diskann,100000,1,w2_50,414,5.43675,1.0,10,,label_aware_diskann
pg-diskann,100000,1,w2_50,832,5.431916,1.0,10,,label_aware_diskann
pg-diskann,100000,1,w2_50,187,6.618,1.0,10,,label_aware_diskann
pg-diskann,100000,1,w2_50,237,5.723209,1.0,10,,label_aware_diskann
pg-diskann,100000,1,w2_50,190,6.477917,1.0,10,,label_aware_diskann
pg-diskann,100000,1,w2_50,103,5.623625,1.0,10,,label_aware_diskann
pg-diskann,100000,1,w2_50,861,7.933791,0.9,10,,label_aware_diskann
pg-diskann,100000,1,w2_50,922,7.00575,0.9,10,,label_aware_diskann
pg-diskann,100000,1,w2_50,219,6.065,1.0,10,,label_aware_diskann
pg-diskann,100000,1,w2_50,474,5.9245,1.0,10,,label_aware_diskann
pg-diskann,100000,1,w2_50,328,6.416458,1.0,10,,label_aware_diskann
pg-diskann,100000,1,w2_50,835,5.456334,1.0,10,,label_aware_diskann
pg-diskann,100000,1,w2_50,542,6.650375,0.8,10,,label_aware_diskann
pg-diskann,100000,1,w2_50,136,7.130291,1.0,10,,label_aware_diskann
pg-diskann,100000,1,w2_50,514,6.813875,1.0,10,,label_aware_diskann
pg-diskann,100000,1,w2_50,307,5.699583,1.0,10,,label_aware_diskann
pg-diskann,100000,1,w2_50,287,8.814292,0.9,10,,label_aware_diskann
pg-diskann,100000,1,w2_50,601,6.6465,1.0,10,,label_aware_diskann
pg-diskann,100000,1,w2_50,917,8.41975,1.0,10,,label_aware_diskann
pg-diskann,100000,1,w2_50,616,4.444709,1.0,10,,label_aware_diskann
pg-diskann,100000,1,w2_50,313,4.66975,1.0,10,,label_aware_diskann
pg-diskann,100000,1,w2_50,322,6.128417,1.0,10,,label_aware_diskann
pg-diskann,100000,1,w2_50,806,6.599792,1.0,10,,label_aware_diskann
pg-diskann,100000,1,w2_50,529,8.93825,1.0,10,,label_aware_diskann
pg-diskann,100000,1,w2_50,991,5.514334,0.9,10,,label_aware_diskann
pg-diskann,100000,1,w2_50,683,5.69775,1.0,10,,label_aware_diskann
pg-diskann,100000,1,w2_50,259,4.81425,1.0,10,,label_aware_diskann
pg-diskann,100000,1,w2_50,480,6.461833,0.7,10,,label_aware_diskann
pg-diskann,100000,1,w2_50,464,6.829625,1.0,10,,label_aware_diskann
pg-diskann,100000,1,w2_50,786,9.134625,1.0,10,,label_aware_diskann
pg-diskann,100000,1,w2_50,297,7.397333,0.9,10,,label_aware_diskann
pg-diskann,100000,1,w2_50,462,5.943834,1.0,10,,label_aware_diskann
pg-diskann,100000,1,w2_50,825,5.851916,1.0,10,,label_aware_diskann
pg-diskann,100000,1,w2_50,239,8.817209,1.0,10,,label_aware_diskann
pg-diskann,100000,1,w2_50,457,5.4945,1.0,10,,label_aware_diskann
pg-diskann,100000,1,w2_50,595,6.596583,0.9,10,,label_aware_diskann
pg-diskann,100000,1,w2_50,175,6.546334,1.0,10,,label_aware_diskann
pg-diskann,100000,1,w2_50,647,4.993334,1.0,10,,label_aware_diskann
pg-diskann,100000,1,w2_50,228,6.604292,1.0,10,,label_aware_diskann
pg-diskann,100000,1,w2_50,632,7.221875,1.0,10,,label_aware_diskann
pg-diskann,100000,1,w2_50,356,6.038875,1.0,10,,label_aware_diskann
pg-diskann,100000,1,w2_50,858,4.938334,1.0,10,,label_aware_diskann
pg-diskann,100000,1,w2_50,987,5.218333,1.0,10,,label_aware_diskann
pg-diskann,100000,1,w2_50,560,6.726,1.0,10,,label_aware_diskann
pg-diskann,100000,1,w2_50,576,6.66925,1.0,10,,label_aware_diskann
pg-diskann,100000,1,w2_50,996,5.838583,1.0,10,,label_aware_diskann
pg-diskann,100000,1,w2_50,758,6.457791,0.9,10,,label_aware_diskann
pg-diskann,100000,1,w2_50,565,5.669375,1.0,10,,label_aware_diskann
pg-diskann,100000,1,w2_50,815,6.574,0.9,10,,label_aware_diskann
pg-diskann,100000,1,w2_50,138,6.305667,0.9,10,,label_aware_diskann
pg-diskann,100000,1,w2_50,178,6.235625,1.0,10,,label_aware_diskann
pg-diskann,100000,1,w2_50,992,5.861875,1.0,10,,label_aware_diskann
pg-diskann,100000,1,w2_50,853,6.218959,0.8,10,,label_aware_diskann
pg-diskann,100000,1,w2_50,549,5.370542,0.8,10,,label_aware_diskann
pg-diskann,100000,1,w2_50,440,5.480709,1.0,10,,label_aware_diskann
pg-diskann,100000,1,w2_50,117,4.452042,1.0,10,,label_aware_diskann
pg-diskann,100000,1,w2_50,794,6.392208,1.0,10,,label_aware_diskann
pg-diskann,100000,1,w2_50,888,5.554542,1.0,10,,label_aware_diskann
pg-diskann,100000,1,w2_50,864,5.703458,1.0,10,,label_aware_diskann
pg-diskann,100000,1,w2_50,523,5.987792,1.0,10,,label_aware_diskann
pg-diskann,100000,1,w2_50,368,7.772292,1.0,10,,label_aware_diskann
pg-diskann,100000,1,w2_50,285,6.057583,1.0,10,,label_aware_diskann
pg-diskann,100000,1,w2_50,642,7.171791,1.0,10,,label_aware_diskann
pg-diskann,100000,1,w2_50,421,7.867291,0.9,10,,label_aware_diskann
pg-diskann,100000,1,w2_50,348,6.475334,1.0,10,,label_aware_diskann
pg-diskann,100000,1,w2_50,260,6.6295,0.9,10,,label_aware_diskann
pg-diskann,100000,1,w2_50,785,7.075917,1.0,10,,label_aware_diskann
pg-diskann,100000,1,w2_50,200,7.083458,1.0,10,,label_aware_diskann
pg-diskann,100000,1,w2_50,395,6.555875,1.0,10,,label_aware_diskann
pg-diskann,100000,1,w2_50,975,4.809083,1.0,10,,label_aware_diskann
pg-diskann,100000,1,w2_50,505,7.182917,1.0,10,,label_aware_diskann
pg-diskann,100000,1,w2_50,881,6.283292,1.0,10,,label_aware_diskann
pg-diskann,100000,1,w2_50,510,6.414542,0.8,10,,label_aware_diskann
pg-diskann,100000,1,w2_50,612,6.016042,1.0,10,,label_aware_diskann
pg-diskann,100000,1,w2_50,730,6.075792,1.0,10,,label_aware_diskann
pg-diskann,100000,1,w2_50,349,6.283292,1.0,10,,label_aware_diskann
pg-diskann,100000,1,w2_50,215,5.551333,1.0,10,,label_aware_diskann
pg-diskann,100000,1,w2_50,492,4.659458,1.0,10,,label_aware_diskann
pg-diskann,100000,1,w2_50,682,5.69175,1.0,10,,label_aware_diskann
pg-diskann,100000,1,w2_50,295,5.380041,1.0,10,,label_aware_diskann
pg-diskann,100000,1,w2_50,662,5.277042,1.0,10,,label_aware_diskann
pg-diskann,100000,1,w2_50,725,4.521667,1.0,10,,label_aware_diskann
pg-diskann,100000,1,w2_50,335,5.987167,0.9,10,,label_aware_diskann
pg-diskann,100000,1,w2_50,102,5.2055,1.0,10,,label_aware_diskann
pg-diskann,100000,1,w2_50,661,4.249666,1.0,10,,label_aware_diskann
pg-diskann,100000,1,w2_50,123,5.726375,1.0,10,,label_aware_diskann
pg-diskann,100000,1,w2_50,688,5.76575,1.0,10,,label_aware_diskann
pg-diskann,100000,1,w2_50,869,5.923125,1.0,10,,label_aware_diskann
pg-diskann,100000,1,w2_50,446,6.1,1.0,10,,label_aware_diskann
pg-diskann,100000,1,w2_50,911,4.695667,1.0,10,,label_aware_diskann
pg-diskann,100000,1,w2_50,808,4.731958,1.0,10,,label_aware_diskann
pg-diskann,100000,1,w2_50,982,4.749792,1.0,10,,label_aware_diskann
pg-diskann,100000,1,w2_50,382,5.387709,1.0,10,,label_aware_diskann
pg-diskann,100000,1,w2_50,872,4.830333,1.0,10,,label_aware_diskann
pg-diskann,100000,1,w2_50,766,4.342167,1.0,10,,label_aware_diskann
pg-diskann,100000,1,w2_50,739,5.040875,1.0,10,,label_aware_diskann
pg-diskann,100000,1,w2_50,223,7.82675,1.0,10,,label_aware_diskann
pg-diskann,100000,1,w2_50,109,6.526916,1.0,10,,label_aware_diskann
pg-diskann,100000,1,w2_50,270,6.37825,0.9,10,,label_aware_diskann
pg-diskann,100000,1,w2_50,722,5.950041,1.0,10,,label_aware_diskann
pg-diskann,100000,1,w2_50,561,5.773167,1.0,10,,label_aware_diskann
pg-diskann,100000,1,w2_50,734,6.020291,1.0,10,,label_aware_diskann
pg-diskann,100000,1,w2_50,916,5.153125,1.0,10,,label_aware_diskann
pg-diskann,100000,1,w2_50,316,6.344083,1.0,10,,label_aware_diskann
pg-diskann,100000,1,w2_50,286,5.733042,1.0,10,,label_aware_diskann
pg-diskann,100000,1,w2_50,422,5.379875,1.0,10,,label_aware_diskann
pg-diskann,100000,1,w2_50,708,4.973958,1.0,10,,label_aware_diskann
pg-diskann,100000,1,w2_50,687,7.126833,0.7,10,,label_aware_diskann
pg-diskann,100000,1,w2_50,240,5.820541,1.0,10,,label_aware_diskann
pg-diskann,100000,1,w2_50,676,5.694791,1.0,10,,label_aware_diskann
pg-diskann,100000,1,w2_50,586,4.659417,1.0,10,,label_aware_diskann
pg-diskann,100000,1,w2_50,336,5.438541,1.0,10,,label_aware_diskann
pg-diskann,100000,1,w2_50,930,7.150375,0.9,10,,label_aware_diskann
pg-diskann,100000,1,w2_50,579,7.356167,1.0,10,,label_aware_diskann
pg-diskann,100000,1,w2_50,791,5.712208,1.0,10,,label_aware_diskann
pg-diskann,100000,1,w2_50,282,6.704958,1.0,10,,label_aware_diskann
pg-diskann,100000,1,w2_50,950,4.437791,1.0,10,,label_aware_diskann
pg-diskann,100000,1,w2_50,999,5.098083,1.0,10,,label_aware_diskann
pg-diskann,100000,1,w2_50,659,8.06025,0.9,10,,label_aware_diskann
pg-diskann,100000,1,w2_50,803,7.896834,0.9,10,,label_aware_diskann
pg-diskann,100000,1,w2_50,849,5.704875,1.0,10,,label_aware_diskann
pg-diskann,100000,1,w2_50,818,5.9965,1.0,10,,label_aware_diskann
pg-diskann,100000,1,w2_50,195,5.486291,1.0,10,,label_aware_diskann
pg-diskann,100000,1,w2_50,743,5.841667,1.0,10,,label_aware_diskann
pg-diskann,100000,1,w2_50,129,7.934958,0.6,10,,label_aware_diskann
pg-diskann,100000,1,w2_50,598,6.8425,1.0,10,,label_aware_diskann
pg-diskann,100000,1,w2_50,764,7.482542,1.0,10,,label_aware_diskann
pg-diskann,100000,1,w2_50,701,5.997708,1.0,10,,label_aware_diskann
pg-diskann,100000,1,w2_50,692,6.271792,1.0,10,,label_aware_diskann
pg-diskann,100000,1,w2_50,735,6.272,1.0,10,,label_aware_diskann
pg-diskann,100000,1,w2_50,874,7.470417,1.0,10,,label_aware_diskann
pg-diskann,100000,1,w2_50,224,6.988625,1.0,10,,label_aware_diskann
pg-diskann,100000,1,w2_50,752,6.511,1.0,10,,label_aware_diskann
pg-diskann,100000,1,w2_50,535,7.0985,1.0,10,,label_aware_diskann
pg-diskann,100000,1,w2_50,329,6.22575,1.0,10,,label_aware_diskann
pg-diskann,100000,1,w2_50,610,5.642625,1.0,10,,label_aware_diskann
pg-diskann,100000,1,w2_50,705,5.262417,0.9,10,,label_aware_diskann
pg-diskann,100000,1,w2_50,251,3.835084,1.0,10,,label_aware_diskann
pg-diskann,100000,1,w2_50,584,6.382792,1.0,10,,label_aware_diskann
pg-diskann,100000,1,w2_50,742,5.122333,1.0,10,,label_aware_diskann
pg-diskann,100000,1,w2_50,496,6.541417,0.9,10,,label_aware_diskann
pg-diskann,100000,1,w2_50,152,7.878291,0.8,10,,label_aware_diskann
pg-diskann,100000,1,w2_50,381,6.198875,1.0,10,,label_aware_diskann
pg-diskann,100000,1,w2_50,115,6.678667,1.0,10,,label_aware_diskann
pg-diskann,100000,1,w2_50,186,7.591583,1.0,10,,label_aware_diskann
pg-diskann,100000,1,w2_50,235,6.434167,1.0,10,,label_aware_diskann
pg-diskann,100000,1,w2_50,289,7.813166,1.0,10,,label_aware_diskann
pg-diskann,100000,1,w2_50,459,8.93425,0.9,10,,label_aware_diskann
pg-diskann,100000,1,w2_50,878,7.702167,1.0,10,,label_aware_diskann
pg-diskann,100000,1,w2_50,398,5.934125,1.0,10,,label_aware_diskann
pg-diskann,100000,1,w2_50,365,6.77175,1.0,10,,label_aware_diskann
pg-diskann,100000,1,w2_50,801,6.282,1.0,10,,label_aware_diskann
pg-diskann,100000,1,w2_50,433,5.329917,1.0,10,,label_aware_diskann
pg-diskann,100000,1,w2_50,890,6.948959,1.0,10,,label_aware_diskann
pg-diskann,100000,1,w2_50,969,6.096875,0.9,10,,label_aware_diskann
pg-diskann,100000,1,w2_50,516,5.724792,1.0,10,,label_aware_diskann
pg-diskann,100000,1,w2_50,511,6.128083,1.0,10,,label_aware_diskann
pg-diskann,100000,1,w2_50,473,8.345791,1.0,10,,label_aware_diskann
pg-diskann,100000,1,w2_50,134,6.774625,0.6,10,,label_aware_diskann
pg-diskann,100000,1,w2_50,852,5.986625,1.0,10,,label_aware_diskann
pg-diskann,100000,1,w2_50,715,7.100375,1.0,10,,label_aware_diskann
pg-diskann,100000,1,w2_10,843,6.598125,1.0,10,,label_aware_diskann
pg-diskann,100000,1,w2_10,419,7.304292,0.8,10,,label_aware_diskann
pg-diskann,100000,1,w2_10,383,8.01675,1.0,10,,label_aware_diskann
pg-diskann,100000,1,w2_10,366,6.333083,1.0,10,,label_aware_diskann
pg-diskann,100000,1,w2_10,436,5.983875,0.9,10,,label_aware_diskann
pg-diskann,100000,1,w2_10,234,7.316333,1.0,10,,label_aware_diskann
pg-diskann,100000,1,w2_10,964,6.2725,1.0,10,,label_aware_diskann
pg-diskann,100000,1,w2_10,630,4.908416,1.0,10,,label_aware_diskann
pg-diskann,100000,1,w2_10,480,6.356584,0.8,10,,label_aware_diskann
pg-diskann,100000,1,w2_10,243,6.08625,1.0,10,,label_aware_diskann
pg-diskann,100000,1,w2_10,733,6.202417,1.0,10,,label_aware_diskann
pg-diskann,100000,1,w2_10,437,5.512833,1.0,10,,label_aware_diskann
pg-diskann,100000,1,w2_10,537,5.762541,0.9,10,,label_aware_diskann
pg-diskann,100000,1,w2_10,669,5.533417,0.9,10,,label_aware_diskann
pg-diskann,100000,1,w2_10,584,5.726667,1.0,10,,label_aware_diskann
pg-diskann,100000,1,w2_10,827,5.989333,1.0,10,,label_aware_diskann
pg-diskann,100000,1,w2_10,523,5.731792,0.9,10,,label_aware_diskann
pg-diskann,100000,1,w2_10,213,5.803667,0.9,10,,label_aware_diskann
pg-diskann,100000,1,w2_10,923,5.605875,1.0,10,,label_aware_diskann
pg-diskann,100000,1,w2_10,736,5.158208,1.0,10,,label_aware_diskann
pg-diskann,100000,1,w2_10,690,8.091167,1.0,10,,label_aware_diskann
pg-diskann,100000,1,w2_10,155,5.461625,1.0,10,,label_aware_diskann
pg-diskann,100000,1,w2_10,909,5.006083,1.0,10,,label_aware_diskann
pg-diskann,100000,1,w2_10,663,5.105167,0.9,10,,label_aware_diskann
pg-diskann,100000,1,w2_10,971,5.597708,1.0,10,,label_aware_diskann
pg-diskann,100000,1,w2_10,868,5.350792,1.0,10,,label_aware_diskann
pg-diskann,100000,1,w2_10,321,5.764625,1.0,10,,label_aware_diskann
pg-diskann,100000,1,w2_10,914,6.227917,1.0,10,,label_aware_diskann
pg-diskann,100000,1,w2_10,620,5.539708,1.0,10,,label_aware_diskann
pg-diskann,100000,1,w2_10,297,5.509166,0.9,10,,label_aware_diskann
pg-diskann,100000,1,w2_10,180,6.965084,1.0,10,,label_aware_diskann
pg-diskann,100000,1,w2_10,283,6.140667,1.0,10,,label_aware_diskann
pg-diskann,100000,1,w2_10,845,5.902,1.0,10,,label_aware_diskann
pg-diskann,100000,1,w2_10,142,5.59675,1.0,10,,label_aware_diskann
pg-diskann,100000,1,w2_10,126,5.26875,1.0,10,,label_aware_diskann
pg-diskann,100000,1,w2_10,748,5.879916,0.9,10,,label_aware_diskann
pg-diskann,100000,1,w2_10,501,5.834709,1.0,10,,label_aware_diskann
pg-diskann,100000,1,w2_10,508,5.275625,1.0,10,,label_aware_diskann
pg-diskann,100000,1,w2_10,711,4.635792,1.0,10,,label_aware_diskann
pg-diskann,100000,1,w2_10,854,5.6065,0.8,10,,label_aware_diskann
pg-diskann,100000,1,w2_10,464,5.175834,0.9,10,,label_aware_diskann
pg-diskann,100000,1,w2_10,979,5.4095,0.9,10,,label_aware_diskann
pg-diskann,100000,1,w2_10,760,7.196625,1.0,10,,label_aware_diskann
pg-diskann,100000,1,w2_10,945,8.558583,0.6,10,,label_aware_diskann
pg-diskann,100000,1,w2_10,397,6.880833,1.0,10,,label_aware_diskann
pg-diskann,100000,1,w2_10,158,6.939625,1.0,10,,label_aware_diskann
pg-diskann,100000,1,w2_10,980,5.851041,1.0,10,,label_aware_diskann
pg-diskann,100000,1,w2_10,660,5.293709,1.0,10,,label_aware_diskann
pg-diskann,100000,1,w2_10,361,6.682083,0.9,10,,label_aware_diskann
pg-diskann,100000,1,w2_10,477,7.399208,1.0,10,,label_aware_diskann
pg-diskann,100000,1,w2_10,624,4.942125,1.0,10,,label_aware_diskann
pg-diskann,100000,1,w2_10,703,5.670583,1.0,10,,label_aware_diskann
pg-diskann,100000,1,w2_10,796,6.696333,0.7,10,,label_aware_diskann
pg-diskann,100000,1,w2_10,930,8.125833,0.6,10,,label_aware_diskann
pg-diskann,100000,1,w2_10,495,5.338833,0.9,10,,label_aware_diskann
pg-diskann,100000,1,w2_10,591,6.809334,1.0,10,,label_aware_diskann
pg-diskann,100000,1,w2_10,257,7.004,0.9,10,,label_aware_diskann
pg-diskann,100000,1,w2_10,869,6.983291,0.9,10,,label_aware_diskann
pg-diskann,100000,1,w2_10,459,7.03925,0.9,10,,label_aware_diskann
pg-diskann,100000,1,w2_10,281,5.535,1.0,10,,label_aware_diskann
pg-diskann,100000,1,w2_10,318,6.210667,0.9,10,,label_aware_diskann
pg-diskann,100000,1,w2_10,399,5.973917,1.0,10,,label_aware_diskann
pg-diskann,100000,1,w2_10,274,5.994125,0.9,10,,label_aware_diskann
pg-diskann,100000,1,w2_10,309,6.05225,1.0,10,,label_aware_diskann
pg-diskann,100000,1,w2_10,468,6.42875,1.0,10,,label_aware_diskann
pg-diskann,100000,1,w2_10,576,6.3665,0.7,10,,label_aware_diskann
pg-diskann,100000,1,w2_10,434,6.5825,1.0,10,,label_aware_diskann
pg-diskann,100000,1,w2_10,154,6.125208,1.0,10,,label_aware_diskann
pg-diskann,100000,1,w2_10,451,5.219584,1.0,10,,label_aware_diskann
pg-diskann,100000,1,w2_10,955,5.989542,1.0,10,,label_aware_diskann
pg-diskann,100000,1,w2_10,870,7.022875,1.0,10,,label_aware_diskann
pg-diskann,100000,1,w2_10,962,8.152542,1.0,10,,label_aware_diskann
pg-diskann,100000,1,w2_10,885,6.427792,0.9,10,,label_aware_diskann
pg-diskann,100000,1,w2_10,542,6.570125,0.9,10,,label_aware_diskann
pg-diskann,100000,1,w2_10,125,7.408875,1.0,10,,label_aware_diskann
pg-diskann,100000,1,w2_10,178,5.456375,1.0,10,,label_aware_diskann
pg-diskann,100000,1,w2_10,977,5.391625,1.0,10,,label_aware_diskann
pg-diskann,100000,1,w2_10,615,6.759916,1.0,10,,label_aware_diskann
pg-diskann,100000,1,w2_10,406,5.679417,1.0,10,,label_aware_diskann
pg-diskann,100000,1,w2_10,541,6.32325,1.0,10,,label_aware_diskann
pg-diskann,100000,1,w2_10,993,5.539083,1.0,10,,label_aware_diskann
pg-diskann,100000,1,w2_10,206,6.394541,0.8,10,,label_aware_diskann
pg-diskann,100000,1,w2_10,288,6.498417,1.0,10,,label_aware_diskann
pg-diskann,100000,1,w2_10,558,7.182416,0.9,10,,label_aware_diskann
pg-diskann,100000,1,w2_10,411,10.468625,0.9,10,,label_aware_diskann
pg-diskann,100000,1,w2_10,216,6.570875,1.0,10,,label_aware_diskann
pg-diskann,100000,1,w2_10,695,6.522625,0.8,10,,label_aware_diskann
pg-diskann,100000,1,w2_10,782,6.243291,1.0,10,,label_aware_diskann
pg-diskann,100000,1,w2_10,852,6.540917,1.0,10,,label_aware_diskann
pg-diskann,100000,1,w2_10,654,6.773375,1.0,10,,label_aware_diskann
pg-diskann,100000,1,w2_10,744,6.674167,1.0,10,,label_aware_diskann
pg-diskann,100000,1,w2_10,225,7.169084,1.0,10,,label_aware_diskann
pg-diskann,100000,1,w2_10,202,6.356292,1.0,10,,label_aware_diskann
pg-diskann,100000,1,w2_10,470,6.417834,1.0,10,,label_aware_diskann
pg-diskann,100000,1,w2_10,804,6.099042,1.0,10,,label_aware_diskann
pg-diskann,100000,1,w2_10,265,6.269833,1.0,10,,label_aware_diskann
pg-diskann,100000,1,w2_10,675,5.985292,1.0,10,,label_aware_diskann
pg-diskann,100000,1,w2_10,465,5.876167,0.5,10,,label_aware_diskann
pg-diskann,100000,1,w2_10,803,6.109375,1.0,10,,label_aware_diskann
pg-diskann,100000,1,w2_10,956,5.960292,0.4,10,,label_aware_diskann
pg-diskann,100000,1,w2_10,239,8.525042,0.8,10,,label_aware_diskann
pg-diskann,100000,1,w2_10,761,6.559041,1.0,10,,label_aware_diskann
pg-diskann,100000,1,w2_10,881,6.1675,1.0,10,,label_aware_diskann
pg-diskann,100000,1,w2_10,536,6.707708,1.0,10,,label_aware_diskann
pg-diskann,100000,1,w2_10,915,8.006792,1.0,10,,label_aware_diskann
pg-diskann,100000,1,w2_10,324,7.622042,0.6,10,,label_aware_diskann
pg-diskann,100000,1,w2_10,128,6.454,1.0,10,,label_aware_diskann
pg-diskann,100000,1,w2_10,241,5.899291,0.9,10,,label_aware_diskann
pg-diskann,100000,1,w2_10,428,6.352334,1.0,10,,label_aware_diskann
pg-diskann,100000,1,w2_10,486,6.070333,0.8,10,,label_aware_diskann
pg-diskann,100000,1,w2_10,570,5.916542,1.0,10,,label_aware_diskann
pg-diskann,100000,1,w2_10,593,10.8565,0.7,10,,label_aware_diskann
pg-diskann,100000,1,w2_10,618,7.087209,1.0,10,,label_aware_diskann
pg-diskann,100000,1,w2_10,989,9.799333,1.0,10,,label_aware_diskann
pg-diskann,100000,1,w2_10,242,7.162125,1.0,10,,label_aware_diskann
pg-diskann,100000,1,w2_10,683,5.415625,1.0,10,,label_aware_diskann
pg-diskann,100000,1,w2_10,802,5.718292,1.0,10,,label_aware_diskann
pg-diskann,100000,1,w2_10,113,6.618417,1.0,10,,label_aware_diskann
pg-diskann,100000,1,w2_10,613,8.163292,1.0,10,,label_aware_diskann
pg-diskann,100000,1,w2_10,585,5.729417,1.0,10,,label_aware_diskann
pg-diskann,100000,1,w2_10,568,6.609542,1.0,10,,label_aware_diskann
pg-diskann,100000,1,w2_10,522,6.591375,1.0,10,,label_aware_diskann
pg-diskann,100000,1,w2_10,788,7.53375,0.9,10,,label_aware_diskann
pg-diskann,100000,1,w2_10,139,5.754125,1.0,10,,label_aware_diskann
pg-diskann,100000,1,w2_10,947,6.638125,1.0,10,,label_aware_diskann
pg-diskann,100000,1,w2_10,931,8.222584,1.0,10,,label_aware_diskann
pg-diskann,100000,1,w2_10,313,7.733916,1.0,10,,label_aware_diskann
pg-diskann,100000,1,w2_10,713,6.639292,1.0,10,,label_aware_diskann
pg-diskann,100000,1,w2_10,481,6.132166,0.7,10,,label_aware_diskann
pg-diskann,100000,1,w2_10,853,6.757208,0.7,10,,label_aware_diskann
pg-diskann,100000,1,w2_10,260,6.258916,1.0,10,,label_aware_diskann
pg-diskann,100000,1,w2_10,261,7.517792,1.0,10,,label_aware_diskann
pg-diskann,100000,1,w2_10,161,6.847,1.0,10,,label_aware_diskann
pg-diskann,100000,1,w2_10,895,6.752042,1.0,10,,label_aware_diskann
pg-diskann,100000,1,w2_10,331,5.936708,1.0,10,,label_aware_diskann
pg-diskann,100000,1,w2_10,503,5.795084,1.0,10,,label_aware_diskann
pg-diskann,100000,1,w2_10,168,8.100958,1.0,10,,label_aware_diskann
pg-diskann,100000,1,w2_10,111,5.907584,1.0,10,,label_aware_diskann
pg-diskann,100000,1,w2_10,515,5.386917,1.0,10,,label_aware_diskann
pg-diskann,100000,1,w2_10,776,6.12,0.9,10,,label_aware_diskann
pg-diskann,100000,1,w2_10,298,5.993,1.0,10,,label_aware_diskann
pg-diskann,100000,1,w2_10,875,7.861583,1.0,10,,label_aware_diskann
pg-diskann,100000,1,w2_10,769,8.192875,1.0,10,,label_aware_diskann
pg-diskann,100000,1,w2_10,258,6.104584,1.0,10,,label_aware_diskann
pg-diskann,100000,1,w2_10,218,6.206666,1.0,10,,label_aware_diskann
pg-diskann,100000,1,w2_10,394,7.489584,0.7,10,,label_aware_diskann
pg-diskann,100000,1,w2_10,112,6.931166,0.8,10,,label_aware_diskann
pg-diskann,100000,1,w2_10,867,5.875083,1.0,10,,label_aware_diskann
pg-diskann,100000,1,w2_10,934,4.895042,1.0,10,,label_aware_diskann
pg-diskann,100000,1,w2_10,614,6.672084,0.9,10,,label_aware_diskann
pg-diskann,100000,1,w2_10,678,7.711584,0.9,10,,label_aware_diskann
pg-diskann,100000,1,w2_10,372,6.307167,1.0,10,,label_aware_diskann
pg-diskann,100000,1,w2_10,210,6.446209,0.9,10,,label_aware_diskann
pg-diskann,100000,1,w2_10,425,6.482583,1.0,10,,label_aware_diskann
pg-diskann,100000,1,w2_10,339,6.484125,1.0,10,,label_aware_diskann
pg-diskann,100000,1,w2_10,566,7.065667,0.9,10,,label_aware_diskann
pg-diskann,100000,1,w2_10,780,8.665209,1.0,10,,label_aware_diskann
pg-diskann,100000,1,w2_10,557,8.673584,1.0,10,,label_aware_diskann
pg-diskann,100000,1,w2_10,186,7.59225,1.0,10,,label_aware_diskann
pg-diskann,100000,1,w2_10,708,7.983084,1.0,10,,label_aware_diskann
pg-diskann,100000,1,w2_10,279,6.098792,1.0,10,,label_aware_diskann
pg-diskann,100000,1,w2_10,617,5.724208,1.0,10,,label_aware_diskann
pg-diskann,100000,1,w2_10,294,6.249959,1.0,10,,label_aware_diskann
pg-diskann,100000,1,w2_10,356,5.591208,1.0,10,,label_aware_diskann
pg-diskann,100000,1,w2_10,105,5.937334,0.8,10,,label_aware_diskann
pg-diskann,100000,1,w2_10,525,5.547417,1.0,10,,label_aware_diskann
pg-diskann,100000,1,w2_10,808,5.353333,1.0,10,,label_aware_diskann
pg-diskann,100000,1,w2_10,880,6.17125,0.8,10,,label_aware_diskann
pg-diskann,100000,1,w2_10,758,6.199666,1.0,10,,label_aware_diskann
pg-diskann,100000,1,w2_10,330,5.679875,1.0,10,,label_aware_diskann
pg-diskann,100000,1,w2_10,699,5.357167,1.0,10,,label_aware_diskann
pg-diskann,100000,1,w2_10,273,5.122209,1.0,10,,label_aware_diskann
pg-diskann,100000,1,w2_10,879,6.666541,1.0,10,,label_aware_diskann
pg-diskann,100000,1,w2_10,749,5.154167,1.0,10,,label_aware_diskann
pg-diskann,100000,1,w2_10,851,5.496833,1.0,10,,label_aware_diskann
pg-diskann,100000,1,w2_10,812,5.083209,1.0,10,,label_aware_diskann
pg-diskann,100000,1,w2_10,625,5.493666,1.0,10,,label_aware_diskann
pg-diskann,100000,1,w2_10,752,5.05675,1.0,10,,label_aware_diskann
pg-diskann,100000,1,w2_10,509,6.291708,0.9,10,,label_aware_diskann
pg-diskann,100000,1,w2_10,913,6.165125,0.9,10,,label_aware_diskann
pg-diskann,100000,1,w2_10,317,6.864917,1.0,10,,label_aware_diskann
pg-diskann,100000,1,w2_10,685,5.732375,0.7,10,,label_aware_diskann
pg-diskann,100000,1,w2_10,198,5.4605,0.9,10,,label_aware_diskann
pg-diskann,100000,1,w2_10,961,4.78875,1.0,10,,label_aware_diskann
pg-diskann,100000,1,w2_10,877,4.971083,1.0,10,,label_aware_diskann
pg-diskann,100000,1,w2_10,766,5.072959,1.0,10,,label_aware_diskann
pg-diskann,100000,1,w2_10,420,5.509167,0.9,10,,label_aware_diskann
pg-diskann,100000,1,w2_10,835,5.2615,1.0,10,,label_aware_diskann
pg-diskann,100000,1,w2_10,427,5.5555,0.6,10,,label_aware_diskann
pg-diskann,100000,1,w2_10,271,5.151459,1.0,10,,label_aware_diskann
pg-diskann,100000,1,w2_10,807,5.239292,1.0,10,,label_aware_diskann
pg-diskann,100000,1,w2_10,467,5.421209,1.0,10,,label_aware_diskann
pg-diskann,100000,1,w2_10,595,5.437042,1.0,10,,label_aware_diskann
pg-diskann,100000,1,w2_10,966,5.549834,0.9,10,,label_aware_diskann
pg-diskann,100000,1,w2_10,562,5.215083,1.0,10,,label_aware_diskann
pg-diskann,100000,1,w2_10,405,5.092375,0.9,10,,label_aware_diskann
pg-diskann,100000,1,w2_10,684,4.186667,1.0,10,,label_aware_diskann
pg-diskann,100000,1,w2_10,970,6.64225,1.0,10,,label_aware_diskann
pg-diskann,100000,1,w2_10,933,7.0485,0.9,10,,label_aware_diskann
pg-diskann,100000,1,w2_10,815,5.889458,0.9,10,,label_aware_diskann
pg-diskann,100000,1,w2_10,604,4.467042,1.0,10,,label_aware_diskann
pg-diskann,100000,1,w2_10,544,6.049417,1.0,10,,label_aware_diskann
pg-diskann,100000,1,w2_10,597,5.784958,1.0,10,,label_aware_diskann
pg-diskann,100000,1,w2_10,446,8.298417,1.0,10,,label_aware_diskann
pg-diskann,100000,1,w2_10,177,8.806666,1.0,10,,label_aware_diskann
pg-diskann,100000,1,w2_10,106,6.882959,1.0,10,,label_aware_diskann
pg-diskann,100000,1,w2_10,364,8.718417,0.8,10,,label_aware_diskann
pg-diskann,100000,1,w2_10,720,7.271333,1.0,10,,label_aware_diskann
pg-diskann,100000,1,w2_10,376,10.179,0.9,10,,label_aware_diskann
pg-diskann,100000,1,w2_10,190,8.232041,1.0,10,,label_aware_diskann
pg-diskann,100000,1,w2_10,836,6.212542,0.9,10,,label_aware_diskann
pg-diskann,100000,1,w2_10,457,7.302458,1.0,10,,label_aware_diskann
pg-diskann,100000,1,w2_10,138,7.434583,1.0,10,,label_aware_diskann
pg-diskann,100000,1,w2_10,716,5.298833,1.0,10,,label_aware_diskann
pg-diskann,100000,1,w2_10,949,5.95025,1.0,10,,label_aware_diskann
pg-diskann,100000,1,w2_10,636,7.84975,1.0,10,,label_aware_diskann
pg-diskann,100000,1,w2_10,314,11.249208,0.7,10,,label_aware_diskann
pg-diskann,100000,1,w2_10,422,5.9815,1.0,10,,label_aware_diskann
pg-diskann,100000,1,w2_10,506,7.043042,1.0,10,,label_aware_diskann
pg-diskann,100000,1,w2_10,458,6.625584,1.0,10,,label_aware_diskann
pg-diskann,100000,1,w2_10,159,5.993917,0.8,10,,label_aware_diskann
pg-diskann,100000,1,w2_10,172,6.218542,0.9,10,,label_aware_diskann
pg-diskann,100000,1,w2_10,939,10.355458,1.0,10,,label_aware_diskann
pg-diskann,100000,1,w2_10,482,6.44975,0.9,10,,label_aware_diskann
pg-diskann,100000,1,w2_10,926,6.249458,0.9,10,,label_aware_diskann
pg-diskann,100000,1,w2_10,295,6.496542,1.0,10,,label_aware_diskann
pg-diskann,100000,1,w2_10,773,6.537667,0.9,10,,label_aware_diskann
pg-diskann,100000,1,w2_10,639,6.69075,1.0,10,,label_aware_diskann
pg-diskann,100000,1,w2_10,117,5.447875,1.0,10,,label_aware_diskann
pg-diskann,100000,1,w2_10,741,5.971125,1.0,10,,label_aware_diskann
pg-diskann,100000,1,w2_10,395,6.406584,1.0,10,,label_aware_diskann
pg-diskann,100000,1,w2_10,240,5.842375,1.0,10,,label_aware_diskann
pg-diskann,100000,1,w2_10,592,6.785333,0.9,10,,label_aware_diskann
pg-diskann,100000,1,w2_10,315,6.940959,0.9,10,,label_aware_diskann
pg-diskann,100000,1,w2_10,521,6.349125,1.0,10,,label_aware_diskann
pg-diskann,100000,1,w2_10,423,5.842041,1.0,10,,label_aware_diskann
pg-diskann,100000,1,w2_10,237,9.284833,1.0,10,,label_aware_diskann
pg-diskann,100000,1,w2_10,432,6.521292,0.9,10,,label_aware_diskann
pg-diskann,100000,1,w2_10,441,7.74875,0.7,10,,label_aware_diskann
pg-diskann,100000,1,w2_10,693,6.071834,1.0,10,,label_aware_diskann
pg-diskann,100000,1,w2_10,646,6.247,1.0,10,,label_aware_diskann
pg-diskann,100000,1,w2_10,887,6.50575,1.0,10,,label_aware_diskann
pg-diskann,100000,1,w2_10,539,6.417625,1.0,10,,label_aware_diskann
pg-diskann,100000,1,w2_10,343,6.640416,0.9,10,,label_aware_diskann
pg-diskann,100000,1,w2_10,408,5.737041,1.0,10,,label_aware_diskann
pg-diskann,100000,1,w2_10,371,5.727917,1.0,10,,label_aware_diskann
pg-diskann,100000,1,w2_10,841,6.2135,1.0,10,,label_aware_diskann
pg-diskann,100000,1,w2_10,779,5.537333,1.0,10,,label_aware_diskann
pg-diskann,100000,1,w2_10,605,6.841625,1.0,10,,label_aware_diskann
pg-diskann,100000,1,w2_10,417,5.746208,1.0,10,,label_aware_diskann
pg-diskann,100000,1,w2_10,952,5.396167,1.0,10,,label_aware_diskann
pg-diskann,100000,1,w2_10,476,7.975833,0.8,10,,label_aware_diskann
pg-diskann,100000,1,w2_10,374,6.481916,1.0,10,,label_aware_diskann
pg-diskann,100000,1,w2_10,958,5.877417,1.0,10,,label_aware_diskann
pg-diskann,100000,1,w2_10,857,5.466,1.0,10,,label_aware_diskann
pg-diskann,100000,1,w2_10,661,5.321125,1.0,10,,label_aware_diskann
pg-diskann,100000,1,w2_10,899,5.404583,1.0,10,,label_aware_diskann
pg-diskann,100000,1,w2_10,244,7.487541,1.0,10,,label_aware_diskann
pg-diskann,100000,1,w2_10,860,6.114041,1.0,10,,label_aware_diskann
pg-diskann,100000,1,w2_10,474,6.896583,1.0,10,,label_aware_diskann
pg-diskann,100000,1,w2_10,866,7.832625,0.9,10,,label_aware_diskann
pg-diskann,100000,1,w2_10,904,9.622916,0.9,10,,label_aware_diskann
pg-diskann,100000,1,w2_10,312,7.493333,1.0,10,,label_aware_diskann
pg-diskann,100000,1,w2_10,107,6.514791,1.0,10,,label_aware_diskann
pg-diskann,100000,1,w2_10,325,6.202583,0.7,10,,label_aware_diskann
pg-diskann,100000,1,w2_10,677,6.710667,1.0,10,,label_aware_diskann
pg-diskann,100000,1,w2_10,905,8.714833,1.0,10,,label_aware_diskann
pg-diskann,100000,1,w2_10,502,6.480667,1.0,10,,label_aware_diskann
pg-diskann,100000,1,w2_10,611,6.320041,1.0,10,,label_aware_diskann
pg-diskann,100000,1,w2_10,817,7.05225,1.0,10,,label_aware_diskann
pg-diskann,100000,1,w2_10,421,5.983666,0.9,10,,label_aware_diskann
pg-diskann,100000,1,w2_10,825,6.123334,1.0,10,,label_aware_diskann
pg-diskann,100000,1,w2_10,560,6.839,1.0,10,,label_aware_diskann
pg-diskann,100000,1,w2_10,316,6.41925,1.0,10,,label_aware_diskann
pg-diskann,100000,1,w2_10,473,5.853625,1.0,10,,label_aware_diskann
pg-diskann,100000,1,w2_10,212,5.510333,1.0,10,,label_aware_diskann
pg-diskann,100000,1,w2_10,671,9.101166,0.9,10,,label_aware_diskann
pg-diskann,100000,1,w2_10,680,6.108917,1.0,10,,label_aware_diskann
pg-diskann,100000,1,w2_10,692,5.629834,1.0,10,,label_aware_diskann
pg-diskann,100000,1,w2_10,304,5.995666,1.0,10,,label_aware_diskann
pg-diskann,100000,1,w2_10,674,5.64475,1.0,10,,label_aware_diskann
pg-diskann,100000,1,w2_10,285,6.447291,1.0,10,,label_aware_diskann
pg-diskann,100000,1,w2_10,303,8.595875,1.0,10,,label_aware_diskann
pg-diskann,100000,1,w2_10,791,6.366084,0.9,10,,label_aware_diskann
pg-diskann,100000,1,w2_10,666,5.5365,1.0,10,,label_aware_diskann
pg-diskann,100000,1,w2_10,507,6.402292,1.0,10,,label_aware_diskann
pg-diskann,100000,1,w2_10,896,9.513542,0.5,10,,label_aware_diskann
pg-diskann,100000,1,w2_10,302,6.517875,1.0,10,,label_aware_diskann
pg-diskann,100000,1,w2_10,221,5.112459,1.0,10,,label_aware_diskann
pg-diskann,100000,1,w2_10,686,5.6815,0.6,10,,label_aware_diskann
pg-diskann,100000,1,w2_10,701,6.21675,1.0,10,,label_aware_diskann
pg-diskann,100000,1,w2_10,588,5.331083,0.8,10,,label_aware_diskann
pg-diskann,100000,1,w2_10,725,5.084083,1.0,10,,label_aware_diskann
pg-diskann,100000,1,w2_10,192,6.389958,0.9,10,,label_aware_diskann
pg-diskann,100000,1,w2_10,572,6.869166,1.0,10,,label_aware_diskann
pg-diskann,100000,1,w2_10,668,5.962709,1.0,10,,label_aware_diskann
pg-diskann,100000,1,w2_10,344,5.273792,1.0,10,,label_aware_diskann
pg-diskann,100000,1,w2_10,828,5.296709,1.0,10,,label_aware_diskann
pg-diskann,100000,1,w2_10,513,7.151292,1.0,10,,label_aware_diskann
pg-diskann,100000,1,w2_10,609,6.208459,1.0,10,,label_aware_diskann
pg-diskann,100000,1,w2_10,100,5.325584,1.0,10,,label_aware_diskann
pg-diskann,100000,1,w2_10,136,5.317709,1.0,10,,label_aware_diskann
pg-diskann,100000,1,w2_10,263,6.903625,0.9,10,,label_aware_diskann
pg-diskann,100000,1,w2_10,855,5.67175,1.0,10,,label_aware_diskann
pg-diskann,100000,1,w2_10,742,6.440875,1.0,10,,label_aware_diskann
pg-diskann,100000,1,w2_10,616,8.78175,1.0,10,,label_aware_diskann
pg-diskann,100000,1,w2_10,770,7.032667,0.7,10,,label_aware_diskann
pg-diskann,100000,1,w2_10,197,7.233792,1.0,10,,label_aware_diskann
pg-diskann,100000,1,w2_10,664,7.515583,0.9,10,,label_aware_diskann
pg-diskann,100000,1,w2_10,715,8.109125,1.0,10,,label_aware_diskann
pg-diskann,100000,1,w2_10,431,8.981959,1.0,10,,label_aware_diskann
pg-diskann,100000,1,w2_10,924,7.47575,1.0,10,,label_aware_diskann
pg-diskann,100000,1,w2_10,175,8.232709,0.9,10,,label_aware_diskann
pg-diskann,100000,1,w2_10,388,6.477208,1.0,10,,label_aware_diskann
pg-diskann,100000,1,w2_10,689,5.826958,1.0,10,,label_aware_diskann
pg-diskann,100000,1,w2_10,370,6.547792,0.8,10,,label_aware_diskann
pg-diskann,100000,1,w2_10,987,5.865416,0.9,10,,label_aware_diskann
pg-diskann,100000,1,w2_10,642,5.197,0.9,10,,label_aware_diskann
pg-diskann,100000,1,w2_10,954,5.545458,0.9,10,,label_aware_diskann
pg-diskann,100000,1,w2_10,606,4.527792,1.0,10,,label_aware_diskann
pg-diskann,100000,1,w2_10,994,6.175375,0.9,10,,label_aware_diskann
pg-diskann,100000,1,w2_10,967,5.027458,1.0,10,,label_aware_diskann
pg-diskann,100000,1,w2_10,254,6.069666,0.7,10,,label_aware_diskann
pg-diskann,100000,1,w2_10,148,5.762125,0.8,10,,label_aware_diskann
pg-diskann,100000,1,w2_10,246,5.282667,0.7,10,,label_aware_diskann
pg-diskann,100000,1,w2_10,547,6.063458,0.9,10,,label_aware_diskann
pg-diskann,100000,1,w2_10,712,5.299166,0.9,10,,label_aware_diskann
pg-diskann,100000,1,w2_10,453,5.15125,0.9,10,,label_aware_diskann
pg-diskann,100000,1,w2_10,925,7.141084,0.9,10,,label_aware_diskann
pg-diskann,100000,1,w2_10,619,5.2385,1.0,10,,label_aware_diskann
pg-diskann,100000,1,w2_10,137,6.4945,1.0,10,,label_aware_diskann
pg-diskann,100000,1,w2_10,351,4.723875,0.9,10,,label_aware_diskann
pg-diskann,100000,1,w2_10,694,5.397791,1.0,10,,label_aware_diskann
pg-diskann,100000,1,w2_10,746,5.259292,1.0,10,,label_aware_diskann
pg-diskann,100000,1,w2_10,578,5.028459,1.0,10,,label_aware_diskann
pg-diskann,100000,1,w2_10,363,6.720166,0.9,10,,label_aware_diskann
pg-diskann,100000,1,w2_10,301,5.89125,1.0,10,,label_aware_diskann
pg-diskann,100000,1,w2_10,426,8.332209,0.9,10,,label_aware_diskann
pg-diskann,100000,1,w2_10,732,5.941208,1.0,10,,label_aware_diskann
pg-diskann,100000,1,w2_10,169,4.958083,1.0,10,,label_aware_diskann
pg-diskann,100000,1,w2_10,460,7.312834,0.9,10,,label_aware_diskann
pg-diskann,100000,1,w2_10,326,4.77625,1.0,10,,label_aware_diskann
pg-diskann,100000,1,w2_10,494,4.628208,1.0,10,,label_aware_diskann
pg-diskann,100000,1,w2_10,433,6.425667,1.0,10,,label_aware_diskann
pg-diskann,100000,1,w2_10,735,5.224375,1.0,10,,label_aware_diskann
pg-diskann,100000,1,w2_10,633,6.803083,1.0,10,,label_aware_diskann
pg-diskann,100000,1,w2_10,579,5.907666,0.9,10,,label_aware_diskann
pg-diskann,100000,1,w2_10,648,5.358708,0.8,10,,label_aware_diskann
pg-diskann,100000,1,w2_10,756,5.51,1.0,10,,label_aware_diskann
pg-diskann,100000,1,w2_10,728,10.859917,1.0,10,,label_aware_diskann
pg-diskann,100000,1,w2_10,556,16.541584,0.9,10,,label_aware_diskann
pg-diskann,100000,1,w2_10,337,16.665041,1.0,10,,label_aware_diskann
pg-diskann,100000,1,w2_10,548,14.23425,1.0,10,,label_aware_diskann
pg-diskann,100000,1,w2_10,634,9.123959,0.9,10,,label_aware_diskann
pg-diskann,100000,1,w2_10,861,11.179583,0.9,10,,label_aware_diskann
pg-diskann,100000,1,w2_10,195,7.749625,1.0,10,,label_aware_diskann
pg-diskann,100000,1,w2_10,203,7.201375,1.0,10,,label_aware_diskann
pg-diskann,100000,1,w2_10,740,6.500917,1.0,10,,label_aware_diskann
pg-diskann,100000,1,w2_10,799,6.916458,1.0,10,,label_aware_diskann
pg-diskann,100000,1,w2_10,226,7.226875,1.0,10,,label_aware_diskann
pg-diskann,100000,1,w2_10,306,7.529917,0.9,10,,label_aware_diskann
pg-diskann,100000,1,w2_10,191,6.631,0.9,10,,label_aware_diskann
pg-diskann,100000,1,w2_10,957,5.68575,0.9,10,,label_aware_diskann
pg-diskann,100000,1,w2_10,380,7.354667,0.9,10,,label_aware_diskann
pg-diskann,100000,1,w2_10,629,7.588916,0.5,10,,label_aware_diskann
pg-diskann,100000,1,w2_10,717,7.444334,1.0,10,,label_aware_diskann
pg-diskann,100000,1,w2_10,282,6.165292,1.0,10,,label_aware_diskann
pg-diskann,100000,1,w2_10,847,7.254375,1.0,10,,label_aware_diskann
pg-diskann,100000,1,w2_10,479,5.843708,1.0,10,,label_aware_diskann
pg-diskann,100000,1,w2_10,176,5.996708,1.0,10,,label_aware_diskann
pg-diskann,100000,1,w2_10,144,7.179333,1.0,10,,label_aware_diskann
pg-diskann,100000,1,w2_10,367,5.582917,0.9,10,,label_aware_diskann
pg-diskann,100000,1,w2_10,627,7.661625,0.7,10,,label_aware_diskann
pg-diskann,100000,1,w2_10,655,7.19375,1.0,10,,label_aware_diskann
pg-diskann,100000,1,w2_10,196,6.821625,0.9,10,,label_aware_diskann
pg-diskann,100000,1,w2_10,719,7.513208,0.9,10,,label_aware_diskann
pg-diskann,100000,1,w2_10,565,6.540083,1.0,10,,label_aware_diskann
pg-diskann,100000,1,w2_10,183,5.895125,0.8,10,,label_aware_diskann
pg-diskann,100000,1,w2_10,551,7.104959,1.0,10,,label_aware_diskann
pg-diskann,100000,1,w2_10,269,6.514833,0.9,10,,label_aware_diskann
pg-diskann,100000,1,w2_10,469,7.869959,0.8,10,,label_aware_diskann
pg-diskann,100000,1,w2_10,329,6.068708,1.0,10,,label_aware_diskann
pg-diskann,100000,1,w2_10,334,6.771708,0.8,10,,label_aware_diskann
pg-diskann,100000,1,w2_10,922,6.597125,1.0,10,,label_aware_diskann
pg-diskann,100000,1,w2_10,466,7.012542,1.0,10,,label_aware_diskann
pg-diskann,100000,1,w2_10,936,7.026667,1.0,10,,label_aware_diskann
pg-diskann,100000,1,w2_10,341,6.371792,1.0,10,,label_aware_diskann
pg-diskann,100000,1,w2_10,276,6.8035,0.9,10,,label_aware_diskann
pg-diskann,100000,1,w2_10,911,11.732708,1.0,10,,label_aware_diskann
pg-diskann,100000,1,w2_10,622,14.308958,0.9,10,,label_aware_diskann
pg-diskann,100000,1,w2_10,287,9.157208,0.9,10,,label_aware_diskann
pg-diskann,100000,1,w2_10,638,7.543833,1.0,10,,label_aware_diskann
pg-diskann,100000,1,w2_10,348,5.977375,1.0,10,,label_aware_diskann
pg-diskann,100000,1,w2_10,355,7.126459,1.0,10,,label_aware_diskann
pg-diskann,100000,1,w2_10,378,6.658625,1.0,10,,label_aware_diskann
pg-diskann,100000,1,w2_10,493,6.286791,1.0,10,,label_aware_diskann
pg-diskann,100000,1,w2_10,308,6.721125,1.0,10,,label_aware_diskann
pg-diskann,100000,1,w2_10,820,6.728375,0.9,10,,label_aware_diskann
pg-diskann,100000,1,w2_10,672,6.180334,1.0,10,,label_aware_diskann
pg-diskann,100000,1,w2_10,704,6.375291,0.8,10,,label_aware_diskann
pg-diskann,100000,1,w2_10,299,6.566375,1.0,10,,label_aware_diskann
pg-diskann,100000,1,w2_10,792,5.979416,1.0,10,,label_aware_diskann
pg-diskann,100000,1,w2_10,171,6.066667,0.9,10,,label_aware_diskann
pg-diskann,100000,1,w2_10,555,7.345167,0.9,10,,label_aware_diskann
pg-diskann,100000,1,w2_10,612,7.155834,0.8,10,,label_aware_diskann
pg-diskann,100000,1,w2_10,336,6.338958,0.9,10,,label_aware_diskann
pg-diskann,100000,1,w2_10,706,6.594917,1.0,10,,label_aware_diskann
pg-diskann,100000,1,w2_10,146,5.763167,1.0,10,,label_aware_diskann
pg-diskann,100000,1,w2_10,659,6.217667,0.8,10,,label_aware_diskann
pg-diskann,100000,1,w2_10,204,7.430084,1.0,10,,label_aware_diskann
pg-diskann,100000,1,w2_10,768,6.970959,0.8,10,,label_aware_diskann
pg-diskann,100000,1,w2_10,217,6.057667,0.9,10,,label_aware_diskann
pg-diskann,100000,1,w2_10,972,6.179167,0.9,10,,label_aware_diskann
pg-diskann,100000,1,w2_10,135,7.148125,1.0,10,,label_aware_diskann
pg-diskann,100000,1,w2_10,963,6.499416,1.0,10,,label_aware_diskann
pg-diskann,100000,1,w2_10,882,9.124625,1.0,10,,label_aware_diskann
pg-diskann,100000,1,w2_10,965,8.900416,0.9,10,,label_aware_diskann
pg-diskann,100000,1,w2_10,920,7.166833,1.0,10,,label_aware_diskann
pg-diskann,100000,1,w2_10,153,7.886583,1.0,10,,label_aware_diskann
pg-diskann,100000,1,w2_10,656,5.824541,0.9,10,,label_aware_diskann
pg-diskann,100000,1,w2_10,162,6.129833,1.0,10,,label_aware_diskann
pg-diskann,100000,1,w2_10,496,6.934875,0.9,10,,label_aware_diskann
pg-diskann,100000,1,w2_10,826,6.523959,1.0,10,,label_aware_diskann
pg-diskann,100000,1,w2_10,230,8.030208,1.0,10,,label_aware_diskann
pg-diskann,100000,1,w2_10,359,6.151875,1.0,10,,label_aware_diskann
pg-diskann,100000,1,w2_10,485,6.307208,1.0,10,,label_aware_diskann
pg-diskann,100000,1,w2_10,170,6.304542,0.8,10,,label_aware_diskann
pg-diskann,100000,1,w2_10,781,6.364125,1.0,10,,label_aware_diskann
pg-diskann,100000,1,w2_10,608,5.900042,0.9,10,,label_aware_diskann
pg-diskann,100000,1,w2_10,151,7.890875,1.0,10,,label_aware_diskann
pg-diskann,100000,1,w2_10,842,8.055125,1.0,10,,label_aware_diskann
pg-diskann,100000,1,w2_10,418,6.350667,0.9,10,,label_aware_diskann
pg-diskann,100000,1,w2_10,651,6.053708,1.0,10,,label_aware_diskann
pg-diskann,100000,1,w2_10,731,6.868833,1.0,10,,label_aware_diskann
pg-diskann,100000,1,w2_10,401,6.343208,0.9,10,,label_aware_diskann
pg-diskann,100000,1,w2_10,220,5.6275,0.8,10,,label_aware_diskann
pg-diskann,100000,1,w2_10,819,5.236042,1.0,10,,label_aware_diskann
pg-diskann,100000,1,w2_10,174,9.222875,1.0,10,,label_aware_diskann
pg-diskann,100000,1,w2_10,765,7.359209,1.0,10,,label_aware_diskann
pg-diskann,100000,1,w2_10,797,7.406708,1.0,10,,label_aware_diskann
pg-diskann,100000,1,w2_10,352,6.518458,1.0,10,,label_aware_diskann
pg-diskann,100000,1,w2_10,491,5.362667,1.0,10,,label_aware_diskann
pg-diskann,100000,1,w2_10,937,6.058125,1.0,10,,label_aware_diskann
pg-diskann,100000,1,w2_10,528,6.809792,1.0,10,,label_aware_diskann
pg-diskann,100000,1,w2_10,960,5.595916,1.0,10,,label_aware_diskann
pg-diskann,100000,1,w2_10,767,6.616334,0.9,10,,label_aware_diskann
pg-diskann,100000,1,w2_10,737,5.625459,1.0,10,,label_aware_diskann
pg-diskann,100000,1,w2_10,416,7.346542,1.0,10,,label_aware_diskann
pg-diskann,100000,1,w2_10,207,8.293667,1.0,10,,label_aware_diskann
pg-diskann,100000,1,w2_10,751,7.923958,1.0,10,,label_aware_diskann
pg-diskann,100000,1,w2_10,381,5.901208,1.0,10,,label_aware_diskann
pg-diskann,100000,1,w2_10,259,5.323375,1.0,10,,label_aware_diskann
pg-diskann,100000,1,w2_10,700,5.684708,0.9,10,,label_aware_diskann
pg-diskann,100000,1,w2_10,390,6.679916,1.0,10,,label_aware_diskann
pg-diskann,100000,1,w2_10,475,8.098917,1.0,10,,label_aware_diskann
pg-diskann,100000,1,w2_10,524,10.070125,0.7,10,,label_aware_diskann
pg-diskann,100000,1,w2_10,452,5.981042,1.0,10,,label_aware_diskann
pg-diskann,100000,1,w2_10,109,6.133667,1.0,10,,label_aware_diskann
pg-diskann,100000,1,w2_10,448,6.724625,1.0,10,,label_aware_diskann
pg-diskann,100000,1,w2_10,290,6.411625,0.9,10,,label_aware_diskann
pg-diskann,100000,1,w2_10,391,5.175667,0.9,10,,label_aware_diskann
pg-diskann,100000,1,w2_10,549,5.32275,1.0,10,,label_aware_diskann
pg-diskann,100000,1,w2_10,710,5.626167,1.0,10,,label_aware_diskann
pg-diskann,100000,1,w2_10,181,5.564084,1.0,10,,label_aware_diskann
pg-diskann,100000,1,w2_10,307,5.048625,1.0,10,,label_aware_diskann
pg-diskann,100000,1,w2_10,691,5.531834,1.0,10,,label_aware_diskann
pg-diskann,100000,1,w2_10,645,5.844542,0.9,10,,label_aware_diskann
pg-diskann,100000,1,w2_10,665,5.493,0.9,10,,label_aware_diskann
pg-diskann,100000,1,w2_10,832,5.090375,1.0,10,,label_aware_diskann
pg-diskann,100000,1,w2_10,823,4.9435,1.0,10,,label_aware_diskann
pg-diskann,100000,1,w2_10,912,5.5315,0.8,10,,label_aware_diskann
pg-diskann,100000,1,w2_10,543,6.207959,0.4,10,,label_aware_diskann
pg-diskann,100000,1,w2_10,610,5.442458,1.0,10,,label_aware_diskann
pg-diskann,100000,1,w2_10,224,5.554125,1.0,10,,label_aware_diskann
pg-diskann,100000,1,w2_10,935,6.023833,1.0,10,,label_aware_diskann
pg-diskann,100000,1,w2_10,535,5.815458,1.0,10,,label_aware_diskann
pg-diskann,100000,1,w2_10,296,5.512875,1.0,10,,label_aware_diskann
pg-diskann,100000,1,w2_10,750,4.873083,1.0,10,,label_aware_diskann
pg-diskann,100000,1,w2_10,647,4.915,1.0,10,,label_aware_diskann
pg-diskann,100000,1,w2_10,755,5.085208,1.0,10,,label_aware_diskann
pg-diskann,100000,1,w2_10,775,5.394708,0.7,10,,label_aware_diskann
pg-diskann,100000,1,w2_10,122,5.163292,1.0,10,,label_aware_diskann
pg-diskann,100000,1,w2_10,232,6.279792,0.9,10,,label_aware_diskann
pg-diskann,100000,1,w2_10,718,5.364042,0.9,10,,label_aware_diskann
pg-diskann,100000,1,w2_10,270,6.396917,1.0,10,,label_aware_diskann
pg-diskann,100000,1,w2_10,696,6.0835,0.9,10,,label_aware_diskann
pg-diskann,100000,1,w2_10,927,6.248375,0.9,10,,label_aware_diskann
pg-diskann,100000,1,w2_10,532,6.215625,0.8,10,,label_aware_diskann
pg-diskann,100000,1,w2_10,772,5.323708,1.0,10,,label_aware_diskann
pg-diskann,100000,1,w2_10,487,5.515084,0.6,10,,label_aware_diskann
pg-diskann,100000,1,w2_10,104,6.28825,1.0,10,,label_aware_diskann
pg-diskann,100000,1,w2_10,490,5.143916,1.0,10,,label_aware_diskann
pg-diskann,100000,1,w2_10,553,5.903208,0.8,10,,label_aware_diskann
pg-diskann,100000,1,w2_10,982,5.192667,1.0,10,,label_aware_diskann
pg-diskann,100000,1,w2_10,435,5.094875,0.9,10,,label_aware_diskann
pg-diskann,100000,1,w2_10,682,5.138875,1.0,10,,label_aware_diskann
pg-diskann,100000,1,w2_10,709,9.595458,1.0,10,,label_aware_diskann
pg-diskann,100000,1,w2_10,275,6.188792,1.0,10,,label_aware_diskann
pg-diskann,100000,1,w2_10,564,5.514958,0.9,10,,label_aware_diskann
pg-diskann,100000,1,w2_10,849,4.913,1.0,10,,label_aware_diskann
pg-diskann,100000,1,w2_10,794,6.331917,1.0,10,,label_aware_diskann
pg-diskann,100000,1,w2_10,227,7.221834,1.0,10,,label_aware_diskann
pg-diskann,100000,1,w2_10,200,5.808792,1.0,10,,label_aware_diskann
pg-diskann,100000,1,w2_10,121,6.051166,0.9,10,,label_aware_diskann
pg-diskann,100000,1,w2_10,574,6.421833,1.0,10,,label_aware_diskann
pg-diskann,100000,1,w2_10,623,8.421583,0.8,10,,label_aware_diskann
pg-diskann,100000,1,w2_10,167,5.896708,1.0,10,,label_aware_diskann
pg-diskann,100000,1,w2_10,602,5.615959,1.0,10,,label_aware_diskann
pg-diskann,100000,1,w2_10,581,6.375291,1.0,10,,label_aware_diskann
pg-diskann,100000,1,w2_10,238,6.881375,1.0,10,,label_aware_diskann
pg-diskann,100000,1,w2_10,499,7.889541,1.0,10,,label_aware_diskann
pg-diskann,100000,1,w2_10,219,5.012625,1.0,10,,label_aware_diskann
pg-diskann,100000,1,w2_10,382,6.844334,0.8,10,,label_aware_diskann
pg-diskann,100000,1,w2_10,928,6.968875,0.9,10,,label_aware_diskann
pg-diskann,100000,1,w2_10,516,6.053084,1.0,10,,label_aware_diskann
pg-diskann,100000,1,w2_10,729,8.02225,1.0,10,,label_aware_diskann
pg-diskann,100000,1,w2_10,900,10.847584,1.0,10,,label_aware_diskann
pg-diskann,100000,1,w2_10,518,6.959083,1.0,10,,label_aware_diskann
pg-diskann,100000,1,w2_10,519,6.5515,1.0,10,,label_aware_diskann
pg-diskann,100000,1,w2_10,844,8.580375,1.0,10,,label_aware_diskann
pg-diskann,100000,1,w2_10,488,8.669708,1.0,10,,label_aware_diskann
pg-diskann,100000,1,w2_10,992,7.761166,1.0,10,,label_aware_diskann
pg-diskann,100000,1,w2_10,130,9.310292,1.0,10,,label_aware_diskann
pg-diskann,100000,1,w2_10,101,7.739417,1.0,10,,label_aware_diskann
pg-diskann,100000,1,w2_10,249,9.162042,1.0,10,,label_aware_diskann
pg-diskann,100000,1,w2_10,559,11.21075,1.0,10,,label_aware_diskann
pg-diskann,100000,1,w2_10,514,6.957666,0.7,10,,label_aware_diskann
pg-diskann,100000,1,w2_10,350,6.923458,0.9,10,,label_aware_diskann
pg-diskann,100000,1,w2_10,328,8.3215,0.9,10,,label_aware_diskann
pg-diskann,100000,1,w2_10,873,8.154625,1.0,10,,label_aware_diskann
pg-diskann,100000,1,w2_10,123,7.717208,0.8,10,,label_aware_diskann
pg-diskann,100000,1,w2_10,554,8.8735,1.0,10,,label_aware_diskann
pg-diskann,100000,1,w2_10,943,8.176167,1.0,10,,label_aware_diskann
pg-diskann,100000,1,w2_10,598,6.456458,1.0,10,,label_aware_diskann
pg-diskann,100000,1,w2_10,916,7.218875,1.0,10,,label_aware_diskann
pg-diskann,100000,1,w2_10,222,6.8095,0.5,10,,label_aware_diskann
pg-diskann,100000,1,w2_10,941,5.948958,0.9,10,,label_aware_diskann
pg-diskann,100000,1,w2_10,643,6.40175,0.9,10,,label_aware_diskann
pg-diskann,100000,1,w2_10,517,7.505708,0.5,10,,label_aware_diskann
pg-diskann,100000,1,w2_10,577,8.469833,0.9,10,,label_aware_diskann
pg-diskann,100000,1,w2_10,305,8.755459,0.8,10,,label_aware_diskann
pg-diskann,100000,1,w2_10,342,9.973333,1.0,10,,label_aware_diskann
pg-diskann,100000,1,w2_10,959,6.309875,0.6,10,,label_aware_diskann
pg-diskann,100000,1,w2_10,790,5.22825,1.0,10,,label_aware_diskann
pg-diskann,100000,1,w2_10,876,7.049416,0.7,10,,label_aware_diskann
pg-diskann,100000,1,w2_10,438,5.604375,1.0,10,,label_aware_diskann
pg-diskann,100000,1,w2_10,253,8.718,1.0,10,,label_aware_diskann
pg-diskann,100000,1,w2_10,837,8.106,1.0,10,,label_aware_diskann
pg-diskann,100000,1,w2_10,184,7.08175,1.0,10,,label_aware_diskann
pg-diskann,100000,1,w2_10,850,7.921666,0.9,10,,label_aware_diskann
pg-diskann,100000,1,w2_10,362,9.483,1.0,10,,label_aware_diskann
pg-diskann,100000,1,w2_10,996,7.443209,1.0,10,,label_aware_diskann
pg-diskann,100000,1,w2_10,245,7.457375,1.0,10,,label_aware_diskann
pg-diskann,100000,1,w2_10,439,8.47725,0.9,10,,label_aware_diskann
pg-diskann,100000,1,w2_10,878,7.505916,1.0,10,,label_aware_diskann
pg-diskann,100000,1,w2_10,999,5.897417,1.0,10,,label_aware_diskann
pg-diskann,100000,1,w2_10,644,5.473208,1.0,10,,label_aware_diskann
pg-diskann,100000,1,w2_10,310,7.014584,1.0,10,,label_aware_diskann
pg-diskann,100000,1,w2_10,255,9.110416,1.0,10,,label_aware_diskann
pg-diskann,100000,1,w2_10,888,7.133791,1.0,10,,label_aware_diskann
pg-diskann,100000,1,w2_10,393,7.553083,0.8,10,,label_aware_diskann
pg-diskann,100000,1,w2_10,505,8.557708,1.0,10,,label_aware_diskann
pg-diskann,100000,1,w2_10,152,8.357583,0.7,10,,label_aware_diskann
pg-diskann,100000,1,w2_10,908,6.316125,0.9,10,,label_aware_diskann
pg-diskann,100000,1,w2_10,166,7.363958,1.0,10,,label_aware_diskann
pg-diskann,100000,1,w2_10,800,6.659833,1.0,10,,label_aware_diskann
pg-diskann,100000,1,w2_10,821,7.214833,1.0,10,,label_aware_diskann
pg-diskann,100000,1,w2_10,635,7.720292,0.9,10,,label_aware_diskann
pg-diskann,100000,1,w2_10,727,6.735833,1.0,10,,label_aware_diskann
pg-diskann,100000,1,w2_10,902,7.123625,1.0,10,,label_aware_diskann
pg-diskann,100000,1,w2_10,114,8.033375,1.0,10,,label_aware_diskann
pg-diskann,100000,1,w2_10,778,8.585458,1.0,10,,label_aware_diskann
pg-diskann,100000,1,w2_10,289,9.406292,1.0,10,,label_aware_diskann
pg-diskann,100000,1,w2_10,789,8.203083,0.7,10,,label_aware_diskann
pg-diskann,100000,1,w2_10,215,8.395084,0.9,10,,label_aware_diskann
pg-diskann,100000,1,w2_10,409,6.209334,1.0,10,,label_aware_diskann
pg-diskann,100000,1,w2_10,478,9.731042,1.0,10,,label_aware_diskann
pg-diskann,100000,1,w2_10,601,8.121875,0.9,10,,label_aware_diskann
pg-diskann,100000,1,w2_10,831,9.688916,1.0,10,,label_aware_diskann
pg-diskann,100000,1,w2_10,652,7.066125,1.0,10,,label_aware_diskann
pg-diskann,100000,1,w2_10,975,7.845042,1.0,10,,label_aware_diskann
pg-diskann,100000,1,w2_10,179,8.608834,1.0,10,,label_aware_diskann
pg-diskann,100000,1,w2_10,929,8.097667,1.0,10,,label_aware_diskann
pg-diskann,100000,1,w2_10,753,7.747292,1.0,10,,label_aware_diskann
pg-diskann,100000,1,w2_10,430,9.913041,1.0,10,,label_aware_diskann
pg-diskann,100000,1,w2_10,392,7.414167,0.9,10,,label_aware_diskann
pg-diskann,100000,1,w2_10,754,6.948667,1.0,10,,label_aware_diskann
pg-diskann,100000,1,w2_10,586,5.734333,1.0,10,,label_aware_diskann
pg-diskann,100000,1,w2_10,582,7.552542,0.6,10,,label_aware_diskann
pg-diskann,100000,1,w2_10,840,6.90775,1.0,10,,label_aware_diskann
pg-diskann,100000,1,w2_10,404,5.879125,1.0,10,,label_aware_diskann
pg-diskann,100000,1,w2_10,357,7.118541,1.0,10,,label_aware_diskann
pg-diskann,100000,1,w2_10,498,7.953916,0.9,10,,label_aware_diskann
pg-diskann,100000,1,w2_10,375,6.240541,1.0,10,,label_aware_diskann
pg-diskann,100000,1,w2_10,705,10.557416,1.0,10,,label_aware_diskann
pg-diskann,100000,1,w2_10,722,8.386416,1.0,10,,label_aware_diskann
pg-diskann,100000,1,w2_10,250,6.074084,1.0,10,,label_aware_diskann
pg-diskann,100000,1,w2_10,974,6.493459,1.0,10,,label_aware_diskann
pg-diskann,100000,1,w2_10,345,6.913416,0.9,10,,label_aware_diskann
pg-diskann,100000,1,w2_10,897,6.423333,0.9,10,,label_aware_diskann
pg-diskann,100000,1,w2_10,637,8.451625,1.0,10,,label_aware_diskann
pg-diskann,100000,1,w2_10,205,7.020167,1.0,10,,label_aware_diskann
pg-diskann,100000,1,w2_10,984,7.151875,1.0,10,,label_aware_diskann
pg-diskann,100000,1,w2_10,389,6.098875,0.9,10,,label_aware_diskann
pg-diskann,100000,1,w2_10,424,6.769916,0.9,10,,label_aware_diskann
pg-diskann,100000,1,w2_10,810,5.260917,1.0,10,,label_aware_diskann
pg-diskann,100000,1,w2_10,946,6.776209,0.9,10,,label_aware_diskann
pg-diskann,100000,1,w2_10,798,6.808208,0.8,10,,label_aware_diskann
pg-diskann,100000,1,w2_10,208,5.612167,1.0,10,,label_aware_diskann
pg-diskann,100000,1,w2_10,103,5.819375,1.0,10,,label_aware_diskann
pg-diskann,100000,1,w2_10,140,5.667959,0.9,10,,label_aware_diskann
pg-diskann,100000,1,w2_10,286,5.703292,1.0,10,,label_aware_diskann
pg-diskann,100000,1,w2_10,757,5.379792,1.0,10,,label_aware_diskann
pg-diskann,100000,1,w2_10,327,5.603625,1.0,10,,label_aware_diskann
pg-diskann,100000,1,w2_10,707,7.519458,0.9,10,,label_aware_diskann
pg-diskann,100000,1,w2_10,793,5.818958,1.0,10,,label_aware_diskann
pg-diskann,100000,1,w2_10,445,5.317042,1.0,10,,label_aware_diskann
pg-diskann,100000,1,w2_10,621,5.456416,1.0,10,,label_aware_diskann
pg-diskann,100000,1,w2_10,626,6.284959,1.0,10,,label_aware_diskann
pg-diskann,100000,1,w2_10,447,5.748083,1.0,10,,label_aware_diskann
pg-diskann,100000,1,w2_10,874,5.873709,0.8,10,,label_aware_diskann
pg-diskann,100000,1,w2_10,133,6.735792,0.9,10,,label_aware_diskann
pg-diskann,100000,1,w2_10,738,7.646125,0.7,10,,label_aware_diskann
pg-diskann,100000,1,w2_10,164,5.700292,1.0,10,,label_aware_diskann
pg-diskann,100000,1,w2_10,347,5.494458,1.0,10,,label_aware_diskann
pg-diskann,100000,1,w2_10,402,5.286333,1.0,10,,label_aware_diskann
pg-diskann,100000,1,w2_10,150,5.782542,1.0,10,,label_aware_diskann
pg-diskann,100000,1,w2_10,632,5.18875,1.0,10,,label_aware_diskann
pg-diskann,100000,1,w2_10,147,5.250083,1.0,10,,label_aware_diskann
pg-diskann,100000,1,w2_10,777,5.496667,0.8,10,,label_aware_diskann
pg-diskann,100000,1,w2_10,917,5.940875,0.9,10,,label_aware_diskann
pg-diskann,100000,1,w2_10,811,5.589209,1.0,10,,label_aware_diskann
pg-diskann,100000,1,w2_10,893,5.647875,0.7,10,,label_aware_diskann
pg-diskann,100000,1,w2_10,119,5.139917,1.0,10,,label_aware_diskann
pg-diskann,100000,1,w2_10,529,4.953917,1.0,10,,label_aware_diskann
pg-diskann,100000,1,w2_10,512,5.445,1.0,10,,label_aware_diskann
pg-diskann,100000,1,w2_10,944,8.956375,0.7,10,,label_aware_diskann
pg-diskann,100000,1,w2_10,526,6.546541,0.9,10,,label_aware_diskann
pg-diskann,100000,1,w2_10,892,8.476459,0.9,10,,label_aware_diskann
pg-diskann,100000,1,w2_10,673,8.373167,1.0,10,,label_aware_diskann
pg-diskann,100000,1,w2_10,462,5.83125,1.0,10,,label_aware_diskann
pg-diskann,100000,1,w2_10,745,9.749334,0.8,10,,label_aware_diskann
pg-diskann,100000,1,w2_10,442,6.155292,1.0,10,,label_aware_diskann
pg-diskann,100000,1,w2_10,278,5.942209,1.0,10,,label_aware_diskann
pg-diskann,100000,1,w2_10,862,5.591875,0.9,10,,label_aware_diskann
pg-diskann,100000,1,w2_10,806,8.554833,0.8,10,,label_aware_diskann
pg-diskann,100000,1,w2_10,429,6.742167,0.9,10,,label_aware_diskann
pg-diskann,100000,1,w2_10,809,8.2765,1.0,10,,label_aware_diskann
pg-diskann,100000,1,w2_10,500,6.16675,1.0,10,,label_aware_diskann
pg-diskann,100000,1,w2_10,599,5.688292,0.7,10,,label_aware_diskann
pg-diskann,100000,1,w2_10,247,5.879958,0.8,10,,label_aware_diskann
pg-diskann,100000,1,w2_10,410,6.5825,0.9,10,,label_aware_diskann
pg-diskann,100000,1,w2_10,160,5.380416,1.0,10,,label_aware_diskann
pg-diskann,100000,1,w2_10,228,6.006083,1.0,10,,label_aware_diskann
pg-diskann,100000,1,w2_10,795,7.31075,1.0,10,,label_aware_diskann
pg-diskann,100000,1,w2_10,120,9.8295,1.0,10,,label_aware_diskann
pg-diskann,100000,1,w2_10,545,6.210292,1.0,10,,label_aware_diskann
pg-diskann,100000,1,w2_10,251,4.831541,1.0,10,,label_aware_diskann
pg-diskann,100000,1,w2_10,131,4.969667,1.0,10,,label_aware_diskann
pg-diskann,100000,1,w2_10,163,6.410792,1.0,10,,label_aware_diskann
pg-diskann,100000,1,w2_10,414,5.353208,1.0,10,,label_aware_diskann
pg-diskann,100000,1,w2_10,833,6.096166,0.9,10,,label_aware_diskann
pg-diskann,100000,1,w2_10,919,6.139083,0.8,10,,label_aware_diskann
pg-diskann,100000,1,w2_10,872,6.622041,0.9,10,,label_aware_diskann
pg-diskann,100000,1,w2_10,454,5.699625,1.0,10,,label_aware_diskann
pg-diskann,100000,1,w2_10,134,6.074166,0.8,10,,label_aware_diskann
pg-diskann,100000,1,w2_10,580,8.265209,0.9,10,,label_aware_diskann
pg-diskann,100000,1,w2_10,858,6.286375,1.0,10,,label_aware_diskann
pg-diskann,100000,1,w2_10,497,7.119208,1.0,10,,label_aware_diskann
pg-diskann,100000,1,w2_10,188,6.657667,1.0,10,,label_aware_diskann
pg-diskann,100000,1,w2_10,631,6.193291,0.8,10,,label_aware_diskann
pg-diskann,100000,1,w2_10,268,6.353833,1.0,10,,label_aware_diskann
pg-diskann,100000,1,w2_10,640,7.105625,0.9,10,,label_aware_diskann
pg-diskann,100000,1,w2_10,108,6.317042,0.9,10,,label_aware_diskann
pg-diskann,100000,1,w2_10,335,6.774583,1.0,10,,label_aware_diskann
pg-diskann,100000,1,w2_10,600,6.925333,0.9,10,,label_aware_diskann
pg-diskann,100000,1,w2_10,291,6.974125,1.0,10,,label_aware_diskann
pg-diskann,100000,1,w2_10,527,5.908958,1.0,10,,label_aware_diskann
pg-diskann,100000,1,w2_10,340,4.856417,1.0,10,,label_aware_diskann
pg-diskann,100000,1,w2_10,816,6.096958,0.9,10,,label_aware_diskann
pg-diskann,100000,1,w2_10,763,6.597208,1.0,10,,label_aware_diskann
pg-diskann,100000,1,w2_10,484,5.963792,1.0,10,,label_aware_diskann
pg-diskann,100000,1,w2_10,443,5.289125,1.0,10,,label_aware_diskann
pg-diskann,100000,1,w2_10,573,5.840084,1.0,10,,label_aware_diskann
pg-diskann,100000,1,w2_10,333,5.83175,1.0,10,,label_aware_diskann
pg-diskann,100000,1,w2_10,657,8.597625,1.0,10,,label_aware_diskann
pg-diskann,100000,1,w2_10,369,5.228709,1.0,10,,label_aware_diskann
pg-diskann,100000,1,w2_10,942,6.36775,0.9,10,,label_aware_diskann
pg-diskann,100000,1,w2_10,173,5.639458,0.7,10,,label_aware_diskann
pg-diskann,100000,1,w2_10,264,5.423333,1.0,10,,label_aware_diskann
pg-diskann,100000,1,w2_10,969,8.117083,1.0,10,,label_aware_diskann
pg-diskann,100000,1,w2_10,533,6.689459,1.0,10,,label_aware_diskann
pg-diskann,100000,1,w2_10,266,5.187125,1.0,10,,label_aware_diskann
pg-diskann,100000,1,w2_10,747,6.103209,1.0,10,,label_aware_diskann
pg-diskann,100000,1,w2_10,968,6.6245,1.0,10,,label_aware_diskann
pg-diskann,100000,1,w2_10,907,5.878334,1.0,10,,label_aware_diskann
pg-diskann,100000,1,w2_10,894,5.748042,0.9,10,,label_aware_diskann
pg-diskann,100000,1,w2_10,938,7.938417,1.0,10,,label_aware_diskann
pg-diskann,100000,1,w2_10,349,7.026334,1.0,10,,label_aware_diskann
pg-diskann,100000,1,w2_10,702,8.706459,0.8,10,,label_aware_diskann
pg-diskann,100000,1,w2_10,590,6.266125,0.9,10,,label_aware_diskann
pg-diskann,100000,1,w2_10,801,6.295458,1.0,10,,label_aware_diskann
pg-diskann,100000,1,w2_10,319,5.413209,1.0,10,,label_aware_diskann
pg-diskann,100000,1,w2_10,332,7.089833,1.0,10,,label_aware_diskann
pg-diskann,100000,1,w2_10,231,6.348667,1.0,10,,label_aware_diskann
pg-diskann,100000,1,w2_10,511,7.853834,0.9,10,,label_aware_diskann
pg-diskann,100000,1,w2_10,783,7.463458,0.9,10,,label_aware_diskann
pg-diskann,100000,1,w2_10,127,6.631792,0.9,10,,label_aware_diskann
pg-diskann,100000,1,w2_10,387,6.889875,1.0,10,,label_aware_diskann
pg-diskann,100000,1,w2_10,883,6.795916,1.0,10,,label_aware_diskann
pg-diskann,100000,1,w2_10,455,6.833458,1.0,10,,label_aware_diskann
pg-diskann,100000,1,w2_10,830,5.947459,1.0,10,,label_aware_diskann
pg-diskann,100000,1,w2_10,492,5.967583,1.0,10,,label_aware_diskann
pg-diskann,100000,1,w2_10,903,5.916125,1.0,10,,label_aware_diskann
pg-diskann,100000,1,w2_10,567,6.183709,1.0,10,,label_aware_diskann
pg-diskann,100000,1,w2_10,658,7.105,0.9,10,,label_aware_diskann
pg-diskann,100000,1,w2_10,412,6.73625,1.0,10,,label_aware_diskann
pg-diskann,100000,1,w2_10,546,6.451833,0.9,10,,label_aware_diskann
pg-diskann,100000,1,w2_10,734,6.070542,1.0,10,,label_aware_diskann
pg-diskann,100000,1,w2_10,990,8.134375,1.0,10,,label_aware_diskann
pg-diskann,100000,1,w2_10,950,5.895417,1.0,10,,label_aware_diskann
pg-diskann,100000,1,w2_10,182,6.1065,0.9,10,,label_aware_diskann
pg-diskann,100000,1,w2_10,346,6.840166,1.0,10,,label_aware_diskann
pg-diskann,100000,1,w2_10,886,8.12825,1.0,10,,label_aware_diskann
pg-diskann,100000,1,w2_10,377,6.33925,0.8,10,,label_aware_diskann
pg-diskann,100000,1,w2_10,132,6.036667,1.0,10,,label_aware_diskann
pg-diskann,100000,1,w2_10,662,7.462375,1.0,10,,label_aware_diskann
pg-diskann,100000,1,w2_10,764,6.416375,1.0,10,,label_aware_diskann
pg-diskann,100000,1,w2_10,890,6.505,1.0,10,,label_aware_diskann
pg-diskann,100000,1,w2_10,771,6.491583,0.9,10,,label_aware_diskann
pg-diskann,100000,1,w2_10,384,9.253417,0.8,10,,label_aware_diskann
pg-diskann,100000,1,w2_10,149,7.421916,1.0,10,,label_aware_diskann
pg-diskann,100000,1,w2_10,185,6.015625,1.0,10,,label_aware_diskann
pg-diskann,100000,1,w2_10,846,5.668708,1.0,10,,label_aware_diskann
pg-diskann,100000,1,w2_10,988,5.625833,1.0,10,,label_aware_diskann
pg-diskann,100000,1,w2_10,995,9.45725,1.0,10,,label_aware_diskann
pg-diskann,100000,1,w2_10,687,8.975375,0.5,10,,label_aware_diskann
pg-diskann,100000,1,w2_10,124,6.706,1.0,10,,label_aware_diskann
pg-diskann,100000,1,w2_10,209,6.961375,1.0,10,,label_aware_diskann
pg-diskann,100000,1,w2_10,863,5.884458,1.0,10,,label_aware_diskann
pg-diskann,100000,1,w2_10,262,6.291167,0.9,10,,label_aware_diskann
pg-diskann,100000,1,w2_10,211,6.49575,1.0,10,,label_aware_diskann
pg-diskann,100000,1,w2_10,569,6.051917,1.0,10,,label_aware_diskann
pg-diskann,100000,1,w2_10,145,6.272083,1.0,10,,label_aware_diskann
pg-diskann,100000,1,w2_10,784,8.3955,1.0,10,,label_aware_diskann
pg-diskann,100000,1,w2_10,510,6.209916,1.0,10,,label_aware_diskann
pg-diskann,100000,1,w2_10,115,7.09575,0.8,10,,label_aware_diskann
pg-diskann,100000,1,w2_10,889,6.281459,0.8,10,,label_aware_diskann
pg-diskann,100000,1,w2_10,338,6.820875,1.0,10,,label_aware_diskann
pg-diskann,100000,1,w2_10,856,6.860917,1.0,10,,label_aware_diskann
pg-diskann,100000,1,w2_10,472,5.835083,0.9,10,,label_aware_diskann
pg-diskann,100000,1,w2_10,165,6.029667,1.0,10,,label_aware_diskann
pg-diskann,100000,1,w2_10,449,6.674334,1.0,10,,label_aware_diskann
pg-diskann,100000,1,w2_10,386,7.923458,0.9,10,,label_aware_diskann
pg-diskann,100000,1,w2_10,354,6.107667,1.0,10,,label_aware_diskann
pg-diskann,100000,1,w2_10,985,5.206959,1.0,10,,label_aware_diskann
pg-diskann,100000,1,w2_10,413,6.355084,1.0,10,,label_aware_diskann
pg-diskann,100000,1,w2_10,280,5.77525,1.0,10,,label_aware_diskann
pg-diskann,100000,1,w2_10,538,5.4335,1.0,10,,label_aware_diskann
pg-diskann,100000,1,w2_10,530,4.808667,0.9,10,,label_aware_diskann
pg-diskann,100000,1,w2_10,743,5.158084,1.0,10,,label_aware_diskann
pg-diskann,100000,1,w2_10,759,4.710167,1.0,10,,label_aware_diskann
pg-diskann,100000,1,w2_10,607,5.66325,1.0,10,,label_aware_diskann
pg-diskann,100000,1,w2_10,403,5.55375,1.0,10,,label_aware_diskann
pg-diskann,100000,1,w2_10,628,4.946958,1.0,10,,label_aware_diskann
pg-diskann,100000,1,w2_10,785,5.03075,0.7,10,,label_aware_diskann
pg-diskann,100000,1,w2_10,589,4.989917,1.0,10,,label_aware_diskann
pg-diskann,100000,1,w2_10,786,5.126041,0.9,10,,label_aware_diskann
pg-diskann,100000,1,w2_10,353,5.639042,1.0,10,,label_aware_diskann
pg-diskann,100000,1,w2_10,129,6.372833,0.8,10,,label_aware_diskann
pg-diskann,100000,1,w2_10,157,5.961417,1.0,10,,label_aware_diskann
pg-diskann,100000,1,w2_10,236,6.483584,0.8,10,,label_aware_diskann
pg-diskann,100000,1,w2_10,292,5.438625,0.8,10,,label_aware_diskann
pg-diskann,100000,1,w2_10,322,5.15275,1.0,10,,label_aware_diskann
pg-diskann,100000,1,w2_10,688,6.265625,1.0,10,,label_aware_diskann
pg-diskann,100000,1,w2_10,953,6.139875,0.7,10,,label_aware_diskann
pg-diskann,100000,1,w2_10,859,5.163709,1.0,10,,label_aware_diskann
pg-diskann,100000,1,w2_10,256,5.356209,0.7,10,,label_aware_diskann
pg-diskann,100000,1,w2_10,116,5.821834,0.9,10,,label_aware_diskann
pg-diskann,100000,1,w2_10,398,5.487958,1.0,10,,label_aware_diskann
pg-diskann,100000,1,w2_10,483,6.59075,0.9,10,,label_aware_diskann
pg-diskann,100000,1,w2_10,698,5.838,0.6,10,,label_aware_diskann
pg-diskann,100000,1,w2_10,594,4.589375,1.0,10,,label_aware_diskann
pg-diskann,100000,1,w2_10,986,4.538375,1.0,10,,label_aware_diskann
pg-diskann,100000,1,w2_10,726,4.914125,0.8,10,,label_aware_diskann
pg-diskann,100000,1,w2_10,407,5.226583,1.0,10,,label_aware_diskann
pg-diskann,100000,1,w2_10,229,5.034833,1.0,10,,label_aware_diskann
pg-diskann,100000,1,w2_10,400,8.791458,1.0,10,,label_aware_diskann
pg-diskann,100000,1,w2_10,906,4.314,1.0,10,,label_aware_diskann
pg-diskann,100000,1,w2_10,471,4.902667,1.0,10,,label_aware_diskann
pg-diskann,100000,1,w2_10,223,5.447708,0.8,10,,label_aware_diskann
pg-diskann,100000,1,w2_10,189,4.882459,1.0,10,,label_aware_diskann
pg-diskann,100000,1,w2_10,561,7.377042,1.0,10,,label_aware_diskann
pg-diskann,100000,1,w2_10,272,7.191417,1.0,10,,label_aware_diskann
pg-diskann,100000,1,w2_10,814,5.761666,1.0,10,,label_aware_diskann
pg-diskann,100000,1,w2_10,531,5.84125,1.0,10,,label_aware_diskann
pg-diskann,100000,1,w2_10,293,5.921375,1.0,10,,label_aware_diskann
pg-diskann,100000,1,w2_10,300,8.871917,1.0,10,,label_aware_diskann
pg-diskann,100000,1,w2_10,461,7.260125,0.7,10,,label_aware_diskann
pg-diskann,100000,1,w2_10,277,5.957209,1.0,10,,label_aware_diskann
pg-diskann,100000,1,w2_10,714,5.866041,1.0,10,,label_aware_diskann
pg-diskann,100000,1,w2_10,320,5.817458,1.0,10,,label_aware_diskann
pg-diskann,100000,1,w2_10,834,7.89175,0.9,10,,label_aware_diskann
pg-diskann,100000,1,w2_10,667,7.457417,0.9,10,,label_aware_diskann
pg-diskann,100000,1,w2_10,724,9.982792,0.6,10,,label_aware_diskann
pg-diskann,100000,1,w2_10,252,7.096334,1.0,10,,label_aware_diskann
pg-diskann,100000,1,w2_10,284,7.862167,0.3,10,,label_aware_diskann
pg-diskann,100000,1,w2_10,504,5.899666,1.0,10,,label_aware_diskann
pg-diskann,100000,1,w2_10,787,5.526583,0.9,10,,label_aware_diskann
pg-diskann,100000,1,w2_10,194,6.869709,0.9,10,,label_aware_diskann
pg-diskann,100000,1,w2_10,997,6.764333,1.0,10,,label_aware_diskann
pg-diskann,100000,1,w2_10,552,11.173375,0.9,10,,label_aware_diskann
pg-diskann,100000,1,w2_10,932,5.717292,1.0,10,,label_aware_diskann
pg-diskann,100000,1,w2_10,822,7.134709,1.0,10,,label_aware_diskann
pg-diskann,100000,1,w2_10,201,8.471583,1.0,10,,label_aware_diskann
pg-diskann,100000,1,w2_10,233,6.319416,0.9,10,,label_aware_diskann
pg-diskann,100000,1,w2_10,596,7.146541,0.8,10,,label_aware_diskann
pg-diskann,100000,1,w2_10,214,6.053833,1.0,10,,label_aware_diskann
pg-diskann,100000,1,w2_10,838,6.664584,1.0,10,,label_aware_diskann
pg-diskann,100000,1,w2_10,670,5.713084,1.0,10,,label_aware_diskann
pg-diskann,100000,1,w2_10,450,6.677541,1.0,10,,label_aware_diskann
pg-diskann,100000,1,w2_10,360,6.584667,0.7,10,,label_aware_diskann
pg-diskann,100000,1,w2_10,187,6.428417,1.0,10,,label_aware_diskann
pg-diskann,100000,1,w2_10,575,4.940333,0.9,10,,label_aware_diskann
pg-diskann,100000,1,w2_10,921,6.553334,0.9,10,,label_aware_diskann
pg-diskann,100000,1,w2_10,563,6.072958,1.0,10,,label_aware_diskann
pg-diskann,100000,1,w2_10,396,6.591042,1.0,10,,label_aware_diskann
pg-diskann,100000,1,w2_10,110,6.902958,0.9,10,,label_aware_diskann
pg-diskann,100000,1,w2_10,973,6.502083,0.9,10,,label_aware_diskann
pg-diskann,100000,1,w2_10,762,6.533625,0.9,10,,label_aware_diskann
pg-diskann,100000,1,w2_10,983,5.9995,1.0,10,,label_aware_diskann
pg-diskann,100000,1,w2_10,839,5.37875,1.0,10,,label_aware_diskann
pg-diskann,100000,1,w2_10,991,8.748458,1.0,10,,label_aware_diskann
pg-diskann,100000,1,w2_10,267,6.063833,1.0,10,,label_aware_diskann
pg-diskann,100000,1,w2_10,898,6.121917,0.7,10,,label_aware_diskann
pg-diskann,100000,1,w2_10,248,5.492959,1.0,10,,label_aware_diskann
pg-diskann,100000,1,w2_10,697,6.158167,1.0,10,,label_aware_diskann
pg-diskann,100000,1,w2_10,373,5.865791,1.0,10,,label_aware_diskann
pg-diskann,100000,1,w2_10,199,5.877833,1.0,10,,label_aware_diskann
pg-diskann,100000,1,w2_10,571,7.30425,1.0,10,,label_aware_diskann
pg-diskann,100000,1,w2_10,901,6.735708,0.6,10,,label_aware_diskann
pg-diskann,100000,1,w2_10,141,5.852917,1.0,10,,label_aware_diskann
pg-diskann,100000,1,w2_10,463,5.91075,1.0,10,,label_aware_diskann
pg-diskann,100000,1,w2_10,653,6.022917,1.0,10,,label_aware_diskann
pg-diskann,100000,1,w2_10,649,7.052792,1.0,10,,label_aware_diskann
pg-diskann,100000,1,w2_10,774,6.685208,1.0,10,,label_aware_diskann
pg-diskann,100000,1,w2_10,368,6.252583,1.0,10,,label_aware_diskann
pg-diskann,100000,1,w2_10,583,6.008167,1.0,10,,label_aware_diskann
pg-diskann,100000,1,w2_10,721,6.975208,0.9,10,,label_aware_diskann
pg-diskann,100000,1,w2_10,976,7.153625,1.0,10,,label_aware_diskann
pg-diskann,100000,1,w2_10,520,5.937834,1.0,10,,label_aware_diskann
pg-diskann,100000,1,w2_10,848,6.057875,1.0,10,,label_aware_diskann
pg-diskann,100000,1,w2_10,440,7.197041,1.0,10,,label_aware_diskann
pg-diskann,100000,1,w2_10,998,5.822291,1.0,10,,label_aware_diskann
pg-diskann,100000,1,w2_10,910,6.813792,1.0,10,,label_aware_diskann
pg-diskann,100000,1,w2_10,603,6.59375,1.0,10,,label_aware_diskann
pg-diskann,100000,1,w2_10,891,5.673792,0.8,10,,label_aware_diskann
pg-diskann,100000,1,w2_10,444,6.931375,0.9,10,,label_aware_diskann
pg-diskann,100000,1,w2_10,818,6.946334,1.0,10,,label_aware_diskann
pg-diskann,100000,1,w2_10,676,6.705792,1.0,10,,label_aware_diskann
pg-diskann,100000,1,w2_10,730,6.370958,1.0,10,,label_aware_diskann
pg-diskann,100000,1,w2_10,311,5.699917,0.9,10,,label_aware_diskann
pg-diskann,100000,1,w2_10,323,8.624333,1.0,10,,label_aware_diskann
pg-diskann,100000,1,w2_10,118,6.068708,1.0,10,,label_aware_diskann
pg-diskann,100000,1,w2_10,940,5.2905,1.0,10,,label_aware_diskann
pg-diskann,100000,1,w2_10,871,6.910375,1.0,10,,label_aware_diskann
pg-diskann,100000,1,w2_10,156,6.337875,0.9,10,,label_aware_diskann
pg-diskann,100000,1,w2_10,978,6.294125,0.9,10,,label_aware_diskann
pg-diskann,100000,1,w2_10,456,8.344458,0.9,10,,label_aware_diskann
pg-diskann,100000,1,w2_10,193,5.601625,0.9,10,,label_aware_diskann
pg-diskann,100000,1,w2_10,679,7.943417,0.9,10,,label_aware_diskann
pg-diskann,100000,1,w2_10,534,6.635625,0.9,10,,label_aware_diskann
pg-diskann,100000,1,w2_10,918,6.403125,1.0,10,,label_aware_diskann
pg-diskann,100000,1,w2_10,415,6.027917,1.0,10,,label_aware_diskann
pg-diskann,100000,1,w2_10,641,6.444625,1.0,10,,label_aware_diskann
pg-diskann,100000,1,w2_10,587,5.365834,1.0,10,,label_aware_diskann
pg-diskann,100000,1,w2_10,948,6.739917,1.0,10,,label_aware_diskann
pg-diskann,100000,1,w2_10,102,7.142417,1.0,10,,label_aware_diskann
pg-diskann,100000,1,w2_10,550,6.360875,1.0,10,,label_aware_diskann
pg-diskann,100000,1,w2_10,143,6.195583,1.0,10,,label_aware_diskann
pg-diskann,100000,1,w2_10,824,5.4395,1.0,10,,label_aware_diskann
pg-diskann,100000,1,w2_10,365,6.520125,1.0,10,,label_aware_diskann
pg-diskann,100000,1,w2_10,864,5.280917,1.0,10,,label_aware_diskann
pg-diskann,100000,1,w2_10,235,5.6985,0.9,10,,label_aware_diskann
pg-diskann,100000,1,w2_10,489,6.359208,1.0,10,,label_aware_diskann
pg-diskann,100000,1,w2_10,358,6.960375,1.0,10,,label_aware_diskann
pg-diskann,100000,1,w2_10,829,6.309417,1.0,10,,label_aware_diskann
pg-diskann,100000,1,w2_10,739,5.264833,1.0,10,,label_aware_diskann
pg-diskann,100000,1,w2_10,385,6.579167,1.0,10,,label_aware_diskann
pg-diskann,100000,1,w2_10,813,5.744083,1.0,10,,label_aware_diskann
pg-diskann,100000,1,w2_10,981,6.008042,1.0,10,,label_aware_diskann
pg-diskann,100000,1,w2_10,951,5.606167,0.9,10,,label_aware_diskann
pg-diskann,100000,1,w2_10,650,6.924291,1.0,10,,label_aware_diskann
pg-diskann,100000,1,w2_10,865,5.795292,1.0,10,,label_aware_diskann
pg-diskann,100000,1,w2_10,379,6.311792,1.0,10,,label_aware_diskann
pg-diskann,100000,1,w2_10,681,5.577208,0.8,10,,label_aware_diskann
pg-diskann,100000,1,w2_10,540,6.582125,1.0,10,,label_aware_diskann
pg-diskann,100000,1,w2_10,723,5.686833,1.0,10,,label_aware_diskann
pg-diskann,100000,1,w2_10,884,5.64725,0.9,10,,label_aware_diskann
pg-diskann,100000,1,w2_10,805,7.085125,0.9,10,,label_aware_diskann
pg-diskann,100000,1,w2_1,251,4.792875,1.0,10,,scalar_first_exact
pg-diskann,100000,1,w2_1,685,8.08125,1.0,10,,scalar_first_exact
pg-diskann,100000,1,w2_1,954,2.930459,1.0,10,,scalar_first_exact
pg-diskann,100000,1,w2_1,302,13.575667,1.0,10,,scalar_first_exact
pg-diskann,100000,1,w2_1,743,3.707666,1.0,10,,scalar_first_exact
pg-diskann,100000,1,w2_1,822,3.123459,1.0,10,,scalar_first_exact
pg-diskann,100000,1,w2_1,273,3.37575,1.0,10,,scalar_first_exact
pg-diskann,100000,1,w2_1,799,2.484334,1.0,10,,scalar_first_exact
pg-diskann,100000,1,w2_1,406,2.621625,1.0,10,,scalar_first_exact
pg-diskann,100000,1,w2_1,833,3.159792,1.0,10,,scalar_first_exact
pg-diskann,100000,1,w2_1,829,3.051916,1.0,10,,scalar_first_exact
pg-diskann,100000,1,w2_1,441,12.530958,1.0,10,,scalar_first_exact
pg-diskann,100000,1,w2_1,259,3.347084,1.0,10,,scalar_first_exact
pg-diskann,100000,1,w2_1,247,2.678459,1.0,10,,scalar_first_exact
pg-diskann,100000,1,w2_1,596,2.780292,1.0,10,,scalar_first_exact
pg-diskann,100000,1,w2_1,123,2.727875,1.0,10,,scalar_first_exact
pg-diskann,100000,1,w2_1,958,3.037625,1.0,10,,scalar_first_exact
pg-diskann,100000,1,w2_1,959,2.4775,1.0,10,,scalar_first_exact
pg-diskann,100000,1,w2_1,435,2.699,1.0,10,,scalar_first_exact
pg-diskann,100000,1,w2_1,918,2.834875,1.0,10,,scalar_first_exact
pg-diskann,100000,1,w2_1,507,4.434792,1.0,10,,scalar_first_exact
pg-diskann,100000,1,w2_1,180,3.033209,1.0,10,,scalar_first_exact
pg-diskann,100000,1,w2_1,543,11.101167,1.0,10,,scalar_first_exact
pg-diskann,100000,1,w2_1,652,3.378291,1.0,10,,scalar_first_exact
pg-diskann,100000,1,w2_1,264,2.897917,1.0,10,,scalar_first_exact
pg-diskann,100000,1,w2_1,826,2.658125,1.0,10,,scalar_first_exact
pg-diskann,100000,1,w2_1,448,7.927792,1.0,10,,scalar_first_exact
pg-diskann,100000,1,w2_1,711,3.46425,1.0,10,,scalar_first_exact
pg-diskann,100000,1,w2_1,330,3.492791,1.0,10,,scalar_first_exact
pg-diskann,100000,1,w2_1,859,3.013375,1.0,10,,scalar_first_exact
pg-diskann,100000,1,w2_1,233,4.289625,1.0,10,,scalar_first_exact
pg-diskann,100000,1,w2_1,887,2.834333,1.0,10,,scalar_first_exact
pg-diskann,100000,1,w2_1,433,3.053916,1.0,10,,scalar_first_exact
pg-diskann,100000,1,w2_1,828,2.658833,1.0,10,,scalar_first_exact
pg-diskann,100000,1,w2_1,130,2.904958,1.0,10,,scalar_first_exact
pg-diskann,100000,1,w2_1,601,2.705375,1.0,10,,scalar_first_exact
pg-diskann,100000,1,w2_1,116,4.913625,1.0,10,,scalar_first_exact
pg-diskann,100000,1,w2_1,393,3.202625,1.0,10,,scalar_first_exact
pg-diskann,100000,1,w2_1,378,2.824041,1.0,10,,scalar_first_exact
pg-diskann,100000,1,w2_1,767,2.5965,1.0,10,,scalar_first_exact
pg-diskann,100000,1,w2_1,397,3.544625,1.0,10,,scalar_first_exact
pg-diskann,100000,1,w2_1,942,2.669208,1.0,10,,scalar_first_exact
pg-diskann,100000,1,w2_1,849,2.8205,1.0,10,,scalar_first_exact
pg-diskann,100000,1,w2_1,616,2.476042,1.0,10,,scalar_first_exact
pg-diskann,100000,1,w2_1,255,3.013459,1.0,10,,scalar_first_exact
pg-diskann,100000,1,w2_1,341,2.815875,1.0,10,,scalar_first_exact
pg-diskann,100000,1,w2_1,723,2.518834,1.0,10,,scalar_first_exact
pg-diskann,100000,1,w2_1,761,4.667042,1.0,10,,scalar_first_exact
pg-diskann,100000,1,w2_1,477,2.838625,1.0,10,,scalar_first_exact
pg-diskann,100000,1,w2_1,124,2.952958,1.0,10,,scalar_first_exact
pg-diskann,100000,1,w2_1,774,3.291375,1.0,10,,scalar_first_exact
pg-diskann,100000,1,w2_1,281,3.911458,1.0,10,,scalar_first_exact
pg-diskann,100000,1,w2_1,489,3.254708,1.0,10,,scalar_first_exact
pg-diskann,100000,1,w2_1,877,3.123208,1.0,10,,scalar_first_exact
pg-diskann,100000,1,w2_1,904,3.200417,1.0,10,,scalar_first_exact
pg-diskann,100000,1,w2_1,508,2.803166,1.0,10,,scalar_first_exact
pg-diskann,100000,1,w2_1,229,3.199875,1.0,10,,scalar_first_exact
pg-diskann,100000,1,w2_1,850,6.831958,1.0,10,,scalar_first_exact
pg-diskann,100000,1,w2_1,127,3.340625,1.0,10,,scalar_first_exact
pg-diskann,100000,1,w2_1,440,3.047541,1.0,10,,scalar_first_exact
pg-diskann,100000,1,w2_1,927,2.32225,1.0,10,,scalar_first_exact
pg-diskann,100000,1,w2_1,649,2.895375,1.0,10,,scalar_first_exact
pg-diskann,100000,1,w2_1,197,3.474666,1.0,10,,scalar_first_exact
pg-diskann,100000,1,w2_1,110,2.932958,1.0,10,,scalar_first_exact
pg-diskann,100000,1,w2_1,986,4.526917,1.0,10,,scalar_first_exact
pg-diskann,100000,1,w2_1,983,2.881625,1.0,10,,scalar_first_exact
pg-diskann,100000,1,w2_1,319,2.82425,1.0,10,,scalar_first_exact
pg-diskann,100000,1,w2_1,362,2.815084,1.0,10,,scalar_first_exact
pg-diskann,100000,1,w2_1,977,3.072375,1.0,10,,scalar_first_exact
pg-diskann,100000,1,w2_1,703,2.804291,1.0,10,,scalar_first_exact
pg-diskann,100000,1,w2_1,623,1.918416,1.0,10,,scalar_first_exact
pg-diskann,100000,1,w2_1,852,2.373583,1.0,10,,scalar_first_exact
pg-diskann,100000,1,w2_1,114,3.299042,1.0,10,,scalar_first_exact
pg-diskann,100000,1,w2_1,189,2.6085,1.0,10,,scalar_first_exact
pg-diskann,100000,1,w2_1,683,2.822042,1.0,10,,scalar_first_exact
pg-diskann,100000,1,w2_1,910,3.054917,1.0,10,,scalar_first_exact
pg-diskann,100000,1,w2_1,612,2.354875,1.0,10,,scalar_first_exact
pg-diskann,100000,1,w2_1,323,2.559917,1.0,10,,scalar_first_exact
pg-diskann,100000,1,w2_1,141,5.570583,1.0,10,,scalar_first_exact
pg-diskann,100000,1,w2_1,286,2.746959,1.0,10,,scalar_first_exact
pg-diskann,100000,1,w2_1,837,3.717042,1.0,10,,scalar_first_exact
pg-diskann,100000,1,w2_1,313,2.92325,1.0,10,,scalar_first_exact
pg-diskann,100000,1,w2_1,187,2.931542,1.0,10,,scalar_first_exact
pg-diskann,100000,1,w2_1,480,2.727417,1.0,10,,scalar_first_exact
pg-diskann,100000,1,w2_1,941,2.7665,1.0,10,,scalar_first_exact
pg-diskann,100000,1,w2_1,354,3.984459,1.0,10,,scalar_first_exact
pg-diskann,100000,1,w2_1,201,2.663333,1.0,10,,scalar_first_exact
pg-diskann,100000,1,w2_1,380,2.571541,1.0,10,,scalar_first_exact
pg-diskann,100000,1,w2_1,376,3.900584,1.0,10,,scalar_first_exact
pg-diskann,100000,1,w2_1,737,2.863708,1.0,10,,scalar_first_exact
pg-diskann,100000,1,w2_1,979,2.708542,1.0,10,,scalar_first_exact
pg-diskann,100000,1,w2_1,885,4.819208,1.0,10,,scalar_first_exact
pg-diskann,100000,1,w2_1,253,3.513875,1.0,10,,scalar_first_exact
pg-diskann,100000,1,w2_1,457,2.837417,1.0,10,,scalar_first_exact
pg-diskann,100000,1,w2_1,469,2.717208,1.0,10,,scalar_first_exact
pg-diskann,100000,1,w2_1,390,3.08625,1.0,10,,scalar_first_exact
pg-diskann,100000,1,w2_1,888,3.336709,1.0,10,,scalar_first_exact
pg-diskann,100000,1,w2_1,550,2.593625,1.0,10,,scalar_first_exact
pg-diskann,100000,1,w2_1,890,6.37,1.0,10,,scalar_first_exact
pg-diskann,100000,1,w2_1,104,3.150333,1.0,10,,scalar_first_exact
pg-diskann,100000,1,w2_1,168,3.008291,1.0,10,,scalar_first_exact
pg-diskann,100000,1,w2_1,853,2.903209,1.0,10,,scalar_first_exact
pg-diskann,100000,1,w2_1,610,2.617375,1.0,10,,scalar_first_exact
pg-diskann,100000,1,w2_1,590,3.220625,1.0,10,,scalar_first_exact
pg-diskann,100000,1,w2_1,917,3.372458,1.0,10,,scalar_first_exact
pg-diskann,100000,1,w2_1,778,3.903542,1.0,10,,scalar_first_exact
pg-diskann,100000,1,w2_1,389,3.21575,1.0,10,,scalar_first_exact
pg-diskann,100000,1,w2_1,171,2.705,1.0,10,,scalar_first_exact
pg-diskann,100000,1,w2_1,118,3.212209,1.0,10,,scalar_first_exact
pg-diskann,100000,1,w2_1,412,3.130708,1.0,10,,scalar_first_exact
pg-diskann,100000,1,w2_1,172,2.459125,1.0,10,,scalar_first_exact
pg-diskann,100000,1,w2_1,891,4.045791,1.0,10,,scalar_first_exact
pg-diskann,100000,1,w2_1,287,4.366625,1.0,10,,scalar_first_exact
pg-diskann,100000,1,w2_1,140,3.086917,1.0,10,,scalar_first_exact
pg-diskann,100000,1,w2_1,173,3.281625,1.0,10,,scalar_first_exact
pg-diskann,100000,1,w2_1,931,3.445292,1.0,10,,scalar_first_exact
pg-diskann,100000,1,w2_1,161,2.761583,1.0,10,,scalar_first_exact
pg-diskann,100000,1,w2_1,965,3.040625,1.0,10,,scalar_first_exact
pg-diskann,100000,1,w2_1,119,2.856208,1.0,10,,scalar_first_exact
pg-diskann,100000,1,w2_1,963,2.49125,1.0,10,,scalar_first_exact
pg-diskann,100000,1,w2_1,179,3.06625,1.0,10,,scalar_first_exact
pg-diskann,100000,1,w2_1,277,3.1315,1.0,10,,scalar_first_exact
pg-diskann,100000,1,w2_1,561,2.472875,1.0,10,,scalar_first_exact
pg-diskann,100000,1,w2_1,989,2.358792,1.0,10,,scalar_first_exact
pg-diskann,100000,1,w2_1,726,3.739958,1.0,10,,scalar_first_exact
pg-diskann,100000,1,w2_1,221,2.792083,1.0,10,,scalar_first_exact
pg-diskann,100000,1,w2_1,780,2.522542,1.0,10,,scalar_first_exact
pg-diskann,100000,1,w2_1,976,2.7725,1.0,10,,scalar_first_exact
pg-diskann,100000,1,w2_1,886,2.432792,1.0,10,,scalar_first_exact
pg-diskann,100000,1,w2_1,706,2.523916,1.0,10,,scalar_first_exact
pg-diskann,100000,1,w2_1,689,4.045375,1.0,10,,scalar_first_exact
pg-diskann,100000,1,w2_1,863,2.89075,1.0,10,,scalar_first_exact
pg-diskann,100000,1,w2_1,320,4.541583,1.0,10,,scalar_first_exact
pg-diskann,100000,1,w2_1,956,2.801125,1.0,10,,scalar_first_exact
pg-diskann,100000,1,w2_1,926,3.309916,1.0,10,,scalar_first_exact
pg-diskann,100000,1,w2_1,614,3.184542,1.0,10,,scalar_first_exact
pg-diskann,100000,1,w2_1,402,2.800333,1.0,10,,scalar_first_exact
pg-diskann,100000,1,w2_1,784,3.878959,1.0,10,,scalar_first_exact
pg-diskann,100000,1,w2_1,813,2.988417,1.0,10,,scalar_first_exact
pg-diskann,100000,1,w2_1,256,2.672709,1.0,10,,scalar_first_exact
pg-diskann,100000,1,w2_1,579,2.887125,1.0,10,,scalar_first_exact
pg-diskann,100000,1,w2_1,137,2.982375,1.0,10,,scalar_first_exact
pg-diskann,100000,1,w2_1,727,2.5695,1.0,10,,scalar_first_exact
pg-diskann,100000,1,w2_1,295,2.406625,1.0,10,,scalar_first_exact
pg-diskann,100000,1,w2_1,165,2.567,1.0,10,,scalar_first_exact
pg-diskann,100000,1,w2_1,103,2.484875,1.0,10,,scalar_first_exact
pg-diskann,100000,1,w2_1,713,2.76625,1.0,10,,scalar_first_exact
pg-diskann,100000,1,w2_1,884,2.704416,1.0,10,,scalar_first_exact
pg-diskann,100000,1,w2_1,639,2.708834,1.0,10,,scalar_first_exact
pg-diskann,100000,1,w2_1,502,2.673917,1.0,10,,scalar_first_exact
pg-diskann,100000,1,w2_1,749,2.430875,1.0,10,,scalar_first_exact
pg-diskann,100000,1,w2_1,562,2.820625,1.0,10,,scalar_first_exact
pg-diskann,100000,1,w2_1,752,2.732333,1.0,10,,scalar_first_exact
pg-diskann,100000,1,w2_1,607,2.500416,1.0,10,,scalar_first_exact
pg-diskann,100000,1,w2_1,449,2.687208,1.0,10,,scalar_first_exact
pg-diskann,100000,1,w2_1,556,2.665709,1.0,10,,scalar_first_exact
pg-diskann,100000,1,w2_1,655,2.739917,1.0,10,,scalar_first_exact
pg-diskann,100000,1,w2_1,895,2.390458,1.0,10,,scalar_first_exact
pg-diskann,100000,1,w2_1,298,2.839,1.0,10,,scalar_first_exact
pg-diskann,100000,1,w2_1,429,2.287667,1.0,10,,scalar_first_exact
pg-diskann,100000,1,w2_1,267,2.561458,1.0,10,,scalar_first_exact
pg-diskann,100000,1,w2_1,379,2.349042,1.0,10,,scalar_first_exact
pg-diskann,100000,1,w2_1,943,4.215333,1.0,10,,scalar_first_exact
pg-diskann,100000,1,w2_1,870,2.745542,1.0,10,,scalar_first_exact
pg-diskann,100000,1,w2_1,482,3.76825,1.0,10,,scalar_first_exact
pg-diskann,100000,1,w2_1,258,2.848083,1.0,10,,scalar_first_exact
pg-diskann,100000,1,w2_1,120,2.515042,1.0,10,,scalar_first_exact
pg-diskann,100000,1,w2_1,483,2.354708,1.0,10,,scalar_first_exact
pg-diskann,100000,1,w2_1,133,2.839084,1.0,10,,scalar_first_exact
pg-diskann,100000,1,w2_1,284,2.627625,1.0,10,,scalar_first_exact
pg-diskann,100000,1,w2_1,128,2.89525,1.0,10,,scalar_first_exact
pg-diskann,100000,1,w2_1,494,2.699291,1.0,10,,scalar_first_exact
pg-diskann,100000,1,w2_1,747,2.514042,1.0,10,,scalar_first_exact
pg-diskann,100000,1,w2_1,447,2.322,1.0,10,,scalar_first_exact
pg-diskann,100000,1,w2_1,845,2.53175,1.0,10,,scalar_first_exact
pg-diskann,100000,1,w2_1,664,2.974917,1.0,10,,scalar_first_exact
pg-diskann,100000,1,w2_1,570,2.617833,1.0,10,,scalar_first_exact
pg-diskann,100000,1,w2_1,463,2.62575,1.0,10,,scalar_first_exact
pg-diskann,100000,1,w2_1,531,2.744084,1.0,10,,scalar_first_exact
pg-diskann,100000,1,w2_1,909,2.25325,1.0,10,,scalar_first_exact
pg-diskann,100000,1,w2_1,266,2.883125,1.0,10,,scalar_first_exact
pg-diskann,100000,1,w2_1,292,2.198333,1.0,10,,scalar_first_exact
pg-diskann,100000,1,w2_1,151,2.440708,1.0,10,,scalar_first_exact
pg-diskann,100000,1,w2_1,916,2.501209,1.0,10,,scalar_first_exact
pg-diskann,100000,1,w2_1,213,2.534833,1.0,10,,scalar_first_exact
pg-diskann,100000,1,w2_1,207,2.24025,1.0,10,,scalar_first_exact
pg-diskann,100000,1,w2_1,265,2.873,1.0,10,,scalar_first_exact
pg-diskann,100000,1,w2_1,912,2.234083,1.0,10,,scalar_first_exact
pg-diskann,100000,1,w2_1,902,2.608459,1.0,10,,scalar_first_exact
pg-diskann,100000,1,w2_1,669,2.21175,1.0,10,,scalar_first_exact
pg-diskann,100000,1,w2_1,113,2.632833,1.0,10,,scalar_first_exact
pg-diskann,100000,1,w2_1,964,2.719125,1.0,10,,scalar_first_exact
pg-diskann,100000,1,w2_1,363,2.438459,1.0,10,,scalar_first_exact
pg-diskann,100000,1,w2_1,775,2.289458,1.0,10,,scalar_first_exact
pg-diskann,100000,1,w2_1,204,2.301292,1.0,10,,scalar_first_exact
pg-diskann,100000,1,w2_1,981,2.241333,1.0,10,,scalar_first_exact
pg-diskann,100000,1,w2_1,810,2.406709,1.0,10,,scalar_first_exact
pg-diskann,100000,1,w2_1,299,2.400333,1.0,10,,scalar_first_exact
pg-diskann,100000,1,w2_1,132,2.2225,1.0,10,,scalar_first_exact
pg-diskann,100000,1,w2_1,871,2.477833,1.0,10,,scalar_first_exact
pg-diskann,100000,1,w2_1,848,2.618542,1.0,10,,scalar_first_exact
pg-diskann,100000,1,w2_1,275,2.2475,1.0,10,,scalar_first_exact
pg-diskann,100000,1,w2_1,716,2.631083,1.0,10,,scalar_first_exact
pg-diskann,100000,1,w2_1,533,2.71575,1.0,10,,scalar_first_exact
pg-diskann,100000,1,w2_1,322,2.67625,1.0,10,,scalar_first_exact
pg-diskann,100000,1,w2_1,549,2.749209,1.0,10,,scalar_first_exact
pg-diskann,100000,1,w2_1,771,2.635958,1.0,10,,scalar_first_exact
pg-diskann,100000,1,w2_1,681,2.309458,1.0,10,,scalar_first_exact
pg-diskann,100000,1,w2_1,705,2.42175,1.0,10,,scalar_first_exact
pg-diskann,100000,1,w2_1,126,3.004875,1.0,10,,scalar_first_exact
pg-diskann,100000,1,w2_1,686,1.911958,1.0,10,,scalar_first_exact
pg-diskann,100000,1,w2_1,779,2.36025,1.0,10,,scalar_first_exact
pg-diskann,100000,1,w2_1,715,2.420125,1.0,10,,scalar_first_exact
pg-diskann,100000,1,w2_1,695,5.086584,1.0,10,,scalar_first_exact
pg-diskann,100000,1,w2_1,699,3.025209,1.0,10,,scalar_first_exact
pg-diskann,100000,1,w2_1,872,2.652167,1.0,10,,scalar_first_exact
pg-diskann,100000,1,w2_1,756,4.021416,1.0,10,,scalar_first_exact
pg-diskann,100000,1,w2_1,637,3.962583,1.0,10,,scalar_first_exact
pg-diskann,100000,1,w2_1,982,2.660458,1.0,10,,scalar_first_exact
pg-diskann,100000,1,w2_1,203,2.6215,1.0,10,,scalar_first_exact
pg-diskann,100000,1,w2_1,751,4.84625,1.0,10,,scalar_first_exact
pg-diskann,100000,1,w2_1,769,3.546916,1.0,10,,scalar_first_exact
pg-diskann,100000,1,w2_1,836,3.248416,1.0,10,,scalar_first_exact
pg-diskann,100000,1,w2_1,466,3.653417,1.0,10,,scalar_first_exact
pg-diskann,100000,1,w2_1,351,5.061083,1.0,10,,scalar_first_exact
pg-diskann,100000,1,w2_1,439,2.91225,1.0,10,,scalar_first_exact
pg-diskann,100000,1,w2_1,303,2.906083,1.0,10,,scalar_first_exact
pg-diskann,100000,1,w2_1,645,3.094208,1.0,10,,scalar_first_exact
pg-diskann,100000,1,w2_1,787,3.306875,1.0,10,,scalar_first_exact
pg-diskann,100000,1,w2_1,391,3.117292,1.0,10,,scalar_first_exact
pg-diskann,100000,1,w2_1,241,3.178583,1.0,10,,scalar_first_exact
pg-diskann,100000,1,w2_1,212,2.689917,1.0,10,,scalar_first_exact
pg-diskann,100000,1,w2_1,154,3.044625,1.0,10,,scalar_first_exact
pg-diskann,100000,1,w2_1,491,2.67025,1.0,10,,scalar_first_exact
pg-diskann,100000,1,w2_1,908,4.056416,1.0,10,,scalar_first_exact
pg-diskann,100000,1,w2_1,950,2.86225,1.0,10,,scalar_first_exact
pg-diskann,100000,1,w2_1,190,3.152417,1.0,10,,scalar_first_exact
pg-diskann,100000,1,w2_1,798,2.94575,1.0,10,,scalar_first_exact
pg-diskann,100000,1,w2_1,360,2.717959,1.0,10,,scalar_first_exact
pg-diskann,100000,1,w2_1,814,4.485834,1.0,10,,scalar_first_exact
pg-diskann,100000,1,w2_1,791,3.064417,1.0,10,,scalar_first_exact
pg-diskann,100000,1,w2_1,403,2.692834,1.0,10,,scalar_first_exact
pg-diskann,100000,1,w2_1,405,3.009791,1.0,10,,scalar_first_exact
pg-diskann,100000,1,w2_1,205,2.756625,1.0,10,,scalar_first_exact
pg-diskann,100000,1,w2_1,876,5.668917,1.0,10,,scalar_first_exact
pg-diskann,100000,1,w2_1,593,2.951542,1.0,10,,scalar_first_exact
pg-diskann,100000,1,w2_1,200,3.253584,1.0,10,,scalar_first_exact
pg-diskann,100000,1,w2_1,423,2.927,1.0,10,,scalar_first_exact
pg-diskann,100000,1,w2_1,532,2.287708,1.0,10,,scalar_first_exact
pg-diskann,100000,1,w2_1,131,3.044375,1.0,10,,scalar_first_exact
pg-diskann,100000,1,w2_1,575,2.891125,1.0,10,,scalar_first_exact
pg-diskann,100000,1,w2_1,704,2.523625,1.0,10,,scalar_first_exact
pg-diskann,100000,1,w2_1,176,3.573542,1.0,10,,scalar_first_exact
pg-diskann,100000,1,w2_1,149,3.083875,1.0,10,,scalar_first_exact
pg-diskann,100000,1,w2_1,898,5.396958,1.0,10,,scalar_first_exact
pg-diskann,100000,1,w2_1,678,2.692167,1.0,10,,scalar_first_exact
pg-diskann,100000,1,w2_1,301,2.474167,1.0,10,,scalar_first_exact
pg-diskann,100000,1,w2_1,458,3.964792,1.0,10,,scalar_first_exact
pg-diskann,100000,1,w2_1,968,3.156167,1.0,10,,scalar_first_exact
pg-diskann,100000,1,w2_1,191,4.2965,1.0,10,,scalar_first_exact
pg-diskann,100000,1,w2_1,687,2.970625,1.0,10,,scalar_first_exact
pg-diskann,100000,1,w2_1,223,5.164375,1.0,10,,scalar_first_exact
pg-diskann,100000,1,w2_1,914,2.585209,1.0,10,,scalar_first_exact
pg-diskann,100000,1,w2_1,905,5.612709,1.0,10,,scalar_first_exact
pg-diskann,100000,1,w2_1,776,2.764333,1.0,10,,scalar_first_exact
pg-diskann,100000,1,w2_1,219,2.805042,1.0,10,,scalar_first_exact
pg-diskann,100000,1,w2_1,115,2.541834,1.0,10,,scalar_first_exact
pg-diskann,100000,1,w2_1,377,2.931083,1.0,10,,scalar_first_exact
pg-diskann,100000,1,w2_1,382,3.13175,1.0,10,,scalar_first_exact
pg-diskann,100000,1,w2_1,688,3.394125,1.0,10,,scalar_first_exact
pg-diskann,100000,1,w2_1,972,5.875791,1.0,10,,scalar_first_exact
pg-diskann,100000,1,w2_1,236,2.751084,1.0,10,,scalar_first_exact
pg-diskann,100000,1,w2_1,605,2.5785,1.0,10,,scalar_first_exact
pg-diskann,100000,1,w2_1,231,3.964,1.0,10,,scalar_first_exact
pg-diskann,100000,1,w2_1,394,3.332792,1.0,10,,scalar_first_exact
pg-diskann,100000,1,w2_1,193,5.1585,1.0,10,,scalar_first_exact
pg-diskann,100000,1,w2_1,832,2.939625,1.0,10,,scalar_first_exact
pg-diskann,100000,1,w2_1,807,3.219375,1.0,10,,scalar_first_exact
pg-diskann,100000,1,w2_1,484,2.464083,1.0,10,,scalar_first_exact
pg-diskann,100000,1,w2_1,830,3.288625,1.0,10,,scalar_first_exact
pg-diskann,100000,1,w2_1,340,2.882458,1.0,10,,scalar_first_exact
pg-diskann,100000,1,w2_1,305,3.434916,1.0,10,,scalar_first_exact
pg-diskann,100000,1,w2_1,312,5.712709,1.0,10,,scalar_first_exact
pg-diskann,100000,1,w2_1,100,2.246042,1.0,10,,scalar_first_exact
pg-diskann,100000,1,w2_1,216,2.749042,1.0,10,,scalar_first_exact
pg-diskann,100000,1,w2_1,730,3.04825,1.0,10,,scalar_first_exact
pg-diskann,100000,1,w2_1,643,2.675208,1.0,10,,scalar_first_exact
pg-diskann,100000,1,w2_1,156,6.123084,1.0,10,,scalar_first_exact
pg-diskann,100000,1,w2_1,535,2.644458,1.0,10,,scalar_first_exact
pg-diskann,100000,1,w2_1,856,4.578833,1.0,10,,scalar_first_exact
pg-diskann,100000,1,w2_1,519,3.205292,1.0,10,,scalar_first_exact
pg-diskann,100000,1,w2_1,940,2.754625,1.0,10,,scalar_first_exact
pg-diskann,100000,1,w2_1,952,7.174292,1.0,10,,scalar_first_exact
pg-diskann,100000,1,w2_1,717,5.719958,1.0,10,,scalar_first_exact
pg-diskann,100000,1,w2_1,512,2.50425,1.0,10,,scalar_first_exact
pg-diskann,100000,1,w2_1,736,4.681625,1.0,10,,scalar_first_exact
pg-diskann,100000,1,w2_1,618,3.036875,1.0,10,,scalar_first_exact
pg-diskann,100000,1,w2_1,461,5.462042,1.0,10,,scalar_first_exact
pg-diskann,100000,1,w2_1,864,2.694292,1.0,10,,scalar_first_exact
pg-diskann,100000,1,w2_1,755,5.209625,1.0,10,,scalar_first_exact
pg-diskann,100000,1,w2_1,644,2.881334,1.0,10,,scalar_first_exact
pg-diskann,100000,1,w2_1,932,5.684042,1.0,10,,scalar_first_exact
pg-diskann,100000,1,w2_1,375,2.885583,1.0,10,,scalar_first_exact
pg-diskann,100000,1,w2_1,619,4.767333,1.0,10,,scalar_first_exact
pg-diskann,100000,1,w2_1,631,2.978709,1.0,10,,scalar_first_exact
pg-diskann,100000,1,w2_1,671,4.744833,1.0,10,,scalar_first_exact
pg-diskann,100000,1,w2_1,521,2.453709,1.0,10,,scalar_first_exact
pg-diskann,100000,1,w2_1,552,7.715958,1.0,10,,scalar_first_exact
pg-diskann,100000,1,w2_1,540,2.6295,1.0,10,,scalar_first_exact
pg-diskann,100000,1,w2_1,334,4.540833,1.0,10,,scalar_first_exact
pg-diskann,100000,1,w2_1,196,3.005041,1.0,10,,scalar_first_exact
pg-diskann,100000,1,w2_1,692,5.860916,1.0,10,,scalar_first_exact
pg-diskann,100000,1,w2_1,401,3.104041,1.0,10,,scalar_first_exact
pg-diskann,100000,1,w2_1,985,4.509708,1.0,10,,scalar_first_exact
pg-diskann,100000,1,w2_1,802,3.061042,1.0,10,,scalar_first_exact
pg-diskann,100000,1,w2_1,840,2.747125,1.0,10,,scalar_first_exact
pg-diskann,100000,1,w2_1,675,2.81825,1.0,10,,scalar_first_exact
pg-diskann,100000,1,w2_1,632,2.608875,1.0,10,,scalar_first_exact
pg-diskann,100000,1,w2_1,554,4.760792,1.0,10,,scalar_first_exact
pg-diskann,100000,1,w2_1,584,2.948209,1.0,10,,scalar_first_exact
pg-diskann,100000,1,w2_1,698,5.302792,1.0,10,,scalar_first_exact
pg-diskann,100000,1,w2_1,754,3.181875,1.0,10,,scalar_first_exact
pg-diskann,100000,1,w2_1,158,4.719541,1.0,10,,scalar_first_exact
pg-diskann,100000,1,w2_1,933,3.321375,1.0,10,,scalar_first_exact
pg-diskann,100000,1,w2_1,557,5.930791,1.0,10,,scalar_first_exact
pg-diskann,100000,1,w2_1,790,3.116458,1.0,10,,scalar_first_exact
pg-diskann,100000,1,w2_1,620,4.956792,1.0,10,,scalar_first_exact
pg-diskann,100000,1,w2_1,497,3.255417,1.0,10,,scalar_first_exact
pg-diskann,100000,1,w2_1,398,3.039333,1.0,10,,scalar_first_exact
pg-diskann,100000,1,w2_1,748,2.855833,1.0,10,,scalar_first_exact
pg-diskann,100000,1,w2_1,138,2.384625,1.0,10,,scalar_first_exact
pg-diskann,100000,1,w2_1,583,4.022167,1.0,10,,scalar_first_exact
pg-diskann,100000,1,w2_1,218,2.704958,1.0,10,,scalar_first_exact
pg-diskann,100000,1,w2_1,628,5.734125,1.0,10,,scalar_first_exact
pg-diskann,100000,1,w2_1,235,2.767875,1.0,10,,scalar_first_exact
pg-diskann,100000,1,w2_1,571,5.817208,1.0,10,,scalar_first_exact
pg-diskann,100000,1,w2_1,677,3.39575,1.0,10,,scalar_first_exact
pg-diskann,100000,1,w2_1,641,3.519375,1.0,10,,scalar_first_exact
pg-diskann,100000,1,w2_1,238,2.9455,1.0,10,,scalar_first_exact
pg-diskann,100000,1,w2_1,269,2.526458,1.0,10,,scalar_first_exact
pg-diskann,100000,1,w2_1,415,6.009708,1.0,10,,scalar_first_exact
pg-diskann,100000,1,w2_1,866,5.461625,1.0,10,,scalar_first_exact
pg-diskann,100000,1,w2_1,894,3.415917,1.0,10,,scalar_first_exact
pg-diskann,100000,1,w2_1,192,5.596542,1.0,10,,scalar_first_exact
pg-diskann,100000,1,w2_1,225,3.197541,1.0,10,,scalar_first_exact
pg-diskann,100000,1,w2_1,392,4.911417,1.0,10,,scalar_first_exact
pg-diskann,100000,1,w2_1,948,3.076792,1.0,10,,scalar_first_exact
pg-diskann,100000,1,w2_1,208,5.193042,1.0,10,,scalar_first_exact
pg-diskann,100000,1,w2_1,325,3.319542,1.0,10,,scalar_first_exact
pg-diskann,100000,1,w2_1,534,5.369625,1.0,10,,scalar_first_exact
pg-diskann,100000,1,w2_1,640,3.1155,1.0,10,,scalar_first_exact
pg-diskann,100000,1,w2_1,368,5.323167,1.0,10,,scalar_first_exact
pg-diskann,100000,1,w2_1,694,3.012458,1.0,10,,scalar_first_exact
pg-diskann,100000,1,w2_1,129,2.908416,1.0,10,,scalar_first_exact
pg-diskann,100000,1,w2_1,237,3.533,1.0,10,,scalar_first_exact
pg-diskann,100000,1,w2_1,367,2.648542,1.0,10,,scalar_first_exact
pg-diskann,100000,1,w2_1,514,2.771917,1.0,10,,scalar_first_exact
pg-diskann,100000,1,w2_1,633,3.438542,1.0,10,,scalar_first_exact
pg-diskann,100000,1,w2_1,819,4.804334,1.0,10,,scalar_first_exact
pg-diskann,100000,1,w2_1,647,2.876334,1.0,10,,scalar_first_exact
pg-diskann,100000,1,w2_1,701,2.494125,1.0,10,,scalar_first_exact
pg-diskann,100000,1,w2_1,308,3.867625,1.0,10,,scalar_first_exact
pg-diskann,100000,1,w2_1,624,2.824,1.0,10,,scalar_first_exact
pg-diskann,100000,1,w2_1,333,5.619542,1.0,10,,scalar_first_exact
pg-diskann,100000,1,w2_1,854,3.405416,1.0,10,,scalar_first_exact
pg-diskann,100000,1,w2_1,712,5.779833,1.0,10,,scalar_first_exact
pg-diskann,100000,1,w2_1,143,2.954917,1.0,10,,scalar_first_exact
pg-diskann,100000,1,w2_1,659,4.311333,1.0,10,,scalar_first_exact
pg-diskann,100000,1,w2_1,111,3.293709,1.0,10,,scalar_first_exact
pg-diskann,100000,1,w2_1,501,4.864167,1.0,10,,scalar_first_exact
pg-diskann,100000,1,w2_1,679,3.017458,1.0,10,,scalar_first_exact
pg-diskann,100000,1,w2_1,762,5.714166,1.0,10,,scalar_first_exact
pg-diskann,100000,1,w2_1,893,3.009542,1.0,10,,scalar_first_exact
pg-diskann,100000,1,w2_1,801,4.729542,1.0,10,,scalar_first_exact
pg-diskann,100000,1,w2_1,424,2.882416,1.0,10,,scalar_first_exact
pg-diskann,100000,1,w2_1,889,6.511666,1.0,10,,scalar_first_exact
pg-diskann,100000,1,w2_1,731,3.140417,1.0,10,,scalar_first_exact
pg-diskann,100000,1,w2_1,997,4.284917,1.0,10,,scalar_first_exact
pg-diskann,100000,1,w2_1,961,2.975042,1.0,10,,scalar_first_exact
pg-diskann,100000,1,w2_1,629,5.432792,1.0,10,,scalar_first_exact
pg-diskann,100000,1,w2_1,797,3.362125,1.0,10,,scalar_first_exact
pg-diskann,100000,1,w2_1,650,4.878666,1.0,10,,scalar_first_exact
pg-diskann,100000,1,w2_1,541,2.963916,1.0,10,,scalar_first_exact
pg-diskann,100000,1,w2_1,867,5.832459,1.0,10,,scalar_first_exact
pg-diskann,100000,1,w2_1,670,3.188958,1.0,10,,scalar_first_exact
pg-diskann,100000,1,w2_1,279,5.332709,1.0,10,,scalar_first_exact
pg-diskann,100000,1,w2_1,990,2.406125,1.0,10,,scalar_first_exact
pg-diskann,100000,1,w2_1,430,4.769708,1.0,10,,scalar_first_exact
pg-diskann,100000,1,w2_1,995,2.812333,1.0,10,,scalar_first_exact
pg-diskann,100000,1,w2_1,803,5.834333,1.0,10,,scalar_first_exact
pg-diskann,100000,1,w2_1,488,3.004209,1.0,10,,scalar_first_exact
pg-diskann,100000,1,w2_1,573,11.337708,1.0,10,,scalar_first_exact
pg-diskann,100000,1,w2_1,957,3.456917,1.0,10,,scalar_first_exact
pg-diskann,100000,1,w2_1,693,3.614167,1.0,10,,scalar_first_exact
pg-diskann,100000,1,w2_1,348,2.63275,1.0,10,,scalar_first_exact
pg-diskann,100000,1,w2_1,500,3.202541,1.0,10,,scalar_first_exact
pg-diskann,100000,1,w2_1,975,2.73325,1.0,10,,scalar_first_exact
pg-diskann,100000,1,w2_1,220,2.851958,1.0,10,,scalar_first_exact
pg-diskann,100000,1,w2_1,358,2.992041,1.0,10,,scalar_first_exact
pg-diskann,100000,1,w2_1,773,3.166209,1.0,10,,scalar_first_exact
pg-diskann,100000,1,w2_1,451,3.194666,1.0,10,,scalar_first_exact
pg-diskann,100000,1,w2_1,768,2.861,1.0,10,,scalar_first_exact
pg-diskann,100000,1,w2_1,831,2.667542,1.0,10,,scalar_first_exact
pg-diskann,100000,1,w2_1,800,2.989875,1.0,10,,scalar_first_exact
pg-diskann,100000,1,w2_1,148,2.99975,1.0,10,,scalar_first_exact
pg-diskann,100000,1,w2_1,434,2.850125,1.0,10,,scalar_first_exact
pg-diskann,100000,1,w2_1,498,2.737417,1.0,10,,scalar_first_exact
pg-diskann,100000,1,w2_1,559,2.353583,1.0,10,,scalar_first_exact
pg-diskann,100000,1,w2_1,144,2.479,1.0,10,,scalar_first_exact
pg-diskann,100000,1,w2_1,134,3.524875,1.0,10,,scalar_first_exact
pg-diskann,100000,1,w2_1,788,7.201208,1.0,10,,scalar_first_exact
pg-diskann,100000,1,w2_1,271,3.262708,1.0,10,,scalar_first_exact
pg-diskann,100000,1,w2_1,136,2.681,1.0,10,,scalar_first_exact
pg-diskann,100000,1,w2_1,729,3.1155,1.0,10,,scalar_first_exact
pg-diskann,100000,1,w2_1,658,2.71025,1.0,10,,scalar_first_exact
pg-diskann,100000,1,w2_1,923,3.321458,1.0,10,,scalar_first_exact
pg-diskann,100000,1,w2_1,315,2.811833,1.0,10,,scalar_first_exact
pg-diskann,100000,1,w2_1,157,3.128375,1.0,10,,scalar_first_exact
pg-diskann,100000,1,w2_1,939,2.878833,1.0,10,,scalar_first_exact
pg-diskann,100000,1,w2_1,892,2.865541,1.0,10,,scalar_first_exact
pg-diskann,100000,1,w2_1,724,2.821708,1.0,10,,scalar_first_exact
pg-diskann,100000,1,w2_1,153,3.126417,1.0,10,,scalar_first_exact
pg-diskann,100000,1,w2_1,663,3.801667,1.0,10,,scalar_first_exact
pg-diskann,100000,1,w2_1,252,2.742667,1.0,10,,scalar_first_exact
pg-diskann,100000,1,w2_1,243,2.5295,1.0,10,,scalar_first_exact
pg-diskann,100000,1,w2_1,922,3.721708,1.0,10,,scalar_first_exact
pg-diskann,100000,1,w2_1,980,2.919666,1.0,10,,scalar_first_exact
pg-diskann,100000,1,w2_1,244,2.668917,1.0,10,,scalar_first_exact
pg-diskann,100000,1,w2_1,246,2.691542,1.0,10,,scalar_first_exact
pg-diskann,100000,1,w2_1,527,2.4565,1.0,10,,scalar_first_exact
pg-diskann,100000,1,w2_1,777,2.678375,1.0,10,,scalar_first_exact
pg-diskann,100000,1,w2_1,316,2.735625,1.0,10,,scalar_first_exact
pg-diskann,100000,1,w2_1,962,2.703542,1.0,10,,scalar_first_exact
pg-diskann,100000,1,w2_1,471,2.828458,1.0,10,,scalar_first_exact
pg-diskann,100000,1,w2_1,720,3.606583,1.0,10,,scalar_first_exact
pg-diskann,100000,1,w2_1,648,4.006417,1.0,10,,scalar_first_exact
pg-diskann,100000,1,w2_1,337,3.30375,1.0,10,,scalar_first_exact
pg-diskann,100000,1,w2_1,824,3.156459,1.0,10,,scalar_first_exact
pg-diskann,100000,1,w2_1,524,2.8965,1.0,10,,scalar_first_exact
pg-diskann,100000,1,w2_1,770,3.205625,1.0,10,,scalar_first_exact
pg-diskann,100000,1,w2_1,578,3.172458,1.0,10,,scalar_first_exact
pg-diskann,100000,1,w2_1,657,3.162709,1.0,10,,scalar_first_exact
pg-diskann,100000,1,w2_1,310,2.629583,1.0,10,,scalar_first_exact
pg-diskann,100000,1,w2_1,841,2.775166,1.0,10,,scalar_first_exact
pg-diskann,100000,1,w2_1,335,3.16725,1.0,10,,scalar_first_exact
pg-diskann,100000,1,w2_1,240,2.333334,1.0,10,,scalar_first_exact
pg-diskann,100000,1,w2_1,336,2.748542,1.0,10,,scalar_first_exact
pg-diskann,100000,1,w2_1,479,3.545875,1.0,10,,scalar_first_exact
pg-diskann,100000,1,w2_1,339,3.059666,1.0,10,,scalar_first_exact
pg-diskann,100000,1,w2_1,615,2.687667,1.0,10,,scalar_first_exact
pg-diskann,100000,1,w2_1,949,3.183083,1.0,10,,scalar_first_exact
pg-diskann,100000,1,w2_1,283,2.653709,1.0,10,,scalar_first_exact
pg-diskann,100000,1,w2_1,741,2.883125,1.0,10,,scalar_first_exact
pg-diskann,100000,1,w2_1,925,3.17625,1.0,10,,scalar_first_exact
pg-diskann,100000,1,w2_1,576,2.654542,1.0,10,,scalar_first_exact
pg-diskann,100000,1,w2_1,107,2.505375,1.0,10,,scalar_first_exact
pg-diskann,100000,1,w2_1,998,2.265958,1.0,10,,scalar_first_exact
pg-diskann,100000,1,w2_1,520,2.283166,1.0,10,,scalar_first_exact
pg-diskann,100000,1,w2_1,338,2.395833,1.0,10,,scalar_first_exact
pg-diskann,100000,1,w2_1,162,3.380667,1.0,10,,scalar_first_exact
pg-diskann,100000,1,w2_1,147,3.005167,1.0,10,,scalar_first_exact
pg-diskann,100000,1,w2_1,613,2.667583,1.0,10,,scalar_first_exact
pg-diskann,100000,1,w2_1,654,2.583041,1.0,10,,scalar_first_exact
pg-diskann,100000,1,w2_1,621,2.221625,1.0,10,,scalar_first_exact
pg-diskann,100000,1,w2_1,820,2.770792,1.0,10,,scalar_first_exact
pg-diskann,100000,1,w2_1,642,3.382375,1.0,10,,scalar_first_exact
pg-diskann,100000,1,w2_1,786,2.674875,1.0,10,,scalar_first_exact
pg-diskann,100000,1,w2_1,696,2.350916,1.0,10,,scalar_first_exact
pg-diskann,100000,1,w2_1,665,2.563333,1.0,10,,scalar_first_exact
pg-diskann,100000,1,w2_1,846,2.835667,1.0,10,,scalar_first_exact
pg-diskann,100000,1,w2_1,175,2.612791,1.0,10,,scalar_first_exact
pg-diskann,100000,1,w2_1,582,2.936208,1.0,10,,scalar_first_exact
pg-diskann,100000,1,w2_1,353,2.852334,1.0,10,,scalar_first_exact
pg-diskann,100000,1,w2_1,523,2.695292,1.0,10,,scalar_first_exact
pg-diskann,100000,1,w2_1,493,2.666667,1.0,10,,scalar_first_exact
pg-diskann,100000,1,w2_1,785,2.662583,1.0,10,,scalar_first_exact
pg-diskann,100000,1,w2_1,560,2.741583,1.0,10,,scalar_first_exact
pg-diskann,100000,1,w2_1,567,2.716542,1.0,10,,scalar_first_exact
pg-diskann,100000,1,w2_1,217,3.169291,1.0,10,,scalar_first_exact
pg-diskann,100000,1,w2_1,674,2.465875,1.0,10,,scalar_first_exact
pg-diskann,100000,1,w2_1,792,2.359125,1.0,10,,scalar_first_exact
pg-diskann,100000,1,w2_1,608,2.625958,1.0,10,,scalar_first_exact
pg-diskann,100000,1,w2_1,781,2.350375,1.0,10,,scalar_first_exact
pg-diskann,100000,1,w2_1,585,2.3185,1.0,10,,scalar_first_exact
pg-diskann,100000,1,w2_1,288,2.007167,1.0,10,,scalar_first_exact
pg-diskann,100000,1,w2_1,194,1.967375,1.0,10,,scalar_first_exact
pg-diskann,100000,1,w2_1,759,2.332333,1.0,10,,scalar_first_exact
pg-diskann,100000,1,w2_1,708,3.449041,1.0,10,,scalar_first_exact
pg-diskann,100000,1,w2_1,454,2.761917,1.0,10,,scalar_first_exact
pg-diskann,100000,1,w2_1,873,2.878583,1.0,10,,scalar_first_exact
pg-diskann,100000,1,w2_1,122,3.873041,1.0,10,,scalar_first_exact
pg-diskann,100000,1,w2_1,834,2.473584,1.0,10,,scalar_first_exact
pg-diskann,100000,1,w2_1,274,1.774208,1.0,10,,scalar_first_exact
pg-diskann,100000,1,w2_1,860,2.406875,1.0,10,,scalar_first_exact
pg-diskann,100000,1,w2_1,764,2.603,1.0,10,,scalar_first_exact
pg-diskann,100000,1,w2_1,899,2.662,1.0,10,,scalar_first_exact
pg-diskann,100000,1,w2_1,883,2.106292,1.0,10,,scalar_first_exact
pg-diskann,100000,1,w2_1,563,1.506,1.0,10,,scalar_first_exact
pg-diskann,100000,1,w2_1,930,2.387,1.0,10,,scalar_first_exact
pg-diskann,100000,1,w2_1,721,2.46925,1.0,10,,scalar_first_exact
pg-diskann,100000,1,w2_1,906,3.153916,1.0,10,,scalar_first_exact
pg-diskann,100000,1,w2_1,177,2.759625,1.0,10,,scalar_first_exact
pg-diskann,100000,1,w2_1,984,2.983208,1.0,10,,scalar_first_exact
pg-diskann,100000,1,w2_1,973,3.2315,1.0,10,,scalar_first_exact
pg-diskann,100000,1,w2_1,937,2.80625,1.0,10,,scalar_first_exact
pg-diskann,100000,1,w2_1,719,3.103916,1.0,10,,scalar_first_exact
pg-diskann,100000,1,w2_1,513,4.422167,1.0,10,,scalar_first_exact
pg-diskann,100000,1,w2_1,425,2.649,1.0,10,,scalar_first_exact
pg-diskann,100000,1,w2_1,372,3.611,1.0,10,,scalar_first_exact
pg-diskann,100000,1,w2_1,459,2.73225,1.0,10,,scalar_first_exact
pg-diskann,100000,1,w2_1,139,1.835916,1.0,10,,scalar_first_exact
pg-diskann,100000,1,w2_1,452,6.502167,1.0,10,,scalar_first_exact
pg-diskann,100000,1,w2_1,878,3.59325,1.0,10,,scalar_first_exact
pg-diskann,100000,1,w2_1,757,3.3225,1.0,10,,scalar_first_exact
pg-diskann,100000,1,w2_1,383,2.517916,1.0,10,,scalar_first_exact
pg-diskann,100000,1,w2_1,900,3.760875,1.0,10,,scalar_first_exact
pg-diskann,100000,1,w2_1,855,3.010584,1.0,10,,scalar_first_exact
pg-diskann,100000,1,w2_1,326,2.513458,1.0,10,,scalar_first_exact
pg-diskann,100000,1,w2_1,490,3.945417,1.0,10,,scalar_first_exact
pg-diskann,100000,1,w2_1,825,3.1095,1.0,10,,scalar_first_exact
pg-diskann,100000,1,w2_1,413,3.98975,1.0,10,,scalar_first_exact
pg-diskann,100000,1,w2_1,555,2.945166,1.0,10,,scalar_first_exact
pg-diskann,100000,1,w2_1,818,2.990625,1.0,10,,scalar_first_exact
pg-diskann,100000,1,w2_1,226,3.274542,1.0,10,,scalar_first_exact
pg-diskann,100000,1,w2_1,518,2.686542,1.0,10,,scalar_first_exact
pg-diskann,100000,1,w2_1,169,3.585833,1.0,10,,scalar_first_exact
pg-diskann,100000,1,w2_1,528,3.197167,1.0,10,,scalar_first_exact
pg-diskann,100000,1,w2_1,416,3.069333,1.0,10,,scalar_first_exact
pg-diskann,100000,1,w2_1,603,2.722,1.0,10,,scalar_first_exact
pg-diskann,100000,1,w2_1,185,2.863125,1.0,10,,scalar_first_exact
pg-diskann,100000,1,w2_1,896,2.709875,1.0,10,,scalar_first_exact
pg-diskann,100000,1,w2_1,897,2.819125,1.0,10,,scalar_first_exact
pg-diskann,100000,1,w2_1,420,2.993583,1.0,10,,scalar_first_exact
pg-diskann,100000,1,w2_1,794,2.662875,1.0,10,,scalar_first_exact
pg-diskann,100000,1,w2_1,868,2.835834,1.0,10,,scalar_first_exact
pg-diskann,100000,1,w2_1,974,3.098417,1.0,10,,scalar_first_exact
pg-diskann,100000,1,w2_1,758,2.61225,1.0,10,,scalar_first_exact
pg-diskann,100000,1,w2_1,381,2.64075,1.0,10,,scalar_first_exact
pg-diskann,100000,1,w2_1,804,2.56925,1.0,10,,scalar_first_exact
pg-diskann,100000,1,w2_1,504,2.602458,1.0,10,,scalar_first_exact
pg-diskann,100000,1,w2_1,944,2.778792,1.0,10,,scalar_first_exact
pg-diskann,100000,1,w2_1,548,2.769,1.0,10,,scalar_first_exact
pg-diskann,100000,1,w2_1,332,3.06225,1.0,10,,scalar_first_exact
pg-diskann,100000,1,w2_1,574,2.929791,1.0,10,,scalar_first_exact
pg-diskann,100000,1,w2_1,422,2.612916,1.0,10,,scalar_first_exact
pg-diskann,100000,1,w2_1,357,3.18325,1.0,10,,scalar_first_exact
pg-diskann,100000,1,w2_1,510,4.757709,1.0,10,,scalar_first_exact
pg-diskann,100000,1,w2_1,760,2.590167,1.0,10,,scalar_first_exact
pg-diskann,100000,1,w2_1,352,2.639542,1.0,10,,scalar_first_exact
pg-diskann,100000,1,w2_1,587,3.26325,1.0,10,,scalar_first_exact
pg-diskann,100000,1,w2_1,419,3.010333,1.0,10,,scalar_first_exact
pg-diskann,100000,1,w2_1,167,4.797125,1.0,10,,scalar_first_exact
pg-diskann,100000,1,w2_1,991,2.96175,1.0,10,,scalar_first_exact
pg-diskann,100000,1,w2_1,994,2.819125,1.0,10,,scalar_first_exact
pg-diskann,100000,1,w2_1,364,2.83275,1.0,10,,scalar_first_exact
pg-diskann,100000,1,w2_1,793,3.087083,1.0,10,,scalar_first_exact
pg-diskann,100000,1,w2_1,444,2.808334,1.0,10,,scalar_first_exact
pg-diskann,100000,1,w2_1,282,2.672375,1.0,10,,scalar_first_exact
pg-diskann,100000,1,w2_1,487,2.395083,1.0,10,,scalar_first_exact
pg-diskann,100000,1,w2_1,572,3.010417,1.0,10,,scalar_first_exact
pg-diskann,100000,1,w2_1,661,2.914417,1.0,10,,scalar_first_exact
pg-diskann,100000,1,w2_1,409,2.721417,1.0,10,,scalar_first_exact
pg-diskann,100000,1,w2_1,474,3.060916,1.0,10,,scalar_first_exact
pg-diskann,100000,1,w2_1,486,3.139875,1.0,10,,scalar_first_exact
pg-diskann,100000,1,w2_1,580,3.843291,1.0,10,,scalar_first_exact
pg-diskann,100000,1,w2_1,646,2.574459,1.0,10,,scalar_first_exact
pg-diskann,100000,1,w2_1,935,2.81875,1.0,10,,scalar_first_exact
pg-diskann,100000,1,w2_1,495,5.043708,1.0,10,,scalar_first_exact
pg-diskann,100000,1,w2_1,881,2.682959,1.0,10,,scalar_first_exact
pg-diskann,100000,1,w2_1,742,3.90975,1.0,10,,scalar_first_exact
pg-diskann,100000,1,w2_1,907,2.956833,1.0,10,,scalar_first_exact
pg-diskann,100000,1,w2_1,155,2.783666,1.0,10,,scalar_first_exact
pg-diskann,100000,1,w2_1,638,3.362875,1.0,10,,scalar_first_exact
pg-diskann,100000,1,w2_1,538,3.289084,1.0,10,,scalar_first_exact
pg-diskann,100000,1,w2_1,851,3.609292,1.0,10,,scalar_first_exact
pg-diskann,100000,1,w2_1,307,3.367417,1.0,10,,scalar_first_exact
pg-diskann,100000,1,w2_1,468,3.130375,1.0,10,,scalar_first_exact
pg-diskann,100000,1,w2_1,396,3.2405,1.0,10,,scalar_first_exact
pg-diskann,100000,1,w2_1,598,2.680708,1.0,10,,scalar_first_exact
pg-diskann,100000,1,w2_1,672,2.300541,1.0,10,,scalar_first_exact
pg-diskann,100000,1,w2_1,445,3.2235,1.0,10,,scalar_first_exact
pg-diskann,100000,1,w2_1,309,3.230292,1.0,10,,scalar_first_exact
pg-diskann,100000,1,w2_1,934,3.460125,1.0,10,,scalar_first_exact
pg-diskann,100000,1,w2_1,214,2.599875,1.0,10,,scalar_first_exact
pg-diskann,100000,1,w2_1,385,2.901625,1.0,10,,scalar_first_exact
pg-diskann,100000,1,w2_1,955,3.746083,1.0,10,,scalar_first_exact
pg-diskann,100000,1,w2_1,739,3.030375,1.0,10,,scalar_first_exact
pg-diskann,100000,1,w2_1,178,2.898417,1.0,10,,scalar_first_exact
pg-diskann,100000,1,w2_1,437,7.313,1.0,10,,scalar_first_exact
pg-diskann,100000,1,w2_1,359,2.712792,1.0,10,,scalar_first_exact
pg-diskann,100000,1,w2_1,145,2.861709,1.0,10,,scalar_first_exact
pg-diskann,100000,1,w2_1,600,2.539292,1.0,10,,scalar_first_exact
pg-diskann,100000,1,w2_1,304,2.821875,1.0,10,,scalar_first_exact
pg-diskann,100000,1,w2_1,160,2.666833,1.0,10,,scalar_first_exact
pg-diskann,100000,1,w2_1,599,2.633666,1.0,10,,scalar_first_exact
pg-diskann,100000,1,w2_1,432,2.752208,1.0,10,,scalar_first_exact
pg-diskann,100000,1,w2_1,602,2.779167,1.0,10,,scalar_first_exact
pg-diskann,100000,1,w2_1,594,2.823625,1.0,10,,scalar_first_exact
pg-diskann,100000,1,w2_1,753,3.268166,1.0,10,,scalar_first_exact
pg-diskann,100000,1,w2_1,996,2.781625,1.0,10,,scalar_first_exact
pg-diskann,100000,1,w2_1,350,2.771833,1.0,10,,scalar_first_exact
pg-diskann,100000,1,w2_1,795,2.977375,1.0,10,,scalar_first_exact
pg-diskann,100000,1,w2_1,700,2.676,1.0,10,,scalar_first_exact
pg-diskann,100000,1,w2_1,211,2.781583,1.0,10,,scalar_first_exact
pg-diskann,100000,1,w2_1,306,2.849292,1.0,10,,scalar_first_exact
pg-diskann,100000,1,w2_1,260,3.124959,1.0,10,,scalar_first_exact
pg-diskann,100000,1,w2_1,227,3.721875,1.0,10,,scalar_first_exact
pg-diskann,100000,1,w2_1,921,7.636791,1.0,10,,scalar_first_exact
pg-diskann,100000,1,w2_1,668,3.177583,1.0,10,,scalar_first_exact
pg-diskann,100000,1,w2_1,170,2.650083,1.0,10,,scalar_first_exact
pg-diskann,100000,1,w2_1,805,4.89425,1.0,10,,scalar_first_exact
pg-diskann,100000,1,w2_1,969,3.357667,1.0,10,,scalar_first_exact
pg-diskann,100000,1,w2_1,476,3.957459,1.0,10,,scalar_first_exact
pg-diskann,100000,1,w2_1,823,3.000542,1.0,10,,scalar_first_exact
pg-diskann,100000,1,w2_1,188,3.018958,1.0,10,,scalar_first_exact
pg-diskann,100000,1,w2_1,660,2.942375,1.0,10,,scalar_first_exact
pg-diskann,100000,1,w2_1,988,2.144166,1.0,10,,scalar_first_exact
pg-diskann,100000,1,w2_1,289,2.743125,1.0,10,,scalar_first_exact
pg-diskann,100000,1,w2_1,862,3.215417,1.0,10,,scalar_first_exact
pg-diskann,100000,1,w2_1,517,3.543458,1.0,10,,scalar_first_exact
pg-diskann,100000,1,w2_1,464,3.666875,1.0,10,,scalar_first_exact
pg-diskann,100000,1,w2_1,324,2.600792,1.0,10,,scalar_first_exact
pg-diskann,100000,1,w2_1,783,2.79525,1.0,10,,scalar_first_exact
pg-diskann,100000,1,w2_1,199,3.036625,1.0,10,,scalar_first_exact
pg-diskann,100000,1,w2_1,651,3.00425,1.0,10,,scalar_first_exact
pg-diskann,100000,1,w2_1,481,2.530125,1.0,10,,scalar_first_exact
pg-diskann,100000,1,w2_1,492,3.443416,1.0,10,,scalar_first_exact
pg-diskann,100000,1,w2_1,206,2.925958,1.0,10,,scalar_first_exact
pg-diskann,100000,1,w2_1,817,6.517958,1.0,10,,scalar_first_exact
pg-diskann,100000,1,w2_1,839,2.419291,1.0,10,,scalar_first_exact
pg-diskann,100000,1,w2_1,857,3.379042,1.0,10,,scalar_first_exact
pg-diskann,100000,1,w2_1,630,2.932167,1.0,10,,scalar_first_exact
pg-diskann,100000,1,w2_1,108,2.829375,1.0,10,,scalar_first_exact
pg-diskann,100000,1,w2_1,342,2.811583,1.0,10,,scalar_first_exact
pg-diskann,100000,1,w2_1,356,2.93925,1.0,10,,scalar_first_exact
pg-diskann,100000,1,w2_1,553,3.096375,1.0,10,,scalar_first_exact
pg-diskann,100000,1,w2_1,838,2.684541,1.0,10,,scalar_first_exact
pg-diskann,100000,1,w2_1,766,2.78,1.0,10,,scalar_first_exact
pg-diskann,100000,1,w2_1,411,2.8345,1.0,10,,scalar_first_exact
pg-diskann,100000,1,w2_1,806,3.230416,1.0,10,,scalar_first_exact
pg-diskann,100000,1,w2_1,901,2.848625,1.0,10,,scalar_first_exact
pg-diskann,100000,1,w2_1,733,4.008209,1.0,10,,scalar_first_exact
pg-diskann,100000,1,w2_1,971,2.7865,1.0,10,,scalar_first_exact
pg-diskann,100000,1,w2_1,595,2.91475,1.0,10,,scalar_first_exact
pg-diskann,100000,1,w2_1,183,3.229,1.0,10,,scalar_first_exact
pg-diskann,100000,1,w2_1,565,3.007417,1.0,10,,scalar_first_exact
pg-diskann,100000,1,w2_1,349,2.853166,1.0,10,,scalar_first_exact
pg-diskann,100000,1,w2_1,536,4.002875,1.0,10,,scalar_first_exact
pg-diskann,100000,1,w2_1,499,9.156625,1.0,10,,scalar_first_exact
pg-diskann,100000,1,w2_1,920,2.764458,1.0,10,,scalar_first_exact
pg-diskann,100000,1,w2_1,146,2.634208,1.0,10,,scalar_first_exact
pg-diskann,100000,1,w2_1,472,2.583791,1.0,10,,scalar_first_exact
pg-diskann,100000,1,w2_1,470,2.555209,1.0,10,,scalar_first_exact
pg-diskann,100000,1,w2_1,734,2.885958,1.0,10,,scalar_first_exact
pg-diskann,100000,1,w2_1,125,2.927834,1.0,10,,scalar_first_exact
pg-diskann,100000,1,w2_1,865,2.607834,1.0,10,,scalar_first_exact
pg-diskann,100000,1,w2_1,634,3.229667,1.0,10,,scalar_first_exact
pg-diskann,100000,1,w2_1,388,2.91475,1.0,10,,scalar_first_exact
pg-diskann,100000,1,w2_1,404,2.902833,1.0,10,,scalar_first_exact
pg-diskann,100000,1,w2_1,198,2.632625,1.0,10,,scalar_first_exact
pg-diskann,100000,1,w2_1,551,2.888916,1.0,10,,scalar_first_exact
pg-diskann,100000,1,w2_1,101,2.539167,1.0,10,,scalar_first_exact
pg-diskann,100000,1,w2_1,374,3.016958,1.0,10,,scalar_first_exact
pg-diskann,100000,1,w2_1,765,2.870417,1.0,10,,scalar_first_exact
pg-diskann,100000,1,w2_1,516,3.079042,1.0,10,,scalar_first_exact
pg-diskann,100000,1,w2_1,539,2.604125,1.0,10,,scalar_first_exact
pg-diskann,100000,1,w2_1,564,2.720958,1.0,10,,scalar_first_exact
pg-diskann,100000,1,w2_1,112,2.506,1.0,10,,scalar_first_exact
pg-diskann,100000,1,w2_1,951,2.806167,1.0,10,,scalar_first_exact
pg-diskann,100000,1,w2_1,239,2.514417,1.0,10,,scalar_first_exact
pg-diskann,100000,1,w2_1,261,3.181167,1.0,10,,scalar_first_exact
pg-diskann,100000,1,w2_1,684,4.991292,1.0,10,,scalar_first_exact
pg-diskann,100000,1,w2_1,442,2.680042,1.0,10,,scalar_first_exact
pg-diskann,100000,1,w2_1,328,2.752625,1.0,10,,scalar_first_exact
pg-diskann,100000,1,w2_1,515,2.635792,1.0,10,,scalar_first_exact
pg-diskann,100000,1,w2_1,809,2.643584,1.0,10,,scalar_first_exact
pg-diskann,100000,1,w2_1,250,3.669708,1.0,10,,scalar_first_exact
pg-diskann,100000,1,w2_1,938,2.921292,1.0,10,,scalar_first_exact
pg-diskann,100000,1,w2_1,808,4.626,1.0,10,,scalar_first_exact
pg-diskann,100000,1,w2_1,159,2.7265,1.0,10,,scalar_first_exact
pg-diskann,100000,1,w2_1,314,3.101,1.0,10,,scalar_first_exact
pg-diskann,100000,1,w2_1,662,3.659416,1.0,10,,scalar_first_exact
pg-diskann,100000,1,w2_1,215,2.523292,1.0,10,,scalar_first_exact
pg-diskann,100000,1,w2_1,946,5.775542,1.0,10,,scalar_first_exact
pg-diskann,100000,1,w2_1,202,2.974833,1.0,10,,scalar_first_exact
pg-diskann,100000,1,w2_1,210,3.070917,1.0,10,,scalar_first_exact
pg-diskann,100000,1,w2_1,529,3.349875,1.0,10,,scalar_first_exact
pg-diskann,100000,1,w2_1,496,2.730458,1.0,10,,scalar_first_exact
pg-diskann,100000,1,w2_1,280,2.923583,1.0,10,,scalar_first_exact
pg-diskann,100000,1,w2_1,530,2.488416,1.0,10,,scalar_first_exact
pg-diskann,100000,1,w2_1,735,5.233917,1.0,10,,scalar_first_exact
pg-diskann,100000,1,w2_1,511,2.721708,1.0,10,,scalar_first_exact
pg-diskann,100000,1,w2_1,446,3.655166,1.0,10,,scalar_first_exact
pg-diskann,100000,1,w2_1,936,2.716958,1.0,10,,scalar_first_exact
pg-diskann,100000,1,w2_1,455,2.874583,1.0,10,,scalar_first_exact
pg-diskann,100000,1,w2_1,248,2.917959,1.0,10,,scalar_first_exact
pg-diskann,100000,1,w2_1,293,2.953667,1.0,10,,scalar_first_exact
pg-diskann,100000,1,w2_1,270,2.722292,1.0,10,,scalar_first_exact
pg-diskann,100000,1,w2_1,702,2.731916,1.0,10,,scalar_first_exact
pg-diskann,100000,1,w2_1,369,2.842625,1.0,10,,scalar_first_exact
pg-diskann,100000,1,w2_1,344,4.022833,1.0,10,,scalar_first_exact
pg-diskann,100000,1,w2_1,438,3.010958,1.0,10,,scalar_first_exact
pg-diskann,100000,1,w2_1,443,2.455334,1.0,10,,scalar_first_exact
pg-diskann,100000,1,w2_1,879,3.9115,1.0,10,,scalar_first_exact
pg-diskann,100000,1,w2_1,913,2.998084,1.0,10,,scalar_first_exact
pg-diskann,100000,1,w2_1,592,2.62225,1.0,10,,scalar_first_exact
pg-diskann,100000,1,w2_1,744,3.4985,1.0,10,,scalar_first_exact
pg-diskann,100000,1,w2_1,522,3.916833,1.0,10,,scalar_first_exact
pg-diskann,100000,1,w2_1,290,3.440416,1.0,10,,scalar_first_exact
pg-diskann,100000,1,w2_1,609,3.579042,1.0,10,,scalar_first_exact
pg-diskann,100000,1,w2_1,414,6.687375,1.0,10,,scalar_first_exact
pg-diskann,100000,1,w2_1,745,3.377583,1.0,10,,scalar_first_exact
pg-diskann,100000,1,w2_1,163,2.703959,1.0,10,,scalar_first_exact
pg-diskann,100000,1,w2_1,186,2.912375,1.0,10,,scalar_first_exact
pg-diskann,100000,1,w2_1,929,2.909833,1.0,10,,scalar_first_exact
pg-diskann,100000,1,w2_1,285,2.748625,1.0,10,,scalar_first_exact
pg-diskann,100000,1,w2_1,861,2.586333,1.0,10,,scalar_first_exact
pg-diskann,100000,1,w2_1,636,3.238,1.0,10,,scalar_first_exact
pg-diskann,100000,1,w2_1,627,3.064208,1.0,10,,scalar_first_exact
pg-diskann,100000,1,w2_1,581,2.768958,1.0,10,,scalar_first_exact
pg-diskann,100000,1,w2_1,297,2.760333,1.0,10,,scalar_first_exact
pg-diskann,100000,1,w2_1,626,3.017209,1.0,10,,scalar_first_exact
pg-diskann,100000,1,w2_1,947,3.021041,1.0,10,,scalar_first_exact
pg-diskann,100000,1,w2_1,782,2.864542,1.0,10,,scalar_first_exact
pg-diskann,100000,1,w2_1,410,2.869084,1.0,10,,scalar_first_exact
pg-diskann,100000,1,w2_1,591,2.579917,1.0,10,,scalar_first_exact
pg-diskann,100000,1,w2_1,960,2.817958,1.0,10,,scalar_first_exact
pg-diskann,100000,1,w2_1,847,2.674041,1.0,10,,scalar_first_exact
pg-diskann,100000,1,w2_1,135,2.760583,1.0,10,,scalar_first_exact
pg-diskann,100000,1,w2_1,656,2.724041,1.0,10,,scalar_first_exact
pg-diskann,100000,1,w2_1,450,2.820542,1.0,10,,scalar_first_exact
pg-diskann,100000,1,w2_1,400,2.54975,1.0,10,,scalar_first_exact
pg-diskann,100000,1,w2_1,209,4.181791,1.0,10,,scalar_first_exact
pg-diskann,100000,1,w2_1,109,3.26825,1.0,10,,scalar_first_exact
pg-diskann,100000,1,w2_1,714,3.3295,1.0,10,,scalar_first_exact
pg-diskann,100000,1,w2_1,268,2.653916,1.0,10,,scalar_first_exact
pg-diskann,100000,1,w2_1,821,4.320458,1.0,10,,scalar_first_exact
pg-diskann,100000,1,w2_1,263,3.266667,1.0,10,,scalar_first_exact
pg-diskann,100000,1,w2_1,166,2.962167,1.0,10,,scalar_first_exact
pg-diskann,100000,1,w2_1,195,3.496667,1.0,10,,scalar_first_exact
pg-diskann,100000,1,w2_1,732,3.175833,1.0,10,,scalar_first_exact
pg-diskann,100000,1,w2_1,509,2.619958,1.0,10,,scalar_first_exact
pg-diskann,100000,1,w2_1,355,3.9835,1.0,10,,scalar_first_exact
pg-diskann,100000,1,w2_1,875,8.570417,1.0,10,,scalar_first_exact
pg-diskann,100000,1,w2_1,577,3.467125,1.0,10,,scalar_first_exact
pg-diskann,100000,1,w2_1,722,2.678416,1.0,10,,scalar_first_exact
pg-diskann,100000,1,w2_1,387,3.126,1.0,10,,scalar_first_exact
pg-diskann,100000,1,w2_1,473,3.076375,1.0,10,,scalar_first_exact
pg-diskann,100000,1,w2_1,635,2.552416,1.0,10,,scalar_first_exact
pg-diskann,100000,1,w2_1,558,2.718708,1.0,10,,scalar_first_exact
pg-diskann,100000,1,w2_1,622,2.762625,1.0,10,,scalar_first_exact
pg-diskann,100000,1,w2_1,542,1.848125,1.0,10,,scalar_first_exact
pg-diskann,100000,1,w2_1,291,2.869708,1.0,10,,scalar_first_exact
pg-diskann,100000,1,w2_1,230,2.59,1.0,10,,scalar_first_exact
pg-diskann,100000,1,w2_1,999,2.360375,1.0,10,,scalar_first_exact
pg-diskann,100000,1,w2_1,690,2.553375,1.0,10,,scalar_first_exact
pg-diskann,100000,1,w2_1,566,2.700875,1.0,10,,scalar_first_exact
pg-diskann,100000,1,w2_1,882,2.794292,1.0,10,,scalar_first_exact
pg-diskann,100000,1,w2_1,272,2.402916,1.0,10,,scalar_first_exact
pg-diskann,100000,1,w2_1,453,2.842916,1.0,10,,scalar_first_exact
pg-diskann,100000,1,w2_1,105,2.528083,1.0,10,,scalar_first_exact
pg-diskann,100000,1,w2_1,417,2.805416,1.0,10,,scalar_first_exact
pg-diskann,100000,1,w2_1,347,2.923916,1.0,10,,scalar_first_exact
pg-diskann,100000,1,w2_1,254,4.095333,1.0,10,,scalar_first_exact
pg-diskann,100000,1,w2_1,844,2.698792,1.0,10,,scalar_first_exact
pg-diskann,100000,1,w2_1,506,2.69825,1.0,10,,scalar_first_exact
pg-diskann,100000,1,w2_1,589,2.682042,1.0,10,,scalar_first_exact
pg-diskann,100000,1,w2_1,880,2.466458,1.0,10,,scalar_first_exact
pg-diskann,100000,1,w2_1,276,2.70975,1.0,10,,scalar_first_exact
pg-diskann,100000,1,w2_1,106,2.438375,1.0,10,,scalar_first_exact
pg-diskann,100000,1,w2_1,485,2.702458,1.0,10,,scalar_first_exact
pg-diskann,100000,1,w2_1,676,2.255708,1.0,10,,scalar_first_exact
pg-diskann,100000,1,w2_1,987,3.514833,1.0,10,,scalar_first_exact
pg-diskann,100000,1,w2_1,728,2.53075,1.0,10,,scalar_first_exact
pg-diskann,100000,1,w2_1,718,2.678792,1.0,10,,scalar_first_exact
pg-diskann,100000,1,w2_1,772,5.248625,1.0,10,,scalar_first_exact
pg-diskann,100000,1,w2_1,544,2.541959,1.0,10,,scalar_first_exact
pg-diskann,100000,1,w2_1,796,2.856125,1.0,10,,scalar_first_exact
pg-diskann,100000,1,w2_1,835,2.827084,1.0,10,,scalar_first_exact
pg-diskann,100000,1,w2_1,967,2.745875,1.0,10,,scalar_first_exact
pg-diskann,100000,1,w2_1,384,2.347416,1.0,10,,scalar_first_exact
pg-diskann,100000,1,w2_1,710,4.44075,1.0,10,,scalar_first_exact
pg-diskann,100000,1,w2_1,617,2.623416,1.0,10,,scalar_first_exact
pg-diskann,100000,1,w2_1,525,2.592625,1.0,10,,scalar_first_exact
pg-diskann,100000,1,w2_1,232,2.396042,1.0,10,,scalar_first_exact
pg-diskann,100000,1,w2_1,625,2.674958,1.0,10,,scalar_first_exact
pg-diskann,100000,1,w2_1,117,3.459375,1.0,10,,scalar_first_exact
pg-diskann,100000,1,w2_1,682,2.660125,1.0,10,,scalar_first_exact
pg-diskann,100000,1,w2_1,874,2.65175,1.0,10,,scalar_first_exact
pg-diskann,100000,1,w2_1,903,2.709042,1.0,10,,scalar_first_exact
pg-diskann,100000,1,w2_1,174,2.935042,1.0,10,,scalar_first_exact
pg-diskann,100000,1,w2_1,945,1.951833,1.0,10,,scalar_first_exact
pg-diskann,100000,1,w2_1,992,3.160541,1.0,10,,scalar_first_exact
pg-diskann,100000,1,w2_1,597,3.25675,1.0,10,,scalar_first_exact
pg-diskann,100000,1,w2_1,431,2.8655,1.0,10,,scalar_first_exact
pg-diskann,100000,1,w2_1,182,3.462,1.0,10,,scalar_first_exact
pg-diskann,100000,1,w2_1,673,2.955333,1.0,10,,scalar_first_exact
pg-diskann,100000,1,w2_1,181,2.930583,1.0,10,,scalar_first_exact
pg-diskann,100000,1,w2_1,184,2.893375,1.0,10,,scalar_first_exact
pg-diskann,100000,1,w2_1,249,2.731708,1.0,10,,scalar_first_exact
pg-diskann,100000,1,w2_1,915,2.942041,1.0,10,,scalar_first_exact
pg-diskann,100000,1,w2_1,331,2.794959,1.0,10,,scalar_first_exact
pg-diskann,100000,1,w2_1,740,2.857583,1.0,10,,scalar_first_exact
pg-diskann,100000,1,w2_1,371,2.778792,1.0,10,,scalar_first_exact
pg-diskann,100000,1,w2_1,978,2.540792,1.0,10,,scalar_first_exact
pg-diskann,100000,1,w2_1,427,2.679541,1.0,10,,scalar_first_exact
pg-diskann,100000,1,w2_1,373,3.809666,1.0,10,,scalar_first_exact
pg-diskann,100000,1,w2_1,399,2.441792,1.0,10,,scalar_first_exact
pg-diskann,100000,1,w2_1,407,2.525625,1.0,10,,scalar_first_exact
pg-diskann,100000,1,w2_1,815,3.015,1.0,10,,scalar_first_exact
pg-diskann,100000,1,w2_1,738,2.6655,1.0,10,,scalar_first_exact
pg-diskann,100000,1,w2_1,327,2.484667,1.0,10,,scalar_first_exact
pg-diskann,100000,1,w2_1,546,5.023583,1.0,10,,scalar_first_exact
pg-diskann,100000,1,w2_1,750,2.958791,1.0,10,,scalar_first_exact
pg-diskann,100000,1,w2_1,386,2.827083,1.0,10,,scalar_first_exact
pg-diskann,100000,1,w2_1,763,2.51475,1.0,10,,scalar_first_exact
pg-diskann,100000,1,w2_1,366,2.656042,1.0,10,,scalar_first_exact
pg-diskann,100000,1,w2_1,467,2.880375,1.0,10,,scalar_first_exact
pg-diskann,100000,1,w2_1,408,2.926167,1.0,10,,scalar_first_exact
pg-diskann,100000,1,w2_1,691,2.835792,1.0,10,,scalar_first_exact
pg-diskann,100000,1,w2_1,604,6.183375,1.0,10,,scalar_first_exact
pg-diskann,100000,1,w2_1,317,3.15625,1.0,10,,scalar_first_exact
pg-diskann,100000,1,w2_1,812,2.693833,1.0,10,,scalar_first_exact
pg-diskann,100000,1,w2_1,858,3.047417,1.0,10,,scalar_first_exact
pg-diskann,100000,1,w2_1,568,5.767,1.0,10,,scalar_first_exact
pg-diskann,100000,1,w2_1,121,2.972208,1.0,10,,scalar_first_exact
pg-diskann,100000,1,w2_1,224,2.771834,1.0,10,,scalar_first_exact
pg-diskann,100000,1,w2_1,150,2.747167,1.0,10,,scalar_first_exact
pg-diskann,100000,1,w2_1,928,2.884209,1.0,10,,scalar_first_exact
pg-diskann,100000,1,w2_1,993,2.924167,1.0,10,,scalar_first_exact
pg-diskann,100000,1,w2_1,346,4.600542,1.0,10,,scalar_first_exact
pg-diskann,100000,1,w2_1,667,2.624583,1.0,10,,scalar_first_exact
pg-diskann,100000,1,w2_1,370,3.195333,1.0,10,,scalar_first_exact
pg-diskann,100000,1,w2_1,426,2.676208,1.0,10,,scalar_first_exact
pg-diskann,100000,1,w2_1,586,1.893084,1.0,10,,scalar_first_exact
pg-diskann,100000,1,w2_1,924,3.65275,1.0,10,,scalar_first_exact
pg-diskann,100000,1,w2_1,725,2.842416,1.0,10,,scalar_first_exact
pg-diskann,100000,1,w2_1,475,4.857208,1.0,10,,scalar_first_exact
pg-diskann,100000,1,w2_1,428,2.929459,1.0,10,,scalar_first_exact
pg-diskann,100000,1,w2_1,811,2.618125,1.0,10,,scalar_first_exact
pg-diskann,100000,1,w2_1,345,3.429417,1.0,10,,scalar_first_exact
pg-diskann,100000,1,w2_1,262,3.024416,1.0,10,,scalar_first_exact
pg-diskann,100000,1,w2_1,418,2.64075,1.0,10,,scalar_first_exact
pg-diskann,100000,1,w2_1,709,3.360458,1.0,10,,scalar_first_exact
pg-diskann,100000,1,w2_1,869,2.330333,1.0,10,,scalar_first_exact
pg-diskann,100000,1,w2_1,465,2.57825,1.0,10,,scalar_first_exact
pg-diskann,100000,1,w2_1,257,2.930334,1.0,10,,scalar_first_exact
pg-diskann,100000,1,w2_1,827,3.274709,1.0,10,,scalar_first_exact
pg-diskann,100000,1,w2_1,102,3.260083,1.0,10,,scalar_first_exact
pg-diskann,100000,1,w2_1,456,2.5475,1.0,10,,scalar_first_exact
pg-diskann,100000,1,w2_1,245,3.335958,1.0,10,,scalar_first_exact
pg-diskann,100000,1,w2_1,970,3.696125,1.0,10,,scalar_first_exact
pg-diskann,100000,1,w2_1,911,2.786459,1.0,10,,scalar_first_exact
pg-diskann,100000,1,w2_1,278,2.692625,1.0,10,,scalar_first_exact
pg-diskann,100000,1,w2_1,816,2.912667,1.0,10,,scalar_first_exact
pg-diskann,100000,1,w2_1,234,2.539333,1.0,10,,scalar_first_exact
pg-diskann,100000,1,w2_1,460,2.387625,1.0,10,,scalar_first_exact
pg-diskann,100000,1,w2_1,436,3.2365,1.0,10,,scalar_first_exact
pg-diskann,100000,1,w2_1,697,2.984208,1.0,10,,scalar_first_exact
pg-diskann,100000,1,w2_1,545,2.9305,1.0,10,,scalar_first_exact
pg-diskann,100000,1,w2_1,588,3.194083,1.0,10,,scalar_first_exact
pg-diskann,100000,1,w2_1,329,3.044958,1.0,10,,scalar_first_exact
pg-diskann,100000,1,w2_1,321,6.936833,1.0,10,,scalar_first_exact
pg-diskann,100000,1,w2_1,606,3.280625,1.0,10,,scalar_first_exact
pg-diskann,100000,1,w2_1,228,4.630542,1.0,10,,scalar_first_exact
pg-diskann,100000,1,w2_1,300,2.674375,1.0,10,,scalar_first_exact
pg-diskann,100000,1,w2_1,395,2.748208,1.0,10,,scalar_first_exact
pg-diskann,100000,1,w2_1,680,3.064625,1.0,10,,scalar_first_exact
pg-diskann,100000,1,w2_1,421,4.496833,1.0,10,,scalar_first_exact
pg-diskann,100000,1,w2_1,611,3.289334,1.0,10,,scalar_first_exact
pg-diskann,100000,1,w2_1,746,2.740959,1.0,10,,scalar_first_exact
pg-diskann,100000,1,w2_1,526,6.432625,1.0,10,,scalar_first_exact
pg-diskann,100000,1,w2_1,843,3.079834,1.0,10,,scalar_first_exact
pg-diskann,100000,1,w2_1,707,3.341875,1.0,10,,scalar_first_exact
pg-diskann,100000,1,w2_1,547,2.151416,1.0,10,,scalar_first_exact
pg-diskann,100000,1,w2_1,537,4.347417,1.0,10,,scalar_first_exact
pg-diskann,100000,1,w2_1,164,2.943458,1.0,10,,scalar_first_exact
pg-diskann,100000,1,w2_1,478,3.113625,1.0,10,,scalar_first_exact
pg-diskann,100000,1,w2_1,462,2.501084,1.0,10,,scalar_first_exact
pg-diskann,100000,1,w2_1,842,2.783833,1.0,10,,scalar_first_exact
pg-diskann,100000,1,w2_1,311,3.067375,1.0,10,,scalar_first_exact
pg-diskann,100000,1,w2_1,142,4.043833,1.0,10,,scalar_first_exact
pg-diskann,100000,1,w2_1,789,2.785,1.0,10,,scalar_first_exact
pg-diskann,100000,1,w2_1,569,3.389625,1.0,10,,scalar_first_exact
pg-diskann,100000,1,w2_1,152,2.893167,1.0,10,,scalar_first_exact
pg-diskann,100000,1,w2_1,966,2.805667,1.0,10,,scalar_first_exact
pg-diskann,100000,1,w2_1,653,2.837042,1.0,10,,scalar_first_exact
pg-diskann,100000,1,w2_1,365,3.214667,1.0,10,,scalar_first_exact
pg-diskann,100000,1,w2_1,666,3.211333,1.0,10,,scalar_first_exact
pg-diskann,100000,1,w2_1,294,3.099375,1.0,10,,scalar_first_exact
pg-diskann,100000,1,w2_1,505,2.423,1.0,10,,scalar_first_exact
pg-diskann,100000,1,w2_1,343,4.478375,1.0,10,,scalar_first_exact
pg-diskann,100000,1,w2_1,296,3.234583,1.0,10,,scalar_first_exact
pg-diskann,100000,1,w2_1,361,2.795167,1.0,10,,scalar_first_exact
pg-diskann,100000,1,w2_1,953,3.286959,1.0,10,,scalar_first_exact
pg-diskann,100000,1,w2_1,242,2.906083,1.0,10,,scalar_first_exact
pg-diskann,100000,1,w2_1,503,4.202875,1.0,10,,scalar_first_exact
pg-diskann,100000,1,w2_1,919,2.69375,1.0,10,,scalar_first_exact
pg-diskann,100000,1,w2_1,222,2.505292,1.0,10,,scalar_first_exact
pg-diskann,100000,1,w2_1,318,3.136459,1.0,10,,scalar_first_exact
pg-diskann,100000,1,w2_0_1,257,0.930625,1.0,10,,scalar_first_exact
pg-diskann,100000,1,w2_0_1,788,0.698666,1.0,10,,scalar_first_exact
pg-diskann,100000,1,w2_0_1,521,0.574209,1.0,10,,scalar_first_exact
pg-diskann,100000,1,w2_0_1,449,0.5355,1.0,10,,scalar_first_exact
pg-diskann,100000,1,w2_0_1,606,0.529625,1.0,10,,scalar_first_exact
pg-diskann,100000,1,w2_0_1,194,0.517542,1.0,10,,scalar_first_exact
pg-diskann,100000,1,w2_0_1,817,0.631083,1.0,10,,scalar_first_exact
pg-diskann,100000,1,w2_0_1,860,0.712375,1.0,10,,scalar_first_exact
pg-diskann,100000,1,w2_0_1,318,0.55575,1.0,10,,scalar_first_exact
pg-diskann,100000,1,w2_0_1,744,1.777583,1.0,10,,scalar_first_exact
pg-diskann,100000,1,w2_0_1,103,0.607667,1.0,10,,scalar_first_exact
pg-diskann,100000,1,w2_0_1,690,0.651417,1.0,10,,scalar_first_exact
pg-diskann,100000,1,w2_0_1,518,0.608583,1.0,10,,scalar_first_exact
pg-diskann,100000,1,w2_0_1,236,0.523542,1.0,10,,scalar_first_exact
pg-diskann,100000,1,w2_0_1,238,0.579959,1.0,10,,scalar_first_exact
pg-diskann,100000,1,w2_0_1,391,0.592375,1.0,10,,scalar_first_exact
pg-diskann,100000,1,w2_0_1,775,0.5715,1.0,10,,scalar_first_exact
pg-diskann,100000,1,w2_0_1,768,0.487709,1.0,10,,scalar_first_exact
pg-diskann,100000,1,w2_0_1,448,0.62125,1.0,10,,scalar_first_exact
pg-diskann,100000,1,w2_0_1,442,0.555083,1.0,10,,scalar_first_exact
pg-diskann,100000,1,w2_0_1,480,1.164541,1.0,10,,scalar_first_exact
pg-diskann,100000,1,w2_0_1,846,0.845083,1.0,10,,scalar_first_exact
pg-diskann,100000,1,w2_0_1,112,0.569125,1.0,10,,scalar_first_exact
pg-diskann,100000,1,w2_0_1,354,0.558167,1.0,10,,scalar_first_exact
pg-diskann,100000,1,w2_0_1,246,0.602875,1.0,10,,scalar_first_exact
pg-diskann,100000,1,w2_0_1,263,0.62425,1.0,10,,scalar_first_exact
pg-diskann,100000,1,w2_0_1,385,0.510084,1.0,10,,scalar_first_exact
pg-diskann,100000,1,w2_0_1,611,0.565458,1.0,10,,scalar_first_exact
pg-diskann,100000,1,w2_0_1,651,0.636583,1.0,10,,scalar_first_exact
pg-diskann,100000,1,w2_0_1,972,0.660583,1.0,10,,scalar_first_exact
pg-diskann,100000,1,w2_0_1,978,0.644875,1.0,10,,scalar_first_exact
pg-diskann,100000,1,w2_0_1,995,0.576916,1.0,10,,scalar_first_exact
pg-diskann,100000,1,w2_0_1,825,1.398041,1.0,10,,scalar_first_exact
pg-diskann,100000,1,w2_0_1,855,0.9805,1.0,10,,scalar_first_exact
pg-diskann,100000,1,w2_0_1,137,1.433833,1.0,10,,scalar_first_exact
pg-diskann,100000,1,w2_0_1,642,0.647041,1.0,10,,scalar_first_exact
pg-diskann,100000,1,w2_0_1,714,0.617292,1.0,10,,scalar_first_exact
pg-diskann,100000,1,w2_0_1,180,0.525666,1.0,10,,scalar_first_exact
pg-diskann,100000,1,w2_0_1,401,0.501875,1.0,10,,scalar_first_exact
pg-diskann,100000,1,w2_0_1,159,0.545542,1.0,10,,scalar_first_exact
pg-diskann,100000,1,w2_0_1,687,0.639792,1.0,10,,scalar_first_exact
pg-diskann,100000,1,w2_0_1,835,0.746792,1.0,10,,scalar_first_exact
pg-diskann,100000,1,w2_0_1,616,1.481042,1.0,10,,scalar_first_exact
pg-diskann,100000,1,w2_0_1,157,0.918667,1.0,10,,scalar_first_exact
pg-diskann,100000,1,w2_0_1,410,0.673833,1.0,10,,scalar_first_exact
pg-diskann,100000,1,w2_0_1,801,0.899583,1.0,10,,scalar_first_exact
pg-diskann,100000,1,w2_0_1,816,3.279083,1.0,10,,scalar_first_exact
pg-diskann,100000,1,w2_0_1,924,0.692208,1.0,10,,scalar_first_exact
pg-diskann,100000,1,w2_0_1,711,0.652416,1.0,10,,scalar_first_exact
pg-diskann,100000,1,w2_0_1,222,1.648042,1.0,10,,scalar_first_exact
pg-diskann,100000,1,w2_0_1,139,0.805417,1.0,10,,scalar_first_exact
pg-diskann,100000,1,w2_0_1,810,0.522291,1.0,10,,scalar_first_exact
pg-diskann,100000,1,w2_0_1,293,0.583125,1.0,10,,scalar_first_exact
pg-diskann,100000,1,w2_0_1,718,0.607083,1.0,10,,scalar_first_exact
pg-diskann,100000,1,w2_0_1,906,0.57575,1.0,10,,scalar_first_exact
pg-diskann,100000,1,w2_0_1,258,0.565125,1.0,10,,scalar_first_exact
pg-diskann,100000,1,w2_0_1,818,0.669791,1.0,10,,scalar_first_exact
pg-diskann,100000,1,w2_0_1,667,0.6445,1.0,10,,scalar_first_exact
pg-diskann,100000,1,w2_0_1,347,0.579542,1.0,10,,scalar_first_exact
pg-diskann,100000,1,w2_0_1,228,0.586125,1.0,10,,scalar_first_exact
pg-diskann,100000,1,w2_0_1,764,1.867333,1.0,10,,scalar_first_exact
pg-diskann,100000,1,w2_0_1,249,0.69925,1.0,10,,scalar_first_exact
pg-diskann,100000,1,w2_0_1,392,0.635416,1.0,10,,scalar_first_exact
pg-diskann,100000,1,w2_0_1,633,1.0145,1.0,10,,scalar_first_exact
pg-diskann,100000,1,w2_0_1,758,0.588709,1.0,10,,scalar_first_exact
pg-diskann,100000,1,w2_0_1,837,0.584917,1.0,10,,scalar_first_exact
pg-diskann,100000,1,w2_0_1,467,0.659875,1.0,10,,scalar_first_exact
pg-diskann,100000,1,w2_0_1,790,0.545875,1.0,10,,scalar_first_exact
pg-diskann,100000,1,w2_0_1,513,0.697625,1.0,10,,scalar_first_exact
pg-diskann,100000,1,w2_0_1,430,0.769167,1.0,10,,scalar_first_exact
pg-diskann,100000,1,w2_0_1,141,4.673583,1.0,10,,scalar_first_exact
pg-diskann,100000,1,w2_0_1,398,0.702791,1.0,10,,scalar_first_exact
pg-diskann,100000,1,w2_0_1,771,0.619625,1.0,10,,scalar_first_exact
pg-diskann,100000,1,w2_0_1,179,0.520458,1.0,10,,scalar_first_exact
pg-diskann,100000,1,w2_0_1,186,0.551584,1.0,10,,scalar_first_exact
pg-diskann,100000,1,w2_0_1,944,0.583917,1.0,10,,scalar_first_exact
pg-diskann,100000,1,w2_0_1,502,0.556583,1.0,10,,scalar_first_exact
pg-diskann,100000,1,w2_0_1,155,1.779792,1.0,10,,scalar_first_exact
pg-diskann,100000,1,w2_0_1,635,0.845833,1.0,10,,scalar_first_exact
pg-diskann,100000,1,w2_0_1,733,0.639666,1.0,10,,scalar_first_exact
pg-diskann,100000,1,w2_0_1,798,0.614917,1.0,10,,scalar_first_exact
pg-diskann,100000,1,w2_0_1,140,0.58025,1.0,10,,scalar_first_exact
pg-diskann,100000,1,w2_0_1,200,0.651333,1.0,10,,scalar_first_exact
pg-diskann,100000,1,w2_0_1,196,0.552,1.0,10,,scalar_first_exact
pg-diskann,100000,1,w2_0_1,659,0.569833,1.0,10,,scalar_first_exact
pg-diskann,100000,1,w2_0_1,285,0.494459,1.0,10,,scalar_first_exact
pg-diskann,100000,1,w2_0_1,920,0.462125,1.0,10,,scalar_first_exact
pg-diskann,100000,1,w2_0_1,184,0.592958,1.0,10,,scalar_first_exact
pg-diskann,100000,1,w2_0_1,665,0.650667,1.0,10,,scalar_first_exact
pg-diskann,100000,1,w2_0_1,997,1.855875,1.0,10,,scalar_first_exact
pg-diskann,100000,1,w2_0_1,322,0.692334,1.0,10,,scalar_first_exact
pg-diskann,100000,1,w2_0_1,421,0.593041,1.0,10,,scalar_first_exact
pg-diskann,100000,1,w2_0_1,591,0.566792,1.0,10,,scalar_first_exact
pg-diskann,100000,1,w2_0_1,255,0.511708,1.0,10,,scalar_first_exact
pg-diskann,100000,1,w2_0_1,767,0.53625,1.0,10,,scalar_first_exact
pg-diskann,100000,1,w2_0_1,934,0.610709,1.0,10,,scalar_first_exact
pg-diskann,100000,1,w2_0_1,850,0.5715,1.0,10,,scalar_first_exact
pg-diskann,100000,1,w2_0_1,376,0.563542,1.0,10,,scalar_first_exact
pg-diskann,100000,1,w2_0_1,858,0.615125,1.0,10,,scalar_first_exact
pg-diskann,100000,1,w2_0_1,406,0.595375,1.0,10,,scalar_first_exact
pg-diskann,100000,1,w2_0_1,287,0.640584,1.0,10,,scalar_first_exact
pg-diskann,100000,1,w2_0_1,797,2.174167,1.0,10,,scalar_first_exact
pg-diskann,100000,1,w2_0_1,822,0.636667,1.0,10,,scalar_first_exact
pg-diskann,100000,1,w2_0_1,821,0.547375,1.0,10,,scalar_first_exact
pg-diskann,100000,1,w2_0_1,732,0.43875,1.0,10,,scalar_first_exact
pg-diskann,100000,1,w2_0_1,178,0.522417,1.0,10,,scalar_first_exact
pg-diskann,100000,1,w2_0_1,248,0.537333,1.0,10,,scalar_first_exact
pg-diskann,100000,1,w2_0_1,853,0.522291,1.0,10,,scalar_first_exact
pg-diskann,100000,1,w2_0_1,969,0.586917,1.0,10,,scalar_first_exact
pg-diskann,100000,1,w2_0_1,913,0.504917,1.0,10,,scalar_first_exact
pg-diskann,100000,1,w2_0_1,940,0.58425,1.0,10,,scalar_first_exact
pg-diskann,100000,1,w2_0_1,736,0.548375,1.0,10,,scalar_first_exact
pg-diskann,100000,1,w2_0_1,992,1.214333,1.0,10,,scalar_first_exact
pg-diskann,100000,1,w2_0_1,231,0.685959,1.0,10,,scalar_first_exact
pg-diskann,100000,1,w2_0_1,172,1.536417,1.0,10,,scalar_first_exact
pg-diskann,100000,1,w2_0_1,512,0.559667,1.0,10,,scalar_first_exact
pg-diskann,100000,1,w2_0_1,802,0.520708,1.0,10,,scalar_first_exact
pg-diskann,100000,1,w2_0_1,302,0.54325,1.0,10,,scalar_first_exact
pg-diskann,100000,1,w2_0_1,205,0.549791,1.0,10,,scalar_first_exact
pg-diskann,100000,1,w2_0_1,603,0.596667,1.0,10,,scalar_first_exact
pg-diskann,100000,1,w2_0_1,563,0.587875,1.0,10,,scalar_first_exact
pg-diskann,100000,1,w2_0_1,793,0.558375,1.0,10,,scalar_first_exact
pg-diskann,100000,1,w2_0_1,516,0.498959,1.0,10,,scalar_first_exact
pg-diskann,100000,1,w2_0_1,507,1.511125,1.0,10,,scalar_first_exact
pg-diskann,100000,1,w2_0_1,680,0.991917,1.0,10,,scalar_first_exact
pg-diskann,100000,1,w2_0_1,983,0.649083,1.0,10,,scalar_first_exact
pg-diskann,100000,1,w2_0_1,356,0.63075,1.0,10,,scalar_first_exact
pg-diskann,100000,1,w2_0_1,314,0.634709,1.0,10,,scalar_first_exact
pg-diskann,100000,1,w2_0_1,358,0.552292,1.0,10,,scalar_first_exact
pg-diskann,100000,1,w2_0_1,540,0.599041,1.0,10,,scalar_first_exact
pg-diskann,100000,1,w2_0_1,670,0.653958,1.0,10,,scalar_first_exact
pg-diskann,100000,1,w2_0_1,149,0.663375,1.0,10,,scalar_first_exact
pg-diskann,100000,1,w2_0_1,331,0.623833,1.0,10,,scalar_first_exact
pg-diskann,100000,1,w2_0_1,520,0.47675,1.0,10,,scalar_first_exact
pg-diskann,100000,1,w2_0_1,737,1.6605,1.0,10,,scalar_first_exact
pg-diskann,100000,1,w2_0_1,462,0.9075,1.0,10,,scalar_first_exact
pg-diskann,100000,1,w2_0_1,438,0.57325,1.0,10,,scalar_first_exact
pg-diskann,100000,1,w2_0_1,652,0.895292,1.0,10,,scalar_first_exact
pg-diskann,100000,1,w2_0_1,372,0.610625,1.0,10,,scalar_first_exact
pg-diskann,100000,1,w2_0_1,648,0.566875,1.0,10,,scalar_first_exact
pg-diskann,100000,1,w2_0_1,443,0.585583,1.0,10,,scalar_first_exact
pg-diskann,100000,1,w2_0_1,677,0.581041,1.0,10,,scalar_first_exact
pg-diskann,100000,1,w2_0_1,374,0.538583,1.0,10,,scalar_first_exact
pg-diskann,100000,1,w2_0_1,933,0.455167,1.0,10,,scalar_first_exact
pg-diskann,100000,1,w2_0_1,213,0.518833,1.0,10,,scalar_first_exact
pg-diskann,100000,1,w2_0_1,350,0.552708,1.0,10,,scalar_first_exact
pg-diskann,100000,1,w2_0_1,959,4.132042,1.0,10,,scalar_first_exact
pg-diskann,100000,1,w2_0_1,984,0.864958,1.0,10,,scalar_first_exact
pg-diskann,100000,1,w2_0_1,932,0.693458,1.0,10,,scalar_first_exact
pg-diskann,100000,1,w2_0_1,419,0.58925,1.0,10,,scalar_first_exact
pg-diskann,100000,1,w2_0_1,193,0.568916,1.0,10,,scalar_first_exact
pg-diskann,100000,1,w2_0_1,658,0.598084,1.0,10,,scalar_first_exact
pg-diskann,100000,1,w2_0_1,340,0.510542,1.0,10,,scalar_first_exact
pg-diskann,100000,1,w2_0_1,576,4.745917,1.0,10,,scalar_first_exact
pg-diskann,100000,1,w2_0_1,282,0.704958,1.0,10,,scalar_first_exact
pg-diskann,100000,1,w2_0_1,826,0.528666,1.0,10,,scalar_first_exact
pg-diskann,100000,1,w2_0_1,887,0.571791,1.0,10,,scalar_first_exact
pg-diskann,100000,1,w2_0_1,702,0.508125,1.0,10,,scalar_first_exact
pg-diskann,100000,1,w2_0_1,567,0.5185,1.0,10,,scalar_first_exact
pg-diskann,100000,1,w2_0_1,871,0.514375,1.0,10,,scalar_first_exact
pg-diskann,100000,1,w2_0_1,710,0.455833,1.0,10,,scalar_first_exact
pg-diskann,100000,1,w2_0_1,106,1.560667,1.0,10,,scalar_first_exact
pg-diskann,100000,1,w2_0_1,275,1.049834,1.0,10,,scalar_first_exact
pg-diskann,100000,1,w2_0_1,915,0.631708,1.0,10,,scalar_first_exact
pg-diskann,100000,1,w2_0_1,854,0.525292,1.0,10,,scalar_first_exact
pg-diskann,100000,1,w2_0_1,235,0.50625,1.0,10,,scalar_first_exact
pg-diskann,100000,1,w2_0_1,773,0.622208,1.0,10,,scalar_first_exact
pg-diskann,100000,1,w2_0_1,724,0.617791,1.0,10,,scalar_first_exact
pg-diskann,100000,1,w2_0_1,508,0.52425,1.0,10,,scalar_first_exact
pg-diskann,100000,1,w2_0_1,613,0.579,1.0,10,,scalar_first_exact
pg-diskann,100000,1,w2_0_1,673,0.648875,1.0,10,,scalar_first_exact
pg-diskann,100000,1,w2_0_1,371,0.49575,1.0,10,,scalar_first_exact
pg-diskann,100000,1,w2_0_1,199,1.666084,1.0,10,,scalar_first_exact
pg-diskann,100000,1,w2_0_1,878,0.947292,1.0,10,,scalar_first_exact
pg-diskann,100000,1,w2_0_1,203,0.771,1.0,10,,scalar_first_exact
pg-diskann,100000,1,w2_0_1,428,0.587375,1.0,10,,scalar_first_exact
pg-diskann,100000,1,w2_0_1,416,0.468292,1.0,10,,scalar_first_exact
pg-diskann,100000,1,w2_0_1,147,0.569417,1.0,10,,scalar_first_exact
pg-diskann,100000,1,w2_0_1,679,0.538917,1.0,10,,scalar_first_exact
pg-diskann,100000,1,w2_0_1,365,0.535667,1.0,10,,scalar_first_exact
pg-diskann,100000,1,w2_0_1,253,0.470583,1.0,10,,scalar_first_exact
pg-diskann,100000,1,w2_0_1,375,0.534084,1.0,10,,scalar_first_exact
pg-diskann,100000,1,w2_0_1,907,0.56825,1.0,10,,scalar_first_exact
pg-diskann,100000,1,w2_0_1,638,0.500667,1.0,10,,scalar_first_exact
pg-diskann,100000,1,w2_0_1,892,1.71675,1.0,10,,scalar_first_exact
pg-diskann,100000,1,w2_0_1,918,0.810792,1.0,10,,scalar_first_exact
pg-diskann,100000,1,w2_0_1,729,0.641958,1.0,10,,scalar_first_exact
pg-diskann,100000,1,w2_0_1,169,0.612417,1.0,10,,scalar_first_exact
pg-diskann,100000,1,w2_0_1,195,0.451709,1.0,10,,scalar_first_exact
pg-diskann,100000,1,w2_0_1,221,0.653833,1.0,10,,scalar_first_exact
pg-diskann,100000,1,w2_0_1,547,0.577291,1.0,10,,scalar_first_exact
pg-diskann,100000,1,w2_0_1,215,0.534542,1.0,10,,scalar_first_exact
pg-diskann,100000,1,w2_0_1,114,0.542458,1.0,10,,scalar_first_exact
pg-diskann,100000,1,w2_0_1,669,0.657875,1.0,10,,scalar_first_exact
pg-diskann,100000,1,w2_0_1,489,0.695167,1.0,10,,scalar_first_exact
pg-diskann,100000,1,w2_0_1,126,0.702833,1.0,10,,scalar_first_exact
pg-diskann,100000,1,w2_0_1,128,1.47525,1.0,10,,scalar_first_exact
pg-diskann,100000,1,w2_0_1,210,0.698959,1.0,10,,scalar_first_exact
pg-diskann,100000,1,w2_0_1,891,0.580917,1.0,10,,scalar_first_exact
pg-diskann,100000,1,w2_0_1,730,0.447583,1.0,10,,scalar_first_exact
pg-diskann,100000,1,w2_0_1,223,0.544625,1.0,10,,scalar_first_exact
pg-diskann,100000,1,w2_0_1,532,0.546375,1.0,10,,scalar_first_exact
pg-diskann,100000,1,w2_0_1,597,0.598875,1.0,10,,scalar_first_exact
pg-diskann,100000,1,w2_0_1,927,0.533583,1.0,10,,scalar_first_exact
pg-diskann,100000,1,w2_0_1,765,0.54,1.0,10,,scalar_first_exact
pg-diskann,100000,1,w2_0_1,390,0.535291,1.0,10,,scalar_first_exact
pg-diskann,100000,1,w2_0_1,968,0.533041,1.0,10,,scalar_first_exact
pg-diskann,100000,1,w2_0_1,173,0.608083,1.0,10,,scalar_first_exact
pg-diskann,100000,1,w2_0_1,961,1.67,1.0,10,,scalar_first_exact
pg-diskann,100000,1,w2_0_1,596,0.663084,1.0,10,,scalar_first_exact
pg-diskann,100000,1,w2_0_1,156,0.771,1.0,10,,scalar_first_exact
pg-diskann,100000,1,w2_0_1,538,0.608709,1.0,10,,scalar_first_exact
pg-diskann,100000,1,w2_0_1,333,0.563084,1.0,10,,scalar_first_exact
pg-diskann,100000,1,w2_0_1,931,0.675583,1.0,10,,scalar_first_exact
pg-diskann,100000,1,w2_0_1,298,0.57925,1.0,10,,scalar_first_exact
pg-diskann,100000,1,w2_0_1,450,0.692583,1.0,10,,scalar_first_exact
pg-diskann,100000,1,w2_0_1,383,0.69925,1.0,10,,scalar_first_exact
pg-diskann,100000,1,w2_0_1,325,0.496375,1.0,10,,scalar_first_exact
pg-diskann,100000,1,w2_0_1,522,0.588416,1.0,10,,scalar_first_exact
pg-diskann,100000,1,w2_0_1,609,1.386416,1.0,10,,scalar_first_exact
pg-diskann,100000,1,w2_0_1,589,0.749667,1.0,10,,scalar_first_exact
pg-diskann,100000,1,w2_0_1,400,0.775125,1.0,10,,scalar_first_exact
pg-diskann,100000,1,w2_0_1,942,0.733041,1.0,10,,scalar_first_exact
pg-diskann,100000,1,w2_0_1,703,0.551208,1.0,10,,scalar_first_exact
pg-diskann,100000,1,w2_0_1,181,0.524042,1.0,10,,scalar_first_exact
pg-diskann,100000,1,w2_0_1,981,0.574917,1.0,10,,scalar_first_exact
pg-diskann,100000,1,w2_0_1,614,0.5585,1.0,10,,scalar_first_exact
pg-diskann,100000,1,w2_0_1,754,0.53375,1.0,10,,scalar_first_exact
pg-diskann,100000,1,w2_0_1,938,0.558083,1.0,10,,scalar_first_exact
pg-diskann,100000,1,w2_0_1,117,0.671875,1.0,10,,scalar_first_exact
pg-diskann,100000,1,w2_0_1,468,0.560334,1.0,10,,scalar_first_exact
pg-diskann,100000,1,w2_0_1,330,1.95925,1.0,10,,scalar_first_exact
pg-diskann,100000,1,w2_0_1,644,0.692041,1.0,10,,scalar_first_exact
pg-diskann,100000,1,w2_0_1,671,0.659208,1.0,10,,scalar_first_exact
pg-diskann,100000,1,w2_0_1,582,0.557959,1.0,10,,scalar_first_exact
pg-diskann,100000,1,w2_0_1,483,0.520834,1.0,10,,scalar_first_exact
pg-diskann,100000,1,w2_0_1,704,0.533375,1.0,10,,scalar_first_exact
pg-diskann,100000,1,w2_0_1,856,0.606041,1.0,10,,scalar_first_exact
pg-diskann,100000,1,w2_0_1,399,0.631584,1.0,10,,scalar_first_exact
pg-diskann,100000,1,w2_0_1,484,0.603375,1.0,10,,scalar_first_exact
pg-diskann,100000,1,w2_0_1,976,0.606542,1.0,10,,scalar_first_exact
pg-diskann,100000,1,w2_0_1,313,0.553625,1.0,10,,scalar_first_exact
pg-diskann,100000,1,w2_0_1,284,4.895042,1.0,10,,scalar_first_exact
pg-diskann,100000,1,w2_0_1,581,2.469291,1.0,10,,scalar_first_exact
pg-diskann,100000,1,w2_0_1,770,0.58825,1.0,10,,scalar_first_exact
pg-diskann,100000,1,w2_0_1,882,0.519459,1.0,10,,scalar_first_exact
pg-diskann,100000,1,w2_0_1,505,0.54225,1.0,10,,scalar_first_exact
pg-diskann,100000,1,w2_0_1,682,0.559083,1.0,10,,scalar_first_exact
pg-diskann,100000,1,w2_0_1,784,0.668125,1.0,10,,scalar_first_exact
pg-diskann,100000,1,w2_0_1,668,0.838417,1.0,10,,scalar_first_exact
pg-diskann,100000,1,w2_0_1,782,0.6855,1.0,10,,scalar_first_exact
pg-diskann,100000,1,w2_0_1,363,0.575208,1.0,10,,scalar_first_exact
pg-diskann,100000,1,w2_0_1,963,0.54725,1.0,10,,scalar_first_exact
pg-diskann,100000,1,w2_0_1,761,0.6195,1.0,10,,scalar_first_exact
pg-diskann,100000,1,w2_0_1,823,0.56225,1.0,10,,scalar_first_exact
pg-diskann,100000,1,w2_0_1,479,0.535125,1.0,10,,scalar_first_exact
pg-diskann,100000,1,w2_0_1,214,0.475334,1.0,10,,scalar_first_exact
pg-diskann,100000,1,w2_0_1,422,0.676166,1.0,10,,scalar_first_exact
pg-diskann,100000,1,w2_0_1,557,0.549375,1.0,10,,scalar_first_exact
pg-diskann,100000,1,w2_0_1,686,0.624375,1.0,10,,scalar_first_exact
pg-diskann,100000,1,w2_0_1,329,1.756583,1.0,10,,scalar_first_exact
pg-diskann,100000,1,w2_0_1,845,0.818292,1.0,10,,scalar_first_exact
pg-diskann,100000,1,w2_0_1,994,0.644958,1.0,10,,scalar_first_exact
pg-diskann,100000,1,w2_0_1,941,0.460417,1.0,10,,scalar_first_exact
pg-diskann,100000,1,w2_0_1,820,0.491959,1.0,10,,scalar_first_exact
pg-diskann,100000,1,w2_0_1,664,0.618667,1.0,10,,scalar_first_exact
pg-diskann,100000,1,w2_0_1,404,0.568375,1.0,10,,scalar_first_exact
pg-diskann,100000,1,w2_0_1,310,0.614083,1.0,10,,scalar_first_exact
pg-diskann,100000,1,w2_0_1,872,0.680792,1.0,10,,scalar_first_exact
pg-diskann,100000,1,w2_0_1,952,0.518708,1.0,10,,scalar_first_exact
pg-diskann,100000,1,w2_0_1,528,0.547375,1.0,10,,scalar_first_exact
pg-diskann,100000,1,w2_0_1,654,0.488792,1.0,10,,scalar_first_exact
pg-diskann,100000,1,w2_0_1,477,0.926417,1.0,10,,scalar_first_exact
pg-diskann,100000,1,w2_0_1,473,0.652,1.0,10,,scalar_first_exact
pg-diskann,100000,1,w2_0_1,663,0.656375,1.0,10,,scalar_first_exact
pg-diskann,100000,1,w2_0_1,280,0.586667,1.0,10,,scalar_first_exact
pg-diskann,100000,1,w2_0_1,452,0.568,1.0,10,,scalar_first_exact
pg-diskann,100000,1,w2_0_1,645,0.630042,1.0,10,,scalar_first_exact
pg-diskann,100000,1,w2_0_1,254,0.633708,1.0,10,,scalar_first_exact
pg-diskann,100000,1,w2_0_1,967,0.684291,1.0,10,,scalar_first_exact
pg-diskann,100000,1,w2_0_1,548,0.613917,1.0,10,,scalar_first_exact
pg-diskann,100000,1,w2_0_1,362,0.524792,1.0,10,,scalar_first_exact
pg-diskann,100000,1,w2_0_1,136,1.457083,1.0,10,,scalar_first_exact
pg-diskann,100000,1,w2_0_1,158,0.886167,1.0,10,,scalar_first_exact
pg-diskann,100000,1,w2_0_1,919,0.54275,1.0,10,,scalar_first_exact
pg-diskann,100000,1,w2_0_1,928,0.598209,1.0,10,,scalar_first_exact
pg-diskann,100000,1,w2_0_1,813,0.495417,1.0,10,,scalar_first_exact
pg-diskann,100000,1,w2_0_1,433,0.53075,1.0,10,,scalar_first_exact
pg-diskann,100000,1,w2_0_1,270,0.632166,1.0,10,,scalar_first_exact
pg-diskann,100000,1,w2_0_1,317,0.776083,1.0,10,,scalar_first_exact
pg-diskann,100000,1,w2_0_1,612,0.578,1.0,10,,scalar_first_exact
pg-diskann,100000,1,w2_0_1,879,0.627583,1.0,10,,scalar_first_exact
pg-diskann,100000,1,w2_0_1,948,0.981125,1.0,10,,scalar_first_exact
pg-diskann,100000,1,w2_0_1,218,1.613291,1.0,10,,scalar_first_exact
pg-diskann,100000,1,w2_0_1,503,0.815209,1.0,10,,scalar_first_exact
pg-diskann,100000,1,w2_0_1,551,0.674208,1.0,10,,scalar_first_exact
pg-diskann,100000,1,w2_0_1,434,0.53975,1.0,10,,scalar_first_exact
pg-diskann,100000,1,w2_0_1,545,0.521625,1.0,10,,scalar_first_exact
pg-diskann,100000,1,w2_0_1,865,0.521167,1.0,10,,scalar_first_exact
pg-diskann,100000,1,w2_0_1,476,0.586167,1.0,10,,scalar_first_exact
pg-diskann,100000,1,w2_0_1,839,0.649833,1.0,10,,scalar_first_exact
pg-diskann,100000,1,w2_0_1,646,0.58575,1.0,10,,scalar_first_exact
pg-diskann,100000,1,w2_0_1,953,0.605583,1.0,10,,scalar_first_exact
pg-diskann,100000,1,w2_0_1,303,0.569,1.0,10,,scalar_first_exact
pg-diskann,100000,1,w2_0_1,116,0.519417,1.0,10,,scalar_first_exact
pg-diskann,100000,1,w2_0_1,549,1.5205,1.0,10,,scalar_first_exact
pg-diskann,100000,1,w2_0_1,382,0.646583,1.0,10,,scalar_first_exact
pg-diskann,100000,1,w2_0_1,165,0.938084,1.0,10,,scalar_first_exact
pg-diskann,100000,1,w2_0_1,594,0.62225,1.0,10,,scalar_first_exact
pg-diskann,100000,1,w2_0_1,337,0.624084,1.0,10,,scalar_first_exact
pg-diskann,100000,1,w2_0_1,867,0.58125,1.0,10,,scalar_first_exact
pg-diskann,100000,1,w2_0_1,220,0.51075,1.0,10,,scalar_first_exact
pg-diskann,100000,1,w2_0_1,260,0.512958,1.0,10,,scalar_first_exact
pg-diskann,100000,1,w2_0_1,757,0.61175,1.0,10,,scalar_first_exact
pg-diskann,100000,1,w2_0_1,734,0.550375,1.0,10,,scalar_first_exact
pg-diskann,100000,1,w2_0_1,639,0.466083,1.0,10,,scalar_first_exact
pg-diskann,100000,1,w2_0_1,604,0.577083,1.0,10,,scalar_first_exact
pg-diskann,100000,1,w2_0_1,266,1.696708,1.0,10,,scalar_first_exact
pg-diskann,100000,1,w2_0_1,987,0.629208,1.0,10,,scalar_first_exact
pg-diskann,100000,1,w2_0_1,960,0.676208,1.0,10,,scalar_first_exact
pg-diskann,100000,1,w2_0_1,276,0.581709,1.0,10,,scalar_first_exact
pg-diskann,100000,1,w2_0_1,580,0.51975,1.0,10,,scalar_first_exact
pg-diskann,100000,1,w2_0_1,916,0.51125,1.0,10,,scalar_first_exact
pg-diskann,100000,1,w2_0_1,349,0.556542,1.0,10,,scalar_first_exact
pg-diskann,100000,1,w2_0_1,312,0.52225,1.0,10,,scalar_first_exact
pg-diskann,100000,1,w2_0_1,344,0.581416,1.0,10,,scalar_first_exact
pg-diskann,100000,1,w2_0_1,599,0.492875,1.0,10,,scalar_first_exact
pg-diskann,100000,1,w2_0_1,824,0.533708,1.0,10,,scalar_first_exact
pg-diskann,100000,1,w2_0_1,847,0.592125,1.0,10,,scalar_first_exact
pg-diskann,100000,1,w2_0_1,649,3.885375,1.0,10,,scalar_first_exact
pg-diskann,100000,1,w2_0_1,832,0.703375,1.0,10,,scalar_first_exact
pg-diskann,100000,1,w2_0_1,903,0.57075,1.0,10,,scalar_first_exact
pg-diskann,100000,1,w2_0_1,588,0.578542,1.0,10,,scalar_first_exact
pg-diskann,100000,1,w2_0_1,678,0.624542,1.0,10,,scalar_first_exact
pg-diskann,100000,1,w2_0_1,755,0.58575,1.0,10,,scalar_first_exact
pg-diskann,100000,1,w2_0_1,407,0.453625,1.0,10,,scalar_first_exact
pg-diskann,100000,1,w2_0_1,848,0.531583,1.0,10,,scalar_first_exact
pg-diskann,100000,1,w2_0_1,628,0.510375,1.0,10,,scalar_first_exact
pg-diskann,100000,1,w2_0_1,681,1.252042,1.0,10,,scalar_first_exact
pg-diskann,100000,1,w2_0_1,745,0.923042,1.0,10,,scalar_first_exact
pg-diskann,100000,1,w2_0_1,380,0.577583,1.0,10,,scalar_first_exact
pg-diskann,100000,1,w2_0_1,229,0.52075,1.0,10,,scalar_first_exact
pg-diskann,100000,1,w2_0_1,420,0.631708,1.0,10,,scalar_first_exact
pg-diskann,100000,1,w2_0_1,146,0.597167,1.0,10,,scalar_first_exact
pg-diskann,100000,1,w2_0_1,783,0.5015,1.0,10,,scalar_first_exact
pg-diskann,100000,1,w2_0_1,108,0.590958,1.0,10,,scalar_first_exact
pg-diskann,100000,1,w2_0_1,432,0.559125,1.0,10,,scalar_first_exact
pg-diskann,100000,1,w2_0_1,866,0.61225,1.0,10,,scalar_first_exact
pg-diskann,100000,1,w2_0_1,295,0.55675,1.0,10,,scalar_first_exact
pg-diskann,100000,1,w2_0_1,672,0.684792,1.0,10,,scalar_first_exact
pg-diskann,100000,1,w2_0_1,446,2.90925,1.0,10,,scalar_first_exact
pg-diskann,100000,1,w2_0_1,875,0.77125,1.0,10,,scalar_first_exact
pg-diskann,100000,1,w2_0_1,305,0.625834,1.0,10,,scalar_first_exact
pg-diskann,100000,1,w2_0_1,145,0.496542,1.0,10,,scalar_first_exact
pg-diskann,100000,1,w2_0_1,281,0.505583,1.0,10,,scalar_first_exact
pg-diskann,100000,1,w2_0_1,590,0.669917,1.0,10,,scalar_first_exact
pg-diskann,100000,1,w2_0_1,288,0.558083,1.0,10,,scalar_first_exact
pg-diskann,100000,1,w2_0_1,841,0.593083,1.0,10,,scalar_first_exact
pg-diskann,100000,1,w2_0_1,527,0.535916,1.0,10,,scalar_first_exact
pg-diskann,100000,1,w2_0_1,498,0.500542,1.0,10,,scalar_first_exact
pg-diskann,100000,1,w2_0_1,699,0.53125,1.0,10,,scalar_first_exact
pg-diskann,100000,1,w2_0_1,445,1.441625,1.0,10,,scalar_first_exact
pg-diskann,100000,1,w2_0_1,110,0.742041,1.0,10,,scalar_first_exact
pg-diskann,100000,1,w2_0_1,320,0.638666,1.0,10,,scalar_first_exact
pg-diskann,100000,1,w2_0_1,727,0.516417,1.0,10,,scalar_first_exact
pg-diskann,100000,1,w2_0_1,339,0.56175,1.0,10,,scalar_first_exact
pg-diskann,100000,1,w2_0_1,441,0.574042,1.0,10,,scalar_first_exact
pg-diskann,100000,1,w2_0_1,105,0.610375,1.0,10,,scalar_first_exact
pg-diskann,100000,1,w2_0_1,796,0.574333,1.0,10,,scalar_first_exact
pg-diskann,100000,1,w2_0_1,746,0.537667,1.0,10,,scalar_first_exact
pg-diskann,100000,1,w2_0_1,234,0.680916,1.0,10,,scalar_first_exact
pg-diskann,100000,1,w2_0_1,880,0.532291,1.0,10,,scalar_first_exact
pg-diskann,100000,1,w2_0_1,617,0.477709,1.0,10,,scalar_first_exact
pg-diskann,100000,1,w2_0_1,427,1.160292,1.0,10,,scalar_first_exact
pg-diskann,100000,1,w2_0_1,240,0.847875,1.0,10,,scalar_first_exact
pg-diskann,100000,1,w2_0_1,831,0.761916,1.0,10,,scalar_first_exact
pg-diskann,100000,1,w2_0_1,902,0.648125,1.0,10,,scalar_first_exact
pg-diskann,100000,1,w2_0_1,171,0.505958,1.0,10,,scalar_first_exact
pg-diskann,100000,1,w2_0_1,929,0.492708,1.0,10,,scalar_first_exact
pg-diskann,100000,1,w2_0_1,552,0.602125,1.0,10,,scalar_first_exact
pg-diskann,100000,1,w2_0_1,719,0.57775,1.0,10,,scalar_first_exact
pg-diskann,100000,1,w2_0_1,261,0.597,1.0,10,,scalar_first_exact
pg-diskann,100000,1,w2_0_1,786,0.485375,1.0,10,,scalar_first_exact
pg-diskann,100000,1,w2_0_1,264,0.559125,1.0,10,,scalar_first_exact
pg-diskann,100000,1,w2_0_1,554,0.615958,1.0,10,,scalar_first_exact
pg-diskann,100000,1,w2_0_1,583,0.564875,1.0,10,,scalar_first_exact
pg-diskann,100000,1,w2_0_1,908,1.373416,1.0,10,,scalar_first_exact
pg-diskann,100000,1,w2_0_1,772,0.686375,1.0,10,,scalar_first_exact
pg-diskann,100000,1,w2_0_1,877,0.760125,1.0,10,,scalar_first_exact
pg-diskann,100000,1,w2_0_1,827,0.572916,1.0,10,,scalar_first_exact
pg-diskann,100000,1,w2_0_1,308,0.492792,1.0,10,,scalar_first_exact
pg-diskann,100000,1,w2_0_1,286,0.754792,1.0,10,,scalar_first_exact
pg-diskann,100000,1,w2_0_1,945,0.499333,1.0,10,,scalar_first_exact
pg-diskann,100000,1,w2_0_1,685,0.488709,1.0,10,,scalar_first_exact
pg-diskann,100000,1,w2_0_1,346,0.48975,1.0,10,,scalar_first_exact
pg-diskann,100000,1,w2_0_1,409,0.519292,1.0,10,,scalar_first_exact
pg-diskann,100000,1,w2_0_1,469,0.473708,1.0,10,,scalar_first_exact
pg-diskann,100000,1,w2_0_1,247,0.446291,1.0,10,,scalar_first_exact
pg-diskann,100000,1,w2_0_1,857,1.587625,1.0,10,,scalar_first_exact
pg-diskann,100000,1,w2_0_1,490,0.6995,1.0,10,,scalar_first_exact
pg-diskann,100000,1,w2_0_1,844,0.754916,1.0,10,,scalar_first_exact
pg-diskann,100000,1,w2_0_1,411,0.604334,1.0,10,,scalar_first_exact
pg-diskann,100000,1,w2_0_1,726,0.618292,1.0,10,,scalar_first_exact
pg-diskann,100000,1,w2_0_1,488,0.544209,1.0,10,,scalar_first_exact
pg-diskann,100000,1,w2_0_1,307,0.594167,1.0,10,,scalar_first_exact
pg-diskann,100000,1,w2_0_1,225,0.695125,1.0,10,,scalar_first_exact
pg-diskann,100000,1,w2_0_1,814,0.654333,1.0,10,,scalar_first_exact
pg-diskann,100000,1,w2_0_1,251,0.522125,1.0,10,,scalar_first_exact
pg-diskann,100000,1,w2_0_1,661,0.512166,1.0,10,,scalar_first_exact
pg-diskann,100000,1,w2_0_1,101,0.503375,1.0,10,,scalar_first_exact
pg-diskann,100000,1,w2_0_1,986,1.129666,1.0,10,,scalar_first_exact
pg-diskann,100000,1,w2_0_1,550,0.839458,1.0,10,,scalar_first_exact
pg-diskann,100000,1,w2_0_1,301,0.512375,1.0,10,,scalar_first_exact
pg-diskann,100000,1,w2_0_1,546,0.484208,1.0,10,,scalar_first_exact
pg-diskann,100000,1,w2_0_1,695,0.581,1.0,10,,scalar_first_exact
pg-diskann,100000,1,w2_0_1,722,0.498666,1.0,10,,scalar_first_exact
pg-diskann,100000,1,w2_0_1,168,0.664084,1.0,10,,scalar_first_exact
pg-diskann,100000,1,w2_0_1,394,0.573375,1.0,10,,scalar_first_exact
pg-diskann,100000,1,w2_0_1,640,0.584625,1.0,10,,scalar_first_exact
pg-diskann,100000,1,w2_0_1,120,0.59025,1.0,10,,scalar_first_exact
pg-diskann,100000,1,w2_0_1,957,0.519417,1.0,10,,scalar_first_exact
pg-diskann,100000,1,w2_0_1,361,4.799542,1.0,10,,scalar_first_exact
pg-diskann,100000,1,w2_0_1,412,0.645375,1.0,10,,scalar_first_exact
pg-diskann,100000,1,w2_0_1,327,0.525834,1.0,10,,scalar_first_exact
pg-diskann,100000,1,w2_0_1,998,0.552875,1.0,10,,scalar_first_exact
pg-diskann,100000,1,w2_0_1,111,0.531,1.0,10,,scalar_first_exact
pg-diskann,100000,1,w2_0_1,655,0.501125,1.0,10,,scalar_first_exact
pg-diskann,100000,1,w2_0_1,429,0.528375,1.0,10,,scalar_first_exact
pg-diskann,100000,1,w2_0_1,708,1.482417,1.0,10,,scalar_first_exact
pg-diskann,100000,1,w2_0_1,104,0.842291,1.0,10,,scalar_first_exact
pg-diskann,100000,1,w2_0_1,935,0.549333,1.0,10,,scalar_first_exact
pg-diskann,100000,1,w2_0_1,176,0.596875,1.0,10,,scalar_first_exact
pg-diskann,100000,1,w2_0_1,807,0.57725,1.0,10,,scalar_first_exact
pg-diskann,100000,1,w2_0_1,701,0.601333,1.0,10,,scalar_first_exact
pg-diskann,100000,1,w2_0_1,650,0.584584,1.0,10,,scalar_first_exact
pg-diskann,100000,1,w2_0_1,470,0.55375,1.0,10,,scalar_first_exact
pg-diskann,100000,1,w2_0_1,899,0.608125,1.0,10,,scalar_first_exact
pg-diskann,100000,1,w2_0_1,900,0.47825,1.0,10,,scalar_first_exact
pg-diskann,100000,1,w2_0_1,951,0.526541,1.0,10,,scalar_first_exact
pg-diskann,100000,1,w2_0_1,897,0.729458,1.0,10,,scalar_first_exact
pg-diskann,100000,1,w2_0_1,676,1.225667,1.0,10,,scalar_first_exact
pg-diskann,100000,1,w2_0_1,964,0.6545,1.0,10,,scalar_first_exact
pg-diskann,100000,1,w2_0_1,437,0.549667,1.0,10,,scalar_first_exact
pg-diskann,100000,1,w2_0_1,188,0.516208,1.0,10,,scalar_first_exact
pg-diskann,100000,1,w2_0_1,585,0.534084,1.0,10,,scalar_first_exact
pg-diskann,100000,1,w2_0_1,574,3.307209,1.0,10,,scalar_first_exact
pg-diskann,100000,1,w2_0_1,328,0.7755,1.0,10,,scalar_first_exact
pg-diskann,100000,1,w2_0_1,571,0.645583,1.0,10,,scalar_first_exact
pg-diskann,100000,1,w2_0_1,321,1.70175,1.0,10,,scalar_first_exact
pg-diskann,100000,1,w2_0_1,894,0.7335,1.0,10,,scalar_first_exact
pg-diskann,100000,1,w2_0_1,152,0.807209,1.0,10,,scalar_first_exact
pg-diskann,100000,1,w2_0_1,517,0.556625,1.0,10,,scalar_first_exact
pg-diskann,100000,1,w2_0_1,148,0.5365,1.0,10,,scalar_first_exact
pg-diskann,100000,1,w2_0_1,250,0.48925,1.0,10,,scalar_first_exact
pg-diskann,100000,1,w2_0_1,216,0.67675,1.0,10,,scalar_first_exact
pg-diskann,100000,1,w2_0_1,435,0.680125,1.0,10,,scalar_first_exact
pg-diskann,100000,1,w2_0_1,367,0.668875,1.0,10,,scalar_first_exact
pg-diskann,100000,1,w2_0_1,211,0.638625,1.0,10,,scalar_first_exact
pg-diskann,100000,1,w2_0_1,895,0.537834,1.0,10,,scalar_first_exact
pg-diskann,100000,1,w2_0_1,623,1.566625,1.0,10,,scalar_first_exact
pg-diskann,100000,1,w2_0_1,153,0.738625,1.0,10,,scalar_first_exact
pg-diskann,100000,1,w2_0_1,619,0.717417,1.0,10,,scalar_first_exact
pg-diskann,100000,1,w2_0_1,683,0.619042,1.0,10,,scalar_first_exact
pg-diskann,100000,1,w2_0_1,464,0.568375,1.0,10,,scalar_first_exact
pg-diskann,100000,1,w2_0_1,424,0.6075,1.0,10,,scalar_first_exact
pg-diskann,100000,1,w2_0_1,242,0.488209,1.0,10,,scalar_first_exact
pg-diskann,100000,1,w2_0_1,471,0.54325,1.0,10,,scalar_first_exact
pg-diskann,100000,1,w2_0_1,815,0.554041,1.0,10,,scalar_first_exact
pg-diskann,100000,1,w2_0_1,958,0.648584,1.0,10,,scalar_first_exact
pg-diskann,100000,1,w2_0_1,482,0.608917,1.0,10,,scalar_first_exact
pg-diskann,100000,1,w2_0_1,209,0.54775,1.0,10,,scalar_first_exact
pg-diskann,100000,1,w2_0_1,455,1.19125,1.0,10,,scalar_first_exact
pg-diskann,100000,1,w2_0_1,368,0.839625,1.0,10,,scalar_first_exact
pg-diskann,100000,1,w2_0_1,870,0.647041,1.0,10,,scalar_first_exact
pg-diskann,100000,1,w2_0_1,506,0.955166,1.0,10,,scalar_first_exact
pg-diskann,100000,1,w2_0_1,403,0.615292,1.0,10,,scalar_first_exact
pg-diskann,100000,1,w2_0_1,565,0.654292,1.0,10,,scalar_first_exact
pg-diskann,100000,1,w2_0_1,166,0.5375,1.0,10,,scalar_first_exact
pg-diskann,100000,1,w2_0_1,943,0.655,1.0,10,,scalar_first_exact
pg-diskann,100000,1,w2_0_1,883,0.502958,1.0,10,,scalar_first_exact
pg-diskann,100000,1,w2_0_1,299,0.622333,1.0,10,,scalar_first_exact
pg-diskann,100000,1,w2_0_1,713,0.482625,1.0,10,,scalar_first_exact
pg-diskann,100000,1,w2_0_1,849,0.532,1.0,10,,scalar_first_exact
pg-diskann,100000,1,w2_0_1,306,1.518459,1.0,10,,scalar_first_exact
pg-diskann,100000,1,w2_0_1,366,0.875791,1.0,10,,scalar_first_exact
pg-diskann,100000,1,w2_0_1,379,0.611209,1.0,10,,scalar_first_exact
pg-diskann,100000,1,w2_0_1,684,0.612333,1.0,10,,scalar_first_exact
pg-diskann,100000,1,w2_0_1,523,0.56975,1.0,10,,scalar_first_exact
pg-diskann,100000,1,w2_0_1,999,0.582334,1.0,10,,scalar_first_exact
pg-diskann,100000,1,w2_0_1,631,0.579834,1.0,10,,scalar_first_exact
pg-diskann,100000,1,w2_0_1,890,0.614708,1.0,10,,scalar_first_exact
pg-diskann,100000,1,w2_0_1,360,0.582625,1.0,10,,scalar_first_exact
pg-diskann,100000,1,w2_0_1,851,0.604125,1.0,10,,scalar_first_exact
pg-diskann,100000,1,w2_0_1,355,0.571125,1.0,10,,scalar_first_exact
pg-diskann,100000,1,w2_0_1,909,0.583875,1.0,10,,scalar_first_exact
pg-diskann,100000,1,w2_0_1,584,2.285208,1.0,10,,scalar_first_exact
pg-diskann,100000,1,w2_0_1,454,1.188584,1.0,10,,scalar_first_exact
pg-diskann,100000,1,w2_0_1,541,0.717791,1.0,10,,scalar_first_exact
pg-diskann,100000,1,w2_0_1,776,0.550458,1.0,10,,scalar_first_exact
pg-diskann,100000,1,w2_0_1,107,0.526292,1.0,10,,scalar_first_exact
pg-diskann,100000,1,w2_0_1,100,0.580459,1.0,10,,scalar_first_exact
pg-diskann,100000,1,w2_0_1,290,0.6005,1.0,10,,scalar_first_exact
pg-diskann,100000,1,w2_0_1,874,0.512708,1.0,10,,scalar_first_exact
pg-diskann,100000,1,w2_0_1,130,0.598875,1.0,10,,scalar_first_exact
pg-diskann,100000,1,w2_0_1,949,1.313333,1.0,10,,scalar_first_exact
pg-diskann,100000,1,w2_0_1,224,0.612084,1.0,10,,scalar_first_exact
pg-diskann,100000,1,w2_0_1,881,0.459334,1.0,10,,scalar_first_exact
pg-diskann,100000,1,w2_0_1,587,1.049625,1.0,10,,scalar_first_exact
pg-diskann,100000,1,w2_0_1,657,0.541417,1.0,10,,scalar_first_exact
pg-diskann,100000,1,w2_0_1,766,0.540625,1.0,10,,scalar_first_exact
pg-diskann,100000,1,w2_0_1,256,0.641375,1.0,10,,scalar_first_exact
pg-diskann,100000,1,w2_0_1,869,0.519875,1.0,10,,scalar_first_exact
pg-diskann,100000,1,w2_0_1,206,0.576167,1.0,10,,scalar_first_exact
pg-diskann,100000,1,w2_0_1,125,0.709625,1.0,10,,scalar_first_exact
pg-diskann,100000,1,w2_0_1,653,0.461334,1.0,10,,scalar_first_exact
pg-diskann,100000,1,w2_0_1,543,0.447584,1.0,10,,scalar_first_exact
pg-diskann,100000,1,w2_0_1,656,0.534417,1.0,10,,scalar_first_exact
pg-diskann,100000,1,w2_0_1,102,1.005708,1.0,10,,scalar_first_exact
pg-diskann,100000,1,w2_0_1,243,0.665334,1.0,10,,scalar_first_exact
pg-diskann,100000,1,w2_0_1,415,0.559625,1.0,10,,scalar_first_exact
pg-diskann,100000,1,w2_0_1,544,0.531709,1.0,10,,scalar_first_exact
pg-diskann,100000,1,w2_0_1,629,0.519292,1.0,10,,scalar_first_exact
pg-diskann,100000,1,w2_0_1,626,0.517084,1.0,10,,scalar_first_exact
pg-diskann,100000,1,w2_0_1,190,0.526167,1.0,10,,scalar_first_exact
pg-diskann,100000,1,w2_0_1,910,0.593375,1.0,10,,scalar_first_exact
pg-diskann,100000,1,w2_0_1,408,0.544291,1.0,10,,scalar_first_exact
pg-diskann,100000,1,w2_0_1,896,0.451791,1.0,10,,scalar_first_exact
pg-diskann,100000,1,w2_0_1,643,0.449291,1.0,10,,scalar_first_exact
pg-diskann,100000,1,w2_0_1,115,0.467583,1.0,10,,scalar_first_exact
pg-diskann,100000,1,w2_0_1,666,0.440458,1.0,10,,scalar_first_exact
pg-diskann,100000,1,w2_0_1,601,0.446083,1.0,10,,scalar_first_exact
pg-diskann,100000,1,w2_0_1,336,0.488708,1.0,10,,scalar_first_exact
pg-diskann,100000,1,w2_0_1,364,0.647875,1.0,10,,scalar_first_exact
pg-diskann,100000,1,w2_0_1,921,0.580417,1.0,10,,scalar_first_exact
pg-diskann,100000,1,w2_0_1,183,0.430416,1.0,10,,scalar_first_exact
pg-diskann,100000,1,w2_0_1,475,0.523958,1.0,10,,scalar_first_exact
pg-diskann,100000,1,w2_0_1,359,0.473167,1.0,10,,scalar_first_exact
pg-diskann,100000,1,w2_0_1,630,0.51875,1.0,10,,scalar_first_exact
pg-diskann,100000,1,w2_0_1,763,0.517542,1.0,10,,scalar_first_exact
pg-diskann,100000,1,w2_0_1,602,0.567833,1.0,10,,scalar_first_exact
pg-diskann,100000,1,w2_0_1,840,0.600875,1.0,10,,scalar_first_exact
pg-diskann,100000,1,w2_0_1,118,0.60775,1.0,10,,scalar_first_exact
pg-diskann,100000,1,w2_0_1,345,0.5785,1.0,10,,scalar_first_exact
pg-diskann,100000,1,w2_0_1,352,0.626083,1.0,10,,scalar_first_exact
pg-diskann,100000,1,w2_0_1,514,0.548958,1.0,10,,scalar_first_exact
pg-diskann,100000,1,w2_0_1,965,0.7765,1.0,10,,scalar_first_exact
pg-diskann,100000,1,w2_0_1,561,0.680167,1.0,10,,scalar_first_exact
pg-diskann,100000,1,w2_0_1,720,0.602834,1.0,10,,scalar_first_exact
pg-diskann,100000,1,w2_0_1,278,0.609625,1.0,10,,scalar_first_exact
pg-diskann,100000,1,w2_0_1,272,0.585083,1.0,10,,scalar_first_exact
pg-diskann,100000,1,w2_0_1,524,0.604125,1.0,10,,scalar_first_exact
pg-diskann,100000,1,w2_0_1,439,0.631542,1.0,10,,scalar_first_exact
pg-diskann,100000,1,w2_0_1,636,0.658541,1.0,10,,scalar_first_exact
pg-diskann,100000,1,w2_0_1,426,0.854458,1.0,10,,scalar_first_exact
pg-diskann,100000,1,w2_0_1,947,0.749917,1.0,10,,scalar_first_exact
pg-diskann,100000,1,w2_0_1,700,0.628417,1.0,10,,scalar_first_exact
pg-diskann,100000,1,w2_0_1,785,4.845333,1.0,10,,scalar_first_exact
pg-diskann,100000,1,w2_0_1,863,0.648167,1.0,10,,scalar_first_exact
pg-diskann,100000,1,w2_0_1,777,0.617125,1.0,10,,scalar_first_exact
pg-diskann,100000,1,w2_0_1,558,0.679666,1.0,10,,scalar_first_exact
pg-diskann,100000,1,w2_0_1,529,0.771917,1.0,10,,scalar_first_exact
pg-diskann,100000,1,w2_0_1,799,0.674042,1.0,10,,scalar_first_exact
pg-diskann,100000,1,w2_0_1,955,0.679833,1.0,10,,scalar_first_exact
pg-diskann,100000,1,w2_0_1,259,0.596292,1.0,10,,scalar_first_exact
pg-diskann,100000,1,w2_0_1,712,1.022625,1.0,10,,scalar_first_exact
pg-diskann,100000,1,w2_0_1,901,0.628375,1.0,10,,scalar_first_exact
pg-diskann,100000,1,w2_0_1,283,0.571166,1.0,10,,scalar_first_exact
pg-diskann,100000,1,w2_0_1,610,0.621958,1.0,10,,scalar_first_exact
pg-diskann,100000,1,w2_0_1,332,0.573,1.0,10,,scalar_first_exact
pg-diskann,100000,1,w2_0_1,525,0.709958,1.0,10,,scalar_first_exact
pg-diskann,100000,1,w2_0_1,323,0.635041,1.0,10,,scalar_first_exact
pg-diskann,100000,1,w2_0_1,946,0.610625,1.0,10,,scalar_first_exact
pg-diskann,100000,1,w2_0_1,579,0.7105,1.0,10,,scalar_first_exact
pg-diskann,100000,1,w2_0_1,662,0.547709,1.0,10,,scalar_first_exact
pg-diskann,100000,1,w2_0_1,509,0.633334,1.0,10,,scalar_first_exact
pg-diskann,100000,1,w2_0_1,926,0.562333,1.0,10,,scalar_first_exact
pg-diskann,100000,1,w2_0_1,456,0.5575,1.0,10,,scalar_first_exact
pg-diskann,100000,1,w2_0_1,436,0.755959,1.0,10,,scalar_first_exact
pg-diskann,100000,1,w2_0_1,811,0.699917,1.0,10,,scalar_first_exact
pg-diskann,100000,1,w2_0_1,418,0.652583,1.0,10,,scalar_first_exact
pg-diskann,100000,1,w2_0_1,956,0.978458,1.0,10,,scalar_first_exact
pg-diskann,100000,1,w2_0_1,497,0.898209,1.0,10,,scalar_first_exact
pg-diskann,100000,1,w2_0_1,387,1.521125,1.0,10,,scalar_first_exact
pg-diskann,100000,1,w2_0_1,425,1.145875,1.0,10,,scalar_first_exact
pg-diskann,100000,1,w2_0_1,296,1.5755,1.0,10,,scalar_first_exact
pg-diskann,100000,1,w2_0_1,829,0.786334,1.0,10,,scalar_first_exact
pg-diskann,100000,1,w2_0_1,985,1.077875,1.0,10,,scalar_first_exact
pg-diskann,100000,1,w2_0_1,268,0.712917,1.0,10,,scalar_first_exact
pg-diskann,100000,1,w2_0_1,460,0.581041,1.0,10,,scalar_first_exact
pg-diskann,100000,1,w2_0_1,413,0.457875,1.0,10,,scalar_first_exact
pg-diskann,100000,1,w2_0_1,319,0.463458,1.0,10,,scalar_first_exact
pg-diskann,100000,1,w2_0_1,868,0.411291,1.0,10,,scalar_first_exact
pg-diskann,100000,1,w2_0_1,647,0.369208,1.0,10,,scalar_first_exact
pg-diskann,100000,1,w2_0_1,182,0.613084,1.0,10,,scalar_first_exact
pg-diskann,100000,1,w2_0_1,778,0.733,1.0,10,,scalar_first_exact
pg-diskann,100000,1,w2_0_1,595,0.506083,1.0,10,,scalar_first_exact
pg-diskann,100000,1,w2_0_1,274,0.59525,1.0,10,,scalar_first_exact
pg-diskann,100000,1,w2_0_1,674,0.556833,1.0,10,,scalar_first_exact
pg-diskann,100000,1,w2_0_1,334,2.536209,1.0,10,,scalar_first_exact
pg-diskann,100000,1,w2_0_1,697,0.853875,1.0,10,,scalar_first_exact
pg-diskann,100000,1,w2_0_1,493,1.121875,1.0,10,,scalar_first_exact
pg-diskann,100000,1,w2_0_1,912,0.626416,1.0,10,,scalar_first_exact
pg-diskann,100000,1,w2_0_1,496,0.536417,1.0,10,,scalar_first_exact
pg-diskann,100000,1,w2_0_1,747,0.548916,1.0,10,,scalar_first_exact
pg-diskann,100000,1,w2_0_1,787,0.565416,1.0,10,,scalar_first_exact
pg-diskann,100000,1,w2_0_1,760,0.486542,1.0,10,,scalar_first_exact
pg-diskann,100000,1,w2_0_1,388,0.542833,1.0,10,,scalar_first_exact
pg-diskann,100000,1,w2_0_1,338,0.456791,1.0,10,,scalar_first_exact
pg-diskann,100000,1,w2_0_1,536,0.936084,1.0,10,,scalar_first_exact
pg-diskann,100000,1,w2_0_1,988,0.712083,1.0,10,,scalar_first_exact
pg-diskann,100000,1,w2_0_1,608,0.513083,1.0,10,,scalar_first_exact
pg-diskann,100000,1,w2_0_1,511,0.551125,1.0,10,,scalar_first_exact
pg-diskann,100000,1,w2_0_1,461,0.498208,1.0,10,,scalar_first_exact
pg-diskann,100000,1,w2_0_1,792,2.39625,1.0,10,,scalar_first_exact
pg-diskann,100000,1,w2_0_1,806,0.659709,1.0,10,,scalar_first_exact
pg-diskann,100000,1,w2_0_1,922,0.527041,1.0,10,,scalar_first_exact
pg-diskann,100000,1,w2_0_1,828,0.559584,1.0,10,,scalar_first_exact
pg-diskann,100000,1,w2_0_1,753,0.50025,1.0,10,,scalar_first_exact
pg-diskann,100000,1,w2_0_1,440,0.502375,1.0,10,,scalar_first_exact
pg-diskann,100000,1,w2_0_1,923,0.521875,1.0,10,,scalar_first_exact
pg-diskann,100000,1,w2_0_1,774,0.505958,1.0,10,,scalar_first_exact
pg-diskann,100000,1,w2_0_1,423,0.468125,1.0,10,,scalar_first_exact
pg-diskann,100000,1,w2_0_1,696,0.548291,1.0,10,,scalar_first_exact
pg-diskann,100000,1,w2_0_1,348,0.551875,1.0,10,,scalar_first_exact
pg-diskann,100000,1,w2_0_1,979,0.447834,1.0,10,,scalar_first_exact
pg-diskann,100000,1,w2_0_1,804,0.560625,1.0,10,,scalar_first_exact
pg-diskann,100000,1,w2_0_1,463,0.552667,1.0,10,,scalar_first_exact
pg-diskann,100000,1,w2_0_1,121,0.572458,1.0,10,,scalar_first_exact
pg-diskann,100000,1,w2_0_1,444,0.532084,1.0,10,,scalar_first_exact
pg-diskann,100000,1,w2_0_1,127,0.620166,1.0,10,,scalar_first_exact
pg-diskann,100000,1,w2_0_1,593,0.520334,1.0,10,,scalar_first_exact
pg-diskann,100000,1,w2_0_1,977,0.565667,1.0,10,,scalar_first_exact
pg-diskann,100000,1,w2_0_1,741,0.652167,1.0,10,,scalar_first_exact
pg-diskann,100000,1,w2_0_1,904,0.589042,1.0,10,,scalar_first_exact
pg-diskann,100000,1,w2_0_1,265,0.567625,1.0,10,,scalar_first_exact
pg-diskann,100000,1,w2_0_1,191,0.677875,1.0,10,,scalar_first_exact
pg-diskann,100000,1,w2_0_1,575,0.586084,1.0,10,,scalar_first_exact
pg-diskann,100000,1,w2_0_1,559,0.671417,1.0,10,,scalar_first_exact
pg-diskann,100000,1,w2_0_1,123,0.597833,1.0,10,,scalar_first_exact
pg-diskann,100000,1,w2_0_1,982,0.571292,1.0,10,,scalar_first_exact
pg-diskann,100000,1,w2_0_1,297,0.844416,1.0,10,,scalar_first_exact
pg-diskann,100000,1,w2_0_1,888,0.886541,1.0,10,,scalar_first_exact
pg-diskann,100000,1,w2_0_1,202,0.629917,1.0,10,,scalar_first_exact
pg-diskann,100000,1,w2_0_1,405,0.544625,1.0,10,,scalar_first_exact
pg-diskann,100000,1,w2_0_1,693,0.608459,1.0,10,,scalar_first_exact
pg-diskann,100000,1,w2_0_1,519,0.780083,1.0,10,,scalar_first_exact
pg-diskann,100000,1,w2_0_1,914,0.674625,1.0,10,,scalar_first_exact
pg-diskann,100000,1,w2_0_1,954,0.722709,1.0,10,,scalar_first_exact
pg-diskann,100000,1,w2_0_1,962,0.758333,1.0,10,,scalar_first_exact
pg-diskann,100000,1,w2_0_1,316,0.839083,1.0,10,,scalar_first_exact
pg-diskann,100000,1,w2_0_1,377,4.308375,1.0,10,,scalar_first_exact
pg-diskann,100000,1,w2_0_1,389,0.93625,1.0,10,,scalar_first_exact
pg-diskann,100000,1,w2_0_1,212,0.7065,1.0,10,,scalar_first_exact
pg-diskann,100000,1,w2_0_1,138,0.572959,1.0,10,,scalar_first_exact
pg-diskann,100000,1,w2_0_1,315,0.538709,1.0,10,,scalar_first_exact
pg-diskann,100000,1,w2_0_1,830,0.604375,1.0,10,,scalar_first_exact
pg-diskann,100000,1,w2_0_1,568,0.5745,1.0,10,,scalar_first_exact
pg-diskann,100000,1,w2_0_1,738,0.707708,1.0,10,,scalar_first_exact
pg-diskann,100000,1,w2_0_1,748,0.493791,1.0,10,,scalar_first_exact
pg-diskann,100000,1,w2_0_1,162,0.553459,1.0,10,,scalar_first_exact
pg-diskann,100000,1,w2_0_1,743,0.589958,1.0,10,,scalar_first_exact
pg-diskann,100000,1,w2_0_1,267,0.591084,1.0,10,,scalar_first_exact
pg-diskann,100000,1,w2_0_1,641,0.557833,1.0,10,,scalar_first_exact
pg-diskann,100000,1,w2_0_1,185,0.629334,1.0,10,,scalar_first_exact
pg-diskann,100000,1,w2_0_1,397,0.807917,1.0,10,,scalar_first_exact
pg-diskann,100000,1,w2_0_1,515,0.499959,1.0,10,,scalar_first_exact
pg-diskann,100000,1,w2_0_1,625,0.516875,1.0,10,,scalar_first_exact
pg-diskann,100000,1,w2_0_1,351,0.683084,1.0,10,,scalar_first_exact
pg-diskann,100000,1,w2_0_1,537,0.48975,1.0,10,,scalar_first_exact
pg-diskann,100000,1,w2_0_1,993,0.427667,1.0,10,,scalar_first_exact
pg-diskann,100000,1,w2_0_1,192,0.442958,1.0,10,,scalar_first_exact
pg-diskann,100000,1,w2_0_1,472,0.496458,1.0,10,,scalar_first_exact
pg-diskann,100000,1,w2_0_1,873,0.510375,1.0,10,,scalar_first_exact
pg-diskann,100000,1,w2_0_1,494,0.497125,1.0,10,,scalar_first_exact
pg-diskann,100000,1,w2_0_1,705,0.543,1.0,10,,scalar_first_exact
pg-diskann,100000,1,w2_0_1,876,0.443792,1.0,10,,scalar_first_exact
pg-diskann,100000,1,w2_0_1,605,0.463625,1.0,10,,scalar_first_exact
pg-diskann,100000,1,w2_0_1,402,0.553459,1.0,10,,scalar_first_exact
pg-diskann,100000,1,w2_0_1,237,0.578291,1.0,10,,scalar_first_exact
pg-diskann,100000,1,w2_0_1,759,0.831208,1.0,10,,scalar_first_exact
pg-diskann,100000,1,w2_0_1,572,0.5895,1.0,10,,scalar_first_exact
pg-diskann,100000,1,w2_0_1,740,0.562,1.0,10,,scalar_first_exact
pg-diskann,100000,1,w2_0_1,973,0.534458,1.0,10,,scalar_first_exact
pg-diskann,100000,1,w2_0_1,232,0.594416,1.0,10,,scalar_first_exact
pg-diskann,100000,1,w2_0_1,304,0.563542,1.0,10,,scalar_first_exact
pg-diskann,100000,1,w2_0_1,271,0.500542,1.0,10,,scalar_first_exact
pg-diskann,100000,1,w2_0_1,122,0.567958,1.0,10,,scalar_first_exact
pg-diskann,100000,1,w2_0_1,731,0.583167,1.0,10,,scalar_first_exact
pg-diskann,100000,1,w2_0_1,170,0.753833,1.0,10,,scalar_first_exact
pg-diskann,100000,1,w2_0_1,447,0.63125,1.0,10,,scalar_first_exact
pg-diskann,100000,1,w2_0_1,217,0.590333,1.0,10,,scalar_first_exact
pg-diskann,100000,1,w2_0_1,262,0.640333,1.0,10,,scalar_first_exact
pg-diskann,100000,1,w2_0_1,819,0.502416,1.0,10,,scalar_first_exact
pg-diskann,100000,1,w2_0_1,233,0.478375,1.0,10,,scalar_first_exact
pg-diskann,100000,1,w2_0_1,239,0.698208,1.0,10,,scalar_first_exact
pg-diskann,100000,1,w2_0_1,808,0.516167,1.0,10,,scalar_first_exact
pg-diskann,100000,1,w2_0_1,226,0.532417,1.0,10,,scalar_first_exact
pg-diskann,100000,1,w2_0_1,980,0.654167,1.0,10,,scalar_first_exact
pg-diskann,100000,1,w2_0_1,132,0.595791,1.0,10,,scalar_first_exact
pg-diskann,100000,1,w2_0_1,800,0.641,1.0,10,,scalar_first_exact
pg-diskann,100000,1,w2_0_1,709,0.545292,1.0,10,,scalar_first_exact
pg-diskann,100000,1,w2_0_1,607,0.57875,1.0,10,,scalar_first_exact
pg-diskann,100000,1,w2_0_1,453,0.582417,1.0,10,,scalar_first_exact
pg-diskann,100000,1,w2_0_1,911,0.594833,1.0,10,,scalar_first_exact
pg-diskann,100000,1,w2_0_1,970,0.59475,1.0,10,,scalar_first_exact
pg-diskann,100000,1,w2_0_1,386,0.569125,1.0,10,,scalar_first_exact
pg-diskann,100000,1,w2_0_1,177,0.549542,1.0,10,,scalar_first_exact
pg-diskann,100000,1,w2_0_1,624,0.551834,1.0,10,,scalar_first_exact
pg-diskann,100000,1,w2_0_1,706,0.539167,1.0,10,,scalar_first_exact
pg-diskann,100000,1,w2_0_1,277,0.505666,1.0,10,,scalar_first_exact
pg-diskann,100000,1,w2_0_1,723,0.499708,1.0,10,,scalar_first_exact
pg-diskann,100000,1,w2_0_1,692,0.602792,1.0,10,,scalar_first_exact
pg-diskann,100000,1,w2_0_1,556,0.528042,1.0,10,,scalar_first_exact
pg-diskann,100000,1,w2_0_1,341,0.53275,1.0,10,,scalar_first_exact
pg-diskann,100000,1,w2_0_1,154,0.62325,1.0,10,,scalar_first_exact
pg-diskann,100000,1,w2_0_1,842,0.649583,1.0,10,,scalar_first_exact
pg-diskann,100000,1,w2_0_1,885,0.686459,1.0,10,,scalar_first_exact
pg-diskann,100000,1,w2_0_1,675,0.506583,1.0,10,,scalar_first_exact
pg-diskann,100000,1,w2_0_1,795,0.615791,1.0,10,,scalar_first_exact
pg-diskann,100000,1,w2_0_1,495,0.527041,1.0,10,,scalar_first_exact
pg-diskann,100000,1,w2_0_1,500,0.515792,1.0,10,,scalar_first_exact
pg-diskann,100000,1,w2_0_1,937,0.629583,1.0,10,,scalar_first_exact
pg-diskann,100000,1,w2_0_1,562,0.5065,1.0,10,,scalar_first_exact
pg-diskann,100000,1,w2_0_1,917,0.558875,1.0,10,,scalar_first_exact
pg-diskann,100000,1,w2_0_1,135,0.4825,1.0,10,,scalar_first_exact
pg-diskann,100000,1,w2_0_1,175,0.583417,1.0,10,,scalar_first_exact
pg-diskann,100000,1,w2_0_1,966,0.483167,1.0,10,,scalar_first_exact
pg-diskann,100000,1,w2_0_1,530,0.447709,1.0,10,,scalar_first_exact
pg-diskann,100000,1,w2_0_1,119,0.520625,1.0,10,,scalar_first_exact
pg-diskann,100000,1,w2_0_1,451,0.50375,1.0,10,,scalar_first_exact
pg-diskann,100000,1,w2_0_1,615,0.59275,1.0,10,,scalar_first_exact
pg-diskann,100000,1,w2_0_1,201,0.673333,1.0,10,,scalar_first_exact
pg-diskann,100000,1,w2_0_1,721,0.677167,1.0,10,,scalar_first_exact
pg-diskann,100000,1,w2_0_1,750,0.646,1.0,10,,scalar_first_exact
pg-diskann,100000,1,w2_0_1,739,0.715,1.0,10,,scalar_first_exact
pg-diskann,100000,1,w2_0_1,357,0.650792,1.0,10,,scalar_first_exact
pg-diskann,100000,1,w2_0_1,566,0.640042,1.0,10,,scalar_first_exact
pg-diskann,100000,1,w2_0_1,627,0.560375,1.0,10,,scalar_first_exact
pg-diskann,100000,1,w2_0_1,717,0.688583,1.0,10,,scalar_first_exact
pg-diskann,100000,1,w2_0_1,886,0.577333,1.0,10,,scalar_first_exact
pg-diskann,100000,1,w2_0_1,335,0.644166,1.0,10,,scalar_first_exact
pg-diskann,100000,1,w2_0_1,535,0.618542,1.0,10,,scalar_first_exact
pg-diskann,100000,1,w2_0_1,862,0.68125,1.0,10,,scalar_first_exact
pg-diskann,100000,1,w2_0_1,660,0.827042,1.0,10,,scalar_first_exact
pg-diskann,100000,1,w2_0_1,326,0.757417,1.0,10,,scalar_first_exact
pg-diskann,100000,1,w2_0_1,996,0.770292,1.0,10,,scalar_first_exact
pg-diskann,100000,1,w2_0_1,600,0.546292,1.0,10,,scalar_first_exact
pg-diskann,100000,1,w2_0_1,751,0.443334,1.0,10,,scalar_first_exact
pg-diskann,100000,1,w2_0_1,393,0.565375,1.0,10,,scalar_first_exact
pg-diskann,100000,1,w2_0_1,241,0.493625,1.0,10,,scalar_first_exact
pg-diskann,100000,1,w2_0_1,431,0.601291,1.0,10,,scalar_first_exact
pg-diskann,100000,1,w2_0_1,809,0.607791,1.0,10,,scalar_first_exact
pg-diskann,100000,1,w2_0_1,384,0.624916,1.0,10,,scalar_first_exact
pg-diskann,100000,1,w2_0_1,689,0.625708,1.0,10,,scalar_first_exact
pg-diskann,100000,1,w2_0_1,486,0.649333,1.0,10,,scalar_first_exact
pg-diskann,100000,1,w2_0_1,905,0.652292,1.0,10,,scalar_first_exact
pg-diskann,100000,1,w2_0_1,925,0.750458,1.0,10,,scalar_first_exact
pg-diskann,100000,1,w2_0_1,289,0.653458,1.0,10,,scalar_first_exact
pg-diskann,100000,1,w2_0_1,504,0.698167,1.0,10,,scalar_first_exact
pg-diskann,100000,1,w2_0_1,725,0.727541,1.0,10,,scalar_first_exact
pg-diskann,100000,1,w2_0_1,161,0.842625,1.0,10,,scalar_first_exact
pg-diskann,100000,1,w2_0_1,113,0.645458,1.0,10,,scalar_first_exact
pg-diskann,100000,1,w2_0_1,752,0.71,1.0,10,,scalar_first_exact
pg-diskann,100000,1,w2_0_1,481,0.592875,1.0,10,,scalar_first_exact
pg-diskann,100000,1,w2_0_1,781,0.556125,1.0,10,,scalar_first_exact
pg-diskann,100000,1,w2_0_1,707,0.49825,1.0,10,,scalar_first_exact
pg-diskann,100000,1,w2_0_1,803,0.589,1.0,10,,scalar_first_exact
pg-diskann,100000,1,w2_0_1,838,0.650792,1.0,10,,scalar_first_exact
pg-diskann,100000,1,w2_0_1,279,0.619959,1.0,10,,scalar_first_exact
pg-diskann,100000,1,w2_0_1,131,0.757291,1.0,10,,scalar_first_exact
pg-diskann,100000,1,w2_0_1,728,0.635916,1.0,10,,scalar_first_exact
pg-diskann,100000,1,w2_0_1,526,0.545875,1.0,10,,scalar_first_exact
pg-diskann,100000,1,w2_0_1,698,0.608958,1.0,10,,scalar_first_exact
pg-diskann,100000,1,w2_0_1,143,0.627083,1.0,10,,scalar_first_exact
pg-diskann,100000,1,w2_0_1,510,0.661291,1.0,10,,scalar_first_exact
pg-diskann,100000,1,w2_0_1,291,0.612417,1.0,10,,scalar_first_exact
pg-diskann,100000,1,w2_0_1,939,0.680208,1.0,10,,scalar_first_exact
pg-diskann,100000,1,w2_0_1,294,0.661083,1.0,10,,scalar_first_exact
pg-diskann,100000,1,w2_0_1,971,0.547416,1.0,10,,scalar_first_exact
pg-diskann,100000,1,w2_0_1,950,0.676334,1.0,10,,scalar_first_exact
pg-diskann,100000,1,w2_0_1,151,0.695,1.0,10,,scalar_first_exact
pg-diskann,100000,1,w2_0_1,292,0.7075,1.0,10,,scalar_first_exact
pg-diskann,100000,1,w2_0_1,478,0.905959,1.0,10,,scalar_first_exact
pg-diskann,100000,1,w2_0_1,779,0.5965,1.0,10,,scalar_first_exact
pg-diskann,100000,1,w2_0_1,975,0.8595,1.0,10,,scalar_first_exact
pg-diskann,100000,1,w2_0_1,564,0.918917,1.0,10,,scalar_first_exact
pg-diskann,100000,1,w2_0_1,485,1.009375,1.0,10,,scalar_first_exact
pg-diskann,100000,1,w2_0_1,204,0.602375,1.0,10,,scalar_first_exact
pg-diskann,100000,1,w2_0_1,273,0.660167,1.0,10,,scalar_first_exact
pg-diskann,100000,1,w2_0_1,144,0.686125,1.0,10,,scalar_first_exact
pg-diskann,100000,1,w2_0_1,370,0.537667,1.0,10,,scalar_first_exact
pg-diskann,100000,1,w2_0_1,208,0.534208,1.0,10,,scalar_first_exact
pg-diskann,100000,1,w2_0_1,577,0.570458,1.0,10,,scalar_first_exact
pg-diskann,100000,1,w2_0_1,124,0.585417,1.0,10,,scalar_first_exact
pg-diskann,100000,1,w2_0_1,207,0.546375,1.0,10,,scalar_first_exact
pg-diskann,100000,1,w2_0_1,164,0.605875,1.0,10,,scalar_first_exact
pg-diskann,100000,1,w2_0_1,570,1.029459,1.0,10,,scalar_first_exact
pg-diskann,100000,1,w2_0_1,499,0.935208,1.0,10,,scalar_first_exact
pg-diskann,100000,1,w2_0_1,187,0.696958,1.0,10,,scalar_first_exact
pg-diskann,100000,1,w2_0_1,227,0.771917,1.0,10,,scalar_first_exact
pg-diskann,100000,1,w2_0_1,843,1.252083,1.0,10,,scalar_first_exact
pg-diskann,100000,1,w2_0_1,622,0.683625,1.0,10,,scalar_first_exact
pg-diskann,100000,1,w2_0_1,694,0.681042,1.0,10,,scalar_first_exact
pg-diskann,100000,1,w2_0_1,836,0.550041,1.0,10,,scalar_first_exact
pg-diskann,100000,1,w2_0_1,414,0.612209,1.0,10,,scalar_first_exact
pg-diskann,100000,1,w2_0_1,749,3.547291,1.0,10,,scalar_first_exact
pg-diskann,100000,1,w2_0_1,884,0.998417,1.0,10,,scalar_first_exact
pg-diskann,100000,1,w2_0_1,742,0.670542,1.0,10,,scalar_first_exact
pg-diskann,100000,1,w2_0_1,539,0.635709,1.0,10,,scalar_first_exact
pg-diskann,100000,1,w2_0_1,560,0.69825,1.0,10,,scalar_first_exact
pg-diskann,100000,1,w2_0_1,989,0.503583,1.0,10,,scalar_first_exact
pg-diskann,100000,1,w2_0_1,852,0.595583,1.0,10,,scalar_first_exact
pg-diskann,100000,1,w2_0_1,474,0.622167,1.0,10,,scalar_first_exact
pg-diskann,100000,1,w2_0_1,974,0.758334,1.0,10,,scalar_first_exact
pg-diskann,100000,1,w2_0_1,378,0.526625,1.0,10,,scalar_first_exact
pg-diskann,100000,1,w2_0_1,150,0.650125,1.0,10,,scalar_first_exact
pg-diskann,100000,1,w2_0_1,133,0.565084,1.0,10,,scalar_first_exact
pg-diskann,100000,1,w2_0_1,300,0.78625,1.0,10,,scalar_first_exact
pg-diskann,100000,1,w2_0_1,780,0.756417,1.0,10,,scalar_first_exact
pg-diskann,100000,1,w2_0_1,189,0.7315,1.0,10,,scalar_first_exact
pg-diskann,100000,1,w2_0_1,688,0.677667,1.0,10,,scalar_first_exact
pg-diskann,100000,1,w2_0_1,501,0.808791,1.0,10,,scalar_first_exact
pg-diskann,100000,1,w2_0_1,990,0.556583,1.0,10,,scalar_first_exact
pg-diskann,100000,1,w2_0_1,252,0.611,1.0,10,,scalar_first_exact
pg-diskann,100000,1,w2_0_1,716,0.622208,1.0,10,,scalar_first_exact
pg-diskann,100000,1,w2_0_1,553,1.147459,1.0,10,,scalar_first_exact
pg-diskann,100000,1,w2_0_1,691,0.596209,1.0,10,,scalar_first_exact
pg-diskann,100000,1,w2_0_1,311,0.613,1.0,10,,scalar_first_exact
pg-diskann,100000,1,w2_0_1,586,0.670458,1.0,10,,scalar_first_exact
pg-diskann,100000,1,w2_0_1,592,0.59325,1.0,10,,scalar_first_exact
pg-diskann,100000,1,w2_0_1,197,1.011208,1.0,10,,scalar_first_exact
pg-diskann,100000,1,w2_0_1,491,0.652125,1.0,10,,scalar_first_exact
pg-diskann,100000,1,w2_0_1,353,0.520083,1.0,10,,scalar_first_exact
pg-diskann,100000,1,w2_0_1,794,0.539792,1.0,10,,scalar_first_exact
pg-diskann,100000,1,w2_0_1,309,0.547583,1.0,10,,scalar_first_exact
pg-diskann,100000,1,w2_0_1,109,0.573417,1.0,10,,scalar_first_exact
pg-diskann,100000,1,w2_0_1,269,0.521458,1.0,10,,scalar_first_exact
pg-diskann,100000,1,w2_0_1,756,0.532083,1.0,10,,scalar_first_exact
pg-diskann,100000,1,w2_0_1,160,0.485792,1.0,10,,scalar_first_exact
pg-diskann,100000,1,w2_0_1,457,0.549417,1.0,10,,scalar_first_exact
pg-diskann,100000,1,w2_0_1,621,0.657291,1.0,10,,scalar_first_exact
pg-diskann,100000,1,w2_0_1,620,0.626375,1.0,10,,scalar_first_exact
pg-diskann,100000,1,w2_0_1,864,0.756167,1.0,10,,scalar_first_exact
pg-diskann,100000,1,w2_0_1,578,0.982458,1.0,10,,scalar_first_exact
pg-diskann,100000,1,w2_0_1,861,0.546,1.0,10,,scalar_first_exact
pg-diskann,100000,1,w2_0_1,395,0.572958,1.0,10,,scalar_first_exact
pg-diskann,100000,1,w2_0_1,812,0.768875,1.0,10,,scalar_first_exact
pg-diskann,100000,1,w2_0_1,492,3.597916,1.0,10,,scalar_first_exact
pg-diskann,100000,1,w2_0_1,417,0.62925,1.0,10,,scalar_first_exact
pg-diskann,100000,1,w2_0_1,573,0.884958,1.0,10,,scalar_first_exact
pg-diskann,100000,1,w2_0_1,142,0.622875,1.0,10,,scalar_first_exact
pg-diskann,100000,1,w2_0_1,219,0.564917,1.0,10,,scalar_first_exact
pg-diskann,100000,1,w2_0_1,991,0.517709,1.0,10,,scalar_first_exact
pg-diskann,100000,1,w2_0_1,396,0.523791,1.0,10,,scalar_first_exact
pg-diskann,100000,1,w2_0_1,342,0.54225,1.0,10,,scalar_first_exact
pg-diskann,100000,1,w2_0_1,791,0.63225,1.0,10,,scalar_first_exact
pg-diskann,100000,1,w2_0_1,230,0.566625,1.0,10,,scalar_first_exact
pg-diskann,100000,1,w2_0_1,533,0.586625,1.0,10,,scalar_first_exact
pg-diskann,100000,1,w2_0_1,542,0.599375,1.0,10,,scalar_first_exact
pg-diskann,100000,1,w2_0_1,889,0.74175,1.0,10,,scalar_first_exact
pg-diskann,100000,1,w2_0_1,369,0.595,1.0,10,,scalar_first_exact
pg-diskann,100000,1,w2_0_1,324,0.539417,1.0,10,,scalar_first_exact
pg-diskann,100000,1,w2_0_1,618,0.61875,1.0,10,,scalar_first_exact
pg-diskann,100000,1,w2_0_1,893,0.758291,1.0,10,,scalar_first_exact
pg-diskann,100000,1,w2_0_1,129,1.113917,1.0,10,,scalar_first_exact
pg-diskann,100000,1,w2_0_1,459,0.559,1.0,10,,scalar_first_exact
pg-diskann,100000,1,w2_0_1,789,0.579791,1.0,10,,scalar_first_exact
pg-diskann,100000,1,w2_0_1,833,0.564916,1.0,10,,scalar_first_exact
pg-diskann,100000,1,w2_0_1,244,0.555834,1.0,10,,scalar_first_exact
pg-diskann,100000,1,w2_0_1,343,0.553583,1.0,10,,scalar_first_exact
pg-diskann,100000,1,w2_0_1,466,0.534542,1.0,10,,scalar_first_exact
pg-diskann,100000,1,w2_0_1,487,0.645125,1.0,10,,scalar_first_exact
pg-diskann,100000,1,w2_0_1,569,0.544125,1.0,10,,scalar_first_exact
pg-diskann,100000,1,w2_0_1,134,0.484667,1.0,10,,scalar_first_exact
pg-diskann,100000,1,w2_0_1,762,0.56475,1.0,10,,scalar_first_exact
pg-diskann,100000,1,w2_0_1,769,0.62,1.0,10,,scalar_first_exact
pg-diskann,100000,1,w2_0_1,198,0.574458,1.0,10,,scalar_first_exact
pg-diskann,100000,1,w2_0_1,632,1.224,1.0,10,,scalar_first_exact
pg-diskann,100000,1,w2_0_1,637,0.732958,1.0,10,,scalar_first_exact
pg-diskann,100000,1,w2_0_1,458,0.59225,1.0,10,,scalar_first_exact
pg-diskann,100000,1,w2_0_1,930,0.596083,1.0,10,,scalar_first_exact
pg-diskann,100000,1,w2_0_1,534,0.528333,1.0,10,,scalar_first_exact
pg-diskann,100000,1,w2_0_1,598,0.559875,1.0,10,,scalar_first_exact
pg-diskann,100000,1,w2_0_1,859,0.510208,1.0,10,,scalar_first_exact
pg-diskann,100000,1,w2_0_1,167,0.5635,1.0,10,,scalar_first_exact
pg-diskann,100000,1,w2_0_1,936,0.580333,1.0,10,,scalar_first_exact
pg-diskann,100000,1,w2_0_1,245,0.56925,1.0,10,,scalar_first_exact
pg-diskann,100000,1,w2_0_1,465,0.513375,1.0,10,,scalar_first_exact
pg-diskann,100000,1,w2_0_1,834,0.597584,1.0,10,,scalar_first_exact
pg-diskann,100000,1,w2_0_1,163,0.831958,1.0,10,,scalar_first_exact
pg-diskann,100000,1,w2_0_1,634,0.790416,1.0,10,,scalar_first_exact
pg-diskann,100000,1,w2_0_1,373,0.595459,1.0,10,,scalar_first_exact
pg-diskann,100000,1,w2_0_1,735,0.552959,1.0,10,,scalar_first_exact
pg-diskann,100000,1,w2_0_1,555,0.587834,1.0,10,,scalar_first_exact
pg-diskann,100000,1,w2_0_1,381,0.5165,1.0,10,,scalar_first_exact
pg-diskann,100000,1,w2_0_1,805,0.493042,1.0,10,,scalar_first_exact
pg-diskann,100000,1,w2_0_1,531,0.558875,1.0,10,,scalar_first_exact
pg-diskann,100000,1,w2_0_1,898,0.527917,1.0,10,,scalar_first_exact
pg-diskann,100000,1,w2_0_1,715,0.687125,1.0,10,,scalar_first_exact
pg-diskann,100000,1,w2_0_1,174,0.756958,1.0,10,,scalar_first_exact
pg-diskann,100000,1,w3,676,21.74225,1.0,10,,scalar_first_exact
pg-diskann,100000,1,w3,535,21.467959,1.0,10,,scalar_first_exact
pg-diskann,100000,1,w3,235,22.3455,1.0,10,,scalar_first_exact
pg-diskann,100000,1,w3,570,22.054959,1.0,10,,scalar_first_exact
pg-diskann,100000,1,w3,651,23.724208,1.0,10,,scalar_first_exact
pg-diskann,100000,1,w3,898,22.483083,1.0,10,,scalar_first_exact
pg-diskann,100000,1,w3,396,21.473791,1.0,10,,scalar_first_exact
pg-diskann,100000,1,w3,992,22.827416,1.0,10,,scalar_first_exact
pg-diskann,100000,1,w3,138,21.778792,1.0,10,,scalar_first_exact
pg-diskann,100000,1,w3,909,21.269875,1.0,10,,scalar_first_exact
pg-diskann,100000,1,w3,937,21.148,1.0,10,,scalar_first_exact
pg-diskann,100000,1,w3,352,20.638333,1.0,10,,scalar_first_exact
pg-diskann,100000,1,w3,639,20.949167,1.0,10,,scalar_first_exact
pg-diskann,100000,1,w3,634,20.61375,1.0,10,,scalar_first_exact
pg-diskann,100000,1,w3,835,21.676916,1.0,10,,scalar_first_exact
pg-diskann,100000,1,w3,919,23.463708,1.0,10,,scalar_first_exact
pg-diskann,100000,1,w3,949,22.354166,1.0,10,,scalar_first_exact
pg-diskann,100000,1,w3,419,20.983875,1.0,10,,scalar_first_exact
pg-diskann,100000,1,w3,546,20.688,1.0,10,,scalar_first_exact
pg-diskann,100000,1,w3,760,22.550125,1.0,10,,scalar_first_exact
pg-diskann,100000,1,w3,428,21.506125,1.0,10,,scalar_first_exact
pg-diskann,100000,1,w3,786,28.650708,1.0,10,,scalar_first_exact
pg-diskann,100000,1,w3,900,25.810875,1.0,10,,scalar_first_exact
pg-diskann,100000,1,w3,531,24.825333,1.0,10,,scalar_first_exact
pg-diskann,100000,1,w3,489,25.260125,1.0,10,,scalar_first_exact
pg-diskann,100000,1,w3,121,24.025458,1.0,10,,scalar_first_exact
pg-diskann,100000,1,w3,367,21.73775,1.0,10,,scalar_first_exact
pg-diskann,100000,1,w3,827,22.704041,1.0,10,,scalar_first_exact
pg-diskann,100000,1,w3,454,22.263459,1.0,10,,scalar_first_exact
pg-diskann,100000,1,w3,340,26.636167,1.0,10,,scalar_first_exact
pg-diskann,100000,1,w3,414,24.087833,1.0,10,,scalar_first_exact
pg-diskann,100000,1,w3,794,24.546584,1.0,10,,scalar_first_exact
pg-diskann,100000,1,w3,469,26.044167,1.0,10,,scalar_first_exact
pg-diskann,100000,1,w3,645,24.703,1.0,10,,scalar_first_exact
pg-diskann,100000,1,w3,343,24.889333,1.0,10,,scalar_first_exact
pg-diskann,100000,1,w3,797,24.587584,1.0,10,,scalar_first_exact
pg-diskann,100000,1,w3,233,25.058084,1.0,10,,scalar_first_exact
pg-diskann,100000,1,w3,545,24.619,1.0,10,,scalar_first_exact
pg-diskann,100000,1,w3,461,24.483458,1.0,10,,scalar_first_exact
pg-diskann,100000,1,w3,270,21.950458,1.0,10,,scalar_first_exact
pg-diskann,100000,1,w3,896,23.164583,1.0,10,,scalar_first_exact
pg-diskann,100000,1,w3,406,22.262375,1.0,10,,scalar_first_exact
pg-diskann,100000,1,w3,863,24.1065,1.0,10,,scalar_first_exact
pg-diskann,100000,1,w3,692,21.58825,1.0,10,,scalar_first_exact
pg-diskann,100000,1,w3,689,21.509083,1.0,10,,scalar_first_exact
pg-diskann,100000,1,w3,717,24.356209,1.0,10,,scalar_first_exact
pg-diskann,100000,1,w3,288,22.640125,1.0,10,,scalar_first_exact
pg-diskann,100000,1,w3,865,21.545292,1.0,10,,scalar_first_exact
pg-diskann,100000,1,w3,505,21.580375,1.0,10,,scalar_first_exact
pg-diskann,100000,1,w3,478,23.283917,1.0,10,,scalar_first_exact
pg-diskann,100000,1,w3,588,22.716417,1.0,10,,scalar_first_exact
pg-diskann,100000,1,w3,658,21.537917,1.0,10,,scalar_first_exact
pg-diskann,100000,1,w3,547,22.287416,1.0,10,,scalar_first_exact
pg-diskann,100000,1,w3,662,20.986375,1.0,10,,scalar_first_exact
pg-diskann,100000,1,w3,509,21.259709,1.0,10,,scalar_first_exact
pg-diskann,100000,1,w3,490,21.095292,1.0,10,,scalar_first_exact
pg-diskann,100000,1,w3,186,20.690125,1.0,10,,scalar_first_exact
pg-diskann,100000,1,w3,263,21.0025,1.0,10,,scalar_first_exact
pg-diskann,100000,1,w3,945,22.694458,1.0,10,,scalar_first_exact
pg-diskann,100000,1,w3,954,22.764583,1.0,10,,scalar_first_exact
pg-diskann,100000,1,w3,955,21.306875,1.0,10,,scalar_first_exact
pg-diskann,100000,1,w3,199,21.8165,1.0,10,,scalar_first_exact
pg-diskann,100000,1,w3,758,23.436959,1.0,10,,scalar_first_exact
pg-diskann,100000,1,w3,938,21.434875,1.0,10,,scalar_first_exact
pg-diskann,100000,1,w3,979,21.663167,1.0,10,,scalar_first_exact
pg-diskann,100000,1,w3,193,22.584125,1.0,10,,scalar_first_exact
pg-diskann,100000,1,w3,663,21.838334,1.0,10,,scalar_first_exact
pg-diskann,100000,1,w3,240,22.700125,1.0,10,,scalar_first_exact
pg-diskann,100000,1,w3,921,22.769167,1.0,10,,scalar_first_exact
pg-diskann,100000,1,w3,631,24.608417,1.0,10,,scalar_first_exact
pg-diskann,100000,1,w3,622,23.507167,1.0,10,,scalar_first_exact
pg-diskann,100000,1,w3,678,21.812209,1.0,10,,scalar_first_exact
pg-diskann,100000,1,w3,917,22.1105,1.0,10,,scalar_first_exact
pg-diskann,100000,1,w3,300,21.538459,1.0,10,,scalar_first_exact
pg-diskann,100000,1,w3,802,21.310584,1.0,10,,scalar_first_exact
pg-diskann,100000,1,w3,700,22.257583,1.0,10,,scalar_first_exact
pg-diskann,100000,1,w3,541,21.624584,1.0,10,,scalar_first_exact
pg-diskann,100000,1,w3,576,21.692792,1.0,10,,scalar_first_exact
pg-diskann,100000,1,w3,914,21.359584,1.0,10,,scalar_first_exact
pg-diskann,100000,1,w3,132,22.366916,1.0,10,,scalar_first_exact
pg-diskann,100000,1,w3,205,21.710125,1.0,10,,scalar_first_exact
pg-diskann,100000,1,w3,333,21.2905,1.0,10,,scalar_first_exact
pg-diskann,100000,1,w3,324,23.614917,1.0,10,,scalar_first_exact
pg-diskann,100000,1,w3,762,22.02,1.0,10,,scalar_first_exact
pg-diskann,100000,1,w3,239,24.082792,1.0,10,,scalar_first_exact
pg-diskann,100000,1,w3,616,23.604708,1.0,10,,scalar_first_exact
pg-diskann,100000,1,w3,335,23.013458,1.0,10,,scalar_first_exact
pg-diskann,100000,1,w3,982,21.980291,1.0,10,,scalar_first_exact
pg-diskann,100000,1,w3,539,23.379875,1.0,10,,scalar_first_exact
pg-diskann,100000,1,w3,913,22.708375,1.0,10,,scalar_first_exact
pg-diskann,100000,1,w3,217,24.460834,1.0,10,,scalar_first_exact
pg-diskann,100000,1,w3,768,21.636042,1.0,10,,scalar_first_exact
pg-diskann,100000,1,w3,679,22.675584,1.0,10,,scalar_first_exact
pg-diskann,100000,1,w3,232,21.763625,1.0,10,,scalar_first_exact
pg-diskann,100000,1,w3,736,21.561834,1.0,10,,scalar_first_exact
pg-diskann,100000,1,w3,471,23.612917,1.0,10,,scalar_first_exact
pg-diskann,100000,1,w3,750,21.376458,1.0,10,,scalar_first_exact
pg-diskann,100000,1,w3,362,21.200083,1.0,10,,scalar_first_exact
pg-diskann,100000,1,w3,556,20.974791,1.0,10,,scalar_first_exact
pg-diskann,100000,1,w3,855,20.841125,1.0,10,,scalar_first_exact
pg-diskann,100000,1,w3,255,23.780042,1.0,10,,scalar_first_exact
pg-diskann,100000,1,w3,620,23.32225,1.0,10,,scalar_first_exact
pg-diskann,100000,1,w3,817,22.345917,1.0,10,,scalar_first_exact
pg-diskann,100000,1,w3,780,21.218333,1.0,10,,scalar_first_exact
pg-diskann,100000,1,w3,299,21.045,1.0,10,,scalar_first_exact
pg-diskann,100000,1,w3,466,20.832916,1.0,10,,scalar_first_exact
pg-diskann,100000,1,w3,526,22.273875,1.0,10,,scalar_first_exact
pg-diskann,100000,1,w3,664,22.352167,1.0,10,,scalar_first_exact
pg-diskann,100000,1,w3,453,22.7345,1.0,10,,scalar_first_exact
pg-diskann,100000,1,w3,304,23.065625,1.0,10,,scalar_first_exact
pg-diskann,100000,1,w3,820,22.2505,1.0,10,,scalar_first_exact
pg-diskann,100000,1,w3,632,22.27275,1.0,10,,scalar_first_exact
pg-diskann,100000,1,w3,409,22.275875,1.0,10,,scalar_first_exact
pg-diskann,100000,1,w3,738,21.774333,1.0,10,,scalar_first_exact
pg-diskann,100000,1,w3,966,22.086708,1.0,10,,scalar_first_exact
pg-diskann,100000,1,w3,445,22.641083,1.0,10,,scalar_first_exact
pg-diskann,100000,1,w3,561,21.572958,1.0,10,,scalar_first_exact
pg-diskann,100000,1,w3,103,21.19725,1.0,10,,scalar_first_exact
pg-diskann,100000,1,w3,842,22.827625,1.0,10,,scalar_first_exact
pg-diskann,100000,1,w3,411,21.472917,1.0,10,,scalar_first_exact
pg-diskann,100000,1,w3,211,21.517916,1.0,10,,scalar_first_exact
pg-diskann,100000,1,w3,259,21.640916,1.0,10,,scalar_first_exact
pg-diskann,100000,1,w3,642,22.11225,1.0,10,,scalar_first_exact
pg-diskann,100000,1,w3,401,21.566375,1.0,10,,scalar_first_exact
pg-diskann,100000,1,w3,167,22.57725,1.0,10,,scalar_first_exact
pg-diskann,100000,1,w3,719,21.649292,1.0,10,,scalar_first_exact
pg-diskann,100000,1,w3,470,21.848708,1.0,10,,scalar_first_exact
pg-diskann,100000,1,w3,653,21.392417,1.0,10,,scalar_first_exact
pg-diskann,100000,1,w3,682,21.2725,1.0,10,,scalar_first_exact
pg-diskann,100000,1,w3,852,21.4945,1.0,10,,scalar_first_exact
pg-diskann,100000,1,w3,930,21.881166,1.0,10,,scalar_first_exact
pg-diskann,100000,1,w3,510,23.094334,1.0,10,,scalar_first_exact
pg-diskann,100000,1,w3,277,21.73875,1.0,10,,scalar_first_exact
pg-diskann,100000,1,w3,112,21.766917,1.0,10,,scalar_first_exact
pg-diskann,100000,1,w3,260,22.779417,1.0,10,,scalar_first_exact
pg-diskann,100000,1,w3,353,21.813042,1.0,10,,scalar_first_exact
pg-diskann,100000,1,w3,252,21.553083,1.0,10,,scalar_first_exact
pg-diskann,100000,1,w3,503,21.107208,1.0,10,,scalar_first_exact
pg-diskann,100000,1,w3,209,21.664333,1.0,10,,scalar_first_exact
pg-diskann,100000,1,w3,511,24.120416,1.0,10,,scalar_first_exact
pg-diskann,100000,1,w3,564,22.643958,1.0,10,,scalar_first_exact
pg-diskann,100000,1,w3,101,24.538875,1.0,10,,scalar_first_exact
pg-diskann,100000,1,w3,500,21.888792,1.0,10,,scalar_first_exact
pg-diskann,100000,1,w3,285,20.676417,1.0,10,,scalar_first_exact
pg-diskann,100000,1,w3,775,20.795542,1.0,10,,scalar_first_exact
pg-diskann,100000,1,w3,659,20.9225,1.0,10,,scalar_first_exact
pg-diskann,100000,1,w3,819,21.002666,1.0,10,,scalar_first_exact
pg-diskann,100000,1,w3,734,21.469542,1.0,10,,scalar_first_exact
pg-diskann,100000,1,w3,779,22.619416,1.0,10,,scalar_first_exact
pg-diskann,100000,1,w3,236,22.734833,1.0,10,,scalar_first_exact
pg-diskann,100000,1,w3,674,22.475084,1.0,10,,scalar_first_exact
pg-diskann,100000,1,w3,472,21.354791,1.0,10,,scalar_first_exact
pg-diskann,100000,1,w3,824,23.6775,1.0,10,,scalar_first_exact
pg-diskann,100000,1,w3,808,22.800584,1.0,10,,scalar_first_exact
pg-diskann,100000,1,w3,814,21.425458,1.0,10,,scalar_first_exact
pg-diskann,100000,1,w3,356,21.85125,1.0,10,,scalar_first_exact
pg-diskann,100000,1,w3,136,22.817458,1.0,10,,scalar_first_exact
pg-diskann,100000,1,w3,120,22.390083,1.0,10,,scalar_first_exact
pg-diskann,100000,1,w3,191,22.746709,1.0,10,,scalar_first_exact
pg-diskann,100000,1,w3,843,22.331292,1.0,10,,scalar_first_exact
pg-diskann,100000,1,w3,309,23.516917,1.0,10,,scalar_first_exact
pg-diskann,100000,1,w3,307,22.321584,1.0,10,,scalar_first_exact
pg-diskann,100000,1,w3,641,24.429167,1.0,10,,scalar_first_exact
pg-diskann,100000,1,w3,421,22.72975,1.0,10,,scalar_first_exact
pg-diskann,100000,1,w3,727,24.287334,1.0,10,,scalar_first_exact
pg-diskann,100000,1,w3,683,22.171833,1.0,10,,scalar_first_exact
pg-diskann,100000,1,w3,640,22.224584,1.0,10,,scalar_first_exact
pg-diskann,100000,1,w3,969,23.67125,1.0,10,,scalar_first_exact
pg-diskann,100000,1,w3,715,23.168,1.0,10,,scalar_first_exact
pg-diskann,100000,1,w3,765,21.553792,1.0,10,,scalar_first_exact
pg-diskann,100000,1,w3,158,22.660708,1.0,10,,scalar_first_exact
pg-diskann,100000,1,w3,442,24.333917,1.0,10,,scalar_first_exact
pg-diskann,100000,1,w3,102,21.319709,1.0,10,,scalar_first_exact
pg-diskann,100000,1,w3,380,22.399167,1.0,10,,scalar_first_exact
pg-diskann,100000,1,w3,210,23.232125,1.0,10,,scalar_first_exact
pg-diskann,100000,1,w3,155,21.923042,1.0,10,,scalar_first_exact
pg-diskann,100000,1,w3,952,21.509584,1.0,10,,scalar_first_exact
pg-diskann,100000,1,w3,672,21.400916,1.0,10,,scalar_first_exact
pg-diskann,100000,1,w3,475,26.223042,1.0,10,,scalar_first_exact
pg-diskann,100000,1,w3,107,21.701167,1.0,10,,scalar_first_exact
pg-diskann,100000,1,w3,161,21.795458,1.0,10,,scalar_first_exact
pg-diskann,100000,1,w3,597,23.53725,1.0,10,,scalar_first_exact
pg-diskann,100000,1,w3,390,22.425334,1.0,10,,scalar_first_exact
pg-diskann,100000,1,w3,908,21.718291,1.0,10,,scalar_first_exact
pg-diskann,100000,1,w3,918,22.3875,1.0,10,,scalar_first_exact
pg-diskann,100000,1,w3,626,21.744916,1.0,10,,scalar_first_exact
pg-diskann,100000,1,w3,967,21.51475,1.0,10,,scalar_first_exact
pg-diskann,100000,1,w3,712,20.864708,1.0,10,,scalar_first_exact
pg-diskann,100000,1,w3,604,20.7315,1.0,10,,scalar_first_exact
pg-diskann,100000,1,w3,404,20.5335,1.0,10,,scalar_first_exact
pg-diskann,100000,1,w3,153,21.654,1.0,10,,scalar_first_exact
pg-diskann,100000,1,w3,943,20.784208,1.0,10,,scalar_first_exact
pg-diskann,100000,1,w3,571,23.1555,1.0,10,,scalar_first_exact
pg-diskann,100000,1,w3,397,22.791375,1.0,10,,scalar_first_exact
pg-diskann,100000,1,w3,438,22.662416,1.0,10,,scalar_first_exact
pg-diskann,100000,1,w3,172,21.316584,1.0,10,,scalar_first_exact
pg-diskann,100000,1,w3,131,22.269958,1.0,10,,scalar_first_exact
pg-diskann,100000,1,w3,139,23.906208,1.0,10,,scalar_first_exact
pg-diskann,100000,1,w3,425,21.582333,1.0,10,,scalar_first_exact
pg-diskann,100000,1,w3,251,22.796,1.0,10,,scalar_first_exact
pg-diskann,100000,1,w3,371,22.156958,1.0,10,,scalar_first_exact
pg-diskann,100000,1,w3,688,22.423792,1.0,10,,scalar_first_exact
pg-diskann,100000,1,w3,543,24.07675,1.0,10,,scalar_first_exact
pg-diskann,100000,1,w3,848,22.478875,1.0,10,,scalar_first_exact
pg-diskann,100000,1,w3,322,22.423458,1.0,10,,scalar_first_exact
pg-diskann,100000,1,w3,699,25.726167,1.0,10,,scalar_first_exact
pg-diskann,100000,1,w3,492,24.361417,1.0,10,,scalar_first_exact
pg-diskann,100000,1,w3,387,26.787333,1.0,10,,scalar_first_exact
pg-diskann,100000,1,w3,825,24.138625,1.0,10,,scalar_first_exact
pg-diskann,100000,1,w3,983,24.735959,1.0,10,,scalar_first_exact
pg-diskann,100000,1,w3,669,23.752292,1.0,10,,scalar_first_exact
pg-diskann,100000,1,w3,962,22.008083,1.0,10,,scalar_first_exact
pg-diskann,100000,1,w3,578,21.891084,1.0,10,,scalar_first_exact
pg-diskann,100000,1,w3,999,23.462833,1.0,10,,scalar_first_exact
pg-diskann,100000,1,w3,878,24.4305,1.0,10,,scalar_first_exact
pg-diskann,100000,1,w3,916,24.718291,1.0,10,,scalar_first_exact
pg-diskann,100000,1,w3,150,24.709584,1.0,10,,scalar_first_exact
pg-diskann,100000,1,w3,696,21.667458,1.0,10,,scalar_first_exact
pg-diskann,100000,1,w3,716,21.970458,1.0,10,,scalar_first_exact
pg-diskann,100000,1,w3,845,24.080084,1.0,10,,scalar_first_exact
pg-diskann,100000,1,w3,146,24.389375,1.0,10,,scalar_first_exact
pg-diskann,100000,1,w3,555,23.319917,1.0,10,,scalar_first_exact
pg-diskann,100000,1,w3,369,22.272167,1.0,10,,scalar_first_exact
pg-diskann,100000,1,w3,374,21.523792,1.0,10,,scalar_first_exact
pg-diskann,100000,1,w3,168,23.416,1.0,10,,scalar_first_exact
pg-diskann,100000,1,w3,805,24.006416,1.0,10,,scalar_first_exact
pg-diskann,100000,1,w3,455,22.498333,1.0,10,,scalar_first_exact
pg-diskann,100000,1,w3,851,23.991791,1.0,10,,scalar_first_exact
pg-diskann,100000,1,w3,792,22.678459,1.0,10,,scalar_first_exact
pg-diskann,100000,1,w3,986,22.424416,1.0,10,,scalar_first_exact
pg-diskann,100000,1,w3,355,21.260042,1.0,10,,scalar_first_exact
pg-diskann,100000,1,w3,567,22.03725,1.0,10,,scalar_first_exact
pg-diskann,100000,1,w3,289,22.799,1.0,10,,scalar_first_exact
pg-diskann,100000,1,w3,698,21.127292,1.0,10,,scalar_first_exact
pg-diskann,100000,1,w3,225,20.73325,1.0,10,,scalar_first_exact
pg-diskann,100000,1,w3,680,21.121166,1.0,10,,scalar_first_exact
pg-diskann,100000,1,w3,144,22.710167,1.0,10,,scalar_first_exact
pg-diskann,100000,1,w3,234,22.015708,1.0,10,,scalar_first_exact
pg-diskann,100000,1,w3,906,23.055792,1.0,10,,scalar_first_exact
pg-diskann,100000,1,w3,464,21.424625,1.0,10,,scalar_first_exact
pg-diskann,100000,1,w3,840,23.595542,1.0,10,,scalar_first_exact
pg-diskann,100000,1,w3,746,23.252709,1.0,10,,scalar_first_exact
pg-diskann,100000,1,w3,296,24.054792,1.0,10,,scalar_first_exact
pg-diskann,100000,1,w3,872,22.244,1.0,10,,scalar_first_exact
pg-diskann,100000,1,w3,947,23.364416,1.0,10,,scalar_first_exact
pg-diskann,100000,1,w3,457,22.546208,1.0,10,,scalar_first_exact
pg-diskann,100000,1,w3,365,22.371458,1.0,10,,scalar_first_exact
pg-diskann,100000,1,w3,882,21.66225,1.0,10,,scalar_first_exact
pg-diskann,100000,1,w3,432,22.472459,1.0,10,,scalar_first_exact
pg-diskann,100000,1,w3,295,21.673041,1.0,10,,scalar_first_exact
pg-diskann,100000,1,w3,612,22.828917,1.0,10,,scalar_first_exact
pg-diskann,100000,1,w3,281,22.7135,1.0,10,,scalar_first_exact
pg-diskann,100000,1,w3,384,22.022292,1.0,10,,scalar_first_exact
pg-diskann,100000,1,w3,887,23.113,1.0,10,,scalar_first_exact
pg-diskann,100000,1,w3,643,22.582792,1.0,10,,scalar_first_exact
pg-diskann,100000,1,w3,668,23.279375,1.0,10,,scalar_first_exact
pg-diskann,100000,1,w3,426,21.6145,1.0,10,,scalar_first_exact
pg-diskann,100000,1,w3,156,21.306375,1.0,10,,scalar_first_exact
pg-diskann,100000,1,w3,200,21.710916,1.0,10,,scalar_first_exact
pg-diskann,100000,1,w3,767,22.837209,1.0,10,,scalar_first_exact
pg-diskann,100000,1,w3,400,21.812292,1.0,10,,scalar_first_exact
pg-diskann,100000,1,w3,886,21.498625,1.0,10,,scalar_first_exact
pg-diskann,100000,1,w3,731,21.936417,1.0,10,,scalar_first_exact
pg-diskann,100000,1,w3,311,22.049208,1.0,10,,scalar_first_exact
pg-diskann,100000,1,w3,410,21.863041,1.0,10,,scalar_first_exact
pg-diskann,100000,1,w3,713,21.708917,1.0,10,,scalar_first_exact
pg-diskann,100000,1,w3,318,22.30025,1.0,10,,scalar_first_exact
pg-diskann,100000,1,w3,551,22.353667,1.0,10,,scalar_first_exact
pg-diskann,100000,1,w3,875,24.897208,1.0,10,,scalar_first_exact
pg-diskann,100000,1,w3,729,22.172834,1.0,10,,scalar_first_exact
pg-diskann,100000,1,w3,815,23.01175,1.0,10,,scalar_first_exact
pg-diskann,100000,1,w3,743,21.404209,1.0,10,,scalar_first_exact
pg-diskann,100000,1,w3,325,22.6505,1.0,10,,scalar_first_exact
pg-diskann,100000,1,w3,174,22.338083,1.0,10,,scalar_first_exact
pg-diskann,100000,1,w3,130,24.787167,1.0,10,,scalar_first_exact
pg-diskann,100000,1,w3,412,21.018209,1.0,10,,scalar_first_exact
pg-diskann,100000,1,w3,656,20.974417,1.0,10,,scalar_first_exact
pg-diskann,100000,1,w3,968,20.857917,1.0,10,,scalar_first_exact
pg-diskann,100000,1,w3,230,21.297333,1.0,10,,scalar_first_exact
pg-diskann,100000,1,w3,118,22.93825,1.0,10,,scalar_first_exact
pg-diskann,100000,1,w3,931,21.007417,1.0,10,,scalar_first_exact
pg-diskann,100000,1,w3,198,21.148541,1.0,10,,scalar_first_exact
pg-diskann,100000,1,w3,706,20.692583,1.0,10,,scalar_first_exact
pg-diskann,100000,1,w3,357,21.141334,1.0,10,,scalar_first_exact
pg-diskann,100000,1,w3,520,21.446166,1.0,10,,scalar_first_exact
pg-diskann,100000,1,w3,430,22.747417,1.0,10,,scalar_first_exact
pg-diskann,100000,1,w3,718,23.353625,1.0,10,,scalar_first_exact
pg-diskann,100000,1,w3,517,21.754833,1.0,10,,scalar_first_exact
pg-diskann,100000,1,w3,973,24.081042,1.0,10,,scalar_first_exact
pg-diskann,100000,1,w3,901,23.405708,1.0,10,,scalar_first_exact
pg-diskann,100000,1,w3,115,22.407208,1.0,10,,scalar_first_exact
pg-diskann,100000,1,w3,364,23.997125,1.0,10,,scalar_first_exact
pg-diskann,100000,1,w3,537,22.605125,1.0,10,,scalar_first_exact
pg-diskann,100000,1,w3,895,22.31625,1.0,10,,scalar_first_exact
pg-diskann,100000,1,w3,550,22.617708,1.0,10,,scalar_first_exact
pg-diskann,100000,1,w3,963,24.290458,1.0,10,,scalar_first_exact
pg-diskann,100000,1,w3,123,22.078708,1.0,10,,scalar_first_exact
pg-diskann,100000,1,w3,327,22.232125,1.0,10,,scalar_first_exact
pg-diskann,100000,1,w3,257,22.186875,1.0,10,,scalar_first_exact
pg-diskann,100000,1,w3,504,21.54925,1.0,10,,scalar_first_exact
pg-diskann,100000,1,w3,559,23.307042,1.0,10,,scalar_first_exact
pg-diskann,100000,1,w3,657,22.241375,1.0,10,,scalar_first_exact
pg-diskann,100000,1,w3,856,21.691167,1.0,10,,scalar_first_exact
pg-diskann,100000,1,w3,129,22.710042,1.0,10,,scalar_first_exact
pg-diskann,100000,1,w3,493,21.836625,1.0,10,,scalar_first_exact
pg-diskann,100000,1,w3,391,21.807375,1.0,10,,scalar_first_exact
pg-diskann,100000,1,w3,618,21.903708,1.0,10,,scalar_first_exact
pg-diskann,100000,1,w3,995,22.64275,1.0,10,,scalar_first_exact
pg-diskann,100000,1,w3,194,21.276,1.0,10,,scalar_first_exact
pg-diskann,100000,1,w3,723,22.7655,1.0,10,,scalar_first_exact
pg-diskann,100000,1,w3,769,23.09575,1.0,10,,scalar_first_exact
pg-diskann,100000,1,w3,927,23.408083,1.0,10,,scalar_first_exact
pg-diskann,100000,1,w3,957,22.820709,1.0,10,,scalar_first_exact
pg-diskann,100000,1,w3,961,22.701792,1.0,10,,scalar_first_exact
pg-diskann,100000,1,w3,606,21.926042,1.0,10,,scalar_first_exact
pg-diskann,100000,1,w3,280,23.755291,1.0,10,,scalar_first_exact
pg-diskann,100000,1,w3,960,22.947667,1.0,10,,scalar_first_exact
pg-diskann,100000,1,w3,748,21.563375,1.0,10,,scalar_first_exact
pg-diskann,100000,1,w3,347,22.215708,1.0,10,,scalar_first_exact
pg-diskann,100000,1,w3,711,22.65725,1.0,10,,scalar_first_exact
pg-diskann,100000,1,w3,615,22.239958,1.0,10,,scalar_first_exact
pg-diskann,100000,1,w3,487,21.614334,1.0,10,,scalar_first_exact
pg-diskann,100000,1,w3,368,21.826458,1.0,10,,scalar_first_exact
pg-diskann,100000,1,w3,439,21.363625,1.0,10,,scalar_first_exact
pg-diskann,100000,1,w3,625,20.957292,1.0,10,,scalar_first_exact
pg-diskann,100000,1,w3,256,23.272792,1.0,10,,scalar_first_exact
pg-diskann,100000,1,w3,219,22.158166,1.0,10,,scalar_first_exact
pg-diskann,100000,1,w3,922,21.77425,1.0,10,,scalar_first_exact
pg-diskann,100000,1,w3,757,22.745958,1.0,10,,scalar_first_exact
pg-diskann,100000,1,w3,163,23.199167,1.0,10,,scalar_first_exact
pg-diskann,100000,1,w3,601,22.456208,1.0,10,,scalar_first_exact
pg-diskann,100000,1,w3,444,21.601917,1.0,10,,scalar_first_exact
pg-diskann,100000,1,w3,392,22.558042,1.0,10,,scalar_first_exact
pg-diskann,100000,1,w3,816,23.341958,1.0,10,,scalar_first_exact
pg-diskann,100000,1,w3,297,22.740584,1.0,10,,scalar_first_exact
pg-diskann,100000,1,w3,197,23.357125,1.0,10,,scalar_first_exact
pg-diskann,100000,1,w3,744,23.071792,1.0,10,,scalar_first_exact
pg-diskann,100000,1,w3,745,23.063083,1.0,10,,scalar_first_exact
pg-diskann,100000,1,w3,486,21.7685,1.0,10,,scalar_first_exact
pg-diskann,100000,1,w3,137,23.081292,1.0,10,,scalar_first_exact
pg-diskann,100000,1,w3,313,22.937166,1.0,10,,scalar_first_exact
pg-diskann,100000,1,w3,479,22.906333,1.0,10,,scalar_first_exact
pg-diskann,100000,1,w3,603,21.285583,1.0,10,,scalar_first_exact
pg-diskann,100000,1,w3,610,21.522542,1.0,10,,scalar_first_exact
pg-diskann,100000,1,w3,386,22.281666,1.0,10,,scalar_first_exact
pg-diskann,100000,1,w3,709,22.280083,1.0,10,,scalar_first_exact
pg-diskann,100000,1,w3,331,21.701959,1.0,10,,scalar_first_exact
pg-diskann,100000,1,w3,125,22.911709,1.0,10,,scalar_first_exact
pg-diskann,100000,1,w3,671,21.73225,1.0,10,,scalar_first_exact
pg-diskann,100000,1,w3,673,21.785792,1.0,10,,scalar_first_exact
pg-diskann,100000,1,w3,113,22.9445,1.0,10,,scalar_first_exact
pg-diskann,100000,1,w3,222,22.109417,1.0,10,,scalar_first_exact
pg-diskann,100000,1,w3,877,23.052917,1.0,10,,scalar_first_exact
pg-diskann,100000,1,w3,544,22.855833,1.0,10,,scalar_first_exact
pg-diskann,100000,1,w3,637,23.857833,1.0,10,,scalar_first_exact
pg-diskann,100000,1,w3,650,24.587292,1.0,10,,scalar_first_exact
pg-diskann,100000,1,w3,415,22.351167,1.0,10,,scalar_first_exact
pg-diskann,100000,1,w3,348,22.990125,1.0,10,,scalar_first_exact
pg-diskann,100000,1,w3,939,21.947583,1.0,10,,scalar_first_exact
pg-diskann,100000,1,w3,572,24.57575,1.0,10,,scalar_first_exact
pg-diskann,100000,1,w3,697,22.883792,1.0,10,,scalar_first_exact
pg-diskann,100000,1,w3,600,23.101875,1.0,10,,scalar_first_exact
pg-diskann,100000,1,w3,298,21.542917,1.0,10,,scalar_first_exact
pg-diskann,100000,1,w3,218,23.470333,1.0,10,,scalar_first_exact
pg-diskann,100000,1,w3,104,21.102167,1.0,10,,scalar_first_exact
pg-diskann,100000,1,w3,203,20.5965,1.0,10,,scalar_first_exact
pg-diskann,100000,1,w3,766,20.84925,1.0,10,,scalar_first_exact
pg-diskann,100000,1,w3,596,21.09125,1.0,10,,scalar_first_exact
pg-diskann,100000,1,w3,143,20.926041,1.0,10,,scalar_first_exact
pg-diskann,100000,1,w3,630,21.619083,1.0,10,,scalar_first_exact
pg-diskann,100000,1,w3,892,22.476916,1.0,10,,scalar_first_exact
pg-diskann,100000,1,w3,532,20.314667,1.0,10,,scalar_first_exact
pg-diskann,100000,1,w3,874,21.767208,1.0,10,,scalar_first_exact
pg-diskann,100000,1,w3,859,20.744333,1.0,10,,scalar_first_exact
pg-diskann,100000,1,w3,301,22.721417,1.0,10,,scalar_first_exact
pg-diskann,100000,1,w3,573,25.529833,1.0,10,,scalar_first_exact
pg-diskann,100000,1,w3,448,22.161,1.0,10,,scalar_first_exact
pg-diskann,100000,1,w3,491,22.191333,1.0,10,,scalar_first_exact
pg-diskann,100000,1,w3,149,22.934917,1.0,10,,scalar_first_exact
pg-diskann,100000,1,w3,105,25.132958,1.0,10,,scalar_first_exact
pg-diskann,100000,1,w3,714,23.296583,1.0,10,,scalar_first_exact
pg-diskann,100000,1,w3,903,25.45625,1.0,10,,scalar_first_exact
pg-diskann,100000,1,w3,873,27.099417,1.0,10,,scalar_first_exact
pg-diskann,100000,1,w3,268,22.434084,1.0,10,,scalar_first_exact
pg-diskann,100000,1,w3,730,25.616166,1.0,10,,scalar_first_exact
pg-diskann,100000,1,w3,694,26.092208,1.0,10,,scalar_first_exact
pg-diskann,100000,1,w3,250,23.202292,1.0,10,,scalar_first_exact
pg-diskann,100000,1,w3,456,26.962083,1.0,10,,scalar_first_exact
pg-diskann,100000,1,w3,703,33.667,1.0,10,,scalar_first_exact
pg-diskann,100000,1,w3,613,22.364709,1.0,10,,scalar_first_exact
pg-diskann,100000,1,w3,180,22.354,1.0,10,,scalar_first_exact
pg-diskann,100000,1,w3,212,23.154083,1.0,10,,scalar_first_exact
pg-diskann,100000,1,w3,142,22.45575,1.0,10,,scalar_first_exact
pg-diskann,100000,1,w3,358,22.121333,1.0,10,,scalar_first_exact
pg-diskann,100000,1,w3,514,23.524792,1.0,10,,scalar_first_exact
pg-diskann,100000,1,w3,160,22.318375,1.0,10,,scalar_first_exact
pg-diskann,100000,1,w3,850,23.051708,1.0,10,,scalar_first_exact
pg-diskann,100000,1,w3,923,23.465417,1.0,10,,scalar_first_exact
pg-diskann,100000,1,w3,959,25.175709,1.0,10,,scalar_first_exact
pg-diskann,100000,1,w3,989,21.803167,1.0,10,,scalar_first_exact
pg-diskann,100000,1,w3,929,24.51225,1.0,10,,scalar_first_exact
pg-diskann,100000,1,w3,170,22.407791,1.0,10,,scalar_first_exact
pg-diskann,100000,1,w3,644,23.230791,1.0,10,,scalar_first_exact
pg-diskann,100000,1,w3,332,21.995417,1.0,10,,scalar_first_exact
pg-diskann,100000,1,w3,165,22.754,1.0,10,,scalar_first_exact
pg-diskann,100000,1,w3,528,22.462083,1.0,10,,scalar_first_exact
pg-diskann,100000,1,w3,636,22.8565,1.0,10,,scalar_first_exact
pg-diskann,100000,1,w3,890,21.832208,1.0,10,,scalar_first_exact
pg-diskann,100000,1,w3,223,20.99675,1.0,10,,scalar_first_exact
pg-diskann,100000,1,w3,345,20.53325,1.0,10,,scalar_first_exact
pg-diskann,100000,1,w3,147,21.294291,1.0,10,,scalar_first_exact
pg-diskann,100000,1,w3,598,20.985125,1.0,10,,scalar_first_exact
pg-diskann,100000,1,w3,806,23.106542,1.0,10,,scalar_first_exact
pg-diskann,100000,1,w3,100,22.771167,1.0,10,,scalar_first_exact
pg-diskann,100000,1,w3,140,21.056291,1.0,10,,scalar_first_exact
pg-diskann,100000,1,w3,638,22.548833,1.0,10,,scalar_first_exact
pg-diskann,100000,1,w3,501,22.364125,1.0,10,,scalar_first_exact
pg-diskann,100000,1,w3,557,23.655917,1.0,10,,scalar_first_exact
pg-diskann,100000,1,w3,907,22.328417,1.0,10,,scalar_first_exact
pg-diskann,100000,1,w3,241,22.170542,1.0,10,,scalar_first_exact
pg-diskann,100000,1,w3,753,22.395791,1.0,10,,scalar_first_exact
pg-diskann,100000,1,w3,830,23.236625,1.0,10,,scalar_first_exact
pg-diskann,100000,1,w3,784,22.336416,1.0,10,,scalar_first_exact
pg-diskann,100000,1,w3,258,21.7895,1.0,10,,scalar_first_exact
pg-diskann,100000,1,w3,778,22.587958,1.0,10,,scalar_first_exact
pg-diskann,100000,1,w3,614,22.431708,1.0,10,,scalar_first_exact
pg-diskann,100000,1,w3,879,21.762042,1.0,10,,scalar_first_exact
pg-diskann,100000,1,w3,675,21.021709,1.0,10,,scalar_first_exact
pg-diskann,100000,1,w3,376,21.91075,1.0,10,,scalar_first_exact
pg-diskann,100000,1,w3,722,22.273708,1.0,10,,scalar_first_exact
pg-diskann,100000,1,w3,416,21.937375,1.0,10,,scalar_first_exact
pg-diskann,100000,1,w3,226,22.485083,1.0,10,,scalar_first_exact
pg-diskann,100000,1,w3,339,21.776125,1.0,10,,scalar_first_exact
pg-diskann,100000,1,w3,695,21.686291,1.0,10,,scalar_first_exact
pg-diskann,100000,1,w3,482,21.280375,1.0,10,,scalar_first_exact
pg-diskann,100000,1,w3,441,21.385458,1.0,10,,scalar_first_exact
pg-diskann,100000,1,w3,169,23.12475,1.0,10,,scalar_first_exact
pg-diskann,100000,1,w3,803,23.360958,1.0,10,,scalar_first_exact
pg-diskann,100000,1,w3,354,21.571292,1.0,10,,scalar_first_exact
pg-diskann,100000,1,w3,733,21.578542,1.0,10,,scalar_first_exact
pg-diskann,100000,1,w3,893,23.956583,1.0,10,,scalar_first_exact
pg-diskann,100000,1,w3,752,21.9965,1.0,10,,scalar_first_exact
pg-diskann,100000,1,w3,525,21.687,1.0,10,,scalar_first_exact
pg-diskann,100000,1,w3,522,21.17675,1.0,10,,scalar_first_exact
pg-diskann,100000,1,w3,148,23.23075,1.0,10,,scalar_first_exact
pg-diskann,100000,1,w3,599,21.510542,1.0,10,,scalar_first_exact
pg-diskann,100000,1,w3,996,21.617458,1.0,10,,scalar_first_exact
pg-diskann,100000,1,w3,869,23.648417,1.0,10,,scalar_first_exact
pg-diskann,100000,1,w3,151,21.841208,1.0,10,,scalar_first_exact
pg-diskann,100000,1,w3,290,23.080875,1.0,10,,scalar_first_exact
pg-diskann,100000,1,w3,785,22.663041,1.0,10,,scalar_first_exact
pg-diskann,100000,1,w3,207,23.242833,1.0,10,,scalar_first_exact
pg-diskann,100000,1,w3,589,22.244084,1.0,10,,scalar_first_exact
pg-diskann,100000,1,w3,704,21.487292,1.0,10,,scalar_first_exact
pg-diskann,100000,1,w3,228,23.386625,1.0,10,,scalar_first_exact
pg-diskann,100000,1,w3,164,20.945292,1.0,10,,scalar_first_exact
pg-diskann,100000,1,w3,884,21.762667,1.0,10,,scalar_first_exact
pg-diskann,100000,1,w3,534,23.241459,1.0,10,,scalar_first_exact
pg-diskann,100000,1,w3,708,21.441833,1.0,10,,scalar_first_exact
pg-diskann,100000,1,w3,800,21.242791,1.0,10,,scalar_first_exact
pg-diskann,100000,1,w3,176,20.875958,1.0,10,,scalar_first_exact
pg-diskann,100000,1,w3,910,22.8375,1.0,10,,scalar_first_exact
pg-diskann,100000,1,w3,399,21.646292,1.0,10,,scalar_first_exact
pg-diskann,100000,1,w3,154,20.830291,1.0,10,,scalar_first_exact
pg-diskann,100000,1,w3,998,22.015792,1.0,10,,scalar_first_exact
pg-diskann,100000,1,w3,763,20.880125,1.0,10,,scalar_first_exact
pg-diskann,100000,1,w3,793,23.324708,1.0,10,,scalar_first_exact
pg-diskann,100000,1,w3,127,21.805834,1.0,10,,scalar_first_exact
pg-diskann,100000,1,w3,214,23.105166,1.0,10,,scalar_first_exact
pg-diskann,100000,1,w3,707,22.718416,1.0,10,,scalar_first_exact
pg-diskann,100000,1,w3,602,21.257041,1.0,10,,scalar_first_exact
pg-diskann,100000,1,w3,956,23.365041,1.0,10,,scalar_first_exact
pg-diskann,100000,1,w3,920,22.883958,1.0,10,,scalar_first_exact
pg-diskann,100000,1,w3,477,22.6515,1.0,10,,scalar_first_exact
pg-diskann,100000,1,w3,897,22.187459,1.0,10,,scalar_first_exact
pg-diskann,100000,1,w3,790,21.59075,1.0,10,,scalar_first_exact
pg-diskann,100000,1,w3,912,22.939334,1.0,10,,scalar_first_exact
pg-diskann,100000,1,w3,249,21.575,1.0,10,,scalar_first_exact
pg-diskann,100000,1,w3,761,21.510333,1.0,10,,scalar_first_exact
pg-diskann,100000,1,w3,242,21.411167,1.0,10,,scalar_first_exact
pg-diskann,100000,1,w3,370,22.065042,1.0,10,,scalar_first_exact
pg-diskann,100000,1,w3,460,22.6845,1.0,10,,scalar_first_exact
pg-diskann,100000,1,w3,381,23.650584,1.0,10,,scalar_first_exact
pg-diskann,100000,1,w3,795,23.057584,1.0,10,,scalar_first_exact
pg-diskann,100000,1,w3,838,24.499167,1.0,10,,scalar_first_exact
pg-diskann,100000,1,w3,175,22.304,1.0,10,,scalar_first_exact
pg-diskann,100000,1,w3,823,22.06875,1.0,10,,scalar_first_exact
pg-diskann,100000,1,w3,853,22.426625,1.0,10,,scalar_first_exact
pg-diskann,100000,1,w3,443,26.945291,1.0,10,,scalar_first_exact
pg-diskann,100000,1,w3,726,21.884792,1.0,10,,scalar_first_exact
pg-diskann,100000,1,w3,424,21.709209,1.0,10,,scalar_first_exact
pg-diskann,100000,1,w3,269,22.733333,1.0,10,,scalar_first_exact
pg-diskann,100000,1,w3,553,21.625416,1.0,10,,scalar_first_exact
pg-diskann,100000,1,w3,791,22.940583,1.0,10,,scalar_first_exact
pg-diskann,100000,1,w3,867,22.64275,1.0,10,,scalar_first_exact
pg-diskann,100000,1,w3,624,24.201875,1.0,10,,scalar_first_exact
pg-diskann,100000,1,w3,166,22.211667,1.0,10,,scalar_first_exact
pg-diskann,100000,1,w3,187,21.268166,1.0,10,,scalar_first_exact
pg-diskann,100000,1,w3,124,20.99225,1.0,10,,scalar_first_exact
pg-diskann,100000,1,w3,429,21.122708,1.0,10,,scalar_first_exact
pg-diskann,100000,1,w3,388,21.172959,1.0,10,,scalar_first_exact
pg-diskann,100000,1,w3,771,22.346125,1.0,10,,scalar_first_exact
pg-diskann,100000,1,w3,433,22.806208,1.0,10,,scalar_first_exact
pg-diskann,100000,1,w3,408,22.07225,1.0,10,,scalar_first_exact
pg-diskann,100000,1,w3,764,22.036875,1.0,10,,scalar_first_exact
pg-diskann,100000,1,w3,135,23.087791,1.0,10,,scalar_first_exact
pg-diskann,100000,1,w3,759,23.215125,1.0,10,,scalar_first_exact
pg-diskann,100000,1,w3,623,24.193542,1.0,10,,scalar_first_exact
pg-diskann,100000,1,w3,246,23.824708,1.0,10,,scalar_first_exact
pg-diskann,100000,1,w3,756,22.378958,1.0,10,,scalar_first_exact
pg-diskann,100000,1,w3,372,21.45225,1.0,10,,scalar_first_exact
pg-diskann,100000,1,w3,690,22.872291,1.0,10,,scalar_first_exact
pg-diskann,100000,1,w3,740,21.847417,1.0,10,,scalar_first_exact
pg-diskann,100000,1,w3,519,22.707625,1.0,10,,scalar_first_exact
pg-diskann,100000,1,w3,846,21.960375,1.0,10,,scalar_first_exact
pg-diskann,100000,1,w3,652,23.255416,1.0,10,,scalar_first_exact
pg-diskann,100000,1,w3,536,22.086625,1.0,10,,scalar_first_exact
pg-diskann,100000,1,w3,141,22.074292,1.0,10,,scalar_first_exact
pg-diskann,100000,1,w3,306,24.342792,1.0,10,,scalar_first_exact
pg-diskann,100000,1,w3,977,22.628875,1.0,10,,scalar_first_exact
pg-diskann,100000,1,w3,159,23.03325,1.0,10,,scalar_first_exact
pg-diskann,100000,1,w3,934,21.996917,1.0,10,,scalar_first_exact
pg-diskann,100000,1,w3,117,21.728333,1.0,10,,scalar_first_exact
pg-diskann,100000,1,w3,876,21.210625,1.0,10,,scalar_first_exact
pg-diskann,100000,1,w3,188,22.442333,1.0,10,,scalar_first_exact
pg-diskann,100000,1,w3,635,21.386666,1.0,10,,scalar_first_exact
pg-diskann,100000,1,w3,899,21.669542,1.0,10,,scalar_first_exact
pg-diskann,100000,1,w3,383,22.116334,1.0,10,,scalar_first_exact
pg-diskann,100000,1,w3,883,25.008459,1.0,10,,scalar_first_exact
pg-diskann,100000,1,w3,330,23.3215,1.0,10,,scalar_first_exact
pg-diskann,100000,1,w3,985,21.946375,1.0,10,,scalar_first_exact
pg-diskann,100000,1,w3,284,22.763208,1.0,10,,scalar_first_exact
pg-diskann,100000,1,w3,402,22.73725,1.0,10,,scalar_first_exact
pg-diskann,100000,1,w3,592,22.592041,1.0,10,,scalar_first_exact
pg-diskann,100000,1,w3,502,22.61925,1.0,10,,scalar_first_exact
pg-diskann,100000,1,w3,810,23.779042,1.0,10,,scalar_first_exact
pg-diskann,100000,1,w3,936,23.107792,1.0,10,,scalar_first_exact
pg-diskann,100000,1,w3,958,22.487542,1.0,10,,scalar_first_exact
pg-diskann,100000,1,w3,607,21.981292,1.0,10,,scalar_first_exact
pg-diskann,100000,1,w3,145,23.625708,1.0,10,,scalar_first_exact
pg-diskann,100000,1,w3,583,23.054333,1.0,10,,scalar_first_exact
pg-diskann,100000,1,w3,582,20.656083,1.0,10,,scalar_first_exact
pg-diskann,100000,1,w3,321,21.088708,1.0,10,,scalar_first_exact
pg-diskann,100000,1,w3,515,20.623917,1.0,10,,scalar_first_exact
pg-diskann,100000,1,w3,647,23.097541,1.0,10,,scalar_first_exact
pg-diskann,100000,1,w3,413,21.5035,1.0,10,,scalar_first_exact
pg-diskann,100000,1,w3,498,21.601791,1.0,10,,scalar_first_exact
pg-diskann,100000,1,w3,940,21.400042,1.0,10,,scalar_first_exact
pg-diskann,100000,1,w3,565,21.6215,1.0,10,,scalar_first_exact
pg-diskann,100000,1,w3,182,21.50675,1.0,10,,scalar_first_exact
pg-diskann,100000,1,w3,633,21.8695,1.0,10,,scalar_first_exact
pg-diskann,100000,1,w3,849,21.733833,1.0,10,,scalar_first_exact
pg-diskann,100000,1,w3,693,22.527917,1.0,10,,scalar_first_exact
pg-diskann,100000,1,w3,382,21.893125,1.0,10,,scalar_first_exact
pg-diskann,100000,1,w3,941,22.701584,1.0,10,,scalar_first_exact
pg-diskann,100000,1,w3,521,23.946417,1.0,10,,scalar_first_exact
pg-diskann,100000,1,w3,773,25.022709,1.0,10,,scalar_first_exact
pg-diskann,100000,1,w3,177,24.528292,1.0,10,,scalar_first_exact
pg-diskann,100000,1,w3,904,21.431834,1.0,10,,scalar_first_exact
pg-diskann,100000,1,w3,809,21.956708,1.0,10,,scalar_first_exact
pg-diskann,100000,1,w3,991,23.24825,1.0,10,,scalar_first_exact
pg-diskann,100000,1,w3,184,21.242375,1.0,10,,scalar_first_exact
pg-diskann,100000,1,w3,508,23.051084,1.0,10,,scalar_first_exact
pg-diskann,100000,1,w3,449,22.688959,1.0,10,,scalar_first_exact
pg-diskann,100000,1,w3,747,24.752709,1.0,10,,scalar_first_exact
pg-diskann,100000,1,w3,359,22.130458,1.0,10,,scalar_first_exact
pg-diskann,100000,1,w3,667,22.80775,1.0,10,,scalar_first_exact
pg-diskann,100000,1,w3,881,22.850708,1.0,10,,scalar_first_exact
pg-diskann,100000,1,w3,829,25.537,1.0,10,,scalar_first_exact
pg-diskann,100000,1,w3,990,22.850208,1.0,10,,scalar_first_exact
pg-diskann,100000,1,w3,206,25.280667,1.0,10,,scalar_first_exact
pg-diskann,100000,1,w3,951,25.868833,1.0,10,,scalar_first_exact
pg-diskann,100000,1,w3,530,22.442958,1.0,10,,scalar_first_exact
pg-diskann,100000,1,w3,568,27.060375,1.0,10,,scalar_first_exact
pg-diskann,100000,1,w3,202,24.090417,1.0,10,,scalar_first_exact
pg-diskann,100000,1,w3,363,21.707917,1.0,10,,scalar_first_exact
pg-diskann,100000,1,w3,566,21.677333,1.0,10,,scalar_first_exact
pg-diskann,100000,1,w3,971,23.046375,1.0,10,,scalar_first_exact
pg-diskann,100000,1,w3,192,21.865292,1.0,10,,scalar_first_exact
pg-diskann,100000,1,w3,282,21.727833,1.0,10,,scalar_first_exact
pg-diskann,100000,1,w3,933,22.585542,1.0,10,,scalar_first_exact
pg-diskann,100000,1,w3,720,22.091708,1.0,10,,scalar_first_exact
pg-diskann,100000,1,w3,238,22.639334,1.0,10,,scalar_first_exact
pg-diskann,100000,1,w3,427,22.262833,1.0,10,,scalar_first_exact
pg-diskann,100000,1,w3,431,21.691375,1.0,10,,scalar_first_exact
pg-diskann,100000,1,w3,310,21.748458,1.0,10,,scalar_first_exact
pg-diskann,100000,1,w3,173,21.048625,1.0,10,,scalar_first_exact
pg-diskann,100000,1,w3,621,21.87625,1.0,10,,scalar_first_exact
pg-diskann,100000,1,w3,254,20.659542,1.0,10,,scalar_first_exact
pg-diskann,100000,1,w3,685,20.871,1.0,10,,scalar_first_exact
pg-diskann,100000,1,w3,420,21.225292,1.0,10,,scalar_first_exact
pg-diskann,100000,1,w3,294,20.795917,1.0,10,,scalar_first_exact
pg-diskann,100000,1,w3,617,21.25675,1.0,10,,scalar_first_exact
pg-diskann,100000,1,w3,844,21.271792,1.0,10,,scalar_first_exact
pg-diskann,100000,1,w3,336,21.550958,1.0,10,,scalar_first_exact
pg-diskann,100000,1,w3,379,24.260208,1.0,10,,scalar_first_exact
pg-diskann,100000,1,w3,422,23.195916,1.0,10,,scalar_first_exact
pg-diskann,100000,1,w3,389,23.315375,1.0,10,,scalar_first_exact
pg-diskann,100000,1,w3,495,22.640667,1.0,10,,scalar_first_exact
pg-diskann,100000,1,w3,789,22.747375,1.0,10,,scalar_first_exact
pg-diskann,100000,1,w3,755,22.544,1.0,10,,scalar_first_exact
pg-diskann,100000,1,w3,418,22.42325,1.0,10,,scalar_first_exact
pg-diskann,100000,1,w3,394,22.054333,1.0,10,,scalar_first_exact
pg-diskann,100000,1,w3,868,22.043416,1.0,10,,scalar_first_exact
pg-diskann,100000,1,w3,462,24.157667,1.0,10,,scalar_first_exact
pg-diskann,100000,1,w3,474,23.411083,1.0,10,,scalar_first_exact
pg-diskann,100000,1,w3,807,22.656041,1.0,10,,scalar_first_exact
pg-diskann,100000,1,w3,271,22.669542,1.0,10,,scalar_first_exact
pg-diskann,100000,1,w3,497,22.01075,1.0,10,,scalar_first_exact
pg-diskann,100000,1,w3,276,24.737917,1.0,10,,scalar_first_exact
pg-diskann,100000,1,w3,575,23.336292,1.0,10,,scalar_first_exact
pg-diskann,100000,1,w3,262,22.270542,1.0,10,,scalar_first_exact
pg-diskann,100000,1,w3,980,22.8375,1.0,10,,scalar_first_exact
pg-diskann,100000,1,w3,836,21.627416,1.0,10,,scalar_first_exact
pg-diskann,100000,1,w3,549,22.859541,1.0,10,,scalar_first_exact
pg-diskann,100000,1,w3,248,21.753083,1.0,10,,scalar_first_exact
pg-diskann,100000,1,w3,303,21.621875,1.0,10,,scalar_first_exact
pg-diskann,100000,1,w3,594,21.453,1.0,10,,scalar_first_exact
pg-diskann,100000,1,w3,974,23.774375,1.0,10,,scalar_first_exact
pg-diskann,100000,1,w3,346,21.593917,1.0,10,,scalar_first_exact
pg-diskann,100000,1,w3,798,22.114292,1.0,10,,scalar_first_exact
pg-diskann,100000,1,w3,337,22.88125,1.0,10,,scalar_first_exact
pg-diskann,100000,1,w3,770,22.197,1.0,10,,scalar_first_exact
pg-diskann,100000,1,w3,499,21.683792,1.0,10,,scalar_first_exact
pg-diskann,100000,1,w3,317,22.340458,1.0,10,,scalar_first_exact
pg-diskann,100000,1,w3,950,21.963791,1.0,10,,scalar_first_exact
pg-diskann,100000,1,w3,629,23.291709,1.0,10,,scalar_first_exact
pg-diskann,100000,1,w3,398,22.778833,1.0,10,,scalar_first_exact
pg-diskann,100000,1,w3,465,23.511583,1.0,10,,scalar_first_exact
pg-diskann,100000,1,w3,776,22.380459,1.0,10,,scalar_first_exact
pg-diskann,100000,1,w3,434,21.735583,1.0,10,,scalar_first_exact
pg-diskann,100000,1,w3,987,22.177,1.0,10,,scalar_first_exact
pg-diskann,100000,1,w3,818,22.353458,1.0,10,,scalar_first_exact
pg-diskann,100000,1,w3,788,21.048666,1.0,10,,scalar_first_exact
pg-diskann,100000,1,w3,291,22.301333,1.0,10,,scalar_first_exact
pg-diskann,100000,1,w3,152,22.487125,1.0,10,,scalar_first_exact
pg-diskann,100000,1,w3,308,21.289041,1.0,10,,scalar_first_exact
pg-diskann,100000,1,w3,275,21.865167,1.0,10,,scalar_first_exact
pg-diskann,100000,1,w3,861,21.658458,1.0,10,,scalar_first_exact
pg-diskann,100000,1,w3,314,22.777125,1.0,10,,scalar_first_exact
pg-diskann,100000,1,w3,777,25.439541,1.0,10,,scalar_first_exact
pg-diskann,100000,1,w3,862,23.153541,1.0,10,,scalar_first_exact
pg-diskann,100000,1,w3,866,21.808125,1.0,10,,scalar_first_exact
pg-diskann,100000,1,w3,342,21.5385,1.0,10,,scalar_first_exact
pg-diskann,100000,1,w3,811,21.149167,1.0,10,,scalar_first_exact
pg-diskann,100000,1,w3,253,22.801458,1.0,10,,scalar_first_exact
pg-diskann,100000,1,w3,247,23.270708,1.0,10,,scalar_first_exact
pg-diskann,100000,1,w3,595,22.069666,1.0,10,,scalar_first_exact
pg-diskann,100000,1,w3,267,23.124958,1.0,10,,scalar_first_exact
pg-diskann,100000,1,w3,801,21.792625,1.0,10,,scalar_first_exact
pg-diskann,100000,1,w3,538,22.081125,1.0,10,,scalar_first_exact
pg-diskann,100000,1,w3,201,23.137667,1.0,10,,scalar_first_exact
pg-diskann,100000,1,w3,739,22.305834,1.0,10,,scalar_first_exact
pg-diskann,100000,1,w3,905,22.210083,1.0,10,,scalar_first_exact
pg-diskann,100000,1,w3,831,22.463833,1.0,10,,scalar_first_exact
pg-diskann,100000,1,w3,293,23.803,1.0,10,,scalar_first_exact
pg-diskann,100000,1,w3,783,21.847209,1.0,10,,scalar_first_exact
pg-diskann,100000,1,w3,965,22.558291,1.0,10,,scalar_first_exact
pg-diskann,100000,1,w3,507,21.784708,1.0,10,,scalar_first_exact
pg-diskann,100000,1,w3,860,21.553709,1.0,10,,scalar_first_exact
pg-diskann,100000,1,w3,467,24.030958,1.0,10,,scalar_first_exact
pg-diskann,100000,1,w3,244,21.886708,1.0,10,,scalar_first_exact
pg-diskann,100000,1,w3,481,21.453625,1.0,10,,scalar_first_exact
pg-diskann,100000,1,w3,728,21.301583,1.0,10,,scalar_first_exact
pg-diskann,100000,1,w3,512,23.145583,1.0,10,,scalar_first_exact
pg-diskann,100000,1,w3,378,23.354042,1.0,10,,scalar_first_exact
pg-diskann,100000,1,w3,577,23.194791,1.0,10,,scalar_first_exact
pg-diskann,100000,1,w3,574,23.071916,1.0,10,,scalar_first_exact
pg-diskann,100000,1,w3,932,22.28625,1.0,10,,scalar_first_exact
pg-diskann,100000,1,w3,837,24.270542,1.0,10,,scalar_first_exact
pg-diskann,100000,1,w3,157,21.833125,1.0,10,,scalar_first_exact
pg-diskann,100000,1,w3,403,21.92175,1.0,10,,scalar_first_exact
pg-diskann,100000,1,w3,804,23.888666,1.0,10,,scalar_first_exact
pg-diskann,100000,1,w3,552,22.823792,1.0,10,,scalar_first_exact
pg-diskann,100000,1,w3,134,22.298667,1.0,10,,scalar_first_exact
pg-diskann,100000,1,w3,227,21.979042,1.0,10,,scalar_first_exact
pg-diskann,100000,1,w3,628,22.158125,1.0,10,,scalar_first_exact
pg-diskann,100000,1,w3,648,21.278959,1.0,10,,scalar_first_exact
pg-diskann,100000,1,w3,772,21.019083,1.0,10,,scalar_first_exact
pg-diskann,100000,1,w3,183,22.591209,1.0,10,,scalar_first_exact
pg-diskann,100000,1,w3,627,22.691667,1.0,10,,scalar_first_exact
pg-diskann,100000,1,w3,978,22.0795,1.0,10,,scalar_first_exact
pg-diskann,100000,1,w3,323,22.785417,1.0,10,,scalar_first_exact
pg-diskann,100000,1,w3,665,22.306584,1.0,10,,scalar_first_exact
pg-diskann,100000,1,w3,518,22.233792,1.0,10,,scalar_first_exact
pg-diskann,100000,1,w3,608,22.019625,1.0,10,,scalar_first_exact
pg-diskann,100000,1,w3,435,22.287416,1.0,10,,scalar_first_exact
pg-diskann,100000,1,w3,523,23.257542,1.0,10,,scalar_first_exact
pg-diskann,100000,1,w3,774,22.004584,1.0,10,,scalar_first_exact
pg-diskann,100000,1,w3,858,22.793625,1.0,10,,scalar_first_exact
pg-diskann,100000,1,w3,587,22.77,1.0,10,,scalar_first_exact
pg-diskann,100000,1,w3,591,23.145167,1.0,10,,scalar_first_exact
pg-diskann,100000,1,w3,231,22.869584,1.0,10,,scalar_first_exact
pg-diskann,100000,1,w3,735,22.832334,1.0,10,,scalar_first_exact
pg-diskann,100000,1,w3,283,24.93025,1.0,10,,scalar_first_exact
pg-diskann,100000,1,w3,661,22.829708,1.0,10,,scalar_first_exact
pg-diskann,100000,1,w3,190,21.944917,1.0,10,,scalar_first_exact
pg-diskann,100000,1,w3,925,21.554958,1.0,10,,scalar_first_exact
pg-diskann,100000,1,w3,319,25.008083,1.0,10,,scalar_first_exact
pg-diskann,100000,1,w3,196,23.247708,1.0,10,,scalar_first_exact
pg-diskann,100000,1,w3,609,24.419667,1.0,10,,scalar_first_exact
pg-diskann,100000,1,w3,513,21.8245,1.0,10,,scalar_first_exact
pg-diskann,100000,1,w3,605,21.496458,1.0,10,,scalar_first_exact
pg-diskann,100000,1,w3,684,23.172,1.0,10,,scalar_first_exact
pg-diskann,100000,1,w3,533,22.378042,1.0,10,,scalar_first_exact
pg-diskann,100000,1,w3,108,21.733917,1.0,10,,scalar_first_exact
pg-diskann,100000,1,w3,834,22.454208,1.0,10,,scalar_first_exact
pg-diskann,100000,1,w3,273,21.603,1.0,10,,scalar_first_exact
pg-diskann,100000,1,w3,506,21.802167,1.0,10,,scalar_first_exact
pg-diskann,100000,1,w3,220,23.084,1.0,10,,scalar_first_exact
pg-diskann,100000,1,w3,114,21.932708,1.0,10,,scalar_first_exact
pg-diskann,100000,1,w3,312,21.414166,1.0,10,,scalar_first_exact
pg-diskann,100000,1,w3,654,21.824083,1.0,10,,scalar_first_exact
pg-diskann,100000,1,w3,796,23.22725,1.0,10,,scalar_first_exact
pg-diskann,100000,1,w3,366,22.31575,1.0,10,,scalar_first_exact
pg-diskann,100000,1,w3,710,22.69725,1.0,10,,scalar_first_exact
pg-diskann,100000,1,w3,924,21.935083,1.0,10,,scalar_first_exact
pg-diskann,100000,1,w3,286,21.334125,1.0,10,,scalar_first_exact
pg-diskann,100000,1,w3,891,22.163125,1.0,10,,scalar_first_exact
pg-diskann,100000,1,w3,213,21.363792,1.0,10,,scalar_first_exact
pg-diskann,100000,1,w3,447,21.207167,1.0,10,,scalar_first_exact
pg-diskann,100000,1,w3,480,20.975334,1.0,10,,scalar_first_exact
pg-diskann,100000,1,w3,915,20.536292,1.0,10,,scalar_first_exact
pg-diskann,100000,1,w3,451,20.797833,1.0,10,,scalar_first_exact
pg-diskann,100000,1,w3,274,22.1135,1.0,10,,scalar_first_exact
pg-diskann,100000,1,w3,619,21.646334,1.0,10,,scalar_first_exact
pg-diskann,100000,1,w3,215,21.984084,1.0,10,,scalar_first_exact
pg-diskann,100000,1,w3,611,23.305375,1.0,10,,scalar_first_exact
pg-diskann,100000,1,w3,586,22.913291,1.0,10,,scalar_first_exact
pg-diskann,100000,1,w3,705,21.065667,1.0,10,,scalar_first_exact
pg-diskann,100000,1,w3,821,21.292042,1.0,10,,scalar_first_exact
pg-diskann,100000,1,w3,423,22.203958,1.0,10,,scalar_first_exact
pg-diskann,100000,1,w3,496,25.184875,1.0,10,,scalar_first_exact
pg-diskann,100000,1,w3,320,22.736667,1.0,10,,scalar_first_exact
pg-diskann,100000,1,w3,524,22.17,1.0,10,,scalar_first_exact
pg-diskann,100000,1,w3,494,21.838083,1.0,10,,scalar_first_exact
pg-diskann,100000,1,w3,264,24.000208,1.0,10,,scalar_first_exact
pg-diskann,100000,1,w3,473,25.276291,1.0,10,,scalar_first_exact
pg-diskann,100000,1,w3,670,22.524625,1.0,10,,scalar_first_exact
pg-diskann,100000,1,w3,841,23.594708,1.0,10,,scalar_first_exact
pg-diskann,100000,1,w3,975,26.371167,1.0,10,,scalar_first_exact
pg-diskann,100000,1,w3,854,25.055375,1.0,10,,scalar_first_exact
pg-diskann,100000,1,w3,944,22.864542,1.0,10,,scalar_first_exact
pg-diskann,100000,1,w3,265,21.528458,1.0,10,,scalar_first_exact
pg-diskann,100000,1,w3,417,24.599291,1.0,10,,scalar_first_exact
pg-diskann,100000,1,w3,721,23.748417,1.0,10,,scalar_first_exact
pg-diskann,100000,1,w3,701,22.185833,1.0,10,,scalar_first_exact
pg-diskann,100000,1,w3,385,29.834041,1.0,10,,scalar_first_exact
pg-diskann,100000,1,w3,224,23.675333,1.0,10,,scalar_first_exact
pg-diskann,100000,1,w3,953,24.900042,1.0,10,,scalar_first_exact
pg-diskann,100000,1,w3,116,23.706625,1.0,10,,scalar_first_exact
pg-diskann,100000,1,w3,360,22.166417,1.0,10,,scalar_first_exact
pg-diskann,100000,1,w3,894,22.530917,1.0,10,,scalar_first_exact
pg-diskann,100000,1,w3,334,23.474709,1.0,10,,scalar_first_exact
pg-diskann,100000,1,w3,287,24.046083,1.0,10,,scalar_first_exact
pg-diskann,100000,1,w3,315,25.196166,1.0,10,,scalar_first_exact
pg-diskann,100000,1,w3,245,23.726541,1.0,10,,scalar_first_exact
pg-diskann,100000,1,w3,948,22.348125,1.0,10,,scalar_first_exact
pg-diskann,100000,1,w3,660,21.9185,1.0,10,,scalar_first_exact
pg-diskann,100000,1,w3,548,22.131708,1.0,10,,scalar_first_exact
pg-diskann,100000,1,w3,988,24.176458,1.0,10,,scalar_first_exact
pg-diskann,100000,1,w3,458,22.461292,1.0,10,,scalar_first_exact
pg-diskann,100000,1,w3,375,21.627459,1.0,10,,scalar_first_exact
pg-diskann,100000,1,w3,781,22.680209,1.0,10,,scalar_first_exact
pg-diskann,100000,1,w3,171,22.241917,1.0,10,,scalar_first_exact
pg-diskann,100000,1,w3,450,20.86475,1.0,10,,scalar_first_exact
pg-diskann,100000,1,w3,782,21.216875,1.0,10,,scalar_first_exact
pg-diskann,100000,1,w3,106,21.788208,1.0,10,,scalar_first_exact
pg-diskann,100000,1,w3,279,21.546834,1.0,10,,scalar_first_exact
pg-diskann,100000,1,w3,195,21.174167,1.0,10,,scalar_first_exact
pg-diskann,100000,1,w3,732,23.051708,1.0,10,,scalar_first_exact
pg-diskann,100000,1,w3,649,22.180875,1.0,10,,scalar_first_exact
pg-diskann,100000,1,w3,395,23.179166,1.0,10,,scalar_first_exact
pg-diskann,100000,1,w3,109,21.75925,1.0,10,,scalar_first_exact
pg-diskann,100000,1,w3,373,22.17875,1.0,10,,scalar_first_exact
pg-diskann,100000,1,w3,885,22.287209,1.0,10,,scalar_first_exact
pg-diskann,100000,1,w3,305,22.741875,1.0,10,,scalar_first_exact
pg-diskann,100000,1,w3,935,22.447042,1.0,10,,scalar_first_exact
pg-diskann,100000,1,w3,221,23.698917,1.0,10,,scalar_first_exact
pg-diskann,100000,1,w3,436,21.813042,1.0,10,,scalar_first_exact
pg-diskann,100000,1,w3,839,21.754291,1.0,10,,scalar_first_exact
pg-diskann,100000,1,w3,554,23.655625,1.0,10,,scalar_first_exact
pg-diskann,100000,1,w3,993,23.880708,1.0,10,,scalar_first_exact
pg-diskann,100000,1,w3,162,21.775583,1.0,10,,scalar_first_exact
pg-diskann,100000,1,w3,926,22.271958,1.0,10,,scalar_first_exact
pg-diskann,100000,1,w3,338,23.148208,1.0,10,,scalar_first_exact
pg-diskann,100000,1,w3,751,21.972875,1.0,10,,scalar_first_exact
pg-diskann,100000,1,w3,459,22.10825,1.0,10,,scalar_first_exact
pg-diskann,100000,1,w3,405,22.596708,1.0,10,,scalar_first_exact
pg-diskann,100000,1,w3,440,21.812708,1.0,10,,scalar_first_exact
pg-diskann,100000,1,w3,828,22.74575,1.0,10,,scalar_first_exact
pg-diskann,100000,1,w3,351,21.392375,1.0,10,,scalar_first_exact
pg-diskann,100000,1,w3,558,21.280375,1.0,10,,scalar_first_exact
pg-diskann,100000,1,w3,516,21.529584,1.0,10,,scalar_first_exact
pg-diskann,100000,1,w3,261,22.204041,1.0,10,,scalar_first_exact
pg-diskann,100000,1,w3,681,23.351667,1.0,10,,scalar_first_exact
pg-diskann,100000,1,w3,110,21.785167,1.0,10,,scalar_first_exact
pg-diskann,100000,1,w3,911,22.801959,1.0,10,,scalar_first_exact
pg-diskann,100000,1,w3,407,23.588291,1.0,10,,scalar_first_exact
pg-diskann,100000,1,w3,302,24.636625,1.0,10,,scalar_first_exact
pg-diskann,100000,1,w3,560,21.583042,1.0,10,,scalar_first_exact
pg-diskann,100000,1,w3,189,22.119083,1.0,10,,scalar_first_exact
pg-diskann,100000,1,w3,542,21.855083,1.0,10,,scalar_first_exact
pg-diskann,100000,1,w3,880,23.051625,1.0,10,,scalar_first_exact
pg-diskann,100000,1,w3,133,22.395042,1.0,10,,scalar_first_exact
pg-diskann,100000,1,w3,590,22.154167,1.0,10,,scalar_first_exact
pg-diskann,100000,1,w3,813,21.747666,1.0,10,,scalar_first_exact
pg-diskann,100000,1,w3,749,21.7875,1.0,10,,scalar_first_exact
pg-diskann,100000,1,w3,857,21.516083,1.0,10,,scalar_first_exact
pg-diskann,100000,1,w3,204,20.682584,1.0,10,,scalar_first_exact
pg-diskann,100000,1,w3,585,21.218917,1.0,10,,scalar_first_exact
pg-diskann,100000,1,w3,185,21.215917,1.0,10,,scalar_first_exact
pg-diskann,100000,1,w3,902,20.768375,1.0,10,,scalar_first_exact
pg-diskann,100000,1,w3,361,20.430416,1.0,10,,scalar_first_exact
pg-diskann,100000,1,w3,981,20.853958,1.0,10,,scalar_first_exact
pg-diskann,100000,1,w3,871,20.986041,1.0,10,,scalar_first_exact
pg-diskann,100000,1,w3,691,24.6055,1.0,10,,scalar_first_exact
pg-diskann,100000,1,w3,341,24.473833,1.0,10,,scalar_first_exact
pg-diskann,100000,1,w3,485,22.14825,1.0,10,,scalar_first_exact
pg-diskann,100000,1,w3,889,24.345417,1.0,10,,scalar_first_exact
pg-diskann,100000,1,w3,272,21.507166,1.0,10,,scalar_first_exact
pg-diskann,100000,1,w3,326,22.569,1.0,10,,scalar_first_exact
pg-diskann,100000,1,w3,686,21.640417,1.0,10,,scalar_first_exact
pg-diskann,100000,1,w3,483,21.571208,1.0,10,,scalar_first_exact
pg-diskann,100000,1,w3,529,21.281875,1.0,10,,scalar_first_exact
pg-diskann,100000,1,w3,237,21.744542,1.0,10,,scalar_first_exact
pg-diskann,100000,1,w3,278,22.56025,1.0,10,,scalar_first_exact
pg-diskann,100000,1,w3,725,21.468375,1.0,10,,scalar_first_exact
pg-diskann,100000,1,w3,126,21.521583,1.0,10,,scalar_first_exact
pg-diskann,100000,1,w3,179,21.545,1.0,10,,scalar_first_exact
pg-diskann,100000,1,w3,488,22.098292,1.0,10,,scalar_first_exact
pg-diskann,100000,1,w3,579,22.727667,1.0,10,,scalar_first_exact
pg-diskann,100000,1,w3,377,23.903792,1.0,10,,scalar_first_exact
pg-diskann,100000,1,w3,787,21.733541,1.0,10,,scalar_first_exact
pg-diskann,100000,1,w3,870,22.649125,1.0,10,,scalar_first_exact
pg-diskann,100000,1,w3,350,22.23125,1.0,10,,scalar_first_exact
pg-diskann,100000,1,w3,452,23.824834,1.0,10,,scalar_first_exact
pg-diskann,100000,1,w3,976,23.322167,1.0,10,,scalar_first_exact
pg-diskann,100000,1,w3,468,22.481875,1.0,10,,scalar_first_exact
pg-diskann,100000,1,w3,484,21.31325,1.0,10,,scalar_first_exact
pg-diskann,100000,1,w3,964,22.661167,1.0,10,,scalar_first_exact
pg-diskann,100000,1,w3,229,22.721416,1.0,10,,scalar_first_exact
pg-diskann,100000,1,w3,393,22.117667,1.0,10,,scalar_first_exact
pg-diskann,100000,1,w3,822,21.41525,1.0,10,,scalar_first_exact
pg-diskann,100000,1,w3,742,23.962208,1.0,10,,scalar_first_exact
pg-diskann,100000,1,w3,328,21.734833,1.0,10,,scalar_first_exact
pg-diskann,100000,1,w3,208,21.508041,1.0,10,,scalar_first_exact
pg-diskann,100000,1,w3,812,21.721084,1.0,10,,scalar_first_exact
pg-diskann,100000,1,w3,754,21.124334,1.0,10,,scalar_first_exact
pg-diskann,100000,1,w3,666,21.45925,1.0,10,,scalar_first_exact
pg-diskann,100000,1,w3,994,21.265334,1.0,10,,scalar_first_exact
pg-diskann,100000,1,w3,799,21.252458,1.0,10,,scalar_first_exact
pg-diskann,100000,1,w3,741,20.554208,1.0,10,,scalar_first_exact
pg-diskann,100000,1,w3,329,21.223834,1.0,10,,scalar_first_exact
pg-diskann,100000,1,w3,527,21.2385,1.0,10,,scalar_first_exact
pg-diskann,100000,1,w3,316,21.031917,1.0,10,,scalar_first_exact
pg-diskann,100000,1,w3,128,22.374208,1.0,10,,scalar_first_exact
pg-diskann,100000,1,w3,446,22.11725,1.0,10,,scalar_first_exact
pg-diskann,100000,1,w3,864,21.44875,1.0,10,,scalar_first_exact
pg-diskann,100000,1,w3,349,22.295167,1.0,10,,scalar_first_exact
pg-diskann,100000,1,w3,437,21.773834,1.0,10,,scalar_first_exact
pg-diskann,100000,1,w3,942,22.278209,1.0,10,,scalar_first_exact
pg-diskann,100000,1,w3,243,23.397,1.0,10,,scalar_first_exact
pg-diskann,100000,1,w3,970,22.650334,1.0,10,,scalar_first_exact
pg-diskann,100000,1,w3,928,22.35425,1.0,10,,scalar_first_exact
pg-diskann,100000,1,w3,984,23.508125,1.0,10,,scalar_first_exact
pg-diskann,100000,1,w3,463,23.370542,1.0,10,,scalar_first_exact
pg-diskann,100000,1,w3,702,23.384833,1.0,10,,scalar_first_exact
pg-diskann,100000,1,w3,562,22.004959,1.0,10,,scalar_first_exact
pg-diskann,100000,1,w3,540,22.702875,1.0,10,,scalar_first_exact
pg-diskann,100000,1,w3,111,23.665167,1.0,10,,scalar_first_exact
pg-diskann,100000,1,w3,832,22.196958,1.0,10,,scalar_first_exact
pg-diskann,100000,1,w3,178,29.9885,1.0,10,,scalar_first_exact
pg-diskann,100000,1,w3,593,26.230208,1.0,10,,scalar_first_exact
pg-diskann,100000,1,w3,687,23.664042,1.0,10,,scalar_first_exact
pg-diskann,100000,1,w3,292,22.162667,1.0,10,,scalar_first_exact
pg-diskann,100000,1,w3,888,23.003,1.0,10,,scalar_first_exact
pg-diskann,100000,1,w3,563,22.516542,1.0,10,,scalar_first_exact
pg-diskann,100000,1,w3,122,22.41075,1.0,10,,scalar_first_exact
pg-diskann,100000,1,w3,181,22.614083,1.0,10,,scalar_first_exact
pg-diskann,100000,1,w3,581,22.213583,1.0,10,,scalar_first_exact
pg-diskann,100000,1,w3,580,22.941292,1.0,10,,scalar_first_exact
pg-diskann,100000,1,w3,847,22.39575,1.0,10,,scalar_first_exact
pg-diskann,100000,1,w3,826,22.43375,1.0,10,,scalar_first_exact
pg-diskann,100000,1,w3,216,21.726459,1.0,10,,scalar_first_exact
pg-diskann,100000,1,w3,266,21.948292,1.0,10,,scalar_first_exact
pg-diskann,100000,1,w3,344,22.796583,1.0,10,,scalar_first_exact
pg-diskann,100000,1,w3,119,22.737083,1.0,10,,scalar_first_exact
pg-diskann,100000,1,w3,584,21.643959,1.0,10,,scalar_first_exact
pg-diskann,100000,1,w3,677,23.328084,1.0,10,,scalar_first_exact
pg-diskann,100000,1,w3,655,22.939792,1.0,10,,scalar_first_exact
pg-diskann,100000,1,w3,997,23.017666,1.0,10,,scalar_first_exact
pg-diskann,100000,1,w3,946,21.596,1.0,10,,scalar_first_exact
pg-diskann,100000,1,w3,833,21.300833,1.0,10,,scalar_first_exact
pg-diskann,100000,1,w3,724,21.171417,1.0,10,,scalar_first_exact
pg-diskann,100000,1,w3,569,21.527167,1.0,10,,scalar_first_exact
pg-diskann,100000,1,w3,737,21.216333,1.0,10,,scalar_first_exact
pg-diskann,100000,1,w3,476,21.055333,1.0,10,,scalar_first_exact
pg-diskann,100000,1,w3,646,21.44975,1.0,10,,scalar_first_exact
pg-diskann,100000,1,w3,972,20.705167,1.0,10,,scalar_first_exact
pg-diskann,100000,1,w4_acl,635,2.7335,1.0,10,,scalar_acl_exact
pg-diskann,100000,1,w4_acl,256,4.724417,1.0,10,,scalar_acl_exact
pg-diskann,100000,1,w4_acl,912,2.126708,1.0,10,,scalar_acl_exact
pg-diskann,100000,1,w4_acl,804,2.189959,1.0,10,,scalar_acl_exact
pg-diskann,100000,1,w4_acl,909,3.393417,1.0,10,,scalar_acl_exact
pg-diskann,100000,1,w4_acl,351,2.393542,1.0,10,,scalar_acl_exact
pg-diskann,100000,1,w4_acl,814,2.361125,1.0,10,,scalar_acl_exact
pg-diskann,100000,1,w4_acl,485,6.127459,1.0,10,,scalar_acl_exact
pg-diskann,100000,1,w4_acl,990,2.577125,1.0,10,,scalar_acl_exact
pg-diskann,100000,1,w4_acl,272,2.176541,1.0,10,,scalar_acl_exact
pg-diskann,100000,1,w4_acl,894,2.601458,1.0,10,,scalar_acl_exact
pg-diskann,100000,1,w4_acl,464,2.308542,1.0,10,,scalar_acl_exact
pg-diskann,100000,1,w4_acl,860,2.382375,1.0,10,,scalar_acl_exact
pg-diskann,100000,1,w4_acl,417,2.861792,1.0,10,,scalar_acl_exact
pg-diskann,100000,1,w4_acl,541,2.291416,1.0,10,,scalar_acl_exact
pg-diskann,100000,1,w4_acl,803,2.307083,1.0,10,,scalar_acl_exact
pg-diskann,100000,1,w4_acl,349,2.629083,1.0,10,,scalar_acl_exact
pg-diskann,100000,1,w4_acl,808,2.7275,1.0,10,,scalar_acl_exact
pg-diskann,100000,1,w4_acl,717,2.562458,1.0,10,,scalar_acl_exact
pg-diskann,100000,1,w4_acl,135,2.425042,1.0,10,,scalar_acl_exact
pg-diskann,100000,1,w4_acl,283,2.433625,1.0,10,,scalar_acl_exact
pg-diskann,100000,1,w4_acl,962,2.471958,1.0,10,,scalar_acl_exact
pg-diskann,100000,1,w4_acl,336,4.406792,1.0,10,,scalar_acl_exact
pg-diskann,100000,1,w4_acl,503,2.907416,1.0,10,,scalar_acl_exact
pg-diskann,100000,1,w4_acl,611,6.067209,1.0,10,,scalar_acl_exact
pg-diskann,100000,1,w4_acl,444,2.482875,1.0,10,,scalar_acl_exact
pg-diskann,100000,1,w4_acl,678,5.004667,1.0,10,,scalar_acl_exact
pg-diskann,100000,1,w4_acl,193,2.234042,1.0,10,,scalar_acl_exact
pg-diskann,100000,1,w4_acl,302,4.816042,1.0,10,,scalar_acl_exact
pg-diskann,100000,1,w4_acl,783,2.542,1.0,10,,scalar_acl_exact
pg-diskann,100000,1,w4_acl,127,6.846333,1.0,10,,scalar_acl_exact
pg-diskann,100000,1,w4_acl,114,2.882375,1.0,10,,scalar_acl_exact
pg-diskann,100000,1,w4_acl,433,2.120833,1.0,10,,scalar_acl_exact
pg-diskann,100000,1,w4_acl,911,2.482833,1.0,10,,scalar_acl_exact
pg-diskann,100000,1,w4_acl,950,2.512208,1.0,10,,scalar_acl_exact
pg-diskann,100000,1,w4_acl,867,6.820542,1.0,10,,scalar_acl_exact
pg-diskann,100000,1,w4_acl,730,2.352875,1.0,10,,scalar_acl_exact
pg-diskann,100000,1,w4_acl,174,5.056208,1.0,10,,scalar_acl_exact
pg-diskann,100000,1,w4_acl,612,2.509333,1.0,10,,scalar_acl_exact
pg-diskann,100000,1,w4_acl,742,2.246417,1.0,10,,scalar_acl_exact
pg-diskann,100000,1,w4_acl,225,3.930875,1.0,10,,scalar_acl_exact
pg-diskann,100000,1,w4_acl,758,2.080625,1.0,10,,scalar_acl_exact
pg-diskann,100000,1,w4_acl,301,2.0925,1.0,10,,scalar_acl_exact
pg-diskann,100000,1,w4_acl,767,3.227208,1.0,10,,scalar_acl_exact
pg-diskann,100000,1,w4_acl,170,2.739833,1.0,10,,scalar_acl_exact
pg-diskann,100000,1,w4_acl,575,5.07475,1.0,10,,scalar_acl_exact
pg-diskann,100000,1,w4_acl,587,2.48275,1.0,10,,scalar_acl_exact
pg-diskann,100000,1,w4_acl,489,2.371084,1.0,10,,scalar_acl_exact
pg-diskann,100000,1,w4_acl,688,4.771875,1.0,10,,scalar_acl_exact
pg-diskann,100000,1,w4_acl,260,2.484334,1.0,10,,scalar_acl_exact
pg-diskann,100000,1,w4_acl,628,5.137875,1.0,10,,scalar_acl_exact
pg-diskann,100000,1,w4_acl,458,2.891333,1.0,10,,scalar_acl_exact
pg-diskann,100000,1,w4_acl,784,5.075584,1.0,10,,scalar_acl_exact
pg-diskann,100000,1,w4_acl,337,2.790375,1.0,10,,scalar_acl_exact
pg-diskann,100000,1,w4_acl,439,2.406625,1.0,10,,scalar_acl_exact
pg-diskann,100000,1,w4_acl,532,2.052833,1.0,10,,scalar_acl_exact
pg-diskann,100000,1,w4_acl,164,2.388375,1.0,10,,scalar_acl_exact
pg-diskann,100000,1,w4_acl,942,2.065875,1.0,10,,scalar_acl_exact
pg-diskann,100000,1,w4_acl,422,2.541541,1.0,10,,scalar_acl_exact
pg-diskann,100000,1,w4_acl,939,2.257542,1.0,10,,scalar_acl_exact
pg-diskann,100000,1,w4_acl,707,2.621833,1.0,10,,scalar_acl_exact
pg-diskann,100000,1,w4_acl,504,2.301708,1.0,10,,scalar_acl_exact
pg-diskann,100000,1,w4_acl,388,2.670792,1.0,10,,scalar_acl_exact
pg-diskann,100000,1,w4_acl,932,2.382833,1.0,10,,scalar_acl_exact
pg-diskann,100000,1,w4_acl,313,2.632708,1.0,10,,scalar_acl_exact
pg-diskann,100000,1,w4_acl,468,1.837541,1.0,10,,scalar_acl_exact
pg-diskann,100000,1,w4_acl,188,2.644,1.0,10,,scalar_acl_exact
pg-diskann,100000,1,w4_acl,371,2.729083,1.0,10,,scalar_acl_exact
pg-diskann,100000,1,w4_acl,534,3.744417,1.0,10,,scalar_acl_exact
pg-diskann,100000,1,w4_acl,773,2.476667,1.0,10,,scalar_acl_exact
pg-diskann,100000,1,w4_acl,429,2.159042,1.0,10,,scalar_acl_exact
pg-diskann,100000,1,w4_acl,762,3.491791,1.0,10,,scalar_acl_exact
pg-diskann,100000,1,w4_acl,460,2.352333,1.0,10,,scalar_acl_exact
pg-diskann,100000,1,w4_acl,471,2.547667,1.0,10,,scalar_acl_exact
pg-diskann,100000,1,w4_acl,810,3.5185,1.0,10,,scalar_acl_exact
pg-diskann,100000,1,w4_acl,818,2.357542,1.0,10,,scalar_acl_exact
pg-diskann,100000,1,w4_acl,581,2.368291,1.0,10,,scalar_acl_exact
pg-diskann,100000,1,w4_acl,408,3.238416,1.0,10,,scalar_acl_exact
pg-diskann,100000,1,w4_acl,116,2.570875,1.0,10,,scalar_acl_exact
pg-diskann,100000,1,w4_acl,647,2.197917,1.0,10,,scalar_acl_exact
pg-diskann,100000,1,w4_acl,232,3.644458,1.0,10,,scalar_acl_exact
pg-diskann,100000,1,w4_acl,822,2.399667,1.0,10,,scalar_acl_exact
pg-diskann,100000,1,w4_acl,570,2.462792,1.0,10,,scalar_acl_exact
pg-diskann,100000,1,w4_acl,835,3.936167,1.0,10,,scalar_acl_exact
pg-diskann,100000,1,w4_acl,416,2.644625,1.0,10,,scalar_acl_exact
pg-diskann,100000,1,w4_acl,674,2.166666,1.0,10,,scalar_acl_exact
pg-diskann,100000,1,w4_acl,940,5.135167,1.0,10,,scalar_acl_exact
pg-diskann,100000,1,w4_acl,801,2.524792,1.0,10,,scalar_acl_exact
pg-diskann,100000,1,w4_acl,859,3.578584,1.0,10,,scalar_acl_exact
pg-diskann,100000,1,w4_acl,645,2.840875,1.0,10,,scalar_acl_exact
pg-diskann,100000,1,w4_acl,407,2.288541,1.0,10,,scalar_acl_exact
pg-diskann,100000,1,w4_acl,725,3.526083,1.0,10,,scalar_acl_exact
pg-diskann,100000,1,w4_acl,308,2.585458,1.0,10,,scalar_acl_exact
pg-diskann,100000,1,w4_acl,121,2.266584,1.0,10,,scalar_acl_exact
pg-diskann,100000,1,w4_acl,289,2.842,1.0,10,,scalar_acl_exact
pg-diskann,100000,1,w4_acl,526,2.538167,1.0,10,,scalar_acl_exact
pg-diskann,100000,1,w4_acl,263,2.718625,1.0,10,,scalar_acl_exact
pg-diskann,100000,1,w4_acl,186,3.002125,1.0,10,,scalar_acl_exact
pg-diskann,100000,1,w4_acl,247,2.297042,1.0,10,,scalar_acl_exact
pg-diskann,100000,1,w4_acl,785,2.600292,1.0,10,,scalar_acl_exact
pg-diskann,100000,1,w4_acl,937,3.38075,1.0,10,,scalar_acl_exact
pg-diskann,100000,1,w4_acl,339,2.329,1.0,10,,scalar_acl_exact
pg-diskann,100000,1,w4_acl,228,2.251125,1.0,10,,scalar_acl_exact
pg-diskann,100000,1,w4_acl,560,3.191459,1.0,10,,scalar_acl_exact
pg-diskann,100000,1,w4_acl,284,2.526667,1.0,10,,scalar_acl_exact
pg-diskann,100000,1,w4_acl,754,2.347167,1.0,10,,scalar_acl_exact
pg-diskann,100000,1,w4_acl,734,2.291875,1.0,10,,scalar_acl_exact
pg-diskann,100000,1,w4_acl,557,4.22775,1.0,10,,scalar_acl_exact
pg-diskann,100000,1,w4_acl,941,2.252875,1.0,10,,scalar_acl_exact
pg-diskann,100000,1,w4_acl,562,2.561625,1.0,10,,scalar_acl_exact
pg-diskann,100000,1,w4_acl,169,2.460458,1.0,10,,scalar_acl_exact
pg-diskann,100000,1,w4_acl,973,2.524209,1.0,10,,scalar_acl_exact
pg-diskann,100000,1,w4_acl,102,2.171542,1.0,10,,scalar_acl_exact
pg-diskann,100000,1,w4_acl,689,4.019334,1.0,10,,scalar_acl_exact
pg-diskann,100000,1,w4_acl,275,2.19425,1.0,10,,scalar_acl_exact
pg-diskann,100000,1,w4_acl,614,2.396375,1.0,10,,scalar_acl_exact
pg-diskann,100000,1,w4_acl,841,2.255542,1.0,10,,scalar_acl_exact
pg-diskann,100000,1,w4_acl,788,2.491625,1.0,10,,scalar_acl_exact
pg-diskann,100000,1,w4_acl,177,2.393,1.0,10,,scalar_acl_exact
pg-diskann,100000,1,w4_acl,443,2.33875,1.0,10,,scalar_acl_exact
pg-diskann,100000,1,w4_acl,616,2.102625,1.0,10,,scalar_acl_exact
pg-diskann,100000,1,w4_acl,928,2.644166,1.0,10,,scalar_acl_exact
pg-diskann,100000,1,w4_acl,303,2.283042,1.0,10,,scalar_acl_exact
pg-diskann,100000,1,w4_acl,105,2.360333,1.0,10,,scalar_acl_exact
pg-diskann,100000,1,w4_acl,651,2.189791,1.0,10,,scalar_acl_exact
pg-diskann,100000,1,w4_acl,509,2.094666,1.0,10,,scalar_acl_exact
pg-diskann,100000,1,w4_acl,241,2.053458,1.0,10,,scalar_acl_exact
pg-diskann,100000,1,w4_acl,454,2.148084,1.0,10,,scalar_acl_exact
pg-diskann,100000,1,w4_acl,977,2.283,1.0,10,,scalar_acl_exact
pg-diskann,100000,1,w4_acl,830,2.192416,1.0,10,,scalar_acl_exact
pg-diskann,100000,1,w4_acl,463,2.124459,1.0,10,,scalar_acl_exact
pg-diskann,100000,1,w4_acl,248,2.148,1.0,10,,scalar_acl_exact
pg-diskann,100000,1,w4_acl,636,2.15825,1.0,10,,scalar_acl_exact
pg-diskann,100000,1,w4_acl,959,1.959709,1.0,10,,scalar_acl_exact
pg-diskann,100000,1,w4_acl,987,2.194292,1.0,10,,scalar_acl_exact
pg-diskann,100000,1,w4_acl,367,2.04275,1.0,10,,scalar_acl_exact
pg-diskann,100000,1,w4_acl,520,2.319417,1.0,10,,scalar_acl_exact
pg-diskann,100000,1,w4_acl,782,2.110417,1.0,10,,scalar_acl_exact
pg-diskann,100000,1,w4_acl,673,2.29825,1.0,10,,scalar_acl_exact
pg-diskann,100000,1,w4_acl,154,2.327291,1.0,10,,scalar_acl_exact
pg-diskann,100000,1,w4_acl,726,2.070875,1.0,10,,scalar_acl_exact
pg-diskann,100000,1,w4_acl,641,1.959542,1.0,10,,scalar_acl_exact
pg-diskann,100000,1,w4_acl,100,2.25075,1.0,10,,scalar_acl_exact
pg-diskann,100000,1,w4_acl,533,2.268,1.0,10,,scalar_acl_exact
pg-diskann,100000,1,w4_acl,775,2.014709,1.0,10,,scalar_acl_exact
pg-diskann,100000,1,w4_acl,791,2.661958,1.0,10,,scalar_acl_exact
pg-diskann,100000,1,w4_acl,144,2.095125,1.0,10,,scalar_acl_exact
pg-diskann,100000,1,w4_acl,765,2.150084,1.0,10,,scalar_acl_exact
pg-diskann,100000,1,w4_acl,971,2.630667,1.0,10,,scalar_acl_exact
pg-diskann,100000,1,w4_acl,229,2.226833,1.0,10,,scalar_acl_exact
pg-diskann,100000,1,w4_acl,692,1.930416,1.0,10,,scalar_acl_exact
pg-diskann,100000,1,w4_acl,252,2.2785,1.0,10,,scalar_acl_exact
pg-diskann,100000,1,w4_acl,265,2.743,1.0,10,,scalar_acl_exact
pg-diskann,100000,1,w4_acl,985,1.648791,1.0,10,,scalar_acl_exact
pg-diskann,100000,1,w4_acl,393,2.252917,1.0,10,,scalar_acl_exact
pg-diskann,100000,1,w4_acl,721,2.096916,1.0,10,,scalar_acl_exact
pg-diskann,100000,1,w4_acl,542,1.877375,1.0,10,,scalar_acl_exact
pg-diskann,100000,1,w4_acl,268,2.010291,1.0,10,,scalar_acl_exact
pg-diskann,100000,1,w4_acl,507,2.0315,1.0,10,,scalar_acl_exact
pg-diskann,100000,1,w4_acl,621,1.927167,1.0,10,,scalar_acl_exact
pg-diskann,100000,1,w4_acl,539,2.021833,1.0,10,,scalar_acl_exact
pg-diskann,100000,1,w4_acl,851,2.31525,1.0,10,,scalar_acl_exact
pg-diskann,100000,1,w4_acl,266,2.289625,1.0,10,,scalar_acl_exact
pg-diskann,100000,1,w4_acl,126,2.016458,1.0,10,,scalar_acl_exact
pg-diskann,100000,1,w4_acl,173,2.248625,1.0,10,,scalar_acl_exact
pg-diskann,100000,1,w4_acl,952,2.120333,1.0,10,,scalar_acl_exact
pg-diskann,100000,1,w4_acl,624,2.178625,1.0,10,,scalar_acl_exact
pg-diskann,100000,1,w4_acl,598,2.149167,1.0,10,,scalar_acl_exact
pg-diskann,100000,1,w4_acl,825,2.130083,1.0,10,,scalar_acl_exact
pg-diskann,100000,1,w4_acl,318,2.281125,1.0,10,,scalar_acl_exact
pg-diskann,100000,1,w4_acl,619,1.911041,1.0,10,,scalar_acl_exact
pg-diskann,100000,1,w4_acl,607,1.798291,1.0,10,,scalar_acl_exact
pg-diskann,100000,1,w4_acl,974,2.193375,1.0,10,,scalar_acl_exact
pg-diskann,100000,1,w4_acl,495,2.243959,1.0,10,,scalar_acl_exact
pg-diskann,100000,1,w4_acl,935,1.873792,1.0,10,,scalar_acl_exact
pg-diskann,100000,1,w4_acl,138,1.910167,1.0,10,,scalar_acl_exact
pg-diskann,100000,1,w4_acl,573,2.028208,1.0,10,,scalar_acl_exact
pg-diskann,100000,1,w4_acl,654,1.627709,1.0,10,,scalar_acl_exact
pg-diskann,100000,1,w4_acl,360,1.939,1.0,10,,scalar_acl_exact
pg-diskann,100000,1,w4_acl,450,2.042417,1.0,10,,scalar_acl_exact
pg-diskann,100000,1,w4_acl,893,2.304291,1.0,10,,scalar_acl_exact
pg-diskann,100000,1,w4_acl,160,1.969375,1.0,10,,scalar_acl_exact
pg-diskann,100000,1,w4_acl,771,2.413791,1.0,10,,scalar_acl_exact
pg-diskann,100000,1,w4_acl,432,2.056208,1.0,10,,scalar_acl_exact
pg-diskann,100000,1,w4_acl,845,2.274458,1.0,10,,scalar_acl_exact
pg-diskann,100000,1,w4_acl,554,2.366792,1.0,10,,scalar_acl_exact
pg-diskann,100000,1,w4_acl,310,2.331875,1.0,10,,scalar_acl_exact
pg-diskann,100000,1,w4_acl,101,2.730042,1.0,10,,scalar_acl_exact
pg-diskann,100000,1,w4_acl,190,2.263,1.0,10,,scalar_acl_exact
pg-diskann,100000,1,w4_acl,746,2.157834,1.0,10,,scalar_acl_exact
pg-diskann,100000,1,w4_acl,976,2.052667,1.0,10,,scalar_acl_exact
pg-diskann,100000,1,w4_acl,921,1.896875,1.0,10,,scalar_acl_exact
pg-diskann,100000,1,w4_acl,516,2.1085,1.0,10,,scalar_acl_exact
pg-diskann,100000,1,w4_acl,888,2.261,1.0,10,,scalar_acl_exact
pg-diskann,100000,1,w4_acl,194,2.168667,1.0,10,,scalar_acl_exact
pg-diskann,100000,1,w4_acl,690,2.503709,1.0,10,,scalar_acl_exact
pg-diskann,100000,1,w4_acl,564,2.219958,1.0,10,,scalar_acl_exact
pg-diskann,100000,1,w4_acl,779,2.393375,1.0,10,,scalar_acl_exact
pg-diskann,100000,1,w4_acl,980,2.55075,1.0,10,,scalar_acl_exact
pg-diskann,100000,1,w4_acl,998,2.172625,1.0,10,,scalar_acl_exact
pg-diskann,100000,1,w4_acl,237,2.961792,1.0,10,,scalar_acl_exact
pg-diskann,100000,1,w4_acl,242,3.061666,1.0,10,,scalar_acl_exact
pg-diskann,100000,1,w4_acl,770,2.975625,1.0,10,,scalar_acl_exact
pg-diskann,100000,1,w4_acl,321,2.690917,1.0,10,,scalar_acl_exact
pg-diskann,100000,1,w4_acl,295,3.6845,1.0,10,,scalar_acl_exact
pg-diskann,100000,1,w4_acl,864,2.466125,1.0,10,,scalar_acl_exact
pg-diskann,100000,1,w4_acl,181,2.212875,1.0,10,,scalar_acl_exact
pg-diskann,100000,1,w4_acl,234,3.384917,1.0,10,,scalar_acl_exact
pg-diskann,100000,1,w4_acl,556,2.533083,1.0,10,,scalar_acl_exact
pg-diskann,100000,1,w4_acl,763,2.276917,1.0,10,,scalar_acl_exact
pg-diskann,100000,1,w4_acl,329,4.484166,1.0,10,,scalar_acl_exact
pg-diskann,100000,1,w4_acl,198,4.399541,1.0,10,,scalar_acl_exact
pg-diskann,100000,1,w4_acl,110,3.644791,1.0,10,,scalar_acl_exact
pg-diskann,100000,1,w4_acl,572,2.729417,1.0,10,,scalar_acl_exact
pg-diskann,100000,1,w4_acl,257,2.247458,1.0,10,,scalar_acl_exact
pg-diskann,100000,1,w4_acl,979,2.382667,1.0,10,,scalar_acl_exact
pg-diskann,100000,1,w4_acl,589,2.434458,1.0,10,,scalar_acl_exact
pg-diskann,100000,1,w4_acl,446,2.311459,1.0,10,,scalar_acl_exact
pg-diskann,100000,1,w4_acl,885,3.978375,1.0,10,,scalar_acl_exact
pg-diskann,100000,1,w4_acl,343,2.41675,1.0,10,,scalar_acl_exact
pg-diskann,100000,1,w4_acl,374,2.679625,1.0,10,,scalar_acl_exact
pg-diskann,100000,1,w4_acl,141,2.566542,1.0,10,,scalar_acl_exact
pg-diskann,100000,1,w4_acl,538,2.345292,1.0,10,,scalar_acl_exact
pg-diskann,100000,1,w4_acl,968,2.794375,1.0,10,,scalar_acl_exact
pg-diskann,100000,1,w4_acl,869,2.617875,1.0,10,,scalar_acl_exact
pg-diskann,100000,1,w4_acl,806,2.467333,1.0,10,,scalar_acl_exact
pg-diskann,100000,1,w4_acl,597,2.725416,1.0,10,,scalar_acl_exact
pg-diskann,100000,1,w4_acl,724,2.832083,1.0,10,,scalar_acl_exact
pg-diskann,100000,1,w4_acl,676,2.600125,1.0,10,,scalar_acl_exact
pg-diskann,100000,1,w4_acl,300,2.41475,1.0,10,,scalar_acl_exact
pg-diskann,100000,1,w4_acl,497,3.254875,1.0,10,,scalar_acl_exact
pg-diskann,100000,1,w4_acl,355,2.547042,1.0,10,,scalar_acl_exact
pg-diskann,100000,1,w4_acl,457,2.318084,1.0,10,,scalar_acl_exact
pg-diskann,100000,1,w4_acl,279,3.396084,1.0,10,,scalar_acl_exact
pg-diskann,100000,1,w4_acl,945,2.748917,1.0,10,,scalar_acl_exact
pg-diskann,100000,1,w4_acl,781,2.201709,1.0,10,,scalar_acl_exact
pg-diskann,100000,1,w4_acl,633,2.252709,1.0,10,,scalar_acl_exact
pg-diskann,100000,1,w4_acl,180,2.405166,1.0,10,,scalar_acl_exact
pg-diskann,100000,1,w4_acl,766,2.17275,1.0,10,,scalar_acl_exact
pg-diskann,100000,1,w4_acl,544,1.969,1.0,10,,scalar_acl_exact
pg-diskann,100000,1,w4_acl,777,2.98575,1.0,10,,scalar_acl_exact
pg-diskann,100000,1,w4_acl,354,2.223791,1.0,10,,scalar_acl_exact
pg-diskann,100000,1,w4_acl,695,2.325917,1.0,10,,scalar_acl_exact
pg-diskann,100000,1,w4_acl,493,3.250834,1.0,10,,scalar_acl_exact
pg-diskann,100000,1,w4_acl,172,2.843333,1.0,10,,scalar_acl_exact
pg-diskann,100000,1,w4_acl,786,2.214333,1.0,10,,scalar_acl_exact
pg-diskann,100000,1,w4_acl,168,2.162917,1.0,10,,scalar_acl_exact
pg-diskann,100000,1,w4_acl,753,4.309292,1.0,10,,scalar_acl_exact
pg-diskann,100000,1,w4_acl,419,2.404125,1.0,10,,scalar_acl_exact
pg-diskann,100000,1,w4_acl,133,2.900709,1.0,10,,scalar_acl_exact
pg-diskann,100000,1,w4_acl,494,2.8205,1.0,10,,scalar_acl_exact
pg-diskann,100000,1,w4_acl,847,2.130625,1.0,10,,scalar_acl_exact
pg-diskann,100000,1,w4_acl,522,3.74575,1.0,10,,scalar_acl_exact
pg-diskann,100000,1,w4_acl,662,2.580542,1.0,10,,scalar_acl_exact
pg-diskann,100000,1,w4_acl,151,2.335416,1.0,10,,scalar_acl_exact
pg-diskann,100000,1,w4_acl,634,3.299166,1.0,10,,scalar_acl_exact
pg-diskann,100000,1,w4_acl,278,2.910875,1.0,10,,scalar_acl_exact
pg-diskann,100000,1,w4_acl,335,3.258292,1.0,10,,scalar_acl_exact
pg-diskann,100000,1,w4_acl,743,2.812041,1.0,10,,scalar_acl_exact
pg-diskann,100000,1,w4_acl,518,2.7805,1.0,10,,scalar_acl_exact
pg-diskann,100000,1,w4_acl,713,2.403584,1.0,10,,scalar_acl_exact
pg-diskann,100000,1,w4_acl,352,2.324583,1.0,10,,scalar_acl_exact
pg-diskann,100000,1,w4_acl,357,2.551791,1.0,10,,scalar_acl_exact
pg-diskann,100000,1,w4_acl,179,2.2295,1.0,10,,scalar_acl_exact
pg-diskann,100000,1,w4_acl,420,3.262167,1.0,10,,scalar_acl_exact
pg-diskann,100000,1,w4_acl,192,2.683875,1.0,10,,scalar_acl_exact
pg-diskann,100000,1,w4_acl,916,2.699416,1.0,10,,scalar_acl_exact
pg-diskann,100000,1,w4_acl,604,2.652625,1.0,10,,scalar_acl_exact
pg-diskann,100000,1,w4_acl,626,2.3975,1.0,10,,scalar_acl_exact
pg-diskann,100000,1,w4_acl,632,2.251042,1.0,10,,scalar_acl_exact
pg-diskann,100000,1,w4_acl,224,2.331667,1.0,10,,scalar_acl_exact
pg-diskann,100000,1,w4_acl,107,5.583209,1.0,10,,scalar_acl_exact
pg-diskann,100000,1,w4_acl,305,3.4555,1.0,10,,scalar_acl_exact
pg-diskann,100000,1,w4_acl,599,2.489541,1.0,10,,scalar_acl_exact
pg-diskann,100000,1,w4_acl,582,2.5025,1.0,10,,scalar_acl_exact
pg-diskann,100000,1,w4_acl,456,2.078667,1.0,10,,scalar_acl_exact
pg-diskann,100000,1,w4_acl,483,2.321875,1.0,10,,scalar_acl_exact
pg-diskann,100000,1,w4_acl,874,2.394958,1.0,10,,scalar_acl_exact
pg-diskann,100000,1,w4_acl,908,2.479542,1.0,10,,scalar_acl_exact
pg-diskann,100000,1,w4_acl,166,2.975792,1.0,10,,scalar_acl_exact
pg-diskann,100000,1,w4_acl,954,2.216459,1.0,10,,scalar_acl_exact
pg-diskann,100000,1,w4_acl,738,2.139583,1.0,10,,scalar_acl_exact
pg-diskann,100000,1,w4_acl,220,2.106875,1.0,10,,scalar_acl_exact
pg-diskann,100000,1,w4_acl,363,2.433792,1.0,10,,scalar_acl_exact
pg-diskann,100000,1,w4_acl,423,2.614792,1.0,10,,scalar_acl_exact
pg-diskann,100000,1,w4_acl,719,2.28625,1.0,10,,scalar_acl_exact
pg-diskann,100000,1,w4_acl,297,2.946209,1.0,10,,scalar_acl_exact
pg-diskann,100000,1,w4_acl,583,2.292625,1.0,10,,scalar_acl_exact
pg-diskann,100000,1,w4_acl,153,2.698292,1.0,10,,scalar_acl_exact
pg-diskann,100000,1,w4_acl,322,9.314959,1.0,10,,scalar_acl_exact
pg-diskann,100000,1,w4_acl,250,2.394958,1.0,10,,scalar_acl_exact
pg-diskann,100000,1,w4_acl,891,2.511458,1.0,10,,scalar_acl_exact
pg-diskann,100000,1,w4_acl,740,6.225417,1.0,10,,scalar_acl_exact
pg-diskann,100000,1,w4_acl,657,3.3165,1.0,10,,scalar_acl_exact
pg-diskann,100000,1,w4_acl,112,2.49475,1.0,10,,scalar_acl_exact
pg-diskann,100000,1,w4_acl,623,2.395625,1.0,10,,scalar_acl_exact
pg-diskann,100000,1,w4_acl,280,2.836542,1.0,10,,scalar_acl_exact
pg-diskann,100000,1,w4_acl,875,2.714333,1.0,10,,scalar_acl_exact
pg-diskann,100000,1,w4_acl,490,3.046208,1.0,10,,scalar_acl_exact
pg-diskann,100000,1,w4_acl,789,6.138917,1.0,10,,scalar_acl_exact
pg-diskann,100000,1,w4_acl,866,2.692959,1.0,10,,scalar_acl_exact
pg-diskann,100000,1,w4_acl,568,3.109666,1.0,10,,scalar_acl_exact
pg-diskann,100000,1,w4_acl,221,5.404833,1.0,10,,scalar_acl_exact
pg-diskann,100000,1,w4_acl,214,9.045334,1.0,10,,scalar_acl_exact
pg-diskann,100000,1,w4_acl,512,2.743125,1.0,10,,scalar_acl_exact
pg-diskann,100000,1,w4_acl,819,2.355708,1.0,10,,scalar_acl_exact
pg-diskann,100000,1,w4_acl,370,2.97225,1.0,10,,scalar_acl_exact
pg-diskann,100000,1,w4_acl,359,2.853208,1.0,10,,scalar_acl_exact
pg-diskann,100000,1,w4_acl,205,7.085541,1.0,10,,scalar_acl_exact
pg-diskann,100000,1,w4_acl,482,2.977625,1.0,10,,scalar_acl_exact
pg-diskann,100000,1,w4_acl,361,2.393625,1.0,10,,scalar_acl_exact
pg-diskann,100000,1,w4_acl,525,2.90875,1.0,10,,scalar_acl_exact
pg-diskann,100000,1,w4_acl,176,14.308375,1.0,10,,scalar_acl_exact
pg-diskann,100000,1,w4_acl,401,2.799208,1.0,10,,scalar_acl_exact
pg-diskann,100000,1,w4_acl,461,2.376917,1.0,10,,scalar_acl_exact
pg-diskann,100000,1,w4_acl,129,2.393333,1.0,10,,scalar_acl_exact
pg-diskann,100000,1,w4_acl,659,2.266,1.0,10,,scalar_acl_exact
pg-diskann,100000,1,w4_acl,854,2.706708,1.0,10,,scalar_acl_exact
pg-diskann,100000,1,w4_acl,524,2.285042,1.0,10,,scalar_acl_exact
pg-diskann,100000,1,w4_acl,501,2.13225,1.0,10,,scalar_acl_exact
pg-diskann,100000,1,w4_acl,146,2.2605,1.0,10,,scalar_acl_exact
pg-diskann,100000,1,w4_acl,682,2.374125,1.0,10,,scalar_acl_exact
pg-diskann,100000,1,w4_acl,537,2.337292,1.0,10,,scalar_acl_exact
pg-diskann,100000,1,w4_acl,514,2.178292,1.0,10,,scalar_acl_exact
pg-diskann,100000,1,w4_acl,381,2.222083,1.0,10,,scalar_acl_exact
pg-diskann,100000,1,w4_acl,376,2.106833,1.0,10,,scalar_acl_exact
pg-diskann,100000,1,w4_acl,772,1.992625,1.0,10,,scalar_acl_exact
pg-diskann,100000,1,w4_acl,953,8.619125,1.0,10,,scalar_acl_exact
pg-diskann,100000,1,w4_acl,203,2.552875,1.0,10,,scalar_acl_exact
pg-diskann,100000,1,w4_acl,630,6.345125,1.0,10,,scalar_acl_exact
pg-diskann,100000,1,w4_acl,243,2.657333,1.0,10,,scalar_acl_exact
pg-diskann,100000,1,w4_acl,923,5.131,1.0,10,,scalar_acl_exact
pg-diskann,100000,1,w4_acl,111,2.576459,1.0,10,,scalar_acl_exact
pg-diskann,100000,1,w4_acl,617,5.935,1.0,10,,scalar_acl_exact
pg-diskann,100000,1,w4_acl,201,6.356666,1.0,10,,scalar_acl_exact
pg-diskann,100000,1,w4_acl,427,2.444834,1.0,10,,scalar_acl_exact
pg-diskann,100000,1,w4_acl,751,2.411166,1.0,10,,scalar_acl_exact
pg-diskann,100000,1,w4_acl,399,2.878458,1.0,10,,scalar_acl_exact
pg-diskann,100000,1,w4_acl,152,2.237833,1.0,10,,scalar_acl_exact
pg-diskann,100000,1,w4_acl,708,2.34325,1.0,10,,scalar_acl_exact
pg-diskann,100000,1,w4_acl,131,2.433209,1.0,10,,scalar_acl_exact
pg-diskann,100000,1,w4_acl,778,2.272666,1.0,10,,scalar_acl_exact
pg-diskann,100000,1,w4_acl,718,2.309042,1.0,10,,scalar_acl_exact
pg-diskann,100000,1,w4_acl,448,2.433666,1.0,10,,scalar_acl_exact
pg-diskann,100000,1,w4_acl,868,4.4465,1.0,10,,scalar_acl_exact
pg-diskann,100000,1,w4_acl,813,4.264083,1.0,10,,scalar_acl_exact
pg-diskann,100000,1,w4_acl,603,4.14475,1.0,10,,scalar_acl_exact
pg-diskann,100000,1,w4_acl,638,2.695833,1.0,10,,scalar_acl_exact
pg-diskann,100000,1,w4_acl,470,7.893833,1.0,10,,scalar_acl_exact
pg-diskann,100000,1,w4_acl,774,2.602792,1.0,10,,scalar_acl_exact
pg-diskann,100000,1,w4_acl,120,3.208166,1.0,10,,scalar_acl_exact
pg-diskann,100000,1,w4_acl,380,2.299542,1.0,10,,scalar_acl_exact
pg-diskann,100000,1,w4_acl,760,2.070292,1.0,10,,scalar_acl_exact
pg-diskann,100000,1,w4_acl,836,2.836584,1.0,10,,scalar_acl_exact
pg-diskann,100000,1,w4_acl,963,2.280042,1.0,10,,scalar_acl_exact
pg-diskann,100000,1,w4_acl,745,2.259917,1.0,10,,scalar_acl_exact
pg-diskann,100000,1,w4_acl,686,2.778417,1.0,10,,scalar_acl_exact
pg-diskann,100000,1,w4_acl,551,2.447,1.0,10,,scalar_acl_exact
pg-diskann,100000,1,w4_acl,223,2.391959,1.0,10,,scalar_acl_exact
pg-diskann,100000,1,w4_acl,658,2.383292,1.0,10,,scalar_acl_exact
pg-diskann,100000,1,w4_acl,157,2.7995,1.0,10,,scalar_acl_exact
pg-diskann,100000,1,w4_acl,227,2.546791,1.0,10,,scalar_acl_exact
pg-diskann,100000,1,w4_acl,693,3.343916,1.0,10,,scalar_acl_exact
pg-diskann,100000,1,w4_acl,964,2.537209,1.0,10,,scalar_acl_exact
pg-diskann,100000,1,w4_acl,523,2.131,1.0,10,,scalar_acl_exact
pg-diskann,100000,1,w4_acl,492,3.554208,1.0,10,,scalar_acl_exact
pg-diskann,100000,1,w4_acl,756,2.692792,1.0,10,,scalar_acl_exact
pg-diskann,100000,1,w4_acl,488,2.750125,1.0,10,,scalar_acl_exact
pg-diskann,100000,1,w4_acl,375,3.259334,1.0,10,,scalar_acl_exact
pg-diskann,100000,1,w4_acl,967,2.387833,1.0,10,,scalar_acl_exact
pg-diskann,100000,1,w4_acl,296,2.197291,1.0,10,,scalar_acl_exact
pg-diskann,100000,1,w4_acl,441,5.479417,1.0,10,,scalar_acl_exact
pg-diskann,100000,1,w4_acl,703,2.787375,1.0,10,,scalar_acl_exact
pg-diskann,100000,1,w4_acl,946,2.846,1.0,10,,scalar_acl_exact
pg-diskann,100000,1,w4_acl,298,2.437958,1.0,10,,scalar_acl_exact
pg-diskann,100000,1,w4_acl,750,2.5255,1.0,10,,scalar_acl_exact
pg-diskann,100000,1,w4_acl,817,5.263375,1.0,10,,scalar_acl_exact
pg-diskann,100000,1,w4_acl,606,2.851917,1.0,10,,scalar_acl_exact
pg-diskann,100000,1,w4_acl,340,5.320666,1.0,10,,scalar_acl_exact
pg-diskann,100000,1,w4_acl,991,2.62875,1.0,10,,scalar_acl_exact
pg-diskann,100000,1,w4_acl,216,2.385875,1.0,10,,scalar_acl_exact
pg-diskann,100000,1,w4_acl,484,3.134125,1.0,10,,scalar_acl_exact
pg-diskann,100000,1,w4_acl,802,2.47775,1.0,10,,scalar_acl_exact
pg-diskann,100000,1,w4_acl,881,2.373333,1.0,10,,scalar_acl_exact
pg-diskann,100000,1,w4_acl,608,2.665959,1.0,10,,scalar_acl_exact
pg-diskann,100000,1,w4_acl,104,2.345542,1.0,10,,scalar_acl_exact
pg-diskann,100000,1,w4_acl,844,2.176959,1.0,10,,scalar_acl_exact
pg-diskann,100000,1,w4_acl,966,5.6095,1.0,10,,scalar_acl_exact
pg-diskann,100000,1,w4_acl,230,2.836709,1.0,10,,scalar_acl_exact
pg-diskann,100000,1,w4_acl,926,2.410916,1.0,10,,scalar_acl_exact
pg-diskann,100000,1,w4_acl,675,2.338708,1.0,10,,scalar_acl_exact
pg-diskann,100000,1,w4_acl,794,2.298334,1.0,10,,scalar_acl_exact
pg-diskann,100000,1,w4_acl,644,6.576167,1.0,10,,scalar_acl_exact
pg-diskann,100000,1,w4_acl,812,2.396833,1.0,10,,scalar_acl_exact
pg-diskann,100000,1,w4_acl,271,3.617834,1.0,10,,scalar_acl_exact
pg-diskann,100000,1,w4_acl,442,2.599458,1.0,10,,scalar_acl_exact
pg-diskann,100000,1,w4_acl,936,2.339083,1.0,10,,scalar_acl_exact
pg-diskann,100000,1,w4_acl,545,3.458583,1.0,10,,scalar_acl_exact
pg-diskann,100000,1,w4_acl,425,2.577375,1.0,10,,scalar_acl_exact
pg-diskann,100000,1,w4_acl,716,2.345917,1.0,10,,scalar_acl_exact
pg-diskann,100000,1,w4_acl,462,3.188292,1.0,10,,scalar_acl_exact
pg-diskann,100000,1,w4_acl,969,2.516208,1.0,10,,scalar_acl_exact
pg-diskann,100000,1,w4_acl,549,2.602791,1.0,10,,scalar_acl_exact
pg-diskann,100000,1,w4_acl,304,3.600375,1.0,10,,scalar_acl_exact
pg-diskann,100000,1,w4_acl,445,2.708375,1.0,10,,scalar_acl_exact
pg-diskann,100000,1,w4_acl,338,2.540042,1.0,10,,scalar_acl_exact
pg-diskann,100000,1,w4_acl,749,2.572,1.0,10,,scalar_acl_exact
pg-diskann,100000,1,w4_acl,769,2.411125,1.0,10,,scalar_acl_exact
pg-diskann,100000,1,w4_acl,115,2.137083,1.0,10,,scalar_acl_exact
pg-diskann,100000,1,w4_acl,981,3.64225,1.0,10,,scalar_acl_exact
pg-diskann,100000,1,w4_acl,150,2.706625,1.0,10,,scalar_acl_exact
pg-diskann,100000,1,w4_acl,593,2.680875,1.0,10,,scalar_acl_exact
pg-diskann,100000,1,w4_acl,699,6.882583,1.0,10,,scalar_acl_exact
pg-diskann,100000,1,w4_acl,972,2.751917,1.0,10,,scalar_acl_exact
pg-diskann,100000,1,w4_acl,499,2.823875,1.0,10,,scalar_acl_exact
pg-diskann,100000,1,w4_acl,715,2.554667,1.0,10,,scalar_acl_exact
pg-diskann,100000,1,w4_acl,709,2.579042,1.0,10,,scalar_acl_exact
pg-diskann,100000,1,w4_acl,478,2.482666,1.0,10,,scalar_acl_exact
pg-diskann,100000,1,w4_acl,424,2.17975,1.0,10,,scalar_acl_exact
pg-diskann,100000,1,w4_acl,255,2.200333,1.0,10,,scalar_acl_exact
pg-diskann,100000,1,w4_acl,892,2.604833,1.0,10,,scalar_acl_exact
pg-diskann,100000,1,w4_acl,649,2.552542,1.0,10,,scalar_acl_exact
pg-diskann,100000,1,w4_acl,696,2.0745,1.0,10,,scalar_acl_exact
pg-diskann,100000,1,w4_acl,167,2.126458,1.0,10,,scalar_acl_exact
pg-diskann,100000,1,w4_acl,475,2.551292,1.0,10,,scalar_acl_exact
pg-diskann,100000,1,w4_acl,677,2.821333,1.0,10,,scalar_acl_exact
pg-diskann,100000,1,w4_acl,215,2.546792,1.0,10,,scalar_acl_exact
pg-diskann,100000,1,w4_acl,521,2.550041,1.0,10,,scalar_acl_exact
pg-diskann,100000,1,w4_acl,639,2.363833,1.0,10,,scalar_acl_exact
pg-diskann,100000,1,w4_acl,290,2.789667,1.0,10,,scalar_acl_exact
pg-diskann,100000,1,w4_acl,413,3.13125,1.0,10,,scalar_acl_exact
pg-diskann,100000,1,w4_acl,384,2.536,1.0,10,,scalar_acl_exact
pg-diskann,100000,1,w4_acl,602,2.327542,1.0,10,,scalar_acl_exact
pg-diskann,100000,1,w4_acl,396,3.333166,1.0,10,,scalar_acl_exact
pg-diskann,100000,1,w4_acl,332,2.965916,1.0,10,,scalar_acl_exact
pg-diskann,100000,1,w4_acl,261,2.386583,1.0,10,,scalar_acl_exact
pg-diskann,100000,1,w4_acl,815,2.727834,1.0,10,,scalar_acl_exact
pg-diskann,100000,1,w4_acl,878,2.419833,1.0,10,,scalar_acl_exact
pg-diskann,100000,1,w4_acl,986,2.691333,1.0,10,,scalar_acl_exact
pg-diskann,100000,1,w4_acl,395,5.449708,1.0,10,,scalar_acl_exact
pg-diskann,100000,1,w4_acl,282,2.994209,1.0,10,,scalar_acl_exact
pg-diskann,100000,1,w4_acl,899,2.689333,1.0,10,,scalar_acl_exact
pg-diskann,100000,1,w4_acl,578,2.327042,1.0,10,,scalar_acl_exact
pg-diskann,100000,1,w4_acl,739,1.724375,1.0,10,,scalar_acl_exact
pg-diskann,100000,1,w4_acl,627,2.509167,1.0,10,,scalar_acl_exact
pg-diskann,100000,1,w4_acl,861,2.254417,1.0,10,,scalar_acl_exact
pg-diskann,100000,1,w4_acl,906,2.580916,1.0,10,,scalar_acl_exact
pg-diskann,100000,1,w4_acl,620,2.276916,1.0,10,,scalar_acl_exact
pg-diskann,100000,1,w4_acl,334,4.938,1.0,10,,scalar_acl_exact
pg-diskann,100000,1,w4_acl,768,3.068875,1.0,10,,scalar_acl_exact
pg-diskann,100000,1,w4_acl,694,7.9565,1.0,10,,scalar_acl_exact
pg-diskann,100000,1,w4_acl,837,4.688042,1.0,10,,scalar_acl_exact
pg-diskann,100000,1,w4_acl,809,2.684042,1.0,10,,scalar_acl_exact
pg-diskann,100000,1,w4_acl,920,2.430208,1.0,10,,scalar_acl_exact
pg-diskann,100000,1,w4_acl,311,2.48425,1.0,10,,scalar_acl_exact
pg-diskann,100000,1,w4_acl,238,2.291083,1.0,10,,scalar_acl_exact
pg-diskann,100000,1,w4_acl,389,2.518167,1.0,10,,scalar_acl_exact
pg-diskann,100000,1,w4_acl,307,2.963,1.0,10,,scalar_acl_exact
pg-diskann,100000,1,w4_acl,752,2.339875,1.0,10,,scalar_acl_exact
pg-diskann,100000,1,w4_acl,992,1.296917,1.0,10,,scalar_acl_exact
pg-diskann,100000,1,w4_acl,956,2.300833,1.0,10,,scalar_acl_exact
pg-diskann,100000,1,w4_acl,735,2.510208,1.0,10,,scalar_acl_exact
pg-diskann,100000,1,w4_acl,905,2.388708,1.0,10,,scalar_acl_exact
pg-diskann,100000,1,w4_acl,285,2.36375,1.0,10,,scalar_acl_exact
pg-diskann,100000,1,w4_acl,267,2.338167,1.0,10,,scalar_acl_exact
pg-diskann,100000,1,w4_acl,364,2.226584,1.0,10,,scalar_acl_exact
pg-diskann,100000,1,w4_acl,191,2.095125,1.0,10,,scalar_acl_exact
pg-diskann,100000,1,w4_acl,466,2.052375,1.0,10,,scalar_acl_exact
pg-diskann,100000,1,w4_acl,438,2.175167,1.0,10,,scalar_acl_exact
pg-diskann,100000,1,w4_acl,655,2.077959,1.0,10,,scalar_acl_exact
pg-diskann,100000,1,w4_acl,930,2.252167,1.0,10,,scalar_acl_exact
pg-diskann,100000,1,w4_acl,477,2.215541,1.0,10,,scalar_acl_exact
pg-diskann,100000,1,w4_acl,855,2.244916,1.0,10,,scalar_acl_exact
pg-diskann,100000,1,w4_acl,491,2.136584,1.0,10,,scalar_acl_exact
pg-diskann,100000,1,w4_acl,993,2.336458,1.0,10,,scalar_acl_exact
pg-diskann,100000,1,w4_acl,398,2.271709,1.0,10,,scalar_acl_exact
pg-diskann,100000,1,w4_acl,858,2.232542,1.0,10,,scalar_acl_exact
pg-diskann,100000,1,w4_acl,117,2.465875,1.0,10,,scalar_acl_exact
pg-diskann,100000,1,w4_acl,270,2.254041,1.0,10,,scalar_acl_exact
pg-diskann,100000,1,w4_acl,755,2.352125,1.0,10,,scalar_acl_exact
pg-diskann,100000,1,w4_acl,863,2.211209,1.0,10,,scalar_acl_exact
pg-diskann,100000,1,w4_acl,665,2.078333,1.0,10,,scalar_acl_exact
pg-diskann,100000,1,w4_acl,415,2.125708,1.0,10,,scalar_acl_exact
pg-diskann,100000,1,w4_acl,722,2.144167,1.0,10,,scalar_acl_exact
pg-diskann,100000,1,w4_acl,843,2.239584,1.0,10,,scalar_acl_exact
pg-diskann,100000,1,w4_acl,500,2.227375,1.0,10,,scalar_acl_exact
pg-diskann,100000,1,w4_acl,344,2.084375,1.0,10,,scalar_acl_exact
pg-diskann,100000,1,w4_acl,546,2.223834,1.0,10,,scalar_acl_exact
pg-diskann,100000,1,w4_acl,369,2.339542,1.0,10,,scalar_acl_exact
pg-diskann,100000,1,w4_acl,109,2.469167,1.0,10,,scalar_acl_exact
pg-diskann,100000,1,w4_acl,671,5.336708,1.0,10,,scalar_acl_exact
pg-diskann,100000,1,w4_acl,185,2.797625,1.0,10,,scalar_acl_exact
pg-diskann,100000,1,w4_acl,235,2.853208,1.0,10,,scalar_acl_exact
pg-diskann,100000,1,w4_acl,712,2.581,1.0,10,,scalar_acl_exact
pg-diskann,100000,1,w4_acl,996,2.487958,1.0,10,,scalar_acl_exact
pg-diskann,100000,1,w4_acl,274,3.993917,1.0,10,,scalar_acl_exact
pg-diskann,100000,1,w4_acl,113,2.926875,1.0,10,,scalar_acl_exact
pg-diskann,100000,1,w4_acl,934,2.413458,1.0,10,,scalar_acl_exact
pg-diskann,100000,1,w4_acl,459,2.260625,1.0,10,,scalar_acl_exact
pg-diskann,100000,1,w4_acl,727,2.216875,1.0,10,,scalar_acl_exact
pg-diskann,100000,1,w4_acl,233,2.649875,1.0,10,,scalar_acl_exact
pg-diskann,100000,1,w4_acl,287,2.128208,1.0,10,,scalar_acl_exact
pg-diskann,100000,1,w4_acl,831,2.142042,1.0,10,,scalar_acl_exact
pg-diskann,100000,1,w4_acl,211,2.588958,1.0,10,,scalar_acl_exact
pg-diskann,100000,1,w4_acl,292,2.09575,1.0,10,,scalar_acl_exact
pg-diskann,100000,1,w4_acl,687,1.919416,1.0,10,,scalar_acl_exact
pg-diskann,100000,1,w4_acl,821,2.210542,1.0,10,,scalar_acl_exact
pg-diskann,100000,1,w4_acl,306,2.152,1.0,10,,scalar_acl_exact
pg-diskann,100000,1,w4_acl,106,2.090208,1.0,10,,scalar_acl_exact
pg-diskann,100000,1,w4_acl,949,2.191959,1.0,10,,scalar_acl_exact
pg-diskann,100000,1,w4_acl,528,2.247416,1.0,10,,scalar_acl_exact
pg-diskann,100000,1,w4_acl,910,2.306625,1.0,10,,scalar_acl_exact
pg-diskann,100000,1,w4_acl,566,2.791708,1.0,10,,scalar_acl_exact
pg-diskann,100000,1,w4_acl,122,2.361,1.0,10,,scalar_acl_exact
pg-diskann,100000,1,w4_acl,943,2.4475,1.0,10,,scalar_acl_exact
pg-diskann,100000,1,w4_acl,857,6.330458,1.0,10,,scalar_acl_exact
pg-diskann,100000,1,w4_acl,159,2.485042,1.0,10,,scalar_acl_exact
pg-diskann,100000,1,w4_acl,790,2.518083,1.0,10,,scalar_acl_exact
pg-diskann,100000,1,w4_acl,798,2.224333,1.0,10,,scalar_acl_exact
pg-diskann,100000,1,w4_acl,918,2.091042,1.0,10,,scalar_acl_exact
pg-diskann,100000,1,w4_acl,123,2.07625,1.0,10,,scalar_acl_exact
pg-diskann,100000,1,w4_acl,613,2.580333,1.0,10,,scalar_acl_exact
pg-diskann,100000,1,w4_acl,124,2.1105,1.0,10,,scalar_acl_exact
pg-diskann,100000,1,w4_acl,404,2.055583,1.0,10,,scalar_acl_exact
pg-diskann,100000,1,w4_acl,741,1.988958,1.0,10,,scalar_acl_exact
pg-diskann,100000,1,w4_acl,947,2.282583,1.0,10,,scalar_acl_exact
pg-diskann,100000,1,w4_acl,453,1.910625,1.0,10,,scalar_acl_exact
pg-diskann,100000,1,w4_acl,622,2.20125,1.0,10,,scalar_acl_exact
pg-diskann,100000,1,w4_acl,392,2.554208,1.0,10,,scalar_acl_exact
pg-diskann,100000,1,w4_acl,346,5.166625,1.0,10,,scalar_acl_exact
pg-diskann,100000,1,w4_acl,576,2.393875,1.0,10,,scalar_acl_exact
pg-diskann,100000,1,w4_acl,550,2.99275,1.0,10,,scalar_acl_exact
pg-diskann,100000,1,w4_acl,517,2.497375,1.0,10,,scalar_acl_exact
pg-diskann,100000,1,w4_acl,210,2.1615,1.0,10,,scalar_acl_exact
pg-diskann,100000,1,w4_acl,358,3.020167,1.0,10,,scalar_acl_exact
pg-diskann,100000,1,w4_acl,130,1.6135,1.0,10,,scalar_acl_exact
pg-diskann,100000,1,w4_acl,585,2.116291,1.0,10,,scalar_acl_exact
pg-diskann,100000,1,w4_acl,137,2.191791,1.0,10,,scalar_acl_exact
pg-diskann,100000,1,w4_acl,663,3.317041,1.0,10,,scalar_acl_exact
pg-diskann,100000,1,w4_acl,319,2.244042,1.0,10,,scalar_acl_exact
pg-diskann,100000,1,w4_acl,871,2.5885,1.0,10,,scalar_acl_exact
pg-diskann,100000,1,w4_acl,922,4.84225,1.0,10,,scalar_acl_exact
pg-diskann,100000,1,w4_acl,978,2.126084,1.0,10,,scalar_acl_exact
pg-diskann,100000,1,w4_acl,640,3.124625,1.0,10,,scalar_acl_exact
pg-diskann,100000,1,w4_acl,684,2.398417,1.0,10,,scalar_acl_exact
pg-diskann,100000,1,w4_acl,913,2.526167,1.0,10,,scalar_acl_exact
pg-diskann,100000,1,w4_acl,366,2.173833,1.0,10,,scalar_acl_exact
pg-diskann,100000,1,w4_acl,902,2.911792,1.0,10,,scalar_acl_exact
pg-diskann,100000,1,w4_acl,625,2.560167,1.0,10,,scalar_acl_exact
pg-diskann,100000,1,w4_acl,605,2.3765,1.0,10,,scalar_acl_exact
pg-diskann,100000,1,w4_acl,149,3.606875,1.0,10,,scalar_acl_exact
pg-diskann,100000,1,w4_acl,796,2.421959,1.0,10,,scalar_acl_exact
pg-diskann,100000,1,w4_acl,379,2.21975,1.0,10,,scalar_acl_exact
pg-diskann,100000,1,w4_acl,883,3.802333,1.0,10,,scalar_acl_exact
pg-diskann,100000,1,w4_acl,646,2.420709,1.0,10,,scalar_acl_exact
pg-diskann,100000,1,w4_acl,723,1.655208,1.0,10,,scalar_acl_exact
pg-diskann,100000,1,w4_acl,206,3.601042,1.0,10,,scalar_acl_exact
pg-diskann,100000,1,w4_acl,807,2.343375,1.0,10,,scalar_acl_exact
pg-diskann,100000,1,w4_acl,820,2.334416,1.0,10,,scalar_acl_exact
pg-diskann,100000,1,w4_acl,853,3.132792,1.0,10,,scalar_acl_exact
pg-diskann,100000,1,w4_acl,842,2.611542,1.0,10,,scalar_acl_exact
pg-diskann,100000,1,w4_acl,148,2.260375,1.0,10,,scalar_acl_exact
pg-diskann,100000,1,w4_acl,584,3.151416,1.0,10,,scalar_acl_exact
pg-diskann,100000,1,w4_acl,437,3.242209,1.0,10,,scalar_acl_exact
pg-diskann,100000,1,w4_acl,315,2.224417,1.0,10,,scalar_acl_exact
pg-diskann,100000,1,w4_acl,162,2.84725,1.0,10,,scalar_acl_exact
pg-diskann,100000,1,w4_acl,387,2.85975,1.0,10,,scalar_acl_exact
pg-diskann,100000,1,w4_acl,531,2.819125,1.0,10,,scalar_acl_exact
pg-diskann,100000,1,w4_acl,886,2.863083,1.0,10,,scalar_acl_exact
pg-diskann,100000,1,w4_acl,218,2.515083,1.0,10,,scalar_acl_exact
pg-diskann,100000,1,w4_acl,997,2.316042,1.0,10,,scalar_acl_exact
pg-diskann,100000,1,w4_acl,426,3.294791,1.0,10,,scalar_acl_exact
pg-diskann,100000,1,w4_acl,701,2.400166,1.0,10,,scalar_acl_exact
pg-diskann,100000,1,w4_acl,702,2.279875,1.0,10,,scalar_acl_exact
pg-diskann,100000,1,w4_acl,629,3.169167,1.0,10,,scalar_acl_exact
pg-diskann,100000,1,w4_acl,571,2.350584,1.0,10,,scalar_acl_exact
pg-diskann,100000,1,w4_acl,535,2.637666,1.0,10,,scalar_acl_exact
pg-diskann,100000,1,w4_acl,586,2.346917,1.0,10,,scalar_acl_exact
pg-diskann,100000,1,w4_acl,277,2.658125,1.0,10,,scalar_acl_exact
pg-diskann,100000,1,w4_acl,729,2.323292,1.0,10,,scalar_acl_exact
pg-diskann,100000,1,w4_acl,508,4.461958,1.0,10,,scalar_acl_exact
pg-diskann,100000,1,w4_acl,513,2.571875,1.0,10,,scalar_acl_exact
pg-diskann,100000,1,w4_acl,331,2.523125,1.0,10,,scalar_acl_exact
pg-diskann,100000,1,w4_acl,547,3.656166,1.0,10,,scalar_acl_exact
pg-diskann,100000,1,w4_acl,653,2.857125,1.0,10,,scalar_acl_exact
pg-diskann,100000,1,w4_acl,914,2.532584,1.0,10,,scalar_acl_exact
pg-diskann,100000,1,w4_acl,314,2.575792,1.0,10,,scalar_acl_exact
pg-diskann,100000,1,w4_acl,811,2.470792,1.0,10,,scalar_acl_exact
pg-diskann,100000,1,w4_acl,984,2.213125,1.0,10,,scalar_acl_exact
pg-diskann,100000,1,w4_acl,406,5.606292,1.0,10,,scalar_acl_exact
pg-diskann,100000,1,w4_acl,312,2.663333,1.0,10,,scalar_acl_exact
pg-diskann,100000,1,w4_acl,316,2.383792,1.0,10,,scalar_acl_exact
pg-diskann,100000,1,w4_acl,840,2.490125,1.0,10,,scalar_acl_exact
pg-diskann,100000,1,w4_acl,832,2.227334,1.0,10,,scalar_acl_exact
pg-diskann,100000,1,w4_acl,829,2.259,1.0,10,,scalar_acl_exact
pg-diskann,100000,1,w4_acl,955,2.958083,1.0,10,,scalar_acl_exact
pg-diskann,100000,1,w4_acl,933,2.508875,1.0,10,,scalar_acl_exact
pg-diskann,100000,1,w4_acl,264,3.679625,1.0,10,,scalar_acl_exact
pg-diskann,100000,1,w4_acl,999,2.453958,1.0,10,,scalar_acl_exact
pg-diskann,100000,1,w4_acl,293,2.025125,1.0,10,,scalar_acl_exact
pg-diskann,100000,1,w4_acl,683,2.259875,1.0,10,,scalar_acl_exact
pg-diskann,100000,1,w4_acl,333,3.817708,1.0,10,,scalar_acl_exact
pg-diskann,100000,1,w4_acl,326,2.431833,1.0,10,,scalar_acl_exact
pg-diskann,100000,1,w4_acl,418,4.437625,1.0,10,,scalar_acl_exact
pg-diskann,100000,1,w4_acl,904,2.469167,1.0,10,,scalar_acl_exact
pg-diskann,100000,1,w4_acl,827,2.55175,1.0,10,,scalar_acl_exact
pg-diskann,100000,1,w4_acl,320,2.472958,1.0,10,,scalar_acl_exact
pg-diskann,100000,1,w4_acl,187,2.150792,1.0,10,,scalar_acl_exact
pg-diskann,100000,1,w4_acl,736,2.218791,1.0,10,,scalar_acl_exact
pg-diskann,100000,1,w4_acl,824,2.157625,1.0,10,,scalar_acl_exact
pg-diskann,100000,1,w4_acl,895,3.80725,1.0,10,,scalar_acl_exact
pg-diskann,100000,1,w4_acl,175,1.960459,1.0,10,,scalar_acl_exact
pg-diskann,100000,1,w4_acl,873,6.876958,1.0,10,,scalar_acl_exact
pg-diskann,100000,1,w4_acl,391,3.125958,1.0,10,,scalar_acl_exact
pg-diskann,100000,1,w4_acl,799,2.295875,1.0,10,,scalar_acl_exact
pg-diskann,100000,1,w4_acl,259,2.323208,1.0,10,,scalar_acl_exact
pg-diskann,100000,1,w4_acl,288,2.552375,1.0,10,,scalar_acl_exact
pg-diskann,100000,1,w4_acl,792,3.144959,1.0,10,,scalar_acl_exact
pg-diskann,100000,1,w4_acl,720,2.171125,1.0,10,,scalar_acl_exact
pg-diskann,100000,1,w4_acl,213,2.45675,1.0,10,,scalar_acl_exact
pg-diskann,100000,1,w4_acl,728,3.078167,1.0,10,,scalar_acl_exact
pg-diskann,100000,1,w4_acl,147,2.360292,1.0,10,,scalar_acl_exact
pg-diskann,100000,1,w4_acl,286,2.250667,1.0,10,,scalar_acl_exact
pg-diskann,100000,1,w4_acl,880,1.900125,1.0,10,,scalar_acl_exact
pg-diskann,100000,1,w4_acl,975,2.445833,1.0,10,,scalar_acl_exact
pg-diskann,100000,1,w4_acl,390,2.452125,1.0,10,,scalar_acl_exact
pg-diskann,100000,1,w4_acl,226,2.222,1.0,10,,scalar_acl_exact
pg-diskann,100000,1,w4_acl,631,3.122916,1.0,10,,scalar_acl_exact
pg-diskann,100000,1,w4_acl,472,2.526292,1.0,10,,scalar_acl_exact
pg-diskann,100000,1,w4_acl,385,2.571875,1.0,10,,scalar_acl_exact
pg-diskann,100000,1,w4_acl,414,4.581166,1.0,10,,scalar_acl_exact
pg-diskann,100000,1,w4_acl,882,2.476875,1.0,10,,scalar_acl_exact
pg-diskann,100000,1,w4_acl,240,2.2335,1.0,10,,scalar_acl_exact
pg-diskann,100000,1,w4_acl,183,2.796875,1.0,10,,scalar_acl_exact
pg-diskann,100000,1,w4_acl,965,2.657833,1.0,10,,scalar_acl_exact
pg-diskann,100000,1,w4_acl,615,2.166125,1.0,10,,scalar_acl_exact
pg-diskann,100000,1,w4_acl,666,5.4375,1.0,10,,scalar_acl_exact
pg-diskann,100000,1,w4_acl,944,2.678875,1.0,10,,scalar_acl_exact
pg-diskann,100000,1,w4_acl,455,2.636583,1.0,10,,scalar_acl_exact
pg-diskann,100000,1,w4_acl,548,2.542667,1.0,10,,scalar_acl_exact
pg-diskann,100000,1,w4_acl,697,2.325209,1.0,10,,scalar_acl_exact
pg-diskann,100000,1,w4_acl,251,2.178125,1.0,10,,scalar_acl_exact
pg-diskann,100000,1,w4_acl,498,3.368083,1.0,10,,scalar_acl_exact
pg-diskann,100000,1,w4_acl,668,2.405167,1.0,10,,scalar_acl_exact
pg-diskann,100000,1,w4_acl,563,2.311958,1.0,10,,scalar_acl_exact
pg-diskann,100000,1,w4_acl,511,2.34875,1.0,10,,scalar_acl_exact
pg-diskann,100000,1,w4_acl,907,2.332791,1.0,10,,scalar_acl_exact
pg-diskann,100000,1,w4_acl,594,2.325709,1.0,10,,scalar_acl_exact
pg-diskann,100000,1,w4_acl,245,3.119167,1.0,10,,scalar_acl_exact
pg-diskann,100000,1,w4_acl,705,2.674375,1.0,10,,scalar_acl_exact
pg-diskann,100000,1,w4_acl,431,2.455792,1.0,10,,scalar_acl_exact
pg-diskann,100000,1,w4_acl,348,2.591916,1.0,10,,scalar_acl_exact
pg-diskann,100000,1,w4_acl,565,2.437833,1.0,10,,scalar_acl_exact
pg-diskann,100000,1,w4_acl,330,2.703708,1.0,10,,scalar_acl_exact
pg-diskann,100000,1,w4_acl,377,3.3145,1.0,10,,scalar_acl_exact
pg-diskann,100000,1,w4_acl,342,2.384583,1.0,10,,scalar_acl_exact
pg-diskann,100000,1,w4_acl,669,2.265416,1.0,10,,scalar_acl_exact
pg-diskann,100000,1,w4_acl,487,2.261667,1.0,10,,scalar_acl_exact
pg-diskann,100000,1,w4_acl,757,3.042125,1.0,10,,scalar_acl_exact
pg-diskann,100000,1,w4_acl,924,6.605125,1.0,10,,scalar_acl_exact
pg-diskann,100000,1,w4_acl,435,2.170041,1.0,10,,scalar_acl_exact
pg-diskann,100000,1,w4_acl,382,2.58225,1.0,10,,scalar_acl_exact
pg-diskann,100000,1,w4_acl,222,1.929667,1.0,10,,scalar_acl_exact
pg-diskann,100000,1,w4_acl,529,2.532875,1.0,10,,scalar_acl_exact
pg-diskann,100000,1,w4_acl,373,2.603583,1.0,10,,scalar_acl_exact
pg-diskann,100000,1,w4_acl,793,3.530958,1.0,10,,scalar_acl_exact
pg-diskann,100000,1,w4_acl,368,2.650709,1.0,10,,scalar_acl_exact
pg-diskann,100000,1,w4_acl,919,2.151416,1.0,10,,scalar_acl_exact
pg-diskann,100000,1,w4_acl,103,3.516416,1.0,10,,scalar_acl_exact
pg-diskann,100000,1,w4_acl,481,2.50725,1.0,10,,scalar_acl_exact
pg-diskann,100000,1,w4_acl,163,2.131542,1.0,10,,scalar_acl_exact
pg-diskann,100000,1,w4_acl,733,3.380875,1.0,10,,scalar_acl_exact
pg-diskann,100000,1,w4_acl,372,2.272917,1.0,10,,scalar_acl_exact
pg-diskann,100000,1,w4_acl,140,2.303916,1.0,10,,scalar_acl_exact
pg-diskann,100000,1,w4_acl,428,2.458209,1.0,10,,scalar_acl_exact
pg-diskann,100000,1,w4_acl,989,2.24675,1.0,10,,scalar_acl_exact
pg-diskann,100000,1,w4_acl,656,2.48225,1.0,10,,scalar_acl_exact
pg-diskann,100000,1,w4_acl,838,2.422958,1.0,10,,scalar_acl_exact
pg-diskann,100000,1,w4_acl,217,2.536875,1.0,10,,scalar_acl_exact
pg-diskann,100000,1,w4_acl,134,2.448541,1.0,10,,scalar_acl_exact
pg-diskann,100000,1,w4_acl,931,2.584834,1.0,10,,scalar_acl_exact
pg-diskann,100000,1,w4_acl,714,3.089416,1.0,10,,scalar_acl_exact
pg-diskann,100000,1,w4_acl,744,2.386334,1.0,10,,scalar_acl_exact
pg-diskann,100000,1,w4_acl,108,2.089833,1.0,10,,scalar_acl_exact
pg-diskann,100000,1,w4_acl,948,6.162083,1.0,10,,scalar_acl_exact
pg-diskann,100000,1,w4_acl,849,2.669208,1.0,10,,scalar_acl_exact
pg-diskann,100000,1,w4_acl,195,2.240917,1.0,10,,scalar_acl_exact
pg-diskann,100000,1,w4_acl,596,2.502208,1.0,10,,scalar_acl_exact
pg-diskann,100000,1,w4_acl,128,2.416708,1.0,10,,scalar_acl_exact
pg-diskann,100000,1,w4_acl,747,3.32075,1.0,10,,scalar_acl_exact
pg-diskann,100000,1,w4_acl,540,3.028208,1.0,10,,scalar_acl_exact
pg-diskann,100000,1,w4_acl,189,2.4485,1.0,10,,scalar_acl_exact
pg-diskann,100000,1,w4_acl,365,3.2145,1.0,10,,scalar_acl_exact
pg-diskann,100000,1,w4_acl,161,2.314917,1.0,10,,scalar_acl_exact
pg-diskann,100000,1,w4_acl,995,2.058375,1.0,10,,scalar_acl_exact
pg-diskann,100000,1,w4_acl,856,1.995541,1.0,10,,scalar_acl_exact
pg-diskann,100000,1,w4_acl,643,2.48175,1.0,10,,scalar_acl_exact
pg-diskann,100000,1,w4_acl,588,2.3805,1.0,10,,scalar_acl_exact
pg-diskann,100000,1,w4_acl,710,2.518208,1.0,10,,scalar_acl_exact
pg-diskann,100000,1,w4_acl,409,3.487167,1.0,10,,scalar_acl_exact
pg-diskann,100000,1,w4_acl,197,2.678416,1.0,10,,scalar_acl_exact
pg-diskann,100000,1,w4_acl,618,2.263666,1.0,10,,scalar_acl_exact
pg-diskann,100000,1,w4_acl,436,3.542042,1.0,10,,scalar_acl_exact
pg-diskann,100000,1,w4_acl,706,2.41575,1.0,10,,scalar_acl_exact
pg-diskann,100000,1,w4_acl,378,2.350333,1.0,10,,scalar_acl_exact
pg-diskann,100000,1,w4_acl,402,2.550166,1.0,10,,scalar_acl_exact
pg-diskann,100000,1,w4_acl,664,2.578791,1.0,10,,scalar_acl_exact
pg-diskann,100000,1,w4_acl,184,1.755584,1.0,10,,scalar_acl_exact
pg-diskann,100000,1,w4_acl,199,2.226125,1.0,10,,scalar_acl_exact
pg-diskann,100000,1,w4_acl,353,4.380708,1.0,10,,scalar_acl_exact
pg-diskann,100000,1,w4_acl,823,2.647,1.0,10,,scalar_acl_exact
pg-diskann,100000,1,w4_acl,592,2.527458,1.0,10,,scalar_acl_exact
pg-diskann,100000,1,w4_acl,897,2.663417,1.0,10,,scalar_acl_exact
pg-diskann,100000,1,w4_acl,236,6.54125,1.0,10,,scalar_acl_exact
pg-diskann,100000,1,w4_acl,887,2.867834,1.0,10,,scalar_acl_exact
pg-diskann,100000,1,w4_acl,281,2.431708,1.0,10,,scalar_acl_exact
pg-diskann,100000,1,w4_acl,447,2.4085,1.0,10,,scalar_acl_exact
pg-diskann,100000,1,w4_acl,816,2.537208,1.0,10,,scalar_acl_exact
pg-diskann,100000,1,w4_acl,797,2.440083,1.0,10,,scalar_acl_exact
pg-diskann,100000,1,w4_acl,510,3.68575,1.0,10,,scalar_acl_exact
pg-diskann,100000,1,w4_acl,698,2.772375,1.0,10,,scalar_acl_exact
pg-diskann,100000,1,w4_acl,852,2.531166,1.0,10,,scalar_acl_exact
pg-diskann,100000,1,w4_acl,737,2.693541,1.0,10,,scalar_acl_exact
pg-diskann,100000,1,w4_acl,202,2.352958,1.0,10,,scalar_acl_exact
pg-diskann,100000,1,w4_acl,325,2.487208,1.0,10,,scalar_acl_exact
pg-diskann,100000,1,w4_acl,430,2.658875,1.0,10,,scalar_acl_exact
pg-diskann,100000,1,w4_acl,324,3.413625,1.0,10,,scalar_acl_exact
pg-diskann,100000,1,w4_acl,927,2.214166,1.0,10,,scalar_acl_exact
pg-diskann,100000,1,w4_acl,929,3.548417,1.0,10,,scalar_acl_exact
pg-diskann,100000,1,w4_acl,839,2.106709,1.0,10,,scalar_acl_exact
pg-diskann,100000,1,w4_acl,917,2.493292,1.0,10,,scalar_acl_exact
pg-diskann,100000,1,w4_acl,610,6.77575,1.0,10,,scalar_acl_exact
pg-diskann,100000,1,w4_acl,704,2.195625,1.0,10,,scalar_acl_exact
pg-diskann,100000,1,w4_acl,440,2.582083,1.0,10,,scalar_acl_exact
pg-diskann,100000,1,w4_acl,776,2.217209,1.0,10,,scalar_acl_exact
pg-diskann,100000,1,w4_acl,258,2.198458,1.0,10,,scalar_acl_exact
pg-diskann,100000,1,w4_acl,171,3.464958,1.0,10,,scalar_acl_exact
pg-diskann,100000,1,w4_acl,231,2.615875,1.0,10,,scalar_acl_exact
pg-diskann,100000,1,w4_acl,915,2.032,1.0,10,,scalar_acl_exact
pg-diskann,100000,1,w4_acl,411,1.634041,1.0,10,,scalar_acl_exact
pg-diskann,100000,1,w4_acl,652,2.807709,1.0,10,,scalar_acl_exact
pg-diskann,100000,1,w4_acl,239,2.339958,1.0,10,,scalar_acl_exact
pg-diskann,100000,1,w4_acl,872,2.064708,1.0,10,,scalar_acl_exact
pg-diskann,100000,1,w4_acl,650,3.375584,1.0,10,,scalar_acl_exact
pg-diskann,100000,1,w4_acl,679,2.63775,1.0,10,,scalar_acl_exact
pg-diskann,100000,1,w4_acl,506,2.648792,1.0,10,,scalar_acl_exact
pg-diskann,100000,1,w4_acl,341,2.358458,1.0,10,,scalar_acl_exact
pg-diskann,100000,1,w4_acl,951,2.517417,1.0,10,,scalar_acl_exact
pg-diskann,100000,1,w4_acl,496,2.2845,1.0,10,,scalar_acl_exact
pg-diskann,100000,1,w4_acl,469,2.331167,1.0,10,,scalar_acl_exact
pg-diskann,100000,1,w4_acl,561,2.443125,1.0,10,,scalar_acl_exact
pg-diskann,100000,1,w4_acl,711,2.205292,1.0,10,,scalar_acl_exact
pg-diskann,100000,1,w4_acl,903,2.5825,1.0,10,,scalar_acl_exact
pg-diskann,100000,1,w4_acl,410,2.534,1.0,10,,scalar_acl_exact
pg-diskann,100000,1,w4_acl,901,2.511875,1.0,10,,scalar_acl_exact
pg-diskann,100000,1,w4_acl,209,2.060042,1.0,10,,scalar_acl_exact
pg-diskann,100000,1,w4_acl,158,2.682,1.0,10,,scalar_acl_exact
pg-diskann,100000,1,w4_acl,759,2.546,1.0,10,,scalar_acl_exact
pg-diskann,100000,1,w4_acl,204,2.4915,1.0,10,,scalar_acl_exact
pg-diskann,100000,1,w4_acl,577,2.424,1.0,10,,scalar_acl_exact
pg-diskann,100000,1,w4_acl,246,2.465125,1.0,10,,scalar_acl_exact
pg-diskann,100000,1,w4_acl,994,2.362334,1.0,10,,scalar_acl_exact
pg-diskann,100000,1,w4_acl,434,1.354208,1.0,10,,scalar_acl_exact
pg-diskann,100000,1,w4_acl,591,2.229833,1.0,10,,scalar_acl_exact
pg-diskann,100000,1,w4_acl,208,2.804625,1.0,10,,scalar_acl_exact
pg-diskann,100000,1,w4_acl,877,2.580167,1.0,10,,scalar_acl_exact
pg-diskann,100000,1,w4_acl,862,2.337375,1.0,10,,scalar_acl_exact
pg-diskann,100000,1,w4_acl,700,3.065625,1.0,10,,scalar_acl_exact
pg-diskann,100000,1,w4_acl,156,2.379584,1.0,10,,scalar_acl_exact
pg-diskann,100000,1,w4_acl,970,2.179542,1.0,10,,scalar_acl_exact
pg-diskann,100000,1,w4_acl,119,3.136875,1.0,10,,scalar_acl_exact
pg-diskann,100000,1,w4_acl,178,2.397292,1.0,10,,scalar_acl_exact
pg-diskann,100000,1,w4_acl,555,2.432584,1.0,10,,scalar_acl_exact
pg-diskann,100000,1,w4_acl,356,2.814625,1.0,10,,scalar_acl_exact
pg-diskann,100000,1,w4_acl,850,2.356584,1.0,10,,scalar_acl_exact
pg-diskann,100000,1,w4_acl,139,2.305125,1.0,10,,scalar_acl_exact
pg-diskann,100000,1,w4_acl,879,2.438041,1.0,10,,scalar_acl_exact
pg-diskann,100000,1,w4_acl,884,2.201458,1.0,10,,scalar_acl_exact
pg-diskann,100000,1,w4_acl,386,2.3745,1.0,10,,scalar_acl_exact
pg-diskann,100000,1,w4_acl,890,2.088542,1.0,10,,scalar_acl_exact
pg-diskann,100000,1,w4_acl,327,3.042709,1.0,10,,scalar_acl_exact
pg-diskann,100000,1,w4_acl,958,2.311167,1.0,10,,scalar_acl_exact
pg-diskann,100000,1,w4_acl,480,2.082,1.0,10,,scalar_acl_exact
pg-diskann,100000,1,w4_acl,294,2.429875,1.0,10,,scalar_acl_exact
pg-diskann,100000,1,w4_acl,795,3.886334,1.0,10,,scalar_acl_exact
pg-diskann,100000,1,w4_acl,672,2.339916,1.0,10,,scalar_acl_exact
pg-diskann,100000,1,w4_acl,276,3.107166,1.0,10,,scalar_acl_exact
pg-diskann,100000,1,w4_acl,637,2.81475,1.0,10,,scalar_acl_exact
pg-diskann,100000,1,w4_acl,865,2.455459,1.0,10,,scalar_acl_exact
pg-diskann,100000,1,w4_acl,136,2.036917,1.0,10,,scalar_acl_exact
pg-diskann,100000,1,w4_acl,467,2.351834,1.0,10,,scalar_acl_exact
pg-diskann,100000,1,w4_acl,833,2.408875,1.0,10,,scalar_acl_exact
pg-diskann,100000,1,w4_acl,553,2.471167,1.0,10,,scalar_acl_exact
pg-diskann,100000,1,w4_acl,219,2.123208,1.0,10,,scalar_acl_exact
pg-diskann,100000,1,w4_acl,383,2.51475,1.0,10,,scalar_acl_exact
pg-diskann,100000,1,w4_acl,896,2.21025,1.0,10,,scalar_acl_exact
pg-diskann,100000,1,w4_acl,405,3.473208,1.0,10,,scalar_acl_exact
pg-diskann,100000,1,w4_acl,580,2.607416,1.0,10,,scalar_acl_exact
pg-diskann,100000,1,w4_acl,530,2.447458,1.0,10,,scalar_acl_exact
pg-diskann,100000,1,w4_acl,207,2.654,1.0,10,,scalar_acl_exact
pg-diskann,100000,1,w4_acl,685,2.353958,1.0,10,,scalar_acl_exact
pg-diskann,100000,1,w4_acl,846,2.108958,1.0,10,,scalar_acl_exact
pg-diskann,100000,1,w4_acl,362,2.205416,1.0,10,,scalar_acl_exact
pg-diskann,100000,1,w4_acl,449,3.478042,1.0,10,,scalar_acl_exact
pg-diskann,100000,1,w4_acl,249,2.360542,1.0,10,,scalar_acl_exact
pg-diskann,100000,1,w4_acl,474,2.345291,1.0,10,,scalar_acl_exact
pg-diskann,100000,1,w4_acl,476,2.457167,1.0,10,,scalar_acl_exact
pg-diskann,100000,1,w4_acl,731,2.705541,1.0,10,,scalar_acl_exact
pg-diskann,100000,1,w4_acl,834,2.183542,1.0,10,,scalar_acl_exact
pg-diskann,100000,1,w4_acl,982,4.733917,1.0,10,,scalar_acl_exact
pg-diskann,100000,1,w4_acl,680,2.748041,1.0,10,,scalar_acl_exact
pg-diskann,100000,1,w4_acl,661,2.565958,1.0,10,,scalar_acl_exact
pg-diskann,100000,1,w4_acl,848,2.604334,1.0,10,,scalar_acl_exact
pg-diskann,100000,1,w4_acl,660,6.044459,1.0,10,,scalar_acl_exact
pg-diskann,100000,1,w4_acl,165,2.901333,1.0,10,,scalar_acl_exact
pg-diskann,100000,1,w4_acl,787,2.825958,1.0,10,,scalar_acl_exact
pg-diskann,100000,1,w4_acl,309,2.791375,1.0,10,,scalar_acl_exact
pg-diskann,100000,1,w4_acl,479,2.228334,1.0,10,,scalar_acl_exact
pg-diskann,100000,1,w4_acl,273,2.488583,1.0,10,,scalar_acl_exact
pg-diskann,100000,1,w4_acl,876,2.959834,1.0,10,,scalar_acl_exact
pg-diskann,100000,1,w4_acl,925,2.589333,1.0,10,,scalar_acl_exact
pg-diskann,100000,1,w4_acl,515,2.350916,1.0,10,,scalar_acl_exact
pg-diskann,100000,1,w4_acl,938,3.7335,1.0,10,,scalar_acl_exact
pg-diskann,100000,1,w4_acl,473,2.453417,1.0,10,,scalar_acl_exact
pg-diskann,100000,1,w4_acl,691,2.636417,1.0,10,,scalar_acl_exact
pg-diskann,100000,1,w4_acl,957,3.273166,1.0,10,,scalar_acl_exact
pg-diskann,100000,1,w4_acl,143,2.488625,1.0,10,,scalar_acl_exact
pg-diskann,100000,1,w4_acl,670,2.543125,1.0,10,,scalar_acl_exact
pg-diskann,100000,1,w4_acl,125,3.0235,1.0,10,,scalar_acl_exact
pg-diskann,100000,1,w4_acl,452,2.272333,1.0,10,,scalar_acl_exact
pg-diskann,100000,1,w4_acl,748,2.586042,1.0,10,,scalar_acl_exact
pg-diskann,100000,1,w4_acl,397,2.728667,1.0,10,,scalar_acl_exact
pg-diskann,100000,1,w4_acl,132,2.126542,1.0,10,,scalar_acl_exact
pg-diskann,100000,1,w4_acl,595,2.078042,1.0,10,,scalar_acl_exact
pg-diskann,100000,1,w4_acl,269,1.973417,1.0,10,,scalar_acl_exact
pg-diskann,100000,1,w4_acl,732,2.225792,1.0,10,,scalar_acl_exact
pg-diskann,100000,1,w4_acl,200,2.022958,1.0,10,,scalar_acl_exact
pg-diskann,100000,1,w4_acl,826,2.171083,1.0,10,,scalar_acl_exact
pg-diskann,100000,1,w4_acl,900,2.134292,1.0,10,,scalar_acl_exact
pg-diskann,100000,1,w4_acl,145,2.158625,1.0,10,,scalar_acl_exact
pg-diskann,100000,1,w4_acl,323,2.149625,1.0,10,,scalar_acl_exact
pg-diskann,100000,1,w4_acl,486,2.163083,1.0,10,,scalar_acl_exact
pg-diskann,100000,1,w4_acl,403,1.634542,1.0,10,,scalar_acl_exact
pg-diskann,100000,1,w4_acl,299,2.0575,1.0,10,,scalar_acl_exact
pg-diskann,100000,1,w4_acl,244,2.055125,1.0,10,,scalar_acl_exact
pg-diskann,100000,1,w4_acl,870,2.285667,1.0,10,,scalar_acl_exact
pg-diskann,100000,1,w4_acl,345,2.306125,1.0,10,,scalar_acl_exact
pg-diskann,100000,1,w4_acl,421,2.134959,1.0,10,,scalar_acl_exact
pg-diskann,100000,1,w4_acl,527,2.025625,1.0,10,,scalar_acl_exact
pg-diskann,100000,1,w4_acl,328,2.219041,1.0,10,,scalar_acl_exact
pg-diskann,100000,1,w4_acl,667,2.144416,1.0,10,,scalar_acl_exact
pg-diskann,100000,1,w4_acl,764,2.079791,1.0,10,,scalar_acl_exact
pg-diskann,100000,1,w4_acl,569,2.169792,1.0,10,,scalar_acl_exact
pg-diskann,100000,1,w4_acl,574,2.142417,1.0,10,,scalar_acl_exact
pg-diskann,100000,1,w4_acl,559,1.900208,1.0,10,,scalar_acl_exact
pg-diskann,100000,1,w4_acl,780,1.940334,1.0,10,,scalar_acl_exact
pg-diskann,100000,1,w4_acl,988,2.01375,1.0,10,,scalar_acl_exact
pg-diskann,100000,1,w4_acl,254,1.720625,1.0,10,,scalar_acl_exact
pg-diskann,100000,1,w4_acl,983,2.126625,1.0,10,,scalar_acl_exact
pg-diskann,100000,1,w4_acl,960,2.035125,1.0,10,,scalar_acl_exact
pg-diskann,100000,1,w4_acl,502,2.18275,1.0,10,,scalar_acl_exact
pg-diskann,100000,1,w4_acl,412,2.373708,1.0,10,,scalar_acl_exact
pg-diskann,100000,1,w4_acl,681,1.936792,1.0,10,,scalar_acl_exact
pg-diskann,100000,1,w4_acl,142,2.07925,1.0,10,,scalar_acl_exact
pg-diskann,100000,1,w4_acl,291,2.318209,1.0,10,,scalar_acl_exact
pg-diskann,100000,1,w4_acl,552,2.121666,1.0,10,,scalar_acl_exact
pg-diskann,100000,1,w4_acl,519,1.957292,1.0,10,,scalar_acl_exact
pg-diskann,100000,1,w4_acl,642,2.683417,1.0,10,,scalar_acl_exact
pg-diskann,100000,1,w4_acl,262,2.135417,1.0,10,,scalar_acl_exact
pg-diskann,100000,1,w4_acl,196,2.292542,1.0,10,,scalar_acl_exact
pg-diskann,100000,1,w4_acl,155,2.004459,1.0,10,,scalar_acl_exact
pg-diskann,100000,1,w4_acl,212,1.829041,1.0,10,,scalar_acl_exact
pg-diskann,100000,1,w4_acl,800,1.934541,1.0,10,,scalar_acl_exact
pg-diskann,100000,1,w4_acl,350,2.134333,1.0,10,,scalar_acl_exact
pg-diskann,100000,1,w4_acl,600,1.961625,1.0,10,,scalar_acl_exact
pg-diskann,100000,1,w4_acl,609,2.487208,1.0,10,,scalar_acl_exact
pg-diskann,100000,1,w4_acl,451,2.55875,1.0,10,,scalar_acl_exact
pg-diskann,100000,1,w4_acl,567,2.533125,1.0,10,,scalar_acl_exact
pg-diskann,100000,1,w4_acl,761,1.836625,1.0,10,,scalar_acl_exact
pg-diskann,100000,1,w4_acl,536,2.250209,1.0,10,,scalar_acl_exact
pg-diskann,100000,1,w4_acl,347,2.401542,1.0,10,,scalar_acl_exact
pg-diskann,100000,1,w4_acl,805,2.657166,1.0,10,,scalar_acl_exact
pg-diskann,100000,1,w4_acl,118,2.360375,1.0,10,,scalar_acl_exact
pg-diskann,100000,1,w4_acl,505,2.265375,1.0,10,,scalar_acl_exact
pg-diskann,100000,1,w4_acl,465,2.076625,1.0,10,,scalar_acl_exact
pg-diskann,100000,1,w4_acl,394,2.403375,1.0,10,,scalar_acl_exact
pg-diskann,100000,1,w4_acl,400,2.346167,1.0,10,,scalar_acl_exact
pg-diskann,100000,1,w4_acl,961,2.383417,1.0,10,,scalar_acl_exact
pg-diskann,100000,1,w4_acl,601,2.061041,1.0,10,,scalar_acl_exact
pg-diskann,100000,1,w4_acl,898,2.306833,1.0,10,,scalar_acl_exact
pg-diskann,100000,1,w4_acl,558,2.26525,1.0,10,,scalar_acl_exact
pg-diskann,100000,1,w4_acl,253,2.185334,1.0,10,,scalar_acl_exact
pg-diskann,100000,1,w4_acl,182,2.222625,1.0,10,,scalar_acl_exact
pg-diskann,100000,1,w4_acl,648,2.080375,1.0,10,,scalar_acl_exact
pg-diskann,100000,1,w4_acl,317,2.855417,1.0,10,,scalar_acl_exact
pg-diskann,100000,1,w4_acl,543,2.488083,1.0,10,,scalar_acl_exact
pg-diskann,100000,1,w4_acl,889,2.443375,1.0,10,,scalar_acl_exact
pg-diskann,100000,1,w4_acl,579,2.338916,1.0,10,,scalar_acl_exact
pg-diskann,100000,1,w4_acl,590,2.0265,1.0,10,,scalar_acl_exact
pg-diskann,100000,1,w4_acl,828,2.360292,1.0,10,,scalar_acl_exact
