engine,dataset_size,repetition,workload,query_rank,latency_ms,recall10,returned_count,candidate_count,execution_path
pg-hnsw,100000,2,w1,633,2.031958,1.0,10,,hnsw
pg-hnsw,100000,2,w1,986,1.733208,1.0,10,,hnsw
pg-hnsw,100000,2,w1,746,3.907083,1.0,10,,hnsw
pg-hnsw,100000,2,w1,221,1.92275,1.0,10,,hnsw
pg-hnsw,100000,2,w1,328,2.75325,1.0,10,,hnsw
pg-hnsw,100000,2,w1,944,2.206458,0.6,10,,hnsw
pg-hnsw,100000,2,w1,731,1.595708,1.0,10,,hnsw
pg-hnsw,100000,2,w1,464,2.234583,0.9,10,,hnsw
pg-hnsw,100000,2,w1,218,2.026917,1.0,10,,hnsw
pg-hnsw,100000,2,w1,165,7.136625,1.0,10,,hnsw
pg-hnsw,100000,2,w1,795,1.541833,1.0,10,,hnsw
pg-hnsw,100000,2,w1,895,1.833958,1.0,10,,hnsw
pg-hnsw,100000,2,w1,533,1.462792,1.0,10,,hnsw
pg-hnsw,100000,2,w1,463,1.446709,1.0,10,,hnsw
pg-hnsw,100000,2,w1,180,5.257,1.0,10,,hnsw
pg-hnsw,100000,2,w1,470,1.683208,1.0,10,,hnsw
pg-hnsw,100000,2,w1,709,1.668125,1.0,10,,hnsw
pg-hnsw,100000,2,w1,551,1.949459,1.0,10,,hnsw
pg-hnsw,100000,2,w1,884,2.118209,1.0,10,,hnsw
pg-hnsw,100000,2,w1,240,2.045958,1.0,10,,hnsw
pg-hnsw,100000,2,w1,449,1.573625,1.0,10,,hnsw
pg-hnsw,100000,2,w1,400,2.211959,1.0,10,,hnsw
pg-hnsw,100000,2,w1,759,4.158291,1.0,10,,hnsw
pg-hnsw,100000,2,w1,734,2.161291,0.9,10,,hnsw
pg-hnsw,100000,2,w1,544,1.809542,1.0,10,,hnsw
pg-hnsw,100000,2,w1,366,4.038,0.7,10,,hnsw
pg-hnsw,100000,2,w1,503,1.757209,1.0,10,,hnsw
pg-hnsw,100000,2,w1,390,1.791541,1.0,10,,hnsw
pg-hnsw,100000,2,w1,816,4.155709,1.0,10,,hnsw
pg-hnsw,100000,2,w1,645,2.327084,1.0,10,,hnsw
pg-hnsw,100000,2,w1,266,1.787416,1.0,10,,hnsw
pg-hnsw,100000,2,w1,547,4.780166,1.0,10,,hnsw
pg-hnsw,100000,2,w1,972,2.400292,1.0,10,,hnsw
pg-hnsw,100000,2,w1,755,1.970083,1.0,10,,hnsw
pg-hnsw,100000,2,w1,321,4.248,1.0,10,,hnsw
pg-hnsw,100000,2,w1,227,2.509292,1.0,10,,hnsw
pg-hnsw,100000,2,w1,954,1.982167,1.0,10,,hnsw
pg-hnsw,100000,2,w1,386,4.786041,0.9,10,,hnsw
pg-hnsw,100000,2,w1,670,1.821708,1.0,10,,hnsw
pg-hnsw,100000,2,w1,476,2.166625,1.0,10,,hnsw
pg-hnsw,100000,2,w1,316,3.015625,1.0,10,,hnsw
pg-hnsw,100000,2,w1,987,1.467792,1.0,10,,hnsw
pg-hnsw,100000,2,w1,362,1.695417,1.0,10,,hnsw
pg-hnsw,100000,2,w1,237,1.956459,1.0,10,,hnsw
pg-hnsw,100000,2,w1,894,3.377708,1.0,10,,hnsw
pg-hnsw,100000,2,w1,367,1.919125,1.0,10,,hnsw
pg-hnsw,100000,2,w1,671,2.32325,0.9,10,,hnsw
pg-hnsw,100000,2,w1,800,3.473958,1.0,10,,hnsw
pg-hnsw,100000,2,w1,867,1.998875,0.9,10,,hnsw
pg-hnsw,100000,2,w1,611,1.375,1.0,10,,hnsw
pg-hnsw,100000,2,w1,158,1.658583,1.0,10,,hnsw
pg-hnsw,100000,2,w1,823,3.483125,1.0,10,,hnsw
pg-hnsw,100000,2,w1,715,1.399792,1.0,10,,hnsw
pg-hnsw,100000,2,w1,819,2.204542,1.0,10,,hnsw
pg-hnsw,100000,2,w1,985,4.36825,1.0,10,,hnsw
pg-hnsw,100000,2,w1,236,2.86925,0.9,10,,hnsw
pg-hnsw,100000,2,w1,382,1.9475,1.0,10,,hnsw
pg-hnsw,100000,2,w1,705,2.918459,1.0,10,,hnsw
pg-hnsw,100000,2,w1,901,2.562584,0.8,10,,hnsw
pg-hnsw,100000,2,w1,907,2.286166,1.0,10,,hnsw
pg-hnsw,100000,2,w1,809,1.755667,1.0,10,,hnsw
pg-hnsw,100000,2,w1,687,3.151333,0.9,10,,hnsw
pg-hnsw,100000,2,w1,672,1.6315,1.0,10,,hnsw
pg-hnsw,100000,2,w1,203,1.744042,1.0,10,,hnsw
pg-hnsw,100000,2,w1,517,7.58275,1.0,10,,hnsw
pg-hnsw,100000,2,w1,121,2.007375,0.9,10,,hnsw
pg-hnsw,100000,2,w1,704,3.234458,1.0,10,,hnsw
pg-hnsw,100000,2,w1,940,2.448333,0.6,10,,hnsw
pg-hnsw,100000,2,w1,864,1.847584,1.0,10,,hnsw
pg-hnsw,100000,2,w1,851,4.890917,0.9,10,,hnsw
pg-hnsw,100000,2,w1,294,2.168833,1.0,10,,hnsw
pg-hnsw,100000,2,w1,724,4.813041,1.0,10,,hnsw
pg-hnsw,100000,2,w1,161,1.844958,1.0,10,,hnsw
pg-hnsw,100000,2,w1,979,2.396833,0.9,10,,hnsw
pg-hnsw,100000,2,w1,931,6.5135,1.0,10,,hnsw
pg-hnsw,100000,2,w1,930,2.108042,0.9,10,,hnsw
pg-hnsw,100000,2,w1,262,3.703875,0.8,10,,hnsw
pg-hnsw,100000,2,w1,974,1.843917,1.0,10,,hnsw
pg-hnsw,100000,2,w1,230,2.102,0.9,10,,hnsw
pg-hnsw,100000,2,w1,625,3.50975,1.0,10,,hnsw
pg-hnsw,100000,2,w1,675,1.729542,1.0,10,,hnsw
pg-hnsw,100000,2,w1,419,2.040917,1.0,10,,hnsw
pg-hnsw,100000,2,w1,344,1.954166,1.0,10,,hnsw
pg-hnsw,100000,2,w1,812,3.803875,1.0,10,,hnsw
pg-hnsw,100000,2,w1,921,2.208,1.0,10,,hnsw
pg-hnsw,100000,2,w1,958,1.791958,1.0,10,,hnsw
pg-hnsw,100000,2,w1,849,3.542375,1.0,10,,hnsw
pg-hnsw,100000,2,w1,186,2.136292,1.0,10,,hnsw
pg-hnsw,100000,2,w1,857,1.433916,1.0,10,,hnsw
pg-hnsw,100000,2,w1,697,1.493833,1.0,10,,hnsw
pg-hnsw,100000,2,w1,786,3.348542,1.0,10,,hnsw
pg-hnsw,100000,2,w1,855,1.879375,1.0,10,,hnsw
pg-hnsw,100000,2,w1,350,1.935917,1.0,10,,hnsw
pg-hnsw,100000,2,w1,588,4.18375,0.9,10,,hnsw
pg-hnsw,100000,2,w1,530,2.529417,0.6,10,,hnsw
pg-hnsw,100000,2,w1,916,1.944583,1.0,10,,hnsw
pg-hnsw,100000,2,w1,767,5.164292,1.0,10,,hnsw
pg-hnsw,100000,2,w1,311,2.020959,1.0,10,,hnsw
pg-hnsw,100000,2,w1,922,1.754708,1.0,10,,hnsw
pg-hnsw,100000,2,w1,393,2.434625,1.0,10,,hnsw
pg-hnsw,100000,2,w1,681,2.10525,1.0,10,,hnsw
pg-hnsw,100000,2,w1,134,2.168041,0.8,10,,hnsw
pg-hnsw,100000,2,w1,415,5.92175,1.0,10,,hnsw
pg-hnsw,100000,2,w1,641,1.63025,1.0,10,,hnsw
pg-hnsw,100000,2,w1,437,1.842042,1.0,10,,hnsw
pg-hnsw,100000,2,w1,111,1.473334,1.0,10,,hnsw
pg-hnsw,100000,2,w1,554,1.7285,1.0,10,,hnsw
pg-hnsw,100000,2,w1,231,1.2575,1.0,10,,hnsw
pg-hnsw,100000,2,w1,951,1.483167,1.0,10,,hnsw
pg-hnsw,100000,2,w1,885,1.491042,1.0,10,,hnsw
pg-hnsw,100000,2,w1,920,1.525625,1.0,10,,hnsw
pg-hnsw,100000,2,w1,431,1.292333,1.0,10,,hnsw
pg-hnsw,100000,2,w1,522,1.598,1.0,10,,hnsw
pg-hnsw,100000,2,w1,679,2.118916,1.0,10,,hnsw
pg-hnsw,100000,2,w1,657,1.60575,0.9,10,,hnsw
pg-hnsw,100000,2,w1,630,1.574958,1.0,10,,hnsw
pg-hnsw,100000,2,w1,181,2.63875,0.9,10,,hnsw
pg-hnsw,100000,2,w1,660,1.498291,1.0,10,,hnsw
pg-hnsw,100000,2,w1,428,2.167833,0.9,10,,hnsw
pg-hnsw,100000,2,w1,927,1.9255,0.7,10,,hnsw
pg-hnsw,100000,2,w1,827,1.65725,1.0,10,,hnsw
pg-hnsw,100000,2,w1,775,2.313292,1.0,10,,hnsw
pg-hnsw,100000,2,w1,228,1.343792,1.0,10,,hnsw
pg-hnsw,100000,2,w1,928,2.338667,1.0,10,,hnsw
pg-hnsw,100000,2,w1,557,2.026958,1.0,10,,hnsw
pg-hnsw,100000,2,w1,559,2.19025,1.0,10,,hnsw
pg-hnsw,100000,2,w1,821,1.420167,1.0,10,,hnsw
pg-hnsw,100000,2,w1,251,1.26825,1.0,10,,hnsw
pg-hnsw,100000,2,w1,359,1.462042,1.0,10,,hnsw
pg-hnsw,100000,2,w1,375,1.542583,1.0,10,,hnsw
pg-hnsw,100000,2,w1,178,2.603834,1.0,10,,hnsw
pg-hnsw,100000,2,w1,790,1.987,1.0,10,,hnsw
pg-hnsw,100000,2,w1,378,1.981458,1.0,10,,hnsw
pg-hnsw,100000,2,w1,309,4.977958,1.0,10,,hnsw
pg-hnsw,100000,2,w1,991,1.677334,1.0,10,,hnsw
pg-hnsw,100000,2,w1,329,4.291291,1.0,10,,hnsw
pg-hnsw,100000,2,w1,284,2.034209,1.0,10,,hnsw
pg-hnsw,100000,2,w1,572,2.052166,1.0,10,,hnsw
pg-hnsw,100000,2,w1,374,1.675709,0.9,10,,hnsw
pg-hnsw,100000,2,w1,797,4.218125,1.0,10,,hnsw
pg-hnsw,100000,2,w1,183,3.358625,0.5,10,,hnsw
pg-hnsw,100000,2,w1,766,4.586708,1.0,10,,hnsw
pg-hnsw,100000,2,w1,447,1.814375,1.0,10,,hnsw
pg-hnsw,100000,2,w1,956,2.478708,1.0,10,,hnsw
pg-hnsw,100000,2,w1,205,1.964083,1.0,10,,hnsw
pg-hnsw,100000,2,w1,525,1.6375,1.0,10,,hnsw
pg-hnsw,100000,2,w1,829,2.143459,1.0,10,,hnsw
pg-hnsw,100000,2,w1,131,1.615291,1.0,10,,hnsw
pg-hnsw,100000,2,w1,585,3.718875,0.8,10,,hnsw
pg-hnsw,100000,2,w1,305,2.250458,0.9,10,,hnsw
pg-hnsw,100000,2,w1,891,2.060125,1.0,10,,hnsw
pg-hnsw,100000,2,w1,513,1.852625,1.0,10,,hnsw
pg-hnsw,100000,2,w1,511,3.210292,1.0,10,,hnsw
pg-hnsw,100000,2,w1,364,2.035208,1.0,10,,hnsw
pg-hnsw,100000,2,w1,118,1.423333,1.0,10,,hnsw
pg-hnsw,100000,2,w1,175,4.602667,1.0,10,,hnsw
pg-hnsw,100000,2,w1,826,1.87275,1.0,10,,hnsw
pg-hnsw,100000,2,w1,306,2.5055,0.8,10,,hnsw
pg-hnsw,100000,2,w1,138,3.603167,1.0,10,,hnsw
pg-hnsw,100000,2,w1,700,2.258166,1.0,10,,hnsw
pg-hnsw,100000,2,w1,104,1.469292,1.0,10,,hnsw
pg-hnsw,100000,2,w1,302,1.77325,1.0,10,,hnsw
pg-hnsw,100000,2,w1,658,3.508042,1.0,10,,hnsw
pg-hnsw,100000,2,w1,540,1.944667,1.0,10,,hnsw
pg-hnsw,100000,2,w1,440,1.5035,1.0,10,,hnsw
pg-hnsw,100000,2,w1,122,1.505041,1.0,10,,hnsw
pg-hnsw,100000,2,w1,632,5.200917,1.0,10,,hnsw
pg-hnsw,100000,2,w1,261,1.306542,1.0,10,,hnsw
pg-hnsw,100000,2,w1,577,5.384875,1.0,10,,hnsw
pg-hnsw,100000,2,w1,804,2.120417,0.9,10,,hnsw
pg-hnsw,100000,2,w1,327,1.981917,1.0,10,,hnsw
pg-hnsw,100000,2,w1,833,3.55825,0.9,10,,hnsw
pg-hnsw,100000,2,w1,147,1.865459,1.0,10,,hnsw
pg-hnsw,100000,2,w1,592,2.448,1.0,10,,hnsw
pg-hnsw,100000,2,w1,301,4.565375,1.0,10,,hnsw
pg-hnsw,100000,2,w1,495,1.697875,1.0,10,,hnsw
pg-hnsw,100000,2,w1,747,1.485625,1.0,10,,hnsw
pg-hnsw,100000,2,w1,229,1.685792,1.0,10,,hnsw
pg-hnsw,100000,2,w1,726,2.419417,1.0,10,,hnsw
pg-hnsw,100000,2,w1,276,2.392625,1.0,10,,hnsw
pg-hnsw,100000,2,w1,460,2.037208,0.9,10,,hnsw
pg-hnsw,100000,2,w1,488,1.959916,1.0,10,,hnsw
pg-hnsw,100000,2,w1,159,2.082625,0.8,10,,hnsw
pg-hnsw,100000,2,w1,677,1.518417,1.0,10,,hnsw
pg-hnsw,100000,2,w1,883,1.805334,1.0,10,,hnsw
pg-hnsw,100000,2,w1,574,1.980542,1.0,10,,hnsw
pg-hnsw,100000,2,w1,219,1.679333,1.0,10,,hnsw
pg-hnsw,100000,2,w1,806,2.297875,1.0,10,,hnsw
pg-hnsw,100000,2,w1,113,1.599583,1.0,10,,hnsw
pg-hnsw,100000,2,w1,394,2.770667,0.4,10,,hnsw
pg-hnsw,100000,2,w1,561,1.592833,1.0,10,,hnsw
pg-hnsw,100000,2,w1,361,2.141625,1.0,10,,hnsw
pg-hnsw,100000,2,w1,130,1.944583,1.0,10,,hnsw
pg-hnsw,100000,2,w1,556,5.941041,0.9,10,,hnsw
pg-hnsw,100000,2,w1,254,2.372167,0.3,10,,hnsw
pg-hnsw,100000,2,w1,128,1.699125,1.0,10,,hnsw
pg-hnsw,100000,2,w1,992,4.204416,1.0,10,,hnsw
pg-hnsw,100000,2,w1,337,2.091166,1.0,10,,hnsw
pg-hnsw,100000,2,w1,248,1.886208,0.9,10,,hnsw
pg-hnsw,100000,2,w1,501,5.409833,1.0,10,,hnsw
pg-hnsw,100000,2,w1,865,1.7525,1.0,10,,hnsw
pg-hnsw,100000,2,w1,149,1.113,1.0,10,,hnsw
pg-hnsw,100000,2,w1,115,4.450166,1.0,10,,hnsw
pg-hnsw,100000,2,w1,738,2.449541,1.0,10,,hnsw
pg-hnsw,100000,2,w1,409,2.201792,1.0,10,,hnsw
pg-hnsw,100000,2,w1,351,2.273583,1.0,10,,hnsw
pg-hnsw,100000,2,w1,212,2.014,1.0,10,,hnsw
pg-hnsw,100000,2,w1,480,1.890625,0.8,10,,hnsw
pg-hnsw,100000,2,w1,461,4.482042,0.9,10,,hnsw
pg-hnsw,100000,2,w1,346,2.010917,1.0,10,,hnsw
pg-hnsw,100000,2,w1,338,2.0415,0.8,10,,hnsw
pg-hnsw,100000,2,w1,750,4.180708,1.0,10,,hnsw
pg-hnsw,100000,2,w1,562,1.820167,1.0,10,,hnsw
pg-hnsw,100000,2,w1,260,6.515625,0.8,10,,hnsw
pg-hnsw,100000,2,w1,727,1.83225,1.0,10,,hnsw
pg-hnsw,100000,2,w1,553,1.976917,1.0,10,,hnsw
pg-hnsw,100000,2,w1,842,5.07125,1.0,10,,hnsw
pg-hnsw,100000,2,w1,319,2.124083,1.0,10,,hnsw
pg-hnsw,100000,2,w1,807,1.834208,1.0,10,,hnsw
pg-hnsw,100000,2,w1,844,4.282,1.0,10,,hnsw
pg-hnsw,100000,2,w1,383,1.8055,1.0,10,,hnsw
pg-hnsw,100000,2,w1,220,1.715458,1.0,10,,hnsw
pg-hnsw,100000,2,w1,968,4.480917,1.0,10,,hnsw
pg-hnsw,100000,2,w1,371,2.524,1.0,10,,hnsw
pg-hnsw,100000,2,w1,777,2.298292,0.9,10,,hnsw
pg-hnsw,100000,2,w1,783,3.60725,0.9,10,,hnsw
pg-hnsw,100000,2,w1,193,2.457625,1.0,10,,hnsw
pg-hnsw,100000,2,w1,650,1.716708,1.0,10,,hnsw
pg-hnsw,100000,2,w1,966,4.176542,0.7,10,,hnsw
pg-hnsw,100000,2,w1,799,2.040458,1.0,10,,hnsw
pg-hnsw,100000,2,w1,109,1.716125,1.0,10,,hnsw
pg-hnsw,100000,2,w1,798,4.079458,1.0,10,,hnsw
pg-hnsw,100000,2,w1,837,1.840375,1.0,10,,hnsw
pg-hnsw,100000,2,w1,890,1.513291,0.9,10,,hnsw
pg-hnsw,100000,2,w1,177,1.255125,1.0,10,,hnsw
pg-hnsw,100000,2,w1,701,3.608833,1.0,10,,hnsw
pg-hnsw,100000,2,w1,265,2.073125,1.0,10,,hnsw
pg-hnsw,100000,2,w1,106,1.670583,1.0,10,,hnsw
pg-hnsw,100000,2,w1,381,4.026417,1.0,10,,hnsw
pg-hnsw,100000,2,w1,961,2.383833,1.0,10,,hnsw
pg-hnsw,100000,2,w1,223,2.075209,1.0,10,,hnsw
pg-hnsw,100000,2,w1,729,5.185042,1.0,10,,hnsw
pg-hnsw,100000,2,w1,639,1.893375,1.0,10,,hnsw
pg-hnsw,100000,2,w1,531,1.972083,1.0,10,,hnsw
pg-hnsw,100000,2,w1,882,1.920542,1.0,10,,hnsw
pg-hnsw,100000,2,w1,334,2.339709,1.0,10,,hnsw
pg-hnsw,100000,2,w1,914,2.070042,1.0,10,,hnsw
pg-hnsw,100000,2,w1,695,2.54875,0.9,10,,hnsw
pg-hnsw,100000,2,w1,211,1.95675,0.9,10,,hnsw
pg-hnsw,100000,2,w1,597,1.615583,1.0,10,,hnsw
pg-hnsw,100000,2,w1,246,2.496209,0.9,10,,hnsw
pg-hnsw,100000,2,w1,989,1.499542,1.0,10,,hnsw
pg-hnsw,100000,2,w1,714,1.893083,0.9,10,,hnsw
pg-hnsw,100000,2,w1,791,1.54925,0.9,10,,hnsw
pg-hnsw,100000,2,w1,479,2.455292,1.0,10,,hnsw
pg-hnsw,100000,2,w1,673,2.562458,1.0,10,,hnsw
pg-hnsw,100000,2,w1,482,2.210458,1.0,10,,hnsw
pg-hnsw,100000,2,w1,185,1.419458,1.0,10,,hnsw
pg-hnsw,100000,2,w1,835,1.635,1.0,10,,hnsw
pg-hnsw,100000,2,w1,454,1.4715,1.0,10,,hnsw
pg-hnsw,100000,2,w1,194,4.919875,1.0,10,,hnsw
pg-hnsw,100000,2,w1,333,1.874125,1.0,10,,hnsw
pg-hnsw,100000,2,w1,768,2.344833,0.9,10,,hnsw
pg-hnsw,100000,2,w1,575,3.52325,1.0,10,,hnsw
pg-hnsw,100000,2,w1,735,1.645958,1.0,10,,hnsw
pg-hnsw,100000,2,w1,668,1.752875,1.0,10,,hnsw
pg-hnsw,100000,2,w1,988,1.5205,1.0,10,,hnsw
pg-hnsw,100000,2,w1,172,2.214959,0.9,10,,hnsw
pg-hnsw,100000,2,w1,748,2.26275,0.9,10,,hnsw
pg-hnsw,100000,2,w1,331,1.643959,1.0,10,,hnsw
pg-hnsw,100000,2,w1,818,1.590875,1.0,10,,hnsw
pg-hnsw,100000,2,w1,270,2.094917,0.9,10,,hnsw
pg-hnsw,100000,2,w1,272,1.549458,1.0,10,,hnsw
pg-hnsw,100000,2,w1,617,1.786667,1.0,10,,hnsw
pg-hnsw,100000,2,w1,275,1.221166,1.0,10,,hnsw
pg-hnsw,100000,2,w1,924,1.172791,1.0,10,,hnsw
pg-hnsw,100000,2,w1,693,1.296792,1.0,10,,hnsw
pg-hnsw,100000,2,w1,406,1.642084,1.0,10,,hnsw
pg-hnsw,100000,2,w1,435,1.727291,1.0,10,,hnsw
pg-hnsw,100000,2,w1,336,1.773625,1.0,10,,hnsw
pg-hnsw,100000,2,w1,937,1.477791,0.8,10,,hnsw
pg-hnsw,100000,2,w1,811,1.742458,1.0,10,,hnsw
pg-hnsw,100000,2,w1,312,1.739292,1.0,10,,hnsw
pg-hnsw,100000,2,w1,713,1.002291,1.0,10,,hnsw
pg-hnsw,100000,2,w1,678,1.66725,0.6,10,,hnsw
pg-hnsw,100000,2,w1,926,1.79875,0.9,10,,hnsw
pg-hnsw,100000,2,w1,696,1.715,0.9,10,,hnsw
pg-hnsw,100000,2,w1,368,1.686792,1.0,10,,hnsw
pg-hnsw,100000,2,w1,737,1.611375,1.0,10,,hnsw
pg-hnsw,100000,2,w1,847,1.508083,1.0,10,,hnsw
pg-hnsw,100000,2,w1,776,2.078667,1.0,10,,hnsw
pg-hnsw,100000,2,w1,505,2.025584,1.0,10,,hnsw
pg-hnsw,100000,2,w1,796,2.005666,0.6,10,,hnsw
pg-hnsw,100000,2,w1,215,1.862959,1.0,10,,hnsw
pg-hnsw,100000,2,w1,352,1.552416,1.0,10,,hnsw
pg-hnsw,100000,2,w1,491,1.300041,1.0,10,,hnsw
pg-hnsw,100000,2,w1,298,2.285542,1.0,10,,hnsw
pg-hnsw,100000,2,w1,458,1.9075,1.0,10,,hnsw
pg-hnsw,100000,2,w1,586,1.020959,1.0,10,,hnsw
pg-hnsw,100000,2,w1,453,1.845,1.0,10,,hnsw
pg-hnsw,100000,2,w1,412,1.647042,1.0,10,,hnsw
pg-hnsw,100000,2,w1,860,2.876583,0.9,10,,hnsw
pg-hnsw,100000,2,w1,280,1.689459,1.0,10,,hnsw
pg-hnsw,100000,2,w1,707,1.665708,1.0,10,,hnsw
pg-hnsw,100000,2,w1,250,1.578083,1.0,10,,hnsw
pg-hnsw,100000,2,w1,663,5.747666,1.0,10,,hnsw
pg-hnsw,100000,2,w1,932,1.518875,1.0,10,,hnsw
pg-hnsw,100000,2,w1,528,1.527083,1.0,10,,hnsw
pg-hnsw,100000,2,w1,939,2.090708,1.0,10,,hnsw
pg-hnsw,100000,2,w1,252,2.075375,1.0,10,,hnsw
pg-hnsw,100000,2,w1,315,1.122959,1.0,10,,hnsw
pg-hnsw,100000,2,w1,489,1.720375,1.0,10,,hnsw
pg-hnsw,100000,2,w1,769,1.569625,0.9,10,,hnsw
pg-hnsw,100000,2,w1,628,2.634542,1.0,10,,hnsw
pg-hnsw,100000,2,w1,443,1.805375,1.0,10,,hnsw
pg-hnsw,100000,2,w1,758,2.211625,0.9,10,,hnsw
pg-hnsw,100000,2,w1,430,1.513,1.0,10,,hnsw
pg-hnsw,100000,2,w1,411,3.3865,1.0,10,,hnsw
pg-hnsw,100000,2,w1,206,2.50475,0.8,10,,hnsw
pg-hnsw,100000,2,w1,355,2.028459,0.7,10,,hnsw
pg-hnsw,100000,2,w1,615,2.281667,1.0,10,,hnsw
pg-hnsw,100000,2,w1,356,1.656625,1.0,10,,hnsw
pg-hnsw,100000,2,w1,308,1.806292,1.0,10,,hnsw
pg-hnsw,100000,2,w1,124,1.742833,1.0,10,,hnsw
pg-hnsw,100000,2,w1,429,2.365459,0.8,10,,hnsw
pg-hnsw,100000,2,w1,896,2.051291,0.3,10,,hnsw
pg-hnsw,100000,2,w1,101,1.63175,0.9,10,,hnsw
pg-hnsw,100000,2,w1,918,1.082333,1.0,10,,hnsw
pg-hnsw,100000,2,w1,599,2.158875,1.0,10,,hnsw
pg-hnsw,100000,2,w1,999,1.774167,1.0,10,,hnsw
pg-hnsw,100000,2,w1,529,2.007916,1.0,10,,hnsw
pg-hnsw,100000,2,w1,117,1.263208,1.0,10,,hnsw
pg-hnsw,100000,2,w1,877,1.316792,1.0,10,,hnsw
pg-hnsw,100000,2,w1,683,1.693041,1.0,10,,hnsw
pg-hnsw,100000,2,w1,765,1.540167,1.0,10,,hnsw
pg-hnsw,100000,2,w1,805,2.081959,1.0,10,,hnsw
pg-hnsw,100000,2,w1,184,2.223,1.0,10,,hnsw
pg-hnsw,100000,2,w1,609,1.285417,1.0,10,,hnsw
pg-hnsw,100000,2,w1,452,1.63775,1.0,10,,hnsw
pg-hnsw,100000,2,w1,904,2.553083,0.9,10,,hnsw
pg-hnsw,100000,2,w1,845,2.643542,1.0,10,,hnsw
pg-hnsw,100000,2,w1,558,2.123417,0.9,10,,hnsw
pg-hnsw,100000,2,w1,498,1.940834,1.0,10,,hnsw
pg-hnsw,100000,2,w1,566,2.207708,0.5,10,,hnsw
pg-hnsw,100000,2,w1,469,1.982458,1.0,10,,hnsw
pg-hnsw,100000,2,w1,736,1.398166,1.0,10,,hnsw
pg-hnsw,100000,2,w1,358,1.383417,1.0,10,,hnsw
pg-hnsw,100000,2,w1,396,1.927042,1.0,10,,hnsw
pg-hnsw,100000,2,w1,674,2.249125,0.6,10,,hnsw
pg-hnsw,100000,2,w1,856,1.575208,0.9,10,,hnsw
pg-hnsw,100000,2,w1,335,1.646417,1.0,10,,hnsw
pg-hnsw,100000,2,w1,278,1.29275,1.0,10,,hnsw
pg-hnsw,100000,2,w1,912,1.838958,1.0,10,,hnsw
pg-hnsw,100000,2,w1,665,1.538708,0.9,10,,hnsw
pg-hnsw,100000,2,w1,475,1.687667,0.9,10,,hnsw
pg-hnsw,100000,2,w1,820,2.127333,0.8,10,,hnsw
pg-hnsw,100000,2,w1,471,3.264625,1.0,10,,hnsw
pg-hnsw,100000,2,w1,142,1.597167,1.0,10,,hnsw
pg-hnsw,100000,2,w1,917,2.00775,1.0,10,,hnsw
pg-hnsw,100000,2,w1,274,1.764375,1.0,10,,hnsw
pg-hnsw,100000,2,w1,983,1.896375,1.0,10,,hnsw
pg-hnsw,100000,2,w1,492,1.717208,1.0,10,,hnsw
pg-hnsw,100000,2,w1,136,1.531625,1.0,10,,hnsw
pg-hnsw,100000,2,w1,289,1.756459,1.0,10,,hnsw
pg-hnsw,100000,2,w1,710,1.629083,1.0,10,,hnsw
pg-hnsw,100000,2,w1,264,2.268334,1.0,10,,hnsw
pg-hnsw,100000,2,w1,200,1.56475,1.0,10,,hnsw
pg-hnsw,100000,2,w1,950,1.092541,1.0,10,,hnsw
pg-hnsw,100000,2,w1,964,1.284417,1.0,10,,hnsw
pg-hnsw,100000,2,w1,581,1.594667,1.0,10,,hnsw
pg-hnsw,100000,2,w1,910,2.071125,1.0,10,,hnsw
pg-hnsw,100000,2,w1,232,1.644458,1.0,10,,hnsw
pg-hnsw,100000,2,w1,685,1.732916,0.9,10,,hnsw
pg-hnsw,100000,2,w1,680,1.600166,1.0,10,,hnsw
pg-hnsw,100000,2,w1,297,1.713625,0.9,10,,hnsw
pg-hnsw,100000,2,w1,155,1.626834,1.0,10,,hnsw
pg-hnsw,100000,2,w1,760,1.944917,1.0,10,,hnsw
pg-hnsw,100000,2,w1,225,2.058709,1.0,10,,hnsw
pg-hnsw,100000,2,w1,108,1.826583,1.0,10,,hnsw
pg-hnsw,100000,2,w1,242,2.536958,1.0,10,,hnsw
pg-hnsw,100000,2,w1,810,1.8975,1.0,10,,hnsw
pg-hnsw,100000,2,w1,224,1.87575,1.0,10,,hnsw
pg-hnsw,100000,2,w1,946,2.1755,1.0,10,,hnsw
pg-hnsw,100000,2,w1,317,2.105167,1.0,10,,hnsw
pg-hnsw,100000,2,w1,519,1.715083,1.0,10,,hnsw
pg-hnsw,100000,2,w1,226,1.8525,1.0,10,,hnsw
pg-hnsw,100000,2,w1,156,2.023,1.0,10,,hnsw
pg-hnsw,100000,2,w1,446,2.531292,1.0,10,,hnsw
pg-hnsw,100000,2,w1,267,2.068791,1.0,10,,hnsw
pg-hnsw,100000,2,w1,945,2.370333,0.8,10,,hnsw
pg-hnsw,100000,2,w1,116,2.561708,0.9,10,,hnsw
pg-hnsw,100000,2,w1,739,4.303167,1.0,10,,hnsw
pg-hnsw,100000,2,w1,971,2.121167,0.7,10,,hnsw
pg-hnsw,100000,2,w1,141,1.693209,0.9,10,,hnsw
pg-hnsw,100000,2,w1,801,3.344666,1.0,10,,hnsw
pg-hnsw,100000,2,w1,782,2.0735,1.0,10,,hnsw
pg-hnsw,100000,2,w1,651,1.687167,1.0,10,,hnsw
pg-hnsw,100000,2,w1,201,1.06825,1.0,10,,hnsw
pg-hnsw,100000,2,w1,436,2.205625,0.9,10,,hnsw
pg-hnsw,100000,2,w1,287,2.044667,0.9,10,,hnsw
pg-hnsw,100000,2,w1,549,2.087375,1.0,10,,hnsw
pg-hnsw,100000,2,w1,640,3.826584,0.8,10,,hnsw
pg-hnsw,100000,2,w1,160,1.83775,1.0,10,,hnsw
pg-hnsw,100000,2,w1,423,1.790666,1.0,10,,hnsw
pg-hnsw,100000,2,w1,112,1.98575,1.0,10,,hnsw
pg-hnsw,100000,2,w1,706,1.968667,1.0,10,,hnsw
pg-hnsw,100000,2,w1,167,1.951833,1.0,10,,hnsw
pg-hnsw,100000,2,w1,527,1.737583,1.0,10,,hnsw
pg-hnsw,100000,2,w1,210,1.993708,0.6,10,,hnsw
pg-hnsw,100000,2,w1,862,2.981834,1.0,10,,hnsw
pg-hnsw,100000,2,w1,582,2.272709,1.0,10,,hnsw
pg-hnsw,100000,2,w1,154,2.242125,1.0,10,,hnsw
pg-hnsw,100000,2,w1,214,1.984083,1.0,10,,hnsw
pg-hnsw,100000,2,w1,192,1.884333,0.8,10,,hnsw
pg-hnsw,100000,2,w1,486,2.058625,1.0,10,,hnsw
pg-hnsw,100000,2,w1,948,1.503334,1.0,10,,hnsw
pg-hnsw,100000,2,w1,504,4.674083,1.0,10,,hnsw
pg-hnsw,100000,2,w1,712,2.626291,0.7,10,,hnsw
pg-hnsw,100000,2,w1,969,1.824958,0.8,10,,hnsw
pg-hnsw,100000,2,w1,975,1.938917,1.0,10,,hnsw
pg-hnsw,100000,2,w1,483,2.163333,1.0,10,,hnsw
pg-hnsw,100000,2,w1,780,2.285417,1.0,10,,hnsw
pg-hnsw,100000,2,w1,263,2.295125,0.3,10,,hnsw
pg-hnsw,100000,2,w1,162,2.2845,1.0,10,,hnsw
pg-hnsw,100000,2,w1,892,2.010583,0.9,10,,hnsw
pg-hnsw,100000,2,w1,598,1.828667,0.7,10,,hnsw
pg-hnsw,100000,2,w1,257,2.126541,1.0,10,,hnsw
pg-hnsw,100000,2,w1,552,3.31125,1.0,10,,hnsw
pg-hnsw,100000,2,w1,339,2.051708,1.0,10,,hnsw
pg-hnsw,100000,2,w1,649,1.793667,1.0,10,,hnsw
pg-hnsw,100000,2,w1,191,1.733625,0.8,10,,hnsw
pg-hnsw,100000,2,w1,925,2.485291,0.9,10,,hnsw
pg-hnsw,100000,2,w1,596,1.916083,0.9,10,,hnsw
pg-hnsw,100000,2,w1,813,1.722917,1.0,10,,hnsw
pg-hnsw,100000,2,w1,490,1.356792,1.0,10,,hnsw
pg-hnsw,100000,2,w1,416,1.341709,1.0,10,,hnsw
pg-hnsw,100000,2,w1,569,4.073917,1.0,10,,hnsw
pg-hnsw,100000,2,w1,532,2.580833,0.7,10,,hnsw
pg-hnsw,100000,2,w1,718,1.626167,0.9,10,,hnsw
pg-hnsw,100000,2,w1,541,1.979292,0.5,10,,hnsw
pg-hnsw,100000,2,w1,978,1.986459,1.0,10,,hnsw
pg-hnsw,100000,2,w1,408,1.927167,1.0,10,,hnsw
pg-hnsw,100000,2,w1,345,2.14725,1.0,10,,hnsw
pg-hnsw,100000,2,w1,936,2.200125,1.0,10,,hnsw
pg-hnsw,100000,2,w1,546,1.794125,1.0,10,,hnsw
pg-hnsw,100000,2,w1,959,2.293834,0.8,10,,hnsw
pg-hnsw,100000,2,w1,253,1.279208,1.0,10,,hnsw
pg-hnsw,100000,2,w1,893,2.125,1.0,10,,hnsw
pg-hnsw,100000,2,w1,719,2.001042,0.9,10,,hnsw
pg-hnsw,100000,2,w1,733,1.483208,1.0,10,,hnsw
pg-hnsw,100000,2,w1,652,1.256542,1.0,10,,hnsw
pg-hnsw,100000,2,w1,587,1.259834,1.0,10,,hnsw
pg-hnsw,100000,2,w1,472,2.530667,1.0,10,,hnsw
pg-hnsw,100000,2,w1,163,1.688125,1.0,10,,hnsw
pg-hnsw,100000,2,w1,943,1.462708,1.0,10,,hnsw
pg-hnsw,100000,2,w1,565,2.328292,0.8,10,,hnsw
pg-hnsw,100000,2,w1,684,1.552708,1.0,10,,hnsw
pg-hnsw,100000,2,w1,208,2.082625,1.0,10,,hnsw
pg-hnsw,100000,2,w1,243,1.272292,1.0,10,,hnsw
pg-hnsw,100000,2,w1,692,1.590375,1.0,10,,hnsw
pg-hnsw,100000,2,w1,349,2.148916,0.8,10,,hnsw
pg-hnsw,100000,2,w1,947,2.81,1.0,10,,hnsw
pg-hnsw,100000,2,w1,370,2.217333,1.0,10,,hnsw
pg-hnsw,100000,2,w1,151,2.099125,1.0,10,,hnsw
pg-hnsw,100000,2,w1,608,1.595375,1.0,10,,hnsw
pg-hnsw,100000,2,w1,831,2.027833,1.0,10,,hnsw
pg-hnsw,100000,2,w1,631,1.948417,1.0,10,,hnsw
pg-hnsw,100000,2,w1,152,2.077958,0.9,10,,hnsw
pg-hnsw,100000,2,w1,841,1.409417,1.0,10,,hnsw
pg-hnsw,100000,2,w1,984,5.609833,1.0,10,,hnsw
pg-hnsw,100000,2,w1,911,2.012542,1.0,10,,hnsw
pg-hnsw,100000,2,w1,624,3.479958,0.8,10,,hnsw
pg-hnsw,100000,2,w1,686,2.095917,0.9,10,,hnsw
pg-hnsw,100000,2,w1,340,1.333958,1.0,10,,hnsw
pg-hnsw,100000,2,w1,694,1.81425,0.8,10,,hnsw
pg-hnsw,100000,2,w1,467,2.681166,1.0,10,,hnsw
pg-hnsw,100000,2,w1,179,1.568959,1.0,10,,hnsw
pg-hnsw,100000,2,w1,238,1.535167,1.0,10,,hnsw
pg-hnsw,100000,2,w1,990,1.918375,1.0,10,,hnsw
pg-hnsw,100000,2,w1,702,2.994417,0.9,10,,hnsw
pg-hnsw,100000,2,w1,164,2.211875,0.9,10,,hnsw
pg-hnsw,100000,2,w1,605,1.657958,1.0,10,,hnsw
pg-hnsw,100000,2,w1,392,2.023583,1.0,10,,hnsw
pg-hnsw,100000,2,w1,282,2.325292,1.0,10,,hnsw
pg-hnsw,100000,2,w1,949,2.029292,1.0,10,,hnsw
pg-hnsw,100000,2,w1,898,1.905417,1.0,10,,hnsw
pg-hnsw,100000,2,w1,793,1.656333,0.9,10,,hnsw
pg-hnsw,100000,2,w1,157,3.53425,1.0,10,,hnsw
pg-hnsw,100000,2,w1,690,2.234375,0.9,10,,hnsw
pg-hnsw,100000,2,w1,808,1.686416,1.0,10,,hnsw
pg-hnsw,100000,2,w1,583,1.641,1.0,10,,hnsw
pg-hnsw,100000,2,w1,103,1.947917,1.0,10,,hnsw
pg-hnsw,100000,2,w1,365,1.692459,1.0,10,,hnsw
pg-hnsw,100000,2,w1,691,2.051792,1.0,10,,hnsw
pg-hnsw,100000,2,w1,637,2.096417,1.0,10,,hnsw
pg-hnsw,100000,2,w1,169,2.901041,1.0,10,,hnsw
pg-hnsw,100000,2,w1,994,1.931791,1.0,10,,hnsw
pg-hnsw,100000,2,w1,874,2.400625,0.8,10,,hnsw
pg-hnsw,100000,2,w1,281,1.793791,0.9,10,,hnsw
pg-hnsw,100000,2,w1,477,4.803208,1.0,10,,hnsw
pg-hnsw,100000,2,w1,424,1.99475,1.0,10,,hnsw
pg-hnsw,100000,2,w1,398,3.60225,0.8,10,,hnsw
pg-hnsw,100000,2,w1,955,1.935125,1.0,10,,hnsw
pg-hnsw,100000,2,w1,957,1.662041,1.0,10,,hnsw
pg-hnsw,100000,2,w1,627,2.644334,0.8,10,,hnsw
pg-hnsw,100000,2,w1,444,1.956375,1.0,10,,hnsw
pg-hnsw,100000,2,w1,742,1.919875,1.0,10,,hnsw
pg-hnsw,100000,2,w1,869,1.6595,1.0,10,,hnsw
pg-hnsw,100000,2,w1,662,2.009667,1.0,10,,hnsw
pg-hnsw,100000,2,w1,871,2.003125,1.0,10,,hnsw
pg-hnsw,100000,2,w1,960,1.480125,1.0,10,,hnsw
pg-hnsw,100000,2,w1,455,1.500166,1.0,10,,hnsw
pg-hnsw,100000,2,w1,410,1.319459,1.0,10,,hnsw
pg-hnsw,100000,2,w1,293,1.671833,1.0,10,,hnsw
pg-hnsw,100000,2,w1,814,2.28225,1.0,10,,hnsw
pg-hnsw,100000,2,w1,836,2.117417,1.0,10,,hnsw
pg-hnsw,100000,2,w1,494,1.877958,0.9,10,,hnsw
pg-hnsw,100000,2,w1,749,1.720458,1.0,10,,hnsw
pg-hnsw,100000,2,w1,863,3.490042,1.0,10,,hnsw
pg-hnsw,100000,2,w1,439,2.267,1.0,10,,hnsw
pg-hnsw,100000,2,w1,269,2.085333,0.9,10,,hnsw
pg-hnsw,100000,2,w1,997,3.033417,1.0,10,,hnsw
pg-hnsw,100000,2,w1,642,2.664667,1.0,10,,hnsw
pg-hnsw,100000,2,w1,839,1.220917,1.0,10,,hnsw
pg-hnsw,100000,2,w1,868,1.608125,1.0,10,,hnsw
pg-hnsw,100000,2,w1,313,2.837208,1.0,10,,hnsw
pg-hnsw,100000,2,w1,140,2.332958,1.0,10,,hnsw
pg-hnsw,100000,2,w1,604,1.35775,1.0,10,,hnsw
pg-hnsw,100000,2,w1,137,1.692042,0.9,10,,hnsw
pg-hnsw,100000,2,w1,941,4.912083,1.0,10,,hnsw
pg-hnsw,100000,2,w1,314,3.014667,0.7,10,,hnsw
pg-hnsw,100000,2,w1,752,2.676083,1.0,10,,hnsw
pg-hnsw,100000,2,w1,296,1.9605,1.0,10,,hnsw
pg-hnsw,100000,2,w1,373,2.041125,1.0,10,,hnsw
pg-hnsw,100000,2,w1,438,2.005375,1.0,10,,hnsw
pg-hnsw,100000,2,w1,268,2.154875,1.0,10,,hnsw
pg-hnsw,100000,2,w1,741,2.408542,1.0,10,,hnsw
pg-hnsw,100000,2,w1,725,1.391667,1.0,10,,hnsw
pg-hnsw,100000,2,w1,133,1.629625,1.0,10,,hnsw
pg-hnsw,100000,2,w1,770,3.50725,0.6,10,,hnsw
pg-hnsw,100000,2,w1,825,2.000625,1.0,10,,hnsw
pg-hnsw,100000,2,w1,996,2.107417,1.0,10,,hnsw
pg-hnsw,100000,2,w1,421,2.042625,1.0,10,,hnsw
pg-hnsw,100000,2,w1,507,1.774666,1.0,10,,hnsw
pg-hnsw,100000,2,w1,568,2.03975,1.0,10,,hnsw
pg-hnsw,100000,2,w1,127,2.191291,0.8,10,,hnsw
pg-hnsw,100000,2,w1,481,1.678042,1.0,10,,hnsw
pg-hnsw,100000,2,w1,235,2.564333,0.8,10,,hnsw
pg-hnsw,100000,2,w1,148,2.638583,0.8,10,,hnsw
pg-hnsw,100000,2,w1,953,2.227791,0.5,10,,hnsw
pg-hnsw,100000,2,w1,258,1.364709,0.9,10,,hnsw
pg-hnsw,100000,2,w1,190,2.665166,1.0,10,,hnsw
pg-hnsw,100000,2,w1,548,1.802208,1.0,10,,hnsw
pg-hnsw,100000,2,w1,762,2.014125,1.0,10,,hnsw
pg-hnsw,100000,2,w1,607,1.368541,1.0,10,,hnsw
pg-hnsw,100000,2,w1,656,2.349625,1.0,10,,hnsw
pg-hnsw,100000,2,w1,233,2.191459,0.8,10,,hnsw
pg-hnsw,100000,2,w1,129,1.990791,0.4,10,,hnsw
pg-hnsw,100000,2,w1,666,1.921542,0.8,10,,hnsw
pg-hnsw,100000,2,w1,923,3.5925,1.0,10,,hnsw
pg-hnsw,100000,2,w1,247,2.014792,0.9,10,,hnsw
pg-hnsw,100000,2,w1,188,1.932375,1.0,10,,hnsw
pg-hnsw,100000,2,w1,938,2.0085,1.0,10,,hnsw
pg-hnsw,100000,2,w1,779,2.572375,0.2,10,,hnsw
pg-hnsw,100000,2,w1,621,1.662792,1.0,10,,hnsw
pg-hnsw,100000,2,w1,426,2.180375,1.0,10,,hnsw
pg-hnsw,100000,2,w1,785,2.353042,0.9,10,,hnsw
pg-hnsw,100000,2,w1,897,1.984167,1.0,10,,hnsw
pg-hnsw,100000,2,w1,967,2.16225,1.0,10,,hnsw
pg-hnsw,100000,2,w1,132,1.787042,1.0,10,,hnsw
pg-hnsw,100000,2,w1,512,2.730875,0.9,10,,hnsw
pg-hnsw,100000,2,w1,174,1.498667,1.0,10,,hnsw
pg-hnsw,100000,2,w1,555,2.227958,0.9,10,,hnsw
pg-hnsw,100000,2,w1,357,1.369459,1.0,10,,hnsw
pg-hnsw,100000,2,w1,217,2.356583,1.0,10,,hnsw
pg-hnsw,100000,2,w1,377,1.898625,1.0,10,,hnsw
pg-hnsw,100000,2,w1,516,1.572625,1.0,10,,hnsw
pg-hnsw,100000,2,w1,324,2.337375,0.5,10,,hnsw
pg-hnsw,100000,2,w1,279,2.421125,1.0,10,,hnsw
pg-hnsw,100000,2,w1,388,2.030416,1.0,10,,hnsw
pg-hnsw,100000,2,w1,600,2.459208,1.0,10,,hnsw
pg-hnsw,100000,2,w1,881,1.919417,1.0,10,,hnsw
pg-hnsw,100000,2,w1,935,3.846709,1.0,10,,hnsw
pg-hnsw,100000,2,w1,514,2.258875,1.0,10,,hnsw
pg-hnsw,100000,2,w1,965,2.005875,1.0,10,,hnsw
pg-hnsw,100000,2,w1,859,3.781208,1.0,10,,hnsw
pg-hnsw,100000,2,w1,384,2.197583,1.0,10,,hnsw
pg-hnsw,100000,2,w1,852,1.899959,1.0,10,,hnsw
pg-hnsw,100000,2,w1,209,4.557,1.0,10,,hnsw
pg-hnsw,100000,2,w1,445,2.629458,1.0,10,,hnsw
pg-hnsw,100000,2,w1,934,4.097959,1.0,10,,hnsw
pg-hnsw,100000,2,w1,716,1.346,1.0,10,,hnsw
pg-hnsw,100000,2,w1,669,2.011125,1.0,10,,hnsw
pg-hnsw,100000,2,w1,508,1.365666,1.0,10,,hnsw
pg-hnsw,100000,2,w1,509,3.128042,1.0,10,,hnsw
pg-hnsw,100000,2,w1,539,1.6735,1.0,10,,hnsw
pg-hnsw,100000,2,w1,699,1.911625,1.0,10,,hnsw
pg-hnsw,100000,2,w1,273,1.079959,1.0,10,,hnsw
pg-hnsw,100000,2,w1,448,1.7155,0.9,10,,hnsw
pg-hnsw,100000,2,w1,644,1.672083,1.0,10,,hnsw
pg-hnsw,100000,2,w1,952,1.908666,1.0,10,,hnsw
pg-hnsw,100000,2,w1,451,2.190125,0.8,10,,hnsw
pg-hnsw,100000,2,w1,761,2.107917,1.0,10,,hnsw
pg-hnsw,100000,2,w1,170,2.227375,0.9,10,,hnsw
pg-hnsw,100000,2,w1,873,2.050333,1.0,10,,hnsw
pg-hnsw,100000,2,w1,413,1.885917,1.0,10,,hnsw
pg-hnsw,100000,2,w1,524,2.104917,0.8,10,,hnsw
pg-hnsw,100000,2,w1,515,1.886417,1.0,10,,hnsw
pg-hnsw,100000,2,w1,304,1.703625,1.0,10,,hnsw
pg-hnsw,100000,2,w1,291,1.76025,1.0,10,,hnsw
pg-hnsw,100000,2,w1,404,1.460625,1.0,10,,hnsw
pg-hnsw,100000,2,w1,433,2.950875,0.9,10,,hnsw
pg-hnsw,100000,2,w1,376,2.215125,1.0,10,,hnsw
pg-hnsw,100000,2,w1,407,1.576125,1.0,10,,hnsw
pg-hnsw,100000,2,w1,886,2.05625,1.0,10,,hnsw
pg-hnsw,100000,2,w1,422,2.770625,1.0,10,,hnsw
pg-hnsw,100000,2,w1,962,2.214542,1.0,10,,hnsw
pg-hnsw,100000,2,w1,590,2.217291,0.8,10,,hnsw
pg-hnsw,100000,2,w1,792,1.862208,1.0,10,,hnsw
pg-hnsw,100000,2,w1,788,5.061166,0.4,10,,hnsw
pg-hnsw,100000,2,w1,830,1.863333,1.0,10,,hnsw
pg-hnsw,100000,2,w1,468,3.790375,1.0,10,,hnsw
pg-hnsw,100000,2,w1,403,2.895167,1.0,10,,hnsw
pg-hnsw,100000,2,w1,698,4.606125,0.9,10,,hnsw
pg-hnsw,100000,2,w1,638,1.995791,1.0,10,,hnsw
pg-hnsw,100000,2,w1,399,2.353334,1.0,10,,hnsw
pg-hnsw,100000,2,w1,622,5.66125,1.0,10,,hnsw
pg-hnsw,100000,2,w1,171,6.214916,0.9,10,,hnsw
pg-hnsw,100000,2,w1,295,1.773958,1.0,10,,hnsw
pg-hnsw,100000,2,w1,870,2.163417,1.0,10,,hnsw
pg-hnsw,100000,2,w1,199,1.728209,1.0,10,,hnsw
pg-hnsw,100000,2,w1,876,3.136209,1.0,10,,hnsw
pg-hnsw,100000,2,w1,542,2.499458,0.9,10,,hnsw
pg-hnsw,100000,2,w1,802,2.150875,1.0,10,,hnsw
pg-hnsw,100000,2,w1,271,3.210667,1.0,10,,hnsw
pg-hnsw,100000,2,w1,889,3.0815,0.4,10,,hnsw
pg-hnsw,100000,2,w1,107,2.019375,1.0,10,,hnsw
pg-hnsw,100000,2,w1,643,1.980791,0.9,10,,hnsw
pg-hnsw,100000,2,w1,150,2.021,1.0,10,,hnsw
pg-hnsw,100000,2,w1,578,1.646875,1.0,10,,hnsw
pg-hnsw,100000,2,w1,584,1.754792,1.0,10,,hnsw
pg-hnsw,100000,2,w1,815,5.347542,1.0,10,,hnsw
pg-hnsw,100000,2,w1,576,2.26275,0.7,10,,hnsw
pg-hnsw,100000,2,w1,182,2.063875,1.0,10,,hnsw
pg-hnsw,100000,2,w1,629,2.36275,0.9,10,,hnsw
pg-hnsw,100000,2,w1,612,2.151167,1.0,10,,hnsw
pg-hnsw,100000,2,w1,322,1.543,1.0,10,,hnsw
pg-hnsw,100000,2,w1,720,1.174459,0.6,10,,hnsw
pg-hnsw,100000,2,w1,560,1.4295,1.0,10,,hnsw
pg-hnsw,100000,2,w1,207,3.6085,1.0,10,,hnsw
pg-hnsw,100000,2,w1,655,6.251792,1.0,10,,hnsw
pg-hnsw,100000,2,w1,506,3.220041,0.8,10,,hnsw
pg-hnsw,100000,2,w1,290,2.28975,1.0,10,,hnsw
pg-hnsw,100000,2,w1,764,2.131416,1.0,10,,hnsw
pg-hnsw,100000,2,w1,143,2.19325,1.0,10,,hnsw
pg-hnsw,100000,2,w1,102,2.032958,1.0,10,,hnsw
pg-hnsw,100000,2,w1,977,2.509125,1.0,10,,hnsw
pg-hnsw,100000,2,w1,114,2.545833,0.9,10,,hnsw
pg-hnsw,100000,2,w1,526,2.215375,1.0,10,,hnsw
pg-hnsw,100000,2,w1,606,1.648166,1.0,10,,hnsw
pg-hnsw,100000,2,w1,245,1.315042,1.0,10,,hnsw
pg-hnsw,100000,2,w1,389,2.619583,1.0,10,,hnsw
pg-hnsw,100000,2,w1,369,1.966959,1.0,10,,hnsw
pg-hnsw,100000,2,w1,347,1.796875,1.0,10,,hnsw
pg-hnsw,100000,2,w1,980,1.23,1.0,10,,hnsw
pg-hnsw,100000,2,w1,909,1.709,1.0,10,,hnsw
pg-hnsw,100000,2,w1,708,4.035625,1.0,10,,hnsw
pg-hnsw,100000,2,w1,875,2.5875,1.0,10,,hnsw
pg-hnsw,100000,2,w1,834,5.779333,0.9,10,,hnsw
pg-hnsw,100000,2,w1,484,1.714791,1.0,10,,hnsw
pg-hnsw,100000,2,w1,462,1.819333,1.0,10,,hnsw
pg-hnsw,100000,2,w1,234,2.516583,1.0,10,,hnsw
pg-hnsw,100000,2,w1,913,1.841125,1.0,10,,hnsw
pg-hnsw,100000,2,w1,545,1.956834,1.0,10,,hnsw
pg-hnsw,100000,2,w1,145,1.851042,1.0,10,,hnsw
pg-hnsw,100000,2,w1,756,2.342875,1.0,10,,hnsw
pg-hnsw,100000,2,w1,803,2.1965,0.9,10,,hnsw
pg-hnsw,100000,2,w1,286,1.960458,1.0,10,,hnsw
pg-hnsw,100000,2,w1,534,1.947708,1.0,10,,hnsw
pg-hnsw,100000,2,w1,222,2.46875,0.8,10,,hnsw
pg-hnsw,100000,2,w1,473,1.69575,0.8,10,,hnsw
pg-hnsw,100000,2,w1,360,1.79825,1.0,10,,hnsw
pg-hnsw,100000,2,w1,474,1.181292,1.0,10,,hnsw
pg-hnsw,100000,2,w1,879,1.131041,1.0,10,,hnsw
pg-hnsw,100000,2,w1,828,1.960875,1.0,10,,hnsw
pg-hnsw,100000,2,w1,843,1.804709,1.0,10,,hnsw
pg-hnsw,100000,2,w1,602,1.535125,1.0,10,,hnsw
pg-hnsw,100000,2,w1,537,2.443125,0.7,10,,hnsw
pg-hnsw,100000,2,w1,285,6.918416,1.0,10,,hnsw
pg-hnsw,100000,2,w1,387,1.681875,1.0,10,,hnsw
pg-hnsw,100000,2,w1,354,2.138584,1.0,10,,hnsw
pg-hnsw,100000,2,w1,743,2.009,1.0,10,,hnsw
pg-hnsw,100000,2,w1,781,1.214542,1.0,10,,hnsw
pg-hnsw,100000,2,w1,241,1.761709,1.0,10,,hnsw
pg-hnsw,100000,2,w1,620,3.574667,1.0,10,,hnsw
pg-hnsw,100000,2,w1,123,2.265167,1.0,10,,hnsw
pg-hnsw,100000,2,w1,636,1.873,1.0,10,,hnsw
pg-hnsw,100000,2,w1,457,1.769041,1.0,10,,hnsw
pg-hnsw,100000,2,w1,466,5.349792,1.0,10,,hnsw
pg-hnsw,100000,2,w1,502,1.816166,1.0,10,,hnsw
pg-hnsw,100000,2,w1,616,1.464125,0.9,10,,hnsw
pg-hnsw,100000,2,w1,728,1.900458,1.0,10,,hnsw
pg-hnsw,100000,2,w1,580,2.24975,0.7,10,,hnsw
pg-hnsw,100000,2,w1,789,2.066625,0.6,10,,hnsw
pg-hnsw,100000,2,w1,906,1.049375,1.0,10,,hnsw
pg-hnsw,100000,2,w1,105,1.377083,0.9,10,,hnsw
pg-hnsw,100000,2,w1,603,3.76,1.0,10,,hnsw
pg-hnsw,100000,2,w1,648,2.41675,0.8,10,,hnsw
pg-hnsw,100000,2,w1,703,1.792375,1.0,10,,hnsw
pg-hnsw,100000,2,w1,682,2.694042,1.0,10,,hnsw
pg-hnsw,100000,2,w1,858,1.41,1.0,10,,hnsw
pg-hnsw,100000,2,w1,144,1.69825,1.0,10,,hnsw
pg-hnsw,100000,2,w1,456,2.224625,1.0,10,,hnsw
pg-hnsw,100000,2,w1,120,2.532167,0.3,10,,hnsw
pg-hnsw,100000,2,w1,626,2.007209,1.0,10,,hnsw
pg-hnsw,100000,2,w1,417,5.884834,1.0,10,,hnsw
pg-hnsw,100000,2,w1,902,2.716041,0.9,10,,hnsw
pg-hnsw,100000,2,w1,380,2.335541,0.7,10,,hnsw
pg-hnsw,100000,2,w1,550,3.954875,1.0,10,,hnsw
pg-hnsw,100000,2,w1,771,2.159958,1.0,10,,hnsw
pg-hnsw,100000,2,w1,848,1.468916,1.0,10,,hnsw
pg-hnsw,100000,2,w1,288,1.515209,1.0,10,,hnsw
pg-hnsw,100000,2,w1,676,3.035208,1.0,10,,hnsw
pg-hnsw,100000,2,w1,579,2.252834,0.9,10,,hnsw
pg-hnsw,100000,2,w1,307,1.734292,1.0,10,,hnsw
pg-hnsw,100000,2,w1,784,1.937541,1.0,10,,hnsw
pg-hnsw,100000,2,w1,661,2.409375,1.0,10,,hnsw
pg-hnsw,100000,2,w1,343,2.029459,1.0,10,,hnsw
pg-hnsw,100000,2,w1,751,1.570208,1.0,10,,hnsw
pg-hnsw,100000,2,w1,998,1.403875,1.0,10,,hnsw
pg-hnsw,100000,2,w1,850,1.860084,1.0,10,,hnsw
pg-hnsw,100000,2,w1,197,1.464125,1.0,10,,hnsw
pg-hnsw,100000,2,w1,973,1.521666,1.0,10,,hnsw
pg-hnsw,100000,2,w1,496,1.632792,1.0,10,,hnsw
pg-hnsw,100000,2,w1,450,1.52325,1.0,10,,hnsw
pg-hnsw,100000,2,w1,244,1.540041,1.0,10,,hnsw
pg-hnsw,100000,2,w1,256,2.138542,0.9,10,,hnsw
pg-hnsw,100000,2,w1,571,1.828625,1.0,10,,hnsw
pg-hnsw,100000,2,w1,100,1.405833,1.0,10,,hnsw
pg-hnsw,100000,2,w1,110,2.137834,1.0,10,,hnsw
pg-hnsw,100000,2,w1,427,1.93775,0.6,10,,hnsw
pg-hnsw,100000,2,w1,817,1.305667,1.0,10,,hnsw
pg-hnsw,100000,2,w1,405,1.681708,1.0,10,,hnsw
pg-hnsw,100000,2,w1,465,1.952708,1.0,10,,hnsw
pg-hnsw,100000,2,w1,634,2.319041,1.0,10,,hnsw
pg-hnsw,100000,2,w1,976,2.042375,1.0,10,,hnsw
pg-hnsw,100000,2,w1,753,1.200041,1.0,10,,hnsw
pg-hnsw,100000,2,w1,646,1.513,0.9,10,,hnsw
pg-hnsw,100000,2,w1,432,1.776209,1.0,10,,hnsw
pg-hnsw,100000,2,w1,204,1.808959,1.0,10,,hnsw
pg-hnsw,100000,2,w1,499,1.397083,0.8,10,,hnsw
pg-hnsw,100000,2,w1,905,1.562583,1.0,10,,hnsw
pg-hnsw,100000,2,w1,320,1.563791,1.0,10,,hnsw
pg-hnsw,100000,2,w1,535,2.553958,1.0,10,,hnsw
pg-hnsw,100000,2,w1,303,2.156,1.0,10,,hnsw
pg-hnsw,100000,2,w1,323,1.398542,1.0,10,,hnsw
pg-hnsw,100000,2,w1,970,1.763792,1.0,10,,hnsw
pg-hnsw,100000,2,w1,653,1.756209,1.0,10,,hnsw
pg-hnsw,100000,2,w1,239,3.58225,1.0,10,,hnsw
pg-hnsw,100000,2,w1,176,1.615083,1.0,10,,hnsw
pg-hnsw,100000,2,w1,300,1.840875,1.0,10,,hnsw
pg-hnsw,100000,2,w1,153,1.636292,1.0,10,,hnsw
pg-hnsw,100000,2,w1,299,4.539125,1.0,10,,hnsw
pg-hnsw,100000,2,w1,744,2.129708,1.0,10,,hnsw
pg-hnsw,100000,2,w1,500,1.52225,1.0,10,,hnsw
pg-hnsw,100000,2,w1,318,3.207583,1.0,10,,hnsw
pg-hnsw,100000,2,w1,982,1.823625,0.9,10,,hnsw
pg-hnsw,100000,2,w1,442,1.684333,1.0,10,,hnsw
pg-hnsw,100000,2,w1,330,1.604084,1.0,10,,hnsw
pg-hnsw,100000,2,w1,614,1.843125,1.0,10,,hnsw
pg-hnsw,100000,2,w1,564,1.675416,1.0,10,,hnsw
pg-hnsw,100000,2,w1,326,1.139792,1.0,10,,hnsw
pg-hnsw,100000,2,w1,259,0.997625,1.0,10,,hnsw
pg-hnsw,100000,2,w1,721,1.41675,1.0,10,,hnsw
pg-hnsw,100000,2,w1,487,1.435291,1.0,10,,hnsw
pg-hnsw,100000,2,w1,659,2.397625,0.9,10,,hnsw
pg-hnsw,100000,2,w1,363,1.879167,0.9,10,,hnsw
pg-hnsw,100000,2,w1,899,1.896375,0.9,10,,hnsw
pg-hnsw,100000,2,w1,485,1.373208,1.0,10,,hnsw
pg-hnsw,100000,2,w1,732,2.841542,0.8,10,,hnsw
pg-hnsw,100000,2,w1,173,1.322875,0.9,10,,hnsw
pg-hnsw,100000,2,w1,196,2.155417,0.6,10,,hnsw
pg-hnsw,100000,2,w1,822,1.855625,1.0,10,,hnsw
pg-hnsw,100000,2,w1,397,2.190709,0.9,10,,hnsw
pg-hnsw,100000,2,w1,664,2.364416,0.8,10,,hnsw
pg-hnsw,100000,2,w1,434,1.742042,1.0,10,,hnsw
pg-hnsw,100000,2,w1,601,2.448208,0.9,10,,hnsw
pg-hnsw,100000,2,w1,379,1.735167,1.0,10,,hnsw
pg-hnsw,100000,2,w1,401,1.909125,1.0,10,,hnsw
pg-hnsw,100000,2,w1,589,1.832417,0.7,10,,hnsw
pg-hnsw,100000,2,w1,757,1.560583,0.9,10,,hnsw
pg-hnsw,100000,2,w1,717,1.204666,1.0,10,,hnsw
pg-hnsw,100000,2,w1,613,1.212958,1.0,10,,hnsw
pg-hnsw,100000,2,w1,166,1.839541,1.0,10,,hnsw
pg-hnsw,100000,2,w1,794,1.158792,1.0,10,,hnsw
pg-hnsw,100000,2,w1,942,1.893667,1.0,10,,hnsw
pg-hnsw,100000,2,w1,249,1.478333,1.0,10,,hnsw
pg-hnsw,100000,2,w1,125,2.699833,0.9,10,,hnsw
pg-hnsw,100000,2,w1,618,1.574792,1.0,10,,hnsw
pg-hnsw,100000,2,w1,425,2.579042,0.9,10,,hnsw
pg-hnsw,100000,2,w1,332,1.719,1.0,10,,hnsw
pg-hnsw,100000,2,w1,563,1.651667,0.9,10,,hnsw
pg-hnsw,100000,2,w1,888,1.801791,1.0,10,,hnsw
pg-hnsw,100000,2,w1,787,1.551084,1.0,10,,hnsw
pg-hnsw,100000,2,w1,711,1.513625,0.9,10,,hnsw
pg-hnsw,100000,2,w1,908,1.4375,1.0,10,,hnsw
pg-hnsw,100000,2,w1,773,1.748291,1.0,10,,hnsw
pg-hnsw,100000,2,w1,135,1.729666,0.9,10,,hnsw
pg-hnsw,100000,2,w1,853,1.913208,0.6,10,,hnsw
pg-hnsw,100000,2,w1,623,1.810625,1.0,10,,hnsw
pg-hnsw,100000,2,w1,521,1.539417,1.0,10,,hnsw
pg-hnsw,100000,2,w1,119,1.518208,1.0,10,,hnsw
pg-hnsw,100000,2,w1,478,1.9615,1.0,10,,hnsw
pg-hnsw,100000,2,w1,195,1.360666,1.0,10,,hnsw
pg-hnsw,100000,2,w1,647,1.613625,1.0,10,,hnsw
pg-hnsw,100000,2,w1,536,1.742166,1.0,10,,hnsw
pg-hnsw,100000,2,w1,283,2.922375,1.0,10,,hnsw
pg-hnsw,100000,2,w1,610,1.806959,0.9,10,,hnsw
pg-hnsw,100000,2,w1,981,1.845125,1.0,10,,hnsw
pg-hnsw,100000,2,w1,824,1.372666,1.0,10,,hnsw
pg-hnsw,100000,2,w1,414,4.165333,1.0,10,,hnsw
pg-hnsw,100000,2,w1,310,2.07,1.0,10,,hnsw
pg-hnsw,100000,2,w1,929,2.146,1.0,10,,hnsw
pg-hnsw,100000,2,w1,963,2.582709,1.0,10,,hnsw
pg-hnsw,100000,2,w1,402,1.110959,1.0,10,,hnsw
pg-hnsw,100000,2,w1,277,1.201916,1.0,10,,hnsw
pg-hnsw,100000,2,w1,216,1.481125,1.0,10,,hnsw
pg-hnsw,100000,2,w1,832,1.621,1.0,10,,hnsw
pg-hnsw,100000,2,w1,840,3.107458,1.0,10,,hnsw
pg-hnsw,100000,2,w1,520,2.251,1.0,10,,hnsw
pg-hnsw,100000,2,w1,391,1.965833,1.0,10,,hnsw
pg-hnsw,100000,2,w1,538,1.681625,1.0,10,,hnsw
pg-hnsw,100000,2,w1,518,6.341834,1.0,10,,hnsw
pg-hnsw,100000,2,w1,745,5.40025,0.9,10,,hnsw
pg-hnsw,100000,2,w1,838,2.362792,1.0,10,,hnsw
pg-hnsw,100000,2,w1,420,1.691792,1.0,10,,hnsw
pg-hnsw,100000,2,w1,385,2.14075,1.0,10,,hnsw
pg-hnsw,100000,2,w1,202,1.37025,1.0,10,,hnsw
pg-hnsw,100000,2,w1,887,1.786583,1.0,10,,hnsw
pg-hnsw,100000,2,w1,778,2.061833,1.0,10,,hnsw
pg-hnsw,100000,2,w1,441,4.09825,1.0,10,,hnsw
pg-hnsw,100000,2,w1,730,1.761541,1.0,10,,hnsw
pg-hnsw,100000,2,w1,740,1.846375,1.0,10,,hnsw
pg-hnsw,100000,2,w1,723,1.362083,1.0,10,,hnsw
pg-hnsw,100000,2,w1,342,2.842167,0.9,10,,hnsw
pg-hnsw,100000,2,w1,395,1.832417,1.0,10,,hnsw
pg-hnsw,100000,2,w1,993,1.696125,1.0,10,,hnsw
pg-hnsw,100000,2,w1,372,1.682292,1.0,10,,hnsw
pg-hnsw,100000,2,w1,146,3.84575,1.0,10,,hnsw
pg-hnsw,100000,2,w1,497,1.90675,1.0,10,,hnsw
pg-hnsw,100000,2,w1,255,1.637833,1.0,10,,hnsw
pg-hnsw,100000,2,w1,872,1.429583,1.0,10,,hnsw
pg-hnsw,100000,2,w1,593,2.373917,1.0,10,,hnsw
pg-hnsw,100000,2,w1,878,1.411666,1.0,10,,hnsw
pg-hnsw,100000,2,w1,903,1.939625,0.9,10,,hnsw
pg-hnsw,100000,2,w1,348,1.143167,1.0,10,,hnsw
pg-hnsw,100000,2,w1,594,1.104334,1.0,10,,hnsw
pg-hnsw,100000,2,w1,763,2.244125,1.0,10,,hnsw
pg-hnsw,100000,2,w1,900,2.013458,1.0,10,,hnsw
pg-hnsw,100000,2,w1,689,1.92275,1.0,10,,hnsw
pg-hnsw,100000,2,w1,591,1.871583,1.0,10,,hnsw
pg-hnsw,100000,2,w1,573,3.657625,1.0,10,,hnsw
pg-hnsw,100000,2,w1,567,1.622834,1.0,10,,hnsw
pg-hnsw,100000,2,w1,353,1.463833,1.0,10,,hnsw
pg-hnsw,100000,2,w1,915,3.208208,1.0,10,,hnsw
pg-hnsw,100000,2,w1,919,2.451375,1.0,10,,hnsw
pg-hnsw,100000,2,w1,995,2.036708,1.0,10,,hnsw
pg-hnsw,100000,2,w1,866,1.825708,1.0,10,,hnsw
pg-hnsw,100000,2,w1,139,1.641583,1.0,10,,hnsw
pg-hnsw,100000,2,w1,688,2.120834,1.0,10,,hnsw
pg-hnsw,100000,2,w1,523,1.321042,1.0,10,,hnsw
pg-hnsw,100000,2,w1,854,1.684209,1.0,10,,hnsw
pg-hnsw,100000,2,w1,635,1.885667,1.0,10,,hnsw
pg-hnsw,100000,2,w1,543,2.699417,0.5,10,,hnsw
pg-hnsw,100000,2,w1,168,1.543833,1.0,10,,hnsw
pg-hnsw,100000,2,w1,772,1.947458,1.0,10,,hnsw
pg-hnsw,100000,2,w1,493,1.388625,1.0,10,,hnsw
pg-hnsw,100000,2,w1,880,3.342917,0.8,10,,hnsw
pg-hnsw,100000,2,w1,774,1.838458,1.0,10,,hnsw
pg-hnsw,100000,2,w1,198,2.109459,0.9,10,,hnsw
pg-hnsw,100000,2,w1,570,2.045709,1.0,10,,hnsw
pg-hnsw,100000,2,w1,292,1.783541,1.0,10,,hnsw
pg-hnsw,100000,2,w1,325,2.392292,0.8,10,,hnsw
pg-hnsw,100000,2,w1,187,1.791209,1.0,10,,hnsw
pg-hnsw,100000,2,w1,189,1.479291,1.0,10,,hnsw
pg-hnsw,100000,2,w1,861,2.825667,0.8,10,,hnsw
pg-hnsw,100000,2,w1,619,1.826584,1.0,10,,hnsw
pg-hnsw,100000,2,w1,654,2.1395,0.9,10,,hnsw
pg-hnsw,100000,2,w1,722,1.691667,0.9,10,,hnsw
pg-hnsw,100000,2,w1,341,2.515,1.0,10,,hnsw
pg-hnsw,100000,2,w1,667,1.79275,0.9,10,,hnsw
pg-hnsw,100000,2,w1,213,1.994667,0.9,10,,hnsw
pg-hnsw,100000,2,w1,459,6.103083,1.0,10,,hnsw
pg-hnsw,100000,2,w1,418,1.761209,1.0,10,,hnsw
pg-hnsw,100000,2,w1,595,1.957583,0.9,10,,hnsw
pg-hnsw,100000,2,w1,846,2.7945,0.8,10,,hnsw
pg-hnsw,100000,2,w1,754,1.707208,1.0,10,,hnsw
pg-hnsw,100000,2,w1,510,2.142542,0.9,10,,hnsw
pg-hnsw,100000,2,w1,933,1.612958,1.0,10,,hnsw
pg-hnsw,100000,2,w1,126,2.806458,0.9,10,,hnsw
pg-hnsw,100000,2,w2_50,815,2.800209,1.0,10,,planner_filtered_query_hnsw_expected
pg-hnsw,100000,2,w2_50,331,2.458833,1.0,10,,planner_filtered_query_hnsw_expected
pg-hnsw,100000,2,w2_50,176,1.944166,1.0,10,,planner_filtered_query_hnsw_expected
pg-hnsw,100000,2,w2_50,744,2.101334,1.0,10,,planner_filtered_query_hnsw_expected
pg-hnsw,100000,2,w2_50,136,1.939292,1.0,10,,planner_filtered_query_hnsw_expected
pg-hnsw,100000,2,w2_50,845,2.918209,1.0,10,,planner_filtered_query_hnsw_expected
pg-hnsw,100000,2,w2_50,880,1.518875,0.6,10,,planner_filtered_query_hnsw_expected
pg-hnsw,100000,2,w2_50,235,1.602708,0.8,10,,planner_filtered_query_hnsw_expected
pg-hnsw,100000,2,w2_50,394,2.620666,0.5,10,,planner_filtered_query_hnsw_expected
pg-hnsw,100000,2,w2_50,533,1.746,1.0,10,,planner_filtered_query_hnsw_expected
pg-hnsw,100000,2,w2_50,898,2.063333,1.0,10,,planner_filtered_query_hnsw_expected
pg-hnsw,100000,2,w2_50,635,1.712291,1.0,10,,planner_filtered_query_hnsw_expected
pg-hnsw,100000,2,w2_50,771,4.152791,1.0,10,,planner_filtered_query_hnsw_expected
pg-hnsw,100000,2,w2_50,453,2.10775,0.9,10,,planner_filtered_query_hnsw_expected
pg-hnsw,100000,2,w2_50,132,1.728791,1.0,10,,planner_filtered_query_hnsw_expected
pg-hnsw,100000,2,w2_50,697,4.317708,1.0,10,,planner_filtered_query_hnsw_expected
pg-hnsw,100000,2,w2_50,614,2.633,1.0,10,,planner_filtered_query_hnsw_expected
pg-hnsw,100000,2,w2_50,732,1.812708,0.8,10,,planner_filtered_query_hnsw_expected
pg-hnsw,100000,2,w2_50,143,2.051208,1.0,10,,planner_filtered_query_hnsw_expected
pg-hnsw,100000,2,w2_50,946,2.058958,0.9,10,,planner_filtered_query_hnsw_expected
pg-hnsw,100000,2,w2_50,728,1.478917,1.0,10,,planner_filtered_query_hnsw_expected
pg-hnsw,100000,2,w2_50,627,3.480583,0.8,10,,planner_filtered_query_hnsw_expected
pg-hnsw,100000,2,w2_50,751,3.012166,1.0,10,,planner_filtered_query_hnsw_expected
pg-hnsw,100000,2,w2_50,352,1.684584,1.0,10,,planner_filtered_query_hnsw_expected
pg-hnsw,100000,2,w2_50,476,2.146625,1.0,10,,planner_filtered_query_hnsw_expected
pg-hnsw,100000,2,w2_50,721,2.144167,1.0,10,,planner_filtered_query_hnsw_expected
pg-hnsw,100000,2,w2_50,894,2.036542,1.0,10,,planner_filtered_query_hnsw_expected
pg-hnsw,100000,2,w2_50,595,1.985875,0.9,10,,planner_filtered_query_hnsw_expected
pg-hnsw,100000,2,w2_50,220,1.972292,1.0,10,,planner_filtered_query_hnsw_expected
pg-hnsw,100000,2,w2_50,642,1.638292,1.0,10,,planner_filtered_query_hnsw_expected
pg-hnsw,100000,2,w2_50,486,2.254625,1.0,10,,planner_filtered_query_hnsw_expected
pg-hnsw,100000,2,w2_50,895,1.843208,1.0,10,,planner_filtered_query_hnsw_expected
pg-hnsw,100000,2,w2_50,925,2.063084,0.6,10,,planner_filtered_query_hnsw_expected
pg-hnsw,100000,2,w2_50,806,2.848625,1.0,10,,planner_filtered_query_hnsw_expected
pg-hnsw,100000,2,w2_50,967,2.088583,1.0,10,,planner_filtered_query_hnsw_expected
pg-hnsw,100000,2,w2_50,232,1.514709,1.0,10,,planner_filtered_query_hnsw_expected
pg-hnsw,100000,2,w2_50,902,2.030584,0.9,10,,planner_filtered_query_hnsw_expected
pg-hnsw,100000,2,w2_50,256,2.443208,0.9,10,,planner_filtered_query_hnsw_expected
pg-hnsw,100000,2,w2_50,640,2.304334,0.9,10,,planner_filtered_query_hnsw_expected
pg-hnsw,100000,2,w2_50,479,2.26625,1.0,10,,planner_filtered_query_hnsw_expected
pg-hnsw,100000,2,w2_50,568,2.046959,1.0,10,,planner_filtered_query_hnsw_expected
pg-hnsw,100000,2,w2_50,140,5.096291,1.0,10,,planner_filtered_query_hnsw_expected
pg-hnsw,100000,2,w2_50,841,1.74725,1.0,10,,planner_filtered_query_hnsw_expected
pg-hnsw,100000,2,w2_50,417,1.821709,1.0,10,,planner_filtered_query_hnsw_expected
pg-hnsw,100000,2,w2_50,862,3.013792,1.0,10,,planner_filtered_query_hnsw_expected
pg-hnsw,100000,2,w2_50,301,1.739458,1.0,10,,planner_filtered_query_hnsw_expected
pg-hnsw,100000,2,w2_50,639,1.6865,1.0,10,,planner_filtered_query_hnsw_expected
pg-hnsw,100000,2,w2_50,332,3.214,1.0,10,,planner_filtered_query_hnsw_expected
pg-hnsw,100000,2,w2_50,680,1.699834,1.0,10,,planner_filtered_query_hnsw_expected
pg-hnsw,100000,2,w2_50,209,2.086459,1.0,10,,planner_filtered_query_hnsw_expected
pg-hnsw,100000,2,w2_50,961,2.183,1.0,10,,planner_filtered_query_hnsw_expected
pg-hnsw,100000,2,w2_50,225,2.772167,1.0,10,,planner_filtered_query_hnsw_expected
pg-hnsw,100000,2,w2_50,236,2.566292,0.8,10,,planner_filtered_query_hnsw_expected
pg-hnsw,100000,2,w2_50,912,2.402375,1.0,10,,planner_filtered_query_hnsw_expected
pg-hnsw,100000,2,w2_50,731,2.586208,1.0,10,,planner_filtered_query_hnsw_expected
pg-hnsw,100000,2,w2_50,689,2.336042,1.0,10,,planner_filtered_query_hnsw_expected
pg-hnsw,100000,2,w2_50,403,2.399542,1.0,10,,planner_filtered_query_hnsw_expected
pg-hnsw,100000,2,w2_50,305,1.934208,0.9,10,,planner_filtered_query_hnsw_expected
pg-hnsw,100000,2,w2_50,754,2.32,1.0,10,,planner_filtered_query_hnsw_expected
pg-hnsw,100000,2,w2_50,830,2.108084,1.0,10,,planner_filtered_query_hnsw_expected
pg-hnsw,100000,2,w2_50,825,1.78425,1.0,10,,planner_filtered_query_hnsw_expected
pg-hnsw,100000,2,w2_50,458,2.076958,1.0,10,,planner_filtered_query_hnsw_expected
pg-hnsw,100000,2,w2_50,433,2.096209,1.0,10,,planner_filtered_query_hnsw_expected
pg-hnsw,100000,2,w2_50,376,2.146125,1.0,10,,planner_filtered_query_hnsw_expected
pg-hnsw,100000,2,w2_50,953,2.081875,0.6,10,,planner_filtered_query_hnsw_expected
pg-hnsw,100000,2,w2_50,427,3.162459,0.6,10,,planner_filtered_query_hnsw_expected
pg-hnsw,100000,2,w2_50,752,2.437333,0.9,10,,planner_filtered_query_hnsw_expected
pg-hnsw,100000,2,w2_50,347,1.920542,1.0,10,,planner_filtered_query_hnsw_expected
pg-hnsw,100000,2,w2_50,279,1.45675,1.0,10,,planner_filtered_query_hnsw_expected
pg-hnsw,100000,2,w2_50,756,6.280334,1.0,10,,planner_filtered_query_hnsw_expected
pg-hnsw,100000,2,w2_50,780,2.024333,1.0,10,,planner_filtered_query_hnsw_expected
pg-hnsw,100000,2,w2_50,165,2.172625,1.0,10,,planner_filtered_query_hnsw_expected
pg-hnsw,100000,2,w2_50,151,2.505417,1.0,10,,planner_filtered_query_hnsw_expected
pg-hnsw,100000,2,w2_50,315,1.36925,1.0,10,,planner_filtered_query_hnsw_expected
pg-hnsw,100000,2,w2_50,873,2.016875,1.0,10,,planner_filtered_query_hnsw_expected
pg-hnsw,100000,2,w2_50,929,2.887959,1.0,10,,planner_filtered_query_hnsw_expected
pg-hnsw,100000,2,w2_50,268,2.201,1.0,10,,planner_filtered_query_hnsw_expected
pg-hnsw,100000,2,w2_50,388,1.844,1.0,10,,planner_filtered_query_hnsw_expected
pg-hnsw,100000,2,w2_50,956,2.55,0.9,10,,planner_filtered_query_hnsw_expected
pg-hnsw,100000,2,w2_50,354,1.9875,1.0,10,,planner_filtered_query_hnsw_expected
pg-hnsw,100000,2,w2_50,439,2.019708,1.0,10,,planner_filtered_query_hnsw_expected
pg-hnsw,100000,2,w2_50,539,1.835334,1.0,10,,planner_filtered_query_hnsw_expected
pg-hnsw,100000,2,w2_50,321,2.171792,1.0,10,,planner_filtered_query_hnsw_expected
pg-hnsw,100000,2,w2_50,353,2.26275,1.0,10,,planner_filtered_query_hnsw_expected
pg-hnsw,100000,2,w2_50,398,2.40425,0.8,10,,planner_filtered_query_hnsw_expected
pg-hnsw,100000,2,w2_50,758,2.367084,0.8,10,,planner_filtered_query_hnsw_expected
pg-hnsw,100000,2,w2_50,875,2.710542,0.8,10,,planner_filtered_query_hnsw_expected
pg-hnsw,100000,2,w2_50,885,2.226333,1.0,10,,planner_filtered_query_hnsw_expected
pg-hnsw,100000,2,w2_50,948,1.830667,1.0,10,,planner_filtered_query_hnsw_expected
pg-hnsw,100000,2,w2_50,391,1.953792,1.0,10,,planner_filtered_query_hnsw_expected
pg-hnsw,100000,2,w2_50,888,2.949875,1.0,10,,planner_filtered_query_hnsw_expected
pg-hnsw,100000,2,w2_50,615,2.062667,1.0,10,,planner_filtered_query_hnsw_expected
pg-hnsw,100000,2,w2_50,107,1.741,1.0,10,,planner_filtered_query_hnsw_expected
pg-hnsw,100000,2,w2_50,588,3.108458,0.9,10,,planner_filtered_query_hnsw_expected
pg-hnsw,100000,2,w2_50,281,2.109292,1.0,10,,planner_filtered_query_hnsw_expected
pg-hnsw,100000,2,w2_50,928,2.1395,1.0,10,,planner_filtered_query_hnsw_expected
pg-hnsw,100000,2,w2_50,442,1.985,1.0,10,,planner_filtered_query_hnsw_expected
pg-hnsw,100000,2,w2_50,161,2.390542,0.9,10,,planner_filtered_query_hnsw_expected
pg-hnsw,100000,2,w2_50,467,1.923167,1.0,10,,planner_filtered_query_hnsw_expected
pg-hnsw,100000,2,w2_50,843,1.369667,1.0,10,,planner_filtered_query_hnsw_expected
pg-hnsw,100000,2,w2_50,703,1.78475,1.0,10,,planner_filtered_query_hnsw_expected
pg-hnsw,100000,2,w2_50,101,2.15075,0.6,10,,planner_filtered_query_hnsw_expected
pg-hnsw,100000,2,w2_50,622,1.801583,1.0,10,,planner_filtered_query_hnsw_expected
pg-hnsw,100000,2,w2_50,562,1.436834,1.0,10,,planner_filtered_query_hnsw_expected
pg-hnsw,100000,2,w2_50,537,2.009,0.6,10,,planner_filtered_query_hnsw_expected
pg-hnsw,100000,2,w2_50,104,1.207375,1.0,10,,planner_filtered_query_hnsw_expected
pg-hnsw,100000,2,w2_50,419,2.59475,1.0,10,,planner_filtered_query_hnsw_expected
pg-hnsw,100000,2,w2_50,759,1.766208,0.9,10,,planner_filtered_query_hnsw_expected
pg-hnsw,100000,2,w2_50,205,1.571709,1.0,10,,planner_filtered_query_hnsw_expected
pg-hnsw,100000,2,w2_50,657,1.4785,1.0,10,,planner_filtered_query_hnsw_expected
pg-hnsw,100000,2,w2_50,446,1.356167,1.0,10,,planner_filtered_query_hnsw_expected
pg-hnsw,100000,2,w2_50,572,1.603542,0.9,10,,planner_filtered_query_hnsw_expected
pg-hnsw,100000,2,w2_50,919,1.754916,1.0,10,,planner_filtered_query_hnsw_expected
pg-hnsw,100000,2,w2_50,230,1.758666,1.0,10,,planner_filtered_query_hnsw_expected
pg-hnsw,100000,2,w2_50,857,1.326334,1.0,10,,planner_filtered_query_hnsw_expected
pg-hnsw,100000,2,w2_50,569,1.187333,1.0,10,,planner_filtered_query_hnsw_expected
pg-hnsw,100000,2,w2_50,718,1.911875,0.8,10,,planner_filtered_query_hnsw_expected
pg-hnsw,100000,2,w2_50,525,1.150625,1.0,10,,planner_filtered_query_hnsw_expected
pg-hnsw,100000,2,w2_50,350,1.761292,1.0,10,,planner_filtered_query_hnsw_expected
pg-hnsw,100000,2,w2_50,169,1.487625,1.0,10,,planner_filtered_query_hnsw_expected
pg-hnsw,100000,2,w2_50,866,1.90575,1.0,10,,planner_filtered_query_hnsw_expected
pg-hnsw,100000,2,w2_50,485,1.517334,1.0,10,,planner_filtered_query_hnsw_expected
pg-hnsw,100000,2,w2_50,861,1.95375,0.8,10,,planner_filtered_query_hnsw_expected
pg-hnsw,100000,2,w2_50,620,1.946209,1.0,10,,planner_filtered_query_hnsw_expected
pg-hnsw,100000,2,w2_50,463,1.472875,1.0,10,,planner_filtered_query_hnsw_expected
pg-hnsw,100000,2,w2_50,586,1.095,1.0,10,,planner_filtered_query_hnsw_expected
pg-hnsw,100000,2,w2_50,701,1.881834,1.0,10,,planner_filtered_query_hnsw_expected
pg-hnsw,100000,2,w2_50,387,1.522959,1.0,10,,planner_filtered_query_hnsw_expected
pg-hnsw,100000,2,w2_50,910,1.648458,1.0,10,,planner_filtered_query_hnsw_expected
pg-hnsw,100000,2,w2_50,110,1.807792,1.0,10,,planner_filtered_query_hnsw_expected
pg-hnsw,100000,2,w2_50,371,1.477625,1.0,10,,planner_filtered_query_hnsw_expected
pg-hnsw,100000,2,w2_50,369,1.076583,1.0,10,,planner_filtered_query_hnsw_expected
pg-hnsw,100000,2,w2_50,699,1.573583,1.0,10,,planner_filtered_query_hnsw_expected
pg-hnsw,100000,2,w2_50,511,1.422917,1.0,10,,planner_filtered_query_hnsw_expected
pg-hnsw,100000,2,w2_50,297,1.633916,0.8,10,,planner_filtered_query_hnsw_expected
pg-hnsw,100000,2,w2_50,154,1.663083,1.0,10,,planner_filtered_query_hnsw_expected
pg-hnsw,100000,2,w2_50,119,1.287583,1.0,10,,planner_filtered_query_hnsw_expected
pg-hnsw,100000,2,w2_50,108,1.268041,1.0,10,,planner_filtered_query_hnsw_expected
pg-hnsw,100000,2,w2_50,241,2.170041,1.0,10,,planner_filtered_query_hnsw_expected
pg-hnsw,100000,2,w2_50,202,1.160166,1.0,10,,planner_filtered_query_hnsw_expected
pg-hnsw,100000,2,w2_50,360,2.230583,1.0,10,,planner_filtered_query_hnsw_expected
pg-hnsw,100000,2,w2_50,450,1.884125,1.0,10,,planner_filtered_query_hnsw_expected
pg-hnsw,100000,2,w2_50,670,2.200584,1.0,10,,planner_filtered_query_hnsw_expected
pg-hnsw,100000,2,w2_50,557,1.797459,1.0,10,,planner_filtered_query_hnsw_expected
pg-hnsw,100000,2,w2_50,435,1.896417,0.9,10,,planner_filtered_query_hnsw_expected
pg-hnsw,100000,2,w2_50,923,1.638333,1.0,10,,planner_filtered_query_hnsw_expected
pg-hnsw,100000,2,w2_50,396,1.830375,1.0,10,,planner_filtered_query_hnsw_expected
pg-hnsw,100000,2,w2_50,277,1.181417,1.0,10,,planner_filtered_query_hnsw_expected
pg-hnsw,100000,2,w2_50,231,1.179917,1.0,10,,planner_filtered_query_hnsw_expected
pg-hnsw,100000,2,w2_50,399,1.816875,1.0,10,,planner_filtered_query_hnsw_expected
pg-hnsw,100000,2,w2_50,924,1.160875,1.0,10,,planner_filtered_query_hnsw_expected
pg-hnsw,100000,2,w2_50,459,2.010083,0.9,10,,planner_filtered_query_hnsw_expected
pg-hnsw,100000,2,w2_50,155,1.6765,1.0,10,,planner_filtered_query_hnsw_expected
pg-hnsw,100000,2,w2_50,432,1.743375,1.0,10,,planner_filtered_query_hnsw_expected
pg-hnsw,100000,2,w2_50,943,1.613208,1.0,10,,planner_filtered_query_hnsw_expected
pg-hnsw,100000,2,w2_50,970,1.818958,1.0,10,,planner_filtered_query_hnsw_expected
pg-hnsw,100000,2,w2_50,619,1.461917,1.0,10,,planner_filtered_query_hnsw_expected
pg-hnsw,100000,2,w2_50,349,1.776291,0.9,10,,planner_filtered_query_hnsw_expected
pg-hnsw,100000,2,w2_50,199,1.347667,1.0,10,,planner_filtered_query_hnsw_expected
pg-hnsw,100000,2,w2_50,631,1.650958,1.0,10,,planner_filtered_query_hnsw_expected
pg-hnsw,100000,2,w2_50,900,2.099542,1.0,10,,planner_filtered_query_hnsw_expected
pg-hnsw,100000,2,w2_50,661,1.962333,1.0,10,,planner_filtered_query_hnsw_expected
pg-hnsw,100000,2,w2_50,813,1.904833,1.0,10,,planner_filtered_query_hnsw_expected
pg-hnsw,100000,2,w2_50,115,2.315166,0.9,10,,planner_filtered_query_hnsw_expected
pg-hnsw,100000,2,w2_50,193,2.090833,1.0,10,,planner_filtered_query_hnsw_expected
pg-hnsw,100000,2,w2_50,598,1.928875,0.7,10,,planner_filtered_query_hnsw_expected
pg-hnsw,100000,2,w2_50,643,1.837208,1.0,10,,planner_filtered_query_hnsw_expected
pg-hnsw,100000,2,w2_50,306,2.141125,0.8,10,,planner_filtered_query_hnsw_expected
pg-hnsw,100000,2,w2_50,798,1.8985,1.0,10,,planner_filtered_query_hnsw_expected
pg-hnsw,100000,2,w2_50,775,2.228208,1.0,10,,planner_filtered_query_hnsw_expected
pg-hnsw,100000,2,w2_50,682,1.940458,1.0,10,,planner_filtered_query_hnsw_expected
pg-hnsw,100000,2,w2_50,295,1.43275,1.0,10,,planner_filtered_query_hnsw_expected
pg-hnsw,100000,2,w2_50,218,1.953166,1.0,10,,planner_filtered_query_hnsw_expected
pg-hnsw,100000,2,w2_50,570,1.989833,1.0,10,,planner_filtered_query_hnsw_expected
pg-hnsw,100000,2,w2_50,431,1.383917,1.0,10,,planner_filtered_query_hnsw_expected
pg-hnsw,100000,2,w2_50,842,1.641042,1.0,10,,planner_filtered_query_hnsw_expected
pg-hnsw,100000,2,w2_50,460,2.03325,1.0,10,,planner_filtered_query_hnsw_expected
pg-hnsw,100000,2,w2_50,452,1.87125,1.0,10,,planner_filtered_query_hnsw_expected
pg-hnsw,100000,2,w2_50,308,2.263375,1.0,10,,planner_filtered_query_hnsw_expected
pg-hnsw,100000,2,w2_50,401,2.016459,1.0,10,,planner_filtered_query_hnsw_expected
pg-hnsw,100000,2,w2_50,384,1.917042,0.8,10,,planner_filtered_query_hnsw_expected
pg-hnsw,100000,2,w2_50,702,2.087667,1.0,10,,planner_filtered_query_hnsw_expected
pg-hnsw,100000,2,w2_50,414,1.507084,1.0,10,,planner_filtered_query_hnsw_expected
pg-hnsw,100000,2,w2_50,916,1.804208,0.9,10,,planner_filtered_query_hnsw_expected
pg-hnsw,100000,2,w2_50,937,1.776375,1.0,10,,planner_filtered_query_hnsw_expected
pg-hnsw,100000,2,w2_50,358,1.592541,1.0,10,,planner_filtered_query_hnsw_expected
pg-hnsw,100000,2,w2_50,406,1.764167,1.0,10,,planner_filtered_query_hnsw_expected
pg-hnsw,100000,2,w2_50,507,1.741375,1.0,10,,planner_filtered_query_hnsw_expected
pg-hnsw,100000,2,w2_50,309,1.685458,1.0,10,,planner_filtered_query_hnsw_expected
pg-hnsw,100000,2,w2_50,647,1.7325,1.0,10,,planner_filtered_query_hnsw_expected
pg-hnsw,100000,2,w2_50,325,2.572459,0.7,10,,planner_filtered_query_hnsw_expected
pg-hnsw,100000,2,w2_50,362,1.587,1.0,10,,planner_filtered_query_hnsw_expected
pg-hnsw,100000,2,w2_50,318,2.34075,0.8,10,,planner_filtered_query_hnsw_expected
pg-hnsw,100000,2,w2_50,227,1.943542,1.0,10,,planner_filtered_query_hnsw_expected
pg-hnsw,100000,2,w2_50,712,2.347958,0.8,10,,planner_filtered_query_hnsw_expected
pg-hnsw,100000,2,w2_50,616,1.574,0.9,10,,planner_filtered_query_hnsw_expected
pg-hnsw,100000,2,w2_50,523,1.643459,1.0,10,,planner_filtered_query_hnsw_expected
pg-hnsw,100000,2,w2_50,869,2.12775,1.0,10,,planner_filtered_query_hnsw_expected
pg-hnsw,100000,2,w2_50,282,1.919375,1.0,10,,planner_filtered_query_hnsw_expected
pg-hnsw,100000,2,w2_50,609,1.494667,1.0,10,,planner_filtered_query_hnsw_expected
pg-hnsw,100000,2,w2_50,672,1.492959,1.0,10,,planner_filtered_query_hnsw_expected
pg-hnsw,100000,2,w2_50,930,1.762709,0.6,10,,planner_filtered_query_hnsw_expected
pg-hnsw,100000,2,w2_50,552,2.053166,1.0,10,,planner_filtered_query_hnsw_expected
pg-hnsw,100000,2,w2_50,655,1.88375,1.0,10,,planner_filtered_query_hnsw_expected
pg-hnsw,100000,2,w2_50,298,1.864292,1.0,10,,planner_filtered_query_hnsw_expected
pg-hnsw,100000,2,w2_50,597,1.538792,1.0,10,,planner_filtered_query_hnsw_expected
pg-hnsw,100000,2,w2_50,239,1.930458,1.0,10,,planner_filtered_query_hnsw_expected
pg-hnsw,100000,2,w2_50,950,1.514125,1.0,10,,planner_filtered_query_hnsw_expected
pg-hnsw,100000,2,w2_50,591,2.303709,1.0,10,,planner_filtered_query_hnsw_expected
pg-hnsw,100000,2,w2_50,939,2.293166,1.0,10,,planner_filtered_query_hnsw_expected
pg-hnsw,100000,2,w2_50,802,1.98175,1.0,10,,planner_filtered_query_hnsw_expected
pg-hnsw,100000,2,w2_50,564,3.287167,1.0,10,,planner_filtered_query_hnsw_expected
pg-hnsw,100000,2,w2_50,706,2.198875,1.0,10,,planner_filtered_query_hnsw_expected
pg-hnsw,100000,2,w2_50,795,1.769333,0.9,10,,planner_filtered_query_hnsw_expected
pg-hnsw,100000,2,w2_50,698,4.008625,0.7,10,,planner_filtered_query_hnsw_expected
pg-hnsw,100000,2,w2_50,410,1.685709,1.0,10,,planner_filtered_query_hnsw_expected
pg-hnsw,100000,2,w2_50,480,3.248959,1.0,10,,planner_filtered_query_hnsw_expected
pg-hnsw,100000,2,w2_50,612,2.398,1.0,10,,planner_filtered_query_hnsw_expected
pg-hnsw,100000,2,w2_50,796,2.383375,0.6,10,,planner_filtered_query_hnsw_expected
pg-hnsw,100000,2,w2_50,120,2.230875,0.2,10,,planner_filtered_query_hnsw_expected
pg-hnsw,100000,2,w2_50,936,2.0235,1.0,10,,planner_filtered_query_hnsw_expected
pg-hnsw,100000,2,w2_50,351,2.08125,1.0,10,,planner_filtered_query_hnsw_expected
pg-hnsw,100000,2,w2_50,543,2.141292,0.5,10,,planner_filtered_query_hnsw_expected
pg-hnsw,100000,2,w2_50,262,2.288042,0.9,10,,planner_filtered_query_hnsw_expected
pg-hnsw,100000,2,w2_50,466,1.848584,1.0,10,,planner_filtered_query_hnsw_expected
pg-hnsw,100000,2,w2_50,983,1.984958,1.0,10,,planner_filtered_query_hnsw_expected
pg-hnsw,100000,2,w2_50,103,1.183583,1.0,10,,planner_filtered_query_hnsw_expected
pg-hnsw,100000,2,w2_50,733,1.729083,1.0,10,,planner_filtered_query_hnsw_expected
pg-hnsw,100000,2,w2_50,344,2.627667,1.0,10,,planner_filtered_query_hnsw_expected
pg-hnsw,100000,2,w2_50,587,1.809291,1.0,10,,planner_filtered_query_hnsw_expected
pg-hnsw,100000,2,w2_50,182,1.766875,1.0,10,,planner_filtered_query_hnsw_expected
pg-hnsw,100000,2,w2_50,487,1.850791,1.0,10,,planner_filtered_query_hnsw_expected
pg-hnsw,100000,2,w2_50,767,1.796833,1.0,10,,planner_filtered_query_hnsw_expected
pg-hnsw,100000,2,w2_50,872,1.974542,1.0,10,,planner_filtered_query_hnsw_expected
pg-hnsw,100000,2,w2_50,606,1.712459,0.9,10,,planner_filtered_query_hnsw_expected
pg-hnsw,100000,2,w2_50,473,1.541542,0.6,10,,planner_filtered_query_hnsw_expected
pg-hnsw,100000,2,w2_50,334,2.088959,1.0,10,,planner_filtered_query_hnsw_expected
pg-hnsw,100000,2,w2_50,287,1.863834,0.8,10,,planner_filtered_query_hnsw_expected
pg-hnsw,100000,2,w2_50,457,1.89875,1.0,10,,planner_filtered_query_hnsw_expected
pg-hnsw,100000,2,w2_50,740,1.946667,1.0,10,,planner_filtered_query_hnsw_expected
pg-hnsw,100000,2,w2_50,974,1.548834,1.0,10,,planner_filtered_query_hnsw_expected
pg-hnsw,100000,2,w2_50,846,1.789917,0.9,10,,planner_filtered_query_hnsw_expected
pg-hnsw,100000,2,w2_50,584,2.099375,1.0,10,,planner_filtered_query_hnsw_expected
pg-hnsw,100000,2,w2_50,246,2.472416,0.9,10,,planner_filtered_query_hnsw_expected
pg-hnsw,100000,2,w2_50,708,2.119083,0.9,10,,planner_filtered_query_hnsw_expected
pg-hnsw,100000,2,w2_50,711,1.52325,0.9,10,,planner_filtered_query_hnsw_expected
pg-hnsw,100000,2,w2_50,198,2.364208,1.0,10,,planner_filtered_query_hnsw_expected
pg-hnsw,100000,2,w2_50,128,1.670333,1.0,10,,planner_filtered_query_hnsw_expected
pg-hnsw,100000,2,w2_50,971,2.099584,0.9,10,,planner_filtered_query_hnsw_expected
pg-hnsw,100000,2,w2_50,886,1.938209,1.0,10,,planner_filtered_query_hnsw_expected
pg-hnsw,100000,2,w2_50,973,2.065625,1.0,10,,planner_filtered_query_hnsw_expected
pg-hnsw,100000,2,w2_50,554,2.111875,1.0,10,,planner_filtered_query_hnsw_expected
pg-hnsw,100000,2,w2_50,960,1.301791,1.0,10,,planner_filtered_query_hnsw_expected
pg-hnsw,100000,2,w2_50,542,2.271875,0.8,10,,planner_filtered_query_hnsw_expected
pg-hnsw,100000,2,w2_50,793,1.929667,0.9,10,,planner_filtered_query_hnsw_expected
pg-hnsw,100000,2,w2_50,879,1.665791,1.0,10,,planner_filtered_query_hnsw_expected
pg-hnsw,100000,2,w2_50,365,1.397917,1.0,10,,planner_filtered_query_hnsw_expected
pg-hnsw,100000,2,w2_50,146,1.439959,1.0,10,,planner_filtered_query_hnsw_expected
pg-hnsw,100000,2,w2_50,677,1.500041,1.0,10,,planner_filtered_query_hnsw_expected
pg-hnsw,100000,2,w2_50,998,1.519209,1.0,10,,planner_filtered_query_hnsw_expected
pg-hnsw,100000,2,w2_50,357,1.545083,1.0,10,,planner_filtered_query_hnsw_expected
pg-hnsw,100000,2,w2_50,389,2.3215,0.9,10,,planner_filtered_query_hnsw_expected
pg-hnsw,100000,2,w2_50,621,2.13875,1.0,10,,planner_filtered_query_hnsw_expected
pg-hnsw,100000,2,w2_50,904,2.493333,0.9,10,,planner_filtered_query_hnsw_expected
pg-hnsw,100000,2,w2_50,276,2.27875,0.9,10,,planner_filtered_query_hnsw_expected
pg-hnsw,100000,2,w2_50,437,2.161542,1.0,10,,planner_filtered_query_hnsw_expected
pg-hnsw,100000,2,w2_50,322,1.507084,1.0,10,,planner_filtered_query_hnsw_expected
pg-hnsw,100000,2,w2_50,355,1.850666,0.7,10,,planner_filtered_query_hnsw_expected
pg-hnsw,100000,2,w2_50,129,2.428083,0.4,10,,planner_filtered_query_hnsw_expected
pg-hnsw,100000,2,w2_50,516,1.546,1.0,10,,planner_filtered_query_hnsw_expected
pg-hnsw,100000,2,w2_50,776,1.988958,1.0,10,,planner_filtered_query_hnsw_expected
pg-hnsw,100000,2,w2_50,814,1.705209,0.9,10,,planner_filtered_query_hnsw_expected
pg-hnsw,100000,2,w2_50,663,2.617792,0.9,10,,planner_filtered_query_hnsw_expected
pg-hnsw,100000,2,w2_50,177,1.421208,1.0,10,,planner_filtered_query_hnsw_expected
pg-hnsw,100000,2,w2_50,327,2.025,1.0,10,,planner_filtered_query_hnsw_expected
pg-hnsw,100000,2,w2_50,852,1.961708,1.0,10,,planner_filtered_query_hnsw_expected
pg-hnsw,100000,2,w2_50,179,1.556875,1.0,10,,planner_filtered_query_hnsw_expected
pg-hnsw,100000,2,w2_50,638,1.552959,1.0,10,,planner_filtered_query_hnsw_expected
pg-hnsw,100000,2,w2_50,821,1.577084,1.0,10,,planner_filtered_query_hnsw_expected
pg-hnsw,100000,2,w2_50,669,2.374625,1.0,10,,planner_filtered_query_hnsw_expected
pg-hnsw,100000,2,w2_50,462,1.6815,1.0,10,,planner_filtered_query_hnsw_expected
pg-hnsw,100000,2,w2_50,320,1.671667,1.0,10,,planner_filtered_query_hnsw_expected
pg-hnsw,100000,2,w2_50,850,2.17125,1.0,10,,planner_filtered_query_hnsw_expected
pg-hnsw,100000,2,w2_50,456,2.480375,0.9,10,,planner_filtered_query_hnsw_expected
pg-hnsw,100000,2,w2_50,496,2.185792,0.9,10,,planner_filtered_query_hnsw_expected
pg-hnsw,100000,2,w2_50,148,2.373208,0.8,10,,planner_filtered_query_hnsw_expected
pg-hnsw,100000,2,w2_50,390,1.657125,0.9,10,,planner_filtered_query_hnsw_expected
pg-hnsw,100000,2,w2_50,944,1.761709,0.7,10,,planner_filtered_query_hnsw_expected
pg-hnsw,100000,2,w2_50,613,1.299167,1.0,10,,planner_filtered_query_hnsw_expected
pg-hnsw,100000,2,w2_50,472,2.017375,0.9,10,,planner_filtered_query_hnsw_expected
pg-hnsw,100000,2,w2_50,768,2.1295,1.0,10,,planner_filtered_query_hnsw_expected
pg-hnsw,100000,2,w2_50,518,3.85525,1.0,10,,planner_filtered_query_hnsw_expected
pg-hnsw,100000,2,w2_50,207,2.339667,0.8,10,,planner_filtered_query_hnsw_expected
pg-hnsw,100000,2,w2_50,750,1.8025,1.0,10,,planner_filtered_query_hnsw_expected
pg-hnsw,100000,2,w2_50,420,1.433833,1.0,10,,planner_filtered_query_hnsw_expected
pg-hnsw,100000,2,w2_50,753,1.411833,1.0,10,,planner_filtered_query_hnsw_expected
pg-hnsw,100000,2,w2_50,118,1.44425,1.0,10,,planner_filtered_query_hnsw_expected
pg-hnsw,100000,2,w2_50,958,1.940792,1.0,10,,planner_filtered_query_hnsw_expected
pg-hnsw,100000,2,w2_50,687,2.117583,1.0,10,,planner_filtered_query_hnsw_expected
pg-hnsw,100000,2,w2_50,607,1.230708,1.0,10,,planner_filtered_query_hnsw_expected
pg-hnsw,100000,2,w2_50,411,1.7145,1.0,10,,planner_filtered_query_hnsw_expected
pg-hnsw,100000,2,w2_50,260,2.191208,0.9,10,,planner_filtered_query_hnsw_expected
pg-hnsw,100000,2,w2_50,343,2.142875,0.9,10,,planner_filtered_query_hnsw_expected
pg-hnsw,100000,2,w2_50,234,1.36075,1.0,10,,planner_filtered_query_hnsw_expected
pg-hnsw,100000,2,w2_50,871,2.153125,1.0,10,,planner_filtered_query_hnsw_expected
pg-hnsw,100000,2,w2_50,952,2.098291,0.9,10,,planner_filtered_query_hnsw_expected
pg-hnsw,100000,2,w2_50,492,1.953958,1.0,10,,planner_filtered_query_hnsw_expected
pg-hnsw,100000,2,w2_50,512,2.193958,0.8,10,,planner_filtered_query_hnsw_expected
pg-hnsw,100000,2,w2_50,743,1.712083,1.0,10,,planner_filtered_query_hnsw_expected
pg-hnsw,100000,2,w2_50,418,1.414834,1.0,10,,planner_filtered_query_hnsw_expected
pg-hnsw,100000,2,w2_50,599,2.127,1.0,10,,planner_filtered_query_hnsw_expected
pg-hnsw,100000,2,w2_50,407,1.780375,1.0,10,,planner_filtered_query_hnsw_expected
pg-hnsw,100000,2,w2_50,313,1.387084,1.0,10,,planner_filtered_query_hnsw_expected
pg-hnsw,100000,2,w2_50,972,2.34675,1.0,10,,planner_filtered_query_hnsw_expected
pg-hnsw,100000,2,w2_50,292,2.092625,1.0,10,,planner_filtered_query_hnsw_expected
pg-hnsw,100000,2,w2_50,171,2.031,0.9,10,,planner_filtered_query_hnsw_expected
pg-hnsw,100000,2,w2_50,764,1.836542,1.0,10,,planner_filtered_query_hnsw_expected
pg-hnsw,100000,2,w2_50,914,1.7895,1.0,10,,planner_filtered_query_hnsw_expected
pg-hnsw,100000,2,w2_50,160,4.051041,1.0,10,,planner_filtered_query_hnsw_expected
pg-hnsw,100000,2,w2_50,654,2.417084,1.0,10,,planner_filtered_query_hnsw_expected
pg-hnsw,100000,2,w2_50,172,2.429583,1.0,10,,planner_filtered_query_hnsw_expected
pg-hnsw,100000,2,w2_50,137,1.771125,0.8,10,,planner_filtered_query_hnsw_expected
pg-hnsw,100000,2,w2_50,797,2.121459,1.0,10,,planner_filtered_query_hnsw_expected
pg-hnsw,100000,2,w2_50,790,1.603,1.0,10,,planner_filtered_query_hnsw_expected
pg-hnsw,100000,2,w2_50,931,1.385417,1.0,10,,planner_filtered_query_hnsw_expected
pg-hnsw,100000,2,w2_50,981,1.664833,1.0,10,,planner_filtered_query_hnsw_expected
pg-hnsw,100000,2,w2_50,317,1.902083,1.0,10,,planner_filtered_query_hnsw_expected
pg-hnsw,100000,2,w2_50,402,1.250208,1.0,10,,planner_filtered_query_hnsw_expected
pg-hnsw,100000,2,w2_50,908,1.751958,1.0,10,,planner_filtered_query_hnsw_expected
pg-hnsw,100000,2,w2_50,674,2.2805,0.6,10,,planner_filtered_query_hnsw_expected
pg-hnsw,100000,2,w2_50,379,1.745958,1.0,10,,planner_filtered_query_hnsw_expected
pg-hnsw,100000,2,w2_50,150,1.854666,1.0,10,,planner_filtered_query_hnsw_expected
pg-hnsw,100000,2,w2_50,206,2.679334,0.5,10,,planner_filtered_query_hnsw_expected
pg-hnsw,100000,2,w2_50,761,2.314083,1.0,10,,planner_filtered_query_hnsw_expected
pg-hnsw,100000,2,w2_50,178,2.091625,1.0,10,,planner_filtered_query_hnsw_expected
pg-hnsw,100000,2,w2_50,372,2.011417,1.0,10,,planner_filtered_query_hnsw_expected
pg-hnsw,100000,2,w2_50,482,2.006875,1.0,10,,planner_filtered_query_hnsw_expected
pg-hnsw,100000,2,w2_50,337,1.875375,1.0,10,,planner_filtered_query_hnsw_expected
pg-hnsw,100000,2,w2_50,538,1.793625,1.0,10,,planner_filtered_query_hnsw_expected
pg-hnsw,100000,2,w2_50,829,2.429416,1.0,10,,planner_filtered_query_hnsw_expected
pg-hnsw,100000,2,w2_50,255,1.905584,1.0,10,,planner_filtered_query_hnsw_expected
pg-hnsw,100000,2,w2_50,237,1.684125,1.0,10,,planner_filtered_query_hnsw_expected
pg-hnsw,100000,2,w2_50,415,2.174042,1.0,10,,planner_filtered_query_hnsw_expected
pg-hnsw,100000,2,w2_50,859,1.561666,1.0,10,,planner_filtered_query_hnsw_expected
pg-hnsw,100000,2,w2_50,505,2.358167,1.0,10,,planner_filtered_query_hnsw_expected
pg-hnsw,100000,2,w2_50,521,1.967209,1.0,10,,planner_filtered_query_hnsw_expected
pg-hnsw,100000,2,w2_50,891,1.999166,1.0,10,,planner_filtered_query_hnsw_expected
pg-hnsw,100000,2,w2_50,897,2.232709,1.0,10,,planner_filtered_query_hnsw_expected
pg-hnsw,100000,2,w2_50,499,1.619375,0.9,10,,planner_filtered_query_hnsw_expected
pg-hnsw,100000,2,w2_50,444,1.931958,1.0,10,,planner_filtered_query_hnsw_expected
pg-hnsw,100000,2,w2_50,636,2.195167,1.0,10,,planner_filtered_query_hnsw_expected
pg-hnsw,100000,2,w2_50,190,2.455,1.0,10,,planner_filtered_query_hnsw_expected
pg-hnsw,100000,2,w2_50,968,1.339959,1.0,10,,planner_filtered_query_hnsw_expected
pg-hnsw,100000,2,w2_50,629,2.246458,0.9,10,,planner_filtered_query_hnsw_expected
pg-hnsw,100000,2,w2_50,166,2.276459,1.0,10,,planner_filtered_query_hnsw_expected
pg-hnsw,100000,2,w2_50,393,2.2625,0.7,10,,planner_filtered_query_hnsw_expected
pg-hnsw,100000,2,w2_50,558,1.997667,0.9,10,,planner_filtered_query_hnsw_expected
pg-hnsw,100000,2,w2_50,269,1.701125,0.9,10,,planner_filtered_query_hnsw_expected
pg-hnsw,100000,2,w2_50,528,1.504917,1.0,10,,planner_filtered_query_hnsw_expected
pg-hnsw,100000,2,w2_50,330,2.614125,1.0,10,,planner_filtered_query_hnsw_expected
pg-hnsw,100000,2,w2_50,832,1.842333,1.0,10,,planner_filtered_query_hnsw_expected
pg-hnsw,100000,2,w2_50,710,2.141042,1.0,10,,planner_filtered_query_hnsw_expected
pg-hnsw,100000,2,w2_50,769,1.731542,0.9,10,,planner_filtered_query_hnsw_expected
pg-hnsw,100000,2,w2_50,429,3.198334,0.9,10,,planner_filtered_query_hnsw_expected
pg-hnsw,100000,2,w2_50,556,2.141833,1.0,10,,planner_filtered_query_hnsw_expected
pg-hnsw,100000,2,w2_50,623,2.295458,1.0,10,,planner_filtered_query_hnsw_expected
pg-hnsw,100000,2,w2_50,377,2.929333,1.0,10,,planner_filtered_query_hnsw_expected
pg-hnsw,100000,2,w2_50,577,2.586667,1.0,10,,planner_filtered_query_hnsw_expected
pg-hnsw,100000,2,w2_50,660,1.65075,1.0,10,,planner_filtered_query_hnsw_expected
pg-hnsw,100000,2,w2_50,139,1.599583,1.0,10,,planner_filtered_query_hnsw_expected
pg-hnsw,100000,2,w2_50,602,2.639375,1.0,10,,planner_filtered_query_hnsw_expected
pg-hnsw,100000,2,w2_50,957,3.428875,1.0,10,,planner_filtered_query_hnsw_expected
pg-hnsw,100000,2,w2_50,464,2.716875,1.0,10,,planner_filtered_query_hnsw_expected
pg-hnsw,100000,2,w2_50,249,5.071125,1.0,10,,planner_filtered_query_hnsw_expected
pg-hnsw,100000,2,w2_50,125,1.5855,1.0,10,,planner_filtered_query_hnsw_expected
pg-hnsw,100000,2,w2_50,451,1.917375,1.0,10,,planner_filtered_query_hnsw_expected
pg-hnsw,100000,2,w2_50,138,2.281125,0.9,10,,planner_filtered_query_hnsw_expected
pg-hnsw,100000,2,w2_50,868,1.886667,1.0,10,,planner_filtered_query_hnsw_expected
pg-hnsw,100000,2,w2_50,726,2.248709,1.0,10,,planner_filtered_query_hnsw_expected
pg-hnsw,100000,2,w2_50,645,3.158291,0.8,10,,planner_filtered_query_hnsw_expected
pg-hnsw,100000,2,w2_50,226,2.032583,1.0,10,,planner_filtered_query_hnsw_expected
pg-hnsw,100000,2,w2_50,288,1.809209,1.0,10,,planner_filtered_query_hnsw_expected
pg-hnsw,100000,2,w2_50,304,1.947542,1.0,10,,planner_filtered_query_hnsw_expected
pg-hnsw,100000,2,w2_50,760,1.743291,1.0,10,,planner_filtered_query_hnsw_expected
pg-hnsw,100000,2,w2_50,356,1.89275,1.0,10,,planner_filtered_query_hnsw_expected
pg-hnsw,100000,2,w2_50,987,1.528459,1.0,10,,planner_filtered_query_hnsw_expected
pg-hnsw,100000,2,w2_50,302,1.565708,1.0,10,,planner_filtered_query_hnsw_expected
pg-hnsw,100000,2,w2_50,183,3.772625,0.5,10,,planner_filtered_query_hnsw_expected
pg-hnsw,100000,2,w2_50,737,1.968791,1.0,10,,planner_filtered_query_hnsw_expected
pg-hnsw,100000,2,w2_50,540,1.570834,1.0,10,,planner_filtered_query_hnsw_expected
pg-hnsw,100000,2,w2_50,838,1.858125,1.0,10,,planner_filtered_query_hnsw_expected
pg-hnsw,100000,2,w2_50,566,3.292708,0.5,10,,planner_filtered_query_hnsw_expected
pg-hnsw,100000,2,w2_50,214,2.194208,0.9,10,,planner_filtered_query_hnsw_expected
pg-hnsw,100000,2,w2_50,174,1.48475,1.0,10,,planner_filtered_query_hnsw_expected
pg-hnsw,100000,2,w2_50,204,1.353334,1.0,10,,planner_filtered_query_hnsw_expected
pg-hnsw,100000,2,w2_50,285,1.578458,1.0,10,,planner_filtered_query_hnsw_expected
pg-hnsw,100000,2,w2_50,876,2.061917,0.9,10,,planner_filtered_query_hnsw_expected
pg-hnsw,100000,2,w2_50,289,1.733917,1.0,10,,planner_filtered_query_hnsw_expected
pg-hnsw,100000,2,w2_50,200,1.590583,1.0,10,,planner_filtered_query_hnsw_expected
pg-hnsw,100000,2,w2_50,338,1.939709,0.8,10,,planner_filtered_query_hnsw_expected
pg-hnsw,100000,2,w2_50,730,2.398,1.0,10,,planner_filtered_query_hnsw_expected
pg-hnsw,100000,2,w2_50,990,2.242041,1.0,10,,planner_filtered_query_hnsw_expected
pg-hnsw,100000,2,w2_50,167,1.963292,1.0,10,,planner_filtered_query_hnsw_expected
pg-hnsw,100000,2,w2_50,428,1.882208,0.8,10,,planner_filtered_query_hnsw_expected
pg-hnsw,100000,2,w2_50,474,1.677625,1.0,10,,planner_filtered_query_hnsw_expected
pg-hnsw,100000,2,w2_50,468,3.281416,1.0,10,,planner_filtered_query_hnsw_expected
pg-hnsw,100000,2,w2_50,933,1.859833,1.0,10,,planner_filtered_query_hnsw_expected
pg-hnsw,100000,2,w2_50,259,1.24775,1.0,10,,planner_filtered_query_hnsw_expected
pg-hnsw,100000,2,w2_50,808,2.887542,1.0,10,,planner_filtered_query_hnsw_expected
pg-hnsw,100000,2,w2_50,240,2.134375,1.0,10,,planner_filtered_query_hnsw_expected
pg-hnsw,100000,2,w2_50,448,1.754666,1.0,10,,planner_filtered_query_hnsw_expected
pg-hnsw,100000,2,w2_50,736,1.675292,1.0,10,,planner_filtered_query_hnsw_expected
pg-hnsw,100000,2,w2_50,545,2.958625,1.0,10,,planner_filtered_query_hnsw_expected
pg-hnsw,100000,2,w2_50,475,1.879375,0.9,10,,planner_filtered_query_hnsw_expected
pg-hnsw,100000,2,w2_50,836,1.824792,1.0,10,,planner_filtered_query_hnsw_expected
pg-hnsw,100000,2,w2_50,395,5.278,1.0,10,,planner_filtered_query_hnsw_expected
pg-hnsw,100000,2,w2_50,405,2.545583,1.0,10,,planner_filtered_query_hnsw_expected
pg-hnsw,100000,2,w2_50,135,2.096625,1.0,10,,planner_filtered_query_hnsw_expected
pg-hnsw,100000,2,w2_50,773,1.9865,1.0,10,,planner_filtered_query_hnsw_expected
pg-hnsw,100000,2,w2_50,196,2.686792,0.7,10,,planner_filtered_query_hnsw_expected
pg-hnsw,100000,2,w2_50,109,1.804916,1.0,10,,planner_filtered_query_hnsw_expected
pg-hnsw,100000,2,w2_50,785,2.467875,0.8,10,,planner_filtered_query_hnsw_expected
pg-hnsw,100000,2,w2_50,791,2.596667,1.0,10,,planner_filtered_query_hnsw_expected
pg-hnsw,100000,2,w2_50,809,1.9885,1.0,10,,planner_filtered_query_hnsw_expected
pg-hnsw,100000,2,w2_50,997,1.761875,1.0,10,,planner_filtered_query_hnsw_expected
pg-hnsw,100000,2,w2_50,254,2.055375,0.5,10,,planner_filtered_query_hnsw_expected
pg-hnsw,100000,2,w2_50,116,2.77375,1.0,10,,planner_filtered_query_hnsw_expected
pg-hnsw,100000,2,w2_50,658,1.987875,0.9,10,,planner_filtered_query_hnsw_expected
pg-hnsw,100000,2,w2_50,257,2.531375,1.0,10,,planner_filtered_query_hnsw_expected
pg-hnsw,100000,2,w2_50,704,2.182667,1.0,10,,planner_filtered_query_hnsw_expected
pg-hnsw,100000,2,w2_50,903,2.36675,1.0,10,,planner_filtered_query_hnsw_expected
pg-hnsw,100000,2,w2_50,436,1.849417,0.6,10,,planner_filtered_query_hnsw_expected
pg-hnsw,100000,2,w2_50,409,1.597375,1.0,10,,planner_filtered_query_hnsw_expected
pg-hnsw,100000,2,w2_50,922,2.2415,1.0,10,,planner_filtered_query_hnsw_expected
pg-hnsw,100000,2,w2_50,483,2.626666,1.0,10,,planner_filtered_query_hnsw_expected
pg-hnsw,100000,2,w2_50,858,1.471083,1.0,10,,planner_filtered_query_hnsw_expected
pg-hnsw,100000,2,w2_50,864,2.852958,1.0,10,,planner_filtered_query_hnsw_expected
pg-hnsw,100000,2,w2_50,651,2.003458,1.0,10,,planner_filtered_query_hnsw_expected
pg-hnsw,100000,2,w2_50,574,2.341416,1.0,10,,planner_filtered_query_hnsw_expected
pg-hnsw,100000,2,w2_50,478,3.310042,0.9,10,,planner_filtered_query_hnsw_expected
pg-hnsw,100000,2,w2_50,679,2.139875,1.0,10,,planner_filtered_query_hnsw_expected
pg-hnsw,100000,2,w2_50,671,2.161958,0.9,10,,planner_filtered_query_hnsw_expected
pg-hnsw,100000,2,w2_50,729,2.145042,1.0,10,,planner_filtered_query_hnsw_expected
pg-hnsw,100000,2,w2_50,559,2.129583,0.9,10,,planner_filtered_query_hnsw_expected
pg-hnsw,100000,2,w2_50,149,1.246042,1.0,10,,planner_filtered_query_hnsw_expected
pg-hnsw,100000,2,w2_50,111,1.611375,1.0,10,,planner_filtered_query_hnsw_expected
pg-hnsw,100000,2,w2_50,560,1.417666,1.0,10,,planner_filtered_query_hnsw_expected
pg-hnsw,100000,2,w2_50,994,2.486667,1.0,10,,planner_filtered_query_hnsw_expected
pg-hnsw,100000,2,w2_50,113,2.047125,1.0,10,,planner_filtered_query_hnsw_expected
pg-hnsw,100000,2,w2_50,934,2.786959,1.0,10,,planner_filtered_query_hnsw_expected
pg-hnsw,100000,2,w2_50,834,2.54975,1.0,10,,planner_filtered_query_hnsw_expected
pg-hnsw,100000,2,w2_50,283,2.301959,1.0,10,,planner_filtered_query_hnsw_expected
pg-hnsw,100000,2,w2_50,312,2.153417,1.0,10,,planner_filtered_query_hnsw_expected
pg-hnsw,100000,2,w2_50,413,2.131709,1.0,10,,planner_filtered_query_hnsw_expected
pg-hnsw,100000,2,w2_50,787,2.162209,1.0,10,,planner_filtered_query_hnsw_expected
pg-hnsw,100000,2,w2_50,336,2.242,0.9,10,,planner_filtered_query_hnsw_expected
pg-hnsw,100000,2,w2_50,229,1.832167,1.0,10,,planner_filtered_query_hnsw_expected
pg-hnsw,100000,2,w2_50,425,2.460417,0.9,10,,planner_filtered_query_hnsw_expected
pg-hnsw,100000,2,w2_50,720,1.461375,0.8,10,,planner_filtered_query_hnsw_expected
pg-hnsw,100000,2,w2_50,782,2.691875,0.8,10,,planner_filtered_query_hnsw_expected
pg-hnsw,100000,2,w2_50,280,1.746917,1.0,10,,planner_filtered_query_hnsw_expected
pg-hnsw,100000,2,w2_50,491,1.315417,1.0,10,,planner_filtered_query_hnsw_expected
pg-hnsw,100000,2,w2_50,553,1.943375,1.0,10,,planner_filtered_query_hnsw_expected
pg-hnsw,100000,2,w2_50,927,3.330625,0.8,10,,planner_filtered_query_hnsw_expected
pg-hnsw,100000,2,w2_50,979,2.513708,0.8,10,,planner_filtered_query_hnsw_expected
pg-hnsw,100000,2,w2_50,127,2.468917,0.9,10,,planner_filtered_query_hnsw_expected
pg-hnsw,100000,2,w2_50,824,2.07875,1.0,10,,planner_filtered_query_hnsw_expected
pg-hnsw,100000,2,w2_50,423,1.72575,1.0,10,,planner_filtered_query_hnsw_expected
pg-hnsw,100000,2,w2_50,662,2.181,1.0,10,,planner_filtered_query_hnsw_expected
pg-hnsw,100000,2,w2_50,632,2.052584,0.9,10,,planner_filtered_query_hnsw_expected
pg-hnsw,100000,2,w2_50,738,2.598333,1.0,10,,planner_filtered_query_hnsw_expected
pg-hnsw,100000,2,w2_50,438,1.931292,1.0,10,,planner_filtered_query_hnsw_expected
pg-hnsw,100000,2,w2_50,102,1.877458,1.0,10,,planner_filtered_query_hnsw_expected
pg-hnsw,100000,2,w2_50,303,1.939334,0.9,10,,planner_filtered_query_hnsw_expected
pg-hnsw,100000,2,w2_50,481,2.571208,1.0,10,,planner_filtered_query_hnsw_expected
pg-hnsw,100000,2,w2_50,863,1.696959,1.0,10,,planner_filtered_query_hnsw_expected
pg-hnsw,100000,2,w2_50,839,1.307209,1.0,10,,planner_filtered_query_hnsw_expected
pg-hnsw,100000,2,w2_50,162,1.392875,1.0,10,,planner_filtered_query_hnsw_expected
pg-hnsw,100000,2,w2_50,488,1.997083,1.0,10,,planner_filtered_query_hnsw_expected
pg-hnsw,100000,2,w2_50,185,1.678792,1.0,10,,planner_filtered_query_hnsw_expected
pg-hnsw,100000,2,w2_50,265,1.875375,1.0,10,,planner_filtered_query_hnsw_expected
pg-hnsw,100000,2,w2_50,188,2.004291,1.0,10,,planner_filtered_query_hnsw_expected
pg-hnsw,100000,2,w2_50,152,4.805584,0.9,10,,planner_filtered_query_hnsw_expected
pg-hnsw,100000,2,w2_50,585,2.0805,0.9,10,,planner_filtered_query_hnsw_expected
pg-hnsw,100000,2,w2_50,117,1.341084,1.0,10,,planner_filtered_query_hnsw_expected
pg-hnsw,100000,2,w2_50,947,1.736375,1.0,10,,planner_filtered_query_hnsw_expected
pg-hnsw,100000,2,w2_50,299,2.397417,0.9,10,,planner_filtered_query_hnsw_expected
pg-hnsw,100000,2,w2_50,477,1.654209,1.0,10,,planner_filtered_query_hnsw_expected
pg-hnsw,100000,2,w2_50,637,1.888417,1.0,10,,planner_filtered_query_hnsw_expected
pg-hnsw,100000,2,w2_50,159,2.0005,0.8,10,,planner_filtered_query_hnsw_expected
pg-hnsw,100000,2,w2_50,430,3.160709,1.0,10,,planner_filtered_query_hnsw_expected
pg-hnsw,100000,2,w2_50,735,1.8035,1.0,10,,planner_filtered_query_hnsw_expected
pg-hnsw,100000,2,w2_50,889,3.093875,0.5,10,,planner_filtered_query_hnsw_expected
pg-hnsw,100000,2,w2_50,579,2.836166,0.8,10,,planner_filtered_query_hnsw_expected
pg-hnsw,100000,2,w2_50,219,1.968209,1.0,10,,planner_filtered_query_hnsw_expected
pg-hnsw,100000,2,w2_50,319,1.465167,1.0,10,,planner_filtered_query_hnsw_expected
pg-hnsw,100000,2,w2_50,665,1.492833,0.9,10,,planner_filtered_query_hnsw_expected
pg-hnsw,100000,2,w2_50,273,1.132208,1.0,10,,planner_filtered_query_hnsw_expected
pg-hnsw,100000,2,w2_50,210,3.019375,0.5,10,,planner_filtered_query_hnsw_expected
pg-hnsw,100000,2,w2_50,685,1.805458,0.9,10,,planner_filtered_query_hnsw_expected
pg-hnsw,100000,2,w2_50,404,1.708459,1.0,10,,planner_filtered_query_hnsw_expected
pg-hnsw,100000,2,w2_50,892,1.8095,1.0,10,,planner_filtered_query_hnsw_expected
pg-hnsw,100000,2,w2_50,361,2.238,1.0,10,,planner_filtered_query_hnsw_expected
pg-hnsw,100000,2,w2_50,781,1.397,1.0,10,,planner_filtered_query_hnsw_expected
pg-hnsw,100000,2,w2_50,828,1.676042,1.0,10,,planner_filtered_query_hnsw_expected
pg-hnsw,100000,2,w2_50,673,2.139875,1.0,10,,planner_filtered_query_hnsw_expected
pg-hnsw,100000,2,w2_50,694,2.580416,0.7,10,,planner_filtered_query_hnsw_expected
pg-hnsw,100000,2,w2_50,374,1.7865,1.0,10,,planner_filtered_query_hnsw_expected
pg-hnsw,100000,2,w2_50,696,1.948542,0.8,10,,planner_filtered_query_hnsw_expected
pg-hnsw,100000,2,w2_50,412,1.759708,1.0,10,,planner_filtered_query_hnsw_expected
pg-hnsw,100000,2,w2_50,242,1.575708,1.0,10,,planner_filtered_query_hnsw_expected
pg-hnsw,100000,2,w2_50,848,1.979667,1.0,10,,planner_filtered_query_hnsw_expected
pg-hnsw,100000,2,w2_50,856,1.922125,0.9,10,,planner_filtered_query_hnsw_expected
pg-hnsw,100000,2,w2_50,271,1.922042,0.9,10,,planner_filtered_query_hnsw_expected
pg-hnsw,100000,2,w2_50,147,1.544667,0.9,10,,planner_filtered_query_hnsw_expected
pg-hnsw,100000,2,w2_50,217,6.054959,1.0,10,,planner_filtered_query_hnsw_expected
pg-hnsw,100000,2,w2_50,692,3.210792,1.0,10,,planner_filtered_query_hnsw_expected
pg-hnsw,100000,2,w2_50,549,2.621208,1.0,10,,planner_filtered_query_hnsw_expected
pg-hnsw,100000,2,w2_50,145,2.511541,1.0,10,,planner_filtered_query_hnsw_expected
pg-hnsw,100000,2,w2_50,709,1.947667,1.0,10,,planner_filtered_query_hnsw_expected
pg-hnsw,100000,2,w2_50,224,2.184875,1.0,10,,planner_filtered_query_hnsw_expected
pg-hnsw,100000,2,w2_50,938,1.814417,1.0,10,,planner_filtered_query_hnsw_expected
pg-hnsw,100000,2,w2_50,676,2.321875,1.0,10,,planner_filtered_query_hnsw_expected
pg-hnsw,100000,2,w2_50,567,6.319625,1.0,10,,planner_filtered_query_hnsw_expected
pg-hnsw,100000,2,w2_50,995,2.265917,1.0,10,,planner_filtered_query_hnsw_expected
pg-hnsw,100000,2,w2_50,296,1.9655,1.0,10,,planner_filtered_query_hnsw_expected
pg-hnsw,100000,2,w2_50,258,2.220791,0.9,10,,planner_filtered_query_hnsw_expected
pg-hnsw,100000,2,w2_50,867,2.200083,0.8,10,,planner_filtered_query_hnsw_expected
pg-hnsw,100000,2,w2_50,749,1.620625,1.0,10,,planner_filtered_query_hnsw_expected
pg-hnsw,100000,2,w2_50,633,2.126166,1.0,10,,planner_filtered_query_hnsw_expected
pg-hnsw,100000,2,w2_50,608,3.003042,1.0,10,,planner_filtered_query_hnsw_expected
pg-hnsw,100000,2,w2_50,517,2.454,0.9,10,,planner_filtered_query_hnsw_expected
pg-hnsw,100000,2,w2_50,778,2.01475,1.0,10,,planner_filtered_query_hnsw_expected
pg-hnsw,100000,2,w2_50,201,1.192083,1.0,10,,planner_filtered_query_hnsw_expected
pg-hnsw,100000,2,w2_50,986,2.186542,1.0,10,,planner_filtered_query_hnsw_expected
pg-hnsw,100000,2,w2_50,882,2.090083,0.9,10,,planner_filtered_query_hnsw_expected
pg-hnsw,100000,2,w2_50,106,1.675292,1.0,10,,planner_filtered_query_hnsw_expected
pg-hnsw,100000,2,w2_50,877,1.399416,1.0,10,,planner_filtered_query_hnsw_expected
pg-hnsw,100000,2,w2_50,105,2.320958,0.7,10,,planner_filtered_query_hnsw_expected
pg-hnsw,100000,2,w2_50,335,2.036209,1.0,10,,planner_filtered_query_hnsw_expected
pg-hnsw,100000,2,w2_50,184,1.9295,1.0,10,,planner_filtered_query_hnsw_expected
pg-hnsw,100000,2,w2_50,653,1.782875,1.0,10,,planner_filtered_query_hnsw_expected
pg-hnsw,100000,2,w2_50,847,3.391417,1.0,10,,planner_filtered_query_hnsw_expected
pg-hnsw,100000,2,w2_50,175,2.294625,1.0,10,,planner_filtered_query_hnsw_expected
pg-hnsw,100000,2,w2_50,531,1.692209,1.0,10,,planner_filtered_query_hnsw_expected
pg-hnsw,100000,2,w2_50,993,1.989333,1.0,10,,planner_filtered_query_hnsw_expected
pg-hnsw,100000,2,w2_50,688,2.187333,1.0,10,,planner_filtered_query_hnsw_expected
pg-hnsw,100000,2,w2_50,490,1.61125,1.0,10,,planner_filtered_query_hnsw_expected
pg-hnsw,100000,2,w2_50,575,2.19675,1.0,10,,planner_filtered_query_hnsw_expected
pg-hnsw,100000,2,w2_50,378,1.873458,0.9,10,,planner_filtered_query_hnsw_expected
pg-hnsw,100000,2,w2_50,881,2.192084,1.0,10,,planner_filtered_query_hnsw_expected
pg-hnsw,100000,2,w2_50,541,2.132167,0.6,10,,planner_filtered_query_hnsw_expected
pg-hnsw,100000,2,w2_50,896,1.979625,0.3,10,,planner_filtered_query_hnsw_expected
pg-hnsw,100000,2,w2_50,666,2.16725,0.8,10,,planner_filtered_query_hnsw_expected
pg-hnsw,100000,2,w2_50,746,4.612375,1.0,10,,planner_filtered_query_hnsw_expected
pg-hnsw,100000,2,w2_50,965,2.335375,1.0,10,,planner_filtered_query_hnsw_expected
pg-hnsw,100000,2,w2_50,323,2.172791,1.0,10,,planner_filtered_query_hnsw_expected
pg-hnsw,100000,2,w2_50,705,1.66725,1.0,10,,planner_filtered_query_hnsw_expected
pg-hnsw,100000,2,w2_50,959,2.3235,0.8,10,,planner_filtered_query_hnsw_expected
pg-hnsw,100000,2,w2_50,424,2.234416,0.9,10,,planner_filtered_query_hnsw_expected
pg-hnsw,100000,2,w2_50,589,3.388625,0.6,10,,planner_filtered_query_hnsw_expected
pg-hnsw,100000,2,w2_50,820,2.405042,0.6,10,,planner_filtered_query_hnsw_expected
pg-hnsw,100000,2,w2_50,203,1.932041,1.0,10,,planner_filtered_query_hnsw_expected
pg-hnsw,100000,2,w2_50,840,3.637584,1.0,10,,planner_filtered_query_hnsw_expected
pg-hnsw,100000,2,w2_50,526,2.36425,1.0,10,,planner_filtered_query_hnsw_expected
pg-hnsw,100000,2,w2_50,222,2.328084,1.0,10,,planner_filtered_query_hnsw_expected
pg-hnsw,100000,2,w2_50,978,6.057958,1.0,10,,planner_filtered_query_hnsw_expected
pg-hnsw,100000,2,w2_50,700,2.264209,1.0,10,,planner_filtered_query_hnsw_expected
pg-hnsw,100000,2,w2_50,592,2.813709,1.0,10,,planner_filtered_query_hnsw_expected
pg-hnsw,100000,2,w2_50,851,1.805625,0.9,10,,planner_filtered_query_hnsw_expected
pg-hnsw,100000,2,w2_50,134,2.148916,0.7,10,,planner_filtered_query_hnsw_expected
pg-hnsw,100000,2,w2_50,375,1.871875,1.0,10,,planner_filtered_query_hnsw_expected
pg-hnsw,100000,2,w2_50,368,1.3325,1.0,10,,planner_filtered_query_hnsw_expected
pg-hnsw,100000,2,w2_50,164,2.224958,0.9,10,,planner_filtered_query_hnsw_expected
pg-hnsw,100000,2,w2_50,261,1.531375,1.0,10,,planner_filtered_query_hnsw_expected
pg-hnsw,100000,2,w2_50,656,2.635166,0.7,10,,planner_filtered_query_hnsw_expected
pg-hnsw,100000,2,w2_50,158,1.754833,1.0,10,,planner_filtered_query_hnsw_expected
pg-hnsw,100000,2,w2_50,992,2.242042,1.0,10,,planner_filtered_query_hnsw_expected
pg-hnsw,100000,2,w2_50,659,2.037625,0.8,10,,planner_filtered_query_hnsw_expected
pg-hnsw,100000,2,w2_50,977,1.758125,1.0,10,,planner_filtered_query_hnsw_expected
pg-hnsw,100000,2,w2_50,502,1.444667,1.0,10,,planner_filtered_query_hnsw_expected
pg-hnsw,100000,2,w2_50,985,2.034958,1.0,10,,planner_filtered_query_hnsw_expected
pg-hnsw,100000,2,w2_50,484,1.537167,1.0,10,,planner_filtered_query_hnsw_expected
pg-hnsw,100000,2,w2_50,314,2.468167,0.6,10,,planner_filtered_query_hnsw_expected
pg-hnsw,100000,2,w2_50,596,1.976125,0.9,10,,planner_filtered_query_hnsw_expected
pg-hnsw,100000,2,w2_50,122,1.671334,1.0,10,,planner_filtered_query_hnsw_expected
pg-hnsw,100000,2,w2_50,799,1.4315,1.0,10,,planner_filtered_query_hnsw_expected
pg-hnsw,100000,2,w2_50,114,1.715709,0.9,10,,planner_filtered_query_hnsw_expected
pg-hnsw,100000,2,w2_50,555,2.020792,0.8,10,,planner_filtered_query_hnsw_expected
pg-hnsw,100000,2,w2_50,520,1.621709,1.0,10,,planner_filtered_query_hnsw_expected
pg-hnsw,100000,2,w2_50,181,2.390333,0.6,10,,planner_filtered_query_hnsw_expected
pg-hnsw,100000,2,w2_50,741,1.781833,1.0,10,,planner_filtered_query_hnsw_expected
pg-hnsw,100000,2,w2_50,707,1.545875,1.0,10,,planner_filtered_query_hnsw_expected
pg-hnsw,100000,2,w2_50,786,1.600875,1.0,10,,planner_filtered_query_hnsw_expected
pg-hnsw,100000,2,w2_50,250,1.592792,1.0,10,,planner_filtered_query_hnsw_expected
pg-hnsw,100000,2,w2_50,173,1.230125,0.9,10,,planner_filtered_query_hnsw_expected
pg-hnsw,100000,2,w2_50,563,1.471625,1.0,10,,planner_filtered_query_hnsw_expected
pg-hnsw,100000,2,w2_50,310,1.2875,1.0,10,,planner_filtered_query_hnsw_expected
pg-hnsw,100000,2,w2_50,604,1.191209,1.0,10,,planner_filtered_query_hnsw_expected
pg-hnsw,100000,2,w2_50,243,1.389208,1.0,10,,planner_filtered_query_hnsw_expected
pg-hnsw,100000,2,w2_50,561,1.421125,1.0,10,,planner_filtered_query_hnsw_expected
pg-hnsw,100000,2,w2_50,765,1.710167,0.9,10,,planner_filtered_query_hnsw_expected
pg-hnsw,100000,2,w2_50,339,1.781208,1.0,10,,planner_filtered_query_hnsw_expected
pg-hnsw,100000,2,w2_50,469,2.113166,1.0,10,,planner_filtered_query_hnsw_expected
pg-hnsw,100000,2,w2_50,100,1.575,1.0,10,,planner_filtered_query_hnsw_expected
pg-hnsw,100000,2,w2_50,727,1.934875,1.0,10,,planner_filtered_query_hnsw_expected
pg-hnsw,100000,2,w2_50,266,1.51625,1.0,10,,planner_filtered_query_hnsw_expected
pg-hnsw,100000,2,w2_50,275,1.325834,1.0,10,,planner_filtered_query_hnsw_expected
pg-hnsw,100000,2,w2_50,208,1.712459,0.9,10,,planner_filtered_query_hnsw_expected
pg-hnsw,100000,2,w2_50,449,1.446792,1.0,10,,planner_filtered_query_hnsw_expected
pg-hnsw,100000,2,w2_50,333,1.687833,1.0,10,,planner_filtered_query_hnsw_expected
pg-hnsw,100000,2,w2_50,546,1.764459,1.0,10,,planner_filtered_query_hnsw_expected
pg-hnsw,100000,2,w2_50,975,1.332417,1.0,10,,planner_filtered_query_hnsw_expected
pg-hnsw,100000,2,w2_50,186,1.951166,1.0,10,,planner_filtered_query_hnsw_expected
pg-hnsw,100000,2,w2_50,583,1.464958,1.0,10,,planner_filtered_query_hnsw_expected
pg-hnsw,100000,2,w2_50,141,1.539458,1.0,10,,planner_filtered_query_hnsw_expected
pg-hnsw,100000,2,w2_50,988,3.008875,1.0,10,,planner_filtered_query_hnsw_expected
pg-hnsw,100000,2,w2_50,408,1.611084,0.8,10,,planner_filtered_query_hnsw_expected
pg-hnsw,100000,2,w2_50,329,1.433167,1.0,10,,planner_filtered_query_hnsw_expected
pg-hnsw,100000,2,w2_50,370,1.804167,1.0,10,,planner_filtered_query_hnsw_expected
pg-hnsw,100000,2,w2_50,519,4.96025,1.0,10,,planner_filtered_query_hnsw_expected
pg-hnsw,100000,2,w2_50,935,2.1205,1.0,10,,planner_filtered_query_hnsw_expected
pg-hnsw,100000,2,w2_50,565,1.919542,0.8,10,,planner_filtered_query_hnsw_expected
pg-hnsw,100000,2,w2_50,163,1.528625,1.0,10,,planner_filtered_query_hnsw_expected
pg-hnsw,100000,2,w2_50,170,1.973959,0.8,10,,planner_filtered_query_hnsw_expected
pg-hnsw,100000,2,w2_50,817,1.590375,1.0,10,,planner_filtered_query_hnsw_expected
pg-hnsw,100000,2,w2_50,447,1.310583,1.0,10,,planner_filtered_query_hnsw_expected
pg-hnsw,100000,2,w2_50,854,3.030458,1.0,10,,planner_filtered_query_hnsw_expected
pg-hnsw,100000,2,w2_50,917,1.951625,1.0,10,,planner_filtered_query_hnsw_expected
pg-hnsw,100000,2,w2_50,316,1.809,1.0,10,,planner_filtered_query_hnsw_expected
pg-hnsw,100000,2,w2_50,576,1.941958,1.0,10,,planner_filtered_query_hnsw_expected
pg-hnsw,100000,2,w2_50,328,2.3495,1.0,10,,planner_filtered_query_hnsw_expected
pg-hnsw,100000,2,w2_50,878,1.228208,1.0,10,,planner_filtered_query_hnsw_expected
pg-hnsw,100000,2,w2_50,571,1.887541,1.0,10,,planner_filtered_query_hnsw_expected
pg-hnsw,100000,2,w2_50,810,1.493208,0.9,10,,planner_filtered_query_hnsw_expected
pg-hnsw,100000,2,w2_50,932,1.144292,1.0,10,,planner_filtered_query_hnsw_expected
pg-hnsw,100000,2,w2_50,294,2.447917,1.0,10,,planner_filtered_query_hnsw_expected
pg-hnsw,100000,2,w2_50,465,1.962833,0.9,10,,planner_filtered_query_hnsw_expected
pg-hnsw,100000,2,w2_50,286,1.868125,1.0,10,,planner_filtered_query_hnsw_expected
pg-hnsw,100000,2,w2_50,284,2.206375,0.9,10,,planner_filtered_query_hnsw_expected
pg-hnsw,100000,2,w2_50,819,1.68875,1.0,10,,planner_filtered_query_hnsw_expected
pg-hnsw,100000,2,w2_50,121,1.844458,0.9,10,,planner_filtered_query_hnsw_expected
pg-hnsw,100000,2,w2_50,646,1.349833,0.9,10,,planner_filtered_query_hnsw_expected
pg-hnsw,100000,2,w2_50,945,2.087375,0.6,10,,planner_filtered_query_hnsw_expected
pg-hnsw,100000,2,w2_50,941,1.925875,0.9,10,,planner_filtered_query_hnsw_expected
pg-hnsw,100000,2,w2_50,693,1.658166,1.0,10,,planner_filtered_query_hnsw_expected
pg-hnsw,100000,2,w2_50,779,2.118667,0.2,10,,planner_filtered_query_hnsw_expected
pg-hnsw,100000,2,w2_50,788,1.85825,0.3,10,,planner_filtered_query_hnsw_expected
pg-hnsw,100000,2,w2_50,153,1.377542,1.0,10,,planner_filtered_query_hnsw_expected
pg-hnsw,100000,2,w2_50,195,1.327916,1.0,10,,planner_filtered_query_hnsw_expected
pg-hnsw,100000,2,w2_50,789,1.859709,0.5,10,,planner_filtered_query_hnsw_expected
pg-hnsw,100000,2,w2_50,367,1.758792,1.0,10,,planner_filtered_query_hnsw_expected
pg-hnsw,100000,2,w2_50,168,1.320708,1.0,10,,planner_filtered_query_hnsw_expected
pg-hnsw,100000,2,w2_50,625,1.274833,1.0,10,,planner_filtered_query_hnsw_expected
pg-hnsw,100000,2,w2_50,757,1.598667,0.8,10,,planner_filtered_query_hnsw_expected
pg-hnsw,100000,2,w2_50,996,1.716792,1.0,10,,planner_filtered_query_hnsw_expected
pg-hnsw,100000,2,w2_50,835,1.500042,1.0,10,,planner_filtered_query_hnsw_expected
pg-hnsw,100000,2,w2_50,506,1.920375,0.9,10,,planner_filtered_query_hnsw_expected
pg-hnsw,100000,2,w2_50,513,1.794083,1.0,10,,planner_filtered_query_hnsw_expected
pg-hnsw,100000,2,w2_50,812,1.644584,1.0,10,,planner_filtered_query_hnsw_expected
pg-hnsw,100000,2,w2_50,534,2.41075,1.0,10,,planner_filtered_query_hnsw_expected
pg-hnsw,100000,2,w2_50,777,1.98225,0.9,10,,planner_filtered_query_hnsw_expected
pg-hnsw,100000,2,w2_50,684,1.389208,1.0,10,,planner_filtered_query_hnsw_expected
pg-hnsw,100000,2,w2_50,470,1.285375,1.0,10,,planner_filtered_query_hnsw_expected
pg-hnsw,100000,2,w2_50,913,1.5235,0.9,10,,planner_filtered_query_hnsw_expected
pg-hnsw,100000,2,w2_50,455,1.306625,1.0,10,,planner_filtered_query_hnsw_expected
pg-hnsw,100000,2,w2_50,522,1.346875,1.0,10,,planner_filtered_query_hnsw_expected
pg-hnsw,100000,2,w2_50,248,1.546375,0.9,10,,planner_filtered_query_hnsw_expected
pg-hnsw,100000,2,w2_50,340,1.036958,1.0,10,,planner_filtered_query_hnsw_expected
pg-hnsw,100000,2,w2_50,668,1.266584,1.0,10,,planner_filtered_query_hnsw_expected
pg-hnsw,100000,2,w2_50,899,2.424542,0.9,10,,planner_filtered_query_hnsw_expected
pg-hnsw,100000,2,w2_50,535,1.868916,1.0,10,,planner_filtered_query_hnsw_expected
pg-hnsw,100000,2,w2_50,133,1.421041,1.0,10,,planner_filtered_query_hnsw_expected
pg-hnsw,100000,2,w2_50,649,1.693625,1.0,10,,planner_filtered_query_hnsw_expected
pg-hnsw,100000,2,w2_50,641,3.165416,0.8,10,,planner_filtered_query_hnsw_expected
pg-hnsw,100000,2,w2_50,874,1.8875,1.0,10,,planner_filtered_query_hnsw_expected
pg-hnsw,100000,2,w2_50,445,1.5175,1.0,10,,planner_filtered_query_hnsw_expected
pg-hnsw,100000,2,w2_50,951,1.635875,1.0,10,,planner_filtered_query_hnsw_expected
pg-hnsw,100000,2,w2_50,497,1.523833,1.0,10,,planner_filtered_query_hnsw_expected
pg-hnsw,100000,2,w2_50,826,2.552917,1.0,10,,planner_filtered_query_hnsw_expected
pg-hnsw,100000,2,w2_50,581,1.82925,0.9,10,,planner_filtered_query_hnsw_expected
pg-hnsw,100000,2,w2_50,416,1.498333,1.0,10,,planner_filtered_query_hnsw_expected
pg-hnsw,100000,2,w2_50,573,1.283584,1.0,10,,planner_filtered_query_hnsw_expected
pg-hnsw,100000,2,w2_50,605,1.435667,1.0,10,,planner_filtered_query_hnsw_expected
pg-hnsw,100000,2,w2_50,823,2.022458,1.0,10,,planner_filtered_query_hnsw_expected
pg-hnsw,100000,2,w2_50,529,1.60575,1.0,10,,planner_filtered_query_hnsw_expected
pg-hnsw,100000,2,w2_50,954,1.625625,1.0,10,,planner_filtered_query_hnsw_expected
pg-hnsw,100000,2,w2_50,807,1.304291,1.0,10,,planner_filtered_query_hnsw_expected
pg-hnsw,100000,2,w2_50,724,1.770833,0.9,10,,planner_filtered_query_hnsw_expected
pg-hnsw,100000,2,w2_50,514,2.081917,1.0,10,,planner_filtered_query_hnsw_expected
pg-hnsw,100000,2,w2_50,421,1.917583,0.9,10,,planner_filtered_query_hnsw_expected
pg-hnsw,100000,2,w2_50,493,1.705625,1.0,10,,planner_filtered_query_hnsw_expected
pg-hnsw,100000,2,w2_50,123,1.7165,1.0,10,,planner_filtered_query_hnsw_expected
pg-hnsw,100000,2,w2_50,853,6.109209,0.8,10,,planner_filtered_query_hnsw_expected
pg-hnsw,100000,2,w2_50,678,2.170833,0.7,10,,planner_filtered_query_hnsw_expected
pg-hnsw,100000,2,w2_50,530,2.068792,0.7,10,,planner_filtered_query_hnsw_expected
pg-hnsw,100000,2,w2_50,837,1.380458,1.0,10,,planner_filtered_query_hnsw_expected
pg-hnsw,100000,2,w2_50,742,2.650958,1.0,10,,planner_filtered_query_hnsw_expected
pg-hnsw,100000,2,w2_50,766,1.451667,1.0,10,,planner_filtered_query_hnsw_expected
pg-hnsw,100000,2,w2_50,124,2.559333,1.0,10,,planner_filtered_query_hnsw_expected
pg-hnsw,100000,2,w2_50,156,2.236,1.0,10,,planner_filtered_query_hnsw_expected
pg-hnsw,100000,2,w2_50,907,2.275625,1.0,10,,planner_filtered_query_hnsw_expected
pg-hnsw,100000,2,w2_50,278,1.754125,1.0,10,,planner_filtered_query_hnsw_expected
pg-hnsw,100000,2,w2_50,783,3.435917,0.8,10,,planner_filtered_query_hnsw_expected
pg-hnsw,100000,2,w2_50,801,2.347666,1.0,10,,planner_filtered_query_hnsw_expected
pg-hnsw,100000,2,w2_50,611,1.588916,1.0,10,,planner_filtered_query_hnsw_expected
pg-hnsw,100000,2,w2_50,792,1.636375,1.0,10,,planner_filtered_query_hnsw_expected
pg-hnsw,100000,2,w2_50,822,2.693792,1.0,10,,planner_filtered_query_hnsw_expected
pg-hnsw,100000,2,w2_50,955,1.868875,1.0,10,,planner_filtered_query_hnsw_expected
pg-hnsw,100000,2,w2_50,426,2.194125,1.0,10,,planner_filtered_query_hnsw_expected
pg-hnsw,100000,2,w2_50,385,4.64275,1.0,10,,planner_filtered_query_hnsw_expected
pg-hnsw,100000,2,w2_50,244,1.384167,1.0,10,,planner_filtered_query_hnsw_expected
pg-hnsw,100000,2,w2_50,818,1.523833,1.0,10,,planner_filtered_query_hnsw_expected
pg-hnsw,100000,2,w2_50,827,4.594792,1.0,10,,planner_filtered_query_hnsw_expected
pg-hnsw,100000,2,w2_50,551,4.104041,0.9,10,,planner_filtered_query_hnsw_expected
pg-hnsw,100000,2,w2_50,498,1.786584,0.9,10,,planner_filtered_query_hnsw_expected
pg-hnsw,100000,2,w2_50,532,2.472625,0.8,10,,planner_filtered_query_hnsw_expected
pg-hnsw,100000,2,w2_50,800,1.83025,1.0,10,,planner_filtered_query_hnsw_expected
pg-hnsw,100000,2,w2_50,251,1.370916,1.0,10,,planner_filtered_query_hnsw_expected
pg-hnsw,100000,2,w2_50,893,4.818959,0.9,10,,planner_filtered_query_hnsw_expected
pg-hnsw,100000,2,w2_50,544,2.233792,1.0,10,,planner_filtered_query_hnsw_expected
pg-hnsw,100000,2,w2_50,713,1.191208,1.0,10,,planner_filtered_query_hnsw_expected
pg-hnsw,100000,2,w2_50,191,1.864333,0.8,10,,planner_filtered_query_hnsw_expected
pg-hnsw,100000,2,w2_50,686,2.087875,0.8,10,,planner_filtered_query_hnsw_expected
pg-hnsw,100000,2,w2_50,690,2.8185,0.9,10,,planner_filtered_query_hnsw_expected
pg-hnsw,100000,2,w2_50,382,1.759083,1.0,10,,planner_filtered_query_hnsw_expected
pg-hnsw,100000,2,w2_50,725,3.077334,1.0,10,,planner_filtered_query_hnsw_expected
pg-hnsw,100000,2,w2_50,397,2.138625,1.0,10,,planner_filtered_query_hnsw_expected
pg-hnsw,100000,2,w2_50,495,1.921042,0.9,10,,planner_filtered_query_hnsw_expected
pg-hnsw,100000,2,w2_50,748,2.211041,0.9,10,,planner_filtered_query_hnsw_expected
pg-hnsw,100000,2,w2_50,755,4.218167,1.0,10,,planner_filtered_query_hnsw_expected
pg-hnsw,100000,2,w2_50,695,2.101458,0.9,10,,planner_filtered_query_hnsw_expected
pg-hnsw,100000,2,w2_50,989,1.493875,1.0,10,,planner_filtered_query_hnsw_expected
pg-hnsw,100000,2,w2_50,884,2.052167,1.0,10,,planner_filtered_query_hnsw_expected
pg-hnsw,100000,2,w2_50,887,2.139833,1.0,10,,planner_filtered_query_hnsw_expected
pg-hnsw,100000,2,w2_50,745,2.021125,0.9,10,,planner_filtered_query_hnsw_expected
pg-hnsw,100000,2,w2_50,373,2.065708,1.0,10,,planner_filtered_query_hnsw_expected
pg-hnsw,100000,2,w2_50,245,1.227958,1.0,10,,planner_filtered_query_hnsw_expected
pg-hnsw,100000,2,w2_50,722,2.568125,1.0,10,,planner_filtered_query_hnsw_expected
pg-hnsw,100000,2,w2_50,683,1.811125,1.0,10,,planner_filtered_query_hnsw_expected
pg-hnsw,100000,2,w2_50,890,1.599459,0.9,10,,planner_filtered_query_hnsw_expected
pg-hnsw,100000,2,w2_50,252,2.439625,1.0,10,,planner_filtered_query_hnsw_expected
pg-hnsw,100000,2,w2_50,461,2.557167,0.9,10,,planner_filtered_query_hnsw_expected
pg-hnsw,100000,2,w2_50,440,1.4495,1.0,10,,planner_filtered_query_hnsw_expected
pg-hnsw,100000,2,w2_50,443,2.108416,0.9,10,,planner_filtered_query_hnsw_expected
pg-hnsw,100000,2,w2_50,716,1.343667,1.0,10,,planner_filtered_query_hnsw_expected
pg-hnsw,100000,2,w2_50,494,2.824792,1.0,10,,planner_filtered_query_hnsw_expected
pg-hnsw,100000,2,w2_50,346,1.849125,1.0,10,,planner_filtered_query_hnsw_expected
pg-hnsw,100000,2,w2_50,157,2.464916,1.0,10,,planner_filtered_query_hnsw_expected
pg-hnsw,100000,2,w2_50,223,2.345291,0.7,10,,planner_filtered_query_hnsw_expected
pg-hnsw,100000,2,w2_50,717,2.953584,1.0,10,,planner_filtered_query_hnsw_expected
pg-hnsw,100000,2,w2_50,949,2.499417,1.0,10,,planner_filtered_query_hnsw_expected
pg-hnsw,100000,2,w2_50,213,2.284917,0.9,10,,planner_filtered_query_hnsw_expected
pg-hnsw,100000,2,w2_50,617,2.1645,1.0,10,,planner_filtered_query_hnsw_expected
pg-hnsw,100000,2,w2_50,582,1.997417,1.0,10,,planner_filtered_query_hnsw_expected
pg-hnsw,100000,2,w2_50,590,1.915542,0.9,10,,planner_filtered_query_hnsw_expected
pg-hnsw,100000,2,w2_50,870,3.952417,1.0,10,,planner_filtered_query_hnsw_expected
pg-hnsw,100000,2,w2_50,603,1.670875,1.0,10,,planner_filtered_query_hnsw_expected
pg-hnsw,100000,2,w2_50,644,1.296417,1.0,10,,planner_filtered_query_hnsw_expected
pg-hnsw,100000,2,w2_50,803,1.957167,1.0,10,,planner_filtered_query_hnsw_expected
pg-hnsw,100000,2,w2_50,624,2.962875,0.7,10,,planner_filtered_query_hnsw_expected
pg-hnsw,100000,2,w2_50,192,2.502583,0.8,10,,planner_filtered_query_hnsw_expected
pg-hnsw,100000,2,w2_50,926,1.843875,0.9,10,,planner_filtered_query_hnsw_expected
pg-hnsw,100000,2,w2_50,980,1.125708,1.0,10,,planner_filtered_query_hnsw_expected
pg-hnsw,100000,2,w2_50,527,2.739417,1.0,10,,planner_filtered_query_hnsw_expected
pg-hnsw,100000,2,w2_50,772,2.697334,1.0,10,,planner_filtered_query_hnsw_expected
pg-hnsw,100000,2,w2_50,264,1.265708,1.0,10,,planner_filtered_query_hnsw_expected
pg-hnsw,100000,2,w2_50,131,1.7475,1.0,10,,planner_filtered_query_hnsw_expected
pg-hnsw,100000,2,w2_50,763,3.341542,1.0,10,,planner_filtered_query_hnsw_expected
pg-hnsw,100000,2,w2_50,454,1.611708,1.0,10,,planner_filtered_query_hnsw_expected
pg-hnsw,100000,2,w2_50,714,1.759958,0.9,10,,planner_filtered_query_hnsw_expected
pg-hnsw,100000,2,w2_50,187,1.816084,1.0,10,,planner_filtered_query_hnsw_expected
pg-hnsw,100000,2,w2_50,664,2.6655,0.7,10,,planner_filtered_query_hnsw_expected
pg-hnsw,100000,2,w2_50,500,3.734666,1.0,10,,planner_filtered_query_hnsw_expected
pg-hnsw,100000,2,w2_50,942,2.150208,1.0,10,,planner_filtered_query_hnsw_expected
pg-hnsw,100000,2,w2_50,964,3.739459,1.0,10,,planner_filtered_query_hnsw_expected
pg-hnsw,100000,2,w2_50,865,2.090542,1.0,10,,planner_filtered_query_hnsw_expected
pg-hnsw,100000,2,w2_50,747,1.443375,1.0,10,,planner_filtered_query_hnsw_expected
pg-hnsw,100000,2,w2_50,610,4.234375,1.0,10,,planner_filtered_query_hnsw_expected
pg-hnsw,100000,2,w2_50,860,2.576833,1.0,10,,planner_filtered_query_hnsw_expected
pg-hnsw,100000,2,w2_50,359,1.795333,1.0,10,,planner_filtered_query_hnsw_expected
pg-hnsw,100000,2,w2_50,238,4.18975,1.0,10,,planner_filtered_query_hnsw_expected
pg-hnsw,100000,2,w2_50,918,1.322417,1.0,10,,planner_filtered_query_hnsw_expected
pg-hnsw,100000,2,w2_50,112,2.161625,1.0,10,,planner_filtered_query_hnsw_expected
pg-hnsw,100000,2,w2_50,504,2.09375,1.0,10,,planner_filtered_query_hnsw_expected
pg-hnsw,100000,2,w2_50,267,2.610167,1.0,10,,planner_filtered_query_hnsw_expected
pg-hnsw,100000,2,w2_50,311,2.167792,1.0,10,,planner_filtered_query_hnsw_expected
pg-hnsw,100000,2,w2_50,909,1.776583,0.9,10,,planner_filtered_query_hnsw_expected
pg-hnsw,100000,2,w2_50,966,4.512875,0.7,10,,planner_filtered_query_hnsw_expected
pg-hnsw,100000,2,w2_50,293,2.097417,0.7,10,,planner_filtered_query_hnsw_expected
pg-hnsw,100000,2,w2_50,804,1.883083,0.9,10,,planner_filtered_query_hnsw_expected
pg-hnsw,100000,2,w2_50,547,3.909709,1.0,10,,planner_filtered_query_hnsw_expected
pg-hnsw,100000,2,w2_50,594,1.465916,1.0,10,,planner_filtered_query_hnsw_expected
pg-hnsw,100000,2,w2_50,550,1.987583,1.0,10,,planner_filtered_query_hnsw_expected
pg-hnsw,100000,2,w2_50,762,2.128583,1.0,10,,planner_filtered_query_hnsw_expected
pg-hnsw,100000,2,w2_50,212,2.307875,1.0,10,,planner_filtered_query_hnsw_expected
pg-hnsw,100000,2,w2_50,578,1.503875,1.0,10,,planner_filtered_query_hnsw_expected
pg-hnsw,100000,2,w2_50,630,1.432,1.0,10,,planner_filtered_query_hnsw_expected
pg-hnsw,100000,2,w2_50,348,1.328042,1.0,10,,planner_filtered_query_hnsw_expected
pg-hnsw,100000,2,w2_50,675,4.791166,1.0,10,,planner_filtered_query_hnsw_expected
pg-hnsw,100000,2,w2_50,969,2.204334,0.9,10,,planner_filtered_query_hnsw_expected
pg-hnsw,100000,2,w2_50,940,2.223834,0.8,10,,planner_filtered_query_hnsw_expected
pg-hnsw,100000,2,w2_50,274,4.089875,1.0,10,,planner_filtered_query_hnsw_expected
pg-hnsw,100000,2,w2_50,509,2.156125,1.0,10,,planner_filtered_query_hnsw_expected
pg-hnsw,100000,2,w2_50,144,1.816,1.0,10,,planner_filtered_query_hnsw_expected
pg-hnsw,100000,2,w2_50,915,5.393167,1.0,10,,planner_filtered_query_hnsw_expected
pg-hnsw,100000,2,w2_50,906,1.208042,1.0,10,,planner_filtered_query_hnsw_expected
pg-hnsw,100000,2,w2_50,508,1.193125,1.0,10,,planner_filtered_query_hnsw_expected
pg-hnsw,100000,2,w2_50,189,1.316542,1.0,10,,planner_filtered_query_hnsw_expected
pg-hnsw,100000,2,w2_50,734,4.52025,0.9,10,,planner_filtered_query_hnsw_expected
pg-hnsw,100000,2,w2_50,363,2.341625,0.9,10,,planner_filtered_query_hnsw_expected
pg-hnsw,100000,2,w2_50,524,3.411792,1.0,10,,planner_filtered_query_hnsw_expected
pg-hnsw,100000,2,w2_50,905,2.41275,1.0,10,,planner_filtered_query_hnsw_expected
pg-hnsw,100000,2,w2_50,774,6.966708,1.0,10,,planner_filtered_query_hnsw_expected
pg-hnsw,100000,2,w2_50,364,2.465834,1.0,10,,planner_filtered_query_hnsw_expected
pg-hnsw,100000,2,w2_50,667,1.801333,0.9,10,,planner_filtered_query_hnsw_expected
pg-hnsw,100000,2,w2_50,831,3.977292,1.0,10,,planner_filtered_query_hnsw_expected
pg-hnsw,100000,2,w2_50,342,2.077083,0.9,10,,planner_filtered_query_hnsw_expected
pg-hnsw,100000,2,w2_50,291,2.142875,1.0,10,,planner_filtered_query_hnsw_expected
pg-hnsw,100000,2,w2_50,784,3.719916,1.0,10,,planner_filtered_query_hnsw_expected
pg-hnsw,100000,2,w2_50,194,2.29075,1.0,10,,planner_filtered_query_hnsw_expected
pg-hnsw,100000,2,w2_50,976,2.178291,1.0,10,,planner_filtered_query_hnsw_expected
pg-hnsw,100000,2,w2_50,215,4.1355,1.0,10,,planner_filtered_query_hnsw_expected
pg-hnsw,100000,2,w2_50,999,2.1545,1.0,10,,planner_filtered_query_hnsw_expected
pg-hnsw,100000,2,w2_50,326,1.202125,1.0,10,,planner_filtered_query_hnsw_expected
pg-hnsw,100000,2,w2_50,489,1.863708,1.0,10,,planner_filtered_query_hnsw_expected
pg-hnsw,100000,2,w2_50,648,6.541709,0.6,10,,planner_filtered_query_hnsw_expected
pg-hnsw,100000,2,w2_50,601,4.663959,0.9,10,,planner_filtered_query_hnsw_expected
pg-hnsw,100000,2,w2_50,691,2.111041,0.8,10,,planner_filtered_query_hnsw_expected
pg-hnsw,100000,2,w2_50,548,1.772958,1.0,10,,planner_filtered_query_hnsw_expected
pg-hnsw,100000,2,w2_50,216,1.535458,0.9,10,,planner_filtered_query_hnsw_expected
pg-hnsw,100000,2,w2_50,600,2.440334,0.9,10,,planner_filtered_query_hnsw_expected
pg-hnsw,100000,2,w2_50,501,2.019166,1.0,10,,planner_filtered_query_hnsw_expected
pg-hnsw,100000,2,w2_50,911,2.015625,1.0,10,,planner_filtered_query_hnsw_expected
pg-hnsw,100000,2,w2_50,628,3.922958,1.0,10,,planner_filtered_query_hnsw_expected
pg-hnsw,100000,2,w2_50,197,1.961375,1.0,10,,planner_filtered_query_hnsw_expected
pg-hnsw,100000,2,w2_50,142,1.536917,1.0,10,,planner_filtered_query_hnsw_expected
pg-hnsw,100000,2,w2_50,962,1.963334,1.0,10,,planner_filtered_query_hnsw_expected
pg-hnsw,100000,2,w2_50,849,3.886084,0.9,10,,planner_filtered_query_hnsw_expected
pg-hnsw,100000,2,w2_50,805,2.367417,0.8,10,,planner_filtered_query_hnsw_expected
pg-hnsw,100000,2,w2_50,228,1.428041,1.0,10,,planner_filtered_query_hnsw_expected
pg-hnsw,100000,2,w2_50,422,4.442583,1.0,10,,planner_filtered_query_hnsw_expected
pg-hnsw,100000,2,w2_50,963,1.912833,1.0,10,,planner_filtered_query_hnsw_expected
pg-hnsw,100000,2,w2_50,441,2.62575,0.6,10,,planner_filtered_query_hnsw_expected
pg-hnsw,100000,2,w2_50,921,3.7645,0.9,10,,planner_filtered_query_hnsw_expected
pg-hnsw,100000,2,w2_50,324,2.582792,0.6,10,,planner_filtered_query_hnsw_expected
pg-hnsw,100000,2,w2_50,383,1.61325,1.0,10,,planner_filtered_query_hnsw_expected
pg-hnsw,100000,2,w2_50,341,4.046667,1.0,10,,planner_filtered_query_hnsw_expected
pg-hnsw,100000,2,w2_50,307,1.9545,1.0,10,,planner_filtered_query_hnsw_expected
pg-hnsw,100000,2,w2_50,844,1.832875,1.0,10,,planner_filtered_query_hnsw_expected
pg-hnsw,100000,2,w2_50,723,3.929708,0.9,10,,planner_filtered_query_hnsw_expected
pg-hnsw,100000,2,w2_50,400,2.086125,1.0,10,,planner_filtered_query_hnsw_expected
pg-hnsw,100000,2,w2_50,180,1.591916,1.0,10,,planner_filtered_query_hnsw_expected
pg-hnsw,100000,2,w2_50,715,1.259083,1.0,10,,planner_filtered_query_hnsw_expected
pg-hnsw,100000,2,w2_50,380,4.769042,0.9,10,,planner_filtered_query_hnsw_expected
pg-hnsw,100000,2,w2_50,618,1.57625,1.0,10,,planner_filtered_query_hnsw_expected
pg-hnsw,100000,2,w2_50,816,2.101083,1.0,10,,planner_filtered_query_hnsw_expected
pg-hnsw,100000,2,w2_50,300,3.62725,1.0,10,,planner_filtered_query_hnsw_expected
pg-hnsw,100000,2,w2_50,130,1.912084,1.0,10,,planner_filtered_query_hnsw_expected
pg-hnsw,100000,2,w2_50,211,2.061667,0.9,10,,planner_filtered_query_hnsw_expected
pg-hnsw,100000,2,w2_50,719,5.463084,1.0,10,,planner_filtered_query_hnsw_expected
pg-hnsw,100000,2,w2_50,984,1.90025,1.0,10,,planner_filtered_query_hnsw_expected
pg-hnsw,100000,2,w2_50,263,1.836708,0.5,10,,planner_filtered_query_hnsw_expected
pg-hnsw,100000,2,w2_50,503,5.294541,0.9,10,,planner_filtered_query_hnsw_expected
pg-hnsw,100000,2,w2_50,794,1.616708,1.0,10,,planner_filtered_query_hnsw_expected
pg-hnsw,100000,2,w2_50,855,4.226833,1.0,10,,planner_filtered_query_hnsw_expected
pg-hnsw,100000,2,w2_50,366,2.421375,0.7,10,,planner_filtered_query_hnsw_expected
pg-hnsw,100000,2,w2_50,392,2.462084,1.0,10,,planner_filtered_query_hnsw_expected
pg-hnsw,100000,2,w2_50,811,4.038208,1.0,10,,planner_filtered_query_hnsw_expected
pg-hnsw,100000,2,w2_50,681,2.57975,0.7,10,,planner_filtered_query_hnsw_expected
pg-hnsw,100000,2,w2_50,253,1.436667,1.0,10,,planner_filtered_query_hnsw_expected
pg-hnsw,100000,2,w2_50,991,1.670041,1.0,10,,planner_filtered_query_hnsw_expected
pg-hnsw,100000,2,w2_50,247,1.7685,0.9,10,,planner_filtered_query_hnsw_expected
pg-hnsw,100000,2,w2_50,982,2.05425,0.9,10,,planner_filtered_query_hnsw_expected
pg-hnsw,100000,2,w2_50,126,2.229542,0.9,10,,planner_filtered_query_hnsw_expected
pg-hnsw,100000,2,w2_50,833,2.413333,1.0,10,,planner_filtered_query_hnsw_expected
pg-hnsw,100000,2,w2_50,381,2.3015,1.0,10,,planner_filtered_query_hnsw_expected
pg-hnsw,100000,2,w2_50,510,2.225583,0.7,10,,planner_filtered_query_hnsw_expected
pg-hnsw,100000,2,w2_50,650,2.013958,1.0,10,,planner_filtered_query_hnsw_expected
pg-hnsw,100000,2,w2_50,345,2.082166,0.9,10,,planner_filtered_query_hnsw_expected
pg-hnsw,100000,2,w2_50,901,2.586625,0.9,10,,planner_filtered_query_hnsw_expected
pg-hnsw,100000,2,w2_50,580,2.067083,0.8,10,,planner_filtered_query_hnsw_expected
pg-hnsw,100000,2,w2_50,652,1.847791,1.0,10,,planner_filtered_query_hnsw_expected
pg-hnsw,100000,2,w2_50,471,1.769166,1.0,10,,planner_filtered_query_hnsw_expected
pg-hnsw,100000,2,w2_50,536,2.238875,1.0,10,,planner_filtered_query_hnsw_expected
pg-hnsw,100000,2,w2_50,883,1.654875,1.0,10,,planner_filtered_query_hnsw_expected
pg-hnsw,100000,2,w2_50,593,2.749333,1.0,10,,planner_filtered_query_hnsw_expected
pg-hnsw,100000,2,w2_50,920,2.409166,1.0,10,,planner_filtered_query_hnsw_expected
pg-hnsw,100000,2,w2_50,434,1.860709,1.0,10,,planner_filtered_query_hnsw_expected
pg-hnsw,100000,2,w2_50,290,2.086167,1.0,10,,planner_filtered_query_hnsw_expected
pg-hnsw,100000,2,w2_50,626,6.924417,1.0,10,,planner_filtered_query_hnsw_expected
pg-hnsw,100000,2,w2_50,221,2.259333,0.9,10,,planner_filtered_query_hnsw_expected
pg-hnsw,100000,2,w2_50,770,2.775834,0.5,10,,planner_filtered_query_hnsw_expected
pg-hnsw,100000,2,w2_50,272,2.083667,1.0,10,,planner_filtered_query_hnsw_expected
pg-hnsw,100000,2,w2_50,270,1.853,1.0,10,,planner_filtered_query_hnsw_expected
pg-hnsw,100000,2,w2_50,739,1.699958,1.0,10,,planner_filtered_query_hnsw_expected
pg-hnsw,100000,2,w2_50,515,3.805917,1.0,10,,planner_filtered_query_hnsw_expected
pg-hnsw,100000,2,w2_50,634,2.49975,0.9,10,,planner_filtered_query_hnsw_expected
pg-hnsw,100000,2,w2_50,386,2.502667,0.8,10,,planner_filtered_query_hnsw_expected
pg-hnsw,100000,2,w2_50,233,3.26075,0.8,10,,planner_filtered_query_hnsw_expected
pg-hnsw,100000,2,w2_10,765,28.6085,1.0,10,,scalar_first_exact
pg-hnsw,100000,2,w2_10,161,28.974917,1.0,10,,scalar_first_exact
pg-hnsw,100000,2,w2_10,773,30.132667,1.0,10,,scalar_first_exact
pg-hnsw,100000,2,w2_10,785,25.733084,1.0,10,,scalar_first_exact
pg-hnsw,100000,2,w2_10,452,25.467417,1.0,10,,scalar_first_exact
pg-hnsw,100000,2,w2_10,149,24.962833,1.0,10,,scalar_first_exact
pg-hnsw,100000,2,w2_10,938,25.725459,1.0,10,,scalar_first_exact
pg-hnsw,100000,2,w2_10,416,27.022375,1.0,10,,scalar_first_exact
pg-hnsw,100000,2,w2_10,582,24.795084,1.0,10,,scalar_first_exact
pg-hnsw,100000,2,w2_10,820,25.114875,1.0,10,,scalar_first_exact
pg-hnsw,100000,2,w2_10,285,25.44375,1.0,10,,scalar_first_exact
pg-hnsw,100000,2,w2_10,473,25.580833,1.0,10,,scalar_first_exact
pg-hnsw,100000,2,w2_10,441,26.013167,1.0,10,,scalar_first_exact
pg-hnsw,100000,2,w2_10,779,27.1325,1.0,10,,scalar_first_exact
pg-hnsw,100000,2,w2_10,882,25.104583,1.0,10,,scalar_first_exact
pg-hnsw,100000,2,w2_10,399,25.027,1.0,10,,scalar_first_exact
pg-hnsw,100000,2,w2_10,198,33.344833,1.0,10,,scalar_first_exact
pg-hnsw,100000,2,w2_10,824,32.030917,1.0,10,,scalar_first_exact
pg-hnsw,100000,2,w2_10,132,25.147833,1.0,10,,scalar_first_exact
pg-hnsw,100000,2,w2_10,134,26.144666,1.0,10,,scalar_first_exact
pg-hnsw,100000,2,w2_10,710,26.151,1.0,10,,scalar_first_exact
pg-hnsw,100000,2,w2_10,965,26.323292,1.0,10,,scalar_first_exact
pg-hnsw,100000,2,w2_10,656,25.533334,1.0,10,,scalar_first_exact
pg-hnsw,100000,2,w2_10,821,24.437666,1.0,10,,scalar_first_exact
pg-hnsw,100000,2,w2_10,988,24.838875,1.0,10,,scalar_first_exact
pg-hnsw,100000,2,w2_10,558,24.826625,1.0,10,,scalar_first_exact
pg-hnsw,100000,2,w2_10,463,24.843542,1.0,10,,scalar_first_exact
pg-hnsw,100000,2,w2_10,401,25.157292,1.0,10,,scalar_first_exact
pg-hnsw,100000,2,w2_10,381,25.192292,1.0,10,,scalar_first_exact
pg-hnsw,100000,2,w2_10,718,25.608166,1.0,10,,scalar_first_exact
pg-hnsw,100000,2,w2_10,434,25.443208,1.0,10,,scalar_first_exact
pg-hnsw,100000,2,w2_10,828,25.976959,1.0,10,,scalar_first_exact
pg-hnsw,100000,2,w2_10,468,25.64025,1.0,10,,scalar_first_exact
pg-hnsw,100000,2,w2_10,859,26.872542,1.0,10,,scalar_first_exact
pg-hnsw,100000,2,w2_10,767,25.3865,1.0,10,,scalar_first_exact
pg-hnsw,100000,2,w2_10,652,28.256917,1.0,10,,scalar_first_exact
pg-hnsw,100000,2,w2_10,528,26.200542,1.0,10,,scalar_first_exact
pg-hnsw,100000,2,w2_10,419,26.218625,1.0,10,,scalar_first_exact
pg-hnsw,100000,2,w2_10,165,25.670833,1.0,10,,scalar_first_exact
pg-hnsw,100000,2,w2_10,478,26.74325,1.0,10,,scalar_first_exact
pg-hnsw,100000,2,w2_10,185,25.134084,1.0,10,,scalar_first_exact
pg-hnsw,100000,2,w2_10,229,25.237083,1.0,10,,scalar_first_exact
pg-hnsw,100000,2,w2_10,146,24.167208,1.0,10,,scalar_first_exact
pg-hnsw,100000,2,w2_10,445,24.845208,1.0,10,,scalar_first_exact
pg-hnsw,100000,2,w2_10,910,24.6025,1.0,10,,scalar_first_exact
pg-hnsw,100000,2,w2_10,147,25.43525,1.0,10,,scalar_first_exact
pg-hnsw,100000,2,w2_10,654,24.78425,1.0,10,,scalar_first_exact
pg-hnsw,100000,2,w2_10,162,26.781125,1.0,10,,scalar_first_exact
pg-hnsw,100000,2,w2_10,510,25.767917,1.0,10,,scalar_first_exact
pg-hnsw,100000,2,w2_10,289,26.681291,1.0,10,,scalar_first_exact
pg-hnsw,100000,2,w2_10,550,25.415959,1.0,10,,scalar_first_exact
pg-hnsw,100000,2,w2_10,677,26.012625,1.0,10,,scalar_first_exact
pg-hnsw,100000,2,w2_10,616,24.738208,1.0,10,,scalar_first_exact
pg-hnsw,100000,2,w2_10,102,26.2335,1.0,10,,scalar_first_exact
pg-hnsw,100000,2,w2_10,641,25.277583,1.0,10,,scalar_first_exact
pg-hnsw,100000,2,w2_10,327,25.270875,1.0,10,,scalar_first_exact
pg-hnsw,100000,2,w2_10,360,25.422959,1.0,10,,scalar_first_exact
pg-hnsw,100000,2,w2_10,334,25.840542,1.0,10,,scalar_first_exact
pg-hnsw,100000,2,w2_10,655,26.556208,1.0,10,,scalar_first_exact
pg-hnsw,100000,2,w2_10,432,25.096333,1.0,10,,scalar_first_exact
pg-hnsw,100000,2,w2_10,733,25.387792,1.0,10,,scalar_first_exact
pg-hnsw,100000,2,w2_10,590,24.55225,1.0,10,,scalar_first_exact
pg-hnsw,100000,2,w2_10,752,25.34675,1.0,10,,scalar_first_exact
pg-hnsw,100000,2,w2_10,784,24.284709,1.0,10,,scalar_first_exact
pg-hnsw,100000,2,w2_10,347,25.072584,1.0,10,,scalar_first_exact
pg-hnsw,100000,2,w2_10,382,24.951083,1.0,10,,scalar_first_exact
pg-hnsw,100000,2,w2_10,560,25.327083,1.0,10,,scalar_first_exact
pg-hnsw,100000,2,w2_10,885,25.76675,1.0,10,,scalar_first_exact
pg-hnsw,100000,2,w2_10,772,25.020375,1.0,10,,scalar_first_exact
pg-hnsw,100000,2,w2_10,121,25.327416,1.0,10,,scalar_first_exact
pg-hnsw,100000,2,w2_10,735,25.325583,1.0,10,,scalar_first_exact
pg-hnsw,100000,2,w2_10,669,29.261333,1.0,10,,scalar_first_exact
pg-hnsw,100000,2,w2_10,954,26.360625,1.0,10,,scalar_first_exact
pg-hnsw,100000,2,w2_10,952,26.485625,1.0,10,,scalar_first_exact
pg-hnsw,100000,2,w2_10,395,24.957917,1.0,10,,scalar_first_exact
pg-hnsw,100000,2,w2_10,682,24.227875,1.0,10,,scalar_first_exact
pg-hnsw,100000,2,w2_10,970,24.63425,1.0,10,,scalar_first_exact
pg-hnsw,100000,2,w2_10,876,24.646834,1.0,10,,scalar_first_exact
pg-hnsw,100000,2,w2_10,490,27.179209,1.0,10,,scalar_first_exact
pg-hnsw,100000,2,w2_10,633,29.632875,1.0,10,,scalar_first_exact
pg-hnsw,100000,2,w2_10,987,26.103708,1.0,10,,scalar_first_exact
pg-hnsw,100000,2,w2_10,636,24.719875,1.0,10,,scalar_first_exact
pg-hnsw,100000,2,w2_10,500,25.27075,1.0,10,,scalar_first_exact
pg-hnsw,100000,2,w2_10,574,26.90475,1.0,10,,scalar_first_exact
pg-hnsw,100000,2,w2_10,553,23.682,1.0,10,,scalar_first_exact
pg-hnsw,100000,2,w2_10,618,24.67975,1.0,10,,scalar_first_exact
pg-hnsw,100000,2,w2_10,928,25.452834,1.0,10,,scalar_first_exact
pg-hnsw,100000,2,w2_10,203,24.903459,1.0,10,,scalar_first_exact
pg-hnsw,100000,2,w2_10,680,25.011125,1.0,10,,scalar_first_exact
pg-hnsw,100000,2,w2_10,272,26.1855,1.0,10,,scalar_first_exact
pg-hnsw,100000,2,w2_10,963,25.608042,1.0,10,,scalar_first_exact
pg-hnsw,100000,2,w2_10,768,25.922458,1.0,10,,scalar_first_exact
pg-hnsw,100000,2,w2_10,413,25.508417,1.0,10,,scalar_first_exact
pg-hnsw,100000,2,w2_10,151,25.055542,1.0,10,,scalar_first_exact
pg-hnsw,100000,2,w2_10,310,29.4485,1.0,10,,scalar_first_exact
pg-hnsw,100000,2,w2_10,875,26.088709,1.0,10,,scalar_first_exact
pg-hnsw,100000,2,w2_10,253,25.964334,1.0,10,,scalar_first_exact
pg-hnsw,100000,2,w2_10,114,24.486125,1.0,10,,scalar_first_exact
pg-hnsw,100000,2,w2_10,262,25.266583,1.0,10,,scalar_first_exact
pg-hnsw,100000,2,w2_10,318,26.371625,1.0,10,,scalar_first_exact
pg-hnsw,100000,2,w2_10,717,25.515042,1.0,10,,scalar_first_exact
pg-hnsw,100000,2,w2_10,464,25.955666,1.0,10,,scalar_first_exact
pg-hnsw,100000,2,w2_10,990,30.218833,1.0,10,,scalar_first_exact
pg-hnsw,100000,2,w2_10,150,25.585459,1.0,10,,scalar_first_exact
pg-hnsw,100000,2,w2_10,226,24.057875,1.0,10,,scalar_first_exact
pg-hnsw,100000,2,w2_10,589,26.402625,1.0,10,,scalar_first_exact
pg-hnsw,100000,2,w2_10,323,25.786125,1.0,10,,scalar_first_exact
pg-hnsw,100000,2,w2_10,946,25.243,1.0,10,,scalar_first_exact
pg-hnsw,100000,2,w2_10,171,24.857458,1.0,10,,scalar_first_exact
pg-hnsw,100000,2,w2_10,742,25.116666,1.0,10,,scalar_first_exact
pg-hnsw,100000,2,w2_10,962,24.742834,1.0,10,,scalar_first_exact
pg-hnsw,100000,2,w2_10,239,28.784291,1.0,10,,scalar_first_exact
pg-hnsw,100000,2,w2_10,126,25.736583,1.0,10,,scalar_first_exact
pg-hnsw,100000,2,w2_10,492,24.949833,1.0,10,,scalar_first_exact
pg-hnsw,100000,2,w2_10,922,25.126667,1.0,10,,scalar_first_exact
pg-hnsw,100000,2,w2_10,250,24.582458,1.0,10,,scalar_first_exact
pg-hnsw,100000,2,w2_10,743,24.858792,1.0,10,,scalar_first_exact
pg-hnsw,100000,2,w2_10,130,25.89875,1.0,10,,scalar_first_exact
pg-hnsw,100000,2,w2_10,726,23.914625,1.0,10,,scalar_first_exact
pg-hnsw,100000,2,w2_10,896,23.653875,1.0,10,,scalar_first_exact
pg-hnsw,100000,2,w2_10,911,24.13675,1.0,10,,scalar_first_exact
pg-hnsw,100000,2,w2_10,926,23.242166,1.0,10,,scalar_first_exact
pg-hnsw,100000,2,w2_10,645,24.262,1.0,10,,scalar_first_exact
pg-hnsw,100000,2,w2_10,577,23.821125,1.0,10,,scalar_first_exact
pg-hnsw,100000,2,w2_10,242,23.685916,1.0,10,,scalar_first_exact
pg-hnsw,100000,2,w2_10,436,24.412625,1.0,10,,scalar_first_exact
pg-hnsw,100000,2,w2_10,535,26.147292,1.0,10,,scalar_first_exact
pg-hnsw,100000,2,w2_10,522,24.493334,1.0,10,,scalar_first_exact
pg-hnsw,100000,2,w2_10,977,24.777292,1.0,10,,scalar_first_exact
pg-hnsw,100000,2,w2_10,637,26.295833,1.0,10,,scalar_first_exact
pg-hnsw,100000,2,w2_10,671,24.9335,1.0,10,,scalar_first_exact
pg-hnsw,100000,2,w2_10,115,25.182583,1.0,10,,scalar_first_exact
pg-hnsw,100000,2,w2_10,913,24.298083,1.0,10,,scalar_first_exact
pg-hnsw,100000,2,w2_10,247,24.55275,1.0,10,,scalar_first_exact
pg-hnsw,100000,2,w2_10,927,24.470708,1.0,10,,scalar_first_exact
pg-hnsw,100000,2,w2_10,398,24.652042,1.0,10,,scalar_first_exact
pg-hnsw,100000,2,w2_10,796,24.132042,1.0,10,,scalar_first_exact
pg-hnsw,100000,2,w2_10,234,25.50325,1.0,10,,scalar_first_exact
pg-hnsw,100000,2,w2_10,929,25.713666,1.0,10,,scalar_first_exact
pg-hnsw,100000,2,w2_10,101,25.26025,1.0,10,,scalar_first_exact
pg-hnsw,100000,2,w2_10,967,25.895167,1.0,10,,scalar_first_exact
pg-hnsw,100000,2,w2_10,421,25.424,1.0,10,,scalar_first_exact
pg-hnsw,100000,2,w2_10,766,25.298541,1.0,10,,scalar_first_exact
pg-hnsw,100000,2,w2_10,295,29.858708,1.0,10,,scalar_first_exact
pg-hnsw,100000,2,w2_10,703,25.694125,1.0,10,,scalar_first_exact
pg-hnsw,100000,2,w2_10,339,25.171291,1.0,10,,scalar_first_exact
pg-hnsw,100000,2,w2_10,666,25.739584,1.0,10,,scalar_first_exact
pg-hnsw,100000,2,w2_10,845,26.66875,1.0,10,,scalar_first_exact
pg-hnsw,100000,2,w2_10,329,25.576833,1.0,10,,scalar_first_exact
pg-hnsw,100000,2,w2_10,366,24.769667,1.0,10,,scalar_first_exact
pg-hnsw,100000,2,w2_10,639,27.354209,1.0,10,,scalar_first_exact
pg-hnsw,100000,2,w2_10,908,25.958792,1.0,10,,scalar_first_exact
pg-hnsw,100000,2,w2_10,541,25.925541,1.0,10,,scalar_first_exact
pg-hnsw,100000,2,w2_10,921,25.851334,1.0,10,,scalar_first_exact
pg-hnsw,100000,2,w2_10,847,26.092333,1.0,10,,scalar_first_exact
pg-hnsw,100000,2,w2_10,933,25.720708,1.0,10,,scalar_first_exact
pg-hnsw,100000,2,w2_10,330,25.972125,1.0,10,,scalar_first_exact
pg-hnsw,100000,2,w2_10,217,25.72675,1.0,10,,scalar_first_exact
pg-hnsw,100000,2,w2_10,619,27.296083,1.0,10,,scalar_first_exact
pg-hnsw,100000,2,w2_10,697,25.820375,1.0,10,,scalar_first_exact
pg-hnsw,100000,2,w2_10,284,24.774292,1.0,10,,scalar_first_exact
pg-hnsw,100000,2,w2_10,451,25.031833,1.0,10,,scalar_first_exact
pg-hnsw,100000,2,w2_10,895,25.110083,1.0,10,,scalar_first_exact
pg-hnsw,100000,2,w2_10,789,24.88575,1.0,10,,scalar_first_exact
pg-hnsw,100000,2,w2_10,995,25.412584,1.0,10,,scalar_first_exact
pg-hnsw,100000,2,w2_10,539,26.656584,1.0,10,,scalar_first_exact
pg-hnsw,100000,2,w2_10,902,25.747916,1.0,10,,scalar_first_exact
pg-hnsw,100000,2,w2_10,866,25.139125,1.0,10,,scalar_first_exact
pg-hnsw,100000,2,w2_10,621,25.658042,1.0,10,,scalar_first_exact
pg-hnsw,100000,2,w2_10,907,26.020792,1.0,10,,scalar_first_exact
pg-hnsw,100000,2,w2_10,504,26.967958,1.0,10,,scalar_first_exact
pg-hnsw,100000,2,w2_10,447,25.677167,1.0,10,,scalar_first_exact
pg-hnsw,100000,2,w2_10,841,26.33975,1.0,10,,scalar_first_exact
pg-hnsw,100000,2,w2_10,816,25.766334,1.0,10,,scalar_first_exact
pg-hnsw,100000,2,w2_10,509,25.845667,1.0,10,,scalar_first_exact
pg-hnsw,100000,2,w2_10,337,26.565333,1.0,10,,scalar_first_exact
pg-hnsw,100000,2,w2_10,311,25.978584,1.0,10,,scalar_first_exact
pg-hnsw,100000,2,w2_10,811,25.106041,1.0,10,,scalar_first_exact
pg-hnsw,100000,2,w2_10,815,27.464625,1.0,10,,scalar_first_exact
pg-hnsw,100000,2,w2_10,648,27.35025,1.0,10,,scalar_first_exact
pg-hnsw,100000,2,w2_10,723,26.911125,1.0,10,,scalar_first_exact
pg-hnsw,100000,2,w2_10,960,26.199959,1.0,10,,scalar_first_exact
pg-hnsw,100000,2,w2_10,267,28.096875,1.0,10,,scalar_first_exact
pg-hnsw,100000,2,w2_10,662,24.84675,1.0,10,,scalar_first_exact
pg-hnsw,100000,2,w2_10,701,28.836542,1.0,10,,scalar_first_exact
pg-hnsw,100000,2,w2_10,296,26.388709,1.0,10,,scalar_first_exact
pg-hnsw,100000,2,w2_10,548,28.001417,1.0,10,,scalar_first_exact
pg-hnsw,100000,2,w2_10,302,26.189916,1.0,10,,scalar_first_exact
pg-hnsw,100000,2,w2_10,520,25.775125,1.0,10,,scalar_first_exact
pg-hnsw,100000,2,w2_10,608,26.322542,1.0,10,,scalar_first_exact
pg-hnsw,100000,2,w2_10,213,25.760958,1.0,10,,scalar_first_exact
pg-hnsw,100000,2,w2_10,979,25.087542,1.0,10,,scalar_first_exact
pg-hnsw,100000,2,w2_10,110,25.531042,1.0,10,,scalar_first_exact
pg-hnsw,100000,2,w2_10,157,25.524875,1.0,10,,scalar_first_exact
pg-hnsw,100000,2,w2_10,778,26.331792,1.0,10,,scalar_first_exact
pg-hnsw,100000,2,w2_10,437,25.38275,1.0,10,,scalar_first_exact
pg-hnsw,100000,2,w2_10,563,24.139625,1.0,10,,scalar_first_exact
pg-hnsw,100000,2,w2_10,593,23.761667,1.0,10,,scalar_first_exact
pg-hnsw,100000,2,w2_10,829,25.240167,1.0,10,,scalar_first_exact
pg-hnsw,100000,2,w2_10,611,25.083541,1.0,10,,scalar_first_exact
pg-hnsw,100000,2,w2_10,676,24.137458,1.0,10,,scalar_first_exact
pg-hnsw,100000,2,w2_10,211,27.743,1.0,10,,scalar_first_exact
pg-hnsw,100000,2,w2_10,725,33.976041,1.0,10,,scalar_first_exact
pg-hnsw,100000,2,w2_10,276,28.253625,1.0,10,,scalar_first_exact
pg-hnsw,100000,2,w2_10,429,27.354333,1.0,10,,scalar_first_exact
pg-hnsw,100000,2,w2_10,940,27.321458,1.0,10,,scalar_first_exact
pg-hnsw,100000,2,w2_10,708,28.360583,1.0,10,,scalar_first_exact
pg-hnsw,100000,2,w2_10,179,24.861334,1.0,10,,scalar_first_exact
pg-hnsw,100000,2,w2_10,408,25.326375,1.0,10,,scalar_first_exact
pg-hnsw,100000,2,w2_10,568,26.174417,1.0,10,,scalar_first_exact
pg-hnsw,100000,2,w2_10,899,26.308042,1.0,10,,scalar_first_exact
pg-hnsw,100000,2,w2_10,319,26.123958,1.0,10,,scalar_first_exact
pg-hnsw,100000,2,w2_10,950,27.034209,1.0,10,,scalar_first_exact
pg-hnsw,100000,2,w2_10,609,25.464375,1.0,10,,scalar_first_exact
pg-hnsw,100000,2,w2_10,842,27.12725,1.0,10,,scalar_first_exact
pg-hnsw,100000,2,w2_10,301,24.748792,1.0,10,,scalar_first_exact
pg-hnsw,100000,2,w2_10,144,25.320875,1.0,10,,scalar_first_exact
pg-hnsw,100000,2,w2_10,454,25.053834,1.0,10,,scalar_first_exact
pg-hnsw,100000,2,w2_10,889,24.998875,1.0,10,,scalar_first_exact
pg-hnsw,100000,2,w2_10,390,26.12575,1.0,10,,scalar_first_exact
pg-hnsw,100000,2,w2_10,140,24.079875,1.0,10,,scalar_first_exact
pg-hnsw,100000,2,w2_10,491,26.3495,1.0,10,,scalar_first_exact
pg-hnsw,100000,2,w2_10,279,28.205916,1.0,10,,scalar_first_exact
pg-hnsw,100000,2,w2_10,128,25.727125,1.0,10,,scalar_first_exact
pg-hnsw,100000,2,w2_10,274,24.633708,1.0,10,,scalar_first_exact
pg-hnsw,100000,2,w2_10,263,25.8635,1.0,10,,scalar_first_exact
pg-hnsw,100000,2,w2_10,638,24.4575,1.0,10,,scalar_first_exact
pg-hnsw,100000,2,w2_10,124,24.913708,1.0,10,,scalar_first_exact
pg-hnsw,100000,2,w2_10,300,25.46725,1.0,10,,scalar_first_exact
pg-hnsw,100000,2,w2_10,808,26.317416,1.0,10,,scalar_first_exact
pg-hnsw,100000,2,w2_10,333,25.144291,1.0,10,,scalar_first_exact
pg-hnsw,100000,2,w2_10,745,25.317416,1.0,10,,scalar_first_exact
pg-hnsw,100000,2,w2_10,208,25.926334,1.0,10,,scalar_first_exact
pg-hnsw,100000,2,w2_10,774,25.118791,1.0,10,,scalar_first_exact
pg-hnsw,100000,2,w2_10,269,25.0655,1.0,10,,scalar_first_exact
pg-hnsw,100000,2,w2_10,383,27.075209,1.0,10,,scalar_first_exact
pg-hnsw,100000,2,w2_10,690,24.592125,1.0,10,,scalar_first_exact
pg-hnsw,100000,2,w2_10,159,24.390208,1.0,10,,scalar_first_exact
pg-hnsw,100000,2,w2_10,755,25.607916,1.0,10,,scalar_first_exact
pg-hnsw,100000,2,w2_10,370,25.330083,1.0,10,,scalar_first_exact
pg-hnsw,100000,2,w2_10,966,25.122416,1.0,10,,scalar_first_exact
pg-hnsw,100000,2,w2_10,551,25.831167,1.0,10,,scalar_first_exact
pg-hnsw,100000,2,w2_10,369,25.413541,1.0,10,,scalar_first_exact
pg-hnsw,100000,2,w2_10,514,24.197375,1.0,10,,scalar_first_exact
pg-hnsw,100000,2,w2_10,481,24.603292,1.0,10,,scalar_first_exact
pg-hnsw,100000,2,w2_10,462,25.184833,1.0,10,,scalar_first_exact
pg-hnsw,100000,2,w2_10,715,26.009333,1.0,10,,scalar_first_exact
pg-hnsw,100000,2,w2_10,567,26.004167,1.0,10,,scalar_first_exact
pg-hnsw,100000,2,w2_10,850,24.245875,1.0,10,,scalar_first_exact
pg-hnsw,100000,2,w2_10,984,25.3625,1.0,10,,scalar_first_exact
pg-hnsw,100000,2,w2_10,476,25.530917,1.0,10,,scalar_first_exact
pg-hnsw,100000,2,w2_10,874,26.355584,1.0,10,,scalar_first_exact
pg-hnsw,100000,2,w2_10,281,25.462375,1.0,10,,scalar_first_exact
pg-hnsw,100000,2,w2_10,704,25.52575,1.0,10,,scalar_first_exact
pg-hnsw,100000,2,w2_10,750,28.122833,1.0,10,,scalar_first_exact
pg-hnsw,100000,2,w2_10,599,26.115083,1.0,10,,scalar_first_exact
pg-hnsw,100000,2,w2_10,133,24.301917,1.0,10,,scalar_first_exact
pg-hnsw,100000,2,w2_10,968,25.090125,1.0,10,,scalar_first_exact
pg-hnsw,100000,2,w2_10,519,24.697917,1.0,10,,scalar_first_exact
pg-hnsw,100000,2,w2_10,501,25.27475,1.0,10,,scalar_first_exact
pg-hnsw,100000,2,w2_10,862,24.379792,1.0,10,,scalar_first_exact
pg-hnsw,100000,2,w2_10,103,25.551042,1.0,10,,scalar_first_exact
pg-hnsw,100000,2,w2_10,305,26.126209,1.0,10,,scalar_first_exact
pg-hnsw,100000,2,w2_10,787,24.6515,1.0,10,,scalar_first_exact
pg-hnsw,100000,2,w2_10,277,25.151375,1.0,10,,scalar_first_exact
pg-hnsw,100000,2,w2_10,187,25.336375,1.0,10,,scalar_first_exact
pg-hnsw,100000,2,w2_10,905,25.454333,1.0,10,,scalar_first_exact
pg-hnsw,100000,2,w2_10,643,26.518917,1.0,10,,scalar_first_exact
pg-hnsw,100000,2,w2_10,880,30.872208,1.0,10,,scalar_first_exact
pg-hnsw,100000,2,w2_10,573,25.821125,1.0,10,,scalar_first_exact
pg-hnsw,100000,2,w2_10,293,26.818792,1.0,10,,scalar_first_exact
pg-hnsw,100000,2,w2_10,835,29.155959,1.0,10,,scalar_first_exact
pg-hnsw,100000,2,w2_10,771,25.172792,1.0,10,,scalar_first_exact
pg-hnsw,100000,2,w2_10,737,25.725584,1.0,10,,scalar_first_exact
pg-hnsw,100000,2,w2_10,138,25.212667,1.0,10,,scalar_first_exact
pg-hnsw,100000,2,w2_10,674,24.119917,1.0,10,,scalar_first_exact
pg-hnsw,100000,2,w2_10,233,24.237959,1.0,10,,scalar_first_exact
pg-hnsw,100000,2,w2_10,872,25.733458,1.0,10,,scalar_first_exact
pg-hnsw,100000,2,w2_10,993,25.927958,1.0,10,,scalar_first_exact
pg-hnsw,100000,2,w2_10,675,25.045583,1.0,10,,scalar_first_exact
pg-hnsw,100000,2,w2_10,118,26.077625,1.0,10,,scalar_first_exact
pg-hnsw,100000,2,w2_10,775,25.529958,1.0,10,,scalar_first_exact
pg-hnsw,100000,2,w2_10,248,25.960375,1.0,10,,scalar_first_exact
pg-hnsw,100000,2,w2_10,547,28.701666,1.0,10,,scalar_first_exact
pg-hnsw,100000,2,w2_10,164,25.07325,1.0,10,,scalar_first_exact
pg-hnsw,100000,2,w2_10,455,26.224667,1.0,10,,scalar_first_exact
pg-hnsw,100000,2,w2_10,849,25.689708,1.0,10,,scalar_first_exact
pg-hnsw,100000,2,w2_10,579,25.307166,1.0,10,,scalar_first_exact
pg-hnsw,100000,2,w2_10,877,26.138917,1.0,10,,scalar_first_exact
pg-hnsw,100000,2,w2_10,143,25.380084,1.0,10,,scalar_first_exact
pg-hnsw,100000,2,w2_10,972,25.358041,1.0,10,,scalar_first_exact
pg-hnsw,100000,2,w2_10,443,27.19775,1.0,10,,scalar_first_exact
pg-hnsw,100000,2,w2_10,724,26.397208,1.0,10,,scalar_first_exact
pg-hnsw,100000,2,w2_10,622,25.713834,1.0,10,,scalar_first_exact
pg-hnsw,100000,2,w2_10,651,25.779667,1.0,10,,scalar_first_exact
pg-hnsw,100000,2,w2_10,947,25.711834,1.0,10,,scalar_first_exact
pg-hnsw,100000,2,w2_10,214,26.648667,1.0,10,,scalar_first_exact
pg-hnsw,100000,2,w2_10,220,25.879334,1.0,10,,scalar_first_exact
pg-hnsw,100000,2,w2_10,830,26.75475,1.0,10,,scalar_first_exact
pg-hnsw,100000,2,w2_10,857,25.953334,1.0,10,,scalar_first_exact
pg-hnsw,100000,2,w2_10,971,26.711333,1.0,10,,scalar_first_exact
pg-hnsw,100000,2,w2_10,559,25.068833,1.0,10,,scalar_first_exact
pg-hnsw,100000,2,w2_10,612,24.856,1.0,10,,scalar_first_exact
pg-hnsw,100000,2,w2_10,986,24.728625,1.0,10,,scalar_first_exact
pg-hnsw,100000,2,w2_10,403,25.098708,1.0,10,,scalar_first_exact
pg-hnsw,100000,2,w2_10,999,27.330166,1.0,10,,scalar_first_exact
pg-hnsw,100000,2,w2_10,956,24.738,1.0,10,,scalar_first_exact
pg-hnsw,100000,2,w2_10,379,24.5065,1.0,10,,scalar_first_exact
pg-hnsw,100000,2,w2_10,166,25.273042,1.0,10,,scalar_first_exact
pg-hnsw,100000,2,w2_10,994,25.755417,1.0,10,,scalar_first_exact
pg-hnsw,100000,2,w2_10,543,24.698375,1.0,10,,scalar_first_exact
pg-hnsw,100000,2,w2_10,488,24.883958,1.0,10,,scalar_first_exact
pg-hnsw,100000,2,w2_10,585,24.534542,1.0,10,,scalar_first_exact
pg-hnsw,100000,2,w2_10,925,24.713625,1.0,10,,scalar_first_exact
pg-hnsw,100000,2,w2_10,244,25.957375,1.0,10,,scalar_first_exact
pg-hnsw,100000,2,w2_10,870,25.124542,1.0,10,,scalar_first_exact
pg-hnsw,100000,2,w2_10,264,23.616,1.0,10,,scalar_first_exact
pg-hnsw,100000,2,w2_10,252,23.532916,1.0,10,,scalar_first_exact
pg-hnsw,100000,2,w2_10,649,23.952208,1.0,10,,scalar_first_exact
pg-hnsw,100000,2,w2_10,827,25.555709,1.0,10,,scalar_first_exact
pg-hnsw,100000,2,w2_10,822,25.226416,1.0,10,,scalar_first_exact
pg-hnsw,100000,2,w2_10,215,25.55025,1.0,10,,scalar_first_exact
pg-hnsw,100000,2,w2_10,309,26.147208,1.0,10,,scalar_first_exact
pg-hnsw,100000,2,w2_10,840,26.399125,1.0,10,,scalar_first_exact
pg-hnsw,100000,2,w2_10,556,26.810084,1.0,10,,scalar_first_exact
pg-hnsw,100000,2,w2_10,985,27.263917,1.0,10,,scalar_first_exact
pg-hnsw,100000,2,w2_10,513,26.467417,1.0,10,,scalar_first_exact
pg-hnsw,100000,2,w2_10,552,25.096958,1.0,10,,scalar_first_exact
pg-hnsw,100000,2,w2_10,920,25.189625,1.0,10,,scalar_first_exact
pg-hnsw,100000,2,w2_10,564,25.029,1.0,10,,scalar_first_exact
pg-hnsw,100000,2,w2_10,457,25.237417,1.0,10,,scalar_first_exact
pg-hnsw,100000,2,w2_10,951,26.078666,1.0,10,,scalar_first_exact
pg-hnsw,100000,2,w2_10,627,25.633291,1.0,10,,scalar_first_exact
pg-hnsw,100000,2,w2_10,596,25.380625,1.0,10,,scalar_first_exact
pg-hnsw,100000,2,w2_10,204,26.574333,1.0,10,,scalar_first_exact
pg-hnsw,100000,2,w2_10,155,25.673083,1.0,10,,scalar_first_exact
pg-hnsw,100000,2,w2_10,934,25.245834,1.0,10,,scalar_first_exact
pg-hnsw,100000,2,w2_10,113,25.541208,1.0,10,,scalar_first_exact
pg-hnsw,100000,2,w2_10,657,25.378833,1.0,10,,scalar_first_exact
pg-hnsw,100000,2,w2_10,836,25.053042,1.0,10,,scalar_first_exact
pg-hnsw,100000,2,w2_10,854,24.712541,1.0,10,,scalar_first_exact
pg-hnsw,100000,2,w2_10,525,24.923417,1.0,10,,scalar_first_exact
pg-hnsw,100000,2,w2_10,974,24.22375,1.0,10,,scalar_first_exact
pg-hnsw,100000,2,w2_10,734,25.524,1.0,10,,scalar_first_exact
pg-hnsw,100000,2,w2_10,192,25.642334,1.0,10,,scalar_first_exact
pg-hnsw,100000,2,w2_10,371,24.73925,1.0,10,,scalar_first_exact
pg-hnsw,100000,2,w2_10,184,24.987083,1.0,10,,scalar_first_exact
pg-hnsw,100000,2,w2_10,286,25.667125,1.0,10,,scalar_first_exact
pg-hnsw,100000,2,w2_10,714,24.8425,1.0,10,,scalar_first_exact
pg-hnsw,100000,2,w2_10,385,26.235375,1.0,10,,scalar_first_exact
pg-hnsw,100000,2,w2_10,428,25.105791,1.0,10,,scalar_first_exact
pg-hnsw,100000,2,w2_10,256,23.521791,1.0,10,,scalar_first_exact
pg-hnsw,100000,2,w2_10,886,23.686917,1.0,10,,scalar_first_exact
pg-hnsw,100000,2,w2_10,362,23.969584,1.0,10,,scalar_first_exact
pg-hnsw,100000,2,w2_10,212,24.324958,1.0,10,,scalar_first_exact
pg-hnsw,100000,2,w2_10,417,25.313292,1.0,10,,scalar_first_exact
pg-hnsw,100000,2,w2_10,365,25.79425,1.0,10,,scalar_first_exact
pg-hnsw,100000,2,w2_10,991,24.4595,1.0,10,,scalar_first_exact
pg-hnsw,100000,2,w2_10,265,25.989083,1.0,10,,scalar_first_exact
pg-hnsw,100000,2,w2_10,266,25.854,1.0,10,,scalar_first_exact
pg-hnsw,100000,2,w2_10,873,25.716042,1.0,10,,scalar_first_exact
pg-hnsw,100000,2,w2_10,209,26.5235,1.0,10,,scalar_first_exact
pg-hnsw,100000,2,w2_10,261,26.476958,1.0,10,,scalar_first_exact
pg-hnsw,100000,2,w2_10,788,27.342125,1.0,10,,scalar_first_exact
pg-hnsw,100000,2,w2_10,667,25.857208,1.0,10,,scalar_first_exact
pg-hnsw,100000,2,w2_10,944,26.364625,1.0,10,,scalar_first_exact
pg-hnsw,100000,2,w2_10,178,26.271083,1.0,10,,scalar_first_exact
pg-hnsw,100000,2,w2_10,414,25.823417,1.0,10,,scalar_first_exact
pg-hnsw,100000,2,w2_10,693,25.995875,1.0,10,,scalar_first_exact
pg-hnsw,100000,2,w2_10,770,26.174333,1.0,10,,scalar_first_exact
pg-hnsw,100000,2,w2_10,160,25.900958,1.0,10,,scalar_first_exact
pg-hnsw,100000,2,w2_10,153,24.802167,1.0,10,,scalar_first_exact
pg-hnsw,100000,2,w2_10,412,25.35525,1.0,10,,scalar_first_exact
pg-hnsw,100000,2,w2_10,591,26.335375,1.0,10,,scalar_first_exact
pg-hnsw,100000,2,w2_10,894,25.847625,1.0,10,,scalar_first_exact
pg-hnsw,100000,2,w2_10,632,25.502667,1.0,10,,scalar_first_exact
pg-hnsw,100000,2,w2_10,668,25.374917,1.0,10,,scalar_first_exact
pg-hnsw,100000,2,w2_10,935,25.329458,1.0,10,,scalar_first_exact
pg-hnsw,100000,2,w2_10,660,25.371209,1.0,10,,scalar_first_exact
pg-hnsw,100000,2,w2_10,566,25.589625,1.0,10,,scalar_first_exact
pg-hnsw,100000,2,w2_10,299,25.4085,1.0,10,,scalar_first_exact
pg-hnsw,100000,2,w2_10,628,25.098209,1.0,10,,scalar_first_exact
pg-hnsw,100000,2,w2_10,891,24.719834,1.0,10,,scalar_first_exact
pg-hnsw,100000,2,w2_10,644,24.346667,1.0,10,,scalar_first_exact
pg-hnsw,100000,2,w2_10,291,24.260708,1.0,10,,scalar_first_exact
pg-hnsw,100000,2,w2_10,357,24.711166,1.0,10,,scalar_first_exact
pg-hnsw,100000,2,w2_10,978,25.052625,1.0,10,,scalar_first_exact
pg-hnsw,100000,2,w2_10,228,26.430459,1.0,10,,scalar_first_exact
pg-hnsw,100000,2,w2_10,943,26.97325,1.0,10,,scalar_first_exact
pg-hnsw,100000,2,w2_10,832,26.557125,1.0,10,,scalar_first_exact
pg-hnsw,100000,2,w2_10,610,24.97675,1.0,10,,scalar_first_exact
pg-hnsw,100000,2,w2_10,173,25.613375,1.0,10,,scalar_first_exact
pg-hnsw,100000,2,w2_10,992,24.075208,1.0,10,,scalar_first_exact
pg-hnsw,100000,2,w2_10,388,25.856084,1.0,10,,scalar_first_exact
pg-hnsw,100000,2,w2_10,782,26.77925,1.0,10,,scalar_first_exact
pg-hnsw,100000,2,w2_10,290,25.042708,1.0,10,,scalar_first_exact
pg-hnsw,100000,2,w2_10,186,24.135,1.0,10,,scalar_first_exact
pg-hnsw,100000,2,w2_10,906,24.716541,1.0,10,,scalar_first_exact
pg-hnsw,100000,2,w2_10,533,25.165083,1.0,10,,scalar_first_exact
pg-hnsw,100000,2,w2_10,538,25.865208,1.0,10,,scalar_first_exact
pg-hnsw,100000,2,w2_10,686,25.237333,1.0,10,,scalar_first_exact
pg-hnsw,100000,2,w2_10,653,25.261583,1.0,10,,scalar_first_exact
pg-hnsw,100000,2,w2_10,145,26.890833,1.0,10,,scalar_first_exact
pg-hnsw,100000,2,w2_10,851,25.455333,1.0,10,,scalar_first_exact
pg-hnsw,100000,2,w2_10,467,28.309042,1.0,10,,scalar_first_exact
pg-hnsw,100000,2,w2_10,469,25.3785,1.0,10,,scalar_first_exact
pg-hnsw,100000,2,w2_10,720,25.667167,1.0,10,,scalar_first_exact
pg-hnsw,100000,2,w2_10,427,26.481042,1.0,10,,scalar_first_exact
pg-hnsw,100000,2,w2_10,754,24.419917,1.0,10,,scalar_first_exact
pg-hnsw,100000,2,w2_10,578,25.540041,1.0,10,,scalar_first_exact
pg-hnsw,100000,2,w2_10,871,25.113375,1.0,10,,scalar_first_exact
pg-hnsw,100000,2,w2_10,104,26.882792,1.0,10,,scalar_first_exact
pg-hnsw,100000,2,w2_10,368,25.705834,1.0,10,,scalar_first_exact
pg-hnsw,100000,2,w2_10,461,29.200625,1.0,10,,scalar_first_exact
pg-hnsw,100000,2,w2_10,497,25.262917,1.0,10,,scalar_first_exact
pg-hnsw,100000,2,w2_10,172,25.3955,1.0,10,,scalar_first_exact
pg-hnsw,100000,2,w2_10,530,25.699958,1.0,10,,scalar_first_exact
pg-hnsw,100000,2,w2_10,475,28.605792,1.0,10,,scalar_first_exact
pg-hnsw,100000,2,w2_10,868,26.639458,1.0,10,,scalar_first_exact
pg-hnsw,100000,2,w2_10,722,26.570208,1.0,10,,scalar_first_exact
pg-hnsw,100000,2,w2_10,604,25.564292,1.0,10,,scalar_first_exact
pg-hnsw,100000,2,w2_10,603,26.132458,1.0,10,,scalar_first_exact
pg-hnsw,100000,2,w2_10,402,24.8455,1.0,10,,scalar_first_exact
pg-hnsw,100000,2,w2_10,139,25.975375,1.0,10,,scalar_first_exact
pg-hnsw,100000,2,w2_10,846,24.998792,1.0,10,,scalar_first_exact
pg-hnsw,100000,2,w2_10,719,25.057291,1.0,10,,scalar_first_exact
pg-hnsw,100000,2,w2_10,280,38.850834,1.0,10,,scalar_first_exact
pg-hnsw,100000,2,w2_10,397,26.172,1.0,10,,scalar_first_exact
pg-hnsw,100000,2,w2_10,702,25.419667,1.0,10,,scalar_first_exact
pg-hnsw,100000,2,w2_10,799,24.834917,1.0,10,,scalar_first_exact
pg-hnsw,100000,2,w2_10,135,26.425541,1.0,10,,scalar_first_exact
pg-hnsw,100000,2,w2_10,615,24.523542,1.0,10,,scalar_first_exact
pg-hnsw,100000,2,w2_10,292,25.437833,1.0,10,,scalar_first_exact
pg-hnsw,100000,2,w2_10,312,24.903167,1.0,10,,scalar_first_exact
pg-hnsw,100000,2,w2_10,806,23.877542,1.0,10,,scalar_first_exact
pg-hnsw,100000,2,w2_10,757,24.388541,1.0,10,,scalar_first_exact
pg-hnsw,100000,2,w2_10,424,26.223375,1.0,10,,scalar_first_exact
pg-hnsw,100000,2,w2_10,856,25.211208,1.0,10,,scalar_first_exact
pg-hnsw,100000,2,w2_10,131,26.086,1.0,10,,scalar_first_exact
pg-hnsw,100000,2,w2_10,532,27.005416,1.0,10,,scalar_first_exact
pg-hnsw,100000,2,w2_10,663,25.199459,1.0,10,,scalar_first_exact
pg-hnsw,100000,2,w2_10,897,26.725792,1.0,10,,scalar_first_exact
pg-hnsw,100000,2,w2_10,207,25.833333,1.0,10,,scalar_first_exact
pg-hnsw,100000,2,w2_10,848,26.171709,1.0,10,,scalar_first_exact
pg-hnsw,100000,2,w2_10,142,25.167834,1.0,10,,scalar_first_exact
pg-hnsw,100000,2,w2_10,485,25.780167,1.0,10,,scalar_first_exact
pg-hnsw,100000,2,w2_10,494,24.706959,1.0,10,,scalar_first_exact
pg-hnsw,100000,2,w2_10,903,27.493417,1.0,10,,scalar_first_exact
pg-hnsw,100000,2,w2_10,839,25.59625,1.0,10,,scalar_first_exact
pg-hnsw,100000,2,w2_10,858,26.415708,1.0,10,,scalar_first_exact
pg-hnsw,100000,2,w2_10,665,25.1055,1.0,10,,scalar_first_exact
pg-hnsw,100000,2,w2_10,736,24.796459,1.0,10,,scalar_first_exact
pg-hnsw,100000,2,w2_10,340,24.401125,1.0,10,,scalar_first_exact
pg-hnsw,100000,2,w2_10,271,25.68575,1.0,10,,scalar_first_exact
pg-hnsw,100000,2,w2_10,375,25.46175,1.0,10,,scalar_first_exact
pg-hnsw,100000,2,w2_10,282,25.985125,1.0,10,,scalar_first_exact
pg-hnsw,100000,2,w2_10,521,24.506167,1.0,10,,scalar_first_exact
pg-hnsw,100000,2,w2_10,232,24.696459,1.0,10,,scalar_first_exact
pg-hnsw,100000,2,w2_10,367,24.797625,1.0,10,,scalar_first_exact
pg-hnsw,100000,2,w2_10,746,24.403708,1.0,10,,scalar_first_exact
pg-hnsw,100000,2,w2_10,466,24.158375,1.0,10,,scalar_first_exact
pg-hnsw,100000,2,w2_10,809,26.076417,1.0,10,,scalar_first_exact
pg-hnsw,100000,2,w2_10,595,26.118833,1.0,10,,scalar_first_exact
pg-hnsw,100000,2,w2_10,904,26.752416,1.0,10,,scalar_first_exact
pg-hnsw,100000,2,w2_10,199,26.011833,1.0,10,,scalar_first_exact
pg-hnsw,100000,2,w2_10,792,28.344334,1.0,10,,scalar_first_exact
pg-hnsw,100000,2,w2_10,201,25.334375,1.0,10,,scalar_first_exact
pg-hnsw,100000,2,w2_10,727,24.912834,1.0,10,,scalar_first_exact
pg-hnsw,100000,2,w2_10,512,24.261959,1.0,10,,scalar_first_exact
pg-hnsw,100000,2,w2_10,554,26.11825,1.0,10,,scalar_first_exact
pg-hnsw,100000,2,w2_10,738,25.0475,1.0,10,,scalar_first_exact
pg-hnsw,100000,2,w2_10,729,24.967875,1.0,10,,scalar_first_exact
pg-hnsw,100000,2,w2_10,410,26.596458,1.0,10,,scalar_first_exact
pg-hnsw,100000,2,w2_10,120,24.386333,1.0,10,,scalar_first_exact
pg-hnsw,100000,2,w2_10,158,24.573292,1.0,10,,scalar_first_exact
pg-hnsw,100000,2,w2_10,747,26.104958,1.0,10,,scalar_first_exact
pg-hnsw,100000,2,w2_10,805,29.02925,1.0,10,,scalar_first_exact
pg-hnsw,100000,2,w2_10,699,25.582458,1.0,10,,scalar_first_exact
pg-hnsw,100000,2,w2_10,460,26.760375,1.0,10,,scalar_first_exact
pg-hnsw,100000,2,w2_10,688,25.628709,1.0,10,,scalar_first_exact
pg-hnsw,100000,2,w2_10,878,25.983375,1.0,10,,scalar_first_exact
pg-hnsw,100000,2,w2_10,749,24.935083,1.0,10,,scalar_first_exact
pg-hnsw,100000,2,w2_10,446,25.814291,1.0,10,,scalar_first_exact
pg-hnsw,100000,2,w2_10,431,29.382042,1.0,10,,scalar_first_exact
pg-hnsw,100000,2,w2_10,354,25.711417,1.0,10,,scalar_first_exact
pg-hnsw,100000,2,w2_10,125,26.303458,1.0,10,,scalar_first_exact
pg-hnsw,100000,2,w2_10,218,25.524333,1.0,10,,scalar_first_exact
pg-hnsw,100000,2,w2_10,270,24.90025,1.0,10,,scalar_first_exact
pg-hnsw,100000,2,w2_10,349,27.121667,1.0,10,,scalar_first_exact
pg-hnsw,100000,2,w2_10,515,25.616416,1.0,10,,scalar_first_exact
pg-hnsw,100000,2,w2_10,997,26.757791,1.0,10,,scalar_first_exact
pg-hnsw,100000,2,w2_10,561,26.66325,1.0,10,,scalar_first_exact
pg-hnsw,100000,2,w2_10,981,24.497375,1.0,10,,scalar_first_exact
pg-hnsw,100000,2,w2_10,834,24.577125,1.0,10,,scalar_first_exact
pg-hnsw,100000,2,w2_10,219,24.829333,1.0,10,,scalar_first_exact
pg-hnsw,100000,2,w2_10,721,24.524417,1.0,10,,scalar_first_exact
pg-hnsw,100000,2,w2_10,294,24.796709,1.0,10,,scalar_first_exact
pg-hnsw,100000,2,w2_10,517,25.667083,1.0,10,,scalar_first_exact
pg-hnsw,100000,2,w2_10,945,25.48,1.0,10,,scalar_first_exact
pg-hnsw,100000,2,w2_10,888,25.9245,1.0,10,,scalar_first_exact
pg-hnsw,100000,2,w2_10,624,26.070625,1.0,10,,scalar_first_exact
pg-hnsw,100000,2,w2_10,837,25.6715,1.0,10,,scalar_first_exact
pg-hnsw,100000,2,w2_10,919,26.463958,1.0,10,,scalar_first_exact
pg-hnsw,100000,2,w2_10,384,24.9415,1.0,10,,scalar_first_exact
pg-hnsw,100000,2,w2_10,112,26.138292,1.0,10,,scalar_first_exact
pg-hnsw,100000,2,w2_10,235,26.8585,1.0,10,,scalar_first_exact
pg-hnsw,100000,2,w2_10,353,24.563334,1.0,10,,scalar_first_exact
pg-hnsw,100000,2,w2_10,444,23.992208,1.0,10,,scalar_first_exact
pg-hnsw,100000,2,w2_10,387,26.094625,1.0,10,,scalar_first_exact
pg-hnsw,100000,2,w2_10,861,25.648625,1.0,10,,scalar_first_exact
pg-hnsw,100000,2,w2_10,893,25.383,1.0,10,,scalar_first_exact
pg-hnsw,100000,2,w2_10,404,25.009208,1.0,10,,scalar_first_exact
pg-hnsw,100000,2,w2_10,709,25.65425,1.0,10,,scalar_first_exact
pg-hnsw,100000,2,w2_10,352,26.515417,1.0,10,,scalar_first_exact
pg-hnsw,100000,2,w2_10,810,25.917,1.0,10,,scalar_first_exact
pg-hnsw,100000,2,w2_10,361,27.052417,1.0,10,,scalar_first_exact
pg-hnsw,100000,2,w2_10,659,26.630208,1.0,10,,scalar_first_exact
pg-hnsw,100000,2,w2_10,843,26.4195,1.0,10,,scalar_first_exact
pg-hnsw,100000,2,w2_10,237,27.422459,1.0,10,,scalar_first_exact
pg-hnsw,100000,2,w2_10,629,26.57675,1.0,10,,scalar_first_exact
pg-hnsw,100000,2,w2_10,989,25.805833,1.0,10,,scalar_first_exact
pg-hnsw,100000,2,w2_10,507,26.199625,1.0,10,,scalar_first_exact
pg-hnsw,100000,2,w2_10,758,30.567458,1.0,10,,scalar_first_exact
pg-hnsw,100000,2,w2_10,255,30.935167,1.0,10,,scalar_first_exact
pg-hnsw,100000,2,w2_10,751,26.634875,1.0,10,,scalar_first_exact
pg-hnsw,100000,2,w2_10,914,25.55025,1.0,10,,scalar_first_exact
pg-hnsw,100000,2,w2_10,479,26.233,1.0,10,,scalar_first_exact
pg-hnsw,100000,2,w2_10,607,33.276834,1.0,10,,scalar_first_exact
pg-hnsw,100000,2,w2_10,489,27.487208,1.0,10,,scalar_first_exact
pg-hnsw,100000,2,w2_10,728,25.997125,1.0,10,,scalar_first_exact
pg-hnsw,100000,2,w2_10,325,27.130166,1.0,10,,scalar_first_exact
pg-hnsw,100000,2,w2_10,838,28.623209,1.0,10,,scalar_first_exact
pg-hnsw,100000,2,w2_10,156,25.41725,1.0,10,,scalar_first_exact
pg-hnsw,100000,2,w2_10,486,25.346959,1.0,10,,scalar_first_exact
pg-hnsw,100000,2,w2_10,246,24.392792,1.0,10,,scalar_first_exact
pg-hnsw,100000,2,w2_10,683,25.100125,1.0,10,,scalar_first_exact
pg-hnsw,100000,2,w2_10,600,26.725666,1.0,10,,scalar_first_exact
pg-hnsw,100000,2,w2_10,380,24.592708,1.0,10,,scalar_first_exact
pg-hnsw,100000,2,w2_10,672,25.052791,1.0,10,,scalar_first_exact
pg-hnsw,100000,2,w2_10,975,25.416458,1.0,10,,scalar_first_exact
pg-hnsw,100000,2,w2_10,176,24.393167,1.0,10,,scalar_first_exact
pg-hnsw,100000,2,w2_10,493,25.526083,1.0,10,,scalar_first_exact
pg-hnsw,100000,2,w2_10,803,25.03275,1.0,10,,scalar_first_exact
pg-hnsw,100000,2,w2_10,315,26.233583,1.0,10,,scalar_first_exact
pg-hnsw,100000,2,w2_10,909,25.425167,1.0,10,,scalar_first_exact
pg-hnsw,100000,2,w2_10,780,25.176833,1.0,10,,scalar_first_exact
pg-hnsw,100000,2,w2_10,344,25.49825,1.0,10,,scalar_first_exact
pg-hnsw,100000,2,w2_10,430,24.087916,1.0,10,,scalar_first_exact
pg-hnsw,100000,2,w2_10,762,24.407958,1.0,10,,scalar_first_exact
pg-hnsw,100000,2,w2_10,297,26.183708,1.0,10,,scalar_first_exact
pg-hnsw,100000,2,w2_10,826,25.181084,1.0,10,,scalar_first_exact
pg-hnsw,100000,2,w2_10,236,25.429542,1.0,10,,scalar_first_exact
pg-hnsw,100000,2,w2_10,764,26.597542,1.0,10,,scalar_first_exact
pg-hnsw,100000,2,w2_10,571,24.645542,1.0,10,,scalar_first_exact
pg-hnsw,100000,2,w2_10,342,25.877541,1.0,10,,scalar_first_exact
pg-hnsw,100000,2,w2_10,127,26.547,1.0,10,,scalar_first_exact
pg-hnsw,100000,2,w2_10,807,27.488917,1.0,10,,scalar_first_exact
pg-hnsw,100000,2,w2_10,482,25.374791,1.0,10,,scalar_first_exact
pg-hnsw,100000,2,w2_10,346,26.957834,1.0,10,,scalar_first_exact
pg-hnsw,100000,2,w2_10,316,25.205375,1.0,10,,scalar_first_exact
pg-hnsw,100000,2,w2_10,642,25.923875,1.0,10,,scalar_first_exact
pg-hnsw,100000,2,w2_10,890,26.648166,1.0,10,,scalar_first_exact
pg-hnsw,100000,2,w2_10,175,26.672292,1.0,10,,scalar_first_exact
pg-hnsw,100000,2,w2_10,863,27.337667,1.0,10,,scalar_first_exact
pg-hnsw,100000,2,w2_10,860,28.422083,1.0,10,,scalar_first_exact
pg-hnsw,100000,2,w2_10,753,25.744125,1.0,10,,scalar_first_exact
pg-hnsw,100000,2,w2_10,898,25.898166,1.0,10,,scalar_first_exact
pg-hnsw,100000,2,w2_10,407,29.702875,1.0,10,,scalar_first_exact
pg-hnsw,100000,2,w2_10,181,25.971625,1.0,10,,scalar_first_exact
pg-hnsw,100000,2,w2_10,425,25.82975,1.0,10,,scalar_first_exact
pg-hnsw,100000,2,w2_10,216,25.464,1.0,10,,scalar_first_exact
pg-hnsw,100000,2,w2_10,498,26.012958,1.0,10,,scalar_first_exact
pg-hnsw,100000,2,w2_10,998,28.270625,1.0,10,,scalar_first_exact
pg-hnsw,100000,2,w2_10,518,25.186875,1.0,10,,scalar_first_exact
pg-hnsw,100000,2,w2_10,613,26.108584,1.0,10,,scalar_first_exact
pg-hnsw,100000,2,w2_10,338,25.937375,1.0,10,,scalar_first_exact
pg-hnsw,100000,2,w2_10,587,26.064041,1.0,10,,scalar_first_exact
pg-hnsw,100000,2,w2_10,268,30.3145,1.0,10,,scalar_first_exact
pg-hnsw,100000,2,w2_10,245,26.221667,1.0,10,,scalar_first_exact
pg-hnsw,100000,2,w2_10,781,25.760458,1.0,10,,scalar_first_exact
pg-hnsw,100000,2,w2_10,193,24.502917,1.0,10,,scalar_first_exact
pg-hnsw,100000,2,w2_10,324,26.654292,1.0,10,,scalar_first_exact
pg-hnsw,100000,2,w2_10,450,24.18925,1.0,10,,scalar_first_exact
pg-hnsw,100000,2,w2_10,505,24.826709,1.0,10,,scalar_first_exact
pg-hnsw,100000,2,w2_10,664,23.827584,1.0,10,,scalar_first_exact
pg-hnsw,100000,2,w2_10,625,25.935208,1.0,10,,scalar_first_exact
pg-hnsw,100000,2,w2_10,374,25.37625,1.0,10,,scalar_first_exact
pg-hnsw,100000,2,w2_10,400,24.702542,1.0,10,,scalar_first_exact
pg-hnsw,100000,2,w2_10,761,24.295208,1.0,10,,scalar_first_exact
pg-hnsw,100000,2,w2_10,373,24.981125,1.0,10,,scalar_first_exact
pg-hnsw,100000,2,w2_10,892,25.053417,1.0,10,,scalar_first_exact
pg-hnsw,100000,2,w2_10,386,24.257125,1.0,10,,scalar_first_exact
pg-hnsw,100000,2,w2_10,136,25.539667,1.0,10,,scalar_first_exact
pg-hnsw,100000,2,w2_10,393,27.529083,1.0,10,,scalar_first_exact
pg-hnsw,100000,2,w2_10,739,26.934792,1.0,10,,scalar_first_exact
pg-hnsw,100000,2,w2_10,959,25.112291,1.0,10,,scalar_first_exact
pg-hnsw,100000,2,w2_10,363,25.236083,1.0,10,,scalar_first_exact
pg-hnsw,100000,2,w2_10,287,25.104042,1.0,10,,scalar_first_exact
pg-hnsw,100000,2,w2_10,790,25.594708,1.0,10,,scalar_first_exact
pg-hnsw,100000,2,w2_10,298,27.449208,1.0,10,,scalar_first_exact
pg-hnsw,100000,2,w2_10,865,26.801083,1.0,10,,scalar_first_exact
pg-hnsw,100000,2,w2_10,116,25.850917,1.0,10,,scalar_first_exact
pg-hnsw,100000,2,w2_10,440,27.786625,1.0,10,,scalar_first_exact
pg-hnsw,100000,2,w2_10,238,25.475292,1.0,10,,scalar_first_exact
pg-hnsw,100000,2,w2_10,129,26.286084,1.0,10,,scalar_first_exact
pg-hnsw,100000,2,w2_10,243,25.601125,1.0,10,,scalar_first_exact
pg-hnsw,100000,2,w2_10,322,27.389959,1.0,10,,scalar_first_exact
pg-hnsw,100000,2,w2_10,818,26.317875,1.0,10,,scalar_first_exact
pg-hnsw,100000,2,w2_10,188,27.837,1.0,10,,scalar_first_exact
pg-hnsw,100000,2,w2_10,536,25.511458,1.0,10,,scalar_first_exact
pg-hnsw,100000,2,w2_10,508,25.042791,1.0,10,,scalar_first_exact
pg-hnsw,100000,2,w2_10,306,24.513333,1.0,10,,scalar_first_exact
pg-hnsw,100000,2,w2_10,883,25.313833,1.0,10,,scalar_first_exact
pg-hnsw,100000,2,w2_10,575,26.566708,1.0,10,,scalar_first_exact
pg-hnsw,100000,2,w2_10,392,25.223208,1.0,10,,scalar_first_exact
pg-hnsw,100000,2,w2_10,948,27.383208,1.0,10,,scalar_first_exact
pg-hnsw,100000,2,w2_10,372,26.565333,1.0,10,,scalar_first_exact
pg-hnsw,100000,2,w2_10,760,26.355458,1.0,10,,scalar_first_exact
pg-hnsw,100000,2,w2_10,273,25.931208,1.0,10,,scalar_first_exact
pg-hnsw,100000,2,w2_10,783,24.753,1.0,10,,scalar_first_exact
pg-hnsw,100000,2,w2_10,516,24.080459,1.0,10,,scalar_first_exact
pg-hnsw,100000,2,w2_10,222,23.9845,1.0,10,,scalar_first_exact
pg-hnsw,100000,2,w2_10,376,25.808042,1.0,10,,scalar_first_exact
pg-hnsw,100000,2,w2_10,802,23.944417,1.0,10,,scalar_first_exact
pg-hnsw,100000,2,w2_10,260,24.72625,1.0,10,,scalar_first_exact
pg-hnsw,100000,2,w2_10,249,26.467167,1.0,10,,scalar_first_exact
pg-hnsw,100000,2,w2_10,961,25.647292,1.0,10,,scalar_first_exact
pg-hnsw,100000,2,w2_10,189,26.474792,1.0,10,,scalar_first_exact
pg-hnsw,100000,2,w2_10,661,26.791125,1.0,10,,scalar_first_exact
pg-hnsw,100000,2,w2_10,206,27.138,1.0,10,,scalar_first_exact
pg-hnsw,100000,2,w2_10,241,25.799458,1.0,10,,scalar_first_exact
pg-hnsw,100000,2,w2_10,348,26.641417,1.0,10,,scalar_first_exact
pg-hnsw,100000,2,w2_10,304,26.215875,1.0,10,,scalar_first_exact
pg-hnsw,100000,2,w2_10,529,25.333625,1.0,10,,scalar_first_exact
pg-hnsw,100000,2,w2_10,673,24.898875,1.0,10,,scalar_first_exact
pg-hnsw,100000,2,w2_10,617,25.1735,1.0,10,,scalar_first_exact
pg-hnsw,100000,2,w2_10,540,24.889667,1.0,10,,scalar_first_exact
pg-hnsw,100000,2,w2_10,917,24.830417,1.0,10,,scalar_first_exact
pg-hnsw,100000,2,w2_10,524,24.834042,1.0,10,,scalar_first_exact
pg-hnsw,100000,2,w2_10,259,28.251958,1.0,10,,scalar_first_exact
pg-hnsw,100000,2,w2_10,800,27.657958,1.0,10,,scalar_first_exact
pg-hnsw,100000,2,w2_10,389,25.498875,1.0,10,,scalar_first_exact
pg-hnsw,100000,2,w2_10,317,25.009042,1.0,10,,scalar_first_exact
pg-hnsw,100000,2,w2_10,183,24.911292,1.0,10,,scalar_first_exact
pg-hnsw,100000,2,w2_10,606,24.647417,1.0,10,,scalar_first_exact
pg-hnsw,100000,2,w2_10,744,25.2485,1.0,10,,scalar_first_exact
pg-hnsw,100000,2,w2_10,953,24.667875,1.0,10,,scalar_first_exact
pg-hnsw,100000,2,w2_10,748,25.868458,1.0,10,,scalar_first_exact
pg-hnsw,100000,2,w2_10,924,24.959042,1.0,10,,scalar_first_exact
pg-hnsw,100000,2,w2_10,601,26.344333,1.0,10,,scalar_first_exact
pg-hnsw,100000,2,w2_10,141,25.38975,1.0,10,,scalar_first_exact
pg-hnsw,100000,2,w2_10,931,26.547708,1.0,10,,scalar_first_exact
pg-hnsw,100000,2,w2_10,438,29.151667,1.0,10,,scalar_first_exact
pg-hnsw,100000,2,w2_10,109,25.651458,1.0,10,,scalar_first_exact
pg-hnsw,100000,2,w2_10,326,24.864833,1.0,10,,scalar_first_exact
pg-hnsw,100000,2,w2_10,817,27.00125,1.0,10,,scalar_first_exact
pg-hnsw,100000,2,w2_10,422,25.764167,1.0,10,,scalar_first_exact
pg-hnsw,100000,2,w2_10,572,27.304042,1.0,10,,scalar_first_exact
pg-hnsw,100000,2,w2_10,108,27.065291,1.0,10,,scalar_first_exact
pg-hnsw,100000,2,w2_10,502,24.350084,1.0,10,,scalar_first_exact
pg-hnsw,100000,2,w2_10,730,23.823208,1.0,10,,scalar_first_exact
pg-hnsw,100000,2,w2_10,706,24.082917,1.0,10,,scalar_first_exact
pg-hnsw,100000,2,w2_10,418,24.45975,1.0,10,,scalar_first_exact
pg-hnsw,100000,2,w2_10,583,25.690916,1.0,10,,scalar_first_exact
pg-hnsw,100000,2,w2_10,592,25.806667,1.0,10,,scalar_first_exact
pg-hnsw,100000,2,w2_10,152,26.026667,1.0,10,,scalar_first_exact
pg-hnsw,100000,2,w2_10,869,26.174,1.0,10,,scalar_first_exact
pg-hnsw,100000,2,w2_10,756,26.376166,1.0,10,,scalar_first_exact
pg-hnsw,100000,2,w2_10,542,25.862917,1.0,10,,scalar_first_exact
pg-hnsw,100000,2,w2_10,394,26.098042,1.0,10,,scalar_first_exact
pg-hnsw,100000,2,w2_10,531,25.415334,1.0,10,,scalar_first_exact
pg-hnsw,100000,2,w2_10,798,27.017166,1.0,10,,scalar_first_exact
pg-hnsw,100000,2,w2_10,658,26.89375,1.0,10,,scalar_first_exact
pg-hnsw,100000,2,w2_10,786,26.3435,1.0,10,,scalar_first_exact
pg-hnsw,100000,2,w2_10,678,27.368458,1.0,10,,scalar_first_exact
pg-hnsw,100000,2,w2_10,584,25.764958,1.0,10,,scalar_first_exact
pg-hnsw,100000,2,w2_10,534,26.167875,1.0,10,,scalar_first_exact
pg-hnsw,100000,2,w2_10,257,27.485667,1.0,10,,scalar_first_exact
pg-hnsw,100000,2,w2_10,453,25.414459,1.0,10,,scalar_first_exact
pg-hnsw,100000,2,w2_10,426,25.433166,1.0,10,,scalar_first_exact
pg-hnsw,100000,2,w2_10,168,27.194083,1.0,10,,scalar_first_exact
pg-hnsw,100000,2,w2_10,631,25.108,1.0,10,,scalar_first_exact
pg-hnsw,100000,2,w2_10,716,24.4265,1.0,10,,scalar_first_exact
pg-hnsw,100000,2,w2_10,471,26.199667,1.0,10,,scalar_first_exact
pg-hnsw,100000,2,w2_10,223,26.110542,1.0,10,,scalar_first_exact
pg-hnsw,100000,2,w2_10,852,25.388375,1.0,10,,scalar_first_exact
pg-hnsw,100000,2,w2_10,576,25.859458,1.0,10,,scalar_first_exact
pg-hnsw,100000,2,w2_10,391,26.295542,1.0,10,,scalar_first_exact
pg-hnsw,100000,2,w2_10,456,25.583333,1.0,10,,scalar_first_exact
pg-hnsw,100000,2,w2_10,106,25.061916,1.0,10,,scalar_first_exact
pg-hnsw,100000,2,w2_10,912,24.45775,1.0,10,,scalar_first_exact
pg-hnsw,100000,2,w2_10,555,26.485083,1.0,10,,scalar_first_exact
pg-hnsw,100000,2,w2_10,154,24.408709,1.0,10,,scalar_first_exact
pg-hnsw,100000,2,w2_10,200,24.292333,1.0,10,,scalar_first_exact
pg-hnsw,100000,2,w2_10,813,24.546,1.0,10,,scalar_first_exact
pg-hnsw,100000,2,w2_10,448,26.805291,1.0,10,,scalar_first_exact
pg-hnsw,100000,2,w2_10,459,26.50825,1.0,10,,scalar_first_exact
pg-hnsw,100000,2,w2_10,696,24.357833,1.0,10,,scalar_first_exact
pg-hnsw,100000,2,w2_10,581,24.958208,1.0,10,,scalar_first_exact
pg-hnsw,100000,2,w2_10,795,25.306083,1.0,10,,scalar_first_exact
pg-hnsw,100000,2,w2_10,420,25.446667,1.0,10,,scalar_first_exact
pg-hnsw,100000,2,w2_10,942,24.866125,1.0,10,,scalar_first_exact
pg-hnsw,100000,2,w2_10,634,26.208041,1.0,10,,scalar_first_exact
pg-hnsw,100000,2,w2_10,195,25.862417,1.0,10,,scalar_first_exact
pg-hnsw,100000,2,w2_10,694,25.706667,1.0,10,,scalar_first_exact
pg-hnsw,100000,2,w2_10,569,25.460875,1.0,10,,scalar_first_exact
pg-hnsw,100000,2,w2_10,969,27.53,1.0,10,,scalar_first_exact
pg-hnsw,100000,2,w2_10,122,25.535125,1.0,10,,scalar_first_exact
pg-hnsw,100000,2,w2_10,523,26.232209,1.0,10,,scalar_first_exact
pg-hnsw,100000,2,w2_10,964,26.282292,1.0,10,,scalar_first_exact
pg-hnsw,100000,2,w2_10,801,26.82725,1.0,10,,scalar_first_exact
pg-hnsw,100000,2,w2_10,196,25.837541,1.0,10,,scalar_first_exact
pg-hnsw,100000,2,w2_10,958,25.975959,1.0,10,,scalar_first_exact
pg-hnsw,100000,2,w2_10,251,26.2605,1.0,10,,scalar_first_exact
pg-hnsw,100000,2,w2_10,313,26.221625,1.0,10,,scalar_first_exact
pg-hnsw,100000,2,w2_10,712,31.848334,1.0,10,,scalar_first_exact
pg-hnsw,100000,2,w2_10,864,32.108334,1.0,10,,scalar_first_exact
pg-hnsw,100000,2,w2_10,614,25.476667,1.0,10,,scalar_first_exact
pg-hnsw,100000,2,w2_10,258,26.363208,1.0,10,,scalar_first_exact
pg-hnsw,100000,2,w2_10,472,26.029916,1.0,10,,scalar_first_exact
pg-hnsw,100000,2,w2_10,180,25.466209,1.0,10,,scalar_first_exact
pg-hnsw,100000,2,w2_10,732,29.183584,1.0,10,,scalar_first_exact
pg-hnsw,100000,2,w2_10,647,25.544333,1.0,10,,scalar_first_exact
pg-hnsw,100000,2,w2_10,137,26.332208,1.0,10,,scalar_first_exact
pg-hnsw,100000,2,w2_10,923,25.413375,1.0,10,,scalar_first_exact
pg-hnsw,100000,2,w2_10,477,29.760708,1.0,10,,scalar_first_exact
pg-hnsw,100000,2,w2_10,983,37.260708,1.0,10,,scalar_first_exact
pg-hnsw,100000,2,w2_10,741,26.013625,1.0,10,,scalar_first_exact
pg-hnsw,100000,2,w2_10,123,25.668833,1.0,10,,scalar_first_exact
pg-hnsw,100000,2,w2_10,314,28.004167,1.0,10,,scalar_first_exact
pg-hnsw,100000,2,w2_10,230,25.884334,1.0,10,,scalar_first_exact
pg-hnsw,100000,2,w2_10,288,26.309583,1.0,10,,scalar_first_exact
pg-hnsw,100000,2,w2_10,503,26.877667,1.0,10,,scalar_first_exact
pg-hnsw,100000,2,w2_10,527,25.433542,1.0,10,,scalar_first_exact
pg-hnsw,100000,2,w2_10,955,26.845667,1.0,10,,scalar_first_exact
pg-hnsw,100000,2,w2_10,949,25.679167,1.0,10,,scalar_first_exact
pg-hnsw,100000,2,w2_10,433,25.295208,1.0,10,,scalar_first_exact
pg-hnsw,100000,2,w2_10,713,25.872125,1.0,10,,scalar_first_exact
pg-hnsw,100000,2,w2_10,565,26.273792,1.0,10,,scalar_first_exact
pg-hnsw,100000,2,w2_10,483,25.77775,1.0,10,,scalar_first_exact
pg-hnsw,100000,2,w2_10,670,27.00375,1.0,10,,scalar_first_exact
pg-hnsw,100000,2,w2_10,763,26.846417,1.0,10,,scalar_first_exact
pg-hnsw,100000,2,w2_10,996,26.753208,1.0,10,,scalar_first_exact
pg-hnsw,100000,2,w2_10,598,25.37175,1.0,10,,scalar_first_exact
pg-hnsw,100000,2,w2_10,167,24.870542,1.0,10,,scalar_first_exact
pg-hnsw,100000,2,w2_10,588,25.850291,1.0,10,,scalar_first_exact
pg-hnsw,100000,2,w2_10,345,25.744958,1.0,10,,scalar_first_exact
pg-hnsw,100000,2,w2_10,791,25.81225,1.0,10,,scalar_first_exact
pg-hnsw,100000,2,w2_10,205,25.6755,1.0,10,,scalar_first_exact
pg-hnsw,100000,2,w2_10,759,25.546583,1.0,10,,scalar_first_exact
pg-hnsw,100000,2,w2_10,976,24.228166,1.0,10,,scalar_first_exact
pg-hnsw,100000,2,w2_10,544,24.282,1.0,10,,scalar_first_exact
pg-hnsw,100000,2,w2_10,711,25.200292,1.0,10,,scalar_first_exact
pg-hnsw,100000,2,w2_10,814,25.240666,1.0,10,,scalar_first_exact
pg-hnsw,100000,2,w2_10,570,25.722791,1.0,10,,scalar_first_exact
pg-hnsw,100000,2,w2_10,887,24.902375,1.0,10,,scalar_first_exact
pg-hnsw,100000,2,w2_10,174,25.326917,1.0,10,,scalar_first_exact
pg-hnsw,100000,2,w2_10,769,24.656833,1.0,10,,scalar_first_exact
pg-hnsw,100000,2,w2_10,546,25.388375,1.0,10,,scalar_first_exact
pg-hnsw,100000,2,w2_10,937,25.95125,1.0,10,,scalar_first_exact
pg-hnsw,100000,2,w2_10,777,24.56,1.0,10,,scalar_first_exact
pg-hnsw,100000,2,w2_10,191,25.395333,1.0,10,,scalar_first_exact
pg-hnsw,100000,2,w2_10,689,26.719042,1.0,10,,scalar_first_exact
pg-hnsw,100000,2,w2_10,170,26.56975,1.0,10,,scalar_first_exact
pg-hnsw,100000,2,w2_10,331,24.670292,1.0,10,,scalar_first_exact
pg-hnsw,100000,2,w2_10,812,26.235041,1.0,10,,scalar_first_exact
pg-hnsw,100000,2,w2_10,107,25.5525,1.0,10,,scalar_first_exact
pg-hnsw,100000,2,w2_10,190,25.284458,1.0,10,,scalar_first_exact
pg-hnsw,100000,2,w2_10,117,29.024083,1.0,10,,scalar_first_exact
pg-hnsw,100000,2,w2_10,797,25.657,1.0,10,,scalar_first_exact
pg-hnsw,100000,2,w2_10,941,27.465,1.0,10,,scalar_first_exact
pg-hnsw,100000,2,w2_10,163,25.434042,1.0,10,,scalar_first_exact
pg-hnsw,100000,2,w2_10,731,25.9125,1.0,10,,scalar_first_exact
pg-hnsw,100000,2,w2_10,982,25.838625,1.0,10,,scalar_first_exact
pg-hnsw,100000,2,w2_10,415,24.429083,1.0,10,,scalar_first_exact
pg-hnsw,100000,2,w2_10,221,24.613459,1.0,10,,scalar_first_exact
pg-hnsw,100000,2,w2_10,119,24.06975,1.0,10,,scalar_first_exact
pg-hnsw,100000,2,w2_10,405,24.1465,1.0,10,,scalar_first_exact
pg-hnsw,100000,2,w2_10,526,24.110125,1.0,10,,scalar_first_exact
pg-hnsw,100000,2,w2_10,100,23.772041,1.0,10,,scalar_first_exact
pg-hnsw,100000,2,w2_10,687,25.292375,1.0,10,,scalar_first_exact
pg-hnsw,100000,2,w2_10,435,26.148584,1.0,10,,scalar_first_exact
pg-hnsw,100000,2,w2_10,879,28.070875,1.0,10,,scalar_first_exact
pg-hnsw,100000,2,w2_10,378,26.580667,1.0,10,,scalar_first_exact
pg-hnsw,100000,2,w2_10,620,26.554083,1.0,10,,scalar_first_exact
pg-hnsw,100000,2,w2_10,900,26.283625,1.0,10,,scalar_first_exact
pg-hnsw,100000,2,w2_10,465,26.4115,1.0,10,,scalar_first_exact
pg-hnsw,100000,2,w2_10,487,24.521875,1.0,10,,scalar_first_exact
pg-hnsw,100000,2,w2_10,740,24.671584,1.0,10,,scalar_first_exact
pg-hnsw,100000,2,w2_10,411,24.55275,1.0,10,,scalar_first_exact
pg-hnsw,100000,2,w2_10,626,24.380542,1.0,10,,scalar_first_exact
pg-hnsw,100000,2,w2_10,605,24.762709,1.0,10,,scalar_first_exact
pg-hnsw,100000,2,w2_10,470,25.022666,1.0,10,,scalar_first_exact
pg-hnsw,100000,2,w2_10,635,24.876916,1.0,10,,scalar_first_exact
pg-hnsw,100000,2,w2_10,506,25.116792,1.0,10,,scalar_first_exact
pg-hnsw,100000,2,w2_10,343,24.78375,1.0,10,,scalar_first_exact
pg-hnsw,100000,2,w2_10,458,25.025208,1.0,10,,scalar_first_exact
pg-hnsw,100000,2,w2_10,511,24.737333,1.0,10,,scalar_first_exact
pg-hnsw,100000,2,w2_10,105,26.301625,1.0,10,,scalar_first_exact
pg-hnsw,100000,2,w2_10,918,26.152167,1.0,10,,scalar_first_exact
pg-hnsw,100000,2,w2_10,442,25.4785,1.0,10,,scalar_first_exact
pg-hnsw,100000,2,w2_10,364,25.739167,1.0,10,,scalar_first_exact
pg-hnsw,100000,2,w2_10,194,25.909375,1.0,10,,scalar_first_exact
pg-hnsw,100000,2,w2_10,692,25.553334,1.0,10,,scalar_first_exact
pg-hnsw,100000,2,w2_10,278,26.677458,1.0,10,,scalar_first_exact
pg-hnsw,100000,2,w2_10,341,25.952583,1.0,10,,scalar_first_exact
pg-hnsw,100000,2,w2_10,853,25.614667,1.0,10,,scalar_first_exact
pg-hnsw,100000,2,w2_10,973,27.480459,1.0,10,,scalar_first_exact
pg-hnsw,100000,2,w2_10,359,24.98075,1.0,10,,scalar_first_exact
pg-hnsw,100000,2,w2_10,225,25.620875,1.0,10,,scalar_first_exact
pg-hnsw,100000,2,w2_10,484,25.951792,1.0,10,,scalar_first_exact
pg-hnsw,100000,2,w2_10,867,25.469125,1.0,10,,scalar_first_exact
pg-hnsw,100000,2,w2_10,423,26.487875,1.0,10,,scalar_first_exact
pg-hnsw,100000,2,w2_10,439,24.74125,1.0,10,,scalar_first_exact
pg-hnsw,100000,2,w2_10,684,23.841208,1.0,10,,scalar_first_exact
pg-hnsw,100000,2,w2_10,936,23.807042,1.0,10,,scalar_first_exact
pg-hnsw,100000,2,w2_10,939,24.243708,1.0,10,,scalar_first_exact
pg-hnsw,100000,2,w2_10,700,24.963583,1.0,10,,scalar_first_exact
pg-hnsw,100000,2,w2_10,881,24.753,1.0,10,,scalar_first_exact
pg-hnsw,100000,2,w2_10,224,24.85725,1.0,10,,scalar_first_exact
pg-hnsw,100000,2,w2_10,177,25.879125,1.0,10,,scalar_first_exact
pg-hnsw,100000,2,w2_10,495,27.945833,1.0,10,,scalar_first_exact
pg-hnsw,100000,2,w2_10,474,26.026791,1.0,10,,scalar_first_exact
pg-hnsw,100000,2,w2_10,275,26.35,1.0,10,,scalar_first_exact
pg-hnsw,100000,2,w2_10,231,25.759583,1.0,10,,scalar_first_exact
pg-hnsw,100000,2,w2_10,901,25.242,1.0,10,,scalar_first_exact
pg-hnsw,100000,2,w2_10,303,25.485708,1.0,10,,scalar_first_exact
pg-hnsw,100000,2,w2_10,240,26.071667,1.0,10,,scalar_first_exact
pg-hnsw,100000,2,w2_10,332,25.857083,1.0,10,,scalar_first_exact
pg-hnsw,100000,2,w2_10,855,26.035459,1.0,10,,scalar_first_exact
pg-hnsw,100000,2,w2_10,111,26.527583,1.0,10,,scalar_first_exact
pg-hnsw,100000,2,w2_10,227,26.074833,1.0,10,,scalar_first_exact
pg-hnsw,100000,2,w2_10,377,25.314,1.0,10,,scalar_first_exact
pg-hnsw,100000,2,w2_10,825,26.762208,1.0,10,,scalar_first_exact
pg-hnsw,100000,2,w2_10,197,25.747667,1.0,10,,scalar_first_exact
pg-hnsw,100000,2,w2_10,831,25.996917,1.0,10,,scalar_first_exact
pg-hnsw,100000,2,w2_10,930,25.454458,1.0,10,,scalar_first_exact
pg-hnsw,100000,2,w2_10,776,25.46075,1.0,10,,scalar_first_exact
pg-hnsw,100000,2,w2_10,350,28.735708,1.0,10,,scalar_first_exact
pg-hnsw,100000,2,w2_10,336,25.308875,1.0,10,,scalar_first_exact
pg-hnsw,100000,2,w2_10,819,25.14975,1.0,10,,scalar_first_exact
pg-hnsw,100000,2,w2_10,449,26.743875,1.0,10,,scalar_first_exact
pg-hnsw,100000,2,w2_10,202,25.377792,1.0,10,,scalar_first_exact
pg-hnsw,100000,2,w2_10,328,26.015291,1.0,10,,scalar_first_exact
pg-hnsw,100000,2,w2_10,545,26.985625,1.0,10,,scalar_first_exact
pg-hnsw,100000,2,w2_10,597,26.357583,1.0,10,,scalar_first_exact
pg-hnsw,100000,2,w2_10,698,25.842,1.0,10,,scalar_first_exact
pg-hnsw,100000,2,w2_10,355,25.809917,1.0,10,,scalar_first_exact
pg-hnsw,100000,2,w2_10,396,24.313834,1.0,10,,scalar_first_exact
pg-hnsw,100000,2,w2_10,480,24.644375,1.0,10,,scalar_first_exact
pg-hnsw,100000,2,w2_10,169,24.791042,1.0,10,,scalar_first_exact
pg-hnsw,100000,2,w2_10,707,26.335292,1.0,10,,scalar_first_exact
pg-hnsw,100000,2,w2_10,254,31.8995,1.0,10,,scalar_first_exact
pg-hnsw,100000,2,w2_10,916,25.763083,1.0,10,,scalar_first_exact
pg-hnsw,100000,2,w2_10,695,25.084041,1.0,10,,scalar_first_exact
pg-hnsw,100000,2,w2_10,932,26.220125,1.0,10,,scalar_first_exact
pg-hnsw,100000,2,w2_10,884,25.008167,1.0,10,,scalar_first_exact
pg-hnsw,100000,2,w2_10,833,24.528791,1.0,10,,scalar_first_exact
pg-hnsw,100000,2,w2_10,679,24.448166,1.0,10,,scalar_first_exact
pg-hnsw,100000,2,w2_10,409,25.276125,1.0,10,,scalar_first_exact
pg-hnsw,100000,2,w2_10,499,25.760334,1.0,10,,scalar_first_exact
pg-hnsw,100000,2,w2_10,646,25.34825,1.0,10,,scalar_first_exact
pg-hnsw,100000,2,w2_10,630,26.222209,1.0,10,,scalar_first_exact
pg-hnsw,100000,2,w2_10,681,25.580792,1.0,10,,scalar_first_exact
pg-hnsw,100000,2,w2_10,562,25.291834,1.0,10,,scalar_first_exact
pg-hnsw,100000,2,w2_10,320,26.79425,1.0,10,,scalar_first_exact
pg-hnsw,100000,2,w2_10,549,26.77725,1.0,10,,scalar_first_exact
pg-hnsw,100000,2,w2_10,804,25.329208,1.0,10,,scalar_first_exact
pg-hnsw,100000,2,w2_10,650,26.451625,1.0,10,,scalar_first_exact
pg-hnsw,100000,2,w2_10,640,23.995625,1.0,10,,scalar_first_exact
pg-hnsw,100000,2,w2_10,496,25.557667,1.0,10,,scalar_first_exact
pg-hnsw,100000,2,w2_10,844,25.4095,1.0,10,,scalar_first_exact
pg-hnsw,100000,2,w2_10,406,26.403708,1.0,10,,scalar_first_exact
pg-hnsw,100000,2,w2_10,283,25.091125,1.0,10,,scalar_first_exact
pg-hnsw,100000,2,w2_10,321,26.127458,1.0,10,,scalar_first_exact
pg-hnsw,100000,2,w2_10,358,28.303209,1.0,10,,scalar_first_exact
pg-hnsw,100000,2,w2_10,794,25.428792,1.0,10,,scalar_first_exact
pg-hnsw,100000,2,w2_10,182,25.687417,1.0,10,,scalar_first_exact
pg-hnsw,100000,2,w2_10,586,24.976458,1.0,10,,scalar_first_exact
pg-hnsw,100000,2,w2_10,594,25.814292,1.0,10,,scalar_first_exact
pg-hnsw,100000,2,w2_10,823,25.315583,1.0,10,,scalar_first_exact
pg-hnsw,100000,2,w2_10,335,26.321208,1.0,10,,scalar_first_exact
pg-hnsw,100000,2,w2_10,308,25.556833,1.0,10,,scalar_first_exact
pg-hnsw,100000,2,w2_10,957,24.878333,1.0,10,,scalar_first_exact
pg-hnsw,100000,2,w2_10,307,25.044833,1.0,10,,scalar_first_exact
pg-hnsw,100000,2,w2_10,537,25.301375,1.0,10,,scalar_first_exact
pg-hnsw,100000,2,w2_10,602,29.654709,1.0,10,,scalar_first_exact
pg-hnsw,100000,2,w2_10,351,24.573167,1.0,10,,scalar_first_exact
pg-hnsw,100000,2,w2_10,623,25.030208,1.0,10,,scalar_first_exact
pg-hnsw,100000,2,w2_10,705,25.3185,1.0,10,,scalar_first_exact
pg-hnsw,100000,2,w2_10,915,25.781041,1.0,10,,scalar_first_exact
pg-hnsw,100000,2,w2_10,557,26.441,1.0,10,,scalar_first_exact
pg-hnsw,100000,2,w2_10,210,24.910875,1.0,10,,scalar_first_exact
pg-hnsw,100000,2,w2_10,980,24.788125,1.0,10,,scalar_first_exact
pg-hnsw,100000,2,w2_10,691,23.82625,1.0,10,,scalar_first_exact
pg-hnsw,100000,2,w2_10,356,23.534333,1.0,10,,scalar_first_exact
pg-hnsw,100000,2,w2_10,793,24.887708,1.0,10,,scalar_first_exact
pg-hnsw,100000,2,w2_10,148,25.738625,1.0,10,,scalar_first_exact
pg-hnsw,100000,2,w2_10,580,24.533541,1.0,10,,scalar_first_exact
pg-hnsw,100000,2,w2_10,685,27.03925,1.0,10,,scalar_first_exact
pg-hnsw,100000,2,w2_1,335,2.763333,1.0,10,,scalar_first_exact
pg-hnsw,100000,2,w2_1,674,6.53225,1.0,10,,scalar_first_exact
pg-hnsw,100000,2,w2_1,932,2.374167,1.0,10,,scalar_first_exact
pg-hnsw,100000,2,w2_1,612,2.720125,1.0,10,,scalar_first_exact
pg-hnsw,100000,2,w2_1,183,2.479,1.0,10,,scalar_first_exact
pg-hnsw,100000,2,w2_1,280,2.577709,1.0,10,,scalar_first_exact
pg-hnsw,100000,2,w2_1,584,3.229416,1.0,10,,scalar_first_exact
pg-hnsw,100000,2,w2_1,658,2.403875,1.0,10,,scalar_first_exact
pg-hnsw,100000,2,w2_1,880,2.210333,1.0,10,,scalar_first_exact
pg-hnsw,100000,2,w2_1,983,2.830583,1.0,10,,scalar_first_exact
pg-hnsw,100000,2,w2_1,207,2.446792,1.0,10,,scalar_first_exact
pg-hnsw,100000,2,w2_1,616,4.139417,1.0,10,,scalar_first_exact
pg-hnsw,100000,2,w2_1,564,2.806625,1.0,10,,scalar_first_exact
pg-hnsw,100000,2,w2_1,359,2.561583,1.0,10,,scalar_first_exact
pg-hnsw,100000,2,w2_1,170,2.301083,1.0,10,,scalar_first_exact
pg-hnsw,100000,2,w2_1,811,3.031875,1.0,10,,scalar_first_exact
pg-hnsw,100000,2,w2_1,726,2.671917,1.0,10,,scalar_first_exact
pg-hnsw,100000,2,w2_1,818,2.577375,1.0,10,,scalar_first_exact
pg-hnsw,100000,2,w2_1,881,3.540334,1.0,10,,scalar_first_exact
pg-hnsw,100000,2,w2_1,646,2.294291,1.0,10,,scalar_first_exact
pg-hnsw,100000,2,w2_1,162,2.448416,1.0,10,,scalar_first_exact
pg-hnsw,100000,2,w2_1,861,5.074292,1.0,10,,scalar_first_exact
pg-hnsw,100000,2,w2_1,292,2.37525,1.0,10,,scalar_first_exact
pg-hnsw,100000,2,w2_1,592,3.677416,1.0,10,,scalar_first_exact
pg-hnsw,100000,2,w2_1,538,2.81875,1.0,10,,scalar_first_exact
pg-hnsw,100000,2,w2_1,875,2.492375,1.0,10,,scalar_first_exact
pg-hnsw,100000,2,w2_1,925,2.39425,1.0,10,,scalar_first_exact
pg-hnsw,100000,2,w2_1,535,2.378958,1.0,10,,scalar_first_exact
pg-hnsw,100000,2,w2_1,362,2.407375,1.0,10,,scalar_first_exact
pg-hnsw,100000,2,w2_1,879,2.136959,1.0,10,,scalar_first_exact
pg-hnsw,100000,2,w2_1,542,2.21175,1.0,10,,scalar_first_exact
pg-hnsw,100000,2,w2_1,330,2.355541,1.0,10,,scalar_first_exact
pg-hnsw,100000,2,w2_1,891,2.198791,1.0,10,,scalar_first_exact
pg-hnsw,100000,2,w2_1,849,3.234958,1.0,10,,scalar_first_exact
pg-hnsw,100000,2,w2_1,221,2.333709,1.0,10,,scalar_first_exact
pg-hnsw,100000,2,w2_1,635,2.417334,1.0,10,,scalar_first_exact
pg-hnsw,100000,2,w2_1,931,3.684125,1.0,10,,scalar_first_exact
pg-hnsw,100000,2,w2_1,759,2.20225,1.0,10,,scalar_first_exact
pg-hnsw,100000,2,w2_1,391,2.319291,1.0,10,,scalar_first_exact
pg-hnsw,100000,2,w2_1,122,2.125458,1.0,10,,scalar_first_exact
pg-hnsw,100000,2,w2_1,420,5.195042,1.0,10,,scalar_first_exact
pg-hnsw,100000,2,w2_1,740,2.039666,1.0,10,,scalar_first_exact
pg-hnsw,100000,2,w2_1,753,6.909708,1.0,10,,scalar_first_exact
pg-hnsw,100000,2,w2_1,449,2.462959,1.0,10,,scalar_first_exact
pg-hnsw,100000,2,w2_1,160,2.170459,1.0,10,,scalar_first_exact
pg-hnsw,100000,2,w2_1,735,2.218667,1.0,10,,scalar_first_exact
pg-hnsw,100000,2,w2_1,515,2.746958,1.0,10,,scalar_first_exact
pg-hnsw,100000,2,w2_1,397,2.23125,1.0,10,,scalar_first_exact
pg-hnsw,100000,2,w2_1,202,2.652833,1.0,10,,scalar_first_exact
pg-hnsw,100000,2,w2_1,227,2.964084,1.0,10,,scalar_first_exact
pg-hnsw,100000,2,w2_1,474,2.633542,1.0,10,,scalar_first_exact
pg-hnsw,100000,2,w2_1,129,2.588208,1.0,10,,scalar_first_exact
pg-hnsw,100000,2,w2_1,444,2.56075,1.0,10,,scalar_first_exact
pg-hnsw,100000,2,w2_1,503,4.8875,1.0,10,,scalar_first_exact
pg-hnsw,100000,2,w2_1,154,2.449416,1.0,10,,scalar_first_exact
pg-hnsw,100000,2,w2_1,992,2.716125,1.0,10,,scalar_first_exact
pg-hnsw,100000,2,w2_1,706,2.959166,1.0,10,,scalar_first_exact
pg-hnsw,100000,2,w2_1,245,2.7935,1.0,10,,scalar_first_exact
pg-hnsw,100000,2,w2_1,757,4.16775,1.0,10,,scalar_first_exact
pg-hnsw,100000,2,w2_1,331,2.849333,1.0,10,,scalar_first_exact
pg-hnsw,100000,2,w2_1,319,2.549375,1.0,10,,scalar_first_exact
pg-hnsw,100000,2,w2_1,776,2.315208,1.0,10,,scalar_first_exact
pg-hnsw,100000,2,w2_1,353,2.500666,1.0,10,,scalar_first_exact
pg-hnsw,100000,2,w2_1,704,2.162084,1.0,10,,scalar_first_exact
pg-hnsw,100000,2,w2_1,581,2.259,1.0,10,,scalar_first_exact
pg-hnsw,100000,2,w2_1,413,2.551541,1.0,10,,scalar_first_exact
pg-hnsw,100000,2,w2_1,667,2.386584,1.0,10,,scalar_first_exact
pg-hnsw,100000,2,w2_1,125,2.327584,1.0,10,,scalar_first_exact
pg-hnsw,100000,2,w2_1,151,2.681833,1.0,10,,scalar_first_exact
pg-hnsw,100000,2,w2_1,805,2.597416,1.0,10,,scalar_first_exact
pg-hnsw,100000,2,w2_1,652,2.522208,1.0,10,,scalar_first_exact
pg-hnsw,100000,2,w2_1,516,2.639375,1.0,10,,scalar_first_exact
pg-hnsw,100000,2,w2_1,739,2.306167,1.0,10,,scalar_first_exact
pg-hnsw,100000,2,w2_1,386,2.32175,1.0,10,,scalar_first_exact
pg-hnsw,100000,2,w2_1,758,2.024666,1.0,10,,scalar_first_exact
pg-hnsw,100000,2,w2_1,681,1.922334,1.0,10,,scalar_first_exact
pg-hnsw,100000,2,w2_1,678,1.396792,1.0,10,,scalar_first_exact
pg-hnsw,100000,2,w2_1,455,1.969917,1.0,10,,scalar_first_exact
pg-hnsw,100000,2,w2_1,935,1.270333,1.0,10,,scalar_first_exact
pg-hnsw,100000,2,w2_1,396,2.076291,1.0,10,,scalar_first_exact
pg-hnsw,100000,2,w2_1,904,2.179167,1.0,10,,scalar_first_exact
pg-hnsw,100000,2,w2_1,970,2.128625,1.0,10,,scalar_first_exact
pg-hnsw,100000,2,w2_1,393,2.28875,1.0,10,,scalar_first_exact
pg-hnsw,100000,2,w2_1,599,2.041084,1.0,10,,scalar_first_exact
pg-hnsw,100000,2,w2_1,527,2.760375,1.0,10,,scalar_first_exact
pg-hnsw,100000,2,w2_1,804,2.154625,1.0,10,,scalar_first_exact
pg-hnsw,100000,2,w2_1,512,2.181583,1.0,10,,scalar_first_exact
pg-hnsw,100000,2,w2_1,506,2.410791,1.0,10,,scalar_first_exact
pg-hnsw,100000,2,w2_1,639,2.144167,1.0,10,,scalar_first_exact
pg-hnsw,100000,2,w2_1,201,1.996625,1.0,10,,scalar_first_exact
pg-hnsw,100000,2,w2_1,288,2.386042,1.0,10,,scalar_first_exact
pg-hnsw,100000,2,w2_1,305,2.760833,1.0,10,,scalar_first_exact
pg-hnsw,100000,2,w2_1,600,2.22775,1.0,10,,scalar_first_exact
pg-hnsw,100000,2,w2_1,996,2.228583,1.0,10,,scalar_first_exact
pg-hnsw,100000,2,w2_1,380,2.322792,1.0,10,,scalar_first_exact
pg-hnsw,100000,2,w2_1,817,2.476916,1.0,10,,scalar_first_exact
pg-hnsw,100000,2,w2_1,346,2.330083,1.0,10,,scalar_first_exact
pg-hnsw,100000,2,w2_1,854,2.4965,1.0,10,,scalar_first_exact
pg-hnsw,100000,2,w2_1,348,4.527958,1.0,10,,scalar_first_exact
pg-hnsw,100000,2,w2_1,899,2.703333,1.0,10,,scalar_first_exact
pg-hnsw,100000,2,w2_1,883,3.034792,1.0,10,,scalar_first_exact
pg-hnsw,100000,2,w2_1,241,2.46675,1.0,10,,scalar_first_exact
pg-hnsw,100000,2,w2_1,509,2.203083,1.0,10,,scalar_first_exact
pg-hnsw,100000,2,w2_1,282,2.620791,1.0,10,,scalar_first_exact
pg-hnsw,100000,2,w2_1,354,2.130334,1.0,10,,scalar_first_exact
pg-hnsw,100000,2,w2_1,566,2.198792,1.0,10,,scalar_first_exact
pg-hnsw,100000,2,w2_1,604,2.13825,1.0,10,,scalar_first_exact
pg-hnsw,100000,2,w2_1,588,2.341,1.0,10,,scalar_first_exact
pg-hnsw,100000,2,w2_1,732,2.303167,1.0,10,,scalar_first_exact
pg-hnsw,100000,2,w2_1,253,2.395458,1.0,10,,scalar_first_exact
pg-hnsw,100000,2,w2_1,384,3.83275,1.0,10,,scalar_first_exact
pg-hnsw,100000,2,w2_1,149,2.456584,1.0,10,,scalar_first_exact
pg-hnsw,100000,2,w2_1,836,2.411625,1.0,10,,scalar_first_exact
pg-hnsw,100000,2,w2_1,410,3.042958,1.0,10,,scalar_first_exact
pg-hnsw,100000,2,w2_1,920,2.382459,1.0,10,,scalar_first_exact
pg-hnsw,100000,2,w2_1,744,2.897417,1.0,10,,scalar_first_exact
pg-hnsw,100000,2,w2_1,412,2.569708,1.0,10,,scalar_first_exact
pg-hnsw,100000,2,w2_1,579,2.44575,1.0,10,,scalar_first_exact
pg-hnsw,100000,2,w2_1,246,2.170625,1.0,10,,scalar_first_exact
pg-hnsw,100000,2,w2_1,219,2.016083,1.0,10,,scalar_first_exact
pg-hnsw,100000,2,w2_1,851,2.327875,1.0,10,,scalar_first_exact
pg-hnsw,100000,2,w2_1,389,2.454,1.0,10,,scalar_first_exact
pg-hnsw,100000,2,w2_1,679,2.007333,1.0,10,,scalar_first_exact
pg-hnsw,100000,2,w2_1,431,2.115416,1.0,10,,scalar_first_exact
pg-hnsw,100000,2,w2_1,342,2.201916,1.0,10,,scalar_first_exact
pg-hnsw,100000,2,w2_1,788,2.221083,1.0,10,,scalar_first_exact
pg-hnsw,100000,2,w2_1,273,2.349041,1.0,10,,scalar_first_exact
pg-hnsw,100000,2,w2_1,236,2.747125,1.0,10,,scalar_first_exact
pg-hnsw,100000,2,w2_1,265,2.365625,1.0,10,,scalar_first_exact
pg-hnsw,100000,2,w2_1,722,2.428209,1.0,10,,scalar_first_exact
pg-hnsw,100000,2,w2_1,908,3.000333,1.0,10,,scalar_first_exact
pg-hnsw,100000,2,w2_1,630,2.378333,1.0,10,,scalar_first_exact
pg-hnsw,100000,2,w2_1,928,2.294375,1.0,10,,scalar_first_exact
pg-hnsw,100000,2,w2_1,368,1.447084,1.0,10,,scalar_first_exact
pg-hnsw,100000,2,w2_1,715,2.290166,1.0,10,,scalar_first_exact
pg-hnsw,100000,2,w2_1,546,2.160416,1.0,10,,scalar_first_exact
pg-hnsw,100000,2,w2_1,651,2.246334,1.0,10,,scalar_first_exact
pg-hnsw,100000,2,w2_1,439,2.277542,1.0,10,,scalar_first_exact
pg-hnsw,100000,2,w2_1,102,2.335209,1.0,10,,scalar_first_exact
pg-hnsw,100000,2,w2_1,473,2.468792,1.0,10,,scalar_first_exact
pg-hnsw,100000,2,w2_1,730,2.490959,1.0,10,,scalar_first_exact
pg-hnsw,100000,2,w2_1,487,3.363084,1.0,10,,scalar_first_exact
pg-hnsw,100000,2,w2_1,329,2.48775,1.0,10,,scalar_first_exact
pg-hnsw,100000,2,w2_1,627,2.59025,1.0,10,,scalar_first_exact
pg-hnsw,100000,2,w2_1,761,2.208542,1.0,10,,scalar_first_exact
pg-hnsw,100000,2,w2_1,989,2.036042,1.0,10,,scalar_first_exact
pg-hnsw,100000,2,w2_1,409,1.810458,1.0,10,,scalar_first_exact
pg-hnsw,100000,2,w2_1,632,1.992792,1.0,10,,scalar_first_exact
pg-hnsw,100000,2,w2_1,438,2.352708,1.0,10,,scalar_first_exact
pg-hnsw,100000,2,w2_1,235,2.156542,1.0,10,,scalar_first_exact
pg-hnsw,100000,2,w2_1,827,2.416917,1.0,10,,scalar_first_exact
pg-hnsw,100000,2,w2_1,448,4.661167,1.0,10,,scalar_first_exact
pg-hnsw,100000,2,w2_1,419,2.590833,1.0,10,,scalar_first_exact
pg-hnsw,100000,2,w2_1,497,2.486083,1.0,10,,scalar_first_exact
pg-hnsw,100000,2,w2_1,255,2.661875,1.0,10,,scalar_first_exact
pg-hnsw,100000,2,w2_1,210,2.548167,1.0,10,,scalar_first_exact
pg-hnsw,100000,2,w2_1,418,2.616417,1.0,10,,scalar_first_exact
pg-hnsw,100000,2,w2_1,882,3.930584,1.0,10,,scalar_first_exact
pg-hnsw,100000,2,w2_1,424,2.644208,1.0,10,,scalar_first_exact
pg-hnsw,100000,2,w2_1,440,4.043042,1.0,10,,scalar_first_exact
pg-hnsw,100000,2,w2_1,980,3.087375,1.0,10,,scalar_first_exact
pg-hnsw,100000,2,w2_1,137,2.606875,1.0,10,,scalar_first_exact
pg-hnsw,100000,2,w2_1,641,3.120792,1.0,10,,scalar_first_exact
pg-hnsw,100000,2,w2_1,428,2.503542,1.0,10,,scalar_first_exact
pg-hnsw,100000,2,w2_1,370,2.524166,1.0,10,,scalar_first_exact
pg-hnsw,100000,2,w2_1,540,5.148959,1.0,10,,scalar_first_exact
pg-hnsw,100000,2,w2_1,835,4.063833,1.0,10,,scalar_first_exact
pg-hnsw,100000,2,w2_1,906,2.537791,1.0,10,,scalar_first_exact
pg-hnsw,100000,2,w2_1,445,2.346625,1.0,10,,scalar_first_exact
pg-hnsw,100000,2,w2_1,689,2.322666,1.0,10,,scalar_first_exact
pg-hnsw,100000,2,w2_1,402,4.100208,1.0,10,,scalar_first_exact
pg-hnsw,100000,2,w2_1,701,2.288583,1.0,10,,scalar_first_exact
pg-hnsw,100000,2,w2_1,112,2.147,1.0,10,,scalar_first_exact
pg-hnsw,100000,2,w2_1,400,2.232333,1.0,10,,scalar_first_exact
pg-hnsw,100000,2,w2_1,517,2.496042,1.0,10,,scalar_first_exact
pg-hnsw,100000,2,w2_1,887,2.099291,1.0,10,,scalar_first_exact
pg-hnsw,100000,2,w2_1,585,2.500708,1.0,10,,scalar_first_exact
pg-hnsw,100000,2,w2_1,511,2.726333,1.0,10,,scalar_first_exact
pg-hnsw,100000,2,w2_1,423,2.890958,1.0,10,,scalar_first_exact
pg-hnsw,100000,2,w2_1,234,2.765917,1.0,10,,scalar_first_exact
pg-hnsw,100000,2,w2_1,644,4.615458,1.0,10,,scalar_first_exact
pg-hnsw,100000,2,w2_1,274,2.319125,1.0,10,,scalar_first_exact
pg-hnsw,100000,2,w2_1,178,2.59275,1.0,10,,scalar_first_exact
pg-hnsw,100000,2,w2_1,778,3.008125,1.0,10,,scalar_first_exact
pg-hnsw,100000,2,w2_1,242,3.029709,1.0,10,,scalar_first_exact
pg-hnsw,100000,2,w2_1,244,3.54625,1.0,10,,scalar_first_exact
pg-hnsw,100000,2,w2_1,530,2.649375,1.0,10,,scalar_first_exact
pg-hnsw,100000,2,w2_1,892,2.440708,1.0,10,,scalar_first_exact
pg-hnsw,100000,2,w2_1,565,2.782667,1.0,10,,scalar_first_exact
pg-hnsw,100000,2,w2_1,869,2.963375,1.0,10,,scalar_first_exact
pg-hnsw,100000,2,w2_1,682,2.486417,1.0,10,,scalar_first_exact
pg-hnsw,100000,2,w2_1,951,3.256459,1.0,10,,scalar_first_exact
pg-hnsw,100000,2,w2_1,696,2.493625,1.0,10,,scalar_first_exact
pg-hnsw,100000,2,w2_1,987,2.750166,1.0,10,,scalar_first_exact
pg-hnsw,100000,2,w2_1,372,4.895875,1.0,10,,scalar_first_exact
pg-hnsw,100000,2,w2_1,743,2.741583,1.0,10,,scalar_first_exact
pg-hnsw,100000,2,w2_1,286,4.66725,1.0,10,,scalar_first_exact
pg-hnsw,100000,2,w2_1,385,3.0255,1.0,10,,scalar_first_exact
pg-hnsw,100000,2,w2_1,712,3.740125,1.0,10,,scalar_first_exact
pg-hnsw,100000,2,w2_1,432,2.277833,1.0,10,,scalar_first_exact
pg-hnsw,100000,2,w2_1,375,2.556375,1.0,10,,scalar_first_exact
pg-hnsw,100000,2,w2_1,276,3.247167,1.0,10,,scalar_first_exact
pg-hnsw,100000,2,w2_1,171,2.641667,1.0,10,,scalar_first_exact
pg-hnsw,100000,2,w2_1,144,2.408208,1.0,10,,scalar_first_exact
pg-hnsw,100000,2,w2_1,574,3.225792,1.0,10,,scalar_first_exact
pg-hnsw,100000,2,w2_1,838,2.300167,1.0,10,,scalar_first_exact
pg-hnsw,100000,2,w2_1,832,1.930333,1.0,10,,scalar_first_exact
pg-hnsw,100000,2,w2_1,451,4.0615,1.0,10,,scalar_first_exact
pg-hnsw,100000,2,w2_1,179,2.698208,1.0,10,,scalar_first_exact
pg-hnsw,100000,2,w2_1,724,2.358458,1.0,10,,scalar_first_exact
pg-hnsw,100000,2,w2_1,878,3.418333,1.0,10,,scalar_first_exact
pg-hnsw,100000,2,w2_1,690,2.693292,1.0,10,,scalar_first_exact
pg-hnsw,100000,2,w2_1,860,2.517,1.0,10,,scalar_first_exact
pg-hnsw,100000,2,w2_1,791,2.917583,1.0,10,,scalar_first_exact
pg-hnsw,100000,2,w2_1,395,2.380667,1.0,10,,scalar_first_exact
pg-hnsw,100000,2,w2_1,187,2.670042,1.0,10,,scalar_first_exact
pg-hnsw,100000,2,w2_1,344,3.210667,1.0,10,,scalar_first_exact
pg-hnsw,100000,2,w2_1,101,2.381791,1.0,10,,scalar_first_exact
pg-hnsw,100000,2,w2_1,901,1.799708,1.0,10,,scalar_first_exact
pg-hnsw,100000,2,w2_1,317,5.82925,1.0,10,,scalar_first_exact
pg-hnsw,100000,2,w2_1,923,2.689583,1.0,10,,scalar_first_exact
pg-hnsw,100000,2,w2_1,366,2.992542,1.0,10,,scalar_first_exact
pg-hnsw,100000,2,w2_1,844,2.737459,1.0,10,,scalar_first_exact
pg-hnsw,100000,2,w2_1,905,2.393584,1.0,10,,scalar_first_exact
pg-hnsw,100000,2,w2_1,708,3.305416,1.0,10,,scalar_first_exact
pg-hnsw,100000,2,w2_1,302,2.446166,1.0,10,,scalar_first_exact
pg-hnsw,100000,2,w2_1,966,2.463833,1.0,10,,scalar_first_exact
pg-hnsw,100000,2,w2_1,997,3.404333,1.0,10,,scalar_first_exact
pg-hnsw,100000,2,w2_1,211,3.135333,1.0,10,,scalar_first_exact
pg-hnsw,100000,2,w2_1,307,2.683417,1.0,10,,scalar_first_exact
pg-hnsw,100000,2,w2_1,942,2.418875,1.0,10,,scalar_first_exact
pg-hnsw,100000,2,w2_1,575,2.638667,1.0,10,,scalar_first_exact
pg-hnsw,100000,2,w2_1,488,2.55975,1.0,10,,scalar_first_exact
pg-hnsw,100000,2,w2_1,471,3.565542,1.0,10,,scalar_first_exact
pg-hnsw,100000,2,w2_1,266,2.617083,1.0,10,,scalar_first_exact
pg-hnsw,100000,2,w2_1,447,2.384625,1.0,10,,scalar_first_exact
pg-hnsw,100000,2,w2_1,703,3.153875,1.0,10,,scalar_first_exact
pg-hnsw,100000,2,w2_1,525,2.573333,1.0,10,,scalar_first_exact
pg-hnsw,100000,2,w2_1,464,2.149875,1.0,10,,scalar_first_exact
pg-hnsw,100000,2,w2_1,633,3.344083,1.0,10,,scalar_first_exact
pg-hnsw,100000,2,w2_1,481,2.452583,1.0,10,,scalar_first_exact
pg-hnsw,100000,2,w2_1,969,2.516875,1.0,10,,scalar_first_exact
pg-hnsw,100000,2,w2_1,536,4.738417,1.0,10,,scalar_first_exact
pg-hnsw,100000,2,w2_1,866,2.498458,1.0,10,,scalar_first_exact
pg-hnsw,100000,2,w2_1,539,2.195333,1.0,10,,scalar_first_exact
pg-hnsw,100000,2,w2_1,463,2.734042,1.0,10,,scalar_first_exact
pg-hnsw,100000,2,w2_1,498,2.301792,1.0,10,,scalar_first_exact
pg-hnsw,100000,2,w2_1,321,2.123583,1.0,10,,scalar_first_exact
pg-hnsw,100000,2,w2_1,605,3.017333,1.0,10,,scalar_first_exact
pg-hnsw,100000,2,w2_1,387,3.073792,1.0,10,,scalar_first_exact
pg-hnsw,100000,2,w2_1,316,2.415833,1.0,10,,scalar_first_exact
pg-hnsw,100000,2,w2_1,261,2.850583,1.0,10,,scalar_first_exact
pg-hnsw,100000,2,w2_1,930,2.5855,1.0,10,,scalar_first_exact
pg-hnsw,100000,2,w2_1,917,2.699166,1.0,10,,scalar_first_exact
pg-hnsw,100000,2,w2_1,834,2.535292,1.0,10,,scalar_first_exact
pg-hnsw,100000,2,w2_1,998,2.439542,1.0,10,,scalar_first_exact
pg-hnsw,100000,2,w2_1,845,2.315625,1.0,10,,scalar_first_exact
pg-hnsw,100000,2,w2_1,524,2.611666,1.0,10,,scalar_first_exact
pg-hnsw,100000,2,w2_1,225,2.59425,1.0,10,,scalar_first_exact
pg-hnsw,100000,2,w2_1,167,2.5315,1.0,10,,scalar_first_exact
pg-hnsw,100000,2,w2_1,894,6.896625,1.0,10,,scalar_first_exact
pg-hnsw,100000,2,w2_1,716,2.303917,1.0,10,,scalar_first_exact
pg-hnsw,100000,2,w2_1,773,2.5285,1.0,10,,scalar_first_exact
pg-hnsw,100000,2,w2_1,304,2.244416,1.0,10,,scalar_first_exact
pg-hnsw,100000,2,w2_1,808,2.290417,1.0,10,,scalar_first_exact
pg-hnsw,100000,2,w2_1,196,6.146208,1.0,10,,scalar_first_exact
pg-hnsw,100000,2,w2_1,454,2.928833,1.0,10,,scalar_first_exact
pg-hnsw,100000,2,w2_1,714,2.446875,1.0,10,,scalar_first_exact
pg-hnsw,100000,2,w2_1,950,2.578125,1.0,10,,scalar_first_exact
pg-hnsw,100000,2,w2_1,531,2.718333,1.0,10,,scalar_first_exact
pg-hnsw,100000,2,w2_1,700,2.549834,1.0,10,,scalar_first_exact
pg-hnsw,100000,2,w2_1,284,2.278916,1.0,10,,scalar_first_exact
pg-hnsw,100000,2,w2_1,442,2.177541,1.0,10,,scalar_first_exact
pg-hnsw,100000,2,w2_1,373,2.302416,1.0,10,,scalar_first_exact
pg-hnsw,100000,2,w2_1,453,2.174833,1.0,10,,scalar_first_exact
pg-hnsw,100000,2,w2_1,146,2.567,1.0,10,,scalar_first_exact
pg-hnsw,100000,2,w2_1,141,2.307834,1.0,10,,scalar_first_exact
pg-hnsw,100000,2,w2_1,510,2.82475,1.0,10,,scalar_first_exact
pg-hnsw,100000,2,w2_1,334,2.652416,1.0,10,,scalar_first_exact
pg-hnsw,100000,2,w2_1,248,2.587083,1.0,10,,scalar_first_exact
pg-hnsw,100000,2,w2_1,105,3.290333,1.0,10,,scalar_first_exact
pg-hnsw,100000,2,w2_1,128,2.579625,1.0,10,,scalar_first_exact
pg-hnsw,100000,2,w2_1,937,2.438167,1.0,10,,scalar_first_exact
pg-hnsw,100000,2,w2_1,855,3.219416,1.0,10,,scalar_first_exact
pg-hnsw,100000,2,w2_1,941,2.278125,1.0,10,,scalar_first_exact
pg-hnsw,100000,2,w2_1,505,2.265625,1.0,10,,scalar_first_exact
pg-hnsw,100000,2,w2_1,841,3.173959,1.0,10,,scalar_first_exact
pg-hnsw,100000,2,w2_1,483,2.313875,1.0,10,,scalar_first_exact
pg-hnsw,100000,2,w2_1,727,2.528125,1.0,10,,scalar_first_exact
pg-hnsw,100000,2,w2_1,484,7.759333,1.0,10,,scalar_first_exact
pg-hnsw,100000,2,w2_1,318,2.422125,1.0,10,,scalar_first_exact
pg-hnsw,100000,2,w2_1,576,2.626209,1.0,10,,scalar_first_exact
pg-hnsw,100000,2,w2_1,900,2.63,1.0,10,,scalar_first_exact
pg-hnsw,100000,2,w2_1,993,2.4405,1.0,10,,scalar_first_exact
pg-hnsw,100000,2,w2_1,279,2.774,1.0,10,,scalar_first_exact
pg-hnsw,100000,2,w2_1,699,2.2625,1.0,10,,scalar_first_exact
pg-hnsw,100000,2,w2_1,833,2.020958,1.0,10,,scalar_first_exact
pg-hnsw,100000,2,w2_1,508,2.296583,1.0,10,,scalar_first_exact
pg-hnsw,100000,2,w2_1,960,2.462791,1.0,10,,scalar_first_exact
pg-hnsw,100000,2,w2_1,848,2.81975,1.0,10,,scalar_first_exact
pg-hnsw,100000,2,w2_1,709,3.792709,1.0,10,,scalar_first_exact
pg-hnsw,100000,2,w2_1,666,2.733833,1.0,10,,scalar_first_exact
pg-hnsw,100000,2,w2_1,425,2.3195,1.0,10,,scalar_first_exact
pg-hnsw,100000,2,w2_1,437,3.075041,1.0,10,,scalar_first_exact
pg-hnsw,100000,2,w2_1,620,2.300292,1.0,10,,scalar_first_exact
pg-hnsw,100000,2,w2_1,134,2.539625,1.0,10,,scalar_first_exact
pg-hnsw,100000,2,w2_1,847,3.944375,1.0,10,,scalar_first_exact
pg-hnsw,100000,2,w2_1,267,2.691125,1.0,10,,scalar_first_exact
pg-hnsw,100000,2,w2_1,741,2.340375,1.0,10,,scalar_first_exact
pg-hnsw,100000,2,w2_1,608,2.736208,1.0,10,,scalar_first_exact
pg-hnsw,100000,2,w2_1,840,2.563,1.0,10,,scalar_first_exact
pg-hnsw,100000,2,w2_1,823,2.712584,1.0,10,,scalar_first_exact
pg-hnsw,100000,2,w2_1,956,5.875083,1.0,10,,scalar_first_exact
pg-hnsw,100000,2,w2_1,955,3.052958,1.0,10,,scalar_first_exact
pg-hnsw,100000,2,w2_1,226,2.451166,1.0,10,,scalar_first_exact
pg-hnsw,100000,2,w2_1,177,2.46325,1.0,10,,scalar_first_exact
pg-hnsw,100000,2,w2_1,157,2.366208,1.0,10,,scalar_first_exact
pg-hnsw,100000,2,w2_1,659,3.140542,1.0,10,,scalar_first_exact
pg-hnsw,100000,2,w2_1,867,2.712208,1.0,10,,scalar_first_exact
pg-hnsw,100000,2,w2_1,205,2.611875,1.0,10,,scalar_first_exact
pg-hnsw,100000,2,w2_1,660,2.665041,1.0,10,,scalar_first_exact
pg-hnsw,100000,2,w2_1,388,2.7895,1.0,10,,scalar_first_exact
pg-hnsw,100000,2,w2_1,379,2.108834,1.0,10,,scalar_first_exact
pg-hnsw,100000,2,w2_1,858,3.134917,1.0,10,,scalar_first_exact
pg-hnsw,100000,2,w2_1,341,2.758041,1.0,10,,scalar_first_exact
pg-hnsw,100000,2,w2_1,426,2.551125,1.0,10,,scalar_first_exact
pg-hnsw,100000,2,w2_1,460,3.3405,1.0,10,,scalar_first_exact
pg-hnsw,100000,2,w2_1,963,3.040125,1.0,10,,scalar_first_exact
pg-hnsw,100000,2,w2_1,810,2.479416,1.0,10,,scalar_first_exact
pg-hnsw,100000,2,w2_1,166,2.70775,1.0,10,,scalar_first_exact
pg-hnsw,100000,2,w2_1,625,2.7135,1.0,10,,scalar_first_exact
pg-hnsw,100000,2,w2_1,973,2.591916,1.0,10,,scalar_first_exact
pg-hnsw,100000,2,w2_1,135,2.824791,1.0,10,,scalar_first_exact
pg-hnsw,100000,2,w2_1,877,2.340708,1.0,10,,scalar_first_exact
pg-hnsw,100000,2,w2_1,436,2.374542,1.0,10,,scalar_first_exact
pg-hnsw,100000,2,w2_1,793,2.301958,1.0,10,,scalar_first_exact
pg-hnsw,100000,2,w2_1,217,2.812458,1.0,10,,scalar_first_exact
pg-hnsw,100000,2,w2_1,470,3.001208,1.0,10,,scalar_first_exact
pg-hnsw,100000,2,w2_1,127,2.504667,1.0,10,,scalar_first_exact
pg-hnsw,100000,2,w2_1,953,3.014875,1.0,10,,scalar_first_exact
pg-hnsw,100000,2,w2_1,233,3.034917,1.0,10,,scalar_first_exact
pg-hnsw,100000,2,w2_1,777,2.107917,1.0,10,,scalar_first_exact
pg-hnsw,100000,2,w2_1,192,2.381292,1.0,10,,scalar_first_exact
pg-hnsw,100000,2,w2_1,326,3.435666,1.0,10,,scalar_first_exact
pg-hnsw,100000,2,w2_1,407,2.605834,1.0,10,,scalar_first_exact
pg-hnsw,100000,2,w2_1,174,2.435209,1.0,10,,scalar_first_exact
pg-hnsw,100000,2,w2_1,693,3.681166,1.0,10,,scalar_first_exact
pg-hnsw,100000,2,w2_1,952,2.545625,1.0,10,,scalar_first_exact
pg-hnsw,100000,2,w2_1,927,2.289166,1.0,10,,scalar_first_exact
pg-hnsw,100000,2,w2_1,408,3.40825,1.0,10,,scalar_first_exact
pg-hnsw,100000,2,w2_1,961,2.681125,1.0,10,,scalar_first_exact
pg-hnsw,100000,2,w2_1,548,2.614208,1.0,10,,scalar_first_exact
pg-hnsw,100000,2,w2_1,618,3.020167,1.0,10,,scalar_first_exact
pg-hnsw,100000,2,w2_1,597,2.703167,1.0,10,,scalar_first_exact
pg-hnsw,100000,2,w2_1,467,2.82725,1.0,10,,scalar_first_exact
pg-hnsw,100000,2,w2_1,126,2.929541,1.0,10,,scalar_first_exact
pg-hnsw,100000,2,w2_1,792,2.26875,1.0,10,,scalar_first_exact
pg-hnsw,100000,2,w2_1,910,2.448583,1.0,10,,scalar_first_exact
pg-hnsw,100000,2,w2_1,648,4.730625,1.0,10,,scalar_first_exact
pg-hnsw,100000,2,w2_1,621,2.601667,1.0,10,,scalar_first_exact
pg-hnsw,100000,2,w2_1,212,2.029583,1.0,10,,scalar_first_exact
pg-hnsw,100000,2,w2_1,216,2.418167,1.0,10,,scalar_first_exact
pg-hnsw,100000,2,w2_1,671,2.413125,1.0,10,,scalar_first_exact
pg-hnsw,100000,2,w2_1,830,2.655791,1.0,10,,scalar_first_exact
pg-hnsw,100000,2,w2_1,824,2.864041,1.0,10,,scalar_first_exact
pg-hnsw,100000,2,w2_1,200,2.378791,1.0,10,,scalar_first_exact
pg-hnsw,100000,2,w2_1,206,2.293459,1.0,10,,scalar_first_exact
pg-hnsw,100000,2,w2_1,914,3.281375,1.0,10,,scalar_first_exact
pg-hnsw,100000,2,w2_1,477,2.625083,1.0,10,,scalar_first_exact
pg-hnsw,100000,2,w2_1,298,2.293416,1.0,10,,scalar_first_exact
pg-hnsw,100000,2,w2_1,220,2.064583,1.0,10,,scalar_first_exact
pg-hnsw,100000,2,w2_1,783,3.924042,1.0,10,,scalar_first_exact
pg-hnsw,100000,2,w2_1,176,2.464667,1.0,10,,scalar_first_exact
pg-hnsw,100000,2,w2_1,856,3.016542,1.0,10,,scalar_first_exact
pg-hnsw,100000,2,w2_1,796,2.527333,1.0,10,,scalar_first_exact
pg-hnsw,100000,2,w2_1,323,2.095208,1.0,10,,scalar_first_exact
pg-hnsw,100000,2,w2_1,636,1.639084,1.0,10,,scalar_first_exact
pg-hnsw,100000,2,w2_1,995,2.410916,1.0,10,,scalar_first_exact
pg-hnsw,100000,2,w2_1,184,2.401291,1.0,10,,scalar_first_exact
pg-hnsw,100000,2,w2_1,569,2.516167,1.0,10,,scalar_first_exact
pg-hnsw,100000,2,w2_1,594,3.308041,1.0,10,,scalar_first_exact
pg-hnsw,100000,2,w2_1,893,2.717458,1.0,10,,scalar_first_exact
pg-hnsw,100000,2,w2_1,104,2.283667,1.0,10,,scalar_first_exact
pg-hnsw,100000,2,w2_1,958,6.803583,1.0,10,,scalar_first_exact
pg-hnsw,100000,2,w2_1,688,2.711208,1.0,10,,scalar_first_exact
pg-hnsw,100000,2,w2_1,528,1.864041,1.0,10,,scalar_first_exact
pg-hnsw,100000,2,w2_1,675,2.519041,1.0,10,,scalar_first_exact
pg-hnsw,100000,2,w2_1,120,2.410958,1.0,10,,scalar_first_exact
pg-hnsw,100000,2,w2_1,913,3.589208,1.0,10,,scalar_first_exact
pg-hnsw,100000,2,w2_1,774,2.898167,1.0,10,,scalar_first_exact
pg-hnsw,100000,2,w2_1,974,3.721292,1.0,10,,scalar_first_exact
pg-hnsw,100000,2,w2_1,534,2.741042,1.0,10,,scalar_first_exact
pg-hnsw,100000,2,w2_1,583,2.514958,1.0,10,,scalar_first_exact
pg-hnsw,100000,2,w2_1,268,2.253292,1.0,10,,scalar_first_exact
pg-hnsw,100000,2,w2_1,339,2.741458,1.0,10,,scalar_first_exact
pg-hnsw,100000,2,w2_1,725,2.57425,1.0,10,,scalar_first_exact
pg-hnsw,100000,2,w2_1,842,2.470459,1.0,10,,scalar_first_exact
pg-hnsw,100000,2,w2_1,493,2.757458,1.0,10,,scalar_first_exact
pg-hnsw,100000,2,w2_1,770,2.696125,1.0,10,,scalar_first_exact
pg-hnsw,100000,2,w2_1,885,2.403292,1.0,10,,scalar_first_exact
pg-hnsw,100000,2,w2_1,291,3.553375,1.0,10,,scalar_first_exact
pg-hnsw,100000,2,w2_1,164,2.252709,1.0,10,,scalar_first_exact
pg-hnsw,100000,2,w2_1,519,2.170666,1.0,10,,scalar_first_exact
pg-hnsw,100000,2,w2_1,702,3.147417,1.0,10,,scalar_first_exact
pg-hnsw,100000,2,w2_1,843,2.454917,1.0,10,,scalar_first_exact
pg-hnsw,100000,2,w2_1,929,2.539083,1.0,10,,scalar_first_exact
pg-hnsw,100000,2,w2_1,371,5.734292,1.0,10,,scalar_first_exact
pg-hnsw,100000,2,w2_1,349,2.350542,1.0,10,,scalar_first_exact
pg-hnsw,100000,2,w2_1,607,2.697375,1.0,10,,scalar_first_exact
pg-hnsw,100000,2,w2_1,915,2.221625,1.0,10,,scalar_first_exact
pg-hnsw,100000,2,w2_1,766,2.286875,1.0,10,,scalar_first_exact
pg-hnsw,100000,2,w2_1,568,2.1655,1.0,10,,scalar_first_exact
pg-hnsw,100000,2,w2_1,755,3.880833,1.0,10,,scalar_first_exact
pg-hnsw,100000,2,w2_1,478,2.763291,1.0,10,,scalar_first_exact
pg-hnsw,100000,2,w2_1,232,2.54875,1.0,10,,scalar_first_exact
pg-hnsw,100000,2,w2_1,573,2.485625,1.0,10,,scalar_first_exact
pg-hnsw,100000,2,w2_1,560,2.277042,1.0,10,,scalar_first_exact
pg-hnsw,100000,2,w2_1,239,2.394584,1.0,10,,scalar_first_exact
pg-hnsw,100000,2,w2_1,617,2.602875,1.0,10,,scalar_first_exact
pg-hnsw,100000,2,w2_1,180,2.634833,1.0,10,,scalar_first_exact
pg-hnsw,100000,2,w2_1,784,2.442208,1.0,10,,scalar_first_exact
pg-hnsw,100000,2,w2_1,215,2.677292,1.0,10,,scalar_first_exact
pg-hnsw,100000,2,w2_1,541,2.451083,1.0,10,,scalar_first_exact
pg-hnsw,100000,2,w2_1,351,2.143791,1.0,10,,scalar_first_exact
pg-hnsw,100000,2,w2_1,256,2.900709,1.0,10,,scalar_first_exact
pg-hnsw,100000,2,w2_1,764,2.4165,1.0,10,,scalar_first_exact
pg-hnsw,100000,2,w2_1,324,2.525167,1.0,10,,scalar_first_exact
pg-hnsw,100000,2,w2_1,767,2.335334,1.0,10,,scalar_first_exact
pg-hnsw,100000,2,w2_1,977,3.953083,1.0,10,,scalar_first_exact
pg-hnsw,100000,2,w2_1,543,2.556,1.0,10,,scalar_first_exact
pg-hnsw,100000,2,w2_1,363,2.369458,1.0,10,,scalar_first_exact
pg-hnsw,100000,2,w2_1,188,2.170459,1.0,10,,scalar_first_exact
pg-hnsw,100000,2,w2_1,645,2.420333,1.0,10,,scalar_first_exact
pg-hnsw,100000,2,w2_1,748,1.662167,1.0,10,,scalar_first_exact
pg-hnsw,100000,2,w2_1,556,2.68125,1.0,10,,scalar_first_exact
pg-hnsw,100000,2,w2_1,361,2.193458,1.0,10,,scalar_first_exact
pg-hnsw,100000,2,w2_1,864,2.070792,1.0,10,,scalar_first_exact
pg-hnsw,100000,2,w2_1,186,2.275875,1.0,10,,scalar_first_exact
pg-hnsw,100000,2,w2_1,338,2.150667,1.0,10,,scalar_first_exact
pg-hnsw,100000,2,w2_1,376,2.063542,1.0,10,,scalar_first_exact
pg-hnsw,100000,2,w2_1,133,2.442792,1.0,10,,scalar_first_exact
pg-hnsw,100000,2,w2_1,978,1.624625,1.0,10,,scalar_first_exact
pg-hnsw,100000,2,w2_1,458,2.359292,1.0,10,,scalar_first_exact
pg-hnsw,100000,2,w2_1,654,2.335417,1.0,10,,scalar_first_exact
pg-hnsw,100000,2,w2_1,293,1.916292,1.0,10,,scalar_first_exact
pg-hnsw,100000,2,w2_1,934,2.369834,1.0,10,,scalar_first_exact
pg-hnsw,100000,2,w2_1,837,2.485,1.0,10,,scalar_first_exact
pg-hnsw,100000,2,w2_1,430,2.398292,1.0,10,,scalar_first_exact
pg-hnsw,100000,2,w2_1,734,2.419916,1.0,10,,scalar_first_exact
pg-hnsw,100000,2,w2_1,640,2.178875,1.0,10,,scalar_first_exact
pg-hnsw,100000,2,w2_1,390,2.377208,1.0,10,,scalar_first_exact
pg-hnsw,100000,2,w2_1,799,2.044125,1.0,10,,scalar_first_exact
pg-hnsw,100000,2,w2_1,461,2.1005,1.0,10,,scalar_first_exact
pg-hnsw,100000,2,w2_1,271,2.121542,1.0,10,,scalar_first_exact
pg-hnsw,100000,2,w2_1,312,2.154459,1.0,10,,scalar_first_exact
pg-hnsw,100000,2,w2_1,545,2.238625,1.0,10,,scalar_first_exact
pg-hnsw,100000,2,w2_1,116,3.093625,1.0,10,,scalar_first_exact
pg-hnsw,100000,2,w2_1,825,2.17575,1.0,10,,scalar_first_exact
pg-hnsw,100000,2,w2_1,781,1.838,1.0,10,,scalar_first_exact
pg-hnsw,100000,2,w2_1,862,1.901125,1.0,10,,scalar_first_exact
pg-hnsw,100000,2,w2_1,381,1.548666,1.0,10,,scalar_first_exact
pg-hnsw,100000,2,w2_1,820,2.25475,1.0,10,,scalar_first_exact
pg-hnsw,100000,2,w2_1,957,2.296,1.0,10,,scalar_first_exact
pg-hnsw,100000,2,w2_1,462,1.933042,1.0,10,,scalar_first_exact
pg-hnsw,100000,2,w2_1,340,1.9915,1.0,10,,scalar_first_exact
pg-hnsw,100000,2,w2_1,874,2.091625,1.0,10,,scalar_first_exact
pg-hnsw,100000,2,w2_1,629,2.6335,1.0,10,,scalar_first_exact
pg-hnsw,100000,2,w2_1,550,3.34025,1.0,10,,scalar_first_exact
pg-hnsw,100000,2,w2_1,986,2.220667,1.0,10,,scalar_first_exact
pg-hnsw,100000,2,w2_1,609,2.150583,1.0,10,,scalar_first_exact
pg-hnsw,100000,2,w2_1,686,2.19425,1.0,10,,scalar_first_exact
pg-hnsw,100000,2,w2_1,297,2.198125,1.0,10,,scalar_first_exact
pg-hnsw,100000,2,w2_1,247,2.416291,1.0,10,,scalar_first_exact
pg-hnsw,100000,2,w2_1,491,2.495709,1.0,10,,scalar_first_exact
pg-hnsw,100000,2,w2_1,130,2.645584,1.0,10,,scalar_first_exact
pg-hnsw,100000,2,w2_1,756,2.756833,1.0,10,,scalar_first_exact
pg-hnsw,100000,2,w2_1,710,3.015083,1.0,10,,scalar_first_exact
pg-hnsw,100000,2,w2_1,984,2.638708,1.0,10,,scalar_first_exact
pg-hnsw,100000,2,w2_1,562,2.277292,1.0,10,,scalar_first_exact
pg-hnsw,100000,2,w2_1,713,2.594834,1.0,10,,scalar_first_exact
pg-hnsw,100000,2,w2_1,959,2.156833,1.0,10,,scalar_first_exact
pg-hnsw,100000,2,w2_1,772,2.122708,1.0,10,,scalar_first_exact
pg-hnsw,100000,2,w2_1,343,2.54125,1.0,10,,scalar_first_exact
pg-hnsw,100000,2,w2_1,876,2.401083,1.0,10,,scalar_first_exact
pg-hnsw,100000,2,w2_1,763,1.984333,1.0,10,,scalar_first_exact
pg-hnsw,100000,2,w2_1,327,1.987542,1.0,10,,scalar_first_exact
pg-hnsw,100000,2,w2_1,131,2.65225,1.0,10,,scalar_first_exact
pg-hnsw,100000,2,w2_1,988,2.426792,1.0,10,,scalar_first_exact
pg-hnsw,100000,2,w2_1,147,2.775042,1.0,10,,scalar_first_exact
pg-hnsw,100000,2,w2_1,661,2.057417,1.0,10,,scalar_first_exact
pg-hnsw,100000,2,w2_1,547,2.244167,1.0,10,,scalar_first_exact
pg-hnsw,100000,2,w2_1,250,2.658,1.0,10,,scalar_first_exact
pg-hnsw,100000,2,w2_1,705,2.614458,1.0,10,,scalar_first_exact
pg-hnsw,100000,2,w2_1,857,2.647292,1.0,10,,scalar_first_exact
pg-hnsw,100000,2,w2_1,806,2.339041,1.0,10,,scalar_first_exact
pg-hnsw,100000,2,w2_1,692,2.042084,1.0,10,,scalar_first_exact
pg-hnsw,100000,2,w2_1,197,2.595459,1.0,10,,scalar_first_exact
pg-hnsw,100000,2,w2_1,281,1.912708,1.0,10,,scalar_first_exact
pg-hnsw,100000,2,w2_1,417,2.5675,1.0,10,,scalar_first_exact
pg-hnsw,100000,2,w2_1,965,2.593875,1.0,10,,scalar_first_exact
pg-hnsw,100000,2,w2_1,303,2.447791,1.0,10,,scalar_first_exact
pg-hnsw,100000,2,w2_1,606,2.344875,1.0,10,,scalar_first_exact
pg-hnsw,100000,2,w2_1,537,2.639,1.0,10,,scalar_first_exact
pg-hnsw,100000,2,w2_1,114,2.389917,1.0,10,,scalar_first_exact
pg-hnsw,100000,2,w2_1,518,2.138,1.0,10,,scalar_first_exact
pg-hnsw,100000,2,w2_1,401,2.614,1.0,10,,scalar_first_exact
pg-hnsw,100000,2,w2_1,859,2.382291,1.0,10,,scalar_first_exact
pg-hnsw,100000,2,w2_1,863,2.541084,1.0,10,,scalar_first_exact
pg-hnsw,100000,2,w2_1,896,2.242708,1.0,10,,scalar_first_exact
pg-hnsw,100000,2,w2_1,707,2.672583,1.0,10,,scalar_first_exact
pg-hnsw,100000,2,w2_1,513,2.535417,1.0,10,,scalar_first_exact
pg-hnsw,100000,2,w2_1,798,2.347833,1.0,10,,scalar_first_exact
pg-hnsw,100000,2,w2_1,115,2.240333,1.0,10,,scalar_first_exact
pg-hnsw,100000,2,w2_1,779,2.41075,1.0,10,,scalar_first_exact
pg-hnsw,100000,2,w2_1,230,2.8615,1.0,10,,scalar_first_exact
pg-hnsw,100000,2,w2_1,398,2.75075,1.0,10,,scalar_first_exact
pg-hnsw,100000,2,w2_1,502,2.563791,1.0,10,,scalar_first_exact
pg-hnsw,100000,2,w2_1,623,2.490667,1.0,10,,scalar_first_exact
pg-hnsw,100000,2,w2_1,782,2.528334,1.0,10,,scalar_first_exact
pg-hnsw,100000,2,w2_1,829,3.091834,1.0,10,,scalar_first_exact
pg-hnsw,100000,2,w2_1,846,3.117125,1.0,10,,scalar_first_exact
pg-hnsw,100000,2,w2_1,169,2.709667,1.0,10,,scalar_first_exact
pg-hnsw,100000,2,w2_1,406,2.465583,1.0,10,,scalar_first_exact
pg-hnsw,100000,2,w2_1,590,2.784208,1.0,10,,scalar_first_exact
pg-hnsw,100000,2,w2_1,507,3.118167,1.0,10,,scalar_first_exact
pg-hnsw,100000,2,w2_1,677,3.054042,1.0,10,,scalar_first_exact
pg-hnsw,100000,2,w2_1,172,2.697292,1.0,10,,scalar_first_exact
pg-hnsw,100000,2,w2_1,884,2.835167,1.0,10,,scalar_first_exact
pg-hnsw,100000,2,w2_1,559,2.271709,1.0,10,,scalar_first_exact
pg-hnsw,100000,2,w2_1,479,1.281625,1.0,10,,scalar_first_exact
pg-hnsw,100000,2,w2_1,251,2.362459,1.0,10,,scalar_first_exact
pg-hnsw,100000,2,w2_1,165,2.418334,1.0,10,,scalar_first_exact
pg-hnsw,100000,2,w2_1,731,2.387916,1.0,10,,scalar_first_exact
pg-hnsw,100000,2,w2_1,947,2.735333,1.0,10,,scalar_first_exact
pg-hnsw,100000,2,w2_1,968,3.162333,1.0,10,,scalar_first_exact
pg-hnsw,100000,2,w2_1,853,2.811,1.0,10,,scalar_first_exact
pg-hnsw,100000,2,w2_1,586,2.496875,1.0,10,,scalar_first_exact
pg-hnsw,100000,2,w2_1,683,2.900334,1.0,10,,scalar_first_exact
pg-hnsw,100000,2,w2_1,108,2.385792,1.0,10,,scalar_first_exact
pg-hnsw,100000,2,w2_1,991,2.307958,1.0,10,,scalar_first_exact
pg-hnsw,100000,2,w2_1,283,1.949708,1.0,10,,scalar_first_exact
pg-hnsw,100000,2,w2_1,814,2.36975,1.0,10,,scalar_first_exact
pg-hnsw,100000,2,w2_1,946,2.5365,1.0,10,,scalar_first_exact
pg-hnsw,100000,2,w2_1,254,2.088417,1.0,10,,scalar_first_exact
pg-hnsw,100000,2,w2_1,768,2.805916,1.0,10,,scalar_first_exact
pg-hnsw,100000,2,w2_1,938,2.727375,1.0,10,,scalar_first_exact
pg-hnsw,100000,2,w2_1,760,2.311875,1.0,10,,scalar_first_exact
pg-hnsw,100000,2,w2_1,738,2.7595,1.0,10,,scalar_first_exact
pg-hnsw,100000,2,w2_1,888,2.700709,1.0,10,,scalar_first_exact
pg-hnsw,100000,2,w2_1,557,2.663167,1.0,10,,scalar_first_exact
pg-hnsw,100000,2,w2_1,662,2.807875,1.0,10,,scalar_first_exact
pg-hnsw,100000,2,w2_1,272,2.281083,1.0,10,,scalar_first_exact
pg-hnsw,100000,2,w2_1,595,2.243458,1.0,10,,scalar_first_exact
pg-hnsw,100000,2,w2_1,136,2.091375,1.0,10,,scalar_first_exact
pg-hnsw,100000,2,w2_1,694,2.541417,1.0,10,,scalar_first_exact
pg-hnsw,100000,2,w2_1,229,2.8015,1.0,10,,scalar_first_exact
pg-hnsw,100000,2,w2_1,532,2.463917,1.0,10,,scalar_first_exact
pg-hnsw,100000,2,w2_1,949,2.664791,1.0,10,,scalar_first_exact
pg-hnsw,100000,2,w2_1,520,2.496875,1.0,10,,scalar_first_exact
pg-hnsw,100000,2,w2_1,148,2.6885,1.0,10,,scalar_first_exact
pg-hnsw,100000,2,w2_1,223,2.602292,1.0,10,,scalar_first_exact
pg-hnsw,100000,2,w2_1,638,2.244333,1.0,10,,scalar_first_exact
pg-hnsw,100000,2,w2_1,626,2.241,1.0,10,,scalar_first_exact
pg-hnsw,100000,2,w2_1,656,2.499292,1.0,10,,scalar_first_exact
pg-hnsw,100000,2,w2_1,263,2.475625,1.0,10,,scalar_first_exact
pg-hnsw,100000,2,w2_1,698,2.507708,1.0,10,,scalar_first_exact
pg-hnsw,100000,2,w2_1,427,2.75975,1.0,10,,scalar_first_exact
pg-hnsw,100000,2,w2_1,924,2.287916,1.0,10,,scalar_first_exact
pg-hnsw,100000,2,w2_1,113,2.711833,1.0,10,,scalar_first_exact
pg-hnsw,100000,2,w2_1,378,2.724916,1.0,10,,scalar_first_exact
pg-hnsw,100000,2,w2_1,181,2.733458,1.0,10,,scalar_first_exact
pg-hnsw,100000,2,w2_1,752,2.225959,1.0,10,,scalar_first_exact
pg-hnsw,100000,2,w2_1,310,2.865958,1.0,10,,scalar_first_exact
pg-hnsw,100000,2,w2_1,190,2.586708,1.0,10,,scalar_first_exact
pg-hnsw,100000,2,w2_1,405,2.812958,1.0,10,,scalar_first_exact
pg-hnsw,100000,2,w2_1,287,2.444166,1.0,10,,scalar_first_exact
pg-hnsw,100000,2,w2_1,771,2.725209,1.0,10,,scalar_first_exact
pg-hnsw,100000,2,w2_1,270,2.406708,1.0,10,,scalar_first_exact
pg-hnsw,100000,2,w2_1,182,2.310125,1.0,10,,scalar_first_exact
pg-hnsw,100000,2,w2_1,921,2.08075,1.0,10,,scalar_first_exact
pg-hnsw,100000,2,w2_1,655,2.554875,1.0,10,,scalar_first_exact
pg-hnsw,100000,2,w2_1,717,2.689917,1.0,10,,scalar_first_exact
pg-hnsw,100000,2,w2_1,109,2.490041,1.0,10,,scalar_first_exact
pg-hnsw,100000,2,w2_1,601,2.079333,1.0,10,,scalar_first_exact
pg-hnsw,100000,2,w2_1,816,2.593416,1.0,10,,scalar_first_exact
pg-hnsw,100000,2,w2_1,603,2.446916,1.0,10,,scalar_first_exact
pg-hnsw,100000,2,w2_1,364,2.4465,1.0,10,,scalar_first_exact
pg-hnsw,100000,2,w2_1,967,2.782708,1.0,10,,scalar_first_exact
pg-hnsw,100000,2,w2_1,718,2.392625,1.0,10,,scalar_first_exact
pg-hnsw,100000,2,w2_1,352,2.09275,1.0,10,,scalar_first_exact
pg-hnsw,100000,2,w2_1,720,2.550875,1.0,10,,scalar_first_exact
pg-hnsw,100000,2,w2_1,450,2.564292,1.0,10,,scalar_first_exact
pg-hnsw,100000,2,w2_1,795,2.426041,1.0,10,,scalar_first_exact
pg-hnsw,100000,2,w2_1,762,2.653959,1.0,10,,scalar_first_exact
pg-hnsw,100000,2,w2_1,193,2.436167,1.0,10,,scalar_first_exact
pg-hnsw,100000,2,w2_1,944,2.087708,1.0,10,,scalar_first_exact
pg-hnsw,100000,2,w2_1,486,2.357875,1.0,10,,scalar_first_exact
pg-hnsw,100000,2,w2_1,649,2.54,1.0,10,,scalar_first_exact
pg-hnsw,100000,2,w2_1,337,2.703042,1.0,10,,scalar_first_exact
pg-hnsw,100000,2,w2_1,981,2.593458,1.0,10,,scalar_first_exact
pg-hnsw,100000,2,w2_1,999,2.130166,1.0,10,,scalar_first_exact
pg-hnsw,100000,2,w2_1,786,2.640916,1.0,10,,scalar_first_exact
pg-hnsw,100000,2,w2_1,277,3.098208,1.0,10,,scalar_first_exact
pg-hnsw,100000,2,w2_1,737,2.499959,1.0,10,,scalar_first_exact
pg-hnsw,100000,2,w2_1,591,2.455459,1.0,10,,scalar_first_exact
pg-hnsw,100000,2,w2_1,469,2.681042,1.0,10,,scalar_first_exact
pg-hnsw,100000,2,w2_1,294,2.62925,1.0,10,,scalar_first_exact
pg-hnsw,100000,2,w2_1,269,2.297125,1.0,10,,scalar_first_exact
pg-hnsw,100000,2,w2_1,456,2.264958,1.0,10,,scalar_first_exact
pg-hnsw,100000,2,w2_1,382,2.643584,1.0,10,,scalar_first_exact
pg-hnsw,100000,2,w2_1,580,2.739667,1.0,10,,scalar_first_exact
pg-hnsw,100000,2,w2_1,976,2.482959,1.0,10,,scalar_first_exact
pg-hnsw,100000,2,w2_1,643,2.398167,1.0,10,,scalar_first_exact
pg-hnsw,100000,2,w2_1,809,2.394625,1.0,10,,scalar_first_exact
pg-hnsw,100000,2,w2_1,224,3.55425,1.0,10,,scalar_first_exact
pg-hnsw,100000,2,w2_1,521,2.742167,1.0,10,,scalar_first_exact
pg-hnsw,100000,2,w2_1,647,2.623541,1.0,10,,scalar_first_exact
pg-hnsw,100000,2,w2_1,680,2.15175,1.0,10,,scalar_first_exact
pg-hnsw,100000,2,w2_1,185,2.66025,1.0,10,,scalar_first_exact
pg-hnsw,100000,2,w2_1,228,3.043958,1.0,10,,scalar_first_exact
pg-hnsw,100000,2,w2_1,100,2.8255,1.0,10,,scalar_first_exact
pg-hnsw,100000,2,w2_1,150,2.610417,1.0,10,,scalar_first_exact
pg-hnsw,100000,2,w2_1,476,2.633166,1.0,10,,scalar_first_exact
pg-hnsw,100000,2,w2_1,936,2.077959,1.0,10,,scalar_first_exact
pg-hnsw,100000,2,w2_1,315,2.536958,1.0,10,,scalar_first_exact
pg-hnsw,100000,2,w2_1,475,2.315625,1.0,10,,scalar_first_exact
pg-hnsw,100000,2,w2_1,561,2.675875,1.0,10,,scalar_first_exact
pg-hnsw,100000,2,w2_1,602,8.666625,1.0,10,,scalar_first_exact
pg-hnsw,100000,2,w2_1,411,2.691417,1.0,10,,scalar_first_exact
pg-hnsw,100000,2,w2_1,728,3.271458,1.0,10,,scalar_first_exact
pg-hnsw,100000,2,w2_1,711,2.632125,1.0,10,,scalar_first_exact
pg-hnsw,100000,2,w2_1,123,2.592875,1.0,10,,scalar_first_exact
pg-hnsw,100000,2,w2_1,208,3.538084,1.0,10,,scalar_first_exact
pg-hnsw,100000,2,w2_1,198,2.294958,1.0,10,,scalar_first_exact
pg-hnsw,100000,2,w2_1,124,2.505042,1.0,10,,scalar_first_exact
pg-hnsw,100000,2,w2_1,243,2.795458,1.0,10,,scalar_first_exact
pg-hnsw,100000,2,w2_1,982,2.372542,1.0,10,,scalar_first_exact
pg-hnsw,100000,2,w2_1,990,2.554167,1.0,10,,scalar_first_exact
pg-hnsw,100000,2,w2_1,587,3.031833,1.0,10,,scalar_first_exact
pg-hnsw,100000,2,w2_1,852,2.23075,1.0,10,,scalar_first_exact
pg-hnsw,100000,2,w2_1,676,2.385042,1.0,10,,scalar_first_exact
pg-hnsw,100000,2,w2_1,501,2.1815,1.0,10,,scalar_first_exact
pg-hnsw,100000,2,w2_1,812,3.655209,1.0,10,,scalar_first_exact
pg-hnsw,100000,2,w2_1,238,2.440708,1.0,10,,scalar_first_exact
pg-hnsw,100000,2,w2_1,775,2.89225,1.0,10,,scalar_first_exact
pg-hnsw,100000,2,w2_1,240,2.679625,1.0,10,,scalar_first_exact
pg-hnsw,100000,2,w2_1,610,2.425333,1.0,10,,scalar_first_exact
pg-hnsw,100000,2,w2_1,275,3.701667,1.0,10,,scalar_first_exact
pg-hnsw,100000,2,w2_1,204,2.962042,1.0,10,,scalar_first_exact
pg-hnsw,100000,2,w2_1,985,2.660125,1.0,10,,scalar_first_exact
pg-hnsw,100000,2,w2_1,868,2.698459,1.0,10,,scalar_first_exact
pg-hnsw,100000,2,w2_1,933,2.585791,1.0,10,,scalar_first_exact
pg-hnsw,100000,2,w2_1,529,2.399333,1.0,10,,scalar_first_exact
pg-hnsw,100000,2,w2_1,865,2.316167,1.0,10,,scalar_first_exact
pg-hnsw,100000,2,w2_1,118,3.404375,1.0,10,,scalar_first_exact
pg-hnsw,100000,2,w2_1,801,2.438875,1.0,10,,scalar_first_exact
pg-hnsw,100000,2,w2_1,544,2.34075,1.0,10,,scalar_first_exact
pg-hnsw,100000,2,w2_1,729,2.384125,1.0,10,,scalar_first_exact
pg-hnsw,100000,2,w2_1,103,2.43225,1.0,10,,scalar_first_exact
pg-hnsw,100000,2,w2_1,195,2.2825,1.0,10,,scalar_first_exact
pg-hnsw,100000,2,w2_1,203,2.597875,1.0,10,,scalar_first_exact
pg-hnsw,100000,2,w2_1,421,2.327791,1.0,10,,scalar_first_exact
pg-hnsw,100000,2,w2_1,898,2.302667,1.0,10,,scalar_first_exact
pg-hnsw,100000,2,w2_1,422,2.154625,1.0,10,,scalar_first_exact
pg-hnsw,100000,2,w2_1,754,2.269083,1.0,10,,scalar_first_exact
pg-hnsw,100000,2,w2_1,119,2.470333,1.0,10,,scalar_first_exact
pg-hnsw,100000,2,w2_1,747,2.357833,1.0,10,,scalar_first_exact
pg-hnsw,100000,2,w2_1,598,6.289625,1.0,10,,scalar_first_exact
pg-hnsw,100000,2,w2_1,369,2.543584,1.0,10,,scalar_first_exact
pg-hnsw,100000,2,w2_1,156,2.61325,1.0,10,,scalar_first_exact
pg-hnsw,100000,2,w2_1,964,2.333792,1.0,10,,scalar_first_exact
pg-hnsw,100000,2,w2_1,954,2.578458,1.0,10,,scalar_first_exact
pg-hnsw,100000,2,w2_1,567,3.084042,1.0,10,,scalar_first_exact
pg-hnsw,100000,2,w2_1,789,2.773459,1.0,10,,scalar_first_exact
pg-hnsw,100000,2,w2_1,383,2.360041,1.0,10,,scalar_first_exact
pg-hnsw,100000,2,w2_1,262,2.557708,1.0,10,,scalar_first_exact
pg-hnsw,100000,2,w2_1,480,2.244042,1.0,10,,scalar_first_exact
pg-hnsw,100000,2,w2_1,797,2.565333,1.0,10,,scalar_first_exact
pg-hnsw,100000,2,w2_1,194,2.326667,1.0,10,,scalar_first_exact
pg-hnsw,100000,2,w2_1,117,2.842959,1.0,10,,scalar_first_exact
pg-hnsw,100000,2,w2_1,533,2.862583,1.0,10,,scalar_first_exact
pg-hnsw,100000,2,w2_1,466,2.246458,1.0,10,,scalar_first_exact
pg-hnsw,100000,2,w2_1,819,2.818834,1.0,10,,scalar_first_exact
pg-hnsw,100000,2,w2_1,912,2.311042,1.0,10,,scalar_first_exact
pg-hnsw,100000,2,w2_1,392,2.480125,1.0,10,,scalar_first_exact
pg-hnsw,100000,2,w2_1,571,3.740667,1.0,10,,scalar_first_exact
pg-hnsw,100000,2,w2_1,578,2.333417,1.0,10,,scalar_first_exact
pg-hnsw,100000,2,w2_1,940,2.269125,1.0,10,,scalar_first_exact
pg-hnsw,100000,2,w2_1,589,2.401458,1.0,10,,scalar_first_exact
pg-hnsw,100000,2,w2_1,433,2.259959,1.0,10,,scalar_first_exact
pg-hnsw,100000,2,w2_1,258,1.995875,1.0,10,,scalar_first_exact
pg-hnsw,100000,2,w2_1,175,2.271458,1.0,10,,scalar_first_exact
pg-hnsw,100000,2,w2_1,257,3.546708,1.0,10,,scalar_first_exact
pg-hnsw,100000,2,w2_1,237,2.541208,1.0,10,,scalar_first_exact
pg-hnsw,100000,2,w2_1,285,2.520667,1.0,10,,scalar_first_exact
pg-hnsw,100000,2,w2_1,972,3.325542,1.0,10,,scalar_first_exact
pg-hnsw,100000,2,w2_1,158,2.26925,1.0,10,,scalar_first_exact
pg-hnsw,100000,2,w2_1,919,2.069458,1.0,10,,scalar_first_exact
pg-hnsw,100000,2,w2_1,657,2.619,1.0,10,,scalar_first_exact
pg-hnsw,100000,2,w2_1,918,2.46425,1.0,10,,scalar_first_exact
pg-hnsw,100000,2,w2_1,313,2.332958,1.0,10,,scalar_first_exact
pg-hnsw,100000,2,w2_1,650,3.46475,1.0,10,,scalar_first_exact
pg-hnsw,100000,2,w2_1,803,2.305958,1.0,10,,scalar_first_exact
pg-hnsw,100000,2,w2_1,821,2.567833,1.0,10,,scalar_first_exact
pg-hnsw,100000,2,w2_1,452,2.478625,1.0,10,,scalar_first_exact
pg-hnsw,100000,2,w2_1,684,4.330792,1.0,10,,scalar_first_exact
pg-hnsw,100000,2,w2_1,664,2.663,1.0,10,,scalar_first_exact
pg-hnsw,100000,2,w2_1,642,2.391292,1.0,10,,scalar_first_exact
pg-hnsw,100000,2,w2_1,637,2.825458,1.0,10,,scalar_first_exact
pg-hnsw,100000,2,w2_1,790,5.147541,1.0,10,,scalar_first_exact
pg-hnsw,100000,2,w2_1,214,2.904792,1.0,10,,scalar_first_exact
pg-hnsw,100000,2,w2_1,787,5.533334,1.0,10,,scalar_first_exact
pg-hnsw,100000,2,w2_1,159,2.498167,1.0,10,,scalar_first_exact
pg-hnsw,100000,2,w2_1,110,2.4245,1.0,10,,scalar_first_exact
pg-hnsw,100000,2,w2_1,457,4.856375,1.0,10,,scalar_first_exact
pg-hnsw,100000,2,w2_1,500,2.450292,1.0,10,,scalar_first_exact
pg-hnsw,100000,2,w2_1,522,3.011833,1.0,10,,scalar_first_exact
pg-hnsw,100000,2,w2_1,314,2.616,1.0,10,,scalar_first_exact
pg-hnsw,100000,2,w2_1,499,2.558208,1.0,10,,scalar_first_exact
pg-hnsw,100000,2,w2_1,813,4.573042,1.0,10,,scalar_first_exact
pg-hnsw,100000,2,w2_1,434,2.218459,1.0,10,,scalar_first_exact
pg-hnsw,100000,2,w2_1,663,4.852667,1.0,10,,scalar_first_exact
pg-hnsw,100000,2,w2_1,624,2.330125,1.0,10,,scalar_first_exact
pg-hnsw,100000,2,w2_1,907,2.400166,1.0,10,,scalar_first_exact
pg-hnsw,100000,2,w2_1,614,3.254709,1.0,10,,scalar_first_exact
pg-hnsw,100000,2,w2_1,213,2.688166,1.0,10,,scalar_first_exact
pg-hnsw,100000,2,w2_1,468,2.578041,1.0,10,,scalar_first_exact
pg-hnsw,100000,2,w2_1,347,3.642542,1.0,10,,scalar_first_exact
pg-hnsw,100000,2,w2_1,945,2.572333,1.0,10,,scalar_first_exact
pg-hnsw,100000,2,w2_1,962,2.415833,1.0,10,,scalar_first_exact
pg-hnsw,100000,2,w2_1,943,3.079333,1.0,10,,scalar_first_exact
pg-hnsw,100000,2,w2_1,721,2.365792,1.0,10,,scalar_first_exact
pg-hnsw,100000,2,w2_1,553,2.700833,1.0,10,,scalar_first_exact
pg-hnsw,100000,2,w2_1,570,3.075542,1.0,10,,scalar_first_exact
pg-hnsw,100000,2,w2_1,264,2.4835,1.0,10,,scalar_first_exact
pg-hnsw,100000,2,w2_1,336,2.359375,1.0,10,,scalar_first_exact
pg-hnsw,100000,2,w2_1,189,5.179709,1.0,10,,scalar_first_exact
pg-hnsw,100000,2,w2_1,765,2.598458,1.0,10,,scalar_first_exact
pg-hnsw,100000,2,w2_1,897,3.724791,1.0,10,,scalar_first_exact
pg-hnsw,100000,2,w2_1,309,2.610875,1.0,10,,scalar_first_exact
pg-hnsw,100000,2,w2_1,482,2.446041,1.0,10,,scalar_first_exact
pg-hnsw,100000,2,w2_1,746,3.249667,1.0,10,,scalar_first_exact
pg-hnsw,100000,2,w2_1,555,2.303,1.0,10,,scalar_first_exact
pg-hnsw,100000,2,w2_1,922,2.226917,1.0,10,,scalar_first_exact
pg-hnsw,100000,2,w2_1,800,1.985,1.0,10,,scalar_first_exact
pg-hnsw,100000,2,w2_1,490,2.427959,1.0,10,,scalar_first_exact
pg-hnsw,100000,2,w2_1,723,2.124,1.0,10,,scalar_first_exact
pg-hnsw,100000,2,w2_1,231,2.472167,1.0,10,,scalar_first_exact
pg-hnsw,100000,2,w2_1,916,2.614416,1.0,10,,scalar_first_exact
pg-hnsw,100000,2,w2_1,873,2.589417,1.0,10,,scalar_first_exact
pg-hnsw,100000,2,w2_1,416,2.482625,1.0,10,,scalar_first_exact
pg-hnsw,100000,2,w2_1,815,4.827583,1.0,10,,scalar_first_exact
pg-hnsw,100000,2,w2_1,367,2.676541,1.0,10,,scalar_first_exact
pg-hnsw,100000,2,w2_1,670,3.805583,1.0,10,,scalar_first_exact
pg-hnsw,100000,2,w2_1,365,2.182917,1.0,10,,scalar_first_exact
pg-hnsw,100000,2,w2_1,826,2.682084,1.0,10,,scalar_first_exact
pg-hnsw,100000,2,w2_1,615,2.279542,1.0,10,,scalar_first_exact
pg-hnsw,100000,2,w2_1,356,2.770791,1.0,10,,scalar_first_exact
pg-hnsw,100000,2,w2_1,850,2.650917,1.0,10,,scalar_first_exact
pg-hnsw,100000,2,w2_1,653,2.682459,1.0,10,,scalar_first_exact
pg-hnsw,100000,2,w2_1,152,2.159291,1.0,10,,scalar_first_exact
pg-hnsw,100000,2,w2_1,558,2.562208,1.0,10,,scalar_first_exact
pg-hnsw,100000,2,w2_1,628,2.838541,1.0,10,,scalar_first_exact
pg-hnsw,100000,2,w2_1,668,2.535166,1.0,10,,scalar_first_exact
pg-hnsw,100000,2,w2_1,994,2.318292,1.0,10,,scalar_first_exact
pg-hnsw,100000,2,w2_1,145,2.404833,1.0,10,,scalar_first_exact
pg-hnsw,100000,2,w2_1,939,3.730708,1.0,10,,scalar_first_exact
pg-hnsw,100000,2,w2_1,308,2.470458,1.0,10,,scalar_first_exact
pg-hnsw,100000,2,w2_1,870,2.388125,1.0,10,,scalar_first_exact
pg-hnsw,100000,2,w2_1,886,3.416667,1.0,10,,scalar_first_exact
pg-hnsw,100000,2,w2_1,403,2.309541,1.0,10,,scalar_first_exact
pg-hnsw,100000,2,w2_1,911,2.481,1.0,10,,scalar_first_exact
pg-hnsw,100000,2,w2_1,106,2.936833,1.0,10,,scalar_first_exact
pg-hnsw,100000,2,w2_1,745,2.317667,1.0,10,,scalar_first_exact
pg-hnsw,100000,2,w2_1,155,2.365583,1.0,10,,scalar_first_exact
pg-hnsw,100000,2,w2_1,807,2.471875,1.0,10,,scalar_first_exact
pg-hnsw,100000,2,w2_1,563,2.196666,1.0,10,,scalar_first_exact
pg-hnsw,100000,2,w2_1,111,2.314,1.0,10,,scalar_first_exact
pg-hnsw,100000,2,w2_1,161,4.345541,1.0,10,,scalar_first_exact
pg-hnsw,100000,2,w2_1,132,2.192708,1.0,10,,scalar_first_exact
pg-hnsw,100000,2,w2_1,414,2.381167,1.0,10,,scalar_first_exact
pg-hnsw,100000,2,w2_1,719,2.776916,1.0,10,,scalar_first_exact
pg-hnsw,100000,2,w2_1,325,2.513625,1.0,10,,scalar_first_exact
pg-hnsw,100000,2,w2_1,492,2.656125,1.0,10,,scalar_first_exact
pg-hnsw,100000,2,w2_1,909,5.18525,1.0,10,,scalar_first_exact
pg-hnsw,100000,2,w2_1,153,2.975625,1.0,10,,scalar_first_exact
pg-hnsw,100000,2,w2_1,249,2.615542,1.0,10,,scalar_first_exact
pg-hnsw,100000,2,w2_1,872,2.395083,1.0,10,,scalar_first_exact
pg-hnsw,100000,2,w2_1,360,2.21925,1.0,10,,scalar_first_exact
pg-hnsw,100000,2,w2_1,121,2.144583,1.0,10,,scalar_first_exact
pg-hnsw,100000,2,w2_1,139,2.254583,1.0,10,,scalar_first_exact
pg-hnsw,100000,2,w2_1,357,2.839708,1.0,10,,scalar_first_exact
pg-hnsw,100000,2,w2_1,769,2.351625,1.0,10,,scalar_first_exact
pg-hnsw,100000,2,w2_1,472,3.606584,1.0,10,,scalar_first_exact
pg-hnsw,100000,2,w2_1,889,2.713917,1.0,10,,scalar_first_exact
pg-hnsw,100000,2,w2_1,697,2.488833,1.0,10,,scalar_first_exact
pg-hnsw,100000,2,w2_1,260,2.856875,1.0,10,,scalar_first_exact
pg-hnsw,100000,2,w2_1,871,2.626583,1.0,10,,scalar_first_exact
pg-hnsw,100000,2,w2_1,742,3.454375,1.0,10,,scalar_first_exact
pg-hnsw,100000,2,w2_1,289,2.484459,1.0,10,,scalar_first_exact
pg-hnsw,100000,2,w2_1,551,2.347916,1.0,10,,scalar_first_exact
pg-hnsw,100000,2,w2_1,459,2.456167,1.0,10,,scalar_first_exact
pg-hnsw,100000,2,w2_1,350,2.635125,1.0,10,,scalar_first_exact
pg-hnsw,100000,2,w2_1,142,2.158,1.0,10,,scalar_first_exact
pg-hnsw,100000,2,w2_1,399,2.179042,1.0,10,,scalar_first_exact
pg-hnsw,100000,2,w2_1,374,3.755792,1.0,10,,scalar_first_exact
pg-hnsw,100000,2,w2_1,278,2.339666,1.0,10,,scalar_first_exact
pg-hnsw,100000,2,w2_1,140,2.083625,1.0,10,,scalar_first_exact
pg-hnsw,100000,2,w2_1,311,3.026125,1.0,10,,scalar_first_exact
pg-hnsw,100000,2,w2_1,926,2.558667,1.0,10,,scalar_first_exact
pg-hnsw,100000,2,w2_1,514,2.195375,1.0,10,,scalar_first_exact
pg-hnsw,100000,2,w2_1,685,2.3505,1.0,10,,scalar_first_exact
pg-hnsw,100000,2,w2_1,218,2.346417,1.0,10,,scalar_first_exact
pg-hnsw,100000,2,w2_1,485,4.14975,1.0,10,,scalar_first_exact
pg-hnsw,100000,2,w2_1,554,2.383959,1.0,10,,scalar_first_exact
pg-hnsw,100000,2,w2_1,634,2.057333,1.0,10,,scalar_first_exact
pg-hnsw,100000,2,w2_1,828,2.210583,1.0,10,,scalar_first_exact
pg-hnsw,100000,2,w2_1,890,2.246625,1.0,10,,scalar_first_exact
pg-hnsw,100000,2,w2_1,619,2.454458,1.0,10,,scalar_first_exact
pg-hnsw,100000,2,w2_1,736,2.131708,1.0,10,,scalar_first_exact
pg-hnsw,100000,2,w2_1,613,2.292916,1.0,10,,scalar_first_exact
pg-hnsw,100000,2,w2_1,295,2.008416,1.0,10,,scalar_first_exact
pg-hnsw,100000,2,w2_1,465,2.205,1.0,10,,scalar_first_exact
pg-hnsw,100000,2,w2_1,429,2.005583,1.0,10,,scalar_first_exact
pg-hnsw,100000,2,w2_1,669,1.496417,1.0,10,,scalar_first_exact
pg-hnsw,100000,2,w2_1,259,2.531625,1.0,10,,scalar_first_exact
pg-hnsw,100000,2,w2_1,751,2.566292,1.0,10,,scalar_first_exact
pg-hnsw,100000,2,w2_1,345,2.437583,1.0,10,,scalar_first_exact
pg-hnsw,100000,2,w2_1,549,2.627917,1.0,10,,scalar_first_exact
pg-hnsw,100000,2,w2_1,572,2.836208,1.0,10,,scalar_first_exact
pg-hnsw,100000,2,w2_1,358,2.307125,1.0,10,,scalar_first_exact
pg-hnsw,100000,2,w2_1,971,2.322375,1.0,10,,scalar_first_exact
pg-hnsw,100000,2,w2_1,494,2.310916,1.0,10,,scalar_first_exact
pg-hnsw,100000,2,w2_1,582,4.937834,1.0,10,,scalar_first_exact
pg-hnsw,100000,2,w2_1,593,2.276417,1.0,10,,scalar_first_exact
pg-hnsw,100000,2,w2_1,377,2.704042,1.0,10,,scalar_first_exact
pg-hnsw,100000,2,w2_1,895,2.27375,1.0,10,,scalar_first_exact
pg-hnsw,100000,2,w2_1,631,2.402875,1.0,10,,scalar_first_exact
pg-hnsw,100000,2,w2_1,296,3.052666,1.0,10,,scalar_first_exact
pg-hnsw,100000,2,w2_1,504,2.460042,1.0,10,,scalar_first_exact
pg-hnsw,100000,2,w2_1,322,2.361166,1.0,10,,scalar_first_exact
pg-hnsw,100000,2,w2_1,489,3.266167,1.0,10,,scalar_first_exact
pg-hnsw,100000,2,w2_1,822,2.281125,1.0,10,,scalar_first_exact
pg-hnsw,100000,2,w2_1,839,2.2895,1.0,10,,scalar_first_exact
pg-hnsw,100000,2,w2_1,975,2.222917,1.0,10,,scalar_first_exact
pg-hnsw,100000,2,w2_1,902,2.410458,1.0,10,,scalar_first_exact
pg-hnsw,100000,2,w2_1,903,2.435458,1.0,10,,scalar_first_exact
pg-hnsw,100000,2,w2_1,596,2.463625,1.0,10,,scalar_first_exact
pg-hnsw,100000,2,w2_1,300,3.289209,1.0,10,,scalar_first_exact
pg-hnsw,100000,2,w2_1,577,2.382209,1.0,10,,scalar_first_exact
pg-hnsw,100000,2,w2_1,622,2.315333,1.0,10,,scalar_first_exact
pg-hnsw,100000,2,w2_1,290,2.320125,1.0,10,,scalar_first_exact
pg-hnsw,100000,2,w2_1,199,2.088083,1.0,10,,scalar_first_exact
pg-hnsw,100000,2,w2_1,785,2.432917,1.0,10,,scalar_first_exact
pg-hnsw,100000,2,w2_1,435,2.268375,1.0,10,,scalar_first_exact
pg-hnsw,100000,2,w2_1,979,3.47325,1.0,10,,scalar_first_exact
pg-hnsw,100000,2,w2_1,404,2.6695,1.0,10,,scalar_first_exact
pg-hnsw,100000,2,w2_1,394,3.88525,1.0,10,,scalar_first_exact
pg-hnsw,100000,2,w2_1,526,2.496,1.0,10,,scalar_first_exact
pg-hnsw,100000,2,w2_1,495,2.197916,1.0,10,,scalar_first_exact
pg-hnsw,100000,2,w2_1,496,2.058667,1.0,10,,scalar_first_exact
pg-hnsw,100000,2,w2_1,222,2.168375,1.0,10,,scalar_first_exact
pg-hnsw,100000,2,w2_1,687,2.248417,1.0,10,,scalar_first_exact
pg-hnsw,100000,2,w2_1,138,2.374958,1.0,10,,scalar_first_exact
pg-hnsw,100000,2,w2_1,441,2.32575,1.0,10,,scalar_first_exact
pg-hnsw,100000,2,w2_1,443,2.223167,1.0,10,,scalar_first_exact
pg-hnsw,100000,2,w2_1,191,2.107959,1.0,10,,scalar_first_exact
pg-hnsw,100000,2,w2_1,173,2.326708,1.0,10,,scalar_first_exact
pg-hnsw,100000,2,w2_1,750,2.367958,1.0,10,,scalar_first_exact
pg-hnsw,100000,2,w2_1,168,2.244125,1.0,10,,scalar_first_exact
pg-hnsw,100000,2,w2_1,780,2.092791,1.0,10,,scalar_first_exact
pg-hnsw,100000,2,w2_1,355,2.002667,1.0,10,,scalar_first_exact
pg-hnsw,100000,2,w2_1,611,3.187875,1.0,10,,scalar_first_exact
pg-hnsw,100000,2,w2_1,831,2.059584,1.0,10,,scalar_first_exact
pg-hnsw,100000,2,w2_1,143,2.104709,1.0,10,,scalar_first_exact
pg-hnsw,100000,2,w2_1,446,3.361958,1.0,10,,scalar_first_exact
pg-hnsw,100000,2,w2_1,209,2.300542,1.0,10,,scalar_first_exact
pg-hnsw,100000,2,w2_1,332,2.53625,1.0,10,,scalar_first_exact
pg-hnsw,100000,2,w2_1,523,3.459709,1.0,10,,scalar_first_exact
pg-hnsw,100000,2,w2_1,749,2.025959,1.0,10,,scalar_first_exact
pg-hnsw,100000,2,w2_1,299,2.115292,1.0,10,,scalar_first_exact
pg-hnsw,100000,2,w2_1,733,2.505875,1.0,10,,scalar_first_exact
pg-hnsw,100000,2,w2_1,665,2.039792,1.0,10,,scalar_first_exact
pg-hnsw,100000,2,w2_1,163,1.810208,1.0,10,,scalar_first_exact
pg-hnsw,100000,2,w2_1,552,1.937292,1.0,10,,scalar_first_exact
pg-hnsw,100000,2,w2_1,252,1.943375,1.0,10,,scalar_first_exact
pg-hnsw,100000,2,w2_1,415,2.266333,1.0,10,,scalar_first_exact
pg-hnsw,100000,2,w2_1,328,2.587791,1.0,10,,scalar_first_exact
pg-hnsw,100000,2,w2_1,802,2.212292,1.0,10,,scalar_first_exact
pg-hnsw,100000,2,w2_1,673,5.268666,1.0,10,,scalar_first_exact
pg-hnsw,100000,2,w2_1,948,2.512209,1.0,10,,scalar_first_exact
pg-hnsw,100000,2,w2_1,794,3.035292,1.0,10,,scalar_first_exact
pg-hnsw,100000,2,w2_1,306,2.430167,1.0,10,,scalar_first_exact
pg-hnsw,100000,2,w2_1,691,2.6945,1.0,10,,scalar_first_exact
pg-hnsw,100000,2,w2_1,301,3.90025,1.0,10,,scalar_first_exact
pg-hnsw,100000,2,w2_1,672,2.199167,1.0,10,,scalar_first_exact
pg-hnsw,100000,2,w2_1,695,2.516625,1.0,10,,scalar_first_exact
pg-hnsw,100000,2,w2_1,320,2.723333,1.0,10,,scalar_first_exact
pg-hnsw,100000,2,w2_1,107,2.598084,1.0,10,,scalar_first_exact
pg-hnsw,100000,2,w2_1,333,2.417084,1.0,10,,scalar_first_exact
pg-hnsw,100000,2,w2_0_1,892,0.555792,1.0,10,,planner_filtered_query_scalar_expected
pg-hnsw,100000,2,w2_0_1,518,0.521875,1.0,10,,planner_filtered_query_scalar_expected
pg-hnsw,100000,2,w2_0_1,511,0.492,1.0,10,,planner_filtered_query_scalar_expected
pg-hnsw,100000,2,w2_0_1,162,1.491583,1.0,10,,planner_filtered_query_scalar_expected
pg-hnsw,100000,2,w2_0_1,184,0.763,1.0,10,,planner_filtered_query_scalar_expected
pg-hnsw,100000,2,w2_0_1,638,0.806583,1.0,10,,planner_filtered_query_scalar_expected
pg-hnsw,100000,2,w2_0_1,255,0.562334,1.0,10,,planner_filtered_query_scalar_expected
pg-hnsw,100000,2,w2_0_1,369,1.106875,1.0,10,,planner_filtered_query_scalar_expected
pg-hnsw,100000,2,w2_0_1,906,0.507834,1.0,10,,planner_filtered_query_scalar_expected
pg-hnsw,100000,2,w2_0_1,341,0.480625,1.0,10,,planner_filtered_query_scalar_expected
pg-hnsw,100000,2,w2_0_1,493,0.477875,1.0,10,,planner_filtered_query_scalar_expected
pg-hnsw,100000,2,w2_0_1,890,0.537584,1.0,10,,planner_filtered_query_scalar_expected
pg-hnsw,100000,2,w2_0_1,460,0.571583,1.0,10,,planner_filtered_query_scalar_expected
pg-hnsw,100000,2,w2_0_1,647,0.423292,1.0,10,,planner_filtered_query_scalar_expected
pg-hnsw,100000,2,w2_0_1,928,2.637125,1.0,10,,planner_filtered_query_scalar_expected
pg-hnsw,100000,2,w2_0_1,248,0.62275,1.0,10,,planner_filtered_query_scalar_expected
pg-hnsw,100000,2,w2_0_1,549,0.656208,1.0,10,,planner_filtered_query_scalar_expected
pg-hnsw,100000,2,w2_0_1,318,0.576625,1.0,10,,planner_filtered_query_scalar_expected
pg-hnsw,100000,2,w2_0_1,154,0.620209,1.0,10,,planner_filtered_query_scalar_expected
pg-hnsw,100000,2,w2_0_1,869,0.533334,1.0,10,,planner_filtered_query_scalar_expected
pg-hnsw,100000,2,w2_0_1,545,0.469709,1.0,10,,planner_filtered_query_scalar_expected
pg-hnsw,100000,2,w2_0_1,123,0.593459,1.0,10,,planner_filtered_query_scalar_expected
pg-hnsw,100000,2,w2_0_1,189,0.582833,1.0,10,,planner_filtered_query_scalar_expected
pg-hnsw,100000,2,w2_0_1,671,0.481583,1.0,10,,planner_filtered_query_scalar_expected
pg-hnsw,100000,2,w2_0_1,841,2.394042,1.0,10,,planner_filtered_query_scalar_expected
pg-hnsw,100000,2,w2_0_1,152,0.703,1.0,10,,planner_filtered_query_scalar_expected
pg-hnsw,100000,2,w2_0_1,980,0.604375,1.0,10,,planner_filtered_query_scalar_expected
pg-hnsw,100000,2,w2_0_1,731,0.586834,1.0,10,,planner_filtered_query_scalar_expected
pg-hnsw,100000,2,w2_0_1,315,0.524666,1.0,10,,planner_filtered_query_scalar_expected
pg-hnsw,100000,2,w2_0_1,438,0.536333,1.0,10,,planner_filtered_query_scalar_expected
pg-hnsw,100000,2,w2_0_1,570,0.523458,1.0,10,,planner_filtered_query_scalar_expected
pg-hnsw,100000,2,w2_0_1,223,0.541916,1.0,10,,planner_filtered_query_scalar_expected
pg-hnsw,100000,2,w2_0_1,499,0.602,1.0,10,,planner_filtered_query_scalar_expected
pg-hnsw,100000,2,w2_0_1,558,0.495375,1.0,10,,planner_filtered_query_scalar_expected
pg-hnsw,100000,2,w2_0_1,924,0.45975,1.0,10,,planner_filtered_query_scalar_expected
pg-hnsw,100000,2,w2_0_1,472,0.614916,1.0,10,,planner_filtered_query_scalar_expected
pg-hnsw,100000,2,w2_0_1,641,0.423333,1.0,10,,planner_filtered_query_scalar_expected
pg-hnsw,100000,2,w2_0_1,655,2.972041,1.0,10,,planner_filtered_query_scalar_expected
pg-hnsw,100000,2,w2_0_1,896,0.622708,1.0,10,,planner_filtered_query_scalar_expected
pg-hnsw,100000,2,w2_0_1,589,0.620167,1.0,10,,planner_filtered_query_scalar_expected
pg-hnsw,100000,2,w2_0_1,262,0.585292,1.0,10,,planner_filtered_query_scalar_expected
pg-hnsw,100000,2,w2_0_1,659,0.566,1.0,10,,planner_filtered_query_scalar_expected
pg-hnsw,100000,2,w2_0_1,685,0.531125,1.0,10,,planner_filtered_query_scalar_expected
pg-hnsw,100000,2,w2_0_1,714,0.550583,1.0,10,,planner_filtered_query_scalar_expected
pg-hnsw,100000,2,w2_0_1,876,0.4415,1.0,10,,planner_filtered_query_scalar_expected
pg-hnsw,100000,2,w2_0_1,969,0.587167,1.0,10,,planner_filtered_query_scalar_expected
pg-hnsw,100000,2,w2_0_1,346,0.485167,1.0,10,,planner_filtered_query_scalar_expected
pg-hnsw,100000,2,w2_0_1,930,3.452,1.0,10,,planner_filtered_query_scalar_expected
pg-hnsw,100000,2,w2_0_1,859,0.59125,1.0,10,,planner_filtered_query_scalar_expected
pg-hnsw,100000,2,w2_0_1,305,0.632291,1.0,10,,planner_filtered_query_scalar_expected
pg-hnsw,100000,2,w2_0_1,199,0.518334,1.0,10,,planner_filtered_query_scalar_expected
pg-hnsw,100000,2,w2_0_1,805,0.434792,1.0,10,,planner_filtered_query_scalar_expected
pg-hnsw,100000,2,w2_0_1,221,0.533666,1.0,10,,planner_filtered_query_scalar_expected
pg-hnsw,100000,2,w2_0_1,412,0.652834,1.0,10,,planner_filtered_query_scalar_expected
pg-hnsw,100000,2,w2_0_1,360,0.593375,1.0,10,,planner_filtered_query_scalar_expected
pg-hnsw,100000,2,w2_0_1,114,0.505292,1.0,10,,planner_filtered_query_scalar_expected
pg-hnsw,100000,2,w2_0_1,485,2.741875,1.0,10,,planner_filtered_query_scalar_expected
pg-hnsw,100000,2,w2_0_1,734,0.646125,1.0,10,,planner_filtered_query_scalar_expected
pg-hnsw,100000,2,w2_0_1,541,0.706291,1.0,10,,planner_filtered_query_scalar_expected
pg-hnsw,100000,2,w2_0_1,867,0.583083,1.0,10,,planner_filtered_query_scalar_expected
pg-hnsw,100000,2,w2_0_1,783,0.540042,1.0,10,,planner_filtered_query_scalar_expected
pg-hnsw,100000,2,w2_0_1,203,0.540167,1.0,10,,planner_filtered_query_scalar_expected
pg-hnsw,100000,2,w2_0_1,461,0.549209,1.0,10,,planner_filtered_query_scalar_expected
pg-hnsw,100000,2,w2_0_1,618,0.602917,1.0,10,,planner_filtered_query_scalar_expected
pg-hnsw,100000,2,w2_0_1,216,0.632667,1.0,10,,planner_filtered_query_scalar_expected
pg-hnsw,100000,2,w2_0_1,414,0.540708,1.0,10,,planner_filtered_query_scalar_expected
pg-hnsw,100000,2,w2_0_1,390,0.566458,1.0,10,,planner_filtered_query_scalar_expected
pg-hnsw,100000,2,w2_0_1,423,2.838667,1.0,10,,planner_filtered_query_scalar_expected
pg-hnsw,100000,2,w2_0_1,968,0.685708,1.0,10,,planner_filtered_query_scalar_expected
pg-hnsw,100000,2,w2_0_1,452,0.477375,1.0,10,,planner_filtered_query_scalar_expected
pg-hnsw,100000,2,w2_0_1,436,0.521417,1.0,10,,planner_filtered_query_scalar_expected
pg-hnsw,100000,2,w2_0_1,190,0.539708,1.0,10,,planner_filtered_query_scalar_expected
pg-hnsw,100000,2,w2_0_1,507,0.578917,1.0,10,,planner_filtered_query_scalar_expected
pg-hnsw,100000,2,w2_0_1,800,0.571417,1.0,10,,planner_filtered_query_scalar_expected
pg-hnsw,100000,2,w2_0_1,316,0.566125,1.0,10,,planner_filtered_query_scalar_expected
pg-hnsw,100000,2,w2_0_1,778,0.728042,1.0,10,,planner_filtered_query_scalar_expected
pg-hnsw,100000,2,w2_0_1,494,0.55775,1.0,10,,planner_filtered_query_scalar_expected
pg-hnsw,100000,2,w2_0_1,796,3.259166,1.0,10,,planner_filtered_query_scalar_expected
pg-hnsw,100000,2,w2_0_1,993,0.492584,1.0,10,,planner_filtered_query_scalar_expected
pg-hnsw,100000,2,w2_0_1,486,0.5455,1.0,10,,planner_filtered_query_scalar_expected
pg-hnsw,100000,2,w2_0_1,413,0.514334,1.0,10,,planner_filtered_query_scalar_expected
pg-hnsw,100000,2,w2_0_1,241,0.483209,1.0,10,,planner_filtered_query_scalar_expected
pg-hnsw,100000,2,w2_0_1,787,0.564583,1.0,10,,planner_filtered_query_scalar_expected
pg-hnsw,100000,2,w2_0_1,880,0.586041,1.0,10,,planner_filtered_query_scalar_expected
pg-hnsw,100000,2,w2_0_1,725,0.532333,1.0,10,,planner_filtered_query_scalar_expected
pg-hnsw,100000,2,w2_0_1,853,0.514584,1.0,10,,planner_filtered_query_scalar_expected
pg-hnsw,100000,2,w2_0_1,850,0.618084,1.0,10,,planner_filtered_query_scalar_expected
pg-hnsw,100000,2,w2_0_1,504,2.904042,1.0,10,,planner_filtered_query_scalar_expected
pg-hnsw,100000,2,w2_0_1,328,0.513125,1.0,10,,planner_filtered_query_scalar_expected
pg-hnsw,100000,2,w2_0_1,576,0.514542,1.0,10,,planner_filtered_query_scalar_expected
pg-hnsw,100000,2,w2_0_1,191,0.483291,1.0,10,,planner_filtered_query_scalar_expected
pg-hnsw,100000,2,w2_0_1,470,0.482792,1.0,10,,planner_filtered_query_scalar_expected
pg-hnsw,100000,2,w2_0_1,826,0.446959,1.0,10,,planner_filtered_query_scalar_expected
pg-hnsw,100000,2,w2_0_1,931,0.555125,1.0,10,,planner_filtered_query_scalar_expected
pg-hnsw,100000,2,w2_0_1,920,0.449375,1.0,10,,planner_filtered_query_scalar_expected
pg-hnsw,100000,2,w2_0_1,926,0.453834,1.0,10,,planner_filtered_query_scalar_expected
pg-hnsw,100000,2,w2_0_1,728,0.55275,1.0,10,,planner_filtered_query_scalar_expected
pg-hnsw,100000,2,w2_0_1,870,0.518,1.0,10,,planner_filtered_query_scalar_expected
pg-hnsw,100000,2,w2_0_1,503,0.556166,1.0,10,,planner_filtered_query_scalar_expected
pg-hnsw,100000,2,w2_0_1,211,3.865625,1.0,10,,planner_filtered_query_scalar_expected
pg-hnsw,100000,2,w2_0_1,732,0.743042,1.0,10,,planner_filtered_query_scalar_expected
pg-hnsw,100000,2,w2_0_1,512,0.449333,1.0,10,,planner_filtered_query_scalar_expected
pg-hnsw,100000,2,w2_0_1,687,0.694542,1.0,10,,planner_filtered_query_scalar_expected
pg-hnsw,100000,2,w2_0_1,137,0.532167,1.0,10,,planner_filtered_query_scalar_expected
pg-hnsw,100000,2,w2_0_1,276,0.5595,1.0,10,,planner_filtered_query_scalar_expected
pg-hnsw,100000,2,w2_0_1,304,0.529417,1.0,10,,planner_filtered_query_scalar_expected
pg-hnsw,100000,2,w2_0_1,308,2.838667,1.0,10,,planner_filtered_query_scalar_expected
pg-hnsw,100000,2,w2_0_1,565,0.995625,1.0,10,,planner_filtered_query_scalar_expected
pg-hnsw,100000,2,w2_0_1,983,0.608458,1.0,10,,planner_filtered_query_scalar_expected
pg-hnsw,100000,2,w2_0_1,277,0.496917,1.0,10,,planner_filtered_query_scalar_expected
pg-hnsw,100000,2,w2_0_1,505,0.610125,1.0,10,,planner_filtered_query_scalar_expected
pg-hnsw,100000,2,w2_0_1,606,0.524625,1.0,10,,planner_filtered_query_scalar_expected
pg-hnsw,100000,2,w2_0_1,124,0.557083,1.0,10,,planner_filtered_query_scalar_expected
pg-hnsw,100000,2,w2_0_1,403,0.52375,1.0,10,,planner_filtered_query_scalar_expected
pg-hnsw,100000,2,w2_0_1,285,0.426542,1.0,10,,planner_filtered_query_scalar_expected
pg-hnsw,100000,2,w2_0_1,546,0.399709,1.0,10,,planner_filtered_query_scalar_expected
pg-hnsw,100000,2,w2_0_1,979,0.525,1.0,10,,planner_filtered_query_scalar_expected
pg-hnsw,100000,2,w2_0_1,989,0.762667,1.0,10,,planner_filtered_query_scalar_expected
pg-hnsw,100000,2,w2_0_1,109,0.761125,1.0,10,,planner_filtered_query_scalar_expected
pg-hnsw,100000,2,w2_0_1,560,0.469416,1.0,10,,planner_filtered_query_scalar_expected
pg-hnsw,100000,2,w2_0_1,791,0.509541,1.0,10,,planner_filtered_query_scalar_expected
pg-hnsw,100000,2,w2_0_1,443,0.536959,1.0,10,,planner_filtered_query_scalar_expected
pg-hnsw,100000,2,w2_0_1,489,0.485167,1.0,10,,planner_filtered_query_scalar_expected
pg-hnsw,100000,2,w2_0_1,544,0.556292,1.0,10,,planner_filtered_query_scalar_expected
pg-hnsw,100000,2,w2_0_1,680,0.49,1.0,10,,planner_filtered_query_scalar_expected
pg-hnsw,100000,2,w2_0_1,387,0.539458,1.0,10,,planner_filtered_query_scalar_expected
pg-hnsw,100000,2,w2_0_1,402,0.447625,1.0,10,,planner_filtered_query_scalar_expected
pg-hnsw,100000,2,w2_0_1,257,0.477,1.0,10,,planner_filtered_query_scalar_expected
pg-hnsw,100000,2,w2_0_1,602,0.443959,1.0,10,,planner_filtered_query_scalar_expected
pg-hnsw,100000,2,w2_0_1,409,3.329416,1.0,10,,planner_filtered_query_scalar_expected
pg-hnsw,100000,2,w2_0_1,933,0.720917,1.0,10,,planner_filtered_query_scalar_expected
pg-hnsw,100000,2,w2_0_1,158,0.536416,1.0,10,,planner_filtered_query_scalar_expected
pg-hnsw,100000,2,w2_0_1,840,0.539958,1.0,10,,planner_filtered_query_scalar_expected
pg-hnsw,100000,2,w2_0_1,338,0.514167,1.0,10,,planner_filtered_query_scalar_expected
pg-hnsw,100000,2,w2_0_1,601,0.514208,1.0,10,,planner_filtered_query_scalar_expected
pg-hnsw,100000,2,w2_0_1,525,0.493958,1.0,10,,planner_filtered_query_scalar_expected
pg-hnsw,100000,2,w2_0_1,881,0.411333,1.0,10,,planner_filtered_query_scalar_expected
pg-hnsw,100000,2,w2_0_1,471,0.432042,1.0,10,,planner_filtered_query_scalar_expected
pg-hnsw,100000,2,w2_0_1,449,0.354292,1.0,10,,planner_filtered_query_scalar_expected
pg-hnsw,100000,2,w2_0_1,609,2.834667,1.0,10,,planner_filtered_query_scalar_expected
pg-hnsw,100000,2,w2_0_1,661,0.900667,1.0,10,,planner_filtered_query_scalar_expected
pg-hnsw,100000,2,w2_0_1,738,0.563958,1.0,10,,planner_filtered_query_scalar_expected
pg-hnsw,100000,2,w2_0_1,766,0.471291,1.0,10,,planner_filtered_query_scalar_expected
pg-hnsw,100000,2,w2_0_1,563,0.467167,1.0,10,,planner_filtered_query_scalar_expected
pg-hnsw,100000,2,w2_0_1,804,0.478416,1.0,10,,planner_filtered_query_scalar_expected
pg-hnsw,100000,2,w2_0_1,681,0.4945,1.0,10,,planner_filtered_query_scalar_expected
pg-hnsw,100000,2,w2_0_1,915,0.606375,1.0,10,,planner_filtered_query_scalar_expected
pg-hnsw,100000,2,w2_0_1,976,0.549,1.0,10,,planner_filtered_query_scalar_expected
pg-hnsw,100000,2,w2_0_1,160,0.429625,1.0,10,,planner_filtered_query_scalar_expected
pg-hnsw,100000,2,w2_0_1,998,0.594625,1.0,10,,planner_filtered_query_scalar_expected
pg-hnsw,100000,2,w2_0_1,386,0.528125,1.0,10,,planner_filtered_query_scalar_expected
pg-hnsw,100000,2,w2_0_1,348,0.5075,1.0,10,,planner_filtered_query_scalar_expected
pg-hnsw,100000,2,w2_0_1,266,0.372084,1.0,10,,planner_filtered_query_scalar_expected
pg-hnsw,100000,2,w2_0_1,320,1.843833,1.0,10,,planner_filtered_query_scalar_expected
pg-hnsw,100000,2,w2_0_1,478,1.235625,1.0,10,,planner_filtered_query_scalar_expected
pg-hnsw,100000,2,w2_0_1,286,0.593042,1.0,10,,planner_filtered_query_scalar_expected
pg-hnsw,100000,2,w2_0_1,521,0.574417,1.0,10,,planner_filtered_query_scalar_expected
pg-hnsw,100000,2,w2_0_1,966,0.55025,1.0,10,,planner_filtered_query_scalar_expected
pg-hnsw,100000,2,w2_0_1,941,0.595333,1.0,10,,planner_filtered_query_scalar_expected
pg-hnsw,100000,2,w2_0_1,492,0.608917,1.0,10,,planner_filtered_query_scalar_expected
pg-hnsw,100000,2,w2_0_1,344,0.615541,1.0,10,,planner_filtered_query_scalar_expected
pg-hnsw,100000,2,w2_0_1,368,3.415292,1.0,10,,planner_filtered_query_scalar_expected
pg-hnsw,100000,2,w2_0_1,914,0.503291,1.0,10,,planner_filtered_query_scalar_expected
pg-hnsw,100000,2,w2_0_1,917,0.536708,1.0,10,,planner_filtered_query_scalar_expected
pg-hnsw,100000,2,w2_0_1,712,0.564667,1.0,10,,planner_filtered_query_scalar_expected
pg-hnsw,100000,2,w2_0_1,809,0.473417,1.0,10,,planner_filtered_query_scalar_expected
pg-hnsw,100000,2,w2_0_1,862,0.588458,1.0,10,,planner_filtered_query_scalar_expected
pg-hnsw,100000,2,w2_0_1,650,0.545,1.0,10,,planner_filtered_query_scalar_expected
pg-hnsw,100000,2,w2_0_1,433,0.427875,1.0,10,,planner_filtered_query_scalar_expected
pg-hnsw,100000,2,w2_0_1,991,0.434666,1.0,10,,planner_filtered_query_scalar_expected
pg-hnsw,100000,2,w2_0_1,406,0.465667,1.0,10,,planner_filtered_query_scalar_expected
pg-hnsw,100000,2,w2_0_1,807,0.471791,1.0,10,,planner_filtered_query_scalar_expected
pg-hnsw,100000,2,w2_0_1,723,0.4195,1.0,10,,planner_filtered_query_scalar_expected
pg-hnsw,100000,2,w2_0_1,959,0.486,1.0,10,,planner_filtered_query_scalar_expected
pg-hnsw,100000,2,w2_0_1,105,0.483792,1.0,10,,planner_filtered_query_scalar_expected
pg-hnsw,100000,2,w2_0_1,961,0.421667,1.0,10,,planner_filtered_query_scalar_expected
pg-hnsw,100000,2,w2_0_1,217,0.468084,1.0,10,,planner_filtered_query_scalar_expected
pg-hnsw,100000,2,w2_0_1,432,0.496834,1.0,10,,planner_filtered_query_scalar_expected
pg-hnsw,100000,2,w2_0_1,153,0.404916,1.0,10,,planner_filtered_query_scalar_expected
pg-hnsw,100000,2,w2_0_1,847,0.453333,1.0,10,,planner_filtered_query_scalar_expected
pg-hnsw,100000,2,w2_0_1,306,0.437958,1.0,10,,planner_filtered_query_scalar_expected
pg-hnsw,100000,2,w2_0_1,755,0.48325,1.0,10,,planner_filtered_query_scalar_expected
pg-hnsw,100000,2,w2_0_1,407,0.412333,1.0,10,,planner_filtered_query_scalar_expected
pg-hnsw,100000,2,w2_0_1,366,0.54775,1.0,10,,planner_filtered_query_scalar_expected
pg-hnsw,100000,2,w2_0_1,204,0.558125,1.0,10,,planner_filtered_query_scalar_expected
pg-hnsw,100000,2,w2_0_1,762,0.507125,1.0,10,,planner_filtered_query_scalar_expected
pg-hnsw,100000,2,w2_0_1,367,0.569292,1.0,10,,planner_filtered_query_scalar_expected
pg-hnsw,100000,2,w2_0_1,947,0.437416,1.0,10,,planner_filtered_query_scalar_expected
pg-hnsw,100000,2,w2_0_1,201,0.496958,1.0,10,,planner_filtered_query_scalar_expected
pg-hnsw,100000,2,w2_0_1,372,0.495333,1.0,10,,planner_filtered_query_scalar_expected
pg-hnsw,100000,2,w2_0_1,465,0.437833,1.0,10,,planner_filtered_query_scalar_expected
pg-hnsw,100000,2,w2_0_1,721,0.462625,1.0,10,,planner_filtered_query_scalar_expected
pg-hnsw,100000,2,w2_0_1,428,0.385166,1.0,10,,planner_filtered_query_scalar_expected
pg-hnsw,100000,2,w2_0_1,757,0.497792,1.0,10,,planner_filtered_query_scalar_expected
pg-hnsw,100000,2,w2_0_1,636,0.476917,1.0,10,,planner_filtered_query_scalar_expected
pg-hnsw,100000,2,w2_0_1,273,0.511291,1.0,10,,planner_filtered_query_scalar_expected
pg-hnsw,100000,2,w2_0_1,595,0.4395,1.0,10,,planner_filtered_query_scalar_expected
pg-hnsw,100000,2,w2_0_1,962,0.492333,1.0,10,,planner_filtered_query_scalar_expected
pg-hnsw,100000,2,w2_0_1,679,0.398333,1.0,10,,planner_filtered_query_scalar_expected
pg-hnsw,100000,2,w2_0_1,522,0.440459,1.0,10,,planner_filtered_query_scalar_expected
pg-hnsw,100000,2,w2_0_1,381,0.444625,1.0,10,,planner_filtered_query_scalar_expected
pg-hnsw,100000,2,w2_0_1,138,0.427042,1.0,10,,planner_filtered_query_scalar_expected
pg-hnsw,100000,2,w2_0_1,946,0.406709,1.0,10,,planner_filtered_query_scalar_expected
pg-hnsw,100000,2,w2_0_1,121,0.479541,1.0,10,,planner_filtered_query_scalar_expected
pg-hnsw,100000,2,w2_0_1,583,0.502917,1.0,10,,planner_filtered_query_scalar_expected
pg-hnsw,100000,2,w2_0_1,524,0.538208,1.0,10,,planner_filtered_query_scalar_expected
pg-hnsw,100000,2,w2_0_1,852,0.489167,1.0,10,,planner_filtered_query_scalar_expected
pg-hnsw,100000,2,w2_0_1,358,0.445542,1.0,10,,planner_filtered_query_scalar_expected
pg-hnsw,100000,2,w2_0_1,918,0.423417,1.0,10,,planner_filtered_query_scalar_expected
pg-hnsw,100000,2,w2_0_1,639,0.373541,1.0,10,,planner_filtered_query_scalar_expected
pg-hnsw,100000,2,w2_0_1,586,0.490791,1.0,10,,planner_filtered_query_scalar_expected
pg-hnsw,100000,2,w2_0_1,613,0.429,1.0,10,,planner_filtered_query_scalar_expected
pg-hnsw,100000,2,w2_0_1,894,0.625458,1.0,10,,planner_filtered_query_scalar_expected
pg-hnsw,100000,2,w2_0_1,977,0.560291,1.0,10,,planner_filtered_query_scalar_expected
pg-hnsw,100000,2,w2_0_1,496,0.45925,1.0,10,,planner_filtered_query_scalar_expected
pg-hnsw,100000,2,w2_0_1,701,0.495,1.0,10,,planner_filtered_query_scalar_expected
pg-hnsw,100000,2,w2_0_1,415,0.451667,1.0,10,,planner_filtered_query_scalar_expected
pg-hnsw,100000,2,w2_0_1,929,0.441416,1.0,10,,planner_filtered_query_scalar_expected
pg-hnsw,100000,2,w2_0_1,715,0.492459,1.0,10,,planner_filtered_query_scalar_expected
pg-hnsw,100000,2,w2_0_1,708,0.449584,1.0,10,,planner_filtered_query_scalar_expected
pg-hnsw,100000,2,w2_0_1,821,0.43425,1.0,10,,planner_filtered_query_scalar_expected
pg-hnsw,100000,2,w2_0_1,635,0.464416,1.0,10,,planner_filtered_query_scalar_expected
pg-hnsw,100000,2,w2_0_1,209,0.462625,1.0,10,,planner_filtered_query_scalar_expected
pg-hnsw,100000,2,w2_0_1,935,0.555333,1.0,10,,planner_filtered_query_scalar_expected
pg-hnsw,100000,2,w2_0_1,831,0.664166,1.0,10,,planner_filtered_query_scalar_expected
pg-hnsw,100000,2,w2_0_1,684,0.768,1.0,10,,planner_filtered_query_scalar_expected
pg-hnsw,100000,2,w2_0_1,832,0.495167,1.0,10,,planner_filtered_query_scalar_expected
pg-hnsw,100000,2,w2_0_1,466,0.432625,1.0,10,,planner_filtered_query_scalar_expected
pg-hnsw,100000,2,w2_0_1,479,0.42575,1.0,10,,planner_filtered_query_scalar_expected
pg-hnsw,100000,2,w2_0_1,739,0.486959,1.0,10,,planner_filtered_query_scalar_expected
pg-hnsw,100000,2,w2_0_1,429,0.492875,1.0,10,,planner_filtered_query_scalar_expected
pg-hnsw,100000,2,w2_0_1,574,0.526167,1.0,10,,planner_filtered_query_scalar_expected
pg-hnsw,100000,2,w2_0_1,396,0.505333,1.0,10,,planner_filtered_query_scalar_expected
pg-hnsw,100000,2,w2_0_1,654,0.421958,1.0,10,,planner_filtered_query_scalar_expected
pg-hnsw,100000,2,w2_0_1,401,0.641833,1.0,10,,planner_filtered_query_scalar_expected
pg-hnsw,100000,2,w2_0_1,171,0.709167,1.0,10,,planner_filtered_query_scalar_expected
pg-hnsw,100000,2,w2_0_1,742,0.56675,1.0,10,,planner_filtered_query_scalar_expected
pg-hnsw,100000,2,w2_0_1,288,0.53375,1.0,10,,planner_filtered_query_scalar_expected
pg-hnsw,100000,2,w2_0_1,868,2.420958,1.0,10,,planner_filtered_query_scalar_expected
pg-hnsw,100000,2,w2_0_1,176,0.689625,1.0,10,,planner_filtered_query_scalar_expected
pg-hnsw,100000,2,w2_0_1,389,0.5465,1.0,10,,planner_filtered_query_scalar_expected
pg-hnsw,100000,2,w2_0_1,202,0.5625,1.0,10,,planner_filtered_query_scalar_expected
pg-hnsw,100000,2,w2_0_1,228,0.522084,1.0,10,,planner_filtered_query_scalar_expected
pg-hnsw,100000,2,w2_0_1,643,0.440209,1.0,10,,planner_filtered_query_scalar_expected
pg-hnsw,100000,2,w2_0_1,538,0.53025,1.0,10,,planner_filtered_query_scalar_expected
pg-hnsw,100000,2,w2_0_1,801,0.604042,1.0,10,,planner_filtered_query_scalar_expected
pg-hnsw,100000,2,w2_0_1,640,0.5355,1.0,10,,planner_filtered_query_scalar_expected
pg-hnsw,100000,2,w2_0_1,765,0.511125,1.0,10,,planner_filtered_query_scalar_expected
pg-hnsw,100000,2,w2_0_1,146,0.512833,1.0,10,,planner_filtered_query_scalar_expected
pg-hnsw,100000,2,w2_0_1,272,0.447208,1.0,10,,planner_filtered_query_scalar_expected
pg-hnsw,100000,2,w2_0_1,437,0.404833,1.0,10,,planner_filtered_query_scalar_expected
pg-hnsw,100000,2,w2_0_1,310,3.223625,1.0,10,,planner_filtered_query_scalar_expected
pg-hnsw,100000,2,w2_0_1,502,0.629792,1.0,10,,planner_filtered_query_scalar_expected
pg-hnsw,100000,2,w2_0_1,326,0.524708,1.0,10,,planner_filtered_query_scalar_expected
pg-hnsw,100000,2,w2_0_1,785,0.559208,1.0,10,,planner_filtered_query_scalar_expected
pg-hnsw,100000,2,w2_0_1,726,2.666084,1.0,10,,planner_filtered_query_scalar_expected
pg-hnsw,100000,2,w2_0_1,335,1.267709,1.0,10,,planner_filtered_query_scalar_expected
pg-hnsw,100000,2,w2_0_1,879,0.537083,1.0,10,,planner_filtered_query_scalar_expected
pg-hnsw,100000,2,w2_0_1,744,0.4365,1.0,10,,planner_filtered_query_scalar_expected
pg-hnsw,100000,2,w2_0_1,388,0.473792,1.0,10,,planner_filtered_query_scalar_expected
pg-hnsw,100000,2,w2_0_1,824,0.483875,1.0,10,,planner_filtered_query_scalar_expected
pg-hnsw,100000,2,w2_0_1,675,0.506583,1.0,10,,planner_filtered_query_scalar_expected
pg-hnsw,100000,2,w2_0_1,373,0.549458,1.0,10,,planner_filtered_query_scalar_expected
pg-hnsw,100000,2,w2_0_1,416,0.433208,1.0,10,,planner_filtered_query_scalar_expected
pg-hnsw,100000,2,w2_0_1,652,0.591542,1.0,10,,planner_filtered_query_scalar_expected
pg-hnsw,100000,2,w2_0_1,106,0.630833,1.0,10,,planner_filtered_query_scalar_expected
pg-hnsw,100000,2,w2_0_1,249,0.574917,1.0,10,,planner_filtered_query_scalar_expected
pg-hnsw,100000,2,w2_0_1,185,0.522042,1.0,10,,planner_filtered_query_scalar_expected
pg-hnsw,100000,2,w2_0_1,120,0.6295,1.0,10,,planner_filtered_query_scalar_expected
pg-hnsw,100000,2,w2_0_1,960,0.537542,1.0,10,,planner_filtered_query_scalar_expected
pg-hnsw,100000,2,w2_0_1,122,0.503667,1.0,10,,planner_filtered_query_scalar_expected
pg-hnsw,100000,2,w2_0_1,745,2.368958,1.0,10,,planner_filtered_query_scalar_expected
pg-hnsw,100000,2,w2_0_1,302,0.687083,1.0,10,,planner_filtered_query_scalar_expected
pg-hnsw,100000,2,w2_0_1,274,0.716208,1.0,10,,planner_filtered_query_scalar_expected
pg-hnsw,100000,2,w2_0_1,361,0.558792,1.0,10,,planner_filtered_query_scalar_expected
pg-hnsw,100000,2,w2_0_1,117,0.578209,1.0,10,,planner_filtered_query_scalar_expected
pg-hnsw,100000,2,w2_0_1,951,0.521209,1.0,10,,planner_filtered_query_scalar_expected
pg-hnsw,100000,2,w2_0_1,112,0.504084,1.0,10,,planner_filtered_query_scalar_expected
pg-hnsw,100000,2,w2_0_1,497,0.529583,1.0,10,,planner_filtered_query_scalar_expected
pg-hnsw,100000,2,w2_0_1,884,0.440667,1.0,10,,planner_filtered_query_scalar_expected
pg-hnsw,100000,2,w2_0_1,180,0.48175,1.0,10,,planner_filtered_query_scalar_expected
pg-hnsw,100000,2,w2_0_1,812,3.366875,1.0,10,,planner_filtered_query_scalar_expected
pg-hnsw,100000,2,w2_0_1,830,0.939708,1.0,10,,planner_filtered_query_scalar_expected
pg-hnsw,100000,2,w2_0_1,311,0.597833,1.0,10,,planner_filtered_query_scalar_expected
pg-hnsw,100000,2,w2_0_1,786,0.475583,1.0,10,,planner_filtered_query_scalar_expected
pg-hnsw,100000,2,w2_0_1,487,0.522917,1.0,10,,planner_filtered_query_scalar_expected
pg-hnsw,100000,2,w2_0_1,973,0.562375,1.0,10,,planner_filtered_query_scalar_expected
pg-hnsw,100000,2,w2_0_1,351,0.735209,1.0,10,,planner_filtered_query_scalar_expected
pg-hnsw,100000,2,w2_0_1,759,0.600666,1.0,10,,planner_filtered_query_scalar_expected
pg-hnsw,100000,2,w2_0_1,844,0.533833,1.0,10,,planner_filtered_query_scalar_expected
pg-hnsw,100000,2,w2_0_1,405,0.456292,1.0,10,,planner_filtered_query_scalar_expected
pg-hnsw,100000,2,w2_0_1,206,4.863625,1.0,10,,planner_filtered_query_scalar_expected
pg-hnsw,100000,2,w2_0_1,213,0.666959,1.0,10,,planner_filtered_query_scalar_expected
pg-hnsw,100000,2,w2_0_1,873,0.541167,1.0,10,,planner_filtered_query_scalar_expected
pg-hnsw,100000,2,w2_0_1,648,0.549583,1.0,10,,planner_filtered_query_scalar_expected
pg-hnsw,100000,2,w2_0_1,794,0.449625,1.0,10,,planner_filtered_query_scalar_expected
pg-hnsw,100000,2,w2_0_1,447,0.479792,1.0,10,,planner_filtered_query_scalar_expected
pg-hnsw,100000,2,w2_0_1,116,0.477042,1.0,10,,planner_filtered_query_scalar_expected
pg-hnsw,100000,2,w2_0_1,535,0.474166,1.0,10,,planner_filtered_query_scalar_expected
pg-hnsw,100000,2,w2_0_1,411,3.239041,1.0,10,,planner_filtered_query_scalar_expected
pg-hnsw,100000,2,w2_0_1,475,0.814125,1.0,10,,planner_filtered_query_scalar_expected
pg-hnsw,100000,2,w2_0_1,458,0.602833,1.0,10,,planner_filtered_query_scalar_expected
pg-hnsw,100000,2,w2_0_1,716,0.581084,1.0,10,,planner_filtered_query_scalar_expected
pg-hnsw,100000,2,w2_0_1,614,0.570208,1.0,10,,planner_filtered_query_scalar_expected
pg-hnsw,100000,2,w2_0_1,674,0.606708,1.0,10,,planner_filtered_query_scalar_expected
pg-hnsw,100000,2,w2_0_1,252,0.550792,1.0,10,,planner_filtered_query_scalar_expected
pg-hnsw,100000,2,w2_0_1,179,0.486667,1.0,10,,planner_filtered_query_scalar_expected
pg-hnsw,100000,2,w2_0_1,899,0.631417,1.0,10,,planner_filtered_query_scalar_expected
pg-hnsw,100000,2,w2_0_1,938,3.59075,1.0,10,,planner_filtered_query_scalar_expected
pg-hnsw,100000,2,w2_0_1,581,0.591458,1.0,10,,planner_filtered_query_scalar_expected
pg-hnsw,100000,2,w2_0_1,971,0.496959,1.0,10,,planner_filtered_query_scalar_expected
pg-hnsw,100000,2,w2_0_1,550,0.554292,1.0,10,,planner_filtered_query_scalar_expected
pg-hnsw,100000,2,w2_0_1,656,0.609375,1.0,10,,planner_filtered_query_scalar_expected
pg-hnsw,100000,2,w2_0_1,457,0.620292,1.0,10,,planner_filtered_query_scalar_expected
pg-hnsw,100000,2,w2_0_1,519,0.479167,1.0,10,,planner_filtered_query_scalar_expected
pg-hnsw,100000,2,w2_0_1,226,0.596667,1.0,10,,planner_filtered_query_scalar_expected
pg-hnsw,100000,2,w2_0_1,169,3.467125,1.0,10,,planner_filtered_query_scalar_expected
pg-hnsw,100000,2,w2_0_1,837,0.66475,1.0,10,,planner_filtered_query_scalar_expected
pg-hnsw,100000,2,w2_0_1,111,0.514916,1.0,10,,planner_filtered_query_scalar_expected
pg-hnsw,100000,2,w2_0_1,337,0.499541,1.0,10,,planner_filtered_query_scalar_expected
pg-hnsw,100000,2,w2_0_1,727,0.438791,1.0,10,,planner_filtered_query_scalar_expected
pg-hnsw,100000,2,w2_0_1,118,0.533541,1.0,10,,planner_filtered_query_scalar_expected
pg-hnsw,100000,2,w2_0_1,653,0.461708,1.0,10,,planner_filtered_query_scalar_expected
pg-hnsw,100000,2,w2_0_1,135,0.504167,1.0,10,,planner_filtered_query_scalar_expected
pg-hnsw,100000,2,w2_0_1,495,0.507291,1.0,10,,planner_filtered_query_scalar_expected
pg-hnsw,100000,2,w2_0_1,724,0.55425,1.0,10,,planner_filtered_query_scalar_expected
pg-hnsw,100000,2,w2_0_1,359,0.43925,1.0,10,,planner_filtered_query_scalar_expected
pg-hnsw,100000,2,w2_0_1,779,3.4005,1.0,10,,planner_filtered_query_scalar_expected
pg-hnsw,100000,2,w2_0_1,577,0.530125,1.0,10,,planner_filtered_query_scalar_expected
pg-hnsw,100000,2,w2_0_1,256,0.471625,1.0,10,,planner_filtered_query_scalar_expected
pg-hnsw,100000,2,w2_0_1,630,0.549791,1.0,10,,planner_filtered_query_scalar_expected
pg-hnsw,100000,2,w2_0_1,132,0.52575,1.0,10,,planner_filtered_query_scalar_expected
pg-hnsw,100000,2,w2_0_1,590,0.724458,1.0,10,,planner_filtered_query_scalar_expected
pg-hnsw,100000,2,w2_0_1,174,0.577875,1.0,10,,planner_filtered_query_scalar_expected
pg-hnsw,100000,2,w2_0_1,508,0.536917,1.0,10,,planner_filtered_query_scalar_expected
pg-hnsw,100000,2,w2_0_1,572,0.492792,1.0,10,,planner_filtered_query_scalar_expected
pg-hnsw,100000,2,w2_0_1,408,0.472875,1.0,10,,planner_filtered_query_scalar_expected
pg-hnsw,100000,2,w2_0_1,663,4.4145,1.0,10,,planner_filtered_query_scalar_expected
pg-hnsw,100000,2,w2_0_1,693,0.62025,1.0,10,,planner_filtered_query_scalar_expected
pg-hnsw,100000,2,w2_0_1,649,0.500792,1.0,10,,planner_filtered_query_scalar_expected
pg-hnsw,100000,2,w2_0_1,446,3.302834,1.0,10,,planner_filtered_query_scalar_expected
pg-hnsw,100000,2,w2_0_1,666,0.484375,1.0,10,,planner_filtered_query_scalar_expected
pg-hnsw,100000,2,w2_0_1,803,0.438208,1.0,10,,planner_filtered_query_scalar_expected
pg-hnsw,100000,2,w2_0_1,229,0.37375,1.0,10,,planner_filtered_query_scalar_expected
pg-hnsw,100000,2,w2_0_1,562,0.38325,1.0,10,,planner_filtered_query_scalar_expected
pg-hnsw,100000,2,w2_0_1,611,0.44425,1.0,10,,planner_filtered_query_scalar_expected
pg-hnsw,100000,2,w2_0_1,754,0.431625,1.0,10,,planner_filtered_query_scalar_expected
pg-hnsw,100000,2,w2_0_1,799,0.470125,1.0,10,,planner_filtered_query_scalar_expected
pg-hnsw,100000,2,w2_0_1,540,0.512833,1.0,10,,planner_filtered_query_scalar_expected
pg-hnsw,100000,2,w2_0_1,385,0.454583,1.0,10,,planner_filtered_query_scalar_expected
pg-hnsw,100000,2,w2_0_1,275,0.573,1.0,10,,planner_filtered_query_scalar_expected
pg-hnsw,100000,2,w2_0_1,688,0.457333,1.0,10,,planner_filtered_query_scalar_expected
pg-hnsw,100000,2,w2_0_1,539,0.802625,1.0,10,,planner_filtered_query_scalar_expected
pg-hnsw,100000,2,w2_0_1,350,0.6265,1.0,10,,planner_filtered_query_scalar_expected
pg-hnsw,100000,2,w2_0_1,897,0.668792,1.0,10,,planner_filtered_query_scalar_expected
pg-hnsw,100000,2,w2_0_1,948,0.509125,1.0,10,,planner_filtered_query_scalar_expected
pg-hnsw,100000,2,w2_0_1,212,3.107917,1.0,10,,planner_filtered_query_scalar_expected
pg-hnsw,100000,2,w2_0_1,610,0.829125,1.0,10,,planner_filtered_query_scalar_expected
pg-hnsw,100000,2,w2_0_1,645,0.476875,1.0,10,,planner_filtered_query_scalar_expected
pg-hnsw,100000,2,w2_0_1,797,0.416208,1.0,10,,planner_filtered_query_scalar_expected
pg-hnsw,100000,2,w2_0_1,419,0.408,1.0,10,,planner_filtered_query_scalar_expected
pg-hnsw,100000,2,w2_0_1,621,0.457458,1.0,10,,planner_filtered_query_scalar_expected
pg-hnsw,100000,2,w2_0_1,988,0.434625,1.0,10,,planner_filtered_query_scalar_expected
pg-hnsw,100000,2,w2_0_1,877,0.451,1.0,10,,planner_filtered_query_scalar_expected
pg-hnsw,100000,2,w2_0_1,756,0.427833,1.0,10,,planner_filtered_query_scalar_expected
pg-hnsw,100000,2,w2_0_1,322,0.425209,1.0,10,,planner_filtered_query_scalar_expected
pg-hnsw,100000,2,w2_0_1,214,4.586375,1.0,10,,planner_filtered_query_scalar_expected
pg-hnsw,100000,2,w2_0_1,553,0.628708,1.0,10,,planner_filtered_query_scalar_expected
pg-hnsw,100000,2,w2_0_1,163,0.520792,1.0,10,,planner_filtered_query_scalar_expected
pg-hnsw,100000,2,w2_0_1,888,0.583875,1.0,10,,planner_filtered_query_scalar_expected
pg-hnsw,100000,2,w2_0_1,806,0.522958,1.0,10,,planner_filtered_query_scalar_expected
pg-hnsw,100000,2,w2_0_1,208,0.533916,1.0,10,,planner_filtered_query_scalar_expected
pg-hnsw,100000,2,w2_0_1,678,0.570083,1.0,10,,planner_filtered_query_scalar_expected
pg-hnsw,100000,2,w2_0_1,811,0.537833,1.0,10,,planner_filtered_query_scalar_expected
pg-hnsw,100000,2,w2_0_1,925,0.511042,1.0,10,,planner_filtered_query_scalar_expected
pg-hnsw,100000,2,w2_0_1,790,3.673709,1.0,10,,planner_filtered_query_scalar_expected
pg-hnsw,100000,2,w2_0_1,175,0.687958,1.0,10,,planner_filtered_query_scalar_expected
pg-hnsw,100000,2,w2_0_1,737,0.521041,1.0,10,,planner_filtered_query_scalar_expected
pg-hnsw,100000,2,w2_0_1,882,0.522625,1.0,10,,planner_filtered_query_scalar_expected
pg-hnsw,100000,2,w2_0_1,157,0.541792,1.0,10,,planner_filtered_query_scalar_expected
pg-hnsw,100000,2,w2_0_1,761,0.555166,1.0,10,,planner_filtered_query_scalar_expected
pg-hnsw,100000,2,w2_0_1,901,0.491709,1.0,10,,planner_filtered_query_scalar_expected
pg-hnsw,100000,2,w2_0_1,940,0.474,1.0,10,,planner_filtered_query_scalar_expected
pg-hnsw,100000,2,w2_0_1,921,0.593834,1.0,10,,planner_filtered_query_scalar_expected
pg-hnsw,100000,2,w2_0_1,730,3.118917,1.0,10,,planner_filtered_query_scalar_expected
pg-hnsw,100000,2,w2_0_1,100,0.666834,1.0,10,,planner_filtered_query_scalar_expected
pg-hnsw,100000,2,w2_0_1,476,0.585375,1.0,10,,planner_filtered_query_scalar_expected
pg-hnsw,100000,2,w2_0_1,828,0.615458,1.0,10,,planner_filtered_query_scalar_expected
pg-hnsw,100000,2,w2_0_1,352,0.549833,1.0,10,,planner_filtered_query_scalar_expected
pg-hnsw,100000,2,w2_0_1,982,0.505834,1.0,10,,planner_filtered_query_scalar_expected
pg-hnsw,100000,2,w2_0_1,605,0.433834,1.0,10,,planner_filtered_query_scalar_expected
pg-hnsw,100000,2,w2_0_1,768,0.477709,1.0,10,,planner_filtered_query_scalar_expected
pg-hnsw,100000,2,w2_0_1,150,0.53075,1.0,10,,planner_filtered_query_scalar_expected
pg-hnsw,100000,2,w2_0_1,261,0.540208,1.0,10,,planner_filtered_query_scalar_expected
pg-hnsw,100000,2,w2_0_1,992,2.568416,1.0,10,,planner_filtered_query_scalar_expected
pg-hnsw,100000,2,w2_0_1,834,0.670084,1.0,10,,planner_filtered_query_scalar_expected
pg-hnsw,100000,2,w2_0_1,967,0.600417,1.0,10,,planner_filtered_query_scalar_expected
pg-hnsw,100000,2,w2_0_1,269,0.561834,1.0,10,,planner_filtered_query_scalar_expected
pg-hnsw,100000,2,w2_0_1,391,0.530042,1.0,10,,planner_filtered_query_scalar_expected
pg-hnsw,100000,2,w2_0_1,349,0.638834,1.0,10,,planner_filtered_query_scalar_expected
pg-hnsw,100000,2,w2_0_1,239,0.74425,1.0,10,,planner_filtered_query_scalar_expected
pg-hnsw,100000,2,w2_0_1,626,0.581,1.0,10,,planner_filtered_query_scalar_expected
pg-hnsw,100000,2,w2_0_1,773,0.550125,1.0,10,,planner_filtered_query_scalar_expected
pg-hnsw,100000,2,w2_0_1,950,0.5495,1.0,10,,planner_filtered_query_scalar_expected
pg-hnsw,100000,2,w2_0_1,909,0.522875,1.0,10,,planner_filtered_query_scalar_expected
pg-hnsw,100000,2,w2_0_1,143,0.549958,1.0,10,,planner_filtered_query_scalar_expected
pg-hnsw,100000,2,w2_0_1,258,0.564875,1.0,10,,planner_filtered_query_scalar_expected
pg-hnsw,100000,2,w2_0_1,131,0.574167,1.0,10,,planner_filtered_query_scalar_expected
pg-hnsw,100000,2,w2_0_1,235,0.549375,1.0,10,,planner_filtered_query_scalar_expected
pg-hnsw,100000,2,w2_0_1,698,0.561375,1.0,10,,planner_filtered_query_scalar_expected
pg-hnsw,100000,2,w2_0_1,141,1.960625,1.0,10,,planner_filtered_query_scalar_expected
pg-hnsw,100000,2,w2_0_1,283,0.749583,1.0,10,,planner_filtered_query_scalar_expected
pg-hnsw,100000,2,w2_0_1,528,0.531583,1.0,10,,planner_filtered_query_scalar_expected
pg-hnsw,100000,2,w2_0_1,573,0.556417,1.0,10,,planner_filtered_query_scalar_expected
pg-hnsw,100000,2,w2_0_1,555,0.598541,1.0,10,,planner_filtered_query_scalar_expected
pg-hnsw,100000,2,w2_0_1,970,0.522416,1.0,10,,planner_filtered_query_scalar_expected
pg-hnsw,100000,2,w2_0_1,173,0.662292,1.0,10,,planner_filtered_query_scalar_expected
pg-hnsw,100000,2,w2_0_1,284,0.577666,1.0,10,,planner_filtered_query_scalar_expected
pg-hnsw,100000,2,w2_0_1,987,1.023709,1.0,10,,planner_filtered_query_scalar_expected
pg-hnsw,100000,2,w2_0_1,127,0.681667,1.0,10,,planner_filtered_query_scalar_expected
pg-hnsw,100000,2,w2_0_1,658,0.557375,1.0,10,,planner_filtered_query_scalar_expected
pg-hnsw,100000,2,w2_0_1,784,0.488208,1.0,10,,planner_filtered_query_scalar_expected
pg-hnsw,100000,2,w2_0_1,426,0.565542,1.0,10,,planner_filtered_query_scalar_expected
pg-hnsw,100000,2,w2_0_1,253,0.497875,1.0,10,,planner_filtered_query_scalar_expected
pg-hnsw,100000,2,w2_0_1,910,0.637542,1.0,10,,planner_filtered_query_scalar_expected
pg-hnsw,100000,2,w2_0_1,246,0.700875,1.0,10,,planner_filtered_query_scalar_expected
pg-hnsw,100000,2,w2_0_1,139,0.599584,1.0,10,,planner_filtered_query_scalar_expected
pg-hnsw,100000,2,w2_0_1,282,0.559833,1.0,10,,planner_filtered_query_scalar_expected
pg-hnsw,100000,2,w2_0_1,776,0.538541,1.0,10,,planner_filtered_query_scalar_expected
pg-hnsw,100000,2,w2_0_1,676,3.819292,1.0,10,,planner_filtered_query_scalar_expected
pg-hnsw,100000,2,w2_0_1,533,0.688333,1.0,10,,planner_filtered_query_scalar_expected
pg-hnsw,100000,2,w2_0_1,722,0.538167,1.0,10,,planner_filtered_query_scalar_expected
pg-hnsw,100000,2,w2_0_1,902,0.438416,1.0,10,,planner_filtered_query_scalar_expected
pg-hnsw,100000,2,w2_0_1,905,0.480375,1.0,10,,planner_filtered_query_scalar_expected
pg-hnsw,100000,2,w2_0_1,997,0.504583,1.0,10,,planner_filtered_query_scalar_expected
pg-hnsw,100000,2,w2_0_1,696,0.61225,1.0,10,,planner_filtered_query_scalar_expected
pg-hnsw,100000,2,w2_0_1,484,0.503625,1.0,10,,planner_filtered_query_scalar_expected
pg-hnsw,100000,2,w2_0_1,232,0.601125,1.0,10,,planner_filtered_query_scalar_expected
pg-hnsw,100000,2,w2_0_1,299,3.317917,1.0,10,,planner_filtered_query_scalar_expected
pg-hnsw,100000,2,w2_0_1,750,0.669125,1.0,10,,planner_filtered_query_scalar_expected
pg-hnsw,100000,2,w2_0_1,462,0.611791,1.0,10,,planner_filtered_query_scalar_expected
pg-hnsw,100000,2,w2_0_1,469,0.47225,1.0,10,,planner_filtered_query_scalar_expected
pg-hnsw,100000,2,w2_0_1,376,0.526833,1.0,10,,planner_filtered_query_scalar_expected
pg-hnsw,100000,2,w2_0_1,677,0.47625,1.0,10,,planner_filtered_query_scalar_expected
pg-hnsw,100000,2,w2_0_1,817,0.603709,1.0,10,,planner_filtered_query_scalar_expected
pg-hnsw,100000,2,w2_0_1,473,0.522791,1.0,10,,planner_filtered_query_scalar_expected
pg-hnsw,100000,2,w2_0_1,774,0.472875,1.0,10,,planner_filtered_query_scalar_expected
pg-hnsw,100000,2,w2_0_1,615,0.647917,1.0,10,,planner_filtered_query_scalar_expected
pg-hnsw,100000,2,w2_0_1,532,0.520125,1.0,10,,planner_filtered_query_scalar_expected
pg-hnsw,100000,2,w2_0_1,672,0.481583,1.0,10,,planner_filtered_query_scalar_expected
pg-hnsw,100000,2,w2_0_1,224,0.41675,1.0,10,,planner_filtered_query_scalar_expected
pg-hnsw,100000,2,w2_0_1,294,0.622292,1.0,10,,planner_filtered_query_scalar_expected
pg-hnsw,100000,2,w2_0_1,279,0.528708,1.0,10,,planner_filtered_query_scalar_expected
pg-hnsw,100000,2,w2_0_1,534,0.493375,1.0,10,,planner_filtered_query_scalar_expected
pg-hnsw,100000,2,w2_0_1,291,0.532625,1.0,10,,planner_filtered_query_scalar_expected
pg-hnsw,100000,2,w2_0_1,777,0.516125,1.0,10,,planner_filtered_query_scalar_expected
pg-hnsw,100000,2,w2_0_1,903,0.461167,1.0,10,,planner_filtered_query_scalar_expected
pg-hnsw,100000,2,w2_0_1,477,0.530625,1.0,10,,planner_filtered_query_scalar_expected
pg-hnsw,100000,2,w2_0_1,242,0.55575,1.0,10,,planner_filtered_query_scalar_expected
pg-hnsw,100000,2,w2_0_1,735,0.714292,1.0,10,,planner_filtered_query_scalar_expected
pg-hnsw,100000,2,w2_0_1,808,0.583291,1.0,10,,planner_filtered_query_scalar_expected
pg-hnsw,100000,2,w2_0_1,113,0.607167,1.0,10,,planner_filtered_query_scalar_expected
pg-hnsw,100000,2,w2_0_1,662,0.481208,1.0,10,,planner_filtered_query_scalar_expected
pg-hnsw,100000,2,w2_0_1,733,3.762667,1.0,10,,planner_filtered_query_scalar_expected
pg-hnsw,100000,2,w2_0_1,943,0.731708,1.0,10,,planner_filtered_query_scalar_expected
pg-hnsw,100000,2,w2_0_1,908,0.638458,1.0,10,,planner_filtered_query_scalar_expected
pg-hnsw,100000,2,w2_0_1,579,0.589792,1.0,10,,planner_filtered_query_scalar_expected
pg-hnsw,100000,2,w2_0_1,965,0.524333,1.0,10,,planner_filtered_query_scalar_expected
pg-hnsw,100000,2,w2_0_1,633,0.469167,1.0,10,,planner_filtered_query_scalar_expected
pg-hnsw,100000,2,w2_0_1,612,0.457375,1.0,10,,planner_filtered_query_scalar_expected
pg-hnsw,100000,2,w2_0_1,240,0.442292,1.0,10,,planner_filtered_query_scalar_expected
pg-hnsw,100000,2,w2_0_1,703,0.506125,1.0,10,,planner_filtered_query_scalar_expected
pg-hnsw,100000,2,w2_0_1,370,3.484541,1.0,10,,planner_filtered_query_scalar_expected
pg-hnsw,100000,2,w2_0_1,705,0.793875,1.0,10,,planner_filtered_query_scalar_expected
pg-hnsw,100000,2,w2_0_1,225,0.645541,1.0,10,,planner_filtered_query_scalar_expected
pg-hnsw,100000,2,w2_0_1,668,0.596375,1.0,10,,planner_filtered_query_scalar_expected
pg-hnsw,100000,2,w2_0_1,552,0.558041,1.0,10,,planner_filtered_query_scalar_expected
pg-hnsw,100000,2,w2_0_1,398,0.790542,1.0,10,,planner_filtered_query_scalar_expected
pg-hnsw,100000,2,w2_0_1,393,0.624,1.0,10,,planner_filtered_query_scalar_expected
pg-hnsw,100000,2,w2_0_1,193,0.598333,1.0,10,,planner_filtered_query_scalar_expected
pg-hnsw,100000,2,w2_0_1,673,7.037833,1.0,10,,planner_filtered_query_scalar_expected
pg-hnsw,100000,2,w2_0_1,782,0.663875,1.0,10,,planner_filtered_query_scalar_expected
pg-hnsw,100000,2,w2_0_1,944,0.594042,1.0,10,,planner_filtered_query_scalar_expected
pg-hnsw,100000,2,w2_0_1,343,3.417666,1.0,10,,planner_filtered_query_scalar_expected
pg-hnsw,100000,2,w2_0_1,378,0.676083,1.0,10,,planner_filtered_query_scalar_expected
pg-hnsw,100000,2,w2_0_1,670,0.482,1.0,10,,planner_filtered_query_scalar_expected
pg-hnsw,100000,2,w2_0_1,523,0.492708,1.0,10,,planner_filtered_query_scalar_expected
pg-hnsw,100000,2,w2_0_1,748,0.401792,1.0,10,,planner_filtered_query_scalar_expected
pg-hnsw,100000,2,w2_0_1,129,0.606208,1.0,10,,planner_filtered_query_scalar_expected
pg-hnsw,100000,2,w2_0_1,957,0.600792,1.0,10,,planner_filtered_query_scalar_expected
pg-hnsw,100000,2,w2_0_1,775,0.573458,1.0,10,,planner_filtered_query_scalar_expected
pg-hnsw,100000,2,w2_0_1,287,0.494167,1.0,10,,planner_filtered_query_scalar_expected
pg-hnsw,100000,2,w2_0_1,604,0.472584,1.0,10,,planner_filtered_query_scalar_expected
pg-hnsw,100000,2,w2_0_1,183,5.00475,1.0,10,,planner_filtered_query_scalar_expected
pg-hnsw,100000,2,w2_0_1,514,0.561416,1.0,10,,planner_filtered_query_scalar_expected
pg-hnsw,100000,2,w2_0_1,999,0.533833,1.0,10,,planner_filtered_query_scalar_expected
pg-hnsw,100000,2,w2_0_1,849,0.453083,1.0,10,,planner_filtered_query_scalar_expected
pg-hnsw,100000,2,w2_0_1,177,0.472084,1.0,10,,planner_filtered_query_scalar_expected
pg-hnsw,100000,2,w2_0_1,219,0.55025,1.0,10,,planner_filtered_query_scalar_expected
pg-hnsw,100000,2,w2_0_1,501,0.470292,1.0,10,,planner_filtered_query_scalar_expected
pg-hnsw,100000,2,w2_0_1,872,4.038666,1.0,10,,planner_filtered_query_scalar_expected
pg-hnsw,100000,2,w2_0_1,434,0.629083,1.0,10,,planner_filtered_query_scalar_expected
pg-hnsw,100000,2,w2_0_1,932,0.577875,1.0,10,,planner_filtered_query_scalar_expected
pg-hnsw,100000,2,w2_0_1,594,0.517459,1.0,10,,planner_filtered_query_scalar_expected
pg-hnsw,100000,2,w2_0_1,912,0.525375,1.0,10,,planner_filtered_query_scalar_expected
pg-hnsw,100000,2,w2_0_1,548,0.578667,1.0,10,,planner_filtered_query_scalar_expected
pg-hnsw,100000,2,w2_0_1,664,0.536959,1.0,10,,planner_filtered_query_scalar_expected
pg-hnsw,100000,2,w2_0_1,818,0.474625,1.0,10,,planner_filtered_query_scalar_expected
pg-hnsw,100000,2,w2_0_1,559,0.570583,1.0,10,,planner_filtered_query_scalar_expected
pg-hnsw,100000,2,w2_0_1,542,3.4205,1.0,10,,planner_filtered_query_scalar_expected
pg-hnsw,100000,2,w2_0_1,682,1.306417,1.0,10,,planner_filtered_query_scalar_expected
pg-hnsw,100000,2,w2_0_1,347,0.48025,1.0,10,,planner_filtered_query_scalar_expected
pg-hnsw,100000,2,w2_0_1,891,0.509209,1.0,10,,planner_filtered_query_scalar_expected
pg-hnsw,100000,2,w2_0_1,218,0.480458,1.0,10,,planner_filtered_query_scalar_expected
pg-hnsw,100000,2,w2_0_1,510,0.579416,1.0,10,,planner_filtered_query_scalar_expected
pg-hnsw,100000,2,w2_0_1,424,0.487083,1.0,10,,planner_filtered_query_scalar_expected
pg-hnsw,100000,2,w2_0_1,270,0.496,1.0,10,,planner_filtered_query_scalar_expected
pg-hnsw,100000,2,w2_0_1,955,3.947875,1.0,10,,planner_filtered_query_scalar_expected
pg-hnsw,100000,2,w2_0_1,981,0.972417,1.0,10,,planner_filtered_query_scalar_expected
pg-hnsw,100000,2,w2_0_1,307,0.521625,1.0,10,,planner_filtered_query_scalar_expected
pg-hnsw,100000,2,w2_0_1,198,0.485209,1.0,10,,planner_filtered_query_scalar_expected
pg-hnsw,100000,2,w2_0_1,836,0.524208,1.0,10,,planner_filtered_query_scalar_expected
pg-hnsw,100000,2,w2_0_1,547,0.552125,1.0,10,,planner_filtered_query_scalar_expected
pg-hnsw,100000,2,w2_0_1,332,0.52975,1.0,10,,planner_filtered_query_scalar_expected
pg-hnsw,100000,2,w2_0_1,243,0.511375,1.0,10,,planner_filtered_query_scalar_expected
pg-hnsw,100000,2,w2_0_1,220,2.461,1.0,10,,planner_filtered_query_scalar_expected
pg-hnsw,100000,2,w2_0_1,336,0.69125,1.0,10,,planner_filtered_query_scalar_expected
pg-hnsw,100000,2,w2_0_1,490,0.523084,1.0,10,,planner_filtered_query_scalar_expected
pg-hnsw,100000,2,w2_0_1,128,0.539625,1.0,10,,planner_filtered_query_scalar_expected
pg-hnsw,100000,2,w2_0_1,564,0.511917,1.0,10,,planner_filtered_query_scalar_expected
pg-hnsw,100000,2,w2_0_1,718,0.511708,1.0,10,,planner_filtered_query_scalar_expected
pg-hnsw,100000,2,w2_0_1,585,0.529542,1.0,10,,planner_filtered_query_scalar_expected
pg-hnsw,100000,2,w2_0_1,990,0.483417,1.0,10,,planner_filtered_query_scalar_expected
pg-hnsw,100000,2,w2_0_1,789,0.566083,1.0,10,,planner_filtered_query_scalar_expected
pg-hnsw,100000,2,w2_0_1,271,0.465875,1.0,10,,planner_filtered_query_scalar_expected
pg-hnsw,100000,2,w2_0_1,686,0.535042,1.0,10,,planner_filtered_query_scalar_expected
pg-hnsw,100000,2,w2_0_1,942,2.71075,1.0,10,,planner_filtered_query_scalar_expected
pg-hnsw,100000,2,w2_0_1,866,0.804375,1.0,10,,planner_filtered_query_scalar_expected
pg-hnsw,100000,2,w2_0_1,889,0.569042,1.0,10,,planner_filtered_query_scalar_expected
pg-hnsw,100000,2,w2_0_1,222,0.53225,1.0,10,,planner_filtered_query_scalar_expected
pg-hnsw,100000,2,w2_0_1,823,0.482208,1.0,10,,planner_filtered_query_scalar_expected
pg-hnsw,100000,2,w2_0_1,710,0.4805,1.0,10,,planner_filtered_query_scalar_expected
pg-hnsw,100000,2,w2_0_1,567,0.495209,1.0,10,,planner_filtered_query_scalar_expected
pg-hnsw,100000,2,w2_0_1,625,0.462583,1.0,10,,planner_filtered_query_scalar_expected
pg-hnsw,100000,2,w2_0_1,900,0.434917,1.0,10,,planner_filtered_query_scalar_expected
pg-hnsw,100000,2,w2_0_1,843,0.892084,1.0,10,,planner_filtered_query_scalar_expected
pg-hnsw,100000,2,w2_0_1,617,0.533416,1.0,10,,planner_filtered_query_scalar_expected
pg-hnsw,100000,2,w2_0_1,975,0.634041,1.0,10,,planner_filtered_query_scalar_expected
pg-hnsw,100000,2,w2_0_1,237,3.609875,1.0,10,,planner_filtered_query_scalar_expected
pg-hnsw,100000,2,w2_0_1,321,1.53675,1.0,10,,planner_filtered_query_scalar_expected
pg-hnsw,100000,2,w2_0_1,846,0.494292,1.0,10,,planner_filtered_query_scalar_expected
pg-hnsw,100000,2,w2_0_1,793,0.418208,1.0,10,,planner_filtered_query_scalar_expected
pg-hnsw,100000,2,w2_0_1,556,0.416416,1.0,10,,planner_filtered_query_scalar_expected
pg-hnsw,100000,2,w2_0_1,651,0.627291,1.0,10,,planner_filtered_query_scalar_expected
pg-hnsw,100000,2,w2_0_1,631,0.567958,1.0,10,,planner_filtered_query_scalar_expected
pg-hnsw,100000,2,w2_0_1,575,0.452,1.0,10,,planner_filtered_query_scalar_expected
pg-hnsw,100000,2,w2_0_1,345,2.634208,1.0,10,,planner_filtered_query_scalar_expected
pg-hnsw,100000,2,w2_0_1,506,0.87175,1.0,10,,planner_filtered_query_scalar_expected
pg-hnsw,100000,2,w2_0_1,281,0.492583,1.0,10,,planner_filtered_query_scalar_expected
pg-hnsw,100000,2,w2_0_1,632,0.446708,1.0,10,,planner_filtered_query_scalar_expected
pg-hnsw,100000,2,w2_0_1,593,0.477334,1.0,10,,planner_filtered_query_scalar_expected
pg-hnsw,100000,2,w2_0_1,667,0.481709,1.0,10,,planner_filtered_query_scalar_expected
pg-hnsw,100000,2,w2_0_1,149,0.461125,1.0,10,,planner_filtered_query_scalar_expected
pg-hnsw,100000,2,w2_0_1,330,0.580833,1.0,10,,planner_filtered_query_scalar_expected
pg-hnsw,100000,2,w2_0_1,646,0.661083,1.0,10,,planner_filtered_query_scalar_expected
pg-hnsw,100000,2,w2_0_1,599,0.519958,1.0,10,,planner_filtered_query_scalar_expected
pg-hnsw,100000,2,w2_0_1,760,2.672292,1.0,10,,planner_filtered_query_scalar_expected
pg-hnsw,100000,2,w2_0_1,422,0.78925,1.0,10,,planner_filtered_query_scalar_expected
pg-hnsw,100000,2,w2_0_1,814,0.627666,1.0,10,,planner_filtered_query_scalar_expected
pg-hnsw,100000,2,w2_0_1,192,0.603167,1.0,10,,planner_filtered_query_scalar_expected
pg-hnsw,100000,2,w2_0_1,513,0.683875,1.0,10,,planner_filtered_query_scalar_expected
pg-hnsw,100000,2,w2_0_1,819,0.493709,1.0,10,,planner_filtered_query_scalar_expected
pg-hnsw,100000,2,w2_0_1,871,0.482125,1.0,10,,planner_filtered_query_scalar_expected
pg-hnsw,100000,2,w2_0_1,772,0.426125,1.0,10,,planner_filtered_query_scalar_expected
pg-hnsw,100000,2,w2_0_1,690,0.551167,1.0,10,,planner_filtered_query_scalar_expected
pg-hnsw,100000,2,w2_0_1,290,0.994333,1.0,10,,planner_filtered_query_scalar_expected
pg-hnsw,100000,2,w2_0_1,263,0.913792,1.0,10,,planner_filtered_query_scalar_expected
pg-hnsw,100000,2,w2_0_1,300,1.08575,1.0,10,,planner_filtered_query_scalar_expected
pg-hnsw,100000,2,w2_0_1,247,0.660709,1.0,10,,planner_filtered_query_scalar_expected
pg-hnsw,100000,2,w2_0_1,858,0.696208,1.0,10,,planner_filtered_query_scalar_expected
pg-hnsw,100000,2,w2_0_1,166,0.662083,1.0,10,,planner_filtered_query_scalar_expected
pg-hnsw,100000,2,w2_0_1,500,0.546791,1.0,10,,planner_filtered_query_scalar_expected
pg-hnsw,100000,2,w2_0_1,904,0.569125,1.0,10,,planner_filtered_query_scalar_expected
pg-hnsw,100000,2,w2_0_1,780,0.52125,1.0,10,,planner_filtered_query_scalar_expected
pg-hnsw,100000,2,w2_0_1,334,0.516959,1.0,10,,planner_filtered_query_scalar_expected
pg-hnsw,100000,2,w2_0_1,140,0.581084,1.0,10,,planner_filtered_query_scalar_expected
pg-hnsw,100000,2,w2_0_1,995,0.640208,1.0,10,,planner_filtered_query_scalar_expected
pg-hnsw,100000,2,w2_0_1,245,0.503417,1.0,10,,planner_filtered_query_scalar_expected
pg-hnsw,100000,2,w2_0_1,692,0.575833,1.0,10,,planner_filtered_query_scalar_expected
pg-hnsw,100000,2,w2_0_1,168,4.118042,1.0,10,,planner_filtered_query_scalar_expected
pg-hnsw,100000,2,w2_0_1,293,1.559416,1.0,10,,planner_filtered_query_scalar_expected
pg-hnsw,100000,2,w2_0_1,187,0.544042,1.0,10,,planner_filtered_query_scalar_expected
pg-hnsw,100000,2,w2_0_1,781,0.51225,1.0,10,,planner_filtered_query_scalar_expected
pg-hnsw,100000,2,w2_0_1,292,0.562333,1.0,10,,planner_filtered_query_scalar_expected
pg-hnsw,100000,2,w2_0_1,483,0.518625,1.0,10,,planner_filtered_query_scalar_expected
pg-hnsw,100000,2,w2_0_1,854,0.551542,1.0,10,,planner_filtered_query_scalar_expected
pg-hnsw,100000,2,w2_0_1,333,2.520583,1.0,10,,planner_filtered_query_scalar_expected
pg-hnsw,100000,2,w2_0_1,956,0.651042,1.0,10,,planner_filtered_query_scalar_expected
pg-hnsw,100000,2,w2_0_1,893,0.579584,1.0,10,,planner_filtered_query_scalar_expected
pg-hnsw,100000,2,w2_0_1,454,0.516375,1.0,10,,planner_filtered_query_scalar_expected
pg-hnsw,100000,2,w2_0_1,319,0.575083,1.0,10,,planner_filtered_query_scalar_expected
pg-hnsw,100000,2,w2_0_1,916,0.488375,1.0,10,,planner_filtered_query_scalar_expected
pg-hnsw,100000,2,w2_0_1,363,0.569,1.0,10,,planner_filtered_query_scalar_expected
pg-hnsw,100000,2,w2_0_1,669,0.523875,1.0,10,,planner_filtered_query_scalar_expected
pg-hnsw,100000,2,w2_0_1,958,0.573542,1.0,10,,planner_filtered_query_scalar_expected
pg-hnsw,100000,2,w2_0_1,251,0.483208,1.0,10,,planner_filtered_query_scalar_expected
pg-hnsw,100000,2,w2_0_1,295,2.55825,1.0,10,,planner_filtered_query_scalar_expected
pg-hnsw,100000,2,w2_0_1,974,0.847625,1.0,10,,planner_filtered_query_scalar_expected
pg-hnsw,100000,2,w2_0_1,839,0.522167,1.0,10,,planner_filtered_query_scalar_expected
pg-hnsw,100000,2,w2_0_1,155,0.524625,1.0,10,,planner_filtered_query_scalar_expected
pg-hnsw,100000,2,w2_0_1,456,0.520333,1.0,10,,planner_filtered_query_scalar_expected
pg-hnsw,100000,2,w2_0_1,895,0.506458,1.0,10,,planner_filtered_query_scalar_expected
pg-hnsw,100000,2,w2_0_1,103,0.542042,1.0,10,,planner_filtered_query_scalar_expected
pg-hnsw,100000,2,w2_0_1,597,0.527,1.0,10,,planner_filtered_query_scalar_expected
pg-hnsw,100000,2,w2_0_1,195,0.48975,1.0,10,,planner_filtered_query_scalar_expected
pg-hnsw,100000,2,w2_0_1,551,0.607417,1.0,10,,planner_filtered_query_scalar_expected
pg-hnsw,100000,2,w2_0_1,627,0.514375,1.0,10,,planner_filtered_query_scalar_expected
pg-hnsw,100000,2,w2_0_1,771,7.417208,1.0,10,,planner_filtered_query_scalar_expected
pg-hnsw,100000,2,w2_0_1,816,4.47025,1.0,10,,planner_filtered_query_scalar_expected
pg-hnsw,100000,2,w2_0_1,936,2.174,1.0,10,,planner_filtered_query_scalar_expected
pg-hnsw,100000,2,w2_0_1,442,1.717209,1.0,10,,planner_filtered_query_scalar_expected
pg-hnsw,100000,2,w2_0_1,861,1.586333,1.0,10,,planner_filtered_query_scalar_expected
pg-hnsw,100000,2,w2_0_1,596,5.329916,1.0,10,,planner_filtered_query_scalar_expected
pg-hnsw,100000,2,w2_0_1,296,0.977458,1.0,10,,planner_filtered_query_scalar_expected
pg-hnsw,100000,2,w2_0_1,364,1.075667,1.0,10,,planner_filtered_query_scalar_expected
pg-hnsw,100000,2,w2_0_1,125,1.072875,1.0,10,,planner_filtered_query_scalar_expected
pg-hnsw,100000,2,w2_0_1,711,0.742708,1.0,10,,planner_filtered_query_scalar_expected
pg-hnsw,100000,2,w2_0_1,313,0.5805,1.0,10,,planner_filtered_query_scalar_expected
pg-hnsw,100000,2,w2_0_1,231,0.79275,1.0,10,,planner_filtered_query_scalar_expected
pg-hnsw,100000,2,w2_0_1,194,0.498125,1.0,10,,planner_filtered_query_scalar_expected
pg-hnsw,100000,2,w2_0_1,706,0.589584,1.0,10,,planner_filtered_query_scalar_expected
pg-hnsw,100000,2,w2_0_1,450,0.585708,1.0,10,,planner_filtered_query_scalar_expected
pg-hnsw,100000,2,w2_0_1,624,0.707875,1.0,10,,planner_filtered_query_scalar_expected
pg-hnsw,100000,2,w2_0_1,439,0.582083,1.0,10,,planner_filtered_query_scalar_expected
pg-hnsw,100000,2,w2_0_1,314,0.59725,1.0,10,,planner_filtered_query_scalar_expected
pg-hnsw,100000,2,w2_0_1,587,0.620291,1.0,10,,planner_filtered_query_scalar_expected
pg-hnsw,100000,2,w2_0_1,842,0.588291,1.0,10,,planner_filtered_query_scalar_expected
pg-hnsw,100000,2,w2_0_1,104,2.851125,1.0,10,,planner_filtered_query_scalar_expected
pg-hnsw,100000,2,w2_0_1,810,0.600917,1.0,10,,planner_filtered_query_scalar_expected
pg-hnsw,100000,2,w2_0_1,683,0.438583,1.0,10,,planner_filtered_query_scalar_expected
pg-hnsw,100000,2,w2_0_1,167,0.565834,1.0,10,,planner_filtered_query_scalar_expected
pg-hnsw,100000,2,w2_0_1,815,0.515875,1.0,10,,planner_filtered_query_scalar_expected
pg-hnsw,100000,2,w2_0_1,697,0.555708,1.0,10,,planner_filtered_query_scalar_expected
pg-hnsw,100000,2,w2_0_1,425,0.514666,1.0,10,,planner_filtered_query_scalar_expected
pg-hnsw,100000,2,w2_0_1,798,0.532166,1.0,10,,planner_filtered_query_scalar_expected
pg-hnsw,100000,2,w2_0_1,835,0.565875,1.0,10,,planner_filtered_query_scalar_expected
pg-hnsw,100000,2,w2_0_1,952,0.555542,1.0,10,,planner_filtered_query_scalar_expected
pg-hnsw,100000,2,w2_0_1,377,0.468208,1.0,10,,planner_filtered_query_scalar_expected
pg-hnsw,100000,2,w2_0_1,384,0.581625,1.0,10,,planner_filtered_query_scalar_expected
pg-hnsw,100000,2,w2_0_1,719,3.761625,1.0,10,,planner_filtered_query_scalar_expected
pg-hnsw,100000,2,w2_0_1,622,0.68475,1.0,10,,planner_filtered_query_scalar_expected
pg-hnsw,100000,2,w2_0_1,230,0.794417,1.0,10,,planner_filtered_query_scalar_expected
pg-hnsw,100000,2,w2_0_1,887,0.708041,1.0,10,,planner_filtered_query_scalar_expected
pg-hnsw,100000,2,w2_0_1,468,0.540125,1.0,10,,planner_filtered_query_scalar_expected
pg-hnsw,100000,2,w2_0_1,463,0.582667,1.0,10,,planner_filtered_query_scalar_expected
pg-hnsw,100000,2,w2_0_1,919,0.476583,1.0,10,,planner_filtered_query_scalar_expected
pg-hnsw,100000,2,w2_0_1,753,0.476125,1.0,10,,planner_filtered_query_scalar_expected
pg-hnsw,100000,2,w2_0_1,529,0.63075,1.0,10,,planner_filtered_query_scalar_expected
pg-hnsw,100000,2,w2_0_1,170,0.819417,1.0,10,,planner_filtered_query_scalar_expected
pg-hnsw,100000,2,w2_0_1,327,0.50675,1.0,10,,planner_filtered_query_scalar_expected
pg-hnsw,100000,2,w2_0_1,864,0.523959,1.0,10,,planner_filtered_query_scalar_expected
pg-hnsw,100000,2,w2_0_1,874,0.5025,1.0,10,,planner_filtered_query_scalar_expected
pg-hnsw,100000,2,w2_0_1,151,0.488167,1.0,10,,planner_filtered_query_scalar_expected
pg-hnsw,100000,2,w2_0_1,126,0.471875,1.0,10,,planner_filtered_query_scalar_expected
pg-hnsw,100000,2,w2_0_1,637,2.8035,1.0,10,,planner_filtered_query_scalar_expected
pg-hnsw,100000,2,w2_0_1,689,0.844917,1.0,10,,planner_filtered_query_scalar_expected
pg-hnsw,100000,2,w2_0_1,395,0.663125,1.0,10,,planner_filtered_query_scalar_expected
pg-hnsw,100000,2,w2_0_1,394,0.477708,1.0,10,,planner_filtered_query_scalar_expected
pg-hnsw,100000,2,w2_0_1,440,0.461334,1.0,10,,planner_filtered_query_scalar_expected
pg-hnsw,100000,2,w2_0_1,845,0.527791,1.0,10,,planner_filtered_query_scalar_expected
pg-hnsw,100000,2,w2_0_1,331,0.521709,1.0,10,,planner_filtered_query_scalar_expected
pg-hnsw,100000,2,w2_0_1,591,0.6915,1.0,10,,planner_filtered_query_scalar_expected
pg-hnsw,100000,2,w2_0_1,196,0.539209,1.0,10,,planner_filtered_query_scalar_expected
pg-hnsw,100000,2,w2_0_1,788,0.599083,1.0,10,,planner_filtered_query_scalar_expected
pg-hnsw,100000,2,w2_0_1,329,2.730209,1.0,10,,planner_filtered_query_scalar_expected
pg-hnsw,100000,2,w2_0_1,713,0.498625,1.0,10,,planner_filtered_query_scalar_expected
pg-hnsw,100000,2,w2_0_1,181,0.532791,1.0,10,,planner_filtered_query_scalar_expected
pg-hnsw,100000,2,w2_0_1,365,0.558417,1.0,10,,planner_filtered_query_scalar_expected
pg-hnsw,100000,2,w2_0_1,623,0.485584,1.0,10,,planner_filtered_query_scalar_expected
pg-hnsw,100000,2,w2_0_1,600,0.424791,1.0,10,,planner_filtered_query_scalar_expected
pg-hnsw,100000,2,w2_0_1,353,0.486792,1.0,10,,planner_filtered_query_scalar_expected
pg-hnsw,100000,2,w2_0_1,205,0.5675,1.0,10,,planner_filtered_query_scalar_expected
pg-hnsw,100000,2,w2_0_1,584,0.5625,1.0,10,,planner_filtered_query_scalar_expected
pg-hnsw,100000,2,w2_0_1,749,0.546833,1.0,10,,planner_filtered_query_scalar_expected
pg-hnsw,100000,2,w2_0_1,267,0.520166,1.0,10,,planner_filtered_query_scalar_expected
pg-hnsw,100000,2,w2_0_1,464,0.467791,1.0,10,,planner_filtered_query_scalar_expected
pg-hnsw,100000,2,w2_0_1,324,2.84575,1.0,10,,planner_filtered_query_scalar_expected
pg-hnsw,100000,2,w2_0_1,922,0.983833,1.0,10,,planner_filtered_query_scalar_expected
pg-hnsw,100000,2,w2_0_1,421,0.491542,1.0,10,,planner_filtered_query_scalar_expected
pg-hnsw,100000,2,w2_0_1,695,0.405167,1.0,10,,planner_filtered_query_scalar_expected
pg-hnsw,100000,2,w2_0_1,444,1.341125,1.0,10,,planner_filtered_query_scalar_expected
pg-hnsw,100000,2,w2_0_1,480,0.646625,1.0,10,,planner_filtered_query_scalar_expected
pg-hnsw,100000,2,w2_0_1,927,0.473625,1.0,10,,planner_filtered_query_scalar_expected
pg-hnsw,100000,2,w2_0_1,829,0.510958,1.0,10,,planner_filtered_query_scalar_expected
pg-hnsw,100000,2,w2_0_1,996,0.55725,1.0,10,,planner_filtered_query_scalar_expected
pg-hnsw,100000,2,w2_0_1,371,2.969083,1.0,10,,planner_filtered_query_scalar_expected
pg-hnsw,100000,2,w2_0_1,325,0.669166,1.0,10,,planner_filtered_query_scalar_expected
pg-hnsw,100000,2,w2_0_1,188,0.545334,1.0,10,,planner_filtered_query_scalar_expected
pg-hnsw,100000,2,w2_0_1,130,0.604541,1.0,10,,planner_filtered_query_scalar_expected
pg-hnsw,100000,2,w2_0_1,142,0.396583,1.0,10,,planner_filtered_query_scalar_expected
pg-hnsw,100000,2,w2_0_1,312,0.444083,1.0,10,,planner_filtered_query_scalar_expected
pg-hnsw,100000,2,w2_0_1,945,0.418,1.0,10,,planner_filtered_query_scalar_expected
pg-hnsw,100000,2,w2_0_1,244,0.611958,1.0,10,,planner_filtered_query_scalar_expected
pg-hnsw,100000,2,w2_0_1,878,0.577375,1.0,10,,planner_filtered_query_scalar_expected
pg-hnsw,100000,2,w2_0_1,145,0.568375,1.0,10,,planner_filtered_query_scalar_expected
pg-hnsw,100000,2,w2_0_1,746,0.575834,1.0,10,,planner_filtered_query_scalar_expected
pg-hnsw,100000,2,w2_0_1,467,2.864834,1.0,10,,planner_filtered_query_scalar_expected
pg-hnsw,100000,2,w2_0_1,939,0.624875,1.0,10,,planner_filtered_query_scalar_expected
pg-hnsw,100000,2,w2_0_1,699,0.61575,1.0,10,,planner_filtered_query_scalar_expected
pg-hnsw,100000,2,w2_0_1,382,0.550417,1.0,10,,planner_filtered_query_scalar_expected
pg-hnsw,100000,2,w2_0_1,260,0.469833,1.0,10,,planner_filtered_query_scalar_expected
pg-hnsw,100000,2,w2_0_1,660,0.429666,1.0,10,,planner_filtered_query_scalar_expected
pg-hnsw,100000,2,w2_0_1,374,0.566,1.0,10,,planner_filtered_query_scalar_expected
pg-hnsw,100000,2,w2_0_1,913,0.5345,1.0,10,,planner_filtered_query_scalar_expected
pg-hnsw,100000,2,w2_0_1,259,0.426375,1.0,10,,planner_filtered_query_scalar_expected
pg-hnsw,100000,2,w2_0_1,430,0.478709,1.0,10,,planner_filtered_query_scalar_expected
pg-hnsw,100000,2,w2_0_1,833,3.562417,1.0,10,,planner_filtered_query_scalar_expected
pg-hnsw,100000,2,w2_0_1,147,0.695,1.0,10,,planner_filtered_query_scalar_expected
pg-hnsw,100000,2,w2_0_1,537,0.535291,1.0,10,,planner_filtered_query_scalar_expected
pg-hnsw,100000,2,w2_0_1,427,0.489125,1.0,10,,planner_filtered_query_scalar_expected
pg-hnsw,100000,2,w2_0_1,431,0.488208,1.0,10,,planner_filtered_query_scalar_expected
pg-hnsw,100000,2,w2_0_1,280,0.450333,1.0,10,,planner_filtered_query_scalar_expected
pg-hnsw,100000,2,w2_0_1,736,0.423916,1.0,10,,planner_filtered_query_scalar_expected
pg-hnsw,100000,2,w2_0_1,822,0.468292,1.0,10,,planner_filtered_query_scalar_expected
pg-hnsw,100000,2,w2_0_1,578,0.473,1.0,10,,planner_filtered_query_scalar_expected
pg-hnsw,100000,2,w2_0_1,383,0.593125,1.0,10,,planner_filtered_query_scalar_expected
pg-hnsw,100000,2,w2_0_1,144,3.331209,1.0,10,,planner_filtered_query_scalar_expected
pg-hnsw,100000,2,w2_0_1,937,0.803,1.0,10,,planner_filtered_query_scalar_expected
pg-hnsw,100000,2,w2_0_1,536,0.462458,1.0,10,,planner_filtered_query_scalar_expected
pg-hnsw,100000,2,w2_0_1,515,0.460458,1.0,10,,planner_filtered_query_scalar_expected
pg-hnsw,100000,2,w2_0_1,665,0.503375,1.0,10,,planner_filtered_query_scalar_expected
pg-hnsw,100000,2,w2_0_1,355,0.567917,1.0,10,,planner_filtered_query_scalar_expected
pg-hnsw,100000,2,w2_0_1,455,0.47425,1.0,10,,planner_filtered_query_scalar_expected
pg-hnsw,100000,2,w2_0_1,207,0.439209,1.0,10,,planner_filtered_query_scalar_expected
pg-hnsw,100000,2,w2_0_1,838,0.467167,1.0,10,,planner_filtered_query_scalar_expected
pg-hnsw,100000,2,w2_0_1,769,0.532958,1.0,10,,planner_filtered_query_scalar_expected
pg-hnsw,100000,2,w2_0_1,186,0.375,1.0,10,,planner_filtered_query_scalar_expected
pg-hnsw,100000,2,w2_0_1,964,0.376375,1.0,10,,planner_filtered_query_scalar_expected
pg-hnsw,100000,2,w2_0_1,642,0.466625,1.0,10,,planner_filtered_query_scalar_expected
pg-hnsw,100000,2,w2_0_1,592,0.630125,1.0,10,,planner_filtered_query_scalar_expected
pg-hnsw,100000,2,w2_0_1,399,0.602291,1.0,10,,planner_filtered_query_scalar_expected
pg-hnsw,100000,2,w2_0_1,136,0.480541,1.0,10,,planner_filtered_query_scalar_expected
pg-hnsw,100000,2,w2_0_1,119,0.541625,1.0,10,,planner_filtered_query_scalar_expected
pg-hnsw,100000,2,w2_0_1,254,0.550167,1.0,10,,planner_filtered_query_scalar_expected
pg-hnsw,100000,2,w2_0_1,886,1.729958,1.0,10,,planner_filtered_query_scalar_expected
pg-hnsw,100000,2,w2_0_1,200,0.633584,1.0,10,,planner_filtered_query_scalar_expected
pg-hnsw,100000,2,w2_0_1,984,1.18125,1.0,10,,planner_filtered_query_scalar_expected
pg-hnsw,100000,2,w2_0_1,526,0.48325,1.0,10,,planner_filtered_query_scalar_expected
pg-hnsw,100000,2,w2_0_1,227,0.562833,1.0,10,,planner_filtered_query_scalar_expected
pg-hnsw,100000,2,w2_0_1,410,0.662041,1.0,10,,planner_filtered_query_scalar_expected
pg-hnsw,100000,2,w2_0_1,110,0.49725,1.0,10,,planner_filtered_query_scalar_expected
pg-hnsw,100000,2,w2_0_1,392,0.4745,1.0,10,,planner_filtered_query_scalar_expected
pg-hnsw,100000,2,w2_0_1,603,0.469792,1.0,10,,planner_filtered_query_scalar_expected
pg-hnsw,100000,2,w2_0_1,907,0.619541,1.0,10,,planner_filtered_query_scalar_expected
pg-hnsw,100000,2,w2_0_1,580,0.531541,1.0,10,,planner_filtered_query_scalar_expected
pg-hnsw,100000,2,w2_0_1,250,0.504125,1.0,10,,planner_filtered_query_scalar_expected
pg-hnsw,100000,2,w2_0_1,691,0.573584,1.0,10,,planner_filtered_query_scalar_expected
pg-hnsw,100000,2,w2_0_1,923,0.590333,1.0,10,,planner_filtered_query_scalar_expected
pg-hnsw,100000,2,w2_0_1,743,0.531917,1.0,10,,planner_filtered_query_scalar_expected
pg-hnsw,100000,2,w2_0_1,238,0.476917,1.0,10,,planner_filtered_query_scalar_expected
pg-hnsw,100000,2,w2_0_1,115,0.555167,1.0,10,,planner_filtered_query_scalar_expected
pg-hnsw,100000,2,w2_0_1,380,0.535417,1.0,10,,planner_filtered_query_scalar_expected
pg-hnsw,100000,2,w2_0_1,323,0.521292,1.0,10,,planner_filtered_query_scalar_expected
pg-hnsw,100000,2,w2_0_1,301,0.454125,1.0,10,,planner_filtered_query_scalar_expected
pg-hnsw,100000,2,w2_0_1,356,1.957542,1.0,10,,planner_filtered_query_scalar_expected
pg-hnsw,100000,2,w2_0_1,620,0.691083,1.0,10,,planner_filtered_query_scalar_expected
pg-hnsw,100000,2,w2_0_1,561,0.553041,1.0,10,,planner_filtered_query_scalar_expected
pg-hnsw,100000,2,w2_0_1,934,0.524042,1.0,10,,planner_filtered_query_scalar_expected
pg-hnsw,100000,2,w2_0_1,210,0.704541,1.0,10,,planner_filtered_query_scalar_expected
pg-hnsw,100000,2,w2_0_1,700,0.490042,1.0,10,,planner_filtered_query_scalar_expected
pg-hnsw,100000,2,w2_0_1,963,0.529459,1.0,10,,planner_filtered_query_scalar_expected
pg-hnsw,100000,2,w2_0_1,451,0.545292,1.0,10,,planner_filtered_query_scalar_expected
pg-hnsw,100000,2,w2_0_1,582,0.485917,1.0,10,,planner_filtered_query_scalar_expected
pg-hnsw,100000,2,w2_0_1,764,0.511875,1.0,10,,planner_filtered_query_scalar_expected
pg-hnsw,100000,2,w2_0_1,234,0.517666,1.0,10,,planner_filtered_query_scalar_expected
pg-hnsw,100000,2,w2_0_1,265,0.491375,1.0,10,,planner_filtered_query_scalar_expected
pg-hnsw,100000,2,w2_0_1,644,0.55625,1.0,10,,planner_filtered_query_scalar_expected
pg-hnsw,100000,2,w2_0_1,441,0.871792,1.0,10,,planner_filtered_query_scalar_expected
pg-hnsw,100000,2,w2_0_1,488,0.64475,1.0,10,,planner_filtered_query_scalar_expected
pg-hnsw,100000,2,w2_0_1,720,0.625209,1.0,10,,planner_filtered_query_scalar_expected
pg-hnsw,100000,2,w2_0_1,598,0.581,1.0,10,,planner_filtered_query_scalar_expected
pg-hnsw,100000,2,w2_0_1,885,0.585916,1.0,10,,planner_filtered_query_scalar_expected
pg-hnsw,100000,2,w2_0_1,634,0.996167,1.0,10,,planner_filtered_query_scalar_expected
pg-hnsw,100000,2,w2_0_1,588,0.573834,1.0,10,,planner_filtered_query_scalar_expected
pg-hnsw,100000,2,w2_0_1,530,0.528333,1.0,10,,planner_filtered_query_scalar_expected
pg-hnsw,100000,2,w2_0_1,298,0.748667,1.0,10,,planner_filtered_query_scalar_expected
pg-hnsw,100000,2,w2_0_1,557,0.621083,1.0,10,,planner_filtered_query_scalar_expected
pg-hnsw,100000,2,w2_0_1,362,0.548834,1.0,10,,planner_filtered_query_scalar_expected
pg-hnsw,100000,2,w2_0_1,569,0.537417,1.0,10,,planner_filtered_query_scalar_expected
pg-hnsw,100000,2,w2_0_1,704,0.825125,1.0,10,,planner_filtered_query_scalar_expected
pg-hnsw,100000,2,w2_0_1,985,0.62775,1.0,10,,planner_filtered_query_scalar_expected
pg-hnsw,100000,2,w2_0_1,420,0.533083,1.0,10,,planner_filtered_query_scalar_expected
pg-hnsw,100000,2,w2_0_1,108,0.550375,1.0,10,,planner_filtered_query_scalar_expected
pg-hnsw,100000,2,w2_0_1,608,0.450459,1.0,10,,planner_filtered_query_scalar_expected
pg-hnsw,100000,2,w2_0_1,863,0.624209,1.0,10,,planner_filtered_query_scalar_expected
pg-hnsw,100000,2,w2_0_1,857,0.565375,1.0,10,,planner_filtered_query_scalar_expected
pg-hnsw,100000,2,w2_0_1,133,0.611459,1.0,10,,planner_filtered_query_scalar_expected
pg-hnsw,100000,2,w2_0_1,453,0.845167,1.0,10,,planner_filtered_query_scalar_expected
pg-hnsw,100000,2,w2_0_1,264,0.801708,1.0,10,,planner_filtered_query_scalar_expected
pg-hnsw,100000,2,w2_0_1,297,0.667,1.0,10,,planner_filtered_query_scalar_expected
pg-hnsw,100000,2,w2_0_1,445,0.613042,1.0,10,,planner_filtered_query_scalar_expected
pg-hnsw,100000,2,w2_0_1,448,1.414208,1.0,10,,planner_filtered_query_scalar_expected
pg-hnsw,100000,2,w2_0_1,517,0.825583,1.0,10,,planner_filtered_query_scalar_expected
pg-hnsw,100000,2,w2_0_1,741,0.676209,1.0,10,,planner_filtered_query_scalar_expected
pg-hnsw,100000,2,w2_0_1,134,0.609542,1.0,10,,planner_filtered_query_scalar_expected
pg-hnsw,100000,2,w2_0_1,491,0.83425,1.0,10,,planner_filtered_query_scalar_expected
pg-hnsw,100000,2,w2_0_1,898,0.623166,1.0,10,,planner_filtered_query_scalar_expected
pg-hnsw,100000,2,w2_0_1,172,0.666625,1.0,10,,planner_filtered_query_scalar_expected
pg-hnsw,100000,2,w2_0_1,303,0.611,1.0,10,,planner_filtered_query_scalar_expected
pg-hnsw,100000,2,w2_0_1,339,0.589375,1.0,10,,planner_filtered_query_scalar_expected
pg-hnsw,100000,2,w2_0_1,289,0.606583,1.0,10,,planner_filtered_query_scalar_expected
pg-hnsw,100000,2,w2_0_1,856,0.614916,1.0,10,,planner_filtered_query_scalar_expected
pg-hnsw,100000,2,w2_0_1,986,1.295,1.0,10,,planner_filtered_query_scalar_expected
pg-hnsw,100000,2,w2_0_1,340,0.738292,1.0,10,,planner_filtered_query_scalar_expected
pg-hnsw,100000,2,w2_0_1,629,0.663375,1.0,10,,planner_filtered_query_scalar_expected
pg-hnsw,100000,2,w2_0_1,827,0.655292,1.0,10,,planner_filtered_query_scalar_expected
pg-hnsw,100000,2,w2_0_1,379,0.724625,1.0,10,,planner_filtered_query_scalar_expected
pg-hnsw,100000,2,w2_0_1,164,0.6875,1.0,10,,planner_filtered_query_scalar_expected
pg-hnsw,100000,2,w2_0_1,156,0.632,1.0,10,,planner_filtered_query_scalar_expected
pg-hnsw,100000,2,w2_0_1,729,0.609375,1.0,10,,planner_filtered_query_scalar_expected
pg-hnsw,100000,2,w2_0_1,758,0.629041,1.0,10,,planner_filtered_query_scalar_expected
pg-hnsw,100000,2,w2_0_1,481,0.557208,1.0,10,,planner_filtered_query_scalar_expected
pg-hnsw,100000,2,w2_0_1,418,0.651541,1.0,10,,planner_filtered_query_scalar_expected
pg-hnsw,100000,2,w2_0_1,953,2.245959,1.0,10,,planner_filtered_query_scalar_expected
pg-hnsw,100000,2,w2_0_1,527,0.933708,1.0,10,,planner_filtered_query_scalar_expected
pg-hnsw,100000,2,w2_0_1,994,0.575417,1.0,10,,planner_filtered_query_scalar_expected
pg-hnsw,100000,2,w2_0_1,509,0.636334,1.0,10,,planner_filtered_query_scalar_expected
pg-hnsw,100000,2,w2_0_1,747,0.635041,1.0,10,,planner_filtered_query_scalar_expected
pg-hnsw,100000,2,w2_0_1,165,0.637042,1.0,10,,planner_filtered_query_scalar_expected
pg-hnsw,100000,2,w2_0_1,404,0.697958,1.0,10,,planner_filtered_query_scalar_expected
pg-hnsw,100000,2,w2_0_1,317,0.7045,1.0,10,,planner_filtered_query_scalar_expected
pg-hnsw,100000,2,w2_0_1,197,0.608292,1.0,10,,planner_filtered_query_scalar_expected
pg-hnsw,100000,2,w2_0_1,182,0.547333,1.0,10,,planner_filtered_query_scalar_expected
pg-hnsw,100000,2,w2_0_1,607,0.574,1.0,10,,planner_filtered_query_scalar_expected
pg-hnsw,100000,2,w2_0_1,566,1.750916,1.0,10,,planner_filtered_query_scalar_expected
pg-hnsw,100000,2,w2_0_1,354,0.588667,1.0,10,,planner_filtered_query_scalar_expected
pg-hnsw,100000,2,w2_0_1,309,0.576041,1.0,10,,planner_filtered_query_scalar_expected
pg-hnsw,100000,2,w2_0_1,865,0.870333,1.0,10,,planner_filtered_query_scalar_expected
pg-hnsw,100000,2,w2_0_1,400,0.60925,1.0,10,,planner_filtered_query_scalar_expected
pg-hnsw,100000,2,w2_0_1,820,0.59575,1.0,10,,planner_filtered_query_scalar_expected
pg-hnsw,100000,2,w2_0_1,875,0.693291,1.0,10,,planner_filtered_query_scalar_expected
pg-hnsw,100000,2,w2_0_1,342,0.484792,1.0,10,,planner_filtered_query_scalar_expected
pg-hnsw,100000,2,w2_0_1,763,0.593709,1.0,10,,planner_filtered_query_scalar_expected
pg-hnsw,100000,2,w2_0_1,978,0.495417,1.0,10,,planner_filtered_query_scalar_expected
pg-hnsw,100000,2,w2_0_1,268,0.568708,1.0,10,,planner_filtered_query_scalar_expected
pg-hnsw,100000,2,w2_0_1,795,3.490042,1.0,10,,planner_filtered_query_scalar_expected
pg-hnsw,100000,2,w2_0_1,397,0.60575,1.0,10,,planner_filtered_query_scalar_expected
pg-hnsw,100000,2,w2_0_1,357,0.539083,1.0,10,,planner_filtered_query_scalar_expected
pg-hnsw,100000,2,w2_0_1,543,0.502125,1.0,10,,planner_filtered_query_scalar_expected
pg-hnsw,100000,2,w2_0_1,855,0.627708,1.0,10,,planner_filtered_query_scalar_expected
pg-hnsw,100000,2,w2_0_1,825,0.602667,1.0,10,,planner_filtered_query_scalar_expected
pg-hnsw,100000,2,w2_0_1,707,0.458125,1.0,10,,planner_filtered_query_scalar_expected
pg-hnsw,100000,2,w2_0_1,740,0.416583,1.0,10,,planner_filtered_query_scalar_expected
pg-hnsw,100000,2,w2_0_1,520,0.454209,1.0,10,,planner_filtered_query_scalar_expected
pg-hnsw,100000,2,w2_0_1,459,0.421084,1.0,10,,planner_filtered_query_scalar_expected
pg-hnsw,100000,2,w2_0_1,792,0.522875,1.0,10,,planner_filtered_query_scalar_expected
pg-hnsw,100000,2,w2_0_1,215,1.597291,1.0,10,,planner_filtered_query_scalar_expected
pg-hnsw,100000,2,w2_0_1,568,0.577708,1.0,10,,planner_filtered_query_scalar_expected
pg-hnsw,100000,2,w2_0_1,516,0.486083,1.0,10,,planner_filtered_query_scalar_expected
pg-hnsw,100000,2,w2_0_1,752,0.594167,1.0,10,,planner_filtered_query_scalar_expected
pg-hnsw,100000,2,w2_0_1,657,0.537583,1.0,10,,planner_filtered_query_scalar_expected
pg-hnsw,100000,2,w2_0_1,848,0.540917,1.0,10,,planner_filtered_query_scalar_expected
pg-hnsw,100000,2,w2_0_1,233,0.449291,1.0,10,,planner_filtered_query_scalar_expected
pg-hnsw,100000,2,w2_0_1,236,0.432625,1.0,10,,planner_filtered_query_scalar_expected
pg-hnsw,100000,2,w2_0_1,435,0.512583,1.0,10,,planner_filtered_query_scalar_expected
pg-hnsw,100000,2,w2_0_1,802,0.483041,1.0,10,,planner_filtered_query_scalar_expected
pg-hnsw,100000,2,w2_0_1,911,0.476875,1.0,10,,planner_filtered_query_scalar_expected
pg-hnsw,100000,2,w2_0_1,619,0.49325,1.0,10,,planner_filtered_query_scalar_expected
pg-hnsw,100000,2,w2_0_1,860,0.439083,1.0,10,,planner_filtered_query_scalar_expected
pg-hnsw,100000,2,w2_0_1,717,1.604666,1.0,10,,planner_filtered_query_scalar_expected
pg-hnsw,100000,2,w2_0_1,148,0.746792,1.0,10,,planner_filtered_query_scalar_expected
pg-hnsw,100000,2,w2_0_1,417,0.376083,1.0,10,,planner_filtered_query_scalar_expected
pg-hnsw,100000,2,w2_0_1,498,0.495875,1.0,10,,planner_filtered_query_scalar_expected
pg-hnsw,100000,2,w2_0_1,161,0.537375,1.0,10,,planner_filtered_query_scalar_expected
pg-hnsw,100000,2,w2_0_1,694,1.177958,1.0,10,,planner_filtered_query_scalar_expected
pg-hnsw,100000,2,w2_0_1,709,0.472792,1.0,10,,planner_filtered_query_scalar_expected
pg-hnsw,100000,2,w2_0_1,102,0.454708,1.0,10,,planner_filtered_query_scalar_expected
pg-hnsw,100000,2,w2_0_1,751,0.426542,1.0,10,,planner_filtered_query_scalar_expected
pg-hnsw,100000,2,w2_0_1,616,0.499667,1.0,10,,planner_filtered_query_scalar_expected
pg-hnsw,100000,2,w2_0_1,571,0.440791,1.0,10,,planner_filtered_query_scalar_expected
pg-hnsw,100000,2,w2_0_1,159,0.47825,1.0,10,,planner_filtered_query_scalar_expected
pg-hnsw,100000,2,w2_0_1,949,0.456709,1.0,10,,planner_filtered_query_scalar_expected
pg-hnsw,100000,2,w2_0_1,278,0.437083,1.0,10,,planner_filtered_query_scalar_expected
pg-hnsw,100000,2,w2_0_1,767,1.2435,1.0,10,,planner_filtered_query_scalar_expected
pg-hnsw,100000,2,w2_0_1,702,0.519291,1.0,10,,planner_filtered_query_scalar_expected
pg-hnsw,100000,2,w2_0_1,375,0.461583,1.0,10,,planner_filtered_query_scalar_expected
pg-hnsw,100000,2,w2_0_1,851,0.483792,1.0,10,,planner_filtered_query_scalar_expected
pg-hnsw,100000,2,w2_0_1,531,0.459333,1.0,10,,planner_filtered_query_scalar_expected
pg-hnsw,100000,2,w2_0_1,628,0.493375,1.0,10,,planner_filtered_query_scalar_expected
pg-hnsw,100000,2,w2_0_1,107,0.628708,1.0,10,,planner_filtered_query_scalar_expected
pg-hnsw,100000,2,w2_0_1,474,0.743709,1.0,10,,planner_filtered_query_scalar_expected
pg-hnsw,100000,2,w2_0_1,770,0.875583,1.0,10,,planner_filtered_query_scalar_expected
pg-hnsw,100000,2,w2_0_1,954,0.583041,1.0,10,,planner_filtered_query_scalar_expected
pg-hnsw,100000,2,w2_0_1,482,0.62575,1.0,10,,planner_filtered_query_scalar_expected
pg-hnsw,100000,2,w2_0_1,813,0.56575,1.0,10,,planner_filtered_query_scalar_expected
pg-hnsw,100000,2,w2_0_1,101,0.607458,1.0,10,,planner_filtered_query_scalar_expected
pg-hnsw,100000,2,w2_0_1,972,1.383875,1.0,10,,planner_filtered_query_scalar_expected
pg-hnsw,100000,2,w2_0_1,883,0.595875,1.0,10,,planner_filtered_query_scalar_expected
pg-hnsw,100000,2,w2_0_1,178,0.617167,1.0,10,,planner_filtered_query_scalar_expected
pg-hnsw,100000,2,w2_0_1,554,0.610459,1.0,10,,planner_filtered_query_scalar_expected
pg-hnsw,100000,2,w3,422,19.885708,1.0,10,,scalar_first_exact
pg-hnsw,100000,2,w3,920,21.859791,1.0,10,,scalar_first_exact
pg-hnsw,100000,2,w3,829,19.382625,1.0,10,,scalar_first_exact
pg-hnsw,100000,2,w3,797,19.802333,1.0,10,,scalar_first_exact
pg-hnsw,100000,2,w3,483,22.6215,1.0,10,,scalar_first_exact
pg-hnsw,100000,2,w3,966,21.4715,1.0,10,,scalar_first_exact
pg-hnsw,100000,2,w3,651,19.32875,1.0,10,,scalar_first_exact
pg-hnsw,100000,2,w3,855,20.153375,1.0,10,,scalar_first_exact
pg-hnsw,100000,2,w3,324,20.216083,1.0,10,,scalar_first_exact
pg-hnsw,100000,2,w3,805,19.957042,1.0,10,,scalar_first_exact
pg-hnsw,100000,2,w3,309,19.644291,1.0,10,,scalar_first_exact
pg-hnsw,100000,2,w3,672,19.614,1.0,10,,scalar_first_exact
pg-hnsw,100000,2,w3,563,19.561042,1.0,10,,scalar_first_exact
pg-hnsw,100000,2,w3,285,19.884958,1.0,10,,scalar_first_exact
pg-hnsw,100000,2,w3,615,19.382042,1.0,10,,scalar_first_exact
pg-hnsw,100000,2,w3,490,21.341666,1.0,10,,scalar_first_exact
pg-hnsw,100000,2,w3,375,19.902417,1.0,10,,scalar_first_exact
pg-hnsw,100000,2,w3,276,19.228041,1.0,10,,scalar_first_exact
pg-hnsw,100000,2,w3,996,19.640334,1.0,10,,scalar_first_exact
pg-hnsw,100000,2,w3,748,19.813333,1.0,10,,scalar_first_exact
pg-hnsw,100000,2,w3,626,20.894417,1.0,10,,scalar_first_exact
pg-hnsw,100000,2,w3,175,19.178709,1.0,10,,scalar_first_exact
pg-hnsw,100000,2,w3,167,19.562917,1.0,10,,scalar_first_exact
pg-hnsw,100000,2,w3,878,22.895875,1.0,10,,scalar_first_exact
pg-hnsw,100000,2,w3,457,19.380208,1.0,10,,scalar_first_exact
pg-hnsw,100000,2,w3,398,20.973833,1.0,10,,scalar_first_exact
pg-hnsw,100000,2,w3,418,20.087833,1.0,10,,scalar_first_exact
pg-hnsw,100000,2,w3,844,19.44475,1.0,10,,scalar_first_exact
pg-hnsw,100000,2,w3,478,19.437458,1.0,10,,scalar_first_exact
pg-hnsw,100000,2,w3,995,19.251042,1.0,10,,scalar_first_exact
pg-hnsw,100000,2,w3,319,20.294875,1.0,10,,scalar_first_exact
pg-hnsw,100000,2,w3,937,21.539958,1.0,10,,scalar_first_exact
pg-hnsw,100000,2,w3,136,20.822042,1.0,10,,scalar_first_exact
pg-hnsw,100000,2,w3,125,18.980542,1.0,10,,scalar_first_exact
pg-hnsw,100000,2,w3,336,20.183667,1.0,10,,scalar_first_exact
pg-hnsw,100000,2,w3,248,19.40475,1.0,10,,scalar_first_exact
pg-hnsw,100000,2,w3,918,19.135791,1.0,10,,scalar_first_exact
pg-hnsw,100000,2,w3,310,20.239041,1.0,10,,scalar_first_exact
pg-hnsw,100000,2,w3,541,19.190208,1.0,10,,scalar_first_exact
pg-hnsw,100000,2,w3,525,19.253875,1.0,10,,scalar_first_exact
pg-hnsw,100000,2,w3,212,19.084708,1.0,10,,scalar_first_exact
pg-hnsw,100000,2,w3,732,19.852,1.0,10,,scalar_first_exact
pg-hnsw,100000,2,w3,199,19.216083,1.0,10,,scalar_first_exact
pg-hnsw,100000,2,w3,102,22.124417,1.0,10,,scalar_first_exact
pg-hnsw,100000,2,w3,913,18.340292,1.0,10,,scalar_first_exact
pg-hnsw,100000,2,w3,830,18.666541,1.0,10,,scalar_first_exact
pg-hnsw,100000,2,w3,828,19.091166,1.0,10,,scalar_first_exact
pg-hnsw,100000,2,w3,772,19.952917,1.0,10,,scalar_first_exact
pg-hnsw,100000,2,w3,221,21.389583,1.0,10,,scalar_first_exact
pg-hnsw,100000,2,w3,582,19.905875,1.0,10,,scalar_first_exact
pg-hnsw,100000,2,w3,232,20.484,1.0,10,,scalar_first_exact
pg-hnsw,100000,2,w3,239,19.924083,1.0,10,,scalar_first_exact
pg-hnsw,100000,2,w3,860,19.050959,1.0,10,,scalar_first_exact
pg-hnsw,100000,2,w3,930,21.162125,1.0,10,,scalar_first_exact
pg-hnsw,100000,2,w3,444,19.612958,1.0,10,,scalar_first_exact
pg-hnsw,100000,2,w3,900,22.37675,1.0,10,,scalar_first_exact
pg-hnsw,100000,2,w3,786,20.502291,1.0,10,,scalar_first_exact
pg-hnsw,100000,2,w3,469,25.1145,1.0,10,,scalar_first_exact
pg-hnsw,100000,2,w3,308,19.805083,1.0,10,,scalar_first_exact
pg-hnsw,100000,2,w3,233,19.416875,1.0,10,,scalar_first_exact
pg-hnsw,100000,2,w3,243,19.240833,1.0,10,,scalar_first_exact
pg-hnsw,100000,2,w3,846,19.50625,1.0,10,,scalar_first_exact
pg-hnsw,100000,2,w3,737,19.692333,1.0,10,,scalar_first_exact
pg-hnsw,100000,2,w3,576,21.548875,1.0,10,,scalar_first_exact
pg-hnsw,100000,2,w3,154,19.504625,1.0,10,,scalar_first_exact
pg-hnsw,100000,2,w3,614,19.036958,1.0,10,,scalar_first_exact
pg-hnsw,100000,2,w3,631,22.085292,1.0,10,,scalar_first_exact
pg-hnsw,100000,2,w3,434,19.008083,1.0,10,,scalar_first_exact
pg-hnsw,100000,2,w3,172,20.259542,1.0,10,,scalar_first_exact
pg-hnsw,100000,2,w3,969,20.805625,1.0,10,,scalar_first_exact
pg-hnsw,100000,2,w3,161,30.379708,1.0,10,,scalar_first_exact
pg-hnsw,100000,2,w3,886,19.215083,1.0,10,,scalar_first_exact
pg-hnsw,100000,2,w3,879,20.493625,1.0,10,,scalar_first_exact
pg-hnsw,100000,2,w3,551,20.512292,1.0,10,,scalar_first_exact
pg-hnsw,100000,2,w3,741,19.704708,1.0,10,,scalar_first_exact
pg-hnsw,100000,2,w3,744,19.659458,1.0,10,,scalar_first_exact
pg-hnsw,100000,2,w3,980,20.370375,1.0,10,,scalar_first_exact
pg-hnsw,100000,2,w3,939,20.395709,1.0,10,,scalar_first_exact
pg-hnsw,100000,2,w3,729,19.714959,1.0,10,,scalar_first_exact
pg-hnsw,100000,2,w3,328,20.8065,1.0,10,,scalar_first_exact
pg-hnsw,100000,2,w3,723,19.59025,1.0,10,,scalar_first_exact
pg-hnsw,100000,2,w3,395,19.949125,1.0,10,,scalar_first_exact
pg-hnsw,100000,2,w3,413,21.087167,1.0,10,,scalar_first_exact
pg-hnsw,100000,2,w3,811,20.067,1.0,10,,scalar_first_exact
pg-hnsw,100000,2,w3,450,19.843458,1.0,10,,scalar_first_exact
pg-hnsw,100000,2,w3,708,19.426708,1.0,10,,scalar_first_exact
pg-hnsw,100000,2,w3,777,20.568833,1.0,10,,scalar_first_exact
pg-hnsw,100000,2,w3,292,19.50175,1.0,10,,scalar_first_exact
pg-hnsw,100000,2,w3,304,19.669541,1.0,10,,scalar_first_exact
pg-hnsw,100000,2,w3,845,19.415125,1.0,10,,scalar_first_exact
pg-hnsw,100000,2,w3,632,19.8865,1.0,10,,scalar_first_exact
pg-hnsw,100000,2,w3,103,19.126625,1.0,10,,scalar_first_exact
pg-hnsw,100000,2,w3,259,20.79,1.0,10,,scalar_first_exact
pg-hnsw,100000,2,w3,406,18.985542,1.0,10,,scalar_first_exact
pg-hnsw,100000,2,w3,916,18.519917,1.0,10,,scalar_first_exact
pg-hnsw,100000,2,w3,883,20.1125,1.0,10,,scalar_first_exact
pg-hnsw,100000,2,w3,421,18.845833,1.0,10,,scalar_first_exact
pg-hnsw,100000,2,w3,142,19.776541,1.0,10,,scalar_first_exact
pg-hnsw,100000,2,w3,562,19.085291,1.0,10,,scalar_first_exact
pg-hnsw,100000,2,w3,711,19.313334,1.0,10,,scalar_first_exact
pg-hnsw,100000,2,w3,736,19.958,1.0,10,,scalar_first_exact
pg-hnsw,100000,2,w3,947,19.848167,1.0,10,,scalar_first_exact
pg-hnsw,100000,2,w3,500,19.67625,1.0,10,,scalar_first_exact
pg-hnsw,100000,2,w3,120,23.10125,1.0,10,,scalar_first_exact
pg-hnsw,100000,2,w3,193,21.20975,1.0,10,,scalar_first_exact
pg-hnsw,100000,2,w3,299,21.08225,1.0,10,,scalar_first_exact
pg-hnsw,100000,2,w3,146,20.271,1.0,10,,scalar_first_exact
pg-hnsw,100000,2,w3,991,20.538125,1.0,10,,scalar_first_exact
pg-hnsw,100000,2,w3,825,19.876,1.0,10,,scalar_first_exact
pg-hnsw,100000,2,w3,671,19.909292,1.0,10,,scalar_first_exact
pg-hnsw,100000,2,w3,726,20.6925,1.0,10,,scalar_first_exact
pg-hnsw,100000,2,w3,970,20.449875,1.0,10,,scalar_first_exact
pg-hnsw,100000,2,w3,512,19.703625,1.0,10,,scalar_first_exact
pg-hnsw,100000,2,w3,670,19.888417,1.0,10,,scalar_first_exact
pg-hnsw,100000,2,w3,556,20.207916,1.0,10,,scalar_first_exact
pg-hnsw,100000,2,w3,116,21.240875,1.0,10,,scalar_first_exact
pg-hnsw,100000,2,w3,443,19.657791,1.0,10,,scalar_first_exact
pg-hnsw,100000,2,w3,363,19.953666,1.0,10,,scalar_first_exact
pg-hnsw,100000,2,w3,716,20.049166,1.0,10,,scalar_first_exact
pg-hnsw,100000,2,w3,793,19.178833,1.0,10,,scalar_first_exact
pg-hnsw,100000,2,w3,783,18.91775,1.0,10,,scalar_first_exact
pg-hnsw,100000,2,w3,393,20.04325,1.0,10,,scalar_first_exact
pg-hnsw,100000,2,w3,246,20.118208,1.0,10,,scalar_first_exact
pg-hnsw,100000,2,w3,891,21.436417,1.0,10,,scalar_first_exact
pg-hnsw,100000,2,w3,989,20.18875,1.0,10,,scalar_first_exact
pg-hnsw,100000,2,w3,766,19.909209,1.0,10,,scalar_first_exact
pg-hnsw,100000,2,w3,831,23.851375,1.0,10,,scalar_first_exact
pg-hnsw,100000,2,w3,522,20.015416,1.0,10,,scalar_first_exact
pg-hnsw,100000,2,w3,337,19.899834,1.0,10,,scalar_first_exact
pg-hnsw,100000,2,w3,782,21.544959,1.0,10,,scalar_first_exact
pg-hnsw,100000,2,w3,689,20.020416,1.0,10,,scalar_first_exact
pg-hnsw,100000,2,w3,241,21.362167,1.0,10,,scalar_first_exact
pg-hnsw,100000,2,w3,150,21.537375,1.0,10,,scalar_first_exact
pg-hnsw,100000,2,w3,922,19.833291,1.0,10,,scalar_first_exact
pg-hnsw,100000,2,w3,333,19.795167,1.0,10,,scalar_first_exact
pg-hnsw,100000,2,w3,531,19.366167,1.0,10,,scalar_first_exact
pg-hnsw,100000,2,w3,784,19.59675,1.0,10,,scalar_first_exact
pg-hnsw,100000,2,w3,861,20.380125,1.0,10,,scalar_first_exact
pg-hnsw,100000,2,w3,692,23.09625,1.0,10,,scalar_first_exact
pg-hnsw,100000,2,w3,664,20.07825,1.0,10,,scalar_first_exact
pg-hnsw,100000,2,w3,152,19.432,1.0,10,,scalar_first_exact
pg-hnsw,100000,2,w3,601,19.176375,1.0,10,,scalar_first_exact
pg-hnsw,100000,2,w3,332,18.769041,1.0,10,,scalar_first_exact
pg-hnsw,100000,2,w3,709,19.06225,1.0,10,,scalar_first_exact
pg-hnsw,100000,2,w3,514,18.755875,1.0,10,,scalar_first_exact
pg-hnsw,100000,2,w3,606,18.63675,1.0,10,,scalar_first_exact
pg-hnsw,100000,2,w3,297,19.683208,1.0,10,,scalar_first_exact
pg-hnsw,100000,2,w3,560,21.720583,1.0,10,,scalar_first_exact
pg-hnsw,100000,2,w3,683,18.658875,1.0,10,,scalar_first_exact
pg-hnsw,100000,2,w3,771,18.868,1.0,10,,scalar_first_exact
pg-hnsw,100000,2,w3,529,18.462375,1.0,10,,scalar_first_exact
pg-hnsw,100000,2,w3,552,19.167166,1.0,10,,scalar_first_exact
pg-hnsw,100000,2,w3,341,19.234333,1.0,10,,scalar_first_exact
pg-hnsw,100000,2,w3,931,20.515083,1.0,10,,scalar_first_exact
pg-hnsw,100000,2,w3,902,19.910666,1.0,10,,scalar_first_exact
pg-hnsw,100000,2,w3,386,19.053625,1.0,10,,scalar_first_exact
pg-hnsw,100000,2,w3,558,20.042709,1.0,10,,scalar_first_exact
pg-hnsw,100000,2,w3,779,22.359416,1.0,10,,scalar_first_exact
pg-hnsw,100000,2,w3,135,19.240125,1.0,10,,scalar_first_exact
pg-hnsw,100000,2,w3,917,19.626334,1.0,10,,scalar_first_exact
pg-hnsw,100000,2,w3,275,19.842125,1.0,10,,scalar_first_exact
pg-hnsw,100000,2,w3,646,19.094375,1.0,10,,scalar_first_exact
pg-hnsw,100000,2,w3,287,19.800333,1.0,10,,scalar_first_exact
pg-hnsw,100000,2,w3,453,20.194625,1.0,10,,scalar_first_exact
pg-hnsw,100000,2,w3,590,19.722167,1.0,10,,scalar_first_exact
pg-hnsw,100000,2,w3,687,23.665458,1.0,10,,scalar_first_exact
pg-hnsw,100000,2,w3,170,20.092583,1.0,10,,scalar_first_exact
pg-hnsw,100000,2,w3,535,19.874709,1.0,10,,scalar_first_exact
pg-hnsw,100000,2,w3,848,20.129208,1.0,10,,scalar_first_exact
pg-hnsw,100000,2,w3,510,21.320166,1.0,10,,scalar_first_exact
pg-hnsw,100000,2,w3,459,20.0455,1.0,10,,scalar_first_exact
pg-hnsw,100000,2,w3,612,21.43175,1.0,10,,scalar_first_exact
pg-hnsw,100000,2,w3,638,20.2515,1.0,10,,scalar_first_exact
pg-hnsw,100000,2,w3,284,21.683792,1.0,10,,scalar_first_exact
pg-hnsw,100000,2,w3,555,19.372125,1.0,10,,scalar_first_exact
pg-hnsw,100000,2,w3,270,20.416,1.0,10,,scalar_first_exact
pg-hnsw,100000,2,w3,813,19.548667,1.0,10,,scalar_first_exact
pg-hnsw,100000,2,w3,933,19.207167,1.0,10,,scalar_first_exact
pg-hnsw,100000,2,w3,718,21.7515,1.0,10,,scalar_first_exact
pg-hnsw,100000,2,w3,607,23.131458,1.0,10,,scalar_first_exact
pg-hnsw,100000,2,w3,506,20.828833,1.0,10,,scalar_first_exact
pg-hnsw,100000,2,w3,584,20.873167,1.0,10,,scalar_first_exact
pg-hnsw,100000,2,w3,735,20.323083,1.0,10,,scalar_first_exact
pg-hnsw,100000,2,w3,266,22.922917,1.0,10,,scalar_first_exact
pg-hnsw,100000,2,w3,394,19.056542,1.0,10,,scalar_first_exact
pg-hnsw,100000,2,w3,839,20.332833,1.0,10,,scalar_first_exact
pg-hnsw,100000,2,w3,462,20.068834,1.0,10,,scalar_first_exact
pg-hnsw,100000,2,w3,826,22.656292,1.0,10,,scalar_first_exact
pg-hnsw,100000,2,w3,429,19.71775,1.0,10,,scalar_first_exact
pg-hnsw,100000,2,w3,712,19.690708,1.0,10,,scalar_first_exact
pg-hnsw,100000,2,w3,501,20.515792,1.0,10,,scalar_first_exact
pg-hnsw,100000,2,w3,202,19.893084,1.0,10,,scalar_first_exact
pg-hnsw,100000,2,w3,641,18.436791,1.0,10,,scalar_first_exact
pg-hnsw,100000,2,w3,481,18.805833,1.0,10,,scalar_first_exact
pg-hnsw,100000,2,w3,909,19.679125,1.0,10,,scalar_first_exact
pg-hnsw,100000,2,w3,919,19.562917,1.0,10,,scalar_first_exact
pg-hnsw,100000,2,w3,808,18.682708,1.0,10,,scalar_first_exact
pg-hnsw,100000,2,w3,480,19.767167,1.0,10,,scalar_first_exact
pg-hnsw,100000,2,w3,666,18.7685,1.0,10,,scalar_first_exact
pg-hnsw,100000,2,w3,762,18.797208,1.0,10,,scalar_first_exact
pg-hnsw,100000,2,w3,466,18.9375,1.0,10,,scalar_first_exact
pg-hnsw,100000,2,w3,824,18.717042,1.0,10,,scalar_first_exact
pg-hnsw,100000,2,w3,679,22.484,1.0,10,,scalar_first_exact
pg-hnsw,100000,2,w3,431,20.406542,1.0,10,,scalar_first_exact
pg-hnsw,100000,2,w3,972,19.039416,1.0,10,,scalar_first_exact
pg-hnsw,100000,2,w3,515,19.857,1.0,10,,scalar_first_exact
pg-hnsw,100000,2,w3,237,20.086541,1.0,10,,scalar_first_exact
pg-hnsw,100000,2,w3,678,20.307583,1.0,10,,scalar_first_exact
pg-hnsw,100000,2,w3,231,20.341041,1.0,10,,scalar_first_exact
pg-hnsw,100000,2,w3,210,19.774333,1.0,10,,scalar_first_exact
pg-hnsw,100000,2,w3,780,19.349292,1.0,10,,scalar_first_exact
pg-hnsw,100000,2,w3,681,21.394625,1.0,10,,scalar_first_exact
pg-hnsw,100000,2,w3,677,19.611042,1.0,10,,scalar_first_exact
pg-hnsw,100000,2,w3,998,19.985125,1.0,10,,scalar_first_exact
pg-hnsw,100000,2,w3,265,19.609542,1.0,10,,scalar_first_exact
pg-hnsw,100000,2,w3,650,21.929917,1.0,10,,scalar_first_exact
pg-hnsw,100000,2,w3,350,19.413958,1.0,10,,scalar_first_exact
pg-hnsw,100000,2,w3,230,19.161292,1.0,10,,scalar_first_exact
pg-hnsw,100000,2,w3,794,19.034042,1.0,10,,scalar_first_exact
pg-hnsw,100000,2,w3,376,19.518458,1.0,10,,scalar_first_exact
pg-hnsw,100000,2,w3,223,19.263125,1.0,10,,scalar_first_exact
pg-hnsw,100000,2,w3,385,23.274541,1.0,10,,scalar_first_exact
pg-hnsw,100000,2,w3,115,19.560625,1.0,10,,scalar_first_exact
pg-hnsw,100000,2,w3,871,20.234208,1.0,10,,scalar_first_exact
pg-hnsw,100000,2,w3,623,19.157625,1.0,10,,scalar_first_exact
pg-hnsw,100000,2,w3,128,20.779208,1.0,10,,scalar_first_exact
pg-hnsw,100000,2,w3,836,19.432541,1.0,10,,scalar_first_exact
pg-hnsw,100000,2,w3,866,18.909708,1.0,10,,scalar_first_exact
pg-hnsw,100000,2,w3,788,19.581041,1.0,10,,scalar_first_exact
pg-hnsw,100000,2,w3,151,21.464667,1.0,10,,scalar_first_exact
pg-hnsw,100000,2,w3,316,21.059708,1.0,10,,scalar_first_exact
pg-hnsw,100000,2,w3,355,19.347709,1.0,10,,scalar_first_exact
pg-hnsw,100000,2,w3,852,19.335084,1.0,10,,scalar_first_exact
pg-hnsw,100000,2,w3,114,18.92475,1.0,10,,scalar_first_exact
pg-hnsw,100000,2,w3,440,19.399292,1.0,10,,scalar_first_exact
pg-hnsw,100000,2,w3,197,20.152417,1.0,10,,scalar_first_exact
pg-hnsw,100000,2,w3,208,20.255708,1.0,10,,scalar_first_exact
pg-hnsw,100000,2,w3,617,19.577917,1.0,10,,scalar_first_exact
pg-hnsw,100000,2,w3,579,19.721583,1.0,10,,scalar_first_exact
pg-hnsw,100000,2,w3,573,22.981708,1.0,10,,scalar_first_exact
pg-hnsw,100000,2,w3,960,20.196042,1.0,10,,scalar_first_exact
pg-hnsw,100000,2,w3,496,20.948083,1.0,10,,scalar_first_exact
pg-hnsw,100000,2,w3,211,18.548542,1.0,10,,scalar_first_exact
pg-hnsw,100000,2,w3,277,19.010791,1.0,10,,scalar_first_exact
pg-hnsw,100000,2,w3,929,18.787208,1.0,10,,scalar_first_exact
pg-hnsw,100000,2,w3,158,18.837875,1.0,10,,scalar_first_exact
pg-hnsw,100000,2,w3,131,19.082292,1.0,10,,scalar_first_exact
pg-hnsw,100000,2,w3,492,19.224583,1.0,10,,scalar_first_exact
pg-hnsw,100000,2,w3,191,19.865666,1.0,10,,scalar_first_exact
pg-hnsw,100000,2,w3,540,18.712583,1.0,10,,scalar_first_exact
pg-hnsw,100000,2,w3,368,19.172542,1.0,10,,scalar_first_exact
pg-hnsw,100000,2,w3,435,19.582166,1.0,10,,scalar_first_exact
pg-hnsw,100000,2,w3,993,20.283292,1.0,10,,scalar_first_exact
pg-hnsw,100000,2,w3,994,19.725125,1.0,10,,scalar_first_exact
pg-hnsw,100000,2,w3,302,18.867875,1.0,10,,scalar_first_exact
pg-hnsw,100000,2,w3,288,19.56375,1.0,10,,scalar_first_exact
pg-hnsw,100000,2,w3,944,20.726875,1.0,10,,scalar_first_exact
pg-hnsw,100000,2,w3,415,19.839083,1.0,10,,scalar_first_exact
pg-hnsw,100000,2,w3,853,20.377333,1.0,10,,scalar_first_exact
pg-hnsw,100000,2,w3,927,20.911166,1.0,10,,scalar_first_exact
pg-hnsw,100000,2,w3,256,19.106125,1.0,10,,scalar_first_exact
pg-hnsw,100000,2,w3,629,19.614625,1.0,10,,scalar_first_exact
pg-hnsw,100000,2,w3,448,20.342209,1.0,10,,scalar_first_exact
pg-hnsw,100000,2,w3,479,19.490125,1.0,10,,scalar_first_exact
pg-hnsw,100000,2,w3,323,21.889,1.0,10,,scalar_first_exact
pg-hnsw,100000,2,w3,934,20.197833,1.0,10,,scalar_first_exact
pg-hnsw,100000,2,w3,963,19.746375,1.0,10,,scalar_first_exact
pg-hnsw,100000,2,w3,599,20.628667,1.0,10,,scalar_first_exact
pg-hnsw,100000,2,w3,954,20.503625,1.0,10,,scalar_first_exact
pg-hnsw,100000,2,w3,905,19.488333,1.0,10,,scalar_first_exact
pg-hnsw,100000,2,w3,800,20.653125,1.0,10,,scalar_first_exact
pg-hnsw,100000,2,w3,570,22.939792,1.0,10,,scalar_first_exact
pg-hnsw,100000,2,w3,987,19.999625,1.0,10,,scalar_first_exact
pg-hnsw,100000,2,w3,214,20.216791,1.0,10,,scalar_first_exact
pg-hnsw,100000,2,w3,345,19.0955,1.0,10,,scalar_first_exact
pg-hnsw,100000,2,w3,234,20.320083,1.0,10,,scalar_first_exact
pg-hnsw,100000,2,w3,162,19.18775,1.0,10,,scalar_first_exact
pg-hnsw,100000,2,w3,335,22.904583,1.0,10,,scalar_first_exact
pg-hnsw,100000,2,w3,516,19.9315,1.0,10,,scalar_first_exact
pg-hnsw,100000,2,w3,318,19.196333,1.0,10,,scalar_first_exact
pg-hnsw,100000,2,w3,367,19.633625,1.0,10,,scalar_first_exact
pg-hnsw,100000,2,w3,965,19.245417,1.0,10,,scalar_first_exact
pg-hnsw,100000,2,w3,697,19.291375,1.0,10,,scalar_first_exact
pg-hnsw,100000,2,w3,988,19.78325,1.0,10,,scalar_first_exact
pg-hnsw,100000,2,w3,690,19.354625,1.0,10,,scalar_first_exact
pg-hnsw,100000,2,w3,106,20.004625,1.0,10,,scalar_first_exact
pg-hnsw,100000,2,w3,695,19.828958,1.0,10,,scalar_first_exact
pg-hnsw,100000,2,w3,770,19.958042,1.0,10,,scalar_first_exact
pg-hnsw,100000,2,w3,890,20.716916,1.0,10,,scalar_first_exact
pg-hnsw,100000,2,w3,643,20.821791,1.0,10,,scalar_first_exact
pg-hnsw,100000,2,w3,533,19.195833,1.0,10,,scalar_first_exact
pg-hnsw,100000,2,w3,301,20.535458,1.0,10,,scalar_first_exact
pg-hnsw,100000,2,w3,787,20.063584,1.0,10,,scalar_first_exact
pg-hnsw,100000,2,w3,680,20.405208,1.0,10,,scalar_first_exact
pg-hnsw,100000,2,w3,897,19.2225,1.0,10,,scalar_first_exact
pg-hnsw,100000,2,w3,201,19.841333,1.0,10,,scalar_first_exact
pg-hnsw,100000,2,w3,621,19.306042,1.0,10,,scalar_first_exact
pg-hnsw,100000,2,w3,463,19.699459,1.0,10,,scalar_first_exact
pg-hnsw,100000,2,w3,495,20.938625,1.0,10,,scalar_first_exact
pg-hnsw,100000,2,w3,110,20.862375,1.0,10,,scalar_first_exact
pg-hnsw,100000,2,w3,438,19.392417,1.0,10,,scalar_first_exact
pg-hnsw,100000,2,w3,107,20.354959,1.0,10,,scalar_first_exact
pg-hnsw,100000,2,w3,587,21.1915,1.0,10,,scalar_first_exact
pg-hnsw,100000,2,w3,602,20.280125,1.0,10,,scalar_first_exact
pg-hnsw,100000,2,w3,143,19.872958,1.0,10,,scalar_first_exact
pg-hnsw,100000,2,w3,938,20.902125,1.0,10,,scalar_first_exact
pg-hnsw,100000,2,w3,351,20.113125,1.0,10,,scalar_first_exact
pg-hnsw,100000,2,w3,907,21.015208,1.0,10,,scalar_first_exact
pg-hnsw,100000,2,w3,705,19.928459,1.0,10,,scalar_first_exact
pg-hnsw,100000,2,w3,283,20.5385,1.0,10,,scalar_first_exact
pg-hnsw,100000,2,w3,177,19.817375,1.0,10,,scalar_first_exact
pg-hnsw,100000,2,w3,546,19.759167,1.0,10,,scalar_first_exact
pg-hnsw,100000,2,w3,295,21.158292,1.0,10,,scalar_first_exact
pg-hnsw,100000,2,w3,238,20.388167,1.0,10,,scalar_first_exact
pg-hnsw,100000,2,w3,153,19.586083,1.0,10,,scalar_first_exact
pg-hnsw,100000,2,w3,565,20.613792,1.0,10,,scalar_first_exact
pg-hnsw,100000,2,w3,280,20.041458,1.0,10,,scalar_first_exact
pg-hnsw,100000,2,w3,286,19.947209,1.0,10,,scalar_first_exact
pg-hnsw,100000,2,w3,747,22.866459,1.0,10,,scalar_first_exact
pg-hnsw,100000,2,w3,129,20.350917,1.0,10,,scalar_first_exact
pg-hnsw,100000,2,w3,289,19.338041,1.0,10,,scalar_first_exact
pg-hnsw,100000,2,w3,807,19.407459,1.0,10,,scalar_first_exact
pg-hnsw,100000,2,w3,658,19.419916,1.0,10,,scalar_first_exact
pg-hnsw,100000,2,w3,428,19.380417,1.0,10,,scalar_first_exact
pg-hnsw,100000,2,w3,572,19.082875,1.0,10,,scalar_first_exact
pg-hnsw,100000,2,w3,756,20.396875,1.0,10,,scalar_first_exact
pg-hnsw,100000,2,w3,924,19.90975,1.0,10,,scalar_first_exact
pg-hnsw,100000,2,w3,634,19.118834,1.0,10,,scalar_first_exact
pg-hnsw,100000,2,w3,898,19.990417,1.0,10,,scalar_first_exact
pg-hnsw,100000,2,w3,196,20.744917,1.0,10,,scalar_first_exact
pg-hnsw,100000,2,w3,675,19.663875,1.0,10,,scalar_first_exact
pg-hnsw,100000,2,w3,639,20.247875,1.0,10,,scalar_first_exact
pg-hnsw,100000,2,w3,731,19.390459,1.0,10,,scalar_first_exact
pg-hnsw,100000,2,w3,548,20.622667,1.0,10,,scalar_first_exact
pg-hnsw,100000,2,w3,881,19.109458,1.0,10,,scalar_first_exact
pg-hnsw,100000,2,w3,952,20.368625,1.0,10,,scalar_first_exact
pg-hnsw,100000,2,w3,530,19.350834,1.0,10,,scalar_first_exact
pg-hnsw,100000,2,w3,100,19.26575,1.0,10,,scalar_first_exact
pg-hnsw,100000,2,w3,594,19.000541,1.0,10,,scalar_first_exact
pg-hnsw,100000,2,w3,707,19.930208,1.0,10,,scalar_first_exact
pg-hnsw,100000,2,w3,436,19.149708,1.0,10,,scalar_first_exact
pg-hnsw,100000,2,w3,381,19.382334,1.0,10,,scalar_first_exact
pg-hnsw,100000,2,w3,348,19.1285,1.0,10,,scalar_first_exact
pg-hnsw,100000,2,w3,550,19.016167,1.0,10,,scalar_first_exact
pg-hnsw,100000,2,w3,517,20.661959,1.0,10,,scalar_first_exact
pg-hnsw,100000,2,w3,409,18.920209,1.0,10,,scalar_first_exact
pg-hnsw,100000,2,w3,290,18.721666,1.0,10,,scalar_first_exact
pg-hnsw,100000,2,w3,218,19.216,1.0,10,,scalar_first_exact
pg-hnsw,100000,2,w3,870,18.921791,1.0,10,,scalar_first_exact
pg-hnsw,100000,2,w3,524,18.797041,1.0,10,,scalar_first_exact
pg-hnsw,100000,2,w3,118,18.960167,1.0,10,,scalar_first_exact
pg-hnsw,100000,2,w3,225,22.629166,1.0,10,,scalar_first_exact
pg-hnsw,100000,2,w3,249,20.003042,1.0,10,,scalar_first_exact
pg-hnsw,100000,2,w3,640,19.708875,1.0,10,,scalar_first_exact
pg-hnsw,100000,2,w3,419,19.35825,1.0,10,,scalar_first_exact
pg-hnsw,100000,2,w3,892,19.873292,1.0,10,,scalar_first_exact
pg-hnsw,100000,2,w3,498,20.614542,1.0,10,,scalar_first_exact
pg-hnsw,100000,2,w3,130,20.161375,1.0,10,,scalar_first_exact
pg-hnsw,100000,2,w3,449,19.649166,1.0,10,,scalar_first_exact
pg-hnsw,100000,2,w3,111,19.395583,1.0,10,,scalar_first_exact
pg-hnsw,100000,2,w3,769,20.419541,1.0,10,,scalar_first_exact
pg-hnsw,100000,2,w3,372,19.576583,1.0,10,,scalar_first_exact
pg-hnsw,100000,2,w3,691,20.0815,1.0,10,,scalar_first_exact
pg-hnsw,100000,2,w3,200,20.126417,1.0,10,,scalar_first_exact
pg-hnsw,100000,2,w3,534,19.922542,1.0,10,,scalar_first_exact
pg-hnsw,100000,2,w3,721,21.660084,1.0,10,,scalar_first_exact
pg-hnsw,100000,2,w3,465,19.988625,1.0,10,,scalar_first_exact
pg-hnsw,100000,2,w3,408,21.681625,1.0,10,,scalar_first_exact
pg-hnsw,100000,2,w3,523,19.910667,1.0,10,,scalar_first_exact
pg-hnsw,100000,2,w3,588,22.071333,1.0,10,,scalar_first_exact
pg-hnsw,100000,2,w3,974,20.588333,1.0,10,,scalar_first_exact
pg-hnsw,100000,2,w3,789,20.536083,1.0,10,,scalar_first_exact
pg-hnsw,100000,2,w3,387,19.180208,1.0,10,,scalar_first_exact
pg-hnsw,100000,2,w3,847,22.340417,1.0,10,,scalar_first_exact
pg-hnsw,100000,2,w3,880,19.812625,1.0,10,,scalar_first_exact
pg-hnsw,100000,2,w3,953,21.400209,1.0,10,,scalar_first_exact
pg-hnsw,100000,2,w3,400,19.757625,1.0,10,,scalar_first_exact
pg-hnsw,100000,2,w3,155,21.370209,1.0,10,,scalar_first_exact
pg-hnsw,100000,2,w3,124,19.147292,1.0,10,,scalar_first_exact
pg-hnsw,100000,2,w3,412,22.81175,1.0,10,,scalar_first_exact
pg-hnsw,100000,2,w3,575,20.496584,1.0,10,,scalar_first_exact
pg-hnsw,100000,2,w3,978,21.105583,1.0,10,,scalar_first_exact
pg-hnsw,100000,2,w3,179,19.494583,1.0,10,,scalar_first_exact
pg-hnsw,100000,2,w3,159,19.353542,1.0,10,,scalar_first_exact
pg-hnsw,100000,2,w3,346,24.000542,1.0,10,,scalar_first_exact
pg-hnsw,100000,2,w3,144,20.862167,1.0,10,,scalar_first_exact
pg-hnsw,100000,2,w3,340,20.505708,1.0,10,,scalar_first_exact
pg-hnsw,100000,2,w3,742,21.373833,1.0,10,,scalar_first_exact
pg-hnsw,100000,2,w3,619,19.120167,1.0,10,,scalar_first_exact
pg-hnsw,100000,2,w3,968,22.00475,1.0,10,,scalar_first_exact
pg-hnsw,100000,2,w3,493,19.385083,1.0,10,,scalar_first_exact
pg-hnsw,100000,2,w3,186,18.510375,1.0,10,,scalar_first_exact
pg-hnsw,100000,2,w3,694,18.929541,1.0,10,,scalar_first_exact
pg-hnsw,100000,2,w3,198,19.308833,1.0,10,,scalar_first_exact
pg-hnsw,100000,2,w3,693,18.975167,1.0,10,,scalar_first_exact
pg-hnsw,100000,2,w3,942,19.73425,1.0,10,,scalar_first_exact
pg-hnsw,100000,2,w3,557,19.575209,1.0,10,,scalar_first_exact
pg-hnsw,100000,2,w3,371,19.639459,1.0,10,,scalar_first_exact
pg-hnsw,100000,2,w3,567,18.927291,1.0,10,,scalar_first_exact
pg-hnsw,100000,2,w3,549,18.893417,1.0,10,,scalar_first_exact
pg-hnsw,100000,2,w3,257,19.13175,1.0,10,,scalar_first_exact
pg-hnsw,100000,2,w3,757,22.904917,1.0,10,,scalar_first_exact
pg-hnsw,100000,2,w3,876,19.399584,1.0,10,,scalar_first_exact
pg-hnsw,100000,2,w3,164,19.247833,1.0,10,,scalar_first_exact
pg-hnsw,100000,2,w3,706,19.994917,1.0,10,,scalar_first_exact
pg-hnsw,100000,2,w3,405,19.967666,1.0,10,,scalar_first_exact
pg-hnsw,100000,2,w3,488,20.321958,1.0,10,,scalar_first_exact
pg-hnsw,100000,2,w3,229,19.153834,1.0,10,,scalar_first_exact
pg-hnsw,100000,2,w3,104,23.533666,1.0,10,,scalar_first_exact
pg-hnsw,100000,2,w3,166,19.74625,1.0,10,,scalar_first_exact
pg-hnsw,100000,2,w3,178,21.741875,1.0,10,,scalar_first_exact
pg-hnsw,100000,2,w3,738,19.474042,1.0,10,,scalar_first_exact
pg-hnsw,100000,2,w3,986,19.133583,1.0,10,,scalar_first_exact
pg-hnsw,100000,2,w3,370,19.563125,1.0,10,,scalar_first_exact
pg-hnsw,100000,2,w3,611,19.40625,1.0,10,,scalar_first_exact
pg-hnsw,100000,2,w3,703,18.99275,1.0,10,,scalar_first_exact
pg-hnsw,100000,2,w3,447,19.433334,1.0,10,,scalar_first_exact
pg-hnsw,100000,2,w3,402,19.007542,1.0,10,,scalar_first_exact
pg-hnsw,100000,2,w3,622,19.371083,1.0,10,,scalar_first_exact
pg-hnsw,100000,2,w3,147,19.425542,1.0,10,,scalar_first_exact
pg-hnsw,100000,2,w3,182,19.17,1.0,10,,scalar_first_exact
pg-hnsw,100000,2,w3,899,20.512792,1.0,10,,scalar_first_exact
pg-hnsw,100000,2,w3,358,19.396458,1.0,10,,scalar_first_exact
pg-hnsw,100000,2,w3,507,21.071792,1.0,10,,scalar_first_exact
pg-hnsw,100000,2,w3,157,20.379833,1.0,10,,scalar_first_exact
pg-hnsw,100000,2,w3,720,19.242916,1.0,10,,scalar_first_exact
pg-hnsw,100000,2,w3,174,20.135334,1.0,10,,scalar_first_exact
pg-hnsw,100000,2,w3,608,19.908791,1.0,10,,scalar_first_exact
pg-hnsw,100000,2,w3,872,20.219959,1.0,10,,scalar_first_exact
pg-hnsw,100000,2,w3,101,19.73275,1.0,10,,scalar_first_exact
pg-hnsw,100000,2,w3,928,23.477833,1.0,10,,scalar_first_exact
pg-hnsw,100000,2,w3,827,19.380417,1.0,10,,scalar_first_exact
pg-hnsw,100000,2,w3,564,20.022542,1.0,10,,scalar_first_exact
pg-hnsw,100000,2,w3,538,19.430958,1.0,10,,scalar_first_exact
pg-hnsw,100000,2,w3,222,19.027875,1.0,10,,scalar_first_exact
pg-hnsw,100000,2,w3,654,20.223375,1.0,10,,scalar_first_exact
pg-hnsw,100000,2,w3,727,20.649583,1.0,10,,scalar_first_exact
pg-hnsw,100000,2,w3,484,20.708708,1.0,10,,scalar_first_exact
pg-hnsw,100000,2,w3,722,21.916375,1.0,10,,scalar_first_exact
pg-hnsw,100000,2,w3,628,22.652833,1.0,10,,scalar_first_exact
pg-hnsw,100000,2,w3,242,18.968584,1.0,10,,scalar_first_exact
pg-hnsw,100000,2,w3,451,18.529417,1.0,10,,scalar_first_exact
pg-hnsw,100000,2,w3,730,18.979417,1.0,10,,scalar_first_exact
pg-hnsw,100000,2,w3,217,19.356917,1.0,10,,scalar_first_exact
pg-hnsw,100000,2,w3,240,18.82125,1.0,10,,scalar_first_exact
pg-hnsw,100000,2,w3,840,19.545375,1.0,10,,scalar_first_exact
pg-hnsw,100000,2,w3,663,19.13875,1.0,10,,scalar_first_exact
pg-hnsw,100000,2,w3,580,18.643667,1.0,10,,scalar_first_exact
pg-hnsw,100000,2,w3,603,18.486208,1.0,10,,scalar_first_exact
pg-hnsw,100000,2,w3,127,19.091708,1.0,10,,scalar_first_exact
pg-hnsw,100000,2,w3,733,18.59275,1.0,10,,scalar_first_exact
pg-hnsw,100000,2,w3,668,21.595708,1.0,10,,scalar_first_exact
pg-hnsw,100000,2,w3,755,19.420458,1.0,10,,scalar_first_exact
pg-hnsw,100000,2,w3,633,19.92575,1.0,10,,scalar_first_exact
pg-hnsw,100000,2,w3,698,21.877625,1.0,10,,scalar_first_exact
pg-hnsw,100000,2,w3,914,21.709208,1.0,10,,scalar_first_exact
pg-hnsw,100000,2,w3,821,19.890833,1.0,10,,scalar_first_exact
pg-hnsw,100000,2,w3,536,21.941375,1.0,10,,scalar_first_exact
pg-hnsw,100000,2,w3,452,19.101291,1.0,10,,scalar_first_exact
pg-hnsw,100000,2,w3,908,19.587667,1.0,10,,scalar_first_exact
pg-hnsw,100000,2,w3,796,21.452584,1.0,10,,scalar_first_exact
pg-hnsw,100000,2,w3,467,19.683834,1.0,10,,scalar_first_exact
pg-hnsw,100000,2,w3,331,20.347209,1.0,10,,scalar_first_exact
pg-hnsw,100000,2,w3,518,19.9935,1.0,10,,scalar_first_exact
pg-hnsw,100000,2,w3,717,21.060083,1.0,10,,scalar_first_exact
pg-hnsw,100000,2,w3,686,20.851083,1.0,10,,scalar_first_exact
pg-hnsw,100000,2,w3,950,20.427875,1.0,10,,scalar_first_exact
pg-hnsw,100000,2,w3,956,19.876167,1.0,10,,scalar_first_exact
pg-hnsw,100000,2,w3,390,20.210041,1.0,10,,scalar_first_exact
pg-hnsw,100000,2,w3,205,20.114666,1.0,10,,scalar_first_exact
pg-hnsw,100000,2,w3,411,19.288333,1.0,10,,scalar_first_exact
pg-hnsw,100000,2,w3,267,20.155167,1.0,10,,scalar_first_exact
pg-hnsw,100000,2,w3,520,19.385625,1.0,10,,scalar_first_exact
pg-hnsw,100000,2,w3,714,18.950125,1.0,10,,scalar_first_exact
pg-hnsw,100000,2,w3,875,19.919083,1.0,10,,scalar_first_exact
pg-hnsw,100000,2,w3,511,21.332333,1.0,10,,scalar_first_exact
pg-hnsw,100000,2,w3,294,20.04825,1.0,10,,scalar_first_exact
pg-hnsw,100000,2,w3,171,19.271584,1.0,10,,scalar_first_exact
pg-hnsw,100000,2,w3,964,19.033417,1.0,10,,scalar_first_exact
pg-hnsw,100000,2,w3,648,19.718833,1.0,10,,scalar_first_exact
pg-hnsw,100000,2,w3,745,19.341583,1.0,10,,scalar_first_exact
pg-hnsw,100000,2,w3,173,19.637834,1.0,10,,scalar_first_exact
pg-hnsw,100000,2,w3,630,19.71575,1.0,10,,scalar_first_exact
pg-hnsw,100000,2,w3,189,20.265042,1.0,10,,scalar_first_exact
pg-hnsw,100000,2,w3,526,20.286834,1.0,10,,scalar_first_exact
pg-hnsw,100000,2,w3,754,20.197125,1.0,10,,scalar_first_exact
pg-hnsw,100000,2,w3,595,19.475375,1.0,10,,scalar_first_exact
pg-hnsw,100000,2,w3,389,20.460666,1.0,10,,scalar_first_exact
pg-hnsw,100000,2,w3,841,20.505792,1.0,10,,scalar_first_exact
pg-hnsw,100000,2,w3,554,19.81,1.0,10,,scalar_first_exact
pg-hnsw,100000,2,w3,268,20.012416,1.0,10,,scalar_first_exact
pg-hnsw,100000,2,w3,321,18.740709,1.0,10,,scalar_first_exact
pg-hnsw,100000,2,w3,977,18.951292,1.0,10,,scalar_first_exact
pg-hnsw,100000,2,w3,710,19.253166,1.0,10,,scalar_first_exact
pg-hnsw,100000,2,w3,306,18.852333,1.0,10,,scalar_first_exact
pg-hnsw,100000,2,w3,183,19.584417,1.0,10,,scalar_first_exact
pg-hnsw,100000,2,w3,945,19.490459,1.0,10,,scalar_first_exact
pg-hnsw,100000,2,w3,761,19.04625,1.0,10,,scalar_first_exact
pg-hnsw,100000,2,w3,356,18.755333,1.0,10,,scalar_first_exact
pg-hnsw,100000,2,w3,244,19.449,1.0,10,,scalar_first_exact
pg-hnsw,100000,2,w3,279,20.221,1.0,10,,scalar_first_exact
pg-hnsw,100000,2,w3,583,19.823334,1.0,10,,scalar_first_exact
pg-hnsw,100000,2,w3,849,19.551667,1.0,10,,scalar_first_exact
pg-hnsw,100000,2,w3,577,19.869417,1.0,10,,scalar_first_exact
pg-hnsw,100000,2,w3,571,20.836917,1.0,10,,scalar_first_exact
pg-hnsw,100000,2,w3,605,19.867541,1.0,10,,scalar_first_exact
pg-hnsw,100000,2,w3,798,21.459541,1.0,10,,scalar_first_exact
pg-hnsw,100000,2,w3,361,19.838417,1.0,10,,scalar_first_exact
pg-hnsw,100000,2,w3,113,19.722,1.0,10,,scalar_first_exact
pg-hnsw,100000,2,w3,868,20.252625,1.0,10,,scalar_first_exact
pg-hnsw,100000,2,w3,596,20.550833,1.0,10,,scalar_first_exact
pg-hnsw,100000,2,w3,656,20.502291,1.0,10,,scalar_first_exact
pg-hnsw,100000,2,w3,765,20.512625,1.0,10,,scalar_first_exact
pg-hnsw,100000,2,w3,820,20.426583,1.0,10,,scalar_first_exact
pg-hnsw,100000,2,w3,684,20.186292,1.0,10,,scalar_first_exact
pg-hnsw,100000,2,w3,790,21.005958,1.0,10,,scalar_first_exact
pg-hnsw,100000,2,w3,426,19.3305,1.0,10,,scalar_first_exact
pg-hnsw,100000,2,w3,553,19.981625,1.0,10,,scalar_first_exact
pg-hnsw,100000,2,w3,997,19.651583,1.0,10,,scalar_first_exact
pg-hnsw,100000,2,w3,360,19.253417,1.0,10,,scalar_first_exact
pg-hnsw,100000,2,w3,245,22.119375,1.0,10,,scalar_first_exact
pg-hnsw,100000,2,w3,543,19.647625,1.0,10,,scalar_first_exact
pg-hnsw,100000,2,w3,251,20.545541,1.0,10,,scalar_first_exact
pg-hnsw,100000,2,w3,951,19.392334,1.0,10,,scalar_first_exact
pg-hnsw,100000,2,w3,591,19.431041,1.0,10,,scalar_first_exact
pg-hnsw,100000,2,w3,935,19.949625,1.0,10,,scalar_first_exact
pg-hnsw,100000,2,w3,192,18.996167,1.0,10,,scalar_first_exact
pg-hnsw,100000,2,w3,822,21.203458,1.0,10,,scalar_first_exact
pg-hnsw,100000,2,w3,865,20.628958,1.0,10,,scalar_first_exact
pg-hnsw,100000,2,w3,545,21.163542,1.0,10,,scalar_first_exact
pg-hnsw,100000,2,w3,513,19.072083,1.0,10,,scalar_first_exact
pg-hnsw,100000,2,w3,888,19.231292,1.0,10,,scalar_first_exact
pg-hnsw,100000,2,w3,264,19.84975,1.0,10,,scalar_first_exact
pg-hnsw,100000,2,w3,851,19.349292,1.0,10,,scalar_first_exact
pg-hnsw,100000,2,w3,165,19.068333,1.0,10,,scalar_first_exact
pg-hnsw,100000,2,w3,569,19.633416,1.0,10,,scalar_first_exact
pg-hnsw,100000,2,w3,884,19.002125,1.0,10,,scalar_first_exact
pg-hnsw,100000,2,w3,959,19.047917,1.0,10,,scalar_first_exact
pg-hnsw,100000,2,w3,660,20.320333,1.0,10,,scalar_first_exact
pg-hnsw,100000,2,w3,985,18.982792,1.0,10,,scalar_first_exact
pg-hnsw,100000,2,w3,296,19.144916,1.0,10,,scalar_first_exact
pg-hnsw,100000,2,w3,456,19.4175,1.0,10,,scalar_first_exact
pg-hnsw,100000,2,w3,696,18.815125,1.0,10,,scalar_first_exact
pg-hnsw,100000,2,w3,725,18.579292,1.0,10,,scalar_first_exact
pg-hnsw,100000,2,w3,604,18.464375,1.0,10,,scalar_first_exact
pg-hnsw,100000,2,w3,220,19.797958,1.0,10,,scalar_first_exact
pg-hnsw,100000,2,w3,382,19.092583,1.0,10,,scalar_first_exact
pg-hnsw,100000,2,w3,213,19.5505,1.0,10,,scalar_first_exact
pg-hnsw,100000,2,w3,312,19.811375,1.0,10,,scalar_first_exact
pg-hnsw,100000,2,w3,532,20.813417,1.0,10,,scalar_first_exact
pg-hnsw,100000,2,w3,817,20.599417,1.0,10,,scalar_first_exact
pg-hnsw,100000,2,w3,561,20.350209,1.0,10,,scalar_first_exact
pg-hnsw,100000,2,w3,609,21.462291,1.0,10,,scalar_first_exact
pg-hnsw,100000,2,w3,662,18.769875,1.0,10,,scalar_first_exact
pg-hnsw,100000,2,w3,620,19.213333,1.0,10,,scalar_first_exact
pg-hnsw,100000,2,w3,768,20.221833,1.0,10,,scalar_first_exact
pg-hnsw,100000,2,w3,397,20.123208,1.0,10,,scalar_first_exact
pg-hnsw,100000,2,w3,724,19.710875,1.0,10,,scalar_first_exact
pg-hnsw,100000,2,w3,645,20.091875,1.0,10,,scalar_first_exact
pg-hnsw,100000,2,w3,475,19.98275,1.0,10,,scalar_first_exact
pg-hnsw,100000,2,w3,990,19.986333,1.0,10,,scalar_first_exact
pg-hnsw,100000,2,w3,906,20.2655,1.0,10,,scalar_first_exact
pg-hnsw,100000,2,w3,598,21.667375,1.0,10,,scalar_first_exact
pg-hnsw,100000,2,w3,474,19.53025,1.0,10,,scalar_first_exact
pg-hnsw,100000,2,w3,399,22.781917,1.0,10,,scalar_first_exact
pg-hnsw,100000,2,w3,773,19.418791,1.0,10,,scalar_first_exact
pg-hnsw,100000,2,w3,374,21.621083,1.0,10,,scalar_first_exact
pg-hnsw,100000,2,w3,802,21.604625,1.0,10,,scalar_first_exact
pg-hnsw,100000,2,w3,362,19.232875,1.0,10,,scalar_first_exact
pg-hnsw,100000,2,w3,625,20.457792,1.0,10,,scalar_first_exact
pg-hnsw,100000,2,w3,682,23.14975,1.0,10,,scalar_first_exact
pg-hnsw,100000,2,w3,948,19.159708,1.0,10,,scalar_first_exact
pg-hnsw,100000,2,w3,585,21.199584,1.0,10,,scalar_first_exact
pg-hnsw,100000,2,w3,298,19.466459,1.0,10,,scalar_first_exact
pg-hnsw,100000,2,w3,329,23.042,1.0,10,,scalar_first_exact
pg-hnsw,100000,2,w3,778,19.573208,1.0,10,,scalar_first_exact
pg-hnsw,100000,2,w3,195,21.338,1.0,10,,scalar_first_exact
pg-hnsw,100000,2,w3,652,20.293167,1.0,10,,scalar_first_exact
pg-hnsw,100000,2,w3,642,20.995667,1.0,10,,scalar_first_exact
pg-hnsw,100000,2,w3,702,20.089,1.0,10,,scalar_first_exact
pg-hnsw,100000,2,w3,636,20.660083,1.0,10,,scalar_first_exact
pg-hnsw,100000,2,w3,226,19.638292,1.0,10,,scalar_first_exact
pg-hnsw,100000,2,w3,254,19.643875,1.0,10,,scalar_first_exact
pg-hnsw,100000,2,w3,910,28.358208,1.0,10,,scalar_first_exact
pg-hnsw,100000,2,w3,509,20.466875,1.0,10,,scalar_first_exact
pg-hnsw,100000,2,w3,126,21.04575,1.0,10,,scalar_first_exact
pg-hnsw,100000,2,w3,781,19.994292,1.0,10,,scalar_first_exact
pg-hnsw,100000,2,w3,326,21.366584,1.0,10,,scalar_first_exact
pg-hnsw,100000,2,w3,282,19.514167,1.0,10,,scalar_first_exact
pg-hnsw,100000,2,w3,799,19.536792,1.0,10,,scalar_first_exact
pg-hnsw,100000,2,w3,863,30.5025,1.0,10,,scalar_first_exact
pg-hnsw,100000,2,w3,334,21.267917,1.0,10,,scalar_first_exact
pg-hnsw,100000,2,w3,473,19.249917,1.0,10,,scalar_first_exact
pg-hnsw,100000,2,w3,364,19.104625,1.0,10,,scalar_first_exact
pg-hnsw,100000,2,w3,657,19.320417,1.0,10,,scalar_first_exact
pg-hnsw,100000,2,w3,508,19.711333,1.0,10,,scalar_first_exact
pg-hnsw,100000,2,w3,775,19.095833,1.0,10,,scalar_first_exact
pg-hnsw,100000,2,w3,458,18.624,1.0,10,,scalar_first_exact
pg-hnsw,100000,2,w3,804,18.69825,1.0,10,,scalar_first_exact
pg-hnsw,100000,2,w3,262,18.806291,1.0,10,,scalar_first_exact
pg-hnsw,100000,2,w3,425,19.39525,1.0,10,,scalar_first_exact
pg-hnsw,100000,2,w3,366,21.229,1.0,10,,scalar_first_exact
pg-hnsw,100000,2,w3,471,19.750916,1.0,10,,scalar_first_exact
pg-hnsw,100000,2,w3,843,19.847416,1.0,10,,scalar_first_exact
pg-hnsw,100000,2,w3,404,19.073125,1.0,10,,scalar_first_exact
pg-hnsw,100000,2,w3,354,19.245375,1.0,10,,scalar_first_exact
pg-hnsw,100000,2,w3,976,19.654959,1.0,10,,scalar_first_exact
pg-hnsw,100000,2,w3,903,20.31475,1.0,10,,scalar_first_exact
pg-hnsw,100000,2,w3,464,21.311,1.0,10,,scalar_first_exact
pg-hnsw,100000,2,w3,291,19.850791,1.0,10,,scalar_first_exact
pg-hnsw,100000,2,w3,430,20.852875,1.0,10,,scalar_first_exact
pg-hnsw,100000,2,w3,423,19.700416,1.0,10,,scalar_first_exact
pg-hnsw,100000,2,w3,344,19.804334,1.0,10,,scalar_first_exact
pg-hnsw,100000,2,w3,442,19.823125,1.0,10,,scalar_first_exact
pg-hnsw,100000,2,w3,885,24.820042,1.0,10,,scalar_first_exact
pg-hnsw,100000,2,w3,269,19.581875,1.0,10,,scalar_first_exact
pg-hnsw,100000,2,w3,746,21.988834,1.0,10,,scalar_first_exact
pg-hnsw,100000,2,w3,482,19.901417,1.0,10,,scalar_first_exact
pg-hnsw,100000,2,w3,597,31.166333,1.0,10,,scalar_first_exact
pg-hnsw,100000,2,w3,795,19.902333,1.0,10,,scalar_first_exact
pg-hnsw,100000,2,w3,751,19.476167,1.0,10,,scalar_first_exact
pg-hnsw,100000,2,w3,921,20.181042,1.0,10,,scalar_first_exact
pg-hnsw,100000,2,w3,958,19.360541,1.0,10,,scalar_first_exact
pg-hnsw,100000,2,w3,138,19.934875,1.0,10,,scalar_first_exact
pg-hnsw,100000,2,w3,616,19.492666,1.0,10,,scalar_first_exact
pg-hnsw,100000,2,w3,325,21.682333,1.0,10,,scalar_first_exact
pg-hnsw,100000,2,w3,314,22.301709,1.0,10,,scalar_first_exact
pg-hnsw,100000,2,w3,145,20.238125,1.0,10,,scalar_first_exact
pg-hnsw,100000,2,w3,188,20.091417,1.0,10,,scalar_first_exact
pg-hnsw,100000,2,w3,764,19.7295,1.0,10,,scalar_first_exact
pg-hnsw,100000,2,w3,377,20.349625,1.0,10,,scalar_first_exact
pg-hnsw,100000,2,w3,156,19.23825,1.0,10,,scalar_first_exact
pg-hnsw,100000,2,w3,109,19.579083,1.0,10,,scalar_first_exact
pg-hnsw,100000,2,w3,850,19.463791,1.0,10,,scalar_first_exact
pg-hnsw,100000,2,w3,999,23.975167,1.0,10,,scalar_first_exact
pg-hnsw,100000,2,w3,547,19.817875,1.0,10,,scalar_first_exact
pg-hnsw,100000,2,w3,539,19.965583,1.0,10,,scalar_first_exact
pg-hnsw,100000,2,w3,132,19.741875,1.0,10,,scalar_first_exact
pg-hnsw,100000,2,w3,521,20.50325,1.0,10,,scalar_first_exact
pg-hnsw,100000,2,w3,704,18.74525,1.0,10,,scalar_first_exact
pg-hnsw,100000,2,w3,528,19.024292,1.0,10,,scalar_first_exact
pg-hnsw,100000,2,w3,168,18.688792,1.0,10,,scalar_first_exact
pg-hnsw,100000,2,w3,760,19.055166,1.0,10,,scalar_first_exact
pg-hnsw,100000,2,w3,468,18.544916,1.0,10,,scalar_first_exact
pg-hnsw,100000,2,w3,912,18.971333,1.0,10,,scalar_first_exact
pg-hnsw,100000,2,w3,889,19.522375,1.0,10,,scalar_first_exact
pg-hnsw,100000,2,w3,882,18.507167,1.0,10,,scalar_first_exact
pg-hnsw,100000,2,w3,973,18.489166,1.0,10,,scalar_first_exact
pg-hnsw,100000,2,w3,983,18.47275,1.0,10,,scalar_first_exact
pg-hnsw,100000,2,w3,792,19.307375,1.0,10,,scalar_first_exact
pg-hnsw,100000,2,w3,949,20.593792,1.0,10,,scalar_first_exact
pg-hnsw,100000,2,w3,497,19.15575,1.0,10,,scalar_first_exact
pg-hnsw,100000,2,w3,806,23.034084,1.0,10,,scalar_first_exact
pg-hnsw,100000,2,w3,437,21.2595,1.0,10,,scalar_first_exact
pg-hnsw,100000,2,w3,250,20.345458,1.0,10,,scalar_first_exact
pg-hnsw,100000,2,w3,476,21.349959,1.0,10,,scalar_first_exact
pg-hnsw,100000,2,w3,204,19.044792,1.0,10,,scalar_first_exact
pg-hnsw,100000,2,w3,785,19.238292,1.0,10,,scalar_first_exact
pg-hnsw,100000,2,w3,117,21.515167,1.0,10,,scalar_first_exact
pg-hnsw,100000,2,w3,774,19.168958,1.0,10,,scalar_first_exact
pg-hnsw,100000,2,w3,139,20.078875,1.0,10,,scalar_first_exact
pg-hnsw,100000,2,w3,486,19.973584,1.0,10,,scalar_first_exact
pg-hnsw,100000,2,w3,661,19.493334,1.0,10,,scalar_first_exact
pg-hnsw,100000,2,w3,163,21.555708,1.0,10,,scalar_first_exact
pg-hnsw,100000,2,w3,378,20.947375,1.0,10,,scalar_first_exact
pg-hnsw,100000,2,w3,673,21.297041,1.0,10,,scalar_first_exact
pg-hnsw,100000,2,w3,655,21.925375,1.0,10,,scalar_first_exact
pg-hnsw,100000,2,w3,227,19.822792,1.0,10,,scalar_first_exact
pg-hnsw,100000,2,w3,812,19.7975,1.0,10,,scalar_first_exact
pg-hnsw,100000,2,w3,307,21.447791,1.0,10,,scalar_first_exact
pg-hnsw,100000,2,w3,470,21.480833,1.0,10,,scalar_first_exact
pg-hnsw,100000,2,w3,185,19.863333,1.0,10,,scalar_first_exact
pg-hnsw,100000,2,w3,313,20.902125,1.0,10,,scalar_first_exact
pg-hnsw,100000,2,w3,527,21.808583,1.0,10,,scalar_first_exact
pg-hnsw,100000,2,w3,753,19.153042,1.0,10,,scalar_first_exact
pg-hnsw,100000,2,w3,854,19.574417,1.0,10,,scalar_first_exact
pg-hnsw,100000,2,w3,984,20.70975,1.0,10,,scalar_first_exact
pg-hnsw,100000,2,w3,715,20.154,1.0,10,,scalar_first_exact
pg-hnsw,100000,2,w3,403,19.279542,1.0,10,,scalar_first_exact
pg-hnsw,100000,2,w3,311,19.2335,1.0,10,,scalar_first_exact
pg-hnsw,100000,2,w3,271,19.260625,1.0,10,,scalar_first_exact
pg-hnsw,100000,2,w3,837,19.36175,1.0,10,,scalar_first_exact
pg-hnsw,100000,2,w3,740,19.475125,1.0,10,,scalar_first_exact
pg-hnsw,100000,2,w3,814,19.908166,1.0,10,,scalar_first_exact
pg-hnsw,100000,2,w3,133,18.910083,1.0,10,,scalar_first_exact
pg-hnsw,100000,2,w3,228,19.581041,1.0,10,,scalar_first_exact
pg-hnsw,100000,2,w3,504,19.482208,1.0,10,,scalar_first_exact
pg-hnsw,100000,2,w3,108,20.109209,1.0,10,,scalar_first_exact
pg-hnsw,100000,2,w3,566,18.963584,1.0,10,,scalar_first_exact
pg-hnsw,100000,2,w3,858,18.930958,1.0,10,,scalar_first_exact
pg-hnsw,100000,2,w3,454,18.81875,1.0,10,,scalar_first_exact
pg-hnsw,100000,2,w3,776,19.280334,1.0,10,,scalar_first_exact
pg-hnsw,100000,2,w3,149,19.112125,1.0,10,,scalar_first_exact
pg-hnsw,100000,2,w3,896,19.296208,1.0,10,,scalar_first_exact
pg-hnsw,100000,2,w3,253,20.3595,1.0,10,,scalar_first_exact
pg-hnsw,100000,2,w3,219,19.270291,1.0,10,,scalar_first_exact
pg-hnsw,100000,2,w3,303,19.995791,1.0,10,,scalar_first_exact
pg-hnsw,100000,2,w3,477,19.737833,1.0,10,,scalar_first_exact
pg-hnsw,100000,2,w3,834,19.832125,1.0,10,,scalar_first_exact
pg-hnsw,100000,2,w3,207,20.369792,1.0,10,,scalar_first_exact
pg-hnsw,100000,2,w3,613,20.351958,1.0,10,,scalar_first_exact
pg-hnsw,100000,2,w3,255,20.271625,1.0,10,,scalar_first_exact
pg-hnsw,100000,2,w3,926,19.888208,1.0,10,,scalar_first_exact
pg-hnsw,100000,2,w3,278,19.839375,1.0,10,,scalar_first_exact
pg-hnsw,100000,2,w3,365,20.455375,1.0,10,,scalar_first_exact
pg-hnsw,100000,2,w3,856,19.649542,1.0,10,,scalar_first_exact
pg-hnsw,100000,2,w3,967,19.363959,1.0,10,,scalar_first_exact
pg-hnsw,100000,2,w3,676,21.228792,1.0,10,,scalar_first_exact
pg-hnsw,100000,2,w3,685,20.232583,1.0,10,,scalar_first_exact
pg-hnsw,100000,2,w3,315,20.299792,1.0,10,,scalar_first_exact
pg-hnsw,100000,2,w3,862,20.74575,1.0,10,,scalar_first_exact
pg-hnsw,100000,2,w3,455,23.622334,1.0,10,,scalar_first_exact
pg-hnsw,100000,2,w3,962,20.267375,1.0,10,,scalar_first_exact
pg-hnsw,100000,2,w3,487,20.787916,1.0,10,,scalar_first_exact
pg-hnsw,100000,2,w3,349,20.278708,1.0,10,,scalar_first_exact
pg-hnsw,100000,2,w3,169,20.464333,1.0,10,,scalar_first_exact
pg-hnsw,100000,2,w3,432,20.020208,1.0,10,,scalar_first_exact
pg-hnsw,100000,2,w3,519,19.758,1.0,10,,scalar_first_exact
pg-hnsw,100000,2,w3,859,19.978625,1.0,10,,scalar_first_exact
pg-hnsw,100000,2,w3,819,20.885,1.0,10,,scalar_first_exact
pg-hnsw,100000,2,w3,300,19.48775,1.0,10,,scalar_first_exact
pg-hnsw,100000,2,w3,420,19.207917,1.0,10,,scalar_first_exact
pg-hnsw,100000,2,w3,369,19.19675,1.0,10,,scalar_first_exact
pg-hnsw,100000,2,w3,713,20.635917,1.0,10,,scalar_first_exact
pg-hnsw,100000,2,w3,293,21.056166,1.0,10,,scalar_first_exact
pg-hnsw,100000,2,w3,343,20.184292,1.0,10,,scalar_first_exact
pg-hnsw,100000,2,w3,206,19.854125,1.0,10,,scalar_first_exact
pg-hnsw,100000,2,w3,410,21.1565,1.0,10,,scalar_first_exact
pg-hnsw,100000,2,w3,137,20.03975,1.0,10,,scalar_first_exact
pg-hnsw,100000,2,w3,719,22.988833,1.0,10,,scalar_first_exact
pg-hnsw,100000,2,w3,734,20.133792,1.0,10,,scalar_first_exact
pg-hnsw,100000,2,w3,272,20.093709,1.0,10,,scalar_first_exact
pg-hnsw,100000,2,w3,574,19.2775,1.0,10,,scalar_first_exact
pg-hnsw,100000,2,w3,176,20.057375,1.0,10,,scalar_first_exact
pg-hnsw,100000,2,w3,665,22.947917,1.0,10,,scalar_first_exact
pg-hnsw,100000,2,w3,810,22.03325,1.0,10,,scalar_first_exact
pg-hnsw,100000,2,w3,121,19.950417,1.0,10,,scalar_first_exact
pg-hnsw,100000,2,w3,273,19.257125,1.0,10,,scalar_first_exact
pg-hnsw,100000,2,w3,961,20.607583,1.0,10,,scalar_first_exact
pg-hnsw,100000,2,w3,955,19.864291,1.0,10,,scalar_first_exact
pg-hnsw,100000,2,w3,140,20.569583,1.0,10,,scalar_first_exact
pg-hnsw,100000,2,w3,391,20.135833,1.0,10,,scalar_first_exact
pg-hnsw,100000,2,w3,216,19.653333,1.0,10,,scalar_first_exact
pg-hnsw,100000,2,w3,869,25.332208,1.0,10,,scalar_first_exact
pg-hnsw,100000,2,w3,416,19.796083,1.0,10,,scalar_first_exact
pg-hnsw,100000,2,w3,877,20.71875,1.0,10,,scalar_first_exact
pg-hnsw,100000,2,w3,901,21.516125,1.0,10,,scalar_first_exact
pg-hnsw,100000,2,w3,649,23.743541,1.0,10,,scalar_first_exact
pg-hnsw,100000,2,w3,544,22.414166,1.0,10,,scalar_first_exact
pg-hnsw,100000,2,w3,433,20.3455,1.0,10,,scalar_first_exact
pg-hnsw,100000,2,w3,384,21.501208,1.0,10,,scalar_first_exact
pg-hnsw,100000,2,w3,502,19.594584,1.0,10,,scalar_first_exact
pg-hnsw,100000,2,w3,624,23.465042,1.0,10,,scalar_first_exact
pg-hnsw,100000,2,w3,342,19.544167,1.0,10,,scalar_first_exact
pg-hnsw,100000,2,w3,489,20.972292,1.0,10,,scalar_first_exact
pg-hnsw,100000,2,w3,392,20.254917,1.0,10,,scalar_first_exact
pg-hnsw,100000,2,w3,842,21.736417,1.0,10,,scalar_first_exact
pg-hnsw,100000,2,w3,134,20.539083,1.0,10,,scalar_first_exact
pg-hnsw,100000,2,w3,895,20.633917,1.0,10,,scalar_first_exact
pg-hnsw,100000,2,w3,281,20.586875,1.0,10,,scalar_first_exact
pg-hnsw,100000,2,w3,894,21.040708,1.0,10,,scalar_first_exact
pg-hnsw,100000,2,w3,396,19.430791,1.0,10,,scalar_first_exact
pg-hnsw,100000,2,w3,586,23.770375,1.0,10,,scalar_first_exact
pg-hnsw,100000,2,w3,940,26.238167,1.0,10,,scalar_first_exact
pg-hnsw,100000,2,w3,749,21.375584,1.0,10,,scalar_first_exact
pg-hnsw,100000,2,w3,209,20.399959,1.0,10,,scalar_first_exact
pg-hnsw,100000,2,w3,815,22.118166,1.0,10,,scalar_first_exact
pg-hnsw,100000,2,w3,461,20.347333,1.0,10,,scalar_first_exact
pg-hnsw,100000,2,w3,485,21.504833,1.0,10,,scalar_first_exact
pg-hnsw,100000,2,w3,330,19.852958,1.0,10,,scalar_first_exact
pg-hnsw,100000,2,w3,674,21.015791,1.0,10,,scalar_first_exact
pg-hnsw,100000,2,w3,148,19.511292,1.0,10,,scalar_first_exact
pg-hnsw,100000,2,w3,887,20.667208,1.0,10,,scalar_first_exact
pg-hnsw,100000,2,w3,857,19.618333,1.0,10,,scalar_first_exact
pg-hnsw,100000,2,w3,946,21.568708,1.0,10,,scalar_first_exact
pg-hnsw,100000,2,w3,568,20.41925,1.0,10,,scalar_first_exact
pg-hnsw,100000,2,w3,119,19.645834,1.0,10,,scalar_first_exact
pg-hnsw,100000,2,w3,559,23.8365,1.0,10,,scalar_first_exact
pg-hnsw,100000,2,w3,388,20.701125,1.0,10,,scalar_first_exact
pg-hnsw,100000,2,w3,873,20.003958,1.0,10,,scalar_first_exact
pg-hnsw,100000,2,w3,592,22.90325,1.0,10,,scalar_first_exact
pg-hnsw,100000,2,w3,728,23.848084,1.0,10,,scalar_first_exact
pg-hnsw,100000,2,w3,981,20.300125,1.0,10,,scalar_first_exact
pg-hnsw,100000,2,w3,359,22.217875,1.0,10,,scalar_first_exact
pg-hnsw,100000,2,w3,992,19.241834,1.0,10,,scalar_first_exact
pg-hnsw,100000,2,w3,414,19.626042,1.0,10,,scalar_first_exact
pg-hnsw,100000,2,w3,941,19.260708,1.0,10,,scalar_first_exact
pg-hnsw,100000,2,w3,659,19.364583,1.0,10,,scalar_first_exact
pg-hnsw,100000,2,w3,893,20.012583,1.0,10,,scalar_first_exact
pg-hnsw,100000,2,w3,835,19.830333,1.0,10,,scalar_first_exact
pg-hnsw,100000,2,w3,818,19.545458,1.0,10,,scalar_first_exact
pg-hnsw,100000,2,w3,803,21.3475,1.0,10,,scalar_first_exact
pg-hnsw,100000,2,w3,327,22.117458,1.0,10,,scalar_first_exact
pg-hnsw,100000,2,w3,867,25.46425,1.0,10,,scalar_first_exact
pg-hnsw,100000,2,w3,424,23.090541,1.0,10,,scalar_first_exact
pg-hnsw,100000,2,w3,407,23.307917,1.0,10,,scalar_first_exact
pg-hnsw,100000,2,w3,759,21.534666,1.0,10,,scalar_first_exact
pg-hnsw,100000,2,w3,352,21.264791,1.0,10,,scalar_first_exact
pg-hnsw,100000,2,w3,472,19.263584,1.0,10,,scalar_first_exact
pg-hnsw,100000,2,w3,258,20.793667,1.0,10,,scalar_first_exact
pg-hnsw,100000,2,w3,979,22.258083,1.0,10,,scalar_first_exact
pg-hnsw,100000,2,w3,832,20.47075,1.0,10,,scalar_first_exact
pg-hnsw,100000,2,w3,667,26.884584,1.0,10,,scalar_first_exact
pg-hnsw,100000,2,w3,160,21.178125,1.0,10,,scalar_first_exact
pg-hnsw,100000,2,w3,700,20.545584,1.0,10,,scalar_first_exact
pg-hnsw,100000,2,w3,743,20.993708,1.0,10,,scalar_first_exact
pg-hnsw,100000,2,w3,701,22.351625,1.0,10,,scalar_first_exact
pg-hnsw,100000,2,w3,499,20.420167,1.0,10,,scalar_first_exact
pg-hnsw,100000,2,w3,181,20.944791,1.0,10,,scalar_first_exact
pg-hnsw,100000,2,w3,252,19.9415,1.0,10,,scalar_first_exact
pg-hnsw,100000,2,w3,112,20.104167,1.0,10,,scalar_first_exact
pg-hnsw,100000,2,w3,791,20.969041,1.0,10,,scalar_first_exact
pg-hnsw,100000,2,w3,247,20.490459,1.0,10,,scalar_first_exact
pg-hnsw,100000,2,w3,353,20.120792,1.0,10,,scalar_first_exact
pg-hnsw,100000,2,w3,936,19.400084,1.0,10,,scalar_first_exact
pg-hnsw,100000,2,w3,589,20.351917,1.0,10,,scalar_first_exact
pg-hnsw,100000,2,w3,688,19.704208,1.0,10,,scalar_first_exact
pg-hnsw,100000,2,w3,263,19.764375,1.0,10,,scalar_first_exact
pg-hnsw,100000,2,w3,739,20.1805,1.0,10,,scalar_first_exact
pg-hnsw,100000,2,w3,427,19.939667,1.0,10,,scalar_first_exact
pg-hnsw,100000,2,w3,823,24.669083,1.0,10,,scalar_first_exact
pg-hnsw,100000,2,w3,320,21.209542,1.0,10,,scalar_first_exact
pg-hnsw,100000,2,w3,699,20.200166,1.0,10,,scalar_first_exact
pg-hnsw,100000,2,w3,542,19.57775,1.0,10,,scalar_first_exact
pg-hnsw,100000,2,w3,618,20.571333,1.0,10,,scalar_first_exact
pg-hnsw,100000,2,w3,347,21.319125,1.0,10,,scalar_first_exact
pg-hnsw,100000,2,w3,801,19.440958,1.0,10,,scalar_first_exact
pg-hnsw,100000,2,w3,105,19.776959,1.0,10,,scalar_first_exact
pg-hnsw,100000,2,w3,503,21.340209,1.0,10,,scalar_first_exact
pg-hnsw,100000,2,w3,184,19.926,1.0,10,,scalar_first_exact
pg-hnsw,100000,2,w3,123,20.017375,1.0,10,,scalar_first_exact
pg-hnsw,100000,2,w3,957,20.392292,1.0,10,,scalar_first_exact
pg-hnsw,100000,2,w3,864,19.99575,1.0,10,,scalar_first_exact
pg-hnsw,100000,2,w3,494,19.517667,1.0,10,,scalar_first_exact
pg-hnsw,100000,2,w3,943,18.960875,1.0,10,,scalar_first_exact
pg-hnsw,100000,2,w3,578,21.333083,1.0,10,,scalar_first_exact
pg-hnsw,100000,2,w3,322,19.860541,1.0,10,,scalar_first_exact
pg-hnsw,100000,2,w3,215,19.530833,1.0,10,,scalar_first_exact
pg-hnsw,100000,2,w3,274,19.161375,1.0,10,,scalar_first_exact
pg-hnsw,100000,2,w3,357,19.420542,1.0,10,,scalar_first_exact
pg-hnsw,100000,2,w3,338,20.476084,1.0,10,,scalar_first_exact
pg-hnsw,100000,2,w3,317,19.79025,1.0,10,,scalar_first_exact
pg-hnsw,100000,2,w3,647,22.358667,1.0,10,,scalar_first_exact
pg-hnsw,100000,2,w3,339,20.045834,1.0,10,,scalar_first_exact
pg-hnsw,100000,2,w3,971,20.332959,1.0,10,,scalar_first_exact
pg-hnsw,100000,2,w3,752,18.943416,1.0,10,,scalar_first_exact
pg-hnsw,100000,2,w3,383,19.71075,1.0,10,,scalar_first_exact
pg-hnsw,100000,2,w3,235,19.664333,1.0,10,,scalar_first_exact
pg-hnsw,100000,2,w3,911,20.064875,1.0,10,,scalar_first_exact
pg-hnsw,100000,2,w3,203,20.774417,1.0,10,,scalar_first_exact
pg-hnsw,100000,2,w3,904,20.441416,1.0,10,,scalar_first_exact
pg-hnsw,100000,2,w3,593,19.262542,1.0,10,,scalar_first_exact
pg-hnsw,100000,2,w3,581,21.011083,1.0,10,,scalar_first_exact
pg-hnsw,100000,2,w3,260,19.578791,1.0,10,,scalar_first_exact
pg-hnsw,100000,2,w3,305,20.474208,1.0,10,,scalar_first_exact
pg-hnsw,100000,2,w3,180,21.093625,1.0,10,,scalar_first_exact
pg-hnsw,100000,2,w3,767,20.600584,1.0,10,,scalar_first_exact
pg-hnsw,100000,2,w3,261,20.130625,1.0,10,,scalar_first_exact
pg-hnsw,100000,2,w3,190,22.95,1.0,10,,scalar_first_exact
pg-hnsw,100000,2,w3,923,19.451625,1.0,10,,scalar_first_exact
pg-hnsw,100000,2,w3,122,19.876917,1.0,10,,scalar_first_exact
pg-hnsw,100000,2,w3,838,21.010333,1.0,10,,scalar_first_exact
pg-hnsw,100000,2,w3,975,20.878916,1.0,10,,scalar_first_exact
pg-hnsw,100000,2,w3,915,20.48,1.0,10,,scalar_first_exact
pg-hnsw,100000,2,w3,833,20.54925,1.0,10,,scalar_first_exact
pg-hnsw,100000,2,w3,379,20.905833,1.0,10,,scalar_first_exact
pg-hnsw,100000,2,w3,417,20.443834,1.0,10,,scalar_first_exact
pg-hnsw,100000,2,w3,460,20.364209,1.0,10,,scalar_first_exact
pg-hnsw,100000,2,w3,637,24.086125,1.0,10,,scalar_first_exact
pg-hnsw,100000,2,w3,491,20.6915,1.0,10,,scalar_first_exact
pg-hnsw,100000,2,w3,982,19.161458,1.0,10,,scalar_first_exact
pg-hnsw,100000,2,w3,194,21.166458,1.0,10,,scalar_first_exact
pg-hnsw,100000,2,w3,874,19.353,1.0,10,,scalar_first_exact
pg-hnsw,100000,2,w3,600,19.998958,1.0,10,,scalar_first_exact
pg-hnsw,100000,2,w3,445,19.589625,1.0,10,,scalar_first_exact
pg-hnsw,100000,2,w3,750,19.780291,1.0,10,,scalar_first_exact
pg-hnsw,100000,2,w3,635,19.727,1.0,10,,scalar_first_exact
pg-hnsw,100000,2,w3,441,20.529375,1.0,10,,scalar_first_exact
pg-hnsw,100000,2,w3,446,20.628875,1.0,10,,scalar_first_exact
pg-hnsw,100000,2,w3,537,21.437083,1.0,10,,scalar_first_exact
pg-hnsw,100000,2,w3,380,19.72225,1.0,10,,scalar_first_exact
pg-hnsw,100000,2,w3,401,20.867292,1.0,10,,scalar_first_exact
pg-hnsw,100000,2,w3,187,20.729708,1.0,10,,scalar_first_exact
pg-hnsw,100000,2,w3,763,19.407209,1.0,10,,scalar_first_exact
pg-hnsw,100000,2,w3,373,18.982209,1.0,10,,scalar_first_exact
pg-hnsw,100000,2,w3,236,19.698375,1.0,10,,scalar_first_exact
pg-hnsw,100000,2,w3,758,19.406459,1.0,10,,scalar_first_exact
pg-hnsw,100000,2,w3,439,19.562542,1.0,10,,scalar_first_exact
pg-hnsw,100000,2,w3,141,19.523584,1.0,10,,scalar_first_exact
pg-hnsw,100000,2,w3,669,20.0225,1.0,10,,scalar_first_exact
pg-hnsw,100000,2,w3,610,18.846209,1.0,10,,scalar_first_exact
pg-hnsw,100000,2,w3,816,19.663666,1.0,10,,scalar_first_exact
pg-hnsw,100000,2,w3,505,27.698791,1.0,10,,scalar_first_exact
pg-hnsw,100000,2,w3,644,22.881042,1.0,10,,scalar_first_exact
pg-hnsw,100000,2,w3,809,21.594459,1.0,10,,scalar_first_exact
pg-hnsw,100000,2,w3,653,19.396709,1.0,10,,scalar_first_exact
pg-hnsw,100000,2,w3,224,20.821834,1.0,10,,scalar_first_exact
pg-hnsw,100000,2,w3,932,19.735375,1.0,10,,scalar_first_exact
pg-hnsw,100000,2,w3,627,19.629375,1.0,10,,scalar_first_exact
pg-hnsw,100000,2,w3,925,19.354625,1.0,10,,scalar_first_exact
pg-hnsw,100000,2,w4_acl,910,2.693542,1.0,10,,scalar_acl_exact
pg-hnsw,100000,2,w4_acl,574,3.487458,1.0,10,,scalar_acl_exact
pg-hnsw,100000,2,w4_acl,337,2.744417,1.0,10,,scalar_acl_exact
pg-hnsw,100000,2,w4_acl,172,2.385334,1.0,10,,scalar_acl_exact
pg-hnsw,100000,2,w4_acl,880,2.650083,1.0,10,,scalar_acl_exact
pg-hnsw,100000,2,w4_acl,377,2.457917,1.0,10,,scalar_acl_exact
pg-hnsw,100000,2,w4_acl,559,2.333083,1.0,10,,scalar_acl_exact
pg-hnsw,100000,2,w4_acl,393,3.073084,1.0,10,,scalar_acl_exact
pg-hnsw,100000,2,w4_acl,804,2.411583,1.0,10,,scalar_acl_exact
pg-hnsw,100000,2,w4_acl,991,2.351333,1.0,10,,scalar_acl_exact
pg-hnsw,100000,2,w4_acl,881,2.145167,1.0,10,,scalar_acl_exact
pg-hnsw,100000,2,w4_acl,856,2.2615,1.0,10,,scalar_acl_exact
pg-hnsw,100000,2,w4_acl,587,2.3545,1.0,10,,scalar_acl_exact
pg-hnsw,100000,2,w4_acl,573,4.604167,1.0,10,,scalar_acl_exact
pg-hnsw,100000,2,w4_acl,663,2.696625,1.0,10,,scalar_acl_exact
pg-hnsw,100000,2,w4_acl,212,2.010459,1.0,10,,scalar_acl_exact
pg-hnsw,100000,2,w4_acl,512,2.163,1.0,10,,scalar_acl_exact
pg-hnsw,100000,2,w4_acl,850,2.335916,1.0,10,,scalar_acl_exact
pg-hnsw,100000,2,w4_acl,832,1.765542,1.0,10,,scalar_acl_exact
pg-hnsw,100000,2,w4_acl,682,2.504917,1.0,10,,scalar_acl_exact
pg-hnsw,100000,2,w4_acl,977,2.550958,1.0,10,,scalar_acl_exact
pg-hnsw,100000,2,w4_acl,578,2.264166,1.0,10,,scalar_acl_exact
pg-hnsw,100000,2,w4_acl,771,2.273959,1.0,10,,scalar_acl_exact
pg-hnsw,100000,2,w4_acl,930,2.197125,1.0,10,,scalar_acl_exact
pg-hnsw,100000,2,w4_acl,110,2.136875,1.0,10,,scalar_acl_exact
pg-hnsw,100000,2,w4_acl,967,2.444416,1.0,10,,scalar_acl_exact
pg-hnsw,100000,2,w4_acl,333,2.477083,1.0,10,,scalar_acl_exact
pg-hnsw,100000,2,w4_acl,167,1.875667,1.0,10,,scalar_acl_exact
pg-hnsw,100000,2,w4_acl,186,2.279542,1.0,10,,scalar_acl_exact
pg-hnsw,100000,2,w4_acl,593,2.2605,1.0,10,,scalar_acl_exact
pg-hnsw,100000,2,w4_acl,180,2.929834,1.0,10,,scalar_acl_exact
pg-hnsw,100000,2,w4_acl,361,2.110458,1.0,10,,scalar_acl_exact
pg-hnsw,100000,2,w4_acl,660,1.711083,1.0,10,,scalar_acl_exact
pg-hnsw,100000,2,w4_acl,917,2.230875,1.0,10,,scalar_acl_exact
pg-hnsw,100000,2,w4_acl,616,2.759958,1.0,10,,scalar_acl_exact
pg-hnsw,100000,2,w4_acl,814,2.066625,1.0,10,,scalar_acl_exact
pg-hnsw,100000,2,w4_acl,870,2.068958,1.0,10,,scalar_acl_exact
pg-hnsw,100000,2,w4_acl,542,1.887375,1.0,10,,scalar_acl_exact
pg-hnsw,100000,2,w4_acl,611,3.406417,1.0,10,,scalar_acl_exact
pg-hnsw,100000,2,w4_acl,202,2.341875,1.0,10,,scalar_acl_exact
pg-hnsw,100000,2,w4_acl,676,2.320959,1.0,10,,scalar_acl_exact
pg-hnsw,100000,2,w4_acl,536,3.09625,1.0,10,,scalar_acl_exact
pg-hnsw,100000,2,w4_acl,838,2.088583,1.0,10,,scalar_acl_exact
pg-hnsw,100000,2,w4_acl,488,2.072584,1.0,10,,scalar_acl_exact
pg-hnsw,100000,2,w4_acl,159,3.785958,1.0,10,,scalar_acl_exact
pg-hnsw,100000,2,w4_acl,185,2.143583,1.0,10,,scalar_acl_exact
pg-hnsw,100000,2,w4_acl,549,2.143917,1.0,10,,scalar_acl_exact
pg-hnsw,100000,2,w4_acl,164,1.828708,1.0,10,,scalar_acl_exact
pg-hnsw,100000,2,w4_acl,103,2.344,1.0,10,,scalar_acl_exact
pg-hnsw,100000,2,w4_acl,738,1.928292,1.0,10,,scalar_acl_exact
pg-hnsw,100000,2,w4_acl,334,2.002334,1.0,10,,scalar_acl_exact
pg-hnsw,100000,2,w4_acl,970,3.506083,1.0,10,,scalar_acl_exact
pg-hnsw,100000,2,w4_acl,389,1.935708,1.0,10,,scalar_acl_exact
pg-hnsw,100000,2,w4_acl,497,2.1885,1.0,10,,scalar_acl_exact
pg-hnsw,100000,2,w4_acl,990,2.167833,1.0,10,,scalar_acl_exact
pg-hnsw,100000,2,w4_acl,292,1.972666,1.0,10,,scalar_acl_exact
pg-hnsw,100000,2,w4_acl,628,2.230959,1.0,10,,scalar_acl_exact
pg-hnsw,100000,2,w4_acl,152,2.265125,1.0,10,,scalar_acl_exact
pg-hnsw,100000,2,w4_acl,373,2.117708,1.0,10,,scalar_acl_exact
pg-hnsw,100000,2,w4_acl,626,2.046,1.0,10,,scalar_acl_exact
pg-hnsw,100000,2,w4_acl,423,2.113958,1.0,10,,scalar_acl_exact
pg-hnsw,100000,2,w4_acl,383,1.972167,1.0,10,,scalar_acl_exact
pg-hnsw,100000,2,w4_acl,872,1.678541,1.0,10,,scalar_acl_exact
pg-hnsw,100000,2,w4_acl,243,1.940666,1.0,10,,scalar_acl_exact
pg-hnsw,100000,2,w4_acl,369,2.042041,1.0,10,,scalar_acl_exact
pg-hnsw,100000,2,w4_acl,342,2.232292,1.0,10,,scalar_acl_exact
pg-hnsw,100000,2,w4_acl,286,2.02425,1.0,10,,scalar_acl_exact
pg-hnsw,100000,2,w4_acl,266,2.1365,1.0,10,,scalar_acl_exact
pg-hnsw,100000,2,w4_acl,475,2.282959,1.0,10,,scalar_acl_exact
pg-hnsw,100000,2,w4_acl,929,2.0255,1.0,10,,scalar_acl_exact
pg-hnsw,100000,2,w4_acl,456,1.886667,1.0,10,,scalar_acl_exact
pg-hnsw,100000,2,w4_acl,888,2.056583,1.0,10,,scalar_acl_exact
pg-hnsw,100000,2,w4_acl,988,2.114542,1.0,10,,scalar_acl_exact
pg-hnsw,100000,2,w4_acl,371,2.06025,1.0,10,,scalar_acl_exact
pg-hnsw,100000,2,w4_acl,119,1.948292,1.0,10,,scalar_acl_exact
pg-hnsw,100000,2,w4_acl,415,2.093292,1.0,10,,scalar_acl_exact
pg-hnsw,100000,2,w4_acl,822,2.027958,1.0,10,,scalar_acl_exact
pg-hnsw,100000,2,w4_acl,147,2.046875,1.0,10,,scalar_acl_exact
pg-hnsw,100000,2,w4_acl,624,1.903792,1.0,10,,scalar_acl_exact
pg-hnsw,100000,2,w4_acl,187,2.484291,1.0,10,,scalar_acl_exact
pg-hnsw,100000,2,w4_acl,254,1.938834,1.0,10,,scalar_acl_exact
pg-hnsw,100000,2,w4_acl,225,2.425708,1.0,10,,scalar_acl_exact
pg-hnsw,100000,2,w4_acl,124,2.176,1.0,10,,scalar_acl_exact
pg-hnsw,100000,2,w4_acl,828,2.250375,1.0,10,,scalar_acl_exact
pg-hnsw,100000,2,w4_acl,424,2.21975,1.0,10,,scalar_acl_exact
pg-hnsw,100000,2,w4_acl,104,1.866042,1.0,10,,scalar_acl_exact
pg-hnsw,100000,2,w4_acl,142,4.012625,1.0,10,,scalar_acl_exact
pg-hnsw,100000,2,w4_acl,106,2.623625,1.0,10,,scalar_acl_exact
pg-hnsw,100000,2,w4_acl,904,1.795625,1.0,10,,scalar_acl_exact
pg-hnsw,100000,2,w4_acl,409,3.107875,1.0,10,,scalar_acl_exact
pg-hnsw,100000,2,w4_acl,749,2.24625,1.0,10,,scalar_acl_exact
pg-hnsw,100000,2,w4_acl,135,2.217667,1.0,10,,scalar_acl_exact
pg-hnsw,100000,2,w4_acl,836,2.937167,1.0,10,,scalar_acl_exact
pg-hnsw,100000,2,w4_acl,592,2.266041,1.0,10,,scalar_acl_exact
pg-hnsw,100000,2,w4_acl,534,2.839666,1.0,10,,scalar_acl_exact
pg-hnsw,100000,2,w4_acl,136,5.604084,1.0,10,,scalar_acl_exact
pg-hnsw,100000,2,w4_acl,165,2.998541,1.0,10,,scalar_acl_exact
pg-hnsw,100000,2,w4_acl,273,3.046417,1.0,10,,scalar_acl_exact
pg-hnsw,100000,2,w4_acl,973,2.489417,1.0,10,,scalar_acl_exact
pg-hnsw,100000,2,w4_acl,278,2.576041,1.0,10,,scalar_acl_exact
pg-hnsw,100000,2,w4_acl,357,4.526917,1.0,10,,scalar_acl_exact
pg-hnsw,100000,2,w4_acl,675,2.362666,1.0,10,,scalar_acl_exact
pg-hnsw,100000,2,w4_acl,207,2.291375,1.0,10,,scalar_acl_exact
pg-hnsw,100000,2,w4_acl,490,3.419,1.0,10,,scalar_acl_exact
pg-hnsw,100000,2,w4_acl,901,2.717833,1.0,10,,scalar_acl_exact
pg-hnsw,100000,2,w4_acl,996,2.539125,1.0,10,,scalar_acl_exact
pg-hnsw,100000,2,w4_acl,406,5.342958,1.0,10,,scalar_acl_exact
pg-hnsw,100000,2,w4_acl,363,2.370416,1.0,10,,scalar_acl_exact
pg-hnsw,100000,2,w4_acl,966,4.326292,1.0,10,,scalar_acl_exact
pg-hnsw,100000,2,w4_acl,789,2.782209,1.0,10,,scalar_acl_exact
pg-hnsw,100000,2,w4_acl,693,8.509583,1.0,10,,scalar_acl_exact
pg-hnsw,100000,2,w4_acl,992,2.338459,1.0,10,,scalar_acl_exact
pg-hnsw,100000,2,w4_acl,980,2.287584,1.0,10,,scalar_acl_exact
pg-hnsw,100000,2,w4_acl,964,2.71825,1.0,10,,scalar_acl_exact
pg-hnsw,100000,2,w4_acl,607,2.364166,1.0,10,,scalar_acl_exact
pg-hnsw,100000,2,w4_acl,844,4.615291,1.0,10,,scalar_acl_exact
pg-hnsw,100000,2,w4_acl,783,2.340166,1.0,10,,scalar_acl_exact
pg-hnsw,100000,2,w4_acl,155,4.125625,1.0,10,,scalar_acl_exact
pg-hnsw,100000,2,w4_acl,864,2.64525,1.0,10,,scalar_acl_exact
pg-hnsw,100000,2,w4_acl,408,2.609459,1.0,10,,scalar_acl_exact
pg-hnsw,100000,2,w4_acl,994,3.208083,1.0,10,,scalar_acl_exact
pg-hnsw,100000,2,w4_acl,668,2.398792,1.0,10,,scalar_acl_exact
pg-hnsw,100000,2,w4_acl,560,2.635417,1.0,10,,scalar_acl_exact
pg-hnsw,100000,2,w4_acl,853,3.505125,1.0,10,,scalar_acl_exact
pg-hnsw,100000,2,w4_acl,117,3.067459,1.0,10,,scalar_acl_exact
pg-hnsw,100000,2,w4_acl,834,2.1335,1.0,10,,scalar_acl_exact
pg-hnsw,100000,2,w4_acl,328,3.218958,1.0,10,,scalar_acl_exact
pg-hnsw,100000,2,w4_acl,842,2.659917,1.0,10,,scalar_acl_exact
pg-hnsw,100000,2,w4_acl,234,2.600791,1.0,10,,scalar_acl_exact
pg-hnsw,100000,2,w4_acl,289,2.641333,1.0,10,,scalar_acl_exact
pg-hnsw,100000,2,w4_acl,544,2.372458,1.0,10,,scalar_acl_exact
pg-hnsw,100000,2,w4_acl,176,2.648542,1.0,10,,scalar_acl_exact
pg-hnsw,100000,2,w4_acl,231,2.580458,1.0,10,,scalar_acl_exact
pg-hnsw,100000,2,w4_acl,432,2.289708,1.0,10,,scalar_acl_exact
pg-hnsw,100000,2,w4_acl,651,2.150041,1.0,10,,scalar_acl_exact
pg-hnsw,100000,2,w4_acl,222,4.728875,1.0,10,,scalar_acl_exact
pg-hnsw,100000,2,w4_acl,585,2.413625,1.0,10,,scalar_acl_exact
pg-hnsw,100000,2,w4_acl,141,2.529459,1.0,10,,scalar_acl_exact
pg-hnsw,100000,2,w4_acl,845,2.742209,1.0,10,,scalar_acl_exact
pg-hnsw,100000,2,w4_acl,265,2.359416,1.0,10,,scalar_acl_exact
pg-hnsw,100000,2,w4_acl,633,2.452083,1.0,10,,scalar_acl_exact
pg-hnsw,100000,2,w4_acl,422,3.076334,1.0,10,,scalar_acl_exact
pg-hnsw,100000,2,w4_acl,581,2.661833,1.0,10,,scalar_acl_exact
pg-hnsw,100000,2,w4_acl,143,2.487417,1.0,10,,scalar_acl_exact
pg-hnsw,100000,2,w4_acl,525,3.323292,1.0,10,,scalar_acl_exact
pg-hnsw,100000,2,w4_acl,169,2.644875,1.0,10,,scalar_acl_exact
pg-hnsw,100000,2,w4_acl,712,2.751917,1.0,10,,scalar_acl_exact
pg-hnsw,100000,2,w4_acl,764,2.505459,1.0,10,,scalar_acl_exact
pg-hnsw,100000,2,w4_acl,665,2.3085,1.0,10,,scalar_acl_exact
pg-hnsw,100000,2,w4_acl,198,2.359709,1.0,10,,scalar_acl_exact
pg-hnsw,100000,2,w4_acl,182,3.47175,1.0,10,,scalar_acl_exact
pg-hnsw,100000,2,w4_acl,462,2.4715,1.0,10,,scalar_acl_exact
pg-hnsw,100000,2,w4_acl,465,2.844084,1.0,10,,scalar_acl_exact
pg-hnsw,100000,2,w4_acl,572,3.784667,1.0,10,,scalar_acl_exact
pg-hnsw,100000,2,w4_acl,541,2.464375,1.0,10,,scalar_acl_exact
pg-hnsw,100000,2,w4_acl,898,2.5095,1.0,10,,scalar_acl_exact
pg-hnsw,100000,2,w4_acl,874,2.40725,1.0,10,,scalar_acl_exact
pg-hnsw,100000,2,w4_acl,485,2.528917,1.0,10,,scalar_acl_exact
pg-hnsw,100000,2,w4_acl,590,2.631292,1.0,10,,scalar_acl_exact
pg-hnsw,100000,2,w4_acl,861,2.501667,1.0,10,,scalar_acl_exact
pg-hnsw,100000,2,w4_acl,531,2.458541,1.0,10,,scalar_acl_exact
pg-hnsw,100000,2,w4_acl,481,2.518458,1.0,10,,scalar_acl_exact
pg-hnsw,100000,2,w4_acl,659,4.883708,1.0,10,,scalar_acl_exact
pg-hnsw,100000,2,w4_acl,429,2.6865,1.0,10,,scalar_acl_exact
pg-hnsw,100000,2,w4_acl,308,5.801333,1.0,10,,scalar_acl_exact
pg-hnsw,100000,2,w4_acl,109,2.341583,1.0,10,,scalar_acl_exact
pg-hnsw,100000,2,w4_acl,700,2.590333,1.0,10,,scalar_acl_exact
pg-hnsw,100000,2,w4_acl,320,2.418708,1.0,10,,scalar_acl_exact
pg-hnsw,100000,2,w4_acl,469,2.524708,1.0,10,,scalar_acl_exact
pg-hnsw,100000,2,w4_acl,558,2.282916,1.0,10,,scalar_acl_exact
pg-hnsw,100000,2,w4_acl,692,2.388333,1.0,10,,scalar_acl_exact
pg-hnsw,100000,2,w4_acl,847,2.448667,1.0,10,,scalar_acl_exact
pg-hnsw,100000,2,w4_acl,721,2.616542,1.0,10,,scalar_acl_exact
pg-hnsw,100000,2,w4_acl,413,5.87575,1.0,10,,scalar_acl_exact
pg-hnsw,100000,2,w4_acl,743,3.173083,1.0,10,,scalar_acl_exact
pg-hnsw,100000,2,w4_acl,600,9.364792,1.0,10,,scalar_acl_exact
pg-hnsw,100000,2,w4_acl,448,6.196125,1.0,10,,scalar_acl_exact
pg-hnsw,100000,2,w4_acl,622,5.456167,1.0,10,,scalar_acl_exact
pg-hnsw,100000,2,w4_acl,418,4.651334,1.0,10,,scalar_acl_exact
pg-hnsw,100000,2,w4_acl,263,2.406417,1.0,10,,scalar_acl_exact
pg-hnsw,100000,2,w4_acl,915,2.215791,1.0,10,,scalar_acl_exact
pg-hnsw,100000,2,w4_acl,871,2.744125,1.0,10,,scalar_acl_exact
pg-hnsw,100000,2,w4_acl,876,8.105333,1.0,10,,scalar_acl_exact
pg-hnsw,100000,2,w4_acl,985,2.355708,1.0,10,,scalar_acl_exact
pg-hnsw,100000,2,w4_acl,702,2.857417,1.0,10,,scalar_acl_exact
pg-hnsw,100000,2,w4_acl,760,2.811458,1.0,10,,scalar_acl_exact
pg-hnsw,100000,2,w4_acl,153,4.824417,1.0,10,,scalar_acl_exact
pg-hnsw,100000,2,w4_acl,758,2.248875,1.0,10,,scalar_acl_exact
pg-hnsw,100000,2,w4_acl,843,2.377708,1.0,10,,scalar_acl_exact
pg-hnsw,100000,2,w4_acl,777,2.693125,1.0,10,,scalar_acl_exact
pg-hnsw,100000,2,w4_acl,812,2.60225,1.0,10,,scalar_acl_exact
pg-hnsw,100000,2,w4_acl,503,2.802833,1.0,10,,scalar_acl_exact
pg-hnsw,100000,2,w4_acl,426,5.126333,1.0,10,,scalar_acl_exact
pg-hnsw,100000,2,w4_acl,927,2.635209,1.0,10,,scalar_acl_exact
pg-hnsw,100000,2,w4_acl,251,3.854,1.0,10,,scalar_acl_exact
pg-hnsw,100000,2,w4_acl,555,2.503125,1.0,10,,scalar_acl_exact
pg-hnsw,100000,2,w4_acl,729,2.830959,1.0,10,,scalar_acl_exact
pg-hnsw,100000,2,w4_acl,132,3.279333,1.0,10,,scalar_acl_exact
pg-hnsw,100000,2,w4_acl,101,2.664459,1.0,10,,scalar_acl_exact
pg-hnsw,100000,2,w4_acl,780,5.920917,1.0,10,,scalar_acl_exact
pg-hnsw,100000,2,w4_acl,753,2.970916,1.0,10,,scalar_acl_exact
pg-hnsw,100000,2,w4_acl,105,4.940375,1.0,10,,scalar_acl_exact
pg-hnsw,100000,2,w4_acl,268,2.528583,1.0,10,,scalar_acl_exact
pg-hnsw,100000,2,w4_acl,613,5.607042,1.0,10,,scalar_acl_exact
pg-hnsw,100000,2,w4_acl,291,3.147916,1.0,10,,scalar_acl_exact
pg-hnsw,100000,2,w4_acl,846,4.492792,1.0,10,,scalar_acl_exact
pg-hnsw,100000,2,w4_acl,394,3.967458,1.0,10,,scalar_acl_exact
pg-hnsw,100000,2,w4_acl,324,5.966541,1.0,10,,scalar_acl_exact
pg-hnsw,100000,2,w4_acl,717,2.763125,1.0,10,,scalar_acl_exact
pg-hnsw,100000,2,w4_acl,347,3.165208,1.0,10,,scalar_acl_exact
pg-hnsw,100000,2,w4_acl,944,2.529667,1.0,10,,scalar_acl_exact
pg-hnsw,100000,2,w4_acl,740,2.557292,1.0,10,,scalar_acl_exact
pg-hnsw,100000,2,w4_acl,817,5.634792,1.0,10,,scalar_acl_exact
pg-hnsw,100000,2,w4_acl,529,2.642,1.0,10,,scalar_acl_exact
pg-hnsw,100000,2,w4_acl,486,5.705333,1.0,10,,scalar_acl_exact
pg-hnsw,100000,2,w4_acl,410,2.470459,1.0,10,,scalar_acl_exact
pg-hnsw,100000,2,w4_acl,211,3.585833,1.0,10,,scalar_acl_exact
pg-hnsw,100000,2,w4_acl,968,2.429833,1.0,10,,scalar_acl_exact
pg-hnsw,100000,2,w4_acl,280,2.758833,1.0,10,,scalar_acl_exact
pg-hnsw,100000,2,w4_acl,274,2.917333,1.0,10,,scalar_acl_exact
pg-hnsw,100000,2,w4_acl,551,2.770417,1.0,10,,scalar_acl_exact
pg-hnsw,100000,2,w4_acl,528,2.42725,1.0,10,,scalar_acl_exact
pg-hnsw,100000,2,w4_acl,925,3.426167,1.0,10,,scalar_acl_exact
pg-hnsw,100000,2,w4_acl,778,2.646917,1.0,10,,scalar_acl_exact
pg-hnsw,100000,2,w4_acl,637,2.85325,1.0,10,,scalar_acl_exact
pg-hnsw,100000,2,w4_acl,854,3.730792,1.0,10,,scalar_acl_exact
pg-hnsw,100000,2,w4_acl,178,2.324083,1.0,10,,scalar_acl_exact
pg-hnsw,100000,2,w4_acl,439,9.060917,1.0,10,,scalar_acl_exact
pg-hnsw,100000,2,w4_acl,751,6.138333,1.0,10,,scalar_acl_exact
pg-hnsw,100000,2,w4_acl,701,2.303,1.0,10,,scalar_acl_exact
pg-hnsw,100000,2,w4_acl,695,4.820125,1.0,10,,scalar_acl_exact
pg-hnsw,100000,2,w4_acl,957,3.1585,1.0,10,,scalar_acl_exact
pg-hnsw,100000,2,w4_acl,327,9.569667,1.0,10,,scalar_acl_exact
pg-hnsw,100000,2,w4_acl,287,3.181125,1.0,10,,scalar_acl_exact
pg-hnsw,100000,2,w4_acl,972,3.263042,1.0,10,,scalar_acl_exact
pg-hnsw,100000,2,w4_acl,427,4.805,1.0,10,,scalar_acl_exact
pg-hnsw,100000,2,w4_acl,892,2.664333,1.0,10,,scalar_acl_exact
pg-hnsw,100000,2,w4_acl,641,2.491375,1.0,10,,scalar_acl_exact
pg-hnsw,100000,2,w4_acl,436,4.26875,1.0,10,,scalar_acl_exact
pg-hnsw,100000,2,w4_acl,380,2.738833,1.0,10,,scalar_acl_exact
pg-hnsw,100000,2,w4_acl,381,5.704959,1.0,10,,scalar_acl_exact
pg-hnsw,100000,2,w4_acl,482,2.822458,1.0,10,,scalar_acl_exact
pg-hnsw,100000,2,w4_acl,824,2.719041,1.0,10,,scalar_acl_exact
pg-hnsw,100000,2,w4_acl,476,2.224791,1.0,10,,scalar_acl_exact
pg-hnsw,100000,2,w4_acl,629,2.273208,1.0,10,,scalar_acl_exact
pg-hnsw,100000,2,w4_acl,606,2.678083,1.0,10,,scalar_acl_exact
pg-hnsw,100000,2,w4_acl,399,2.555958,1.0,10,,scalar_acl_exact
pg-hnsw,100000,2,w4_acl,527,2.595083,1.0,10,,scalar_acl_exact
pg-hnsw,100000,2,w4_acl,953,2.234375,1.0,10,,scalar_acl_exact
pg-hnsw,100000,2,w4_acl,635,2.192792,1.0,10,,scalar_acl_exact
pg-hnsw,100000,2,w4_acl,323,1.974,1.0,10,,scalar_acl_exact
pg-hnsw,100000,2,w4_acl,728,2.021,1.0,10,,scalar_acl_exact
pg-hnsw,100000,2,w4_acl,519,1.92225,1.0,10,,scalar_acl_exact
pg-hnsw,100000,2,w4_acl,955,2.653459,1.0,10,,scalar_acl_exact
pg-hnsw,100000,2,w4_acl,468,2.2015,1.0,10,,scalar_acl_exact
pg-hnsw,100000,2,w4_acl,201,2.436291,1.0,10,,scalar_acl_exact
pg-hnsw,100000,2,w4_acl,224,5.930042,1.0,10,,scalar_acl_exact
pg-hnsw,100000,2,w4_acl,259,2.318958,1.0,10,,scalar_acl_exact
pg-hnsw,100000,2,w4_acl,745,5.058792,1.0,10,,scalar_acl_exact
pg-hnsw,100000,2,w4_acl,946,2.384166,1.0,10,,scalar_acl_exact
pg-hnsw,100000,2,w4_acl,638,2.191,1.0,10,,scalar_acl_exact
pg-hnsw,100000,2,w4_acl,515,3.875541,1.0,10,,scalar_acl_exact
pg-hnsw,100000,2,w4_acl,524,2.344542,1.0,10,,scalar_acl_exact
pg-hnsw,100000,2,w4_acl,513,2.515666,1.0,10,,scalar_acl_exact
pg-hnsw,100000,2,w4_acl,632,3.829,1.0,10,,scalar_acl_exact
pg-hnsw,100000,2,w4_acl,489,2.36675,1.0,10,,scalar_acl_exact
pg-hnsw,100000,2,w4_acl,756,5.589916,1.0,10,,scalar_acl_exact
pg-hnsw,100000,2,w4_acl,538,2.886584,1.0,10,,scalar_acl_exact
pg-hnsw,100000,2,w4_acl,386,5.180125,1.0,10,,scalar_acl_exact
pg-hnsw,100000,2,w4_acl,680,2.767958,1.0,10,,scalar_acl_exact
pg-hnsw,100000,2,w4_acl,694,2.306375,1.0,10,,scalar_acl_exact
pg-hnsw,100000,2,w4_acl,514,6.018375,1.0,10,,scalar_acl_exact
pg-hnsw,100000,2,w4_acl,557,5.428542,1.0,10,,scalar_acl_exact
pg-hnsw,100000,2,w4_acl,306,2.856041,1.0,10,,scalar_acl_exact
pg-hnsw,100000,2,w4_acl,138,5.273792,1.0,10,,scalar_acl_exact
pg-hnsw,100000,2,w4_acl,335,2.688792,1.0,10,,scalar_acl_exact
pg-hnsw,100000,2,w4_acl,793,2.4185,1.0,10,,scalar_acl_exact
pg-hnsw,100000,2,w4_acl,683,2.755792,1.0,10,,scalar_acl_exact
pg-hnsw,100000,2,w4_acl,741,2.540791,1.0,10,,scalar_acl_exact
pg-hnsw,100000,2,w4_acl,148,2.349917,1.0,10,,scalar_acl_exact
pg-hnsw,100000,2,w4_acl,909,4.066625,1.0,10,,scalar_acl_exact
pg-hnsw,100000,2,w4_acl,171,2.640917,1.0,10,,scalar_acl_exact
pg-hnsw,100000,2,w4_acl,796,4.92675,1.0,10,,scalar_acl_exact
pg-hnsw,100000,2,w4_acl,277,2.35175,1.0,10,,scalar_acl_exact
pg-hnsw,100000,2,w4_acl,627,2.160125,1.0,10,,scalar_acl_exact
pg-hnsw,100000,2,w4_acl,956,4.865833,1.0,10,,scalar_acl_exact
pg-hnsw,100000,2,w4_acl,498,2.305875,1.0,10,,scalar_acl_exact
pg-hnsw,100000,2,w4_acl,936,2.000584,1.0,10,,scalar_acl_exact
pg-hnsw,100000,2,w4_acl,649,2.658875,1.0,10,,scalar_acl_exact
pg-hnsw,100000,2,w4_acl,556,2.667958,1.0,10,,scalar_acl_exact
pg-hnsw,100000,2,w4_acl,877,2.585875,1.0,10,,scalar_acl_exact
pg-hnsw,100000,2,w4_acl,746,4.615917,1.0,10,,scalar_acl_exact
pg-hnsw,100000,2,w4_acl,312,2.46825,1.0,10,,scalar_acl_exact
pg-hnsw,100000,2,w4_acl,784,3.395708,1.0,10,,scalar_acl_exact
pg-hnsw,100000,2,w4_acl,493,2.901833,1.0,10,,scalar_acl_exact
pg-hnsw,100000,2,w4_acl,908,2.73475,1.0,10,,scalar_acl_exact
pg-hnsw,100000,2,w4_acl,227,2.475875,1.0,10,,scalar_acl_exact
pg-hnsw,100000,2,w4_acl,950,2.668208,1.0,10,,scalar_acl_exact
pg-hnsw,100000,2,w4_acl,300,2.362291,1.0,10,,scalar_acl_exact
pg-hnsw,100000,2,w4_acl,112,4.675,1.0,10,,scalar_acl_exact
pg-hnsw,100000,2,w4_acl,754,3.088083,1.0,10,,scalar_acl_exact
pg-hnsw,100000,2,w4_acl,816,5.413959,1.0,10,,scalar_acl_exact
pg-hnsw,100000,2,w4_acl,937,2.292875,1.0,10,,scalar_acl_exact
pg-hnsw,100000,2,w4_acl,154,6.257375,1.0,10,,scalar_acl_exact
pg-hnsw,100000,2,w4_acl,150,2.75,1.0,10,,scalar_acl_exact
pg-hnsw,100000,2,w4_acl,840,6.748125,1.0,10,,scalar_acl_exact
pg-hnsw,100000,2,w4_acl,102,2.30425,1.0,10,,scalar_acl_exact
pg-hnsw,100000,2,w4_acl,464,4.985375,1.0,10,,scalar_acl_exact
pg-hnsw,100000,2,w4_acl,299,2.491708,1.0,10,,scalar_acl_exact
pg-hnsw,100000,2,w4_acl,815,5.420167,1.0,10,,scalar_acl_exact
pg-hnsw,100000,2,w4_acl,267,2.770791,1.0,10,,scalar_acl_exact
pg-hnsw,100000,2,w4_acl,761,5.512083,1.0,10,,scalar_acl_exact
pg-hnsw,100000,2,w4_acl,726,2.87475,1.0,10,,scalar_acl_exact
pg-hnsw,100000,2,w4_acl,757,5.401209,1.0,10,,scalar_acl_exact
pg-hnsw,100000,2,w4_acl,631,3.094791,1.0,10,,scalar_acl_exact
pg-hnsw,100000,2,w4_acl,855,5.272125,1.0,10,,scalar_acl_exact
pg-hnsw,100000,2,w4_acl,346,3.324417,1.0,10,,scalar_acl_exact
pg-hnsw,100000,2,w4_acl,495,4.385875,1.0,10,,scalar_acl_exact
pg-hnsw,100000,2,w4_acl,705,3.031708,1.0,10,,scalar_acl_exact
pg-hnsw,100000,2,w4_acl,867,5.249375,1.0,10,,scalar_acl_exact
pg-hnsw,100000,2,w4_acl,948,3.034166,1.0,10,,scalar_acl_exact
pg-hnsw,100000,2,w4_acl,435,2.25425,1.0,10,,scalar_acl_exact
pg-hnsw,100000,2,w4_acl,989,5.210125,1.0,10,,scalar_acl_exact
pg-hnsw,100000,2,w4_acl,720,2.113458,1.0,10,,scalar_acl_exact
pg-hnsw,100000,2,w4_acl,830,4.177042,1.0,10,,scalar_acl_exact
pg-hnsw,100000,2,w4_acl,646,2.84475,1.0,10,,scalar_acl_exact
pg-hnsw,100000,2,w4_acl,473,5.151208,1.0,10,,scalar_acl_exact
pg-hnsw,100000,2,w4_acl,706,2.799875,1.0,10,,scalar_acl_exact
pg-hnsw,100000,2,w4_acl,487,2.433542,1.0,10,,scalar_acl_exact
pg-hnsw,100000,2,w4_acl,478,5.30975,1.0,10,,scalar_acl_exact
pg-hnsw,100000,2,w4_acl,262,2.6175,1.0,10,,scalar_acl_exact
pg-hnsw,100000,2,w4_acl,396,2.50675,1.0,10,,scalar_acl_exact
pg-hnsw,100000,2,w4_acl,144,2.696958,1.0,10,,scalar_acl_exact
pg-hnsw,100000,2,w4_acl,863,2.435583,1.0,10,,scalar_acl_exact
pg-hnsw,100000,2,w4_acl,516,2.434459,1.0,10,,scalar_acl_exact
pg-hnsw,100000,2,w4_acl,565,2.360542,1.0,10,,scalar_acl_exact
pg-hnsw,100000,2,w4_acl,184,2.1995,1.0,10,,scalar_acl_exact
pg-hnsw,100000,2,w4_acl,636,2.587833,1.0,10,,scalar_acl_exact
pg-hnsw,100000,2,w4_acl,457,2.303834,1.0,10,,scalar_acl_exact
pg-hnsw,100000,2,w4_acl,526,2.097333,1.0,10,,scalar_acl_exact
pg-hnsw,100000,2,w4_acl,166,2.052708,1.0,10,,scalar_acl_exact
pg-hnsw,100000,2,w4_acl,533,2.125667,1.0,10,,scalar_acl_exact
pg-hnsw,100000,2,w4_acl,547,2.343666,1.0,10,,scalar_acl_exact
pg-hnsw,100000,2,w4_acl,894,2.14425,1.0,10,,scalar_acl_exact
pg-hnsw,100000,2,w4_acl,691,2.087417,1.0,10,,scalar_acl_exact
pg-hnsw,100000,2,w4_acl,669,2.212125,1.0,10,,scalar_acl_exact
pg-hnsw,100000,2,w4_acl,566,1.722584,1.0,10,,scalar_acl_exact
pg-hnsw,100000,2,w4_acl,979,2.425834,1.0,10,,scalar_acl_exact
pg-hnsw,100000,2,w4_acl,452,1.849917,1.0,10,,scalar_acl_exact
pg-hnsw,100000,2,w4_acl,947,2.466292,1.0,10,,scalar_acl_exact
pg-hnsw,100000,2,w4_acl,193,2.439416,1.0,10,,scalar_acl_exact
pg-hnsw,100000,2,w4_acl,580,2.154959,1.0,10,,scalar_acl_exact
pg-hnsw,100000,2,w4_acl,896,2.00125,1.0,10,,scalar_acl_exact
pg-hnsw,100000,2,w4_acl,218,2.420417,1.0,10,,scalar_acl_exact
pg-hnsw,100000,2,w4_acl,897,2.465041,1.0,10,,scalar_acl_exact
pg-hnsw,100000,2,w4_acl,522,2.232917,1.0,10,,scalar_acl_exact
pg-hnsw,100000,2,w4_acl,563,3.2835,1.0,10,,scalar_acl_exact
pg-hnsw,100000,2,w4_acl,998,2.3995,1.0,10,,scalar_acl_exact
pg-hnsw,100000,2,w4_acl,128,2.545666,1.0,10,,scalar_acl_exact
pg-hnsw,100000,2,w4_acl,199,4.018209,1.0,10,,scalar_acl_exact
pg-hnsw,100000,2,w4_acl,479,2.432875,1.0,10,,scalar_acl_exact
pg-hnsw,100000,2,w4_acl,623,2.199875,1.0,10,,scalar_acl_exact
pg-hnsw,100000,2,w4_acl,213,2.216292,1.0,10,,scalar_acl_exact
pg-hnsw,100000,2,w4_acl,766,2.66525,1.0,10,,scalar_acl_exact
pg-hnsw,100000,2,w4_acl,532,2.174209,1.0,10,,scalar_acl_exact
pg-hnsw,100000,2,w4_acl,912,2.229125,1.0,10,,scalar_acl_exact
pg-hnsw,100000,2,w4_acl,708,2.346959,1.0,10,,scalar_acl_exact
pg-hnsw,100000,2,w4_acl,214,2.447125,1.0,10,,scalar_acl_exact
pg-hnsw,100000,2,w4_acl,133,2.017792,1.0,10,,scalar_acl_exact
pg-hnsw,100000,2,w4_acl,886,2.186417,1.0,10,,scalar_acl_exact
pg-hnsw,100000,2,w4_acl,768,2.336167,1.0,10,,scalar_acl_exact
pg-hnsw,100000,2,w4_acl,734,2.216584,1.0,10,,scalar_acl_exact
pg-hnsw,100000,2,w4_acl,715,2.186917,1.0,10,,scalar_acl_exact
pg-hnsw,100000,2,w4_acl,599,2.420125,1.0,10,,scalar_acl_exact
pg-hnsw,100000,2,w4_acl,508,2.080333,1.0,10,,scalar_acl_exact
pg-hnsw,100000,2,w4_acl,827,2.333917,1.0,10,,scalar_acl_exact
pg-hnsw,100000,2,w4_acl,535,2.085667,1.0,10,,scalar_acl_exact
pg-hnsw,100000,2,w4_acl,735,2.542667,1.0,10,,scalar_acl_exact
pg-hnsw,100000,2,w4_acl,247,2.078958,1.0,10,,scalar_acl_exact
pg-hnsw,100000,2,w4_acl,414,2.425041,1.0,10,,scalar_acl_exact
pg-hnsw,100000,2,w4_acl,714,2.558291,1.0,10,,scalar_acl_exact
pg-hnsw,100000,2,w4_acl,837,2.534375,1.0,10,,scalar_acl_exact
pg-hnsw,100000,2,w4_acl,162,2.085042,1.0,10,,scalar_acl_exact
pg-hnsw,100000,2,w4_acl,672,1.922458,1.0,10,,scalar_acl_exact
pg-hnsw,100000,2,w4_acl,477,2.562167,1.0,10,,scalar_acl_exact
pg-hnsw,100000,2,w4_acl,229,2.562042,1.0,10,,scalar_acl_exact
pg-hnsw,100000,2,w4_acl,454,2.57225,1.0,10,,scalar_acl_exact
pg-hnsw,100000,2,w4_acl,577,2.583834,1.0,10,,scalar_acl_exact
pg-hnsw,100000,2,w4_acl,571,2.4705,1.0,10,,scalar_acl_exact
pg-hnsw,100000,2,w4_acl,113,2.319875,1.0,10,,scalar_acl_exact
pg-hnsw,100000,2,w4_acl,776,2.660625,1.0,10,,scalar_acl_exact
pg-hnsw,100000,2,w4_acl,248,2.466875,1.0,10,,scalar_acl_exact
pg-hnsw,100000,2,w4_acl,923,2.467625,1.0,10,,scalar_acl_exact
pg-hnsw,100000,2,w4_acl,353,2.034958,1.0,10,,scalar_acl_exact
pg-hnsw,100000,2,w4_acl,472,2.361333,1.0,10,,scalar_acl_exact
pg-hnsw,100000,2,w4_acl,356,3.364291,1.0,10,,scalar_acl_exact
pg-hnsw,100000,2,w4_acl,707,3.010375,1.0,10,,scalar_acl_exact
pg-hnsw,100000,2,w4_acl,250,2.221708,1.0,10,,scalar_acl_exact
pg-hnsw,100000,2,w4_acl,437,2.405292,1.0,10,,scalar_acl_exact
pg-hnsw,100000,2,w4_acl,174,2.157875,1.0,10,,scalar_acl_exact
pg-hnsw,100000,2,w4_acl,236,2.456875,1.0,10,,scalar_acl_exact
pg-hnsw,100000,2,w4_acl,903,2.440583,1.0,10,,scalar_acl_exact
pg-hnsw,100000,2,w4_acl,447,1.987666,1.0,10,,scalar_acl_exact
pg-hnsw,100000,2,w4_acl,575,2.545541,1.0,10,,scalar_acl_exact
pg-hnsw,100000,2,w4_acl,311,2.431083,1.0,10,,scalar_acl_exact
pg-hnsw,100000,2,w4_acl,569,2.313416,1.0,10,,scalar_acl_exact
pg-hnsw,100000,2,w4_acl,401,2.17975,1.0,10,,scalar_acl_exact
pg-hnsw,100000,2,w4_acl,338,2.494375,1.0,10,,scalar_acl_exact
pg-hnsw,100000,2,w4_acl,589,2.1265,1.0,10,,scalar_acl_exact
pg-hnsw,100000,2,w4_acl,285,2.237417,1.0,10,,scalar_acl_exact
pg-hnsw,100000,2,w4_acl,744,2.565041,1.0,10,,scalar_acl_exact
pg-hnsw,100000,2,w4_acl,459,2.74,1.0,10,,scalar_acl_exact
pg-hnsw,100000,2,w4_acl,679,2.154292,1.0,10,,scalar_acl_exact
pg-hnsw,100000,2,w4_acl,501,2.392416,1.0,10,,scalar_acl_exact
pg-hnsw,100000,2,w4_acl,145,4.949042,1.0,10,,scalar_acl_exact
pg-hnsw,100000,2,w4_acl,807,3.226417,1.0,10,,scalar_acl_exact
pg-hnsw,100000,2,w4_acl,129,2.765125,1.0,10,,scalar_acl_exact
pg-hnsw,100000,2,w4_acl,943,2.437375,1.0,10,,scalar_acl_exact
pg-hnsw,100000,2,w4_acl,642,2.341,1.0,10,,scalar_acl_exact
pg-hnsw,100000,2,w4_acl,505,4.338792,1.0,10,,scalar_acl_exact
pg-hnsw,100000,2,w4_acl,205,2.780375,1.0,10,,scalar_acl_exact
pg-hnsw,100000,2,w4_acl,398,2.56225,1.0,10,,scalar_acl_exact
pg-hnsw,100000,2,w4_acl,126,5.048833,1.0,10,,scalar_acl_exact
pg-hnsw,100000,2,w4_acl,960,2.234791,1.0,10,,scalar_acl_exact
pg-hnsw,100000,2,w4_acl,444,2.331459,1.0,10,,scalar_acl_exact
pg-hnsw,100000,2,w4_acl,932,2.752291,1.0,10,,scalar_acl_exact
pg-hnsw,100000,2,w4_acl,203,2.259834,1.0,10,,scalar_acl_exact
pg-hnsw,100000,2,w4_acl,228,5.32575,1.0,10,,scalar_acl_exact
pg-hnsw,100000,2,w4_acl,772,2.502209,1.0,10,,scalar_acl_exact
pg-hnsw,100000,2,w4_acl,269,5.801542,1.0,10,,scalar_acl_exact
pg-hnsw,100000,2,w4_acl,598,2.788833,1.0,10,,scalar_acl_exact
pg-hnsw,100000,2,w4_acl,345,4.44025,1.0,10,,scalar_acl_exact
pg-hnsw,100000,2,w4_acl,100,2.751208,1.0,10,,scalar_acl_exact
pg-hnsw,100000,2,w4_acl,831,2.558958,1.0,10,,scalar_acl_exact
pg-hnsw,100000,2,w4_acl,959,2.435167,1.0,10,,scalar_acl_exact
pg-hnsw,100000,2,w4_acl,548,2.6395,1.0,10,,scalar_acl_exact
pg-hnsw,100000,2,w4_acl,983,2.358042,1.0,10,,scalar_acl_exact
pg-hnsw,100000,2,w4_acl,678,2.551541,1.0,10,,scalar_acl_exact
pg-hnsw,100000,2,w4_acl,318,2.615708,1.0,10,,scalar_acl_exact
pg-hnsw,100000,2,w4_acl,296,2.296333,1.0,10,,scalar_acl_exact
pg-hnsw,100000,2,w4_acl,192,3.582292,1.0,10,,scalar_acl_exact
pg-hnsw,100000,2,w4_acl,899,3.090459,1.0,10,,scalar_acl_exact
pg-hnsw,100000,2,w4_acl,732,2.674584,1.0,10,,scalar_acl_exact
pg-hnsw,100000,2,w4_acl,940,2.7375,1.0,10,,scalar_acl_exact
pg-hnsw,100000,2,w4_acl,223,2.700792,1.0,10,,scalar_acl_exact
pg-hnsw,100000,2,w4_acl,325,2.615291,1.0,10,,scalar_acl_exact
pg-hnsw,100000,2,w4_acl,330,2.497042,1.0,10,,scalar_acl_exact
pg-hnsw,100000,2,w4_acl,271,2.757167,1.0,10,,scalar_acl_exact
pg-hnsw,100000,2,w4_acl,791,2.409334,1.0,10,,scalar_acl_exact
pg-hnsw,100000,2,w4_acl,621,3.104125,1.0,10,,scalar_acl_exact
pg-hnsw,100000,2,w4_acl,562,2.492375,1.0,10,,scalar_acl_exact
pg-hnsw,100000,2,w4_acl,848,2.758667,1.0,10,,scalar_acl_exact
pg-hnsw,100000,2,w4_acl,137,3.374917,1.0,10,,scalar_acl_exact
pg-hnsw,100000,2,w4_acl,803,2.7825,1.0,10,,scalar_acl_exact
pg-hnsw,100000,2,w4_acl,411,2.408042,1.0,10,,scalar_acl_exact
pg-hnsw,100000,2,w4_acl,352,3.543792,1.0,10,,scalar_acl_exact
pg-hnsw,100000,2,w4_acl,997,2.728792,1.0,10,,scalar_acl_exact
pg-hnsw,100000,2,w4_acl,939,2.547041,1.0,10,,scalar_acl_exact
pg-hnsw,100000,2,w4_acl,609,4.361667,1.0,10,,scalar_acl_exact
pg-hnsw,100000,2,w4_acl,388,2.677209,1.0,10,,scalar_acl_exact
pg-hnsw,100000,2,w4_acl,204,2.733917,1.0,10,,scalar_acl_exact
pg-hnsw,100000,2,w4_acl,666,2.485292,1.0,10,,scalar_acl_exact
pg-hnsw,100000,2,w4_acl,584,2.390333,1.0,10,,scalar_acl_exact
pg-hnsw,100000,2,w4_acl,719,2.244,1.0,10,,scalar_acl_exact
pg-hnsw,100000,2,w4_acl,839,2.462,1.0,10,,scalar_acl_exact
pg-hnsw,100000,2,w4_acl,466,2.537791,1.0,10,,scalar_acl_exact
pg-hnsw,100000,2,w4_acl,829,2.206917,1.0,10,,scalar_acl_exact
pg-hnsw,100000,2,w4_acl,376,3.21,1.0,10,,scalar_acl_exact
pg-hnsw,100000,2,w4_acl,762,2.826125,1.0,10,,scalar_acl_exact
pg-hnsw,100000,2,w4_acl,543,2.255292,1.0,10,,scalar_acl_exact
pg-hnsw,100000,2,w4_acl,283,2.0555,1.0,10,,scalar_acl_exact
pg-hnsw,100000,2,w4_acl,736,2.997916,1.0,10,,scalar_acl_exact
pg-hnsw,100000,2,w4_acl,242,2.617459,1.0,10,,scalar_acl_exact
pg-hnsw,100000,2,w4_acl,384,3.843833,1.0,10,,scalar_acl_exact
pg-hnsw,100000,2,w4_acl,434,2.768167,1.0,10,,scalar_acl_exact
pg-hnsw,100000,2,w4_acl,561,2.038875,1.0,10,,scalar_acl_exact
pg-hnsw,100000,2,w4_acl,926,4.6735,1.0,10,,scalar_acl_exact
pg-hnsw,100000,2,w4_acl,313,2.831792,1.0,10,,scalar_acl_exact
pg-hnsw,100000,2,w4_acl,511,3.873208,1.0,10,,scalar_acl_exact
pg-hnsw,100000,2,w4_acl,673,2.754083,1.0,10,,scalar_acl_exact
pg-hnsw,100000,2,w4_acl,835,2.438791,1.0,10,,scalar_acl_exact
pg-hnsw,100000,2,w4_acl,284,5.82325,1.0,10,,scalar_acl_exact
pg-hnsw,100000,2,w4_acl,782,2.685959,1.0,10,,scalar_acl_exact
pg-hnsw,100000,2,w4_acl,233,2.787125,1.0,10,,scalar_acl_exact
pg-hnsw,100000,2,w4_acl,634,2.281666,1.0,10,,scalar_acl_exact
pg-hnsw,100000,2,w4_acl,564,2.7475,1.0,10,,scalar_acl_exact
pg-hnsw,100000,2,w4_acl,808,2.616916,1.0,10,,scalar_acl_exact
pg-hnsw,100000,2,w4_acl,594,2.493541,1.0,10,,scalar_acl_exact
pg-hnsw,100000,2,w4_acl,851,2.494333,1.0,10,,scalar_acl_exact
pg-hnsw,100000,2,w4_acl,272,3.447208,1.0,10,,scalar_acl_exact
pg-hnsw,100000,2,w4_acl,553,2.656125,1.0,10,,scalar_acl_exact
pg-hnsw,100000,2,w4_acl,282,2.661042,1.0,10,,scalar_acl_exact
pg-hnsw,100000,2,w4_acl,517,3.755125,1.0,10,,scalar_acl_exact
pg-hnsw,100000,2,w4_acl,491,2.348208,1.0,10,,scalar_acl_exact
pg-hnsw,100000,2,w4_acl,739,2.220167,1.0,10,,scalar_acl_exact
pg-hnsw,100000,2,w4_acl,431,3.544,1.0,10,,scalar_acl_exact
pg-hnsw,100000,2,w4_acl,794,2.673208,1.0,10,,scalar_acl_exact
pg-hnsw,100000,2,w4_acl,605,2.695916,1.0,10,,scalar_acl_exact
pg-hnsw,100000,2,w4_acl,661,2.6895,1.0,10,,scalar_acl_exact
pg-hnsw,100000,2,w4_acl,737,2.347667,1.0,10,,scalar_acl_exact
pg-hnsw,100000,2,w4_acl,795,2.359292,1.0,10,,scalar_acl_exact
pg-hnsw,100000,2,w4_acl,858,2.745625,1.0,10,,scalar_acl_exact
pg-hnsw,100000,2,w4_acl,190,2.595583,1.0,10,,scalar_acl_exact
pg-hnsw,100000,2,w4_acl,963,2.279875,1.0,10,,scalar_acl_exact
pg-hnsw,100000,2,w4_acl,933,4.787375,1.0,10,,scalar_acl_exact
pg-hnsw,100000,2,w4_acl,866,2.702042,1.0,10,,scalar_acl_exact
pg-hnsw,100000,2,w4_acl,281,3.052792,1.0,10,,scalar_acl_exact
pg-hnsw,100000,2,w4_acl,158,2.934709,1.0,10,,scalar_acl_exact
pg-hnsw,100000,2,w4_acl,402,2.556167,1.0,10,,scalar_acl_exact
pg-hnsw,100000,2,w4_acl,360,2.457791,1.0,10,,scalar_acl_exact
pg-hnsw,100000,2,w4_acl,630,2.645167,1.0,10,,scalar_acl_exact
pg-hnsw,100000,2,w4_acl,183,2.688917,1.0,10,,scalar_acl_exact
pg-hnsw,100000,2,w4_acl,305,5.028209,1.0,10,,scalar_acl_exact
pg-hnsw,100000,2,w4_acl,806,3.213875,1.0,10,,scalar_acl_exact
pg-hnsw,100000,2,w4_acl,852,2.378166,1.0,10,,scalar_acl_exact
pg-hnsw,100000,2,w4_acl,826,2.61075,1.0,10,,scalar_acl_exact
pg-hnsw,100000,2,w4_acl,449,2.401833,1.0,10,,scalar_acl_exact
pg-hnsw,100000,2,w4_acl,786,2.321167,1.0,10,,scalar_acl_exact
pg-hnsw,100000,2,w4_acl,540,3.653375,1.0,10,,scalar_acl_exact
pg-hnsw,100000,2,w4_acl,390,2.643125,1.0,10,,scalar_acl_exact
pg-hnsw,100000,2,w4_acl,428,2.22075,1.0,10,,scalar_acl_exact
pg-hnsw,100000,2,w4_acl,711,3.331667,1.0,10,,scalar_acl_exact
pg-hnsw,100000,2,w4_acl,755,2.848625,1.0,10,,scalar_acl_exact
pg-hnsw,100000,2,w4_acl,922,2.464875,1.0,10,,scalar_acl_exact
pg-hnsw,100000,2,w4_acl,891,2.501375,1.0,10,,scalar_acl_exact
pg-hnsw,100000,2,w4_acl,443,2.571583,1.0,10,,scalar_acl_exact
pg-hnsw,100000,2,w4_acl,494,2.070792,1.0,10,,scalar_acl_exact
pg-hnsw,100000,2,w4_acl,798,2.026584,1.0,10,,scalar_acl_exact
pg-hnsw,100000,2,w4_acl,395,7.253542,1.0,10,,scalar_acl_exact
pg-hnsw,100000,2,w4_acl,787,2.617667,1.0,10,,scalar_acl_exact
pg-hnsw,100000,2,w4_acl,664,2.579709,1.0,10,,scalar_acl_exact
pg-hnsw,100000,2,w4_acl,492,2.514792,1.0,10,,scalar_acl_exact
pg-hnsw,100000,2,w4_acl,303,3.447167,1.0,10,,scalar_acl_exact
pg-hnsw,100000,2,w4_acl,407,2.366542,1.0,10,,scalar_acl_exact
pg-hnsw,100000,2,w4_acl,122,2.795625,1.0,10,,scalar_acl_exact
pg-hnsw,100000,2,w4_acl,127,3.094667,1.0,10,,scalar_acl_exact
pg-hnsw,100000,2,w4_acl,446,2.694167,1.0,10,,scalar_acl_exact
pg-hnsw,100000,2,w4_acl,378,2.562959,1.0,10,,scalar_acl_exact
pg-hnsw,100000,2,w4_acl,276,2.584375,1.0,10,,scalar_acl_exact
pg-hnsw,100000,2,w4_acl,913,2.392291,1.0,10,,scalar_acl_exact
pg-hnsw,100000,2,w4_acl,893,2.584292,1.0,10,,scalar_acl_exact
pg-hnsw,100000,2,w4_acl,586,3.001,1.0,10,,scalar_acl_exact
pg-hnsw,100000,2,w4_acl,403,2.760917,1.0,10,,scalar_acl_exact
pg-hnsw,100000,2,w4_acl,237,2.486542,1.0,10,,scalar_acl_exact
pg-hnsw,100000,2,w4_acl,261,2.979584,1.0,10,,scalar_acl_exact
pg-hnsw,100000,2,w4_acl,975,2.75775,1.0,10,,scalar_acl_exact
pg-hnsw,100000,2,w4_acl,868,2.477292,1.0,10,,scalar_acl_exact
pg-hnsw,100000,2,w4_acl,935,3.238208,1.0,10,,scalar_acl_exact
pg-hnsw,100000,2,w4_acl,750,2.424292,1.0,10,,scalar_acl_exact
pg-hnsw,100000,2,w4_acl,879,2.332541,1.0,10,,scalar_acl_exact
pg-hnsw,100000,2,w4_acl,805,2.514417,1.0,10,,scalar_acl_exact
pg-hnsw,100000,2,w4_acl,545,2.871,1.0,10,,scalar_acl_exact
pg-hnsw,100000,2,w4_acl,890,2.460375,1.0,10,,scalar_acl_exact
pg-hnsw,100000,2,w4_acl,987,2.699,1.0,10,,scalar_acl_exact
pg-hnsw,100000,2,w4_acl,801,2.331667,1.0,10,,scalar_acl_exact
pg-hnsw,100000,2,w4_acl,588,2.637333,1.0,10,,scalar_acl_exact
pg-hnsw,100000,2,w4_acl,759,2.294334,1.0,10,,scalar_acl_exact
pg-hnsw,100000,2,w4_acl,321,2.081125,1.0,10,,scalar_acl_exact
pg-hnsw,100000,2,w4_acl,781,2.274042,1.0,10,,scalar_acl_exact
pg-hnsw,100000,2,w4_acl,978,2.295083,1.0,10,,scalar_acl_exact
pg-hnsw,100000,2,w4_acl,869,3.003334,1.0,10,,scalar_acl_exact
pg-hnsw,100000,2,w4_acl,157,2.8875,1.0,10,,scalar_acl_exact
pg-hnsw,100000,2,w4_acl,652,2.406958,1.0,10,,scalar_acl_exact
pg-hnsw,100000,2,w4_acl,554,2.767625,1.0,10,,scalar_acl_exact
pg-hnsw,100000,2,w4_acl,362,2.660792,1.0,10,,scalar_acl_exact
pg-hnsw,100000,2,w4_acl,340,2.329292,1.0,10,,scalar_acl_exact
pg-hnsw,100000,2,w4_acl,576,3.534208,1.0,10,,scalar_acl_exact
pg-hnsw,100000,2,w4_acl,302,2.632125,1.0,10,,scalar_acl_exact
pg-hnsw,100000,2,w4_acl,366,2.72675,1.0,10,,scalar_acl_exact
pg-hnsw,100000,2,w4_acl,849,2.443708,1.0,10,,scalar_acl_exact
pg-hnsw,100000,2,w4_acl,116,2.507333,1.0,10,,scalar_acl_exact
pg-hnsw,100000,2,w4_acl,958,2.588583,1.0,10,,scalar_acl_exact
pg-hnsw,100000,2,w4_acl,995,4.766458,1.0,10,,scalar_acl_exact
pg-hnsw,100000,2,w4_acl,181,3.408375,1.0,10,,scalar_acl_exact
pg-hnsw,100000,2,w4_acl,385,5.987542,1.0,10,,scalar_acl_exact
pg-hnsw,100000,2,w4_acl,226,2.886042,1.0,10,,scalar_acl_exact
pg-hnsw,100000,2,w4_acl,688,3.966875,1.0,10,,scalar_acl_exact
pg-hnsw,100000,2,w4_acl,297,2.32575,1.0,10,,scalar_acl_exact
pg-hnsw,100000,2,w4_acl,699,2.644667,1.0,10,,scalar_acl_exact
pg-hnsw,100000,2,w4_acl,969,2.507625,1.0,10,,scalar_acl_exact
pg-hnsw,100000,2,w4_acl,232,2.249458,1.0,10,,scalar_acl_exact
pg-hnsw,100000,2,w4_acl,725,2.718375,1.0,10,,scalar_acl_exact
pg-hnsw,100000,2,w4_acl,615,3.006416,1.0,10,,scalar_acl_exact
pg-hnsw,100000,2,w4_acl,537,2.513292,1.0,10,,scalar_acl_exact
pg-hnsw,100000,2,w4_acl,819,2.2315,1.0,10,,scalar_acl_exact
pg-hnsw,100000,2,w4_acl,802,3.35725,1.0,10,,scalar_acl_exact
pg-hnsw,100000,2,w4_acl,509,3.240292,1.0,10,,scalar_acl_exact
pg-hnsw,100000,2,w4_acl,918,2.636083,1.0,10,,scalar_acl_exact
pg-hnsw,100000,2,w4_acl,332,3.19475,1.0,10,,scalar_acl_exact
pg-hnsw,100000,2,w4_acl,773,2.667375,1.0,10,,scalar_acl_exact
pg-hnsw,100000,2,w4_acl,453,2.131958,1.0,10,,scalar_acl_exact
pg-hnsw,100000,2,w4_acl,982,3.117125,1.0,10,,scalar_acl_exact
pg-hnsw,100000,2,w4_acl,703,2.542791,1.0,10,,scalar_acl_exact
pg-hnsw,100000,2,w4_acl,341,2.260833,1.0,10,,scalar_acl_exact
pg-hnsw,100000,2,w4_acl,368,4.945583,1.0,10,,scalar_acl_exact
pg-hnsw,100000,2,w4_acl,252,2.812875,1.0,10,,scalar_acl_exact
pg-hnsw,100000,2,w4_acl,179,5.4735,1.0,10,,scalar_acl_exact
pg-hnsw,100000,2,w4_acl,339,2.217625,1.0,10,,scalar_acl_exact
pg-hnsw,100000,2,w4_acl,591,3.220333,1.0,10,,scalar_acl_exact
pg-hnsw,100000,2,w4_acl,612,2.562,1.0,10,,scalar_acl_exact
pg-hnsw,100000,2,w4_acl,375,2.372917,1.0,10,,scalar_acl_exact
pg-hnsw,100000,2,w4_acl,895,2.313458,1.0,10,,scalar_acl_exact
pg-hnsw,100000,2,w4_acl,195,2.101166,1.0,10,,scalar_acl_exact
pg-hnsw,100000,2,w4_acl,907,2.369875,1.0,10,,scalar_acl_exact
pg-hnsw,100000,2,w4_acl,625,2.266208,1.0,10,,scalar_acl_exact
pg-hnsw,100000,2,w4_acl,823,3.449667,1.0,10,,scalar_acl_exact
pg-hnsw,100000,2,w4_acl,552,2.507125,1.0,10,,scalar_acl_exact
pg-hnsw,100000,2,w4_acl,799,2.576125,1.0,10,,scalar_acl_exact
pg-hnsw,100000,2,w4_acl,650,3.417125,1.0,10,,scalar_acl_exact
pg-hnsw,100000,2,w4_acl,451,2.907458,1.0,10,,scalar_acl_exact
pg-hnsw,100000,2,w4_acl,367,2.3205,1.0,10,,scalar_acl_exact
pg-hnsw,100000,2,w4_acl,379,4.1515,1.0,10,,scalar_acl_exact
pg-hnsw,100000,2,w4_acl,645,7.902666,1.0,10,,scalar_acl_exact
pg-hnsw,100000,2,w4_acl,518,2.879792,1.0,10,,scalar_acl_exact
pg-hnsw,100000,2,w4_acl,662,3.922416,1.0,10,,scalar_acl_exact
pg-hnsw,100000,2,w4_acl,502,2.416417,1.0,10,,scalar_acl_exact
pg-hnsw,100000,2,w4_acl,949,4.541792,1.0,10,,scalar_acl_exact
pg-hnsw,100000,2,w4_acl,470,4.337541,1.0,10,,scalar_acl_exact
pg-hnsw,100000,2,w4_acl,785,2.429459,1.0,10,,scalar_acl_exact
pg-hnsw,100000,2,w4_acl,118,2.624333,1.0,10,,scalar_acl_exact
pg-hnsw,100000,2,w4_acl,397,2.641625,1.0,10,,scalar_acl_exact
pg-hnsw,100000,2,w4_acl,249,2.185959,1.0,10,,scalar_acl_exact
pg-hnsw,100000,2,w4_acl,343,2.21875,1.0,10,,scalar_acl_exact
pg-hnsw,100000,2,w4_acl,111,2.663708,1.0,10,,scalar_acl_exact
pg-hnsw,100000,2,w4_acl,208,2.8925,1.0,10,,scalar_acl_exact
pg-hnsw,100000,2,w4_acl,370,2.546166,1.0,10,,scalar_acl_exact
pg-hnsw,100000,2,w4_acl,257,2.774959,1.0,10,,scalar_acl_exact
pg-hnsw,100000,2,w4_acl,322,2.318875,1.0,10,,scalar_acl_exact
pg-hnsw,100000,2,w4_acl,614,2.717375,1.0,10,,scalar_acl_exact
pg-hnsw,100000,2,w4_acl,244,2.455,1.0,10,,scalar_acl_exact
pg-hnsw,100000,2,w4_acl,420,2.634833,1.0,10,,scalar_acl_exact
pg-hnsw,100000,2,w4_acl,374,2.602583,1.0,10,,scalar_acl_exact
pg-hnsw,100000,2,w4_acl,255,3.564875,1.0,10,,scalar_acl_exact
pg-hnsw,100000,2,w4_acl,450,2.400208,1.0,10,,scalar_acl_exact
pg-hnsw,100000,2,w4_acl,689,2.3585,1.0,10,,scalar_acl_exact
pg-hnsw,100000,2,w4_acl,120,2.820167,1.0,10,,scalar_acl_exact
pg-hnsw,100000,2,w4_acl,238,2.4,1.0,10,,scalar_acl_exact
pg-hnsw,100000,2,w4_acl,349,2.191833,1.0,10,,scalar_acl_exact
pg-hnsw,100000,2,w4_acl,951,3.462042,1.0,10,,scalar_acl_exact
pg-hnsw,100000,2,w4_acl,670,2.582709,1.0,10,,scalar_acl_exact
pg-hnsw,100000,2,w4_acl,686,2.408291,1.0,10,,scalar_acl_exact
pg-hnsw,100000,2,w4_acl,878,6.152833,1.0,10,,scalar_acl_exact
pg-hnsw,100000,2,w4_acl,438,2.656958,1.0,10,,scalar_acl_exact
pg-hnsw,100000,2,w4_acl,550,4.107167,1.0,10,,scalar_acl_exact
pg-hnsw,100000,2,w4_acl,860,2.708625,1.0,10,,scalar_acl_exact
pg-hnsw,100000,2,w4_acl,792,4.72675,1.0,10,,scalar_acl_exact
pg-hnsw,100000,2,w4_acl,506,2.699459,1.0,10,,scalar_acl_exact
pg-hnsw,100000,2,w4_acl,260,2.933791,1.0,10,,scalar_acl_exact
pg-hnsw,100000,2,w4_acl,189,4.104042,1.0,10,,scalar_acl_exact
pg-hnsw,100000,2,w4_acl,161,2.641917,1.0,10,,scalar_acl_exact
pg-hnsw,100000,2,w4_acl,889,4.0545,1.0,10,,scalar_acl_exact
pg-hnsw,100000,2,w4_acl,882,2.583458,1.0,10,,scalar_acl_exact
pg-hnsw,100000,2,w4_acl,643,2.047708,1.0,10,,scalar_acl_exact
pg-hnsw,100000,2,w4_acl,681,2.772834,1.0,10,,scalar_acl_exact
pg-hnsw,100000,2,w4_acl,900,3.084125,1.0,10,,scalar_acl_exact
pg-hnsw,100000,2,w4_acl,293,2.52425,1.0,10,,scalar_acl_exact
pg-hnsw,100000,2,w4_acl,914,2.556334,1.0,10,,scalar_acl_exact
pg-hnsw,100000,2,w4_acl,809,2.507709,1.0,10,,scalar_acl_exact
pg-hnsw,100000,2,w4_acl,748,2.515959,1.0,10,,scalar_acl_exact
pg-hnsw,100000,2,w4_acl,530,4.805375,1.0,10,,scalar_acl_exact
pg-hnsw,100000,2,w4_acl,965,2.592083,1.0,10,,scalar_acl_exact
pg-hnsw,100000,2,w4_acl,405,2.017417,1.0,10,,scalar_acl_exact
pg-hnsw,100000,2,w4_acl,687,6.890041,1.0,10,,scalar_acl_exact
pg-hnsw,100000,2,w4_acl,718,2.723209,1.0,10,,scalar_acl_exact
pg-hnsw,100000,2,w4_acl,310,2.762917,1.0,10,,scalar_acl_exact
pg-hnsw,100000,2,w4_acl,677,2.700416,1.0,10,,scalar_acl_exact
pg-hnsw,100000,2,w4_acl,200,2.409791,1.0,10,,scalar_acl_exact
pg-hnsw,100000,2,w4_acl,288,4.284,1.0,10,,scalar_acl_exact
pg-hnsw,100000,2,w4_acl,618,2.173166,1.0,10,,scalar_acl_exact
pg-hnsw,100000,2,w4_acl,217,2.656917,1.0,10,,scalar_acl_exact
pg-hnsw,100000,2,w4_acl,523,2.350208,1.0,10,,scalar_acl_exact
pg-hnsw,100000,2,w4_acl,520,2.356083,1.0,10,,scalar_acl_exact
pg-hnsw,100000,2,w4_acl,510,3.756459,1.0,10,,scalar_acl_exact
pg-hnsw,100000,2,w4_acl,348,2.492291,1.0,10,,scalar_acl_exact
pg-hnsw,100000,2,w4_acl,962,2.352625,1.0,10,,scalar_acl_exact
pg-hnsw,100000,2,w4_acl,471,4.567583,1.0,10,,scalar_acl_exact
pg-hnsw,100000,2,w4_acl,275,2.881084,1.0,10,,scalar_acl_exact
pg-hnsw,100000,2,w4_acl,608,2.6335,1.0,10,,scalar_acl_exact
pg-hnsw,100000,2,w4_acl,696,2.671875,1.0,10,,scalar_acl_exact
pg-hnsw,100000,2,w4_acl,859,2.35025,1.0,10,,scalar_acl_exact
pg-hnsw,100000,2,w4_acl,986,6.678709,1.0,10,,scalar_acl_exact
pg-hnsw,100000,2,w4_acl,107,2.596,1.0,10,,scalar_acl_exact
pg-hnsw,100000,2,w4_acl,603,2.717167,1.0,10,,scalar_acl_exact
pg-hnsw,100000,2,w4_acl,887,3.317542,1.0,10,,scalar_acl_exact
pg-hnsw,100000,2,w4_acl,458,2.661,1.0,10,,scalar_acl_exact
pg-hnsw,100000,2,w4_acl,121,3.039666,1.0,10,,scalar_acl_exact
pg-hnsw,100000,2,w4_acl,885,2.486125,1.0,10,,scalar_acl_exact
pg-hnsw,100000,2,w4_acl,156,2.349333,1.0,10,,scalar_acl_exact
pg-hnsw,100000,2,w4_acl,770,2.16375,1.0,10,,scalar_acl_exact
pg-hnsw,100000,2,w4_acl,875,2.17825,1.0,10,,scalar_acl_exact
pg-hnsw,100000,2,w4_acl,862,2.178292,1.0,10,,scalar_acl_exact
pg-hnsw,100000,2,w4_acl,938,2.153791,1.0,10,,scalar_acl_exact
pg-hnsw,100000,2,w4_acl,813,2.715709,1.0,10,,scalar_acl_exact
pg-hnsw,100000,2,w4_acl,316,2.06875,1.0,10,,scalar_acl_exact
pg-hnsw,100000,2,w4_acl,364,2.178916,1.0,10,,scalar_acl_exact
pg-hnsw,100000,2,w4_acl,115,2.090458,1.0,10,,scalar_acl_exact
pg-hnsw,100000,2,w4_acl,245,2.036708,1.0,10,,scalar_acl_exact
pg-hnsw,100000,2,w4_acl,961,2.10625,1.0,10,,scalar_acl_exact
pg-hnsw,100000,2,w4_acl,597,2.630333,1.0,10,,scalar_acl_exact
pg-hnsw,100000,2,w4_acl,905,2.336333,1.0,10,,scalar_acl_exact
pg-hnsw,100000,2,w4_acl,690,2.290791,1.0,10,,scalar_acl_exact
pg-hnsw,100000,2,w4_acl,279,2.120333,1.0,10,,scalar_acl_exact
pg-hnsw,100000,2,w4_acl,788,2.238208,1.0,10,,scalar_acl_exact
pg-hnsw,100000,2,w4_acl,440,2.128667,1.0,10,,scalar_acl_exact
pg-hnsw,100000,2,w4_acl,400,1.853042,1.0,10,,scalar_acl_exact
pg-hnsw,100000,2,w4_acl,647,2.339625,1.0,10,,scalar_acl_exact
pg-hnsw,100000,2,w4_acl,365,2.47625,1.0,10,,scalar_acl_exact
pg-hnsw,100000,2,w4_acl,351,2.507541,1.0,10,,scalar_acl_exact
pg-hnsw,100000,2,w4_acl,724,2.10675,1.0,10,,scalar_acl_exact
pg-hnsw,100000,2,w4_acl,421,2.212083,1.0,10,,scalar_acl_exact
pg-hnsw,100000,2,w4_acl,175,3.266208,1.0,10,,scalar_acl_exact
pg-hnsw,100000,2,w4_acl,146,2.415958,1.0,10,,scalar_acl_exact
pg-hnsw,100000,2,w4_acl,993,2.215208,1.0,10,,scalar_acl_exact
pg-hnsw,100000,2,w4_acl,974,2.01675,1.0,10,,scalar_acl_exact
pg-hnsw,100000,2,w4_acl,504,3.368083,1.0,10,,scalar_acl_exact
pg-hnsw,100000,2,w4_acl,841,2.163375,1.0,10,,scalar_acl_exact
pg-hnsw,100000,2,w4_acl,774,2.675083,1.0,10,,scalar_acl_exact
pg-hnsw,100000,2,w4_acl,425,2.4355,1.0,10,,scalar_acl_exact
pg-hnsw,100000,2,w4_acl,295,2.105208,1.0,10,,scalar_acl_exact
pg-hnsw,100000,2,w4_acl,412,2.284709,1.0,10,,scalar_acl_exact
pg-hnsw,100000,2,w4_acl,731,2.355791,1.0,10,,scalar_acl_exact
pg-hnsw,100000,2,w4_acl,461,2.1265,1.0,10,,scalar_acl_exact
pg-hnsw,100000,2,w4_acl,350,2.321792,1.0,10,,scalar_acl_exact
pg-hnsw,100000,2,w4_acl,928,2.351833,1.0,10,,scalar_acl_exact
pg-hnsw,100000,2,w4_acl,314,3.487209,1.0,10,,scalar_acl_exact
pg-hnsw,100000,2,w4_acl,595,3.845541,1.0,10,,scalar_acl_exact
pg-hnsw,100000,2,w4_acl,241,3.821292,1.0,10,,scalar_acl_exact
pg-hnsw,100000,2,w4_acl,934,2.459708,1.0,10,,scalar_acl_exact
pg-hnsw,100000,2,w4_acl,430,2.43575,1.0,10,,scalar_acl_exact
pg-hnsw,100000,2,w4_acl,546,2.249125,1.0,10,,scalar_acl_exact
pg-hnsw,100000,2,w4_acl,387,2.354833,1.0,10,,scalar_acl_exact
pg-hnsw,100000,2,w4_acl,216,2.112292,1.0,10,,scalar_acl_exact
pg-hnsw,100000,2,w4_acl,779,2.108792,1.0,10,,scalar_acl_exact
pg-hnsw,100000,2,w4_acl,640,2.301542,1.0,10,,scalar_acl_exact
pg-hnsw,100000,2,w4_acl,196,2.190084,1.0,10,,scalar_acl_exact
pg-hnsw,100000,2,w4_acl,355,2.026375,1.0,10,,scalar_acl_exact
pg-hnsw,100000,2,w4_acl,221,1.928334,1.0,10,,scalar_acl_exact
pg-hnsw,100000,2,w4_acl,130,3.009417,1.0,10,,scalar_acl_exact
pg-hnsw,100000,2,w4_acl,419,2.49425,1.0,10,,scalar_acl_exact
pg-hnsw,100000,2,w4_acl,359,2.200959,1.0,10,,scalar_acl_exact
pg-hnsw,100000,2,w4_acl,209,2.668541,1.0,10,,scalar_acl_exact
pg-hnsw,100000,2,w4_acl,952,2.270458,1.0,10,,scalar_acl_exact
pg-hnsw,100000,2,w4_acl,610,2.447667,1.0,10,,scalar_acl_exact
pg-hnsw,100000,2,w4_acl,945,2.364333,1.0,10,,scalar_acl_exact
pg-hnsw,100000,2,w4_acl,304,2.148666,1.0,10,,scalar_acl_exact
pg-hnsw,100000,2,w4_acl,123,2.1855,1.0,10,,scalar_acl_exact
pg-hnsw,100000,2,w4_acl,507,2.214875,1.0,10,,scalar_acl_exact
pg-hnsw,100000,2,w4_acl,329,2.153167,1.0,10,,scalar_acl_exact
pg-hnsw,100000,2,w4_acl,301,2.06075,1.0,10,,scalar_acl_exact
pg-hnsw,100000,2,w4_acl,344,2.291,1.0,10,,scalar_acl_exact
pg-hnsw,100000,2,w4_acl,215,2.193667,1.0,10,,scalar_acl_exact
pg-hnsw,100000,2,w4_acl,769,3.336625,1.0,10,,scalar_acl_exact
pg-hnsw,100000,2,w4_acl,883,2.044458,1.0,10,,scalar_acl_exact
pg-hnsw,100000,2,w4_acl,467,2.343667,1.0,10,,scalar_acl_exact
pg-hnsw,100000,2,w4_acl,775,1.816875,1.0,10,,scalar_acl_exact
pg-hnsw,100000,2,w4_acl,763,2.568917,1.0,10,,scalar_acl_exact
pg-hnsw,100000,2,w4_acl,256,2.079875,1.0,10,,scalar_acl_exact
pg-hnsw,100000,2,w4_acl,579,1.85925,1.0,10,,scalar_acl_exact
pg-hnsw,100000,2,w4_acl,331,2.03175,1.0,10,,scalar_acl_exact
pg-hnsw,100000,2,w4_acl,999,1.973292,1.0,10,,scalar_acl_exact
pg-hnsw,100000,2,w4_acl,818,2.002542,1.0,10,,scalar_acl_exact
pg-hnsw,100000,2,w4_acl,767,2.195834,1.0,10,,scalar_acl_exact
pg-hnsw,100000,2,w4_acl,151,2.309209,1.0,10,,scalar_acl_exact
pg-hnsw,100000,2,w4_acl,655,4.288917,1.0,10,,scalar_acl_exact
pg-hnsw,100000,2,w4_acl,392,2.429958,1.0,10,,scalar_acl_exact
pg-hnsw,100000,2,w4_acl,800,4.286083,1.0,10,,scalar_acl_exact
pg-hnsw,100000,2,w4_acl,713,4.028625,1.0,10,,scalar_acl_exact
pg-hnsw,100000,2,w4_acl,730,2.9375,1.0,10,,scalar_acl_exact
pg-hnsw,100000,2,w4_acl,191,2.204125,1.0,10,,scalar_acl_exact
pg-hnsw,100000,2,w4_acl,596,2.662,1.0,10,,scalar_acl_exact
pg-hnsw,100000,2,w4_acl,919,2.463708,1.0,10,,scalar_acl_exact
pg-hnsw,100000,2,w4_acl,954,2.455,1.0,10,,scalar_acl_exact
pg-hnsw,100000,2,w4_acl,710,2.577667,1.0,10,,scalar_acl_exact
pg-hnsw,100000,2,w4_acl,499,2.190125,1.0,10,,scalar_acl_exact
pg-hnsw,100000,2,w4_acl,727,5.792292,1.0,10,,scalar_acl_exact
pg-hnsw,100000,2,w4_acl,240,2.467875,1.0,10,,scalar_acl_exact
pg-hnsw,100000,2,w4_acl,747,7.922875,1.0,10,,scalar_acl_exact
pg-hnsw,100000,2,w4_acl,354,2.730084,1.0,10,,scalar_acl_exact
pg-hnsw,100000,2,w4_acl,873,2.85275,1.0,10,,scalar_acl_exact
pg-hnsw,100000,2,w4_acl,455,2.554917,1.0,10,,scalar_acl_exact
pg-hnsw,100000,2,w4_acl,733,2.959417,1.0,10,,scalar_acl_exact
pg-hnsw,100000,2,w4_acl,163,2.382875,1.0,10,,scalar_acl_exact
pg-hnsw,100000,2,w4_acl,653,2.052208,1.0,10,,scalar_acl_exact
pg-hnsw,100000,2,w4_acl,568,4.435125,1.0,10,,scalar_acl_exact
pg-hnsw,100000,2,w4_acl,246,4.993792,1.0,10,,scalar_acl_exact
pg-hnsw,100000,2,w4_acl,445,2.922375,1.0,10,,scalar_acl_exact
pg-hnsw,100000,2,w4_acl,811,2.677084,1.0,10,,scalar_acl_exact
pg-hnsw,100000,2,w4_acl,474,5.649917,1.0,10,,scalar_acl_exact
pg-hnsw,100000,2,w4_acl,307,2.778416,1.0,10,,scalar_acl_exact
pg-hnsw,100000,2,w4_acl,194,2.185916,1.0,10,,scalar_acl_exact
pg-hnsw,100000,2,w4_acl,173,2.757792,1.0,10,,scalar_acl_exact
pg-hnsw,100000,2,w4_acl,671,2.593583,1.0,10,,scalar_acl_exact
pg-hnsw,100000,2,w4_acl,139,5.506083,1.0,10,,scalar_acl_exact
pg-hnsw,100000,2,w4_acl,583,14.001417,1.0,10,,scalar_acl_exact
pg-hnsw,100000,2,w4_acl,134,11.721334,1.0,10,,scalar_acl_exact
pg-hnsw,100000,2,w4_acl,160,6.771333,1.0,10,,scalar_acl_exact
pg-hnsw,100000,2,w4_acl,290,6.398542,1.0,10,,scalar_acl_exact
pg-hnsw,100000,2,w4_acl,496,10.145458,1.0,10,,scalar_acl_exact
pg-hnsw,100000,2,w4_acl,416,8.337208,1.0,10,,scalar_acl_exact
pg-hnsw,100000,2,w4_acl,315,7.789375,1.0,10,,scalar_acl_exact
pg-hnsw,100000,2,w4_acl,976,6.605625,1.0,10,,scalar_acl_exact
pg-hnsw,100000,2,w4_acl,790,6.556959,1.0,10,,scalar_acl_exact
pg-hnsw,100000,2,w4_acl,698,4.045291,1.0,10,,scalar_acl_exact
pg-hnsw,100000,2,w4_acl,644,2.927958,1.0,10,,scalar_acl_exact
pg-hnsw,100000,2,w4_acl,114,2.515875,1.0,10,,scalar_acl_exact
pg-hnsw,100000,2,w4_acl,404,3.61575,1.0,10,,scalar_acl_exact
pg-hnsw,100000,2,w4_acl,656,4.441958,1.0,10,,scalar_acl_exact
pg-hnsw,100000,2,w4_acl,480,5.668791,1.0,10,,scalar_acl_exact
pg-hnsw,100000,2,w4_acl,716,4.669084,1.0,10,,scalar_acl_exact
pg-hnsw,100000,2,w4_acl,602,4.745542,1.0,10,,scalar_acl_exact
pg-hnsw,100000,2,w4_acl,319,2.6485,1.0,10,,scalar_acl_exact
pg-hnsw,100000,2,w4_acl,685,2.779958,1.0,10,,scalar_acl_exact
pg-hnsw,100000,2,w4_acl,619,2.975084,1.0,10,,scalar_acl_exact
pg-hnsw,100000,2,w4_acl,463,2.871417,1.0,10,,scalar_acl_exact
pg-hnsw,100000,2,w4_acl,920,2.6335,1.0,10,,scalar_acl_exact
pg-hnsw,100000,2,w4_acl,433,3.06,1.0,10,,scalar_acl_exact
pg-hnsw,100000,2,w4_acl,648,2.692875,1.0,10,,scalar_acl_exact
pg-hnsw,100000,2,w4_acl,484,2.504416,1.0,10,,scalar_acl_exact
pg-hnsw,100000,2,w4_acl,298,2.464584,1.0,10,,scalar_acl_exact
pg-hnsw,100000,2,w4_acl,170,2.303625,1.0,10,,scalar_acl_exact
pg-hnsw,100000,2,w4_acl,500,2.594792,1.0,10,,scalar_acl_exact
pg-hnsw,100000,2,w4_acl,639,2.545542,1.0,10,,scalar_acl_exact
pg-hnsw,100000,2,w4_acl,382,2.1695,1.0,10,,scalar_acl_exact
pg-hnsw,100000,2,w4_acl,125,2.851208,1.0,10,,scalar_acl_exact
pg-hnsw,100000,2,w4_acl,206,2.627791,1.0,10,,scalar_acl_exact
pg-hnsw,100000,2,w4_acl,417,2.762833,1.0,10,,scalar_acl_exact
pg-hnsw,100000,2,w4_acl,570,2.620291,1.0,10,,scalar_acl_exact
pg-hnsw,100000,2,w4_acl,220,2.256042,1.0,10,,scalar_acl_exact
pg-hnsw,100000,2,w4_acl,674,2.24825,1.0,10,,scalar_acl_exact
pg-hnsw,100000,2,w4_acl,140,1.536375,1.0,10,,scalar_acl_exact
pg-hnsw,100000,2,w4_acl,539,2.467042,1.0,10,,scalar_acl_exact
pg-hnsw,100000,2,w4_acl,984,2.980375,1.0,10,,scalar_acl_exact
pg-hnsw,100000,2,w4_acl,317,2.613625,1.0,10,,scalar_acl_exact
pg-hnsw,100000,2,w4_acl,931,2.900708,1.0,10,,scalar_acl_exact
pg-hnsw,100000,2,w4_acl,235,2.616625,1.0,10,,scalar_acl_exact
pg-hnsw,100000,2,w4_acl,264,2.403458,1.0,10,,scalar_acl_exact
pg-hnsw,100000,2,w4_acl,654,2.552375,1.0,10,,scalar_acl_exact
pg-hnsw,100000,2,w4_acl,604,2.793375,1.0,10,,scalar_acl_exact
pg-hnsw,100000,2,w4_acl,857,2.488292,1.0,10,,scalar_acl_exact
pg-hnsw,100000,2,w4_acl,865,2.805041,1.0,10,,scalar_acl_exact
pg-hnsw,100000,2,w4_acl,177,2.768625,1.0,10,,scalar_acl_exact
pg-hnsw,100000,2,w4_acl,921,2.431833,1.0,10,,scalar_acl_exact
pg-hnsw,100000,2,w4_acl,168,2.567708,1.0,10,,scalar_acl_exact
pg-hnsw,100000,2,w4_acl,309,2.682,1.0,10,,scalar_acl_exact
pg-hnsw,100000,2,w4_acl,752,2.315792,1.0,10,,scalar_acl_exact
pg-hnsw,100000,2,w4_acl,657,2.326208,1.0,10,,scalar_acl_exact
pg-hnsw,100000,2,w4_acl,108,2.837708,1.0,10,,scalar_acl_exact
pg-hnsw,100000,2,w4_acl,684,2.205375,1.0,10,,scalar_acl_exact
pg-hnsw,100000,2,w4_acl,906,2.437584,1.0,10,,scalar_acl_exact
pg-hnsw,100000,2,w4_acl,709,2.572208,1.0,10,,scalar_acl_exact
pg-hnsw,100000,2,w4_acl,833,2.664792,1.0,10,,scalar_acl_exact
pg-hnsw,100000,2,w4_acl,582,2.644583,1.0,10,,scalar_acl_exact
pg-hnsw,100000,2,w4_acl,521,2.533083,1.0,10,,scalar_acl_exact
pg-hnsw,100000,2,w4_acl,902,1.870667,1.0,10,,scalar_acl_exact
pg-hnsw,100000,2,w4_acl,131,2.912583,1.0,10,,scalar_acl_exact
pg-hnsw,100000,2,w4_acl,219,2.596209,1.0,10,,scalar_acl_exact
pg-hnsw,100000,2,w4_acl,924,2.198375,1.0,10,,scalar_acl_exact
pg-hnsw,100000,2,w4_acl,617,2.466125,1.0,10,,scalar_acl_exact
pg-hnsw,100000,2,w4_acl,765,2.417334,1.0,10,,scalar_acl_exact
pg-hnsw,100000,2,w4_acl,441,2.207709,1.0,10,,scalar_acl_exact
pg-hnsw,100000,2,w4_acl,253,2.890125,1.0,10,,scalar_acl_exact
pg-hnsw,100000,2,w4_acl,723,2.527959,1.0,10,,scalar_acl_exact
pg-hnsw,100000,2,w4_acl,336,2.565041,1.0,10,,scalar_acl_exact
pg-hnsw,100000,2,w4_acl,810,2.382667,1.0,10,,scalar_acl_exact
pg-hnsw,100000,2,w4_acl,941,2.810958,1.0,10,,scalar_acl_exact
pg-hnsw,100000,2,w4_acl,722,2.691167,1.0,10,,scalar_acl_exact
pg-hnsw,100000,2,w4_acl,239,2.041333,1.0,10,,scalar_acl_exact
pg-hnsw,100000,2,w4_acl,358,2.709792,1.0,10,,scalar_acl_exact
pg-hnsw,100000,2,w4_acl,391,2.513375,1.0,10,,scalar_acl_exact
pg-hnsw,100000,2,w4_acl,197,2.948625,1.0,10,,scalar_acl_exact
pg-hnsw,100000,2,w4_acl,942,2.286916,1.0,10,,scalar_acl_exact
pg-hnsw,100000,2,w4_acl,658,2.462083,1.0,10,,scalar_acl_exact
pg-hnsw,100000,2,w4_acl,258,2.028458,1.0,10,,scalar_acl_exact
pg-hnsw,100000,2,w4_acl,294,2.713875,1.0,10,,scalar_acl_exact
pg-hnsw,100000,2,w4_acl,210,2.60725,1.0,10,,scalar_acl_exact
pg-hnsw,100000,2,w4_acl,821,2.603541,1.0,10,,scalar_acl_exact
pg-hnsw,100000,2,w4_acl,911,2.517417,1.0,10,,scalar_acl_exact
pg-hnsw,100000,2,w4_acl,460,2.106375,1.0,10,,scalar_acl_exact
pg-hnsw,100000,2,w4_acl,372,2.191875,1.0,10,,scalar_acl_exact
pg-hnsw,100000,2,w4_acl,825,2.631625,1.0,10,,scalar_acl_exact
pg-hnsw,100000,2,w4_acl,884,2.438583,1.0,10,,scalar_acl_exact
pg-hnsw,100000,2,w4_acl,916,2.664459,1.0,10,,scalar_acl_exact
pg-hnsw,100000,2,w4_acl,567,2.526333,1.0,10,,scalar_acl_exact
pg-hnsw,100000,2,w4_acl,149,2.389875,1.0,10,,scalar_acl_exact
pg-hnsw,100000,2,w4_acl,326,2.30925,1.0,10,,scalar_acl_exact
pg-hnsw,100000,2,w4_acl,820,2.553208,1.0,10,,scalar_acl_exact
pg-hnsw,100000,2,w4_acl,742,2.363375,1.0,10,,scalar_acl_exact
pg-hnsw,100000,2,w4_acl,188,2.527125,1.0,10,,scalar_acl_exact
pg-hnsw,100000,2,w4_acl,971,3.147458,1.0,10,,scalar_acl_exact
pg-hnsw,100000,2,w4_acl,601,2.263,1.0,10,,scalar_acl_exact
pg-hnsw,100000,2,w4_acl,230,2.637791,1.0,10,,scalar_acl_exact
pg-hnsw,100000,2,w4_acl,667,2.577666,1.0,10,,scalar_acl_exact
pg-hnsw,100000,2,w4_acl,797,2.340667,1.0,10,,scalar_acl_exact
pg-hnsw,100000,2,w4_acl,483,2.411792,1.0,10,,scalar_acl_exact
pg-hnsw,100000,2,w4_acl,697,2.1315,1.0,10,,scalar_acl_exact
pg-hnsw,100000,2,w4_acl,442,2.607917,1.0,10,,scalar_acl_exact
pg-hnsw,100000,2,w4_acl,704,2.267125,1.0,10,,scalar_acl_exact
pg-hnsw,100000,2,w4_acl,981,2.56125,1.0,10,,scalar_acl_exact
pg-hnsw,100000,2,w4_acl,270,2.612875,1.0,10,,scalar_acl_exact
pg-hnsw,100000,2,w4_acl,620,2.581833,1.0,10,,scalar_acl_exact
